;FLAVOR:Marlin
;TIME:2210
;Filament used: 1.01306m
;Layer height: 0.2
;MINX:101.799
;MINY:79.094
;MINZ:0.2
;MAXX:133.08
;MAXY:138.866
;MAXZ:30
;TARGET_MACHINE.NAME:Creality CR-6 SE
;Generated with Cura_SteamEngine 5.9.1
M140 S60
M105
M190 S60
M104 S200
M105
M109 S200
M82 ;absolute extrusion mode
M201 X500.00 Y500.00 Z100.00 E5000.00 ;Setup machine max acceleration
M203 X500.00 Y500.00 Z10.00 E50.00 ;Setup machine max feedrate
M204 P500.00 R1000.00 T500.00 ;Setup Print/Retract/Travel acceleration
M205 X8.00 Y8.00 Z0.40 E5.00 ;Setup Jerk
M220 S100 ;Reset Feedrate
M221 S100 ;Reset Flowrate

G28 ;Home

G92 E0 ;Reset Extruder
G1 Z2.0 F3000 ;Move Z Axis up
G1 X10.1 Y20 Z0.28 F5000.0 ;Move to start position
G1 X10.1 Y200.0 Z0.28 F1500.0 E15 ;Draw the first line
G1 X10.4 Y200.0 Z0.28 F5000.0 ;Move to side a little
G1 X10.4 Y20 Z0.28 F1500.0 E30 ;Draw the second line
G92 E0 ;Reset Extruder
G1 Z2.0 F3000 ;Move Z Axis up

G92 E0
G92 E0
G1 F1500 E-6.5
;LAYER_COUNT:150
;LAYER:0
M107
G0 F6000 X119.564 Y138.729 Z0.2
;TYPE:SKIRT
G1 F1500 E0
G1 F1200 X118.642 Y138.817 E0.03081
G1 X117.808 Y138.861 E0.05858
G1 X116.835 Y138.866 E0.09095
G1 X115.867 Y138.786 E0.12325
G1 X115.021 Y138.644 E0.15178
G1 X114.205 Y138.473 E0.17951
G1 X113.33 Y138.25 E0.20955
G1 X112.346 Y137.904 E0.24424
G1 X111.557 Y137.548 E0.27303
G1 X110.767 Y137.148 E0.30248
G1 X109.921 Y136.668 E0.33483
G1 X109.15 Y136.139 E0.36593
G1 X108.498 Y135.611 E0.39383
G1 X108.063 Y135.229 E0.41309
G1 X107.597 Y134.797 E0.43422
G1 X106.906 Y134.08 E0.46734
G1 X106.337 Y133.379 E0.49737
G1 X105.703 Y132.457 E0.53459
G1 X105.342 Y131.885 E0.55709
G1 X104.871 Y131.033 E0.58947
G1 X104.48 Y130.155 E0.62143
G1 X104.266 Y129.563 E0.64237
G1 X104.004 Y128.761 E0.67043
G1 X103.745 Y127.822 E0.70283
G1 X103.57 Y126.871 E0.73499
G1 X103.489 Y126.079 E0.76147
G1 X103.45 Y125.487 E0.7812
G1 X103.43 Y124.939 E0.79944
G1 X103.379 Y121.072 E0.92807
G1 X103.27 Y118.507 E1.01346
G1 X103.094 Y116.022 E1.09632
G1 X102.847 Y113.527 E1.17971
G1 X102.527 Y111.031 E1.2634
G1 X102.096 Y108.225 E1.35783
G1 X101.989 Y107.388 E1.38589
G1 X101.918 Y106.487 E1.41595
G1 X101.915 Y105.722 E1.4414
G1 X102.004 Y102.923 E1.53454
G1 X102.011 Y100.454 E1.61666
G1 X101.945 Y97.895 E1.7018
G1 X101.806 Y95.299 E1.78827
G1 X101.799 Y94.333 E1.8204
G1 X101.851 Y93.586 E1.8453
G1 X101.973 Y92.495 E1.88181
G1 X102.041 Y92.01 E1.8981
G1 X102.22 Y91.052 E1.93052
G1 X102.477 Y90.128 E1.96242
G1 X102.67 Y89.586 E1.98155
G1 X102.947 Y88.871 E2.00706
G1 X103.26 Y88.118 E2.03418
G1 X103.679 Y87.239 E2.06657
G1 X104.152 Y86.437 E2.09753
G1 X104.492 Y85.944 E2.11745
G1 X104.914 Y85.365 E2.14128
G1 X105.424 Y84.701 E2.16913
G1 X106.056 Y83.961 E2.2015
G1 X106.7 Y83.327 E2.23155
G1 X107.18 Y82.915 E2.25259
G1 X108.035 Y82.231 E2.28901
G1 X108.436 Y81.929 E2.30571
G1 X109.239 Y81.382 E2.33802
G1 X110.077 Y80.91 E2.37001
G1 X110.568 Y80.678 E2.38807
G1 X111.296 Y80.355 E2.41456
G1 X112.043 Y80.048 E2.44143
G1 X112.961 Y79.726 E2.47378
G1 X113.863 Y79.495 E2.50475
G1 X114.421 Y79.392 E2.52362
G1 X115.473 Y79.23 E2.55903
G1 X115.972 Y79.168 E2.57575
G1 X116.942 Y79.094 E2.60811
G1 X117.901 Y79.103 E2.64
G1 X118.445 Y79.146 E2.65815
G1 X119.638 Y79.276 E2.69807
G1 X120.068 Y79.336 E2.71251
G1 X121.024 Y79.513 E2.74485
G1 X121.921 Y79.761 E2.7758
G1 X122.421 Y79.936 E2.79342
G1 X123.043 Y80.178 E2.81562
G1 X123.9 Y80.536 E2.84651
G1 X124.717 Y80.921 E2.87655
G1 X125.606 Y81.44 E2.91079
G1 X126.104 Y81.782 E2.93088
G1 X126.719 Y82.232 E2.95623
G1 X127.349 Y82.715 E2.98263
G1 X128.088 Y83.347 E3.01497
G1 X128.722 Y83.99 E3.045
G1 X129.128 Y84.464 E3.06576
G1 X129.619 Y85.071 E3.09173
G1 X130.123 Y85.73 E3.11932
G1 X130.654 Y86.505 E3.15057
G1 X131.128 Y87.347 E3.18271
G1 X131.381 Y87.88 E3.20233
G1 X131.818 Y88.878 E3.23857
G1 X131.996 Y89.316 E3.25429
G1 X132.319 Y90.234 E3.28666
G1 X132.557 Y91.162 E3.31852
G1 X132.659 Y91.716 E3.33726
G1 X132.822 Y92.781 E3.37309
G1 X132.889 Y93.322 E3.39123
G1 X132.961 Y94.222 E3.42126
G1 X132.964 Y94.992 E3.44687
G1 X132.877 Y97.758 E3.53891
G1 X132.868 Y100.261 E3.62216
G1 X132.934 Y102.81 E3.70697
G1 X133.073 Y105.415 E3.79373
G1 X133.08 Y106.381 E3.82586
G1 X133.028 Y107.12 E3.8505
G1 X132.946 Y107.898 E3.87652
G1 X132.886 Y108.37 E3.89235
G1 X132.419 Y111.466 E3.99649
G1 X132.105 Y113.994 E4.08122
G1 X131.864 Y116.513 E4.16538
G1 X131.699 Y118.988 E4.24788
G1 X131.602 Y121.52 E4.33216
G1 X131.575 Y124.075 E4.41714
G1 X131.579 Y125.009 E4.44821
G1 X131.543 Y125.912 E4.47827
G1 X131.351 Y127.254 E4.52336
G1 X131.182 Y128.068 E4.55101
G1 X130.935 Y129.028 E4.58398
G1 X130.637 Y129.88 E4.614
G1 X130.228 Y130.787 E4.64709
G1 X129.846 Y131.539 E4.67514
G1 X129.365 Y132.386 E4.70754
G1 X128.813 Y133.185 E4.73984
G1 X128.24 Y133.882 E4.76985
G1 X127.678 Y134.507 E4.79781
G1 X126.994 Y135.201 E4.83022
G1 X126.254 Y135.828 E4.86247
G1 X125.535 Y136.343 E4.89189
G1 X124.831 Y136.802 E4.91984
G1 X123.991 Y137.297 E4.95227
G1 X123.111 Y137.715 E4.98467
G1 X122.267 Y138.03 E5.01464
G1 X121.459 Y138.294 E5.04291
G1 X120.521 Y138.554 E5.07528
G1 X119.564 Y138.729 E5.10764
G0 F6000 X119.526 Y138.331
G1 F1200 X118.621 Y138.418 E5.13788
G1 X117.805 Y138.461 E5.16506
G1 X116.867 Y138.467 E5.19626
G1 X115.933 Y138.391 E5.22743
G1 X115.103 Y138.252 E5.25542
G1 X114.304 Y138.085 E5.28256
G1 X113.429 Y137.862 E5.3126
G1 X112.511 Y137.539 E5.34497
G1 X111.722 Y137.183 E5.37376
G1 X110.964 Y136.8 E5.402
G1 X110.147 Y136.338 E5.43322
G1 X109.402 Y135.828 E5.46325
G1 X108.762 Y135.31 E5.49063
G1 X108.335 Y134.935 E5.50953
G1 X107.885 Y134.519 E5.52992
G1 X107.217 Y133.828 E5.56188
G1 X106.648 Y133.127 E5.59191
G1 X106.041 Y132.243 E5.62758
G1 X105.692 Y131.691 E5.6493
G1 X105.236 Y130.87 E5.68054
G1 X104.856 Y130.019 E5.71153
G1 X104.646 Y129.439 E5.73205
G1 X104.389 Y128.654 E5.75952
G1 X104.138 Y127.749 E5.79076
G1 X103.968 Y126.83 E5.82184
G1 X103.888 Y126.053 E5.84782
G1 X103.85 Y125.472 E5.86719
G1 X103.83 Y124.934 E5.8851
G1 X103.779 Y121.055 E6.01412
G1 X103.67 Y118.49 E6.09951
G1 X103.493 Y115.994 E6.18274
G1 X103.244 Y113.476 E6.2669
G1 X102.924 Y110.98 E6.35059
G1 X102.493 Y108.174 E6.44501
G1 X102.388 Y107.357 E6.47241
G1 X102.317 Y106.456 E6.50247
G1 X102.315 Y105.735 E6.52645
G1 X102.404 Y102.936 E6.61959
G1 X102.411 Y100.455 E6.70211
G1 X102.345 Y97.885 E6.78762
G1 X102.206 Y95.296 E6.87385
G1 X102.198 Y94.361 E6.90495
G1 X102.249 Y93.63 E6.92933
G1 X102.369 Y92.55 E6.96547
G1 X102.434 Y92.083 E6.98115
G1 X102.605 Y91.159 E7.0124
G1 X102.854 Y90.262 E7.04337
G1 X103.043 Y89.73 E7.06215
G1 X103.316 Y89.024 E7.08732
G1 X103.621 Y88.29 E7.11376
G1 X104.024 Y87.442 E7.14499
G1 X104.482 Y86.664 E7.17501
G1 X104.815 Y86.18 E7.19455
G1 X105.231 Y85.609 E7.21805
G1 X105.729 Y84.96 E7.24526
G1 X106.337 Y84.246 E7.27645
G1 X106.981 Y83.612 E7.30651
G1 X107.43 Y83.227 E7.32618
G1 X108.276 Y82.55 E7.36222
G1 X108.662 Y82.259 E7.3783
G1 X109.436 Y81.73 E7.40948
G1 X110.248 Y81.272 E7.44048
G1 X110.73 Y81.044 E7.45822
G1 X111.448 Y80.725 E7.48435
G1 X112.176 Y80.425 E7.51054
G1 X113.061 Y80.113 E7.54175
G1 X113.936 Y79.888 E7.5718
G1 X114.482 Y79.787 E7.59027
G1 X115.523 Y79.627 E7.6253
G1 X116.003 Y79.567 E7.64139
G1 X116.939 Y79.494 E7.67261
G1 X117.87 Y79.502 E7.70358
G1 X118.402 Y79.544 E7.72133
G1 X119.583 Y79.672 E7.76084
G1 X119.995 Y79.729 E7.77467
G1 X120.917 Y79.899 E7.80586
G1 X121.814 Y80.147 E7.83681
G1 X122.276 Y80.309 E7.85309
G1 X122.889 Y80.547 E7.87496
G1 X123.729 Y80.898 E7.90524
G1 X124.546 Y81.283 E7.93528
G1 X125.38 Y81.77 E7.9674
G1 X125.868 Y82.105 E7.98709
G1 X126.476 Y82.549 E8.01213
G1 X127.089 Y83.019 E8.03782
G1 X127.803 Y83.628 E8.06904
G1 X128.437 Y84.271 E8.09907
G1 X128.817 Y84.716 E8.11853
G1 X129.301 Y85.314 E8.14412
G1 X129.793 Y85.957 E8.17105
G1 X130.305 Y86.701 E8.20109
G1 X130.779 Y87.543 E8.23323
G1 X131.015 Y88.04 E8.25153
G1 X131.448 Y89.029 E8.28743
G1 X131.619 Y89.449 E8.30252
G1 X131.932 Y90.334 E8.33374
G1 X132.164 Y91.235 E8.36468
G1 X132.264 Y91.776 E8.38298
G1 X132.425 Y92.83 E8.41845
G1 X132.49 Y93.354 E8.43601
G1 X132.562 Y94.254 E8.46604
G1 X132.564 Y94.979 E8.49015
G1 X132.477 Y97.745 E8.58219
G1 X132.468 Y100.26 E8.66584
G1 X132.534 Y102.82 E8.75102
G1 X132.673 Y105.418 E8.83755
G1 X132.681 Y106.353 E8.86865
G1 X132.63 Y107.078 E8.89282
G1 X132.549 Y107.847 E8.91854
G1 X132.49 Y108.31 E8.93407
G1 X132.023 Y111.406 E9.0382
G1 X131.708 Y113.945 E9.1233
G1 X131.466 Y116.475 E9.20783
G1 X131.299 Y118.973 E9.2911
G1 X131.202 Y121.505 E9.37538
G1 X131.175 Y124.071 E9.46073
G1 X131.179 Y124.993 E9.49139
G1 X131.143 Y125.896 E9.52145
G1 X130.959 Y127.173 E9.56436
G1 X130.79 Y127.987 E9.59201
G1 X130.557 Y128.896 E9.62323
G1 X130.259 Y129.748 E9.65325
G1 X129.871 Y130.606 E9.68457
G1 X129.498 Y131.342 E9.71201
G1 X129.036 Y132.159 E9.74323
G1 X128.504 Y132.931 E9.77441
G1 X127.942 Y133.615 E9.80385
G1 X127.393 Y134.227 E9.8312
G1 X126.735 Y134.896 E9.86241
G1 X126.021 Y135.503 E9.89358
G1 X125.316 Y136.008 E9.92242
G1 X124.627 Y136.458 E9.94979
G1 X123.819 Y136.936 E9.98102
G1 X122.971 Y137.34 E10.01226
G1 X122.143 Y137.65 E10.04167
G1 X121.352 Y137.909 E10.06935
G1 X120.448 Y138.161 E10.10056
G1 X119.526 Y138.331 E10.13175
G0 F6000 X119.487 Y137.933
G1 F1200 X118.6 Y138.019 E10.16139
G1 X117.802 Y138.061 E10.18796
G1 X116.899 Y138.068 E10.218
G1 X115.999 Y137.996 E10.24803
G1 X115.185 Y137.86 E10.27548
G1 X114.403 Y137.697 E10.30205
G1 X113.528 Y137.474 E10.33208
G1 X112.676 Y137.174 E10.36212
G1 X111.887 Y136.818 E10.39091
G1 X111.16 Y136.451 E10.418
G1 X110.373 Y136.008 E10.44804
G1 X109.628 Y135.498 E10.47806
G1 X109.026 Y135.009 E10.50386
G1 X108.607 Y134.641 E10.52241
G1 X108.157 Y134.225 E10.54279
G1 X107.528 Y133.576 E10.57285
G1 X106.959 Y132.875 E10.60288
G1 X106.379 Y132.029 E10.637
G1 X106.041 Y131.496 E10.65799
G1 X105.601 Y130.707 E10.68804
G1 X105.232 Y129.883 E10.71806
G1 X105.026 Y129.314 E10.73819
G1 X104.774 Y128.546 E10.76507
G1 X104.531 Y127.676 E10.79512
G1 X104.366 Y126.789 E10.82513
G1 X104.287 Y126.027 E10.85061
G1 X104.25 Y125.457 E10.8696
G1 X104.23 Y124.929 E10.88718
G1 X104.179 Y121.038 E11.0166
G1 X104.07 Y118.473 E11.10199
G1 X103.892 Y115.966 E11.18559
G1 X103.641 Y113.425 E11.27051
G1 X103.321 Y110.929 E11.35421
G1 X102.89 Y108.123 E11.44863
G1 X102.787 Y107.326 E11.47536
G1 X102.716 Y106.425 E11.50542
G1 X102.715 Y105.748 E11.52794
G1 X102.804 Y102.949 E11.62108
G1 X102.811 Y100.456 E11.704
G1 X102.745 Y97.875 E11.78987
G1 X102.606 Y95.292 E11.87591
G1 X102.597 Y94.389 E11.90594
G1 X102.647 Y93.674 E11.92978
G1 X102.765 Y92.605 E11.96555
G1 X102.827 Y92.155 E11.98066
G1 X102.99 Y91.266 E12.01072
G1 X103.231 Y90.396 E12.04075
G1 X103.416 Y89.874 E12.05917
G1 X103.685 Y89.177 E12.08402
G1 X103.982 Y88.461 E12.1098
G1 X104.369 Y87.645 E12.13984
G1 X104.827 Y86.867 E12.16986
G1 X105.138 Y86.416 E12.18808
G1 X105.549 Y85.852 E12.21129
G1 X106.034 Y85.219 E12.23782
G1 X106.618 Y84.531 E12.26783
G1 X107.262 Y83.897 E12.29789
G1 X107.68 Y83.539 E12.3162
G1 X108.517 Y82.869 E12.35185
G1 X108.888 Y82.589 E12.36731
G1 X109.633 Y82.078 E12.39736
G1 X110.419 Y81.634 E12.42739
G1 X110.892 Y81.41 E12.44479
G1 X111.601 Y81.095 E12.4706
G1 X112.31 Y80.802 E12.49611
G1 X113.161 Y80.5 E12.52615
G1 X114.036 Y80.275 E12.5562
G1 X114.543 Y80.182 E12.57334
G1 X115.573 Y80.024 E12.608
G1 X116.035 Y79.966 E12.62349
G1 X116.936 Y79.894 E12.65355
G1 X117.839 Y79.901 E12.68358
G1 X118.359 Y79.942 E12.70093
G1 X119.529 Y80.068 E12.74007
G1 X119.923 Y80.122 E12.7533
G1 X120.811 Y80.285 E12.78333
G1 X121.682 Y80.525 E12.81338
G1 X122.131 Y80.682 E12.8292
G1 X122.735 Y80.916 E12.85074
G1 X123.558 Y81.26 E12.88041
G1 X124.375 Y81.645 E12.91045
G1 X125.154 Y82.1 E12.94045
G1 X125.632 Y82.428 E12.95974
G1 X126.233 Y82.866 E12.98447
G1 X126.83 Y83.324 E13.0095
G1 X127.518 Y83.909 E13.03953
G1 X128.152 Y84.552 E13.06957
G1 X128.506 Y84.967 E13.08771
G1 X128.983 Y85.557 E13.11294
G1 X129.463 Y86.184 E13.13921
G1 X129.975 Y86.928 E13.16925
G1 X130.418 Y87.714 E13.19926
G1 X130.649 Y88.201 E13.21718
G1 X131.078 Y89.18 E13.25273
G1 X131.242 Y89.583 E13.26721
G1 X131.545 Y90.434 E13.29725
G1 X131.771 Y91.308 E13.32728
G1 X131.869 Y91.836 E13.34514
G1 X132.028 Y92.879 E13.38023
G1 X132.091 Y93.386 E13.39722
G1 X132.163 Y94.286 E13.42725
G1 X132.164 Y94.966 E13.44987
G1 X132.077 Y97.732 E13.54191
G1 X132.068 Y100.259 E13.62596
G1 X132.134 Y102.83 E13.7115
G1 X132.273 Y105.422 E13.79783
G1 X132.282 Y106.325 E13.82787
G1 X132.232 Y107.036 E13.85158
G1 X132.152 Y107.796 E13.87699
G1 X132.094 Y108.25 E13.89222
G1 X131.627 Y111.346 E13.99635
G1 X131.311 Y113.896 E14.08182
G1 X131.068 Y116.437 E14.16672
G1 X130.899 Y118.958 E14.25075
G1 X130.802 Y121.49 E14.33503
G1 X130.775 Y124.067 E14.42074
G1 X130.779 Y124.977 E14.45101
G1 X130.743 Y125.88 E14.48107
G1 X130.567 Y127.092 E14.5218
G1 X130.402 Y127.888 E14.54884
G1 X130.179 Y128.764 E14.57891
G1 X129.881 Y129.616 E14.60893
G1 X129.514 Y130.425 E14.63847
G1 X129.149 Y131.146 E14.66535
G1 X128.706 Y131.933 E14.69539
G1 X128.195 Y132.677 E14.72541
G1 X127.644 Y133.348 E14.75429
G1 X127.107 Y133.947 E14.78105
G1 X126.475 Y134.592 E14.81108
G1 X125.788 Y135.178 E14.84111
G1 X125.097 Y135.673 E14.86938
G1 X124.423 Y136.114 E14.89617
G1 X123.646 Y136.575 E14.92622
G1 X122.831 Y136.965 E14.95627
G1 X122.018 Y137.27 E14.98515
G1 X121.244 Y137.524 E15.01225
G1 X120.375 Y137.768 E15.04227
G1 X119.487 Y137.933 E15.07231
G1 F1500 E8.57231
;MESH:dubelHinge.stl(1)
G0 F6000 X121.256 Y125.114
G0 X122.769 Y106.005
G0 X122.58 Y104.642
G0 X122.045 Y103.375
G0 X121.199 Y102.29
G0 X120.312 Y101.62
G0 X117.557 Y99.921
G0 X117.407 Y98.666
;TYPE:WALL-INNER
G1 F1500 E15.07231
G1 F1200 X118.438 Y98.52 E15.10694
G1 X119.401 Y98.114 E15.1417
G1 X120.22 Y97.475 E15.17625
G1 X120.849 Y96.641 E15.211
G1 X121.242 Y95.674 E15.24571
G1 X121.374 Y94.637 E15.28048
G1 X121.228 Y93.61 E15.31498
G1 X120.821 Y92.646 E15.34979
G1 X120.187 Y91.828 E15.38421
G1 X119.349 Y91.199 E15.41906
G1 X118.386 Y90.806 E15.45365
G1 X117.349 Y90.674 E15.48842
G1 X116.318 Y90.82 E15.52306
G1 X115.351 Y91.226 E15.55794
G1 X114.536 Y91.865 E15.59238
G1 X113.906 Y92.7 E15.62717
G1 X113.51 Y93.666 E15.6619
G1 X113.382 Y94.702 E15.69662
G1 X113.528 Y95.73 E15.73115
G1 X113.935 Y96.694 E15.76596
G1 X114.569 Y97.512 E15.80038
G1 X115.407 Y98.141 E15.83523
G1 X116.37 Y98.534 E15.86982
G1 X117.382 Y98.663 E15.90375
G1 X117.407 Y98.666 E15.90459
G0 F6000 X117.41 Y99.07
;TYPE:WALL-OUTER
G1 F1200 X118.546 Y98.909 E15.94275
G1 X119.605 Y98.462 E15.98098
G1 X120.508 Y97.758 E16.01907
G1 X121.2 Y96.84 E16.0573
G1 X121.632 Y95.776 E16.0955
G1 X121.778 Y94.634 E16.13379
G1 X121.617 Y93.502 E16.17182
G1 X121.169 Y92.442 E16.21009
G1 X120.47 Y91.54 E16.24805
G1 X119.548 Y90.848 E16.28639
G1 X118.488 Y90.416 E16.32446
G1 X117.346 Y90.27 E16.36275
G1 X116.21 Y90.431 E16.40091
G1 X115.147 Y90.878 E16.43927
G1 X114.248 Y91.582 E16.47725
G1 X113.556 Y92.5 E16.51548
G1 X113.12 Y93.564 E16.55373
G1 X112.978 Y94.706 E16.592
G1 X113.139 Y95.838 E16.63003
G1 X113.587 Y96.898 E16.66831
G1 X114.286 Y97.8 E16.70626
G1 X115.208 Y98.492 E16.7446
G1 X116.268 Y98.924 E16.78268
G1 X117.383 Y99.067 E16.82006
G1 X117.41 Y99.07 E16.82097
G0 F6000 X117.41 Y98.302
;TYPE:SKIN
G1 F1200 X117.382 Y98.298 E16.82191
G1 X116.46 Y98.18 E16.85283
G1 X115.584 Y97.824 E16.88428
G1 X114.822 Y97.252 E16.91597
G1 X114.247 Y96.51 E16.94719
G1 X113.875 Y95.63 E16.97896
G1 X113.742 Y94.698 E17.01028
G1 X113.86 Y93.76 E17.04172
G1 X114.224 Y92.876 E17.07352
G1 X114.793 Y92.118 E17.10504
G1 X115.535 Y91.538 E17.13637
G1 X116.414 Y91.167 E17.1681
G1 X117.346 Y91.034 E17.19941
G1 X118.296 Y91.156 E17.23127
G1 X119.168 Y91.516 E17.26264
G1 X119.93 Y92.085 E17.29427
G1 X120.505 Y92.826 E17.32547
G1 X120.877 Y93.706 E17.35725
G1 X121.01 Y94.634 E17.38843
G1 X120.888 Y95.584 E17.42028
G1 X120.528 Y96.46 E17.45178
G1 X119.959 Y97.218 E17.48331
G1 X119.217 Y97.798 E17.51463
G1 X118.338 Y98.169 E17.54637
G1 X117.41 Y98.302 E17.57755
G0 F6000 X117.377 Y98.56
G0 X116.83 Y98.456
G0 X115.621 Y98.12
G0 X115.795 Y97.693
G1 F1200 X114.355 Y96.253 E17.64528
G0 F6000 X114.04 Y95.372
G1 F1200 X116.673 Y98.006 E17.76915
G0 F6000 X117.322 Y98.088
G1 F1200 X113.946 Y94.713 E17.92792
G0 F6000 X114.005 Y94.206
G1 F1200 X117.837 Y98.038 E18.10817
G0 F6000 X118.322 Y97.958
G1 F1200 X114.09 Y93.725 E18.30725
G0 F6000 X114.254 Y93.324
G1 F1200 X118.72 Y97.79 E18.51732
G0 F6000 X119.118 Y97.622
G1 F1200 X114.43 Y92.934 E18.73783
G0 F6000 X114.672 Y92.61
G1 F1200 X119.435 Y97.374 E18.96189
G0 F6000 X119.753 Y97.125
G1 F1200 X114.915 Y92.288 E19.18943
G0 F6000 X115.227 Y92.033
G1 F1200 X120.01 Y96.817 E19.41443
G0 F6000 X120.253 Y96.494
G1 F1200 X115.544 Y91.785 E19.63593
G0 F6000 X115.918 Y91.594
G1 F1200 X120.449 Y96.125 E19.84905
G0 F6000 X120.615 Y95.725
G1 F1200 X116.316 Y91.425 E20.05129
G0 F6000 X116.774 Y91.318
G1 F1200 X120.727 Y95.271 E20.23723
G0 F6000 X120.791 Y94.769
G1 F1200 X117.269 Y91.247 E20.40289
G0 F6000 X117.894 Y91.307
G1 F1200 X120.739 Y94.152 E20.53671
G0 F6000 X120.514 Y93.361
G1 F1200 X118.688 Y91.535 E20.6226
G1 F1500 E14.1226
;MESH:dubelHinge.stl
G0 F6000 X118.862 Y91.109
G0 X119.269 Y91.34
G0 X120.073 Y91.943
G0 X120.681 Y92.728
G0 X121.072 Y93.654
G0 X121.211 Y94.638
G0 X121.085 Y95.633
G0 X120.707 Y96.56
G0 X120.104 Y97.362
G0 X119.398 Y97.913
G0 X117.407 Y98.838
G0 X117.557 Y99.921
G0 X117.605 Y100.791
G0 X117.527 Y110.038
;TYPE:WALL-INNER
G1 F1500 E20.6226
G1 F1200 X118.558 Y109.892 E20.65723
G1 X119.525 Y109.485 E20.69213
G1 X120.344 Y108.847 E20.72666
G1 X120.973 Y108.013 E20.7614
G1 X121.366 Y107.047 E20.79609
G1 X121.494 Y106.01 E20.83084
G1 X121.348 Y104.982 E20.86538
G1 X120.941 Y104.018 E20.90018
G1 X120.306 Y103.199 E20.93465
G1 X119.473 Y102.571 E20.96934
G1 X118.506 Y102.178 E21.00406
G1 X117.469 Y102.046 E21.03883
G1 X116.438 Y102.192 E21.07346
G1 X115.475 Y102.598 E21.10822
G1 X114.656 Y103.237 E21.14277
G1 X114.027 Y104.071 E21.17752
G1 X113.634 Y105.038 E21.21224
G1 X113.502 Y106.075 E21.247
G1 X113.648 Y107.102 E21.28151
G1 X114.054 Y108.065 E21.31627
G1 X114.693 Y108.884 E21.35082
G1 X115.528 Y109.513 E21.38559
G1 X116.49 Y109.906 E21.42015
G1 X117.5 Y110.035 E21.45401
G1 X117.527 Y110.038 E21.45492
G0 F6000 X117.53 Y110.442
;TYPE:WALL-OUTER
G1 F1200 X118.666 Y110.281 E21.49308
G1 X119.729 Y109.833 E21.53145
G1 X120.632 Y109.13 E21.56951
G1 X121.324 Y108.212 E21.60774
G1 X121.756 Y107.149 E21.64591
G1 X121.898 Y106.006 E21.68422
G1 X121.737 Y104.874 E21.72225
G1 X121.289 Y103.814 E21.76052
G1 X120.59 Y102.912 E21.79848
G1 X119.672 Y102.22 E21.83671
G1 X118.608 Y101.788 E21.87491
G1 X117.466 Y101.642 E21.9132
G1 X116.33 Y101.803 E21.95136
G1 X115.271 Y102.25 E21.98959
G1 X114.368 Y102.954 E22.02767
G1 X113.676 Y103.872 E22.06591
G1 X113.244 Y104.936 E22.1041
G1 X113.098 Y106.078 E22.1424
G1 X113.259 Y107.21 E22.18043
G1 X113.706 Y108.269 E22.21866
G1 X114.41 Y109.172 E22.25674
G1 X115.328 Y109.864 E22.29498
G1 X116.388 Y110.296 E22.33305
G1 X117.5 Y110.438 E22.37033
G1 X117.53 Y110.442 E22.37134
G0 F6000 X117.53 Y109.674
;TYPE:SKIN
G1 F1200 X117.5 Y109.67 E22.37235
G1 X116.58 Y109.552 E22.4032
G1 X115.704 Y109.192 E22.4347
G1 X114.946 Y108.623 E22.46622
G1 X114.366 Y107.881 E22.49755
G1 X113.995 Y107.002 E22.52928
G1 X113.862 Y106.078 E22.56033
G1 X113.984 Y105.128 E22.59218
G1 X114.344 Y104.248 E22.62381
G1 X114.916 Y103.49 E22.65539
G1 X115.659 Y102.91 E22.68674
G1 X116.535 Y102.539 E22.71838
G1 X117.466 Y102.406 E22.74966
G1 X118.412 Y102.528 E22.78139
G1 X119.292 Y102.888 E22.81301
G1 X120.05 Y103.456 E22.84451
G1 X120.625 Y104.198 E22.87574
G1 X120.997 Y105.078 E22.90751
G1 X121.13 Y106.006 E22.93869
G1 X121.012 Y106.953 E22.97043
G1 X120.656 Y107.832 E23.00198
G1 X120.084 Y108.59 E23.03356
G1 X119.341 Y109.169 E23.06489
G1 X118.458 Y109.541 E23.09676
G1 X117.53 Y109.674 E23.12794
G0 F6000 X117.497 Y109.932
G0 X116.716 Y109.784
G0 X115.527 Y109.386
G0 X115.806 Y109.017
G1 F1200 X114.52 Y107.732 E23.18841
G0 F6000 X114.169 Y106.816
G1 F1200 X116.722 Y109.368 E23.30847
G0 F6000 X117.371 Y109.452
G1 F1200 X114.075 Y106.155 E23.46353
G0 F6000 X114.12 Y105.635
G1 F1200 X117.904 Y109.418 E23.64149
G0 F6000 X118.399 Y109.348
G1 F1200 X114.194 Y105.143 E23.83928
G0 F6000 X114.358 Y104.741
G1 F1200 X118.797 Y109.181 E24.0481
G0 F6000 X119.196 Y109.013
G1 F1200 X114.523 Y104.341 E24.26788
G0 F6000 X114.767 Y104.019
G1 F1200 X119.522 Y108.774 E24.49154
G0 F6000 X119.84 Y108.526
G1 F1200 X115.01 Y103.697 E24.71871
G0 F6000 X115.314 Y103.434
G1 F1200 X120.107 Y108.228 E24.94418
G0 F6000 X120.35 Y107.905
G1 F1200 X115.631 Y103.186 E25.16614
G0 F6000 X115.996 Y102.985
G1 F1200 X120.557 Y107.546 E25.38068
G0 F6000 X120.72 Y107.144
G1 F1200 X116.393 Y102.816 E25.58423
G0 F6000 X116.839 Y102.697
G1 F1200 X120.842 Y106.7 E25.77252
G0 F6000 X120.905 Y106.197
G1 F1200 X117.335 Y102.627 E25.94044
G0 F6000 X117.943 Y102.67
G1 F1200 X120.869 Y105.596 E26.07807
G0 F6000 X120.68 Y104.841
G1 F1200 X118.701 Y102.862 E26.17116
G1 F1500 E19.67116
;MESH:dubelUpper.stl(1)
G0 F6000 X118.874 Y102.437
G0 X119.392 Y102.712
G0 X120.193 Y103.315
G0 X120.801 Y104.1
G0 X121.192 Y105.026
G0 X121.331 Y106.012
G0 X121.208 Y107.006
G0 X120.832 Y107.932
G0 X120.228 Y108.733
G0 X119.522 Y109.284
G0 X117.528 Y110.21
G0 X117.661 Y112.959
G0 X117.5 Y118.106
;TYPE:WALL-INNER
G1 F1500 E26.17116
G1 F1200 X117.938 Y118.083 E26.18575
G1 X118.559 Y117.887 E26.20741
G1 X119.109 Y117.537 E26.22909
G1 X119.542 Y117.059 E26.25054
G1 X119.847 Y116.47 E26.2726
G1 X119.985 Y115.845 E26.29389
G1 X119.949 Y115.189 E26.31574
G1 X119.755 Y114.569 E26.33735
G1 X119.405 Y114.019 E26.35903
G1 X118.927 Y113.586 E26.38048
G1 X118.338 Y113.282 E26.40253
G1 X117.713 Y113.144 E26.42382
G1 X117.056 Y113.176 E26.44569
G1 X116.44 Y113.373 E26.4672
G1 X115.886 Y113.724 E26.48902
G1 X115.454 Y114.201 E26.51042
G1 X115.15 Y114.79 E26.53247
G1 X115.012 Y115.415 E26.55376
G1 X115.044 Y116.072 E26.57563
G1 X115.24 Y116.69 E26.5972
G1 X115.595 Y117.241 E26.619
G1 X116.07 Y117.675 E26.6404
G1 X116.658 Y117.979 E26.66241
G1 X117.287 Y118.117 E26.68383
G1 X117.5 Y118.106 E26.69093
G0 F6000 X117.5 Y118.507
;TYPE:WALL-OUTER
G1 F1200 X118.011 Y118.481 E26.70794
G1 X118.73 Y118.253 E26.73303
G1 X119.369 Y117.845 E26.75825
G1 X119.874 Y117.289 E26.78323
G1 X120.226 Y116.607 E26.80876
G1 X120.387 Y115.879 E26.83356
G1 X120.348 Y115.117 E26.85893
G1 X120.121 Y114.398 E26.88401
G1 X119.713 Y113.759 E26.90923
G1 X119.157 Y113.254 E26.93421
G1 X118.475 Y112.902 E26.95973
G1 X117.747 Y112.742 E26.98453
G1 X116.984 Y112.779 E27.00993
G1 X116.27 Y113.007 E27.03486
G1 X115.626 Y113.415 E27.06022
G1 X115.122 Y113.971 E27.08518
G1 X114.77 Y114.653 E27.1107
G1 X114.61 Y115.381 E27.1355
G1 X114.647 Y116.144 E27.1609
G1 X114.875 Y116.862 E27.18596
G1 X115.287 Y117.501 E27.21125
G1 X115.84 Y118.006 E27.23616
G1 X116.521 Y118.358 E27.26165
G1 X117.253 Y118.519 E27.28658
G1 X117.5 Y118.507 E27.29481
G0 F6000 X117.5 Y117.743
;TYPE:SKIN
G1 F1200 X117.312 Y117.754 E27.30107
G1 X116.778 Y117.638 E27.31924
G1 X116.28 Y117.374 E27.33799
G1 X115.871 Y117.005 E27.35631
G1 X115.567 Y116.53 E27.37507
G1 X115.399 Y116.008 E27.39331
G1 X115.374 Y115.442 E27.41215
G1 X115.49 Y114.916 E27.43007
G1 X115.75 Y114.404 E27.44917
G1 X116.122 Y113.999 E27.46746
G1 X116.59 Y113.699 E27.48595
G1 X117.116 Y113.531 E27.50431
G1 X117.682 Y113.505 E27.52316
G1 X118.211 Y113.622 E27.54118
G1 X118.721 Y113.882 E27.56022
G1 X119.125 Y114.251 E27.57841
G1 X119.424 Y114.717 E27.59683
G1 X119.589 Y115.252 E27.61545
G1 X119.622 Y115.815 E27.63421
G1 X119.506 Y116.338 E27.65203
G1 X119.238 Y116.853 E27.67134
G1 X118.873 Y117.258 E27.68947
G1 X118.399 Y117.56 E27.70816
G1 X117.88 Y117.721 E27.72624
G1 X117.5 Y117.743 E27.7389
G0 F6000 X117.513 Y118.005
G0 X116.713 Y117.826
G0 X116.164 Y117.541
G0 X115.804 Y117.213
G0 X115.251 Y116.393
G0 X115.688 Y116.254
G1 F1200 X116.892 Y117.458 E27.79553
G0 F6000 X117.54 Y117.54
G1 F1200 X115.58 Y115.58 E27.88772
G0 F6000 X115.656 Y115.09
G1 F1200 X118.03 Y117.465 E27.99941
G0 F6000 X118.433 Y117.301
G1 F1200 X115.826 Y114.695 E28.12201
G0 F6000 X116.06 Y114.363
G1 F1200 X118.771 Y117.074 E28.24953
G0 F6000 X119.039 Y116.776
G1 F1200 X116.352 Y114.09 E28.37589
G0 F6000 X116.702 Y113.874
G1 F1200 X119.242 Y116.413 E28.49534
G0 F6000 X119.38 Y115.986
G1 F1200 X117.131 Y113.737 E28.60113
G0 F6000 X117.667 Y113.707
G1 F1200 X119.4 Y115.44 E28.68265
G0 F6000 X119.087 Y114.562
G1 F1200 X118.54 Y114.015 E28.70838
G1 F1500 E22.20838
;MESH:dubelUpper.stl
G0 F6000 X118.75 Y113.608
G0 X119.281 Y114.124
G0 X119.609 Y114.638
G0 X119.789 Y115.218
G0 X119.823 Y115.831
G0 X119.694 Y116.414
G0 X119.408 Y116.966
G0 X119.004 Y117.413
G0 X118.712 Y117.599
G0 X117.276 Y118.289
G0 X117.327 Y119.381
G0 X117.401 Y121.061
G0 X117.5 Y127.272
;TYPE:WALL-INNER
G1 F1500 E28.70838
G1 F1203 X117.941 Y127.252 E28.72302
G1 F1200 X118.558 Y127.056 E28.74455
G1 X119.108 Y126.702 E28.76631
G1 X119.542 Y126.223 E28.78781
G1 X119.847 Y125.634 E28.80987
G1 X119.985 Y125.009 E28.83116
G1 X119.952 Y124.352 E28.85303
G1 X119.756 Y123.738 E28.87447
G1 X119.404 Y123.186 E28.89625
G1 X118.927 Y122.75 E28.91774
G1 X118.338 Y122.451 E28.93971
G1 X117.711 Y122.312 E28.96107
G1 X117.054 Y122.34 E28.98294
G1 X116.438 Y122.536 E29.00444
G1 X115.887 Y122.891 E29.02624
G1 X115.453 Y123.366 E29.04764
G1 X115.15 Y123.954 E29.06964
G1 X115.012 Y124.583 E29.09106
G1 X115.044 Y125.24 E29.11294
G1 X115.24 Y125.854 E29.13438
G1 X115.595 Y126.405 E29.15618
G1 X116.07 Y126.839 E29.17758
G1 X116.658 Y127.142 E29.19958
G1 X117.288 Y127.281 E29.22104
G1 F1203 X117.5 Y127.272 E29.22808
G0 F6000 X117.5 Y127.672
;TYPE:WALL-OUTER
G1 F1200 X118.012 Y127.649 E29.24512
G1 X118.73 Y127.421 E29.27018
G1 X119.369 Y127.01 E29.29545
G1 X119.874 Y126.453 E29.32046
G1 X120.226 Y125.771 E29.34598
G1 X120.387 Y125.043 E29.37078
G1 X120.349 Y124.28 E29.39619
G1 X120.121 Y123.566 E29.42112
G1 X119.713 Y122.926 E29.44636
G1 X119.157 Y122.418 E29.47141
G1 X118.475 Y122.071 E29.49686
G1 X117.746 Y121.91 E29.52169
G1 X116.984 Y121.943 E29.54706
G1 X116.266 Y122.171 E29.57212
G1 X115.627 Y122.583 E29.59741
G1 X115.122 Y123.136 E29.62231
G1 X114.77 Y123.817 E29.64781
G1 X114.61 Y124.549 E29.67273
G1 X114.647 Y125.312 E29.69814
G1 X114.875 Y126.026 E29.72307
G1 X115.287 Y126.665 E29.74836
G1 X115.84 Y127.17 E29.77326
G1 X116.521 Y127.522 E29.79876
G1 X117.254 Y127.683 E29.82372
G1 X117.5 Y127.672 E29.83191
G0 F6000 X117.5 Y126.91
;TYPE:SKIN
G1 F1203 X117.317 Y126.919 E29.83799
G1 F1200 X116.778 Y126.802 E29.85634
G1 X116.28 Y126.538 E29.87508
G1 X115.871 Y126.169 E29.8934
G1 X115.567 Y125.694 E29.91216
G1 X115.399 Y125.176 E29.93027
G1 X115.373 Y124.61 E29.94912
G1 X115.49 Y124.081 E29.96714
G1 X115.754 Y123.567 E29.98636
G1 X116.119 Y123.167 E30.00437
G1 X116.594 Y122.863 E30.02312
G1 X117.116 Y122.695 E30.04136
G1 X117.677 Y122.673 E30.06004
G1 X118.216 Y122.794 E30.07841
G1 X118.717 Y123.047 E30.09708
G1 X119.125 Y123.418 E30.11542
G1 X119.425 Y123.894 E30.13413
G1 X119.593 Y124.413 E30.15228
G1 X119.622 Y124.979 E30.17113
G1 X119.506 Y125.502 E30.18894
G1 X119.238 Y126.017 E30.20825
G1 X118.873 Y126.422 E30.22639
G1 X118.398 Y126.725 E30.24513
G1 X117.876 Y126.893 E30.26337
G1 F1203 X117.5 Y126.91 E30.27585
G0 F6000 X117.511 Y127.17
G0 X116.713 Y126.99
G0 X116.164 Y126.705
G0 X115.719 Y126.3
G0 X115.196 Y125.388
G0 X115.633 Y125.25
G1 F1200 X117.036 Y126.653 E30.34185
G0 F6000 X117.652 Y126.703
G1 F1200 X115.574 Y124.625 E30.43959
G0 F6000 X115.677 Y124.162
G1 F1200 X118.119 Y126.605 E30.55448
G0 F6000 X118.502 Y126.422
G1 F1200 X115.866 Y123.785 E30.67849
G0 F6000 X116.114 Y123.468
G1 F1200 X118.824 Y126.178 E30.80596
G0 F6000 X119.087 Y125.875
G1 F1200 X116.422 Y123.211 E30.93129
G0 F6000 X116.788 Y123.01
G1 F1200 X119.28 Y125.503 E31.04853
G0 F6000 X119.401 Y125.057
G1 F1200 X117.234 Y122.891 E31.15043
G0 F6000 X117.82 Y122.911
G1 F1200 X119.397 Y124.488 E31.22461
G1 F1500 E24.72461
;MESH:NONMESH
G0 F300 X119.397 Y124.488 Z0.4
G0 F6000 X119.858 Y124.467
G0 X119.823 Y124.995
G0 X119.694 Y125.578
G0 X119.532 Y125.891
G0 X118.637 Y127.21
G0 X118.968 Y128.253
G0 X119.487 Y137.933
;TIME_ELAPSED:61.970050
;LAYER:1
M106 S85
;TYPE:SKIRT
G1 F1500 E31.22461
G1 F1200 X118.6 Y138.019 E31.25425
G1 X117.802 Y138.061 E31.28083
G1 X116.899 Y138.068 E31.31086
G1 X115.999 Y137.996 E31.34089
G1 X115.185 Y137.86 E31.36834
G1 X114.403 Y137.697 E31.39491
G1 X113.528 Y137.474 E31.42494
G1 X112.676 Y137.174 E31.45499
G1 X111.887 Y136.818 E31.48378
G1 X111.16 Y136.451 E31.51086
G1 X110.373 Y136.008 E31.5409
G1 X109.628 Y135.498 E31.57093
G1 X109.026 Y135.009 E31.59673
G1 X108.607 Y134.641 E31.61527
G1 X108.157 Y134.225 E31.63566
G1 X107.528 Y133.576 E31.66572
G1 X106.959 Y132.875 E31.69575
G1 X106.379 Y132.029 E31.72986
G1 X106.041 Y131.496 E31.75085
G1 X105.601 Y130.707 E31.7809
G1 X105.232 Y129.883 E31.81093
G1 X105.026 Y129.314 E31.83106
G1 X104.774 Y128.546 E31.85794
G1 X104.531 Y127.676 E31.88798
G1 X104.366 Y126.789 E31.91799
G1 X104.287 Y126.027 E31.94347
G1 X104.25 Y125.457 E31.96247
G1 X104.23 Y124.929 E31.98004
G1 X104.179 Y121.038 E32.10947
G1 X104.07 Y118.473 E32.19486
G1 X103.892 Y115.966 E32.27845
G1 X103.641 Y113.425 E32.36338
G1 X103.321 Y110.929 E32.44708
G1 X102.89 Y108.123 E32.5415
G1 X102.787 Y107.326 E32.56823
G1 X102.716 Y106.425 E32.59829
G1 X102.715 Y105.748 E32.6208
G1 X102.804 Y102.949 E32.71395
G1 X102.811 Y100.456 E32.79686
G1 X102.745 Y97.875 E32.88274
G1 X102.606 Y95.292 E32.96877
G1 X102.597 Y94.389 E32.99881
G1 X102.647 Y93.674 E33.02265
G1 X102.765 Y92.605 E33.05842
G1 X102.827 Y92.155 E33.07353
G1 X102.99 Y91.266 E33.10359
G1 X103.231 Y90.396 E33.13361
G1 X103.416 Y89.874 E33.15203
G1 X103.685 Y89.177 E33.17688
G1 X103.982 Y88.461 E33.20266
G1 X104.369 Y87.645 E33.2327
G1 X104.827 Y86.867 E33.26273
G1 X105.138 Y86.416 E33.28095
G1 X105.549 Y85.852 E33.30416
G1 X106.034 Y85.219 E33.33068
G1 X106.618 Y84.531 E33.3607
G1 X107.262 Y83.897 E33.39076
G1 X107.68 Y83.539 E33.40906
G1 X108.517 Y82.869 E33.44472
G1 X108.888 Y82.589 E33.46018
G1 X109.633 Y82.078 E33.49023
G1 X110.419 Y81.634 E33.52025
G1 X110.892 Y81.41 E33.53766
G1 X111.601 Y81.095 E33.56346
G1 X112.31 Y80.802 E33.58898
G1 X113.161 Y80.5 E33.61901
G1 X114.036 Y80.275 E33.64906
G1 X114.543 Y80.182 E33.66621
G1 X115.573 Y80.024 E33.70087
G1 X116.035 Y79.966 E33.71635
G1 X116.936 Y79.894 E33.74642
G1 X117.839 Y79.901 E33.77645
G1 X118.359 Y79.942 E33.7938
G1 X119.529 Y80.068 E33.83294
G1 X119.923 Y80.122 E33.84617
G1 X120.811 Y80.285 E33.87619
G1 X121.682 Y80.525 E33.90624
G1 X122.131 Y80.682 E33.92206
G1 X122.735 Y80.916 E33.94361
G1 X123.558 Y81.26 E33.97328
G1 X124.375 Y81.645 E34.00331
G1 X125.154 Y82.1 E34.03332
G1 X125.632 Y82.428 E34.0526
G1 X126.233 Y82.866 E34.07734
G1 X126.83 Y83.324 E34.10236
G1 X127.518 Y83.909 E34.1324
G1 X128.152 Y84.552 E34.16243
G1 X128.506 Y84.967 E34.18058
G1 X128.983 Y85.557 E34.20581
G1 X129.463 Y86.184 E34.23207
G1 X129.975 Y86.928 E34.26211
G1 X130.418 Y87.714 E34.29212
G1 X130.649 Y88.201 E34.31005
G1 X131.078 Y89.18 E34.3456
G1 X131.242 Y89.583 E34.36007
G1 X131.545 Y90.434 E34.39012
G1 X131.771 Y91.308 E34.42014
G1 X131.869 Y91.836 E34.438
G1 X132.028 Y92.879 E34.47309
G1 X132.091 Y93.386 E34.49009
G1 X132.163 Y94.286 E34.52012
G1 X132.164 Y94.966 E34.54273
G1 X132.077 Y97.732 E34.63478
G1 X132.068 Y100.259 E34.71883
G1 X132.134 Y102.83 E34.80437
G1 X132.273 Y105.422 E34.8907
G1 X132.282 Y106.325 E34.92073
G1 X132.232 Y107.036 E34.94444
G1 X132.152 Y107.796 E34.96986
G1 X132.094 Y108.25 E34.98508
G1 X131.627 Y111.346 E35.08922
G1 X131.311 Y113.896 E35.17468
G1 X131.068 Y116.437 E35.25958
G1 X130.899 Y118.958 E35.34362
G1 X130.802 Y121.49 E35.42789
G1 X130.775 Y124.067 E35.51361
G1 X130.779 Y124.977 E35.54388
G1 X130.743 Y125.88 E35.57394
G1 X130.567 Y127.092 E35.61467
G1 X130.402 Y127.888 E35.64171
G1 X130.179 Y128.764 E35.67177
G1 X129.881 Y129.616 E35.70179
G1 X129.514 Y130.425 E35.73134
G1 X129.149 Y131.146 E35.75822
G1 X128.706 Y131.933 E35.78826
G1 X128.195 Y132.677 E35.81828
G1 X127.644 Y133.348 E35.84715
G1 X127.107 Y133.947 E35.87391
G1 X126.475 Y134.592 E35.90395
G1 X125.788 Y135.178 E35.93398
G1 X125.097 Y135.673 E35.96225
G1 X124.423 Y136.114 E35.98904
G1 X123.646 Y136.575 E36.01909
G1 X122.831 Y136.965 E36.04914
G1 X122.018 Y137.27 E36.07802
G1 X121.244 Y137.524 E36.10511
G1 X120.375 Y137.768 E36.13514
G1 X119.487 Y137.933 E36.16518
G1 F1500 E29.66518
;MESH:dubelHinge.stl(1)
G0 F7500 X121.256 Y125.114
G0 X122.769 Y106.005
G0 X122.58 Y104.642
G0 X122.045 Y103.375
G0 X121.199 Y102.29
G0 X120.31 Y101.619
G0 X117.562 Y99.921
G0 X117.41 Y98.666
;TYPE:WALL-INNER
G1 F1500 E36.16518
G1 F1350 X118.438 Y98.521 E36.19971
G1 X119.401 Y98.114 E36.23448
G1 X120.22 Y97.475 E36.26903
G1 X120.849 Y96.641 E36.30377
G1 X121.242 Y95.674 E36.33849
G1 X121.374 Y94.637 E36.37326
G1 X121.228 Y93.61 E36.40776
G1 X120.822 Y92.647 E36.44252
G1 X120.183 Y91.828 E36.47707
G1 X119.348 Y91.2 E36.51182
G1 X118.382 Y90.806 E36.54652
G1 X117.345 Y90.674 E36.58129
G1 X116.318 Y90.82 E36.61579
G1 X115.351 Y91.226 E36.65067
G1 X114.536 Y91.865 E36.68512
G1 X113.906 Y92.7 E36.71991
G1 X113.51 Y93.666 E36.75463
G1 X113.382 Y94.702 E36.78935
G1 X113.528 Y95.73 E36.82389
G1 X113.935 Y96.697 E36.85878
G1 X114.573 Y97.516 E36.89331
G1 X115.407 Y98.145 E36.92805
G1 X116.373 Y98.538 E36.96274
G1 X117.382 Y98.663 E36.99656
G1 X117.41 Y98.666 E36.99749
G0 F7500 X117.414 Y99.07
;TYPE:WALL-OUTER
G1 F1350 X118.546 Y98.909 E37.03552
G1 X119.605 Y98.462 E37.07375
G1 X120.508 Y97.758 E37.11184
G1 X121.2 Y96.84 E37.15007
G1 X121.632 Y95.776 E37.18827
G1 X121.778 Y94.634 E37.22656
G1 X121.617 Y93.502 E37.26459
G1 X121.17 Y92.443 E37.30282
G1 X120.466 Y91.54 E37.3409
G1 X119.548 Y90.848 E37.37914
G1 X118.484 Y90.416 E37.41733
G1 X117.342 Y90.27 E37.45563
G1 X116.21 Y90.431 E37.49366
G1 X115.147 Y90.878 E37.53201
G1 X114.248 Y91.582 E37.56999
G1 X113.556 Y92.5 E37.60822
G1 X113.12 Y93.564 E37.64647
G1 X112.978 Y94.706 E37.68474
G1 X113.139 Y95.838 E37.72277
G1 X113.587 Y96.901 E37.76114
G1 X114.29 Y97.804 E37.7992
G1 X115.208 Y98.496 E37.83744
G1 X116.271 Y98.928 E37.8756
G1 X117.383 Y99.066 E37.91287
G1 X117.414 Y99.07 E37.91391
G0 F7500 X117.41 Y98.302
;TYPE:SKIN
G1 F1350 X117.382 Y98.299 E37.91485
G1 X116.463 Y98.184 E37.94565
G1 X115.584 Y97.828 E37.9772
G1 X114.826 Y97.256 E38.00878
G1 X114.247 Y96.513 E38.04011
G1 X113.875 Y95.63 E38.07198
G1 X113.742 Y94.698 E38.10329
G1 X113.86 Y93.76 E38.13473
G1 X114.224 Y92.877 E38.1665
G1 X114.793 Y92.118 E38.19805
G1 X115.535 Y91.538 E38.22937
G1 X116.414 Y91.167 E38.26111
G1 X117.342 Y91.034 E38.29229
G1 X118.288 Y91.156 E38.32401
G1 X119.167 Y91.516 E38.35561
G1 X119.93 Y92.088 E38.38732
G1 X120.506 Y92.827 E38.41849
G1 X120.877 Y93.706 E38.45022
G1 X121.01 Y94.634 E38.4814
G1 X120.888 Y95.58 E38.51312
G1 X120.528 Y96.46 E38.54475
G1 X119.959 Y97.218 E38.57627
G1 X119.217 Y97.798 E38.6076
G1 X118.338 Y98.169 E38.63933
G1 X117.41 Y98.302 E38.67051
G0 F7500 X117.378 Y98.561
G0 X118.394 Y98.364
G0 X119.319 Y97.974
G0 X120.025 Y97.423
G0 X120.82 Y96.443
G0 X120.39 Y96.268
G1 F1350 X118.973 Y97.685 E38.73716
G0 F7500 X118.089 Y98.003
G1 F1350 X120.712 Y95.38 E38.86054
G0 F7500 X120.795 Y94.731
G1 F1350 X117.429 Y98.097 E39.01887
G0 F7500 X116.921 Y98.04
G1 F1350 X120.747 Y94.213 E39.19885
G0 F7500 X120.668 Y93.727
G1 F1350 X116.436 Y97.958 E39.39789
G0 F7500 X116.033 Y97.796
G1 F1350 X120.5 Y93.329 E39.608
G0 F7500 X120.332 Y92.932
G1 F1350 X115.641 Y97.622 E39.82863
G0 F7500 X115.319 Y97.379
G1 F1350 X120.084 Y92.613 E40.05278
G0 F7500 X119.837 Y92.295
G1 F1350 X114.997 Y97.135 E40.28044
G0 F7500 X114.743 Y96.823
G1 F1350 X119.529 Y92.037 E40.50556
G0 F7500 X119.205 Y91.795
G1 F1350 X114.495 Y96.505 E40.72711
G0 F7500 X114.304 Y96.131
G1 F1350 X118.838 Y91.597 E40.94037
G0 F7500 X118.437 Y91.432
G1 F1350 X114.136 Y95.733 E41.14268
G0 F7500 X114.027 Y95.276
G1 F1350 X117.985 Y91.319 E41.32883
G0 F7500 X117.484 Y91.254
G1 F1350 X113.957 Y94.781 E41.49472
G0 F7500 X114.012 Y94.16
G1 F1350 X116.868 Y91.304 E41.62906
G0 F7500 X116.084 Y91.523
G1 F1350 X114.237 Y93.369 E41.71592
G1 F1500 E35.21592
;MESH:dubelHinge.stl
G0 F7500 X113.812 Y93.195
G0 X113.667 Y93.707
G0 X113.545 Y94.7
G0 X113.684 Y95.687
G0 X114.036 Y96.522
G0 X115.321 Y98.296
G0 X114.91 Y99.31
G0 X115.967 Y101.019
G0 X117.53 Y110.038
;TYPE:WALL-INNER
G1 F1500 E41.71592
G1 F1350 X118.558 Y109.892 E41.75045
G1 X119.525 Y109.485 E41.78535
G1 X120.344 Y108.847 E41.81988
G1 X120.973 Y108.013 E41.85462
G1 X121.366 Y107.047 E41.88931
G1 X121.494 Y106.01 E41.92406
G1 X121.348 Y104.982 E41.95859
G1 X120.942 Y104.015 E41.99348
G1 X120.303 Y103.2 E42.02792
G1 X119.469 Y102.571 E42.06266
G1 X118.502 Y102.178 E42.09738
G1 X117.465 Y102.046 E42.13215
G1 X116.438 Y102.192 E42.16665
G1 X115.475 Y102.598 E42.20141
G1 X114.656 Y103.237 E42.23596
G1 X114.027 Y104.071 E42.27071
G1 X113.634 Y105.038 E42.30542
G1 X113.502 Y106.075 E42.34019
G1 X113.648 Y107.102 E42.37469
G1 X114.054 Y108.065 E42.40945
G1 X114.693 Y108.884 E42.444
G1 X115.528 Y109.514 E42.47879
G1 X116.494 Y109.91 E42.51352
G1 X117.5 Y110.034 E42.54723
G1 X117.53 Y110.038 E42.54824
G0 F7500 X117.534 Y110.442
;TYPE:WALL-OUTER
G1 F1350 X118.666 Y110.281 E42.58627
G1 X119.729 Y109.833 E42.62463
G1 X120.632 Y109.13 E42.6627
G1 X121.324 Y108.212 E42.70093
G1 X121.756 Y107.149 E42.7391
G1 X121.898 Y106.006 E42.7774
G1 X121.737 Y104.874 E42.81543
G1 X121.29 Y103.811 E42.85379
G1 X120.586 Y102.912 E42.89177
G1 X119.668 Y102.22 E42.93
G1 X118.604 Y101.788 E42.9682
G1 X117.462 Y101.642 E43.00649
G1 X116.33 Y101.803 E43.04452
G1 X115.271 Y102.25 E43.08275
G1 X114.368 Y102.954 E43.12083
G1 X113.676 Y103.872 E43.15907
G1 X113.244 Y104.936 E43.19726
G1 X113.098 Y106.078 E43.23556
G1 X113.259 Y107.21 E43.27358
G1 X113.706 Y108.269 E43.31182
G1 X114.41 Y109.172 E43.3499
G1 X115.328 Y109.864 E43.38814
G1 X116.392 Y110.3 E43.42638
G1 X117.5 Y110.438 E43.46352
G1 X117.534 Y110.442 E43.46466
G0 F7500 X117.53 Y109.674
;TYPE:SKIN
G1 F1350 X117.5 Y109.67 E43.46566
G1 X116.588 Y109.556 E43.49623
G1 X115.704 Y109.192 E43.52803
G1 X114.946 Y108.623 E43.55955
G1 X114.366 Y107.881 E43.59088
G1 X113.995 Y107.002 E43.62261
G1 X113.862 Y106.078 E43.65366
G1 X113.984 Y105.128 E43.68552
G1 X114.344 Y104.248 E43.71714
G1 X114.916 Y103.49 E43.74872
G1 X115.659 Y102.91 E43.78007
G1 X116.535 Y102.539 E43.81171
G1 X117.462 Y102.406 E43.84286
G1 X118.408 Y102.528 E43.87459
G1 X119.288 Y102.888 E43.90621
G1 X120.046 Y103.457 E43.93773
G1 X120.629 Y104.199 E43.96912
G1 X120.997 Y105.078 E44.00081
G1 X121.13 Y106.006 E44.03199
G1 X121.012 Y106.953 E44.06374
G1 X120.656 Y107.832 E44.09528
G1 X120.084 Y108.59 E44.12686
G1 X119.341 Y109.169 E44.15819
G1 X118.458 Y109.541 E44.19006
G1 X117.53 Y109.674 E44.22124
G0 F7500 X117.498 Y109.933
G0 X118.515 Y109.736
G0 X119.443 Y109.345
G0 X120.228 Y108.733
G0 X120.571 Y108.279
G0 X121.073 Y107.499
G0 X120.646 Y107.325
G1 F1350 X118.785 Y109.186 E44.30878
G0 F7500 X118.001 Y109.405
G1 F1350 X120.861 Y106.545 E44.4433
G0 F7500 X120.916 Y105.924
G1 F1350 X117.385 Y109.454 E44.60937
G0 F7500 X116.882 Y109.392
G1 F1350 X120.845 Y105.429 E44.79577
G0 F7500 X120.736 Y104.973
G1 F1350 X116.432 Y109.276 E44.9982
G0 F7500 X116.031 Y109.112
G1 F1350 X120.569 Y104.574 E45.21165
G0 F7500 X120.376 Y104.201
G1 F1350 X115.664 Y108.913 E45.43329
G0 F7500 X115.341 Y108.67
G1 F1350 X120.128 Y103.884 E45.65843
G0 F7500 X119.871 Y103.575
G1 F1350 X115.035 Y108.411 E45.8859
G0 F7500 X114.787 Y108.093
G1 F1350 X119.548 Y103.332 E46.10984
G0 F7500 X119.225 Y103.09
G1 F1350 X114.539 Y107.775 E46.33024
G0 F7500 X114.371 Y107.378
G1 F1350 X118.831 Y102.917 E46.54004
G0 F7500 X118.43 Y102.753
G1 F1350 X114.203 Y106.98 E46.73887
G0 F7500 X114.123 Y106.494
G1 F1350 X117.948 Y102.67 E46.91876
G0 F7500 X117.441 Y102.611
G1 F1350 X114.077 Y105.975 E47.07699
G0 F7500 X114.161 Y105.325
G1 F1350 X116.781 Y102.705 E47.20023
G0 F7500 X115.892 Y103.028
G1 F1350 X114.482 Y104.438 E47.26655
G1 F1500 E40.76655
;MESH:dubelUpper.stl(1)
G0 F7500 X114.057 Y104.265
G0 X113.791 Y105.079
G0 X113.665 Y106.074
G0 X113.804 Y107.058
G0 X114.194 Y107.983
G0 X114.745 Y108.689
G0 X116.451 Y110.077
G0 X116.318 Y111.163
G0 X116.696 Y111.965
G0 X117.5 Y118.106
;TYPE:WALL-INNER
G1 F1500 E47.26655
G1 F1350 X117.938 Y118.083 E47.28114
G1 X118.559 Y117.887 E47.3028
G1 X119.109 Y117.537 E47.32448
G1 X119.542 Y117.059 E47.34593
G1 X119.847 Y116.47 E47.368
G1 X119.985 Y115.845 E47.38928
G1 X119.949 Y115.189 E47.41114
G1 X119.755 Y114.569 E47.43274
G1 X119.405 Y114.019 E47.45443
G1 X118.927 Y113.586 E47.47588
G1 X118.338 Y113.282 E47.49792
G1 X117.713 Y113.144 E47.51921
G1 X117.056 Y113.176 E47.54109
G1 X116.44 Y113.373 E47.5626
G1 X115.886 Y113.724 E47.58441
G1 X115.454 Y114.201 E47.60582
G1 X115.15 Y114.79 E47.62786
G1 X115.012 Y115.415 E47.64915
G1 X115.044 Y116.072 E47.67103
G1 X115.24 Y116.69 E47.69259
G1 X115.595 Y117.241 E47.71439
G1 X116.07 Y117.675 E47.73579
G1 X116.658 Y117.979 E47.75781
G1 X117.287 Y118.117 E47.77923
G1 X117.5 Y118.106 E47.78632
G0 F7500 X117.5 Y118.507
;TYPE:WALL-OUTER
G1 F1350 X118.011 Y118.481 E47.80334
G1 X118.73 Y118.253 E47.82843
G1 X119.369 Y117.845 E47.85364
G1 X119.874 Y117.289 E47.87862
G1 X120.226 Y116.607 E47.90415
G1 X120.387 Y115.879 E47.92895
G1 X120.348 Y115.117 E47.95433
G1 X120.121 Y114.398 E47.9794
G1 X119.713 Y113.759 E48.00462
G1 X119.157 Y113.254 E48.0296
G1 X118.475 Y112.902 E48.05513
G1 X117.747 Y112.742 E48.07992
G1 X116.984 Y112.779 E48.10533
G1 X116.27 Y113.007 E48.13026
G1 X115.626 Y113.415 E48.15561
G1 X115.122 Y113.971 E48.18057
G1 X114.77 Y114.653 E48.2061
G1 X114.61 Y115.381 E48.23089
G1 X114.647 Y116.144 E48.2563
G1 X114.875 Y116.862 E48.28135
G1 X115.287 Y117.501 E48.30664
G1 X115.84 Y118.006 E48.33155
G1 X116.521 Y118.358 E48.35705
G1 X117.253 Y118.519 E48.38197
G1 X117.5 Y118.507 E48.3902
G0 F7500 X117.5 Y117.743
;TYPE:SKIN
G1 F1350 X117.312 Y117.754 E48.39646
G1 X116.778 Y117.638 E48.41464
G1 X116.28 Y117.374 E48.43339
G1 X115.871 Y117.005 E48.45171
G1 X115.567 Y116.53 E48.47046
G1 X115.399 Y116.008 E48.4887
G1 X115.374 Y115.442 E48.50755
G1 X115.49 Y114.916 E48.52546
G1 X115.75 Y114.404 E48.54456
G1 X116.122 Y113.999 E48.56285
G1 X116.59 Y113.699 E48.58134
G1 X117.116 Y113.531 E48.59971
G1 X117.682 Y113.505 E48.61855
G1 X118.211 Y113.622 E48.63657
G1 X118.721 Y113.882 E48.65561
G1 X119.125 Y114.251 E48.67381
G1 X119.424 Y114.717 E48.69222
G1 X119.589 Y115.252 E48.71085
G1 X119.622 Y115.815 E48.7296
G1 X119.506 Y116.338 E48.74742
G1 X119.238 Y116.853 E48.76673
G1 X118.873 Y117.258 E48.78486
G1 X118.399 Y117.56 E48.80356
G1 X117.88 Y117.721 E48.82163
G1 X117.5 Y117.743 E48.83429
G0 F7500 X117.799 Y117.526
G1 F1350 X119.391 Y115.934 E48.90917
G0 F7500 X119.395 Y115.364
G1 F1350 X117.228 Y117.532 E49.01113
G0 F7500 X116.78 Y117.414
G1 F1350 X119.276 Y114.918 E49.12853
G0 F7500 X119.079 Y114.549
G1 F1350 X116.41 Y117.218 E49.25407
G0 F7500 X116.11 Y116.953
G1 F1350 X118.82 Y114.242 E49.38157
G0 F7500 X118.502 Y113.995
G1 F1350 X115.868 Y116.629 E49.50546
G0 F7500 X115.686 Y116.245
G1 F1350 X118.124 Y113.807 E49.62014
G0 F7500 X117.659 Y113.706
G1 F1350 X115.59 Y115.775 E49.71746
G0 F7500 X115.642 Y115.158
G1 F1350 X117.032 Y113.768 E49.78284
G1 F1500 E43.28284
;MESH:dubelUpper.stl
G0 F7500 X116.894 Y113.332
G0 X115.991 Y113.848
G0 X115.587 Y114.294
G0 X115.302 Y114.846
G0 X115.174 Y115.429
G0 X115.203 Y116.044
G0 X115.387 Y116.621
G0 X115.719 Y117.136
G0 X115.971 Y117.366
G0 X117.276 Y118.289
G0 X117.327 Y119.381
G0 X117.401 Y121.061
G0 X117.5 Y127.272
;TYPE:WALL-INNER
G1 F1500 E49.78284
G1 F1353.4 X117.941 Y127.252 E49.79748
G1 F1350 X118.558 Y127.056 E49.81902
G1 X119.108 Y126.702 E49.84077
G1 X119.542 Y126.223 E49.86227
G1 X119.847 Y125.634 E49.88433
G1 X119.985 Y125.009 E49.90562
G1 X119.952 Y124.352 E49.9275
G1 X119.756 Y123.738 E49.94893
G1 X119.404 Y123.186 E49.97071
G1 X118.927 Y122.75 E49.9922
G1 X118.338 Y122.451 E50.01417
G1 X117.711 Y122.312 E50.03553
G1 X117.054 Y122.34 E50.05741
G1 X116.438 Y122.536 E50.07891
G1 X115.887 Y122.891 E50.10071
G1 X115.453 Y123.366 E50.12211
G1 X115.15 Y123.954 E50.14411
G1 X115.012 Y124.583 E50.16553
G1 X115.044 Y125.24 E50.1874
G1 X115.24 Y125.854 E50.20884
G1 X115.595 Y126.405 E50.23064
G1 X116.07 Y126.839 E50.25204
G1 X116.658 Y127.142 E50.27404
G1 X117.288 Y127.281 E50.2955
G1 F1353.4 X117.5 Y127.272 E50.30254
G0 F7500 X117.5 Y127.672
;TYPE:WALL-OUTER
G1 F1350 X118.012 Y127.649 E50.31959
G1 X118.73 Y127.421 E50.34464
G1 X119.369 Y127.01 E50.36991
G1 X119.874 Y126.453 E50.39492
G1 X120.226 Y125.771 E50.42044
G1 X120.387 Y125.043 E50.44524
G1 X120.349 Y124.28 E50.47065
G1 X120.121 Y123.566 E50.49558
G1 X119.713 Y122.926 E50.52083
G1 X119.157 Y122.418 E50.54587
G1 X118.475 Y122.071 E50.57133
G1 X117.746 Y121.91 E50.59616
G1 X116.984 Y121.943 E50.62152
G1 X116.266 Y122.171 E50.64658
G1 X115.627 Y122.583 E50.67187
G1 X115.122 Y123.136 E50.69678
G1 X114.77 Y123.817 E50.72227
G1 X114.61 Y124.549 E50.74719
G1 X114.647 Y125.312 E50.7726
G1 X114.875 Y126.026 E50.79753
G1 X115.287 Y126.665 E50.82282
G1 X115.84 Y127.17 E50.84773
G1 X116.521 Y127.522 E50.87322
G1 X117.254 Y127.683 E50.89818
G1 X117.5 Y127.672 E50.90637
G0 F7500 X117.5 Y126.91
;TYPE:SKIN
G1 F1353.4 X117.317 Y126.919 E50.91245
G1 F1350 X116.778 Y126.802 E50.9308
G1 X116.28 Y126.538 E50.94954
G1 X115.871 Y126.169 E50.96787
G1 X115.567 Y125.694 E50.98662
G1 X115.399 Y125.176 E51.00474
G1 X115.373 Y124.61 E51.02358
G1 X115.49 Y124.081 E51.0416
G1 X115.754 Y123.567 E51.06082
G1 X116.119 Y123.167 E51.07883
G1 X116.594 Y122.863 E51.09759
G1 X117.116 Y122.695 E51.11583
G1 X117.677 Y122.673 E51.1345
G1 X118.216 Y122.794 E51.15287
G1 X118.717 Y123.047 E51.17154
G1 X119.125 Y123.418 E51.18988
G1 X119.425 Y123.894 E51.2086
G1 X119.593 Y124.413 E51.22674
G1 X119.622 Y124.979 E51.24559
G1 X119.506 Y125.502 E51.26341
G1 X119.238 Y126.017 E51.28272
G1 X118.873 Y126.422 E51.30085
G1 X118.398 Y126.725 E51.31959
G1 X117.876 Y126.893 E51.33783
G1 F1353.4 X117.5 Y126.91 E51.35032
G0 F7500 X117.511 Y127.17
G0 X118.801 Y126.781
G0 X118.551 Y126.391
G1 F1350 X119.107 Y125.835 E51.37647
G0 F7500 X119.42 Y124.956
G1 F1350 X117.674 Y126.702 E51.45859
G0 F7500 X117.135 Y126.675
G1 F1350 X119.386 Y124.424 E51.56447
G0 F7500 X119.247 Y123.998
G1 F1350 X116.707 Y126.538 E51.68395
G0 F7500 X116.347 Y126.332
G1 F1350 X119.032 Y123.647 E51.81024
G0 F7500 X118.759 Y123.355
G1 F1350 X116.05 Y126.063 E51.93764
G0 F7500 X115.824 Y125.724
G1 F1350 X118.425 Y123.123 E52.05999
G0 F7500 X118.025 Y122.957
G1 F1350 X115.658 Y125.324 E52.17132
G0 F7500 X115.584 Y124.832
G1 F1350 X117.537 Y122.879 E52.26318
G0 F7500 X116.866 Y122.985
G1 F1350 X115.675 Y124.176 E52.31921
G1 F1500 E45.81921
;MESH:NONMESH
G0 F300 X115.675 Y124.176 Z0.6
G0 F7500 X115.227 Y124.077
G0 X115.174 Y124.597
G0 X115.203 Y125.211
G0 X115.386 Y125.785
G0 X115.719 Y126.3
G0 X115.971 Y126.53
G0 X117.275 Y127.455
G0 X117.326 Y128.546
G0 X119.487 Y137.933
;TIME_ELAPSED:101.800190
;LAYER:2
M106 S170
;TYPE:SKIRT
G1 F1500 E52.31921
G1 F1200 X118.6 Y138.019 E52.34885
G1 X117.802 Y138.061 E52.37542
G1 X116.899 Y138.068 E52.40546
G1 X115.999 Y137.996 E52.43549
G1 X115.185 Y137.86 E52.46294
G1 X114.403 Y137.697 E52.48951
G1 X113.528 Y137.474 E52.51954
G1 X112.676 Y137.174 E52.54958
G1 X111.887 Y136.818 E52.57837
G1 X111.16 Y136.451 E52.60546
G1 X110.373 Y136.008 E52.6355
G1 X109.628 Y135.498 E52.66552
G1 X109.026 Y135.009 E52.69132
G1 X108.607 Y134.641 E52.70987
G1 X108.157 Y134.225 E52.73025
G1 X107.528 Y133.576 E52.76031
G1 X106.959 Y132.875 E52.79034
G1 X106.379 Y132.029 E52.82446
G1 X106.041 Y131.496 E52.84545
G1 X105.601 Y130.707 E52.8755
G1 X105.232 Y129.883 E52.90552
G1 X105.026 Y129.314 E52.92565
G1 X104.774 Y128.546 E52.95254
G1 X104.531 Y127.676 E52.98258
G1 X104.366 Y126.789 E53.01259
G1 X104.287 Y126.027 E53.03807
G1 X104.25 Y125.457 E53.05706
G1 X104.23 Y124.929 E53.07464
G1 X104.179 Y121.038 E53.20407
G1 X104.07 Y118.473 E53.28945
G1 X103.892 Y115.966 E53.37305
G1 X103.641 Y113.425 E53.45797
G1 X103.321 Y110.929 E53.54167
G1 X102.89 Y108.123 E53.63609
G1 X102.787 Y107.326 E53.66282
G1 X102.716 Y106.425 E53.69288
G1 X102.715 Y105.748 E53.7154
G1 X102.804 Y102.949 E53.80854
G1 X102.811 Y100.456 E53.89146
G1 X102.745 Y97.875 E53.97733
G1 X102.606 Y95.292 E54.06337
G1 X102.597 Y94.389 E54.0934
G1 X102.647 Y93.674 E54.11724
G1 X102.765 Y92.605 E54.15301
G1 X102.827 Y92.155 E54.16812
G1 X102.99 Y91.266 E54.19818
G1 X103.231 Y90.396 E54.22821
G1 X103.416 Y89.874 E54.24663
G1 X103.685 Y89.177 E54.27148
G1 X103.982 Y88.461 E54.29726
G1 X104.369 Y87.645 E54.3273
G1 X104.827 Y86.867 E54.35732
G1 X105.138 Y86.416 E54.37554
G1 X105.549 Y85.852 E54.39875
G1 X106.034 Y85.219 E54.42528
G1 X106.618 Y84.531 E54.45529
G1 X107.262 Y83.897 E54.48535
G1 X107.68 Y83.539 E54.50366
G1 X108.517 Y82.869 E54.53931
G1 X108.888 Y82.589 E54.55477
G1 X109.633 Y82.078 E54.58482
G1 X110.419 Y81.634 E54.61485
G1 X110.892 Y81.41 E54.63225
G1 X111.601 Y81.095 E54.65806
G1 X112.31 Y80.802 E54.68357
G1 X113.161 Y80.5 E54.71361
G1 X114.036 Y80.275 E54.74366
G1 X114.543 Y80.182 E54.7608
G1 X115.573 Y80.024 E54.79546
G1 X116.035 Y79.966 E54.81095
G1 X116.936 Y79.894 E54.84101
G1 X117.839 Y79.901 E54.87104
G1 X118.359 Y79.942 E54.88839
G1 X119.529 Y80.068 E54.92753
G1 X119.923 Y80.122 E54.94076
G1 X120.811 Y80.285 E54.97079
G1 X121.682 Y80.525 E55.00084
G1 X122.131 Y80.682 E55.01666
G1 X122.735 Y80.916 E55.0382
G1 X123.558 Y81.26 E55.06787
G1 X124.375 Y81.645 E55.09791
G1 X125.154 Y82.1 E55.12791
G1 X125.632 Y82.428 E55.1472
G1 X126.233 Y82.866 E55.17193
G1 X126.83 Y83.324 E55.19696
G1 X127.518 Y83.909 E55.22699
G1 X128.152 Y84.552 E55.25703
G1 X128.506 Y84.967 E55.27517
G1 X128.983 Y85.557 E55.3004
G1 X129.463 Y86.184 E55.32667
G1 X129.975 Y86.928 E55.35671
G1 X130.418 Y87.714 E55.38672
G1 X130.649 Y88.201 E55.40464
G1 X131.078 Y89.18 E55.44019
G1 X131.242 Y89.583 E55.45467
G1 X131.545 Y90.434 E55.48471
G1 X131.771 Y91.308 E55.51474
G1 X131.869 Y91.836 E55.5326
G1 X132.028 Y92.879 E55.56769
G1 X132.091 Y93.386 E55.58468
G1 X132.163 Y94.286 E55.61471
G1 X132.164 Y94.966 E55.63733
G1 X132.077 Y97.732 E55.72937
G1 X132.068 Y100.259 E55.81342
G1 X132.134 Y102.83 E55.89896
G1 X132.273 Y105.422 E55.98529
G1 X132.282 Y106.325 E56.01533
G1 X132.232 Y107.036 E56.03904
G1 X132.152 Y107.796 E56.06445
G1 X132.094 Y108.25 E56.07968
G1 X131.627 Y111.346 E56.18381
G1 X131.311 Y113.896 E56.26928
G1 X131.068 Y116.437 E56.35418
G1 X130.899 Y118.958 E56.43821
G1 X130.802 Y121.49 E56.52249
G1 X130.775 Y124.067 E56.60821
G1 X130.779 Y124.977 E56.63847
G1 X130.743 Y125.88 E56.66853
G1 X130.567 Y127.092 E56.70926
G1 X130.402 Y127.888 E56.7363
G1 X130.179 Y128.764 E56.76637
G1 X129.881 Y129.616 E56.79639
G1 X129.514 Y130.425 E56.82593
G1 X129.149 Y131.146 E56.85281
G1 X128.706 Y131.933 E56.88285
G1 X128.195 Y132.677 E56.91287
G1 X127.644 Y133.348 E56.94175
G1 X127.107 Y133.947 E56.96851
G1 X126.475 Y134.592 E56.99854
G1 X125.788 Y135.178 E57.02857
G1 X125.097 Y135.673 E57.05684
G1 X124.423 Y136.114 E57.08363
G1 X123.646 Y136.575 E57.11368
G1 X122.831 Y136.965 E57.14373
G1 X122.018 Y137.27 E57.17261
G1 X121.244 Y137.524 E57.19971
G1 X120.375 Y137.768 E57.22973
G1 X119.487 Y137.933 E57.25977
G1 F1500 E50.75977
;MESH:dubelHinge.stl(1)
G0 F9000 X121.256 Y125.114
G0 X122.769 Y106.005
G0 X122.58 Y104.642
G0 X122.045 Y103.375
G0 X121.199 Y102.29
G0 X120.31 Y101.619
G0 X117.562 Y99.921
G0 X117.41 Y98.666
;TYPE:WALL-INNER
G1 F1500 E57.25977
G1 X118.438 Y98.521 E57.2943
G1 X119.401 Y98.114 E57.32907
G1 X120.22 Y97.475 E57.36362
G1 X120.849 Y96.641 E57.39837
G1 X121.242 Y95.674 E57.43308
G1 X121.374 Y94.637 E57.46785
G1 X121.228 Y93.61 E57.50235
G1 X120.822 Y92.647 E57.53711
G1 X120.183 Y91.828 E57.57166
G1 X119.348 Y91.2 E57.60641
G1 X118.382 Y90.806 E57.64111
G1 X117.345 Y90.674 E57.67588
G1 X116.318 Y90.82 E57.71038
G1 X115.351 Y91.226 E57.74527
G1 X114.536 Y91.865 E57.77971
G1 X113.906 Y92.7 E57.8145
G1 X113.51 Y93.666 E57.84923
G1 X113.382 Y94.702 E57.88395
G1 X113.528 Y95.73 E57.91848
G1 X113.935 Y96.697 E57.95338
G1 X114.573 Y97.516 E57.98791
G1 X115.407 Y98.145 E58.02265
G1 X116.373 Y98.538 E58.05734
G1 X117.382 Y98.663 E58.09115
G1 X117.41 Y98.666 E58.09209
G0 F9000 X117.414 Y99.07
;TYPE:WALL-OUTER
G1 F1500 X118.546 Y98.909 E58.13012
G1 X119.605 Y98.462 E58.16835
G1 X120.508 Y97.758 E58.20643
G1 X121.2 Y96.84 E58.24467
G1 X121.632 Y95.776 E58.28286
G1 X121.778 Y94.634 E58.32115
G1 X121.617 Y93.502 E58.35918
G1 X121.17 Y92.443 E58.39742
G1 X120.466 Y91.54 E58.4355
G1 X119.548 Y90.848 E58.47373
G1 X118.484 Y90.416 E58.51193
G1 X117.342 Y90.27 E58.55022
G1 X116.21 Y90.431 E58.58825
G1 X115.147 Y90.878 E58.6266
G1 X114.248 Y91.582 E58.66458
G1 X113.556 Y92.5 E58.70282
G1 X113.12 Y93.564 E58.74106
G1 X112.978 Y94.706 E58.77934
G1 X113.139 Y95.838 E58.81737
G1 X113.587 Y96.901 E58.85574
G1 X114.29 Y97.804 E58.8938
G1 X115.208 Y98.496 E58.93203
G1 X116.271 Y98.928 E58.9702
G1 X117.383 Y99.066 E59.00747
G1 X117.414 Y99.07 E59.00851
G0 F9000 X117.41 Y98.302
;TYPE:SKIN
G1 F1500 X117.382 Y98.299 E59.00944
G1 X116.463 Y98.184 E59.04025
G1 X115.584 Y97.828 E59.07179
G1 X114.826 Y97.256 E59.10337
G1 X114.247 Y96.513 E59.1347
G1 X113.875 Y95.63 E59.16657
G1 X113.742 Y94.698 E59.19788
G1 X113.86 Y93.76 E59.22933
G1 X114.224 Y92.877 E59.26109
G1 X114.793 Y92.118 E59.29265
G1 X115.535 Y91.538 E59.32397
G1 X116.414 Y91.167 E59.3557
G1 X117.342 Y91.034 E59.38688
G1 X118.288 Y91.156 E59.41861
G1 X119.167 Y91.516 E59.4502
G1 X119.93 Y92.088 E59.48192
G1 X120.506 Y92.827 E59.51308
G1 X120.877 Y93.706 E59.54481
G1 X121.01 Y94.634 E59.57599
G1 X120.888 Y95.58 E59.60772
G1 X120.528 Y96.46 E59.63934
G1 X119.959 Y97.218 E59.67087
G1 X119.217 Y97.798 E59.70219
G1 X118.338 Y98.169 E59.73392
G1 X117.41 Y98.302 E59.7651
G0 F9000 X117.378 Y98.561
G0 X116.831 Y98.459
G0 X115.631 Y98.127
G0 X115.804 Y97.702
G1 F1500 X114.354 Y96.252 E59.83331
G0 F9000 X114.04 Y95.372
G1 F1500 X116.677 Y98.009 E59.95734
G0 F9000 X117.322 Y98.089
G1 F1500 X113.946 Y94.713 E60.11614
G0 F9000 X114.005 Y94.206
G1 F1500 X117.837 Y98.038 E60.29639
G0 F9000 X118.322 Y97.958
G1 F1500 X114.09 Y93.725 E60.49547
G0 F9000 X114.255 Y93.325
G1 F1500 X118.72 Y97.79 E60.70549
G0 F9000 X119.118 Y97.622
G1 F1500 X114.43 Y92.934 E60.926
G0 F9000 X114.673 Y92.611
G1 F1500 X119.435 Y97.374 E61.15001
G0 F9000 X119.753 Y97.125
G1 F1500 X114.915 Y92.288 E61.37755
G0 F9000 X115.227 Y92.033
G1 F1500 X120.01 Y96.817 E61.60256
G0 F9000 X120.253 Y96.494
G1 F1500 X115.544 Y91.785 E61.82405
G0 F9000 X115.918 Y91.594
G1 F1500 X120.449 Y96.125 E62.03718
G0 F9000 X120.614 Y95.724
G1 F1500 X116.316 Y91.425 E62.23936
G0 F9000 X116.774 Y91.318
G1 F1500 X120.726 Y95.271 E62.42528
G0 F9000 X120.791 Y94.769
G1 F1500 X117.269 Y91.247 E62.59094
G0 F9000 X117.894 Y91.307
G1 F1500 X120.739 Y94.152 E62.72476
G0 F9000 X120.515 Y93.362
G1 F1500 X118.691 Y91.538 E62.81056
G1 F1500 E56.31056
;MESH:dubelHinge.stl
G0 F9000 X118.865 Y91.113
G0 X119.267 Y91.342
G0 X120.07 Y91.944
G0 X120.682 Y92.729
G0 X121.072 Y93.654
G0 X121.211 Y94.638
G0 X121.085 Y95.633
G0 X120.707 Y96.561
G0 X120.104 Y97.362
G0 X119.398 Y97.913
G0 X117.411 Y98.839
G0 X117.562 Y99.921
G0 X117.601 Y100.791
G0 X117.53 Y110.038
;TYPE:WALL-INNER
G1 F1500 E62.81056
G1 X118.558 Y109.892 E62.84509
G1 X119.525 Y109.485 E62.87999
G1 X120.344 Y108.847 E62.91452
G1 X120.973 Y108.013 E62.94926
G1 X121.366 Y107.047 E62.98395
G1 X121.494 Y106.01 E63.0187
G1 X121.348 Y104.982 E63.05323
G1 X120.942 Y104.015 E63.08812
G1 X120.303 Y103.2 E63.12256
G1 X119.469 Y102.571 E63.15731
G1 X118.502 Y102.178 E63.19202
G1 X117.465 Y102.046 E63.22679
G1 X116.438 Y102.192 E63.26129
G1 X115.475 Y102.598 E63.29605
G1 X114.656 Y103.237 E63.3306
G1 X114.027 Y104.071 E63.36535
G1 X113.634 Y105.038 E63.40006
G1 X113.502 Y106.075 E63.43483
G1 X113.648 Y107.102 E63.46934
G1 X114.054 Y108.065 E63.50409
G1 X114.693 Y108.884 E63.53865
G1 X115.528 Y109.514 E63.57344
G1 X116.494 Y109.91 E63.60816
G1 X117.5 Y110.034 E63.64187
G1 X117.53 Y110.038 E63.64288
G0 F9000 X117.534 Y110.442
;TYPE:WALL-OUTER
G1 F1500 X118.666 Y110.281 E63.68091
G1 X119.729 Y109.833 E63.71928
G1 X120.632 Y109.13 E63.75734
G1 X121.324 Y108.212 E63.79557
G1 X121.756 Y107.149 E63.83374
G1 X121.898 Y106.006 E63.87205
G1 X121.737 Y104.874 E63.91008
G1 X121.29 Y103.811 E63.94843
G1 X120.586 Y102.912 E63.98641
G1 X119.668 Y102.22 E64.02464
G1 X118.604 Y101.788 E64.06284
G1 X117.462 Y101.642 E64.10113
G1 X116.33 Y101.803 E64.13916
G1 X115.271 Y102.25 E64.17739
G1 X114.368 Y102.954 E64.21547
G1 X113.676 Y103.872 E64.25371
G1 X113.244 Y104.936 E64.2919
G1 X113.098 Y106.078 E64.3302
G1 X113.259 Y107.21 E64.36823
G1 X113.706 Y108.269 E64.40646
G1 X114.41 Y109.172 E64.44454
G1 X115.328 Y109.864 E64.48278
G1 X116.392 Y110.3 E64.52102
G1 X117.5 Y110.438 E64.55816
G1 X117.534 Y110.442 E64.5593
G0 F9000 X117.53 Y109.674
;TYPE:SKIN
G1 F1500 X117.5 Y109.67 E64.5603
G1 X116.588 Y109.556 E64.59087
G1 X115.704 Y109.192 E64.62267
G1 X114.946 Y108.623 E64.65419
G1 X114.366 Y107.881 E64.68552
G1 X113.995 Y107.002 E64.71725
G1 X113.862 Y106.078 E64.7483
G1 X113.984 Y105.128 E64.78016
G1 X114.344 Y104.248 E64.81178
G1 X114.916 Y103.49 E64.84336
G1 X115.659 Y102.91 E64.87471
G1 X116.535 Y102.539 E64.90636
G1 X117.462 Y102.406 E64.9375
G1 X118.408 Y102.528 E64.96923
G1 X119.288 Y102.888 E65.00085
G1 X120.046 Y103.457 E65.03238
G1 X120.629 Y104.199 E65.06376
G1 X120.997 Y105.078 E65.09546
G1 X121.13 Y106.006 E65.12664
G1 X121.012 Y106.953 E65.15838
G1 X120.656 Y107.832 E65.18992
G1 X120.084 Y108.59 E65.2215
G1 X119.341 Y109.169 E65.25283
G1 X118.458 Y109.541 E65.2847
G1 X117.53 Y109.674 E65.31588
G0 F9000 X117.498 Y109.933
G0 X116.718 Y109.787
G0 X115.526 Y109.386
G0 X115.806 Y109.017
G1 F1500 X114.52 Y107.732 E65.37635
G0 F9000 X114.169 Y106.816
G1 F1500 X116.726 Y109.372 E65.4966
G0 F9000 X117.372 Y109.452
G1 F1500 X114.075 Y106.155 E65.65168
G0 F9000 X114.12 Y105.635
G1 F1500 X117.904 Y109.418 E65.82964
G0 F9000 X118.399 Y109.348
G1 F1500 X114.194 Y105.143 E66.02743
G0 F9000 X114.358 Y104.741
G1 F1500 X118.797 Y109.181 E66.23625
G0 F9000 X119.196 Y109.013
G1 F1500 X114.523 Y104.341 E66.45603
G0 F9000 X114.767 Y104.019
G1 F1500 X119.522 Y108.774 E66.67969
G0 F9000 X119.84 Y108.526
G1 F1500 X115.011 Y103.697 E66.90684
G0 F9000 X115.314 Y103.435
G1 F1500 X120.107 Y108.228 E67.13228
G0 F9000 X120.351 Y107.906
G1 F1500 X115.631 Y103.186 E67.3543
G0 F9000 X115.996 Y102.985
G1 F1500 X120.557 Y107.547 E67.56886
G0 F9000 X120.72 Y107.144
G1 F1500 X116.393 Y102.816 E67.77241
G0 F9000 X116.839 Y102.697
G1 F1500 X120.842 Y106.7 E67.9607
G0 F9000 X120.905 Y106.197
G1 F1500 X117.334 Y102.627 E68.12864
G0 F9000 X117.944 Y102.67
G1 F1500 X120.869 Y105.596 E68.26625
G0 F9000 X120.682 Y104.843
G1 F1500 X118.705 Y102.866 E68.35924
G1 F1500 E61.85924
;MESH:dubelUpper.stl(1)
G0 F9000 X118.879 Y102.44
G0 X119.389 Y102.713
G0 X120.19 Y103.316
G0 X120.802 Y104.097
G0 X121.192 Y105.025
G0 X121.331 Y106.012
G0 X121.208 Y107.006
G0 X120.832 Y107.932
G0 X120.228 Y108.733
G0 X119.522 Y109.284
G0 X117.532 Y110.211
G0 X117.665 Y112.958
G0 X117.5 Y118.106
;TYPE:WALL-INNER
G1 F1500 E68.35924
G1 X117.938 Y118.083 E68.37383
G1 X118.559 Y117.887 E68.39549
G1 X119.109 Y117.537 E68.41717
G1 X119.542 Y117.059 E68.43862
G1 X119.847 Y116.47 E68.46068
G1 X119.985 Y115.845 E68.48197
G1 X119.949 Y115.189 E68.50382
G1 X119.755 Y114.569 E68.52543
G1 X119.405 Y114.019 E68.54711
G1 X118.927 Y113.586 E68.56857
G1 X118.338 Y113.282 E68.59061
G1 X117.713 Y113.144 E68.6119
G1 X117.056 Y113.176 E68.63378
G1 X116.44 Y113.373 E68.65529
G1 X115.886 Y113.724 E68.6771
G1 X115.454 Y114.201 E68.69851
G1 X115.15 Y114.79 E68.72055
G1 X115.012 Y115.415 E68.74184
G1 X115.044 Y116.072 E68.76372
G1 X115.24 Y116.69 E68.78528
G1 X115.595 Y117.241 E68.80708
G1 X116.07 Y117.675 E68.82848
G1 X116.658 Y117.979 E68.8505
G1 X117.287 Y118.117 E68.87192
G1 X117.5 Y118.106 E68.87901
G0 F9000 X117.5 Y118.507
;TYPE:WALL-OUTER
G1 F1500 X118.011 Y118.481 E68.89603
G1 X118.73 Y118.253 E68.92112
G1 X119.369 Y117.845 E68.94633
G1 X119.874 Y117.289 E68.97131
G1 X120.226 Y116.607 E68.99684
G1 X120.387 Y115.879 E69.02164
G1 X120.348 Y115.117 E69.04702
G1 X120.121 Y114.398 E69.07209
G1 X119.713 Y113.759 E69.09731
G1 X119.157 Y113.254 E69.12229
G1 X118.475 Y112.902 E69.14782
G1 X117.747 Y112.742 E69.17261
G1 X116.984 Y112.779 E69.19802
G1 X116.27 Y113.007 E69.22295
G1 X115.626 Y113.415 E69.2483
G1 X115.122 Y113.971 E69.27326
G1 X114.77 Y114.653 E69.29879
G1 X114.61 Y115.381 E69.32358
G1 X114.647 Y116.144 E69.34899
G1 X114.875 Y116.862 E69.37404
G1 X115.287 Y117.501 E69.39933
G1 X115.84 Y118.006 E69.42424
G1 X116.521 Y118.358 E69.44974
G1 X117.253 Y118.519 E69.47466
G1 X117.5 Y118.507 E69.48289
G0 F9000 X117.5 Y117.743
;TYPE:SKIN
G1 F1500 X117.312 Y117.754 E69.48915
G1 X116.778 Y117.638 E69.50733
G1 X116.28 Y117.374 E69.52607
G1 X115.871 Y117.005 E69.5444
G1 X115.567 Y116.53 E69.56315
G1 X115.399 Y116.008 E69.58139
G1 X115.374 Y115.442 E69.60024
G1 X115.49 Y114.916 E69.61815
G1 X115.75 Y114.404 E69.63725
G1 X116.122 Y113.999 E69.65554
G1 X116.59 Y113.699 E69.67403
G1 X117.116 Y113.531 E69.6924
G1 X117.682 Y113.505 E69.71124
G1 X118.211 Y113.622 E69.72926
G1 X118.721 Y113.882 E69.7483
G1 X119.125 Y114.251 E69.7665
G1 X119.424 Y114.717 E69.78491
G1 X119.589 Y115.252 E69.80353
G1 X119.622 Y115.815 E69.82229
G1 X119.506 Y116.338 E69.84011
G1 X119.238 Y116.853 E69.85942
G1 X118.873 Y117.258 E69.87755
G1 X118.399 Y117.56 E69.89625
G1 X117.88 Y117.721 E69.91432
G1 X117.5 Y117.743 E69.92698
G0 F9000 X117.513 Y118.005
G0 X116.713 Y117.826
G0 X116.164 Y117.541
G0 X115.804 Y117.213
G0 X115.251 Y116.393
G0 X115.688 Y116.254
G1 F1500 X116.892 Y117.458 E69.98361
G0 F9000 X117.54 Y117.54
G1 F1500 X115.58 Y115.58 E70.07581
G0 F9000 X115.656 Y115.09
G1 F1500 X118.03 Y117.465 E70.18749
G0 F9000 X118.433 Y117.301
G1 F1500 X115.826 Y114.695 E70.3101
G0 F9000 X116.06 Y114.363
G1 F1500 X118.771 Y117.074 E70.43761
G0 F9000 X119.039 Y116.776
G1 F1500 X116.352 Y114.09 E70.56398
G0 F9000 X116.702 Y113.874
G1 F1500 X119.242 Y116.413 E70.68343
G0 F9000 X119.38 Y115.986
G1 F1500 X117.131 Y113.737 E70.78921
G0 F9000 X117.667 Y113.707
G1 F1500 X119.4 Y115.44 E70.87073
G0 F9000 X119.087 Y114.562
G1 F1500 X118.54 Y114.015 E70.89646
G1 F1500 E64.39646
;MESH:dubelUpper.stl
G0 F9000 X118.75 Y113.608
G0 X119.281 Y114.124
G0 X119.609 Y114.638
G0 X119.789 Y115.218
G0 X119.823 Y115.831
G0 X119.694 Y116.414
G0 X119.408 Y116.966
G0 X119.004 Y117.413
G0 X118.712 Y117.599
G0 X117.276 Y118.289
G0 X117.327 Y119.381
G0 X117.401 Y121.061
G0 X117.5 Y127.272
;TYPE:WALL-INNER
G1 F1500 E70.89646
G1 F1503.8 X117.941 Y127.252 E70.9111
G1 F1500 X118.558 Y127.056 E70.93264
G1 X119.108 Y126.702 E70.95439
G1 X119.542 Y126.223 E70.97589
G1 X119.847 Y125.634 E70.99795
G1 X119.985 Y125.009 E71.01924
G1 X119.952 Y124.352 E71.04112
G1 X119.756 Y123.738 E71.06256
G1 X119.404 Y123.186 E71.08433
G1 X118.927 Y122.75 E71.10582
G1 X118.338 Y122.451 E71.12779
G1 X117.711 Y122.312 E71.14915
G1 X117.054 Y122.34 E71.17103
G1 X116.438 Y122.536 E71.19253
G1 X115.887 Y122.891 E71.21433
G1 X115.453 Y123.366 E71.23573
G1 X115.15 Y123.954 E71.25773
G1 X115.012 Y124.583 E71.27915
G1 X115.044 Y125.24 E71.30102
G1 X115.24 Y125.854 E71.32246
G1 X115.595 Y126.405 E71.34426
G1 X116.07 Y126.839 E71.36566
G1 X116.658 Y127.142 E71.38766
G1 X117.288 Y127.281 E71.40912
G1 F1503.8 X117.5 Y127.272 E71.41616
G0 F9000 X117.5 Y127.672
;TYPE:WALL-OUTER
G1 F1500 X118.012 Y127.649 E71.43321
G1 X118.73 Y127.421 E71.45826
G1 X119.369 Y127.01 E71.48353
G1 X119.874 Y126.453 E71.50854
G1 X120.226 Y125.771 E71.53407
G1 X120.387 Y125.043 E71.55886
G1 X120.349 Y124.28 E71.58427
G1 X120.121 Y123.566 E71.6092
G1 X119.713 Y122.926 E71.63445
G1 X119.157 Y122.418 E71.6595
G1 X118.475 Y122.071 E71.68495
G1 X117.746 Y121.91 E71.70978
G1 X116.984 Y121.943 E71.73514
G1 X116.266 Y122.171 E71.7602
G1 X115.627 Y122.583 E71.78549
G1 X115.122 Y123.136 E71.8104
G1 X114.77 Y123.817 E71.83589
G1 X114.61 Y124.549 E71.86081
G1 X114.647 Y125.312 E71.88622
G1 X114.875 Y126.026 E71.91115
G1 X115.287 Y126.665 E71.93644
G1 X115.84 Y127.17 E71.96135
G1 X116.521 Y127.522 E71.98684
G1 X117.254 Y127.683 E72.01181
G1 X117.5 Y127.672 E72.02
G0 F9000 X117.5 Y126.91
;TYPE:SKIN
G1 F1503.8 X117.317 Y126.919 E72.02607
G1 F1500 X116.778 Y126.802 E72.04442
G1 X116.28 Y126.538 E72.06317
G1 X115.871 Y126.169 E72.08149
G1 X115.567 Y125.694 E72.10024
G1 X115.399 Y125.176 E72.11836
G1 X115.373 Y124.61 E72.1372
G1 X115.49 Y124.081 E72.15522
G1 X115.754 Y123.567 E72.17444
G1 X116.119 Y123.167 E72.19245
G1 X116.594 Y122.863 E72.21121
G1 X117.116 Y122.695 E72.22945
G1 X117.677 Y122.673 E72.24812
G1 X118.216 Y122.794 E72.26649
G1 X118.717 Y123.047 E72.28516
G1 X119.125 Y123.418 E72.3035
G1 X119.425 Y123.894 E72.32222
G1 X119.593 Y124.413 E72.34036
G1 X119.622 Y124.979 E72.35921
G1 X119.506 Y125.502 E72.37703
G1 X119.238 Y126.017 E72.39634
G1 X118.873 Y126.422 E72.41447
G1 X118.398 Y126.725 E72.43321
G1 X117.876 Y126.893 E72.45145
G1 F1503.8 X117.5 Y126.91 E72.46394
G0 F9000 X117.511 Y127.17
G0 X116.713 Y126.99
G0 X116.164 Y126.705
G0 X115.719 Y126.3
G0 X115.196 Y125.388
G0 X115.633 Y125.25
G1 F1500 X117.036 Y126.653 E72.52993
G0 F9000 X117.652 Y126.703
G1 F1500 X115.574 Y124.625 E72.62767
G0 F9000 X115.677 Y124.162
G1 F1500 X118.119 Y126.605 E72.74256
G0 F9000 X118.502 Y126.422
G1 F1500 X115.866 Y123.785 E72.86657
G0 F9000 X116.114 Y123.468
G1 F1500 X118.824 Y126.178 E72.99404
G0 F9000 X119.087 Y125.875
G1 F1500 X116.422 Y123.211 E73.11937
G0 F9000 X116.788 Y123.01
G1 F1500 X119.28 Y125.503 E73.23661
G0 F9000 X119.401 Y125.057
G1 F1500 X117.234 Y122.891 E73.33852
G0 F9000 X117.82 Y122.911
G1 F1500 X119.397 Y124.488 E73.41269
G1 F1500 E66.91269
;MESH:NONMESH
G0 F300 X119.397 Y124.488 Z0.8
G0 F9000 X119.858 Y124.467
G0 X119.022 Y122.607
G0 X119.523 Y121.634
G0 X121.046 Y116.91
G0 X121.256 Y115.948
G0 X122.769 Y106.005
G0 X122.58 Y104.642
G0 X122.045 Y103.375
G0 X121.199 Y102.29
G0 X120.31 Y101.619
G0 X117.562 Y99.921
G0 X117.41 Y98.666
;TIME_ELAPSED:140.240543
;LAYER:3
M106 S255
;TYPE:WALL-INNER
;MESH:dubelHinge.stl(1)
G1 F1500 E73.41269
G1 X118.438 Y98.521 E73.44722
G1 X119.401 Y98.114 E73.482
G1 X120.22 Y97.475 E73.51655
G1 X120.849 Y96.641 E73.55129
G1 X121.242 Y95.674 E73.58601
G1 X121.374 Y94.637 E73.62078
G1 X121.228 Y93.61 E73.65528
G1 X120.822 Y92.647 E73.69004
G1 X120.183 Y91.828 E73.72459
G1 X119.348 Y91.2 E73.75934
G1 X118.382 Y90.806 E73.79404
G1 X117.345 Y90.674 E73.82881
G1 X116.318 Y90.82 E73.86331
G1 X115.351 Y91.226 E73.89819
G1 X114.536 Y91.865 E73.93264
G1 X113.906 Y92.7 E73.96743
G1 X113.51 Y93.666 E74.00215
G1 X113.382 Y94.702 E74.03687
G1 X113.528 Y95.73 E74.07141
G1 X113.935 Y96.697 E74.1063
G1 X114.573 Y97.516 E74.14083
G1 X115.407 Y98.145 E74.17557
G1 X116.373 Y98.538 E74.21026
G1 X117.382 Y98.663 E74.24408
G1 X117.41 Y98.666 E74.24501
G0 F9000 X117.414 Y99.07
;TYPE:WALL-OUTER
G1 F1500 X118.546 Y98.909 E74.28304
G1 X119.605 Y98.462 E74.32127
G1 X120.508 Y97.758 E74.35936
G1 X121.2 Y96.84 E74.39759
G1 X121.632 Y95.776 E74.43579
G1 X121.778 Y94.634 E74.47408
G1 X121.617 Y93.502 E74.51211
G1 X121.17 Y92.443 E74.55034
G1 X120.466 Y91.54 E74.58842
G1 X119.548 Y90.848 E74.62666
G1 X118.484 Y90.416 E74.66485
G1 X117.342 Y90.27 E74.70315
G1 X116.21 Y90.431 E74.74118
G1 X115.147 Y90.878 E74.77953
G1 X114.248 Y91.582 E74.81751
G1 X113.556 Y92.5 E74.85574
G1 X113.12 Y93.564 E74.89399
G1 X112.978 Y94.706 E74.93226
G1 X113.139 Y95.838 E74.97029
G1 X113.587 Y96.901 E75.00866
G1 X114.29 Y97.804 E75.04672
G1 X115.208 Y98.496 E75.08496
G1 X116.271 Y98.928 E75.12312
G1 X117.383 Y99.066 E75.16039
G1 X117.414 Y99.07 E75.16143
G0 F9000 X117.41 Y98.302
;TYPE:SKIN
G1 F1500 X117.382 Y98.299 E75.16237
G1 X116.463 Y98.184 E75.19317
G1 X115.584 Y97.828 E75.22471
G1 X114.826 Y97.256 E75.2563
G1 X114.247 Y96.513 E75.28763
G1 X113.875 Y95.63 E75.3195
G1 X113.742 Y94.698 E75.35081
G1 X113.86 Y93.76 E75.38225
G1 X114.224 Y92.877 E75.41402
G1 X114.793 Y92.118 E75.44557
G1 X115.535 Y91.538 E75.47689
G1 X116.414 Y91.167 E75.50863
G1 X117.342 Y91.034 E75.53981
G1 X118.288 Y91.156 E75.57153
G1 X119.167 Y91.516 E75.60312
G1 X119.93 Y92.088 E75.63484
G1 X120.506 Y92.827 E75.66601
G1 X120.877 Y93.706 E75.69774
G1 X121.01 Y94.634 E75.72892
G1 X120.888 Y95.58 E75.76064
G1 X120.528 Y96.46 E75.79227
G1 X119.959 Y97.218 E75.82379
G1 X119.217 Y97.798 E75.85512
G1 X118.338 Y98.169 E75.88685
G1 X117.41 Y98.302 E75.91803
G0 F9000 X117.378 Y98.561
G0 X118.394 Y98.364
G0 X119.319 Y97.974
G0 X120.025 Y97.423
G0 X120.82 Y96.443
G0 X120.39 Y96.268
G1 F1500 X118.973 Y97.685 E75.98468
G0 F9000 X118.089 Y98.003
G1 F1500 X120.712 Y95.38 E76.10806
G0 F9000 X120.795 Y94.731
G1 F1500 X117.429 Y98.097 E76.26638
G0 F9000 X116.921 Y98.04
G1 F1500 X120.747 Y94.213 E76.44637
G0 F9000 X120.668 Y93.727
G1 F1500 X116.436 Y97.958 E76.64541
G0 F9000 X116.033 Y97.796
G1 F1500 X120.5 Y93.329 E76.85552
G0 F9000 X120.332 Y92.932
G1 F1500 X115.641 Y97.622 E77.07615
G0 F9000 X115.319 Y97.379
G1 F1500 X120.084 Y92.613 E77.3003
G0 F9000 X119.837 Y92.295
G1 F1500 X114.997 Y97.135 E77.52796
G0 F9000 X114.743 Y96.823
G1 F1500 X119.529 Y92.037 E77.75308
G0 F9000 X119.205 Y91.795
G1 F1500 X114.495 Y96.505 E77.97462
G0 F9000 X114.304 Y96.131
G1 F1500 X118.838 Y91.597 E78.18789
G0 F9000 X118.437 Y91.432
G1 F1500 X114.136 Y95.733 E78.3902
G0 F9000 X114.027 Y95.276
G1 F1500 X117.985 Y91.319 E78.57634
G0 F9000 X117.484 Y91.254
G1 F1500 X113.957 Y94.781 E78.74224
G0 F9000 X114.012 Y94.16
G1 F1500 X116.868 Y91.304 E78.87658
G0 F9000 X116.084 Y91.523
G1 F1500 X114.237 Y93.369 E78.96344
G1 F1500 E72.46344
;MESH:dubelHinge.stl
G0 F9000 X113.812 Y93.195
G0 X113.667 Y93.707
G0 X113.545 Y94.7
G0 X113.684 Y95.687
G0 X114.036 Y96.522
G0 X115.321 Y98.296
G0 X114.91 Y99.31
G0 X115.967 Y101.019
G0 X117.53 Y110.038
;TYPE:WALL-INNER
G1 F1500 E78.96344
G1 X118.558 Y109.892 E78.99797
G1 X119.525 Y109.485 E79.03287
G1 X120.344 Y108.847 E79.06739
G1 X120.973 Y108.013 E79.10214
G1 X121.366 Y107.047 E79.13682
G1 X121.494 Y106.01 E79.17158
G1 X121.348 Y104.982 E79.20611
G1 X120.942 Y104.015 E79.24099
G1 X120.303 Y103.2 E79.27544
G1 X119.469 Y102.571 E79.31018
G1 X118.502 Y102.178 E79.3449
G1 X117.465 Y102.046 E79.37967
G1 X116.438 Y102.192 E79.41417
G1 X115.475 Y102.598 E79.44893
G1 X114.656 Y103.237 E79.48348
G1 X114.027 Y104.071 E79.51822
G1 X113.634 Y105.038 E79.55294
G1 X113.502 Y106.075 E79.58771
G1 X113.648 Y107.102 E79.62221
G1 X114.054 Y108.065 E79.65697
G1 X114.693 Y108.884 E79.69152
G1 X115.528 Y109.514 E79.72631
G1 X116.494 Y109.91 E79.76104
G1 X117.5 Y110.034 E79.79475
G1 X117.53 Y110.038 E79.79576
G0 F9000 X117.534 Y110.442
;TYPE:WALL-OUTER
G1 F1500 X118.666 Y110.281 E79.83379
G1 X119.729 Y109.833 E79.87215
G1 X120.632 Y109.13 E79.91022
G1 X121.324 Y108.212 E79.94845
G1 X121.756 Y107.149 E79.98662
G1 X121.898 Y106.006 E80.02492
G1 X121.737 Y104.874 E80.06295
G1 X121.29 Y103.811 E80.10131
G1 X120.586 Y102.912 E80.13929
G1 X119.668 Y102.22 E80.17752
G1 X118.604 Y101.788 E80.21572
G1 X117.462 Y101.642 E80.25401
G1 X116.33 Y101.803 E80.29204
G1 X115.271 Y102.25 E80.33027
G1 X114.368 Y102.954 E80.36835
G1 X113.676 Y103.872 E80.40659
G1 X113.244 Y104.936 E80.44478
G1 X113.098 Y106.078 E80.48307
G1 X113.259 Y107.21 E80.5211
G1 X113.706 Y108.269 E80.55934
G1 X114.41 Y109.172 E80.59742
G1 X115.328 Y109.864 E80.63565
G1 X116.392 Y110.3 E80.6739
G1 X117.5 Y110.438 E80.71104
G1 X117.534 Y110.442 E80.71217
G0 F9000 X117.53 Y109.674
;TYPE:SKIN
G1 F1500 X117.5 Y109.67 E80.71318
G1 X116.588 Y109.556 E80.74375
G1 X115.704 Y109.192 E80.77555
G1 X114.946 Y108.623 E80.80707
G1 X114.366 Y107.881 E80.8384
G1 X113.995 Y107.002 E80.87013
G1 X113.862 Y106.078 E80.90118
G1 X113.984 Y105.128 E80.93303
G1 X114.344 Y104.248 E80.96466
G1 X114.916 Y103.49 E80.99624
G1 X115.659 Y102.91 E81.02759
G1 X116.535 Y102.539 E81.05923
G1 X117.462 Y102.406 E81.09038
G1 X118.408 Y102.528 E81.12211
G1 X119.288 Y102.888 E81.15373
G1 X120.046 Y103.457 E81.18525
G1 X120.629 Y104.199 E81.21664
G1 X120.997 Y105.078 E81.24833
G1 X121.13 Y106.006 E81.27951
G1 X121.012 Y106.953 E81.31125
G1 X120.656 Y107.832 E81.3428
G1 X120.084 Y108.59 E81.37438
G1 X119.341 Y109.169 E81.40571
G1 X118.458 Y109.541 E81.43758
G1 X117.53 Y109.674 E81.46876
G0 F9000 X117.498 Y109.933
G0 X118.515 Y109.736
G0 X119.443 Y109.345
G0 X120.228 Y108.733
G0 X120.571 Y108.279
G0 X121.073 Y107.499
G0 X120.646 Y107.325
G1 F1500 X118.785 Y109.186 E81.5563
G0 F9000 X118.001 Y109.405
G1 F1500 X120.861 Y106.545 E81.69082
G0 F9000 X120.916 Y105.924
G1 F1500 X117.385 Y109.454 E81.85689
G0 F9000 X116.882 Y109.392
G1 F1500 X120.845 Y105.429 E82.04329
G0 F9000 X120.736 Y104.973
G1 F1500 X116.432 Y109.276 E82.24572
G0 F9000 X116.031 Y109.112
G1 F1500 X120.569 Y104.574 E82.45917
G0 F9000 X120.376 Y104.201
G1 F1500 X115.664 Y108.913 E82.68081
G0 F9000 X115.341 Y108.67
G1 F1500 X120.128 Y103.884 E82.90595
G0 F9000 X119.871 Y103.575
G1 F1500 X115.035 Y108.411 E83.13342
G0 F9000 X114.787 Y108.093
G1 F1500 X119.548 Y103.332 E83.35736
G0 F9000 X119.225 Y103.09
G1 F1500 X114.539 Y107.775 E83.57776
G0 F9000 X114.371 Y107.378
G1 F1500 X118.831 Y102.917 E83.78756
G0 F9000 X118.43 Y102.753
G1 F1500 X114.203 Y106.98 E83.98639
G0 F9000 X114.123 Y106.494
G1 F1500 X117.948 Y102.67 E84.16628
G0 F9000 X117.441 Y102.611
G1 F1500 X114.077 Y105.975 E84.32451
G0 F9000 X114.161 Y105.325
G1 F1500 X116.781 Y102.705 E84.44775
G0 F9000 X115.892 Y103.028
G1 F1500 X114.482 Y104.438 E84.51407
G1 F1500 E78.01407
;MESH:dubelUpper.stl(1)
G0 F9000 X114.057 Y104.265
G0 X113.791 Y105.079
G0 X113.665 Y106.074
G0 X113.804 Y107.058
G0 X114.194 Y107.983
G0 X114.745 Y108.689
G0 X116.451 Y110.077
G0 X116.318 Y111.163
G0 X116.696 Y111.965
G0 X117.5 Y118.106
;TYPE:WALL-INNER
G1 F1500 E84.51407
G1 X117.938 Y118.083 E84.52866
G1 X118.559 Y117.887 E84.55032
G1 X119.109 Y117.537 E84.572
G1 X119.542 Y117.059 E84.59345
G1 X119.847 Y116.47 E84.61551
G1 X119.985 Y115.845 E84.6368
G1 X119.949 Y115.189 E84.65865
G1 X119.755 Y114.569 E84.68026
G1 X119.405 Y114.019 E84.70194
G1 X118.927 Y113.586 E84.7234
G1 X118.338 Y113.282 E84.74544
G1 X117.713 Y113.144 E84.76673
G1 X117.056 Y113.176 E84.78861
G1 X116.44 Y113.373 E84.81012
G1 X115.886 Y113.724 E84.83193
G1 X115.454 Y114.201 E84.85334
G1 X115.15 Y114.79 E84.87538
G1 X115.012 Y115.415 E84.89667
G1 X115.044 Y116.072 E84.91855
G1 X115.24 Y116.69 E84.94011
G1 X115.595 Y117.241 E84.96191
G1 X116.07 Y117.675 E84.98331
G1 X116.658 Y117.979 E85.00533
G1 X117.287 Y118.117 E85.02675
G1 X117.5 Y118.106 E85.03384
G0 F9000 X117.5 Y118.507
;TYPE:WALL-OUTER
G1 F1500 X118.011 Y118.481 E85.05086
G1 X118.73 Y118.253 E85.07595
G1 X119.369 Y117.845 E85.10116
G1 X119.874 Y117.289 E85.12614
G1 X120.226 Y116.607 E85.15167
G1 X120.387 Y115.879 E85.17647
G1 X120.348 Y115.117 E85.20185
G1 X120.121 Y114.398 E85.22692
G1 X119.713 Y113.759 E85.25214
G1 X119.157 Y113.254 E85.27712
G1 X118.475 Y112.902 E85.30265
G1 X117.747 Y112.742 E85.32744
G1 X116.984 Y112.779 E85.35285
G1 X116.27 Y113.007 E85.37778
G1 X115.626 Y113.415 E85.40313
G1 X115.122 Y113.971 E85.42809
G1 X114.77 Y114.653 E85.45362
G1 X114.61 Y115.381 E85.47841
G1 X114.647 Y116.144 E85.50382
G1 X114.875 Y116.862 E85.52887
G1 X115.287 Y117.501 E85.55416
G1 X115.84 Y118.006 E85.57907
G1 X116.521 Y118.358 E85.60457
G1 X117.253 Y118.519 E85.62949
G1 X117.5 Y118.507 E85.63772
G0 F9000 X117.5 Y117.743
;TYPE:SKIN
G1 F1500 X117.312 Y117.754 E85.64398
G1 X116.778 Y117.638 E85.66216
G1 X116.28 Y117.374 E85.6809
G1 X115.871 Y117.005 E85.69923
G1 X115.567 Y116.53 E85.71798
G1 X115.399 Y116.008 E85.73622
G1 X115.374 Y115.442 E85.75507
G1 X115.49 Y114.916 E85.77298
G1 X115.75 Y114.404 E85.79208
G1 X116.122 Y113.999 E85.81037
G1 X116.59 Y113.699 E85.82886
G1 X117.116 Y113.531 E85.84723
G1 X117.682 Y113.505 E85.86607
G1 X118.211 Y113.622 E85.88409
G1 X118.721 Y113.882 E85.90313
G1 X119.125 Y114.251 E85.92133
G1 X119.424 Y114.717 E85.93974
G1 X119.589 Y115.252 E85.95836
G1 X119.622 Y115.815 E85.97712
G1 X119.506 Y116.338 E85.99494
G1 X119.238 Y116.853 E86.01425
G1 X118.873 Y117.258 E86.03238
G1 X118.399 Y117.56 E86.05108
G1 X117.88 Y117.721 E86.06915
G1 X117.5 Y117.743 E86.08181
G0 F9000 X117.799 Y117.526
G1 F1500 X119.391 Y115.934 E86.15669
G0 F9000 X119.395 Y115.364
G1 F1500 X117.228 Y117.532 E86.25865
G0 F9000 X116.78 Y117.414
G1 F1500 X119.276 Y114.918 E86.37605
G0 F9000 X119.079 Y114.549
G1 F1500 X116.41 Y117.218 E86.50159
G0 F9000 X116.11 Y116.953
G1 F1500 X118.82 Y114.242 E86.62908
G0 F9000 X118.502 Y113.995
G1 F1500 X115.868 Y116.629 E86.75298
G0 F9000 X115.686 Y116.245
G1 F1500 X118.124 Y113.807 E86.86766
G0 F9000 X117.659 Y113.706
G1 F1500 X115.59 Y115.775 E86.96498
G0 F9000 X115.642 Y115.158
G1 F1500 X117.032 Y113.768 E87.03036
G1 F1500 E80.53036
;MESH:dubelUpper.stl
G0 F9000 X116.894 Y113.332
G0 X115.991 Y113.848
G0 X115.587 Y114.294
G0 X115.302 Y114.846
G0 X115.174 Y115.429
G0 X115.203 Y116.044
G0 X115.387 Y116.621
G0 X115.719 Y117.136
G0 X115.971 Y117.366
G0 X117.276 Y118.289
G0 X117.327 Y119.381
G0 X117.401 Y121.061
G0 X117.5 Y127.272
;TYPE:WALL-INNER
G1 F1500 E87.03036
G1 F1503.8 X117.941 Y127.252 E87.045
G1 F1500 X118.558 Y127.056 E87.06653
G1 X119.108 Y126.702 E87.08829
G1 X119.542 Y126.223 E87.10979
G1 X119.847 Y125.634 E87.13185
G1 X119.985 Y125.009 E87.15314
G1 X119.952 Y124.352 E87.17502
G1 X119.756 Y123.738 E87.19645
G1 X119.404 Y123.186 E87.21823
G1 X118.927 Y122.75 E87.23972
G1 X118.338 Y122.451 E87.26169
G1 X117.711 Y122.312 E87.28305
G1 X117.054 Y122.34 E87.30492
G1 X116.438 Y122.536 E87.32642
G1 X115.887 Y122.891 E87.34823
G1 X115.453 Y123.366 E87.36963
G1 X115.15 Y123.954 E87.39163
G1 X115.012 Y124.583 E87.41304
G1 X115.044 Y125.24 E87.43492
G1 X115.24 Y125.854 E87.45636
G1 X115.595 Y126.405 E87.47816
G1 X116.07 Y126.839 E87.49956
G1 X116.658 Y127.142 E87.52156
G1 X117.288 Y127.281 E87.54302
G1 F1503.8 X117.5 Y127.272 E87.55006
G0 F9000 X117.5 Y127.672
;TYPE:WALL-OUTER
G1 F1500 X118.012 Y127.649 E87.5671
G1 X118.73 Y127.421 E87.59216
G1 X119.369 Y127.01 E87.61743
G1 X119.874 Y126.453 E87.64244
G1 X120.226 Y125.771 E87.66796
G1 X120.387 Y125.043 E87.69276
G1 X120.349 Y124.28 E87.71817
G1 X120.121 Y123.566 E87.7431
G1 X119.713 Y122.926 E87.76834
G1 X119.157 Y122.418 E87.79339
G1 X118.475 Y122.071 E87.81884
G1 X117.746 Y121.91 E87.84368
G1 X116.984 Y121.943 E87.86904
G1 X116.266 Y122.171 E87.8941
G1 X115.627 Y122.583 E87.91939
G1 X115.122 Y123.136 E87.94429
G1 X114.77 Y123.817 E87.96979
G1 X114.61 Y124.549 E87.99471
G1 X114.647 Y125.312 E88.02012
G1 X114.875 Y126.026 E88.04505
G1 X115.287 Y126.665 E88.07034
G1 X115.84 Y127.17 E88.09525
G1 X116.521 Y127.522 E88.12074
G1 X117.254 Y127.683 E88.1457
G1 X117.5 Y127.672 E88.15389
G0 F9000 X117.5 Y126.91
;TYPE:SKIN
G1 F1503.8 X117.317 Y126.919 E88.15997
G1 F1500 X116.778 Y126.802 E88.17832
G1 X116.28 Y126.538 E88.19706
G1 X115.871 Y126.169 E88.21539
G1 X115.567 Y125.694 E88.23414
G1 X115.399 Y125.176 E88.25225
G1 X115.373 Y124.61 E88.2711
G1 X115.49 Y124.081 E88.28912
G1 X115.754 Y123.567 E88.30834
G1 X116.119 Y123.167 E88.32635
G1 X116.594 Y122.863 E88.34511
G1 X117.116 Y122.695 E88.36334
G1 X117.677 Y122.673 E88.38202
G1 X118.216 Y122.794 E88.40039
G1 X118.717 Y123.047 E88.41906
G1 X119.125 Y123.418 E88.4374
G1 X119.425 Y123.894 E88.45611
G1 X119.593 Y124.413 E88.47426
G1 X119.622 Y124.979 E88.49311
G1 X119.506 Y125.502 E88.51093
G1 X119.238 Y126.017 E88.53024
G1 X118.873 Y126.422 E88.54837
G1 X118.398 Y126.725 E88.56711
G1 X117.876 Y126.893 E88.58535
G1 F1503.8 X117.5 Y126.91 E88.59783
G0 F9000 X117.511 Y127.17
G0 X118.801 Y126.781
G0 X118.551 Y126.391
G1 F1500 X119.107 Y125.835 E88.62399
G0 F9000 X119.42 Y124.956
G1 F1500 X117.674 Y126.702 E88.70611
G0 F9000 X117.135 Y126.675
G1 F1500 X119.386 Y124.424 E88.81199
G0 F9000 X119.247 Y123.998
G1 F1500 X116.707 Y126.538 E88.93147
G0 F9000 X116.347 Y126.332
G1 F1500 X119.032 Y123.647 E89.05776
G0 F9000 X118.759 Y123.355
G1 F1500 X116.05 Y126.063 E89.18516
G0 F9000 X115.824 Y125.724
G1 F1500 X118.425 Y123.123 E89.3075
G0 F9000 X118.025 Y122.957
G1 F1500 X115.658 Y125.324 E89.41884
G0 F9000 X115.584 Y124.832
G1 F1500 X117.537 Y122.879 E89.5107
G0 F9000 X116.866 Y122.985
G1 F1500 X115.675 Y124.176 E89.56672
G1 F1500 E83.06672
;MESH:NONMESH
G0 F300 X115.675 Y124.176 Z1
G0 F9000 X115.227 Y124.077
G0 X116.362 Y122.386
G0 X116.029 Y121.344
G0 X114.089 Y117.236
G0 X113.79 Y116.299
G0 X112.231 Y106.083
G0 X112.4 Y104.717
G0 X112.917 Y103.443
G0 X113.746 Y102.344
G0 X114.625 Y101.66
G0 X117.278 Y99.925
G0 X117.41 Y98.666
;TIME_ELAPSED:169.760134
;LAYER:4
;note -- min layer time used
;TYPE:WALL-INNER
;MESH:dubelHinge.stl(1)
G1 F1500 E89.56672
G1 X118.438 Y98.521 E89.60125
G1 X119.401 Y98.114 E89.63603
G1 X120.22 Y97.475 E89.67058
G1 X120.849 Y96.641 E89.70532
G1 X121.242 Y95.674 E89.74004
G1 X121.374 Y94.637 E89.77481
G1 X121.228 Y93.61 E89.80931
G1 X120.822 Y92.647 E89.84407
G1 X120.183 Y91.828 E89.87862
G1 X119.348 Y91.2 E89.91337
G1 X118.382 Y90.806 E89.94807
G1 X117.345 Y90.674 E89.98284
G1 X116.318 Y90.82 E90.01734
G1 X115.351 Y91.226 E90.05222
G1 X114.536 Y91.865 E90.08667
G1 X113.906 Y92.7 E90.12146
G1 X113.51 Y93.666 E90.15618
G1 X113.382 Y94.702 E90.1909
G1 X113.528 Y95.73 E90.22544
G1 X113.935 Y96.697 E90.26033
G1 X114.573 Y97.516 E90.29486
G1 X115.407 Y98.145 E90.3296
G1 X116.373 Y98.538 E90.36429
G1 X117.382 Y98.663 E90.39811
G1 X117.41 Y98.666 E90.39904
G0 F9000 X117.414 Y99.07
;TYPE:WALL-OUTER
G1 F1500 X118.546 Y98.909 E90.43707
G1 X119.605 Y98.462 E90.4753
G1 X120.508 Y97.758 E90.51339
G1 X121.2 Y96.84 E90.55162
G1 X121.632 Y95.776 E90.58982
G1 X121.778 Y94.634 E90.62811
G1 X121.617 Y93.502 E90.66614
G1 X121.17 Y92.443 E90.70437
G1 X120.466 Y91.54 E90.74245
G1 X119.548 Y90.848 E90.78069
G1 X118.484 Y90.416 E90.81888
G1 X117.342 Y90.27 E90.85718
G1 X116.21 Y90.431 E90.89521
G1 X115.147 Y90.878 E90.93356
G1 X114.248 Y91.582 E90.97154
G1 X113.556 Y92.5 E91.00977
G1 X113.12 Y93.564 E91.04802
G1 X112.978 Y94.706 E91.08629
G1 X113.139 Y95.838 E91.12432
G1 X113.587 Y96.901 E91.16269
G1 X114.29 Y97.804 E91.20075
G1 X115.208 Y98.496 E91.23899
G1 X116.271 Y98.928 E91.27715
G1 X117.383 Y99.066 E91.31442
G1 X117.414 Y99.07 E91.31546
G0 F9000 X117.408 Y98.356
G0 X115.793 Y97.969
G0 X115.707 Y98.18
;TYPE:FILL
G1 F2737.9 X117.685 Y90.797 E91.56968
G0 F9000 X117.656 Y91.027
G0 X115.316 Y91.651
G0 X115.174 Y91.467
G1 F2737.9 X120.577 Y96.87 E91.82382
G0 F9000 X120.398 Y96.734
G0 X121.026 Y94.396
G0 X121.254 Y94.366
G1 F2737.9 X113.873 Y96.343 E92.07797
G0 F9000 X114.362 Y96.137
G1 F1500 E85.57797
;MESH:dubelHinge.stl
G0 F9000 X115.321 Y98.296
G0 X114.91 Y99.31
G0 X115.967 Y101.019
G0 X116.394 Y102.026
G0 X117.529 Y109.728
G0 X117.53 Y110.038
;TYPE:WALL-INNER
G1 F1500 E92.07797
G1 X118.558 Y109.892 E92.1125
G1 X119.525 Y109.485 E92.1474
G1 X120.344 Y108.847 E92.18193
G1 X120.973 Y108.013 E92.21667
G1 X121.366 Y107.047 E92.25136
G1 X121.494 Y106.01 E92.28611
G1 X121.348 Y104.982 E92.32064
G1 X120.942 Y104.015 E92.35553
G1 X120.303 Y103.2 E92.38997
G1 X119.469 Y102.571 E92.42472
G1 X118.502 Y102.178 E92.45943
G1 X117.465 Y102.046 E92.4942
G1 X116.438 Y102.192 E92.5287
G1 X115.475 Y102.598 E92.56346
G1 X114.656 Y103.237 E92.59801
G1 X114.027 Y104.071 E92.63276
G1 X113.634 Y105.038 E92.66747
G1 X113.502 Y106.075 E92.70224
G1 X113.648 Y107.102 E92.73675
G1 X114.054 Y108.065 E92.77151
G1 X114.693 Y108.884 E92.80606
G1 X115.528 Y109.514 E92.84085
G1 X116.494 Y109.91 E92.87557
G1 X117.5 Y110.034 E92.90928
G1 X117.53 Y110.038 E92.91029
G0 F9000 X117.534 Y110.442
;TYPE:WALL-OUTER
G1 F1500 X118.666 Y110.281 E92.94832
G1 X119.729 Y109.833 E92.98669
G1 X120.632 Y109.13 E93.02475
G1 X121.324 Y108.212 E93.06298
G1 X121.756 Y107.149 E93.10115
G1 X121.898 Y106.006 E93.13946
G1 X121.737 Y104.874 E93.17749
G1 X121.29 Y103.811 E93.21584
G1 X120.586 Y102.912 E93.25382
G1 X119.668 Y102.22 E93.29205
G1 X118.604 Y101.788 E93.33025
G1 X117.462 Y101.642 E93.36854
G1 X116.33 Y101.803 E93.40657
G1 X115.271 Y102.25 E93.4448
G1 X114.368 Y102.954 E93.48288
G1 X113.676 Y103.872 E93.52112
G1 X113.244 Y104.936 E93.55932
G1 X113.098 Y106.078 E93.59761
G1 X113.259 Y107.21 E93.63564
G1 X113.706 Y108.269 E93.67387
G1 X114.41 Y109.172 E93.71195
G1 X115.328 Y109.864 E93.75019
G1 X116.392 Y110.3 E93.78843
G1 X117.5 Y110.438 E93.82557
G1 X117.534 Y110.442 E93.82671
G0 F9000 X117.529 Y109.728
G0 X115.913 Y109.341
G0 X115.828 Y109.55
;TYPE:FILL
G1 F2737.9 X117.806 Y102.17 E94.08083
G0 F9000 X117.777 Y102.399
G0 X115.437 Y103.023
G0 X115.295 Y102.84
G1 F2737.9 X120.699 Y108.244 E94.33502
G0 F9000 X120.519 Y108.107
G0 X121.147 Y105.767
G0 X121.373 Y105.737
G1 F2737.9 X113.993 Y107.715 E94.58914
G0 F9000 X114.482 Y107.511
G1 F1500 E88.08914
;MESH:dubelUpper.stl(1)
G0 F9000 X116.451 Y110.077
G0 X116.318 Y111.163
G0 X116.696 Y111.965
G0 X117.027 Y113.008
G0 X117.487 Y117.799
G0 X117.5 Y118.106
;TYPE:WALL-INNER
G1 F1500 E94.58914
G1 X117.938 Y118.083 E94.60373
G1 X118.559 Y117.887 E94.62539
G1 X119.109 Y117.537 E94.64707
G1 X119.542 Y117.059 E94.66852
G1 X119.847 Y116.47 E94.69058
G1 X119.985 Y115.845 E94.71187
G1 X119.949 Y115.189 E94.73372
G1 X119.755 Y114.569 E94.75533
G1 X119.405 Y114.019 E94.77701
G1 X118.927 Y113.586 E94.79847
G1 X118.338 Y113.282 E94.82051
G1 X117.713 Y113.144 E94.8418
G1 X117.056 Y113.176 E94.86368
G1 X116.44 Y113.373 E94.88519
G1 X115.886 Y113.724 E94.907
G1 X115.454 Y114.201 E94.92841
G1 X115.15 Y114.79 E94.95045
G1 X115.012 Y115.415 E94.97174
G1 X115.044 Y116.072 E94.99362
G1 X115.24 Y116.69 E95.01518
G1 X115.595 Y117.241 E95.03698
G1 X116.07 Y117.675 E95.05838
G1 X116.658 Y117.979 E95.0804
G1 X117.287 Y118.117 E95.10182
G1 X117.5 Y118.106 E95.10891
G0 F9000 X117.5 Y118.507
;TYPE:WALL-OUTER
G1 F1500 X118.011 Y118.481 E95.12593
G1 X118.73 Y118.253 E95.15101
G1 X119.369 Y117.845 E95.17623
G1 X119.874 Y117.289 E95.20121
G1 X120.226 Y116.607 E95.22674
G1 X120.387 Y115.879 E95.25154
G1 X120.348 Y115.117 E95.27692
G1 X120.121 Y114.398 E95.30199
G1 X119.713 Y113.759 E95.32721
G1 X119.157 Y113.254 E95.35219
G1 X118.475 Y112.902 E95.37772
G1 X117.747 Y112.742 E95.40251
G1 X116.984 Y112.779 E95.42792
G1 X116.27 Y113.007 E95.45284
G1 X115.626 Y113.415 E95.4782
G1 X115.122 Y113.971 E95.50316
G1 X114.77 Y114.653 E95.52869
G1 X114.61 Y115.381 E95.55348
G1 X114.647 Y116.144 E95.57889
G1 X114.875 Y116.862 E95.60394
G1 X115.287 Y117.501 E95.62923
G1 X115.84 Y118.006 E95.65414
G1 X116.521 Y118.358 E95.67963
G1 X117.253 Y118.519 E95.70456
G1 X117.5 Y118.507 E95.71279
G0 F9000 X117.468 Y117.8
G0 X116.327 Y117.463
G0 X116.224 Y117.662
;TYPE:FILL
G1 F2737.9 X117.41 Y113.237 E95.86516
G0 F9000 X117.42 Y113.469
G0 X116.5 Y113.703
G0 X116.376 Y113.509
G1 F2737.9 X119.613 Y116.747 E96.01744
G0 F9000 X119.414 Y116.644
G0 X119.671 Y115.731
G0 X119.898 Y115.721
G1 F2737.9 X115.474 Y116.907 E96.16978
G0 F9000 X115.921 Y116.623
G1 F1500 E89.66978
;MESH:dubelUpper.stl
G0 F9000 X117.276 Y118.289
G0 X117.327 Y119.381
G0 X117.401 Y121.061
G0 X117.451 Y122.134
G0 X117.487 Y126.964
G0 X117.5 Y127.272
;TYPE:WALL-INNER
G1 F1500 E96.16978
G1 F1503.8 X117.941 Y127.252 E96.18443
G1 F1500 X118.558 Y127.056 E96.20596
G1 X119.108 Y126.702 E96.22771
G1 X119.542 Y126.223 E96.24921
G1 X119.847 Y125.634 E96.27127
G1 X119.985 Y125.009 E96.29256
G1 X119.952 Y124.352 E96.31444
G1 X119.756 Y123.738 E96.33588
G1 X119.404 Y123.186 E96.35765
G1 X118.927 Y122.75 E96.37915
G1 X118.338 Y122.451 E96.40112
G1 X117.711 Y122.312 E96.42248
G1 X117.054 Y122.34 E96.44435
G1 X116.438 Y122.536 E96.46585
G1 X115.887 Y122.891 E96.48765
G1 X115.453 Y123.366 E96.50905
G1 X115.15 Y123.954 E96.53105
G1 X115.012 Y124.583 E96.55247
G1 X115.044 Y125.24 E96.57435
G1 X115.24 Y125.854 E96.59578
G1 X115.595 Y126.405 E96.61758
G1 X116.07 Y126.839 E96.63898
G1 X116.658 Y127.142 E96.66098
G1 X117.288 Y127.281 E96.68244
G1 F1503.8 X117.5 Y127.272 E96.68948
G0 F9000 X117.5 Y127.672
;TYPE:WALL-OUTER
G1 F1500 X118.012 Y127.649 E96.70653
G1 X118.73 Y127.421 E96.73158
G1 X119.369 Y127.01 E96.75685
G1 X119.874 Y126.453 E96.78186
G1 X120.226 Y125.771 E96.80739
G1 X120.387 Y125.043 E96.83218
G1 X120.349 Y124.28 E96.85759
G1 X120.121 Y123.566 E96.88252
G1 X119.713 Y122.926 E96.90777
G1 X119.157 Y122.418 E96.93282
G1 X118.475 Y122.071 E96.95827
G1 X117.746 Y121.91 E96.9831
G1 X116.984 Y121.943 E97.00847
G1 X116.266 Y122.171 E97.03352
G1 X115.627 Y122.583 E97.05881
G1 X115.122 Y123.136 E97.08372
G1 X114.77 Y123.817 E97.10921
G1 X114.61 Y124.549 E97.13414
G1 X114.647 Y125.312 E97.15954
G1 X114.875 Y126.026 E97.18447
G1 X115.287 Y126.665 E97.20976
G1 X115.84 Y127.17 E97.23467
G1 X116.521 Y127.522 E97.26017
G1 X117.254 Y127.683 E97.28513
G1 X117.5 Y127.672 E97.29332
G0 F9000 X117.468 Y126.965
G0 X116.327 Y126.628
G0 X116.224 Y126.827
;TYPE:FILL
G1 F2737.9 X117.409 Y122.405 E97.44558
G0 F9000 X117.419 Y122.635
G0 X116.5 Y122.868
G0 X116.376 Y122.672
G1 F2737.9 X119.614 Y125.91 E97.59789
G0 F9000 X119.415 Y125.807
G0 X119.671 Y124.895
G0 X119.898 Y124.885
G1 F2737.9 X115.474 Y126.071 E97.75023
G0 F9000 X115.921 Y125.787
G1 F1500 E91.25023
;MESH:NONMESH
G0 F300 X115.921 Y125.787 Z1.2
G0 F9000 X117.028 Y122.172
G0 X116.977 Y121.081
G0 X114.62 Y118.064
G0 X114.089 Y117.236
G0 X113.79 Y116.299
G0 X112.231 Y106.083
G0 X112.4 Y104.717
G0 X112.917 Y103.443
G0 X113.746 Y102.344
G0 X114.625 Y101.66
G0 X117.278 Y99.925
G0 X117.411 Y98.839
G0 X117.408 Y98.356
G0 X117.41 Y98.666
;TIME_ELAPSED:185.805699
;LAYER:5
;note -- min layer time used
;TYPE:WALL-INNER
;MESH:dubelHinge.stl(1)
G1 F1500 E97.75023
G1 X118.438 Y98.521 E97.78476
G1 X119.401 Y98.114 E97.81953
G1 X120.22 Y97.475 E97.85408
G1 X120.849 Y96.641 E97.88882
G1 X121.242 Y95.674 E97.92354
G1 X121.374 Y94.637 E97.95831
G1 X121.228 Y93.61 E97.99281
G1 X120.822 Y92.647 E98.02757
G1 X120.183 Y91.828 E98.06212
G1 X119.348 Y91.2 E98.09687
G1 X118.382 Y90.806 E98.13157
G1 X117.345 Y90.674 E98.16634
G1 X116.318 Y90.82 E98.20084
G1 X115.351 Y91.226 E98.23572
G1 X114.536 Y91.865 E98.27017
G1 X113.906 Y92.7 E98.30496
G1 X113.51 Y93.666 E98.33968
G1 X113.382 Y94.702 E98.3744
G1 X113.528 Y95.73 E98.40894
G1 X113.935 Y96.697 E98.44383
G1 X114.573 Y97.516 E98.47836
G1 X115.407 Y98.145 E98.51311
G1 X116.373 Y98.538 E98.54779
G1 X117.382 Y98.663 E98.58161
G1 X117.41 Y98.666 E98.58254
G0 F9000 X117.414 Y99.07
;TYPE:WALL-OUTER
G1 F1500 X118.546 Y98.909 E98.62057
G1 X119.605 Y98.462 E98.65881
G1 X120.508 Y97.758 E98.69689
G1 X121.2 Y96.84 E98.73512
G1 X121.632 Y95.776 E98.77332
G1 X121.778 Y94.634 E98.81161
G1 X121.617 Y93.502 E98.84964
G1 X121.17 Y92.443 E98.88787
G1 X120.466 Y91.54 E98.92595
G1 X119.548 Y90.848 E98.96419
G1 X118.484 Y90.416 E99.00239
G1 X117.342 Y90.27 E99.04068
G1 X116.21 Y90.431 E99.07871
G1 X115.147 Y90.878 E99.11706
G1 X114.248 Y91.582 E99.15504
G1 X113.556 Y92.5 E99.19328
G1 X113.12 Y93.564 E99.23152
G1 X112.978 Y94.706 E99.2698
G1 X113.139 Y95.838 E99.30782
G1 X113.587 Y96.901 E99.34619
G1 X114.29 Y97.804 E99.38425
G1 X115.208 Y98.496 E99.42249
G1 X116.271 Y98.928 E99.46065
G1 X117.383 Y99.066 E99.49792
G1 X117.414 Y99.07 E99.49896
G0 F9000 X117.408 Y98.356
G0 X115.661 Y97.916
G0 X115.575 Y98.127
;TYPE:FILL
G1 F2704.3 X117.544 Y90.78 E99.75195
G0 F9000 X117.515 Y91.01
G0 X115.428 Y91.563
G0 X115.285 Y91.379
G1 F2704.3 X120.662 Y96.756 E100.00487
G0 F9000 X120.484 Y96.62
G0 X121.046 Y94.536
G0 X121.274 Y94.506
G1 F2704.3 X113.927 Y96.475 E100.25785
G0 F9000 X114.417 Y96.268
G1 F1500 E93.75785
;MESH:dubelHinge.stl
G0 F9000 X115.321 Y98.296
G0 X114.91 Y99.31
G0 X115.967 Y101.019
G0 X116.394 Y102.026
G0 X117.529 Y109.728
G0 X117.53 Y110.038
;TYPE:WALL-INNER
G1 F1500 E100.25785
G1 X118.558 Y109.892 E100.29239
G1 X119.525 Y109.485 E100.32728
G1 X120.344 Y108.847 E100.36181
G1 X120.973 Y108.013 E100.39655
G1 X121.366 Y107.047 E100.43124
G1 X121.494 Y106.01 E100.46599
G1 X121.348 Y104.982 E100.50053
G1 X120.942 Y104.015 E100.53541
G1 X120.303 Y103.2 E100.56986
G1 X119.469 Y102.571 E100.6046
G1 X118.502 Y102.178 E100.63932
G1 X117.465 Y102.046 E100.67409
G1 X116.438 Y102.192 E100.70859
G1 X115.475 Y102.598 E100.74335
G1 X114.656 Y103.237 E100.7779
G1 X114.027 Y104.071 E100.81264
G1 X113.634 Y105.038 E100.84736
G1 X113.502 Y106.075 E100.88213
G1 X113.648 Y107.102 E100.91663
G1 X114.054 Y108.065 E100.95139
G1 X114.693 Y108.884 E100.98594
G1 X115.528 Y109.514 E101.02073
G1 X116.494 Y109.91 E101.05545
G1 X117.5 Y110.034 E101.08917
G1 X117.53 Y110.038 E101.09017
G0 F9000 X117.534 Y110.442
;TYPE:WALL-OUTER
G1 F1500 X118.666 Y110.281 E101.1282
G1 X119.729 Y109.833 E101.16657
G1 X120.632 Y109.13 E101.20463
G1 X121.324 Y108.212 E101.24287
G1 X121.756 Y107.149 E101.28103
G1 X121.898 Y106.006 E101.31934
G1 X121.737 Y104.874 E101.35737
G1 X121.29 Y103.811 E101.39572
G1 X120.586 Y102.912 E101.4337
G1 X119.668 Y102.22 E101.47194
G1 X118.604 Y101.788 E101.51013
G1 X117.462 Y101.642 E101.54842
G1 X116.33 Y101.803 E101.58645
G1 X115.271 Y102.25 E101.62469
G1 X114.368 Y102.954 E101.66277
G1 X113.676 Y103.872 E101.701
G1 X113.244 Y104.936 E101.7392
G1 X113.098 Y106.078 E101.77749
G1 X113.259 Y107.21 E101.81552
G1 X113.706 Y108.269 E101.85375
G1 X114.41 Y109.172 E101.89183
G1 X115.328 Y109.864 E101.93007
G1 X116.392 Y110.3 E101.96832
G1 X117.5 Y110.438 E102.00545
G1 X117.534 Y110.442 E102.00659
G0 F9000 X117.529 Y109.728
G0 X115.781 Y109.287
G0 X115.696 Y109.496
;TYPE:FILL
G1 F2704.3 X117.665 Y102.152 E102.25948
G0 F9000 X117.636 Y102.382
G0 X115.549 Y102.935
G0 X115.408 Y102.753
G1 F2704.3 X120.785 Y108.131 E102.51242
G0 F9000 X120.604 Y107.993
G0 X121.167 Y105.908
G0 X121.394 Y105.878
G1 F2704.3 X114.049 Y107.846 E102.76533
G0 F9000 X114.537 Y107.642
G1 F1500 E96.26533
;MESH:dubelUpper.stl(1)
G0 F9000 X116.451 Y110.077
G0 X116.318 Y111.163
G0 X116.696 Y111.965
G0 X117.027 Y113.008
G0 X117.487 Y117.799
G0 X117.5 Y118.106
;TYPE:WALL-INNER
G1 F1500 E102.76533
G1 X117.938 Y118.083 E102.77992
G1 X118.559 Y117.887 E102.80158
G1 X119.109 Y117.537 E102.82326
G1 X119.542 Y117.059 E102.84472
G1 X119.847 Y116.47 E102.86678
G1 X119.985 Y115.845 E102.88806
G1 X119.949 Y115.189 E102.90992
G1 X119.755 Y114.569 E102.93152
G1 X119.405 Y114.019 E102.95321
G1 X118.927 Y113.586 E102.97466
G1 X118.338 Y113.282 E102.9967
G1 X117.713 Y113.144 E103.01799
G1 X117.056 Y113.176 E103.03987
G1 X116.44 Y113.373 E103.06138
G1 X115.886 Y113.724 E103.08319
G1 X115.454 Y114.201 E103.1046
G1 X115.15 Y114.79 E103.12664
G1 X115.012 Y115.415 E103.14793
G1 X115.044 Y116.072 E103.16981
G1 X115.24 Y116.69 E103.19137
G1 X115.595 Y117.241 E103.21317
G1 X116.07 Y117.675 E103.23457
G1 X116.658 Y117.979 E103.25659
G1 X117.287 Y118.117 E103.27801
G1 X117.5 Y118.106 E103.2851
G0 F9000 X117.5 Y118.507
;TYPE:WALL-OUTER
G1 F1500 X118.011 Y118.481 E103.30212
G1 X118.73 Y118.253 E103.32721
G1 X119.369 Y117.845 E103.35242
G1 X119.874 Y117.289 E103.37741
G1 X120.226 Y116.607 E103.40293
G1 X120.387 Y115.879 E103.42773
G1 X120.348 Y115.117 E103.45311
G1 X120.121 Y114.398 E103.47819
G1 X119.713 Y113.759 E103.5034
G1 X119.157 Y113.254 E103.52838
G1 X118.475 Y112.902 E103.55391
G1 X117.747 Y112.742 E103.5787
G1 X116.984 Y112.779 E103.60411
G1 X116.27 Y113.007 E103.62904
G1 X115.626 Y113.415 E103.65439
G1 X115.122 Y113.971 E103.67935
G1 X114.77 Y114.653 E103.70488
G1 X114.61 Y115.381 E103.72967
G1 X114.647 Y116.144 E103.75508
G1 X114.875 Y116.862 E103.78013
G1 X115.287 Y117.501 E103.80542
G1 X115.84 Y118.006 E103.83033
G1 X116.521 Y118.358 E103.85583
G1 X117.253 Y118.519 E103.88076
G1 X117.5 Y118.507 E103.88898
G0 F9000 X117.468 Y117.8
G0 X116.252 Y117.422
G0 X116.098 Y117.589
;TYPE:FILL
G1 F2704.3 X117.262 Y113.245 E104.03856
G0 F9000 X116.502 Y113.436
G1 F2704.3 X119.681 Y116.615 E104.18809
G0 F9000 X119.898 Y115.867
G1 F2704.3 X115.554 Y117.031 E104.33767
G0 F9000 X116.001 Y116.747
G1 F1500 E97.83767
;MESH:dubelUpper.stl
G0 F9000 X117.276 Y118.289
G0 X117.327 Y119.381
G0 X117.401 Y121.061
G0 X117.451 Y122.134
G0 X117.487 Y126.964
G0 X117.5 Y127.272
;TYPE:WALL-INNER
G1 F1500 E104.33767
G1 F1503.8 X117.941 Y127.252 E104.35232
G1 F1500 X118.558 Y127.056 E104.37385
G1 X119.108 Y126.702 E104.3956
G1 X119.542 Y126.223 E104.4171
G1 X119.847 Y125.634 E104.43916
G1 X119.985 Y125.009 E104.46045
G1 X119.952 Y124.352 E104.48233
G1 X119.756 Y123.738 E104.50377
G1 X119.404 Y123.186 E104.52554
G1 X118.927 Y122.75 E104.54703
G1 X118.338 Y122.451 E104.569
G1 X117.711 Y122.312 E104.59036
G1 X117.054 Y122.34 E104.61224
G1 X116.438 Y122.536 E104.63374
G1 X115.887 Y122.891 E104.65554
G1 X115.453 Y123.366 E104.67694
G1 X115.15 Y123.954 E104.69894
G1 X115.012 Y124.583 E104.72036
G1 X115.044 Y125.24 E104.74223
G1 X115.24 Y125.854 E104.76367
G1 X115.595 Y126.405 E104.78547
G1 X116.07 Y126.839 E104.80687
G1 X116.658 Y127.142 E104.82887
G1 X117.288 Y127.281 E104.85033
G1 F1503.8 X117.5 Y127.272 E104.85737
G0 F9000 X117.5 Y127.672
;TYPE:WALL-OUTER
G1 F1500 X118.012 Y127.649 E104.87442
G1 X118.73 Y127.421 E104.89947
G1 X119.369 Y127.01 E104.92474
G1 X119.874 Y126.453 E104.94975
G1 X120.226 Y125.771 E104.97528
G1 X120.387 Y125.043 E105.00007
G1 X120.349 Y124.28 E105.02548
G1 X120.121 Y123.566 E105.05041
G1 X119.713 Y122.926 E105.07566
G1 X119.157 Y122.418 E105.10071
G1 X118.475 Y122.071 E105.12616
G1 X117.746 Y121.91 E105.15099
G1 X116.984 Y121.943 E105.17636
G1 X116.266 Y122.171 E105.20141
G1 X115.627 Y122.583 E105.2267
G1 X115.122 Y123.136 E105.25161
G1 X114.77 Y123.817 E105.2771
G1 X114.61 Y124.549 E105.30203
G1 X114.647 Y125.312 E105.32743
G1 X114.875 Y126.026 E105.35236
G1 X115.287 Y126.665 E105.37765
G1 X115.84 Y127.17 E105.40256
G1 X116.521 Y127.522 E105.42805
G1 X117.254 Y127.683 E105.45302
G1 X117.5 Y127.672 E105.46121
G0 F9000 X117.468 Y126.965
G0 X116.252 Y126.587
G0 X116.098 Y126.754
;TYPE:FILL
G1 F2704.3 X117.261 Y122.411 E105.61074
G0 F9000 X116.504 Y122.6
G1 F2704.3 X119.682 Y125.779 E105.76025
G0 F9000 X119.897 Y125.032
G1 F2704.3 X115.555 Y126.195 E105.90976
G0 F9000 X116.001 Y125.912
G1 F1500 E99.40976
;MESH:NONMESH
G0 F300 X116.001 Y125.912 Z1.4
G0 F9000 X117.028 Y122.172
G0 X116.977 Y121.081
G0 X114.62 Y118.064
G0 X114.089 Y117.236
G0 X113.79 Y116.299
G0 X112.231 Y106.083
G0 X112.4 Y104.717
G0 X112.917 Y103.443
G0 X113.746 Y102.344
G0 X114.625 Y101.66
G0 X117.278 Y99.925
G0 X117.411 Y98.839
G0 X117.408 Y98.356
G0 X117.41 Y98.666
;TIME_ELAPSED:201.608409
;LAYER:6
;note -- min layer time used
;TYPE:WALL-INNER
;MESH:dubelHinge.stl(1)
G1 F1500 E105.90976
G1 X118.438 Y98.521 E105.94429
G1 X119.401 Y98.114 E105.97906
G1 X120.22 Y97.475 E106.01361
G1 X120.849 Y96.641 E106.04835
G1 X121.242 Y95.674 E106.08307
G1 X121.374 Y94.637 E106.11784
G1 X121.228 Y93.61 E106.15234
G1 X120.822 Y92.647 E106.1871
G1 X120.183 Y91.828 E106.22165
G1 X119.348 Y91.2 E106.2564
G1 X118.382 Y90.806 E106.2911
G1 X117.345 Y90.674 E106.32587
G1 X116.318 Y90.82 E106.36037
G1 X115.351 Y91.226 E106.39525
G1 X114.536 Y91.865 E106.4297
G1 X113.906 Y92.7 E106.46449
G1 X113.51 Y93.666 E106.49921
G1 X113.382 Y94.702 E106.53393
G1 X113.528 Y95.73 E106.56847
G1 X113.935 Y96.697 E106.60336
G1 X114.573 Y97.516 E106.63789
G1 X115.407 Y98.145 E106.67264
G1 X116.373 Y98.538 E106.70732
G1 X117.382 Y98.663 E106.74114
G1 X117.41 Y98.666 E106.74208
G0 F9000 X117.414 Y99.07
;TYPE:WALL-OUTER
G1 F1500 X118.546 Y98.909 E106.7801
G1 X119.605 Y98.462 E106.81834
G1 X120.508 Y97.758 E106.85642
G1 X121.2 Y96.84 E106.89466
G1 X121.632 Y95.776 E106.93285
G1 X121.778 Y94.634 E106.97114
G1 X121.617 Y93.502 E107.00917
G1 X121.17 Y92.443 E107.0474
G1 X120.466 Y91.54 E107.08549
G1 X119.548 Y90.848 E107.12372
G1 X118.484 Y90.416 E107.16192
G1 X117.342 Y90.27 E107.20021
G1 X116.21 Y90.431 E107.23824
G1 X115.147 Y90.878 E107.27659
G1 X114.248 Y91.582 E107.31457
G1 X113.556 Y92.5 E107.35281
G1 X113.12 Y93.564 E107.39105
G1 X112.978 Y94.706 E107.42933
G1 X113.139 Y95.838 E107.46736
G1 X113.587 Y96.901 E107.50572
G1 X114.29 Y97.804 E107.54379
G1 X115.208 Y98.496 E107.58202
G1 X116.271 Y98.928 E107.62018
G1 X117.383 Y99.066 E107.65745
G1 X117.414 Y99.07 E107.65849
G0 F9000 X117.408 Y98.356
G0 X115.559 Y97.875
G0 X115.444 Y98.072
;TYPE:FILL
G1 F2664.7 X117.403 Y90.762 E107.9102
G0 F9000 X117.374 Y90.992
G0 X115.515 Y91.495
G0 X115.398 Y91.293
G1 F2664.7 X120.748 Y96.643 E108.16185
G0 F9000 X120.569 Y96.507
G0 X121.063 Y94.643
G0 X121.291 Y94.648
G1 F2664.7 X113.983 Y96.606 E108.41349
G0 F9000 X114.476 Y96.397
G1 F1500 E101.91349
;MESH:dubelHinge.stl
G0 F9000 X115.321 Y98.296
G0 X114.91 Y99.31
G0 X115.967 Y101.019
G0 X116.394 Y102.026
G0 X117.529 Y109.728
G0 X117.53 Y110.038
;TYPE:WALL-INNER
G1 F1500 E108.41349
G1 X118.558 Y109.892 E108.44802
G1 X119.525 Y109.485 E108.48292
G1 X120.344 Y108.847 E108.51745
G1 X120.973 Y108.013 E108.55219
G1 X121.366 Y107.047 E108.58688
G1 X121.494 Y106.01 E108.62163
G1 X121.348 Y104.982 E108.65617
G1 X120.942 Y104.015 E108.69105
G1 X120.303 Y103.2 E108.72549
G1 X119.469 Y102.571 E108.76024
G1 X118.502 Y102.178 E108.79496
G1 X117.465 Y102.046 E108.82972
G1 X116.438 Y102.192 E108.86423
G1 X115.475 Y102.598 E108.89899
G1 X114.656 Y103.237 E108.93354
G1 X114.027 Y104.071 E108.96828
G1 X113.634 Y105.038 E109.003
G1 X113.502 Y106.075 E109.03777
G1 X113.648 Y107.102 E109.07227
G1 X114.054 Y108.065 E109.10703
G1 X114.693 Y108.884 E109.14158
G1 X115.528 Y109.514 E109.17637
G1 X116.494 Y109.91 E109.21109
G1 X117.5 Y110.034 E109.2448
G1 X117.53 Y110.038 E109.24581
G0 F9000 X117.534 Y110.442
;TYPE:WALL-OUTER
G1 F1500 X118.666 Y110.281 E109.28384
G1 X119.729 Y109.833 E109.32221
G1 X120.632 Y109.13 E109.36027
G1 X121.324 Y108.212 E109.39851
G1 X121.756 Y107.149 E109.43667
G1 X121.898 Y106.006 E109.47498
G1 X121.737 Y104.874 E109.51301
G1 X121.29 Y103.811 E109.55136
G1 X120.586 Y102.912 E109.58934
G1 X119.668 Y102.22 E109.62758
G1 X118.604 Y101.788 E109.66577
G1 X117.462 Y101.642 E109.70406
G1 X116.33 Y101.803 E109.74209
G1 X115.271 Y102.25 E109.78032
G1 X114.368 Y102.954 E109.81841
G1 X113.676 Y103.872 E109.85664
G1 X113.244 Y104.936 E109.89484
G1 X113.098 Y106.078 E109.93313
G1 X113.259 Y107.21 E109.97116
G1 X113.706 Y108.269 E110.00939
G1 X114.41 Y109.172 E110.04747
G1 X115.328 Y109.864 E110.08571
G1 X116.392 Y110.3 E110.12395
G1 X117.5 Y110.438 E110.16109
G1 X117.534 Y110.442 E110.16223
G0 F9000 X117.529 Y109.728
G0 X115.682 Y109.248
G0 X115.565 Y109.442
;TYPE:FILL
G1 F2664.7 X117.523 Y102.134 E110.41387
G0 F9000 X117.494 Y102.364
G0 X115.635 Y102.868
G0 X115.52 Y102.666
G1 F2664.7 X120.871 Y108.017 E110.66556
G0 F9000 X120.69 Y107.879
G0 X121.184 Y106.015
G0 X121.412 Y106.019
G1 F2664.7 X114.104 Y107.977 E110.9172
G0 F9000 X114.597 Y107.769
G1 F1500 E104.4172
;MESH:dubelUpper.stl(1)
G0 F9000 X116.451 Y110.077
G0 X116.318 Y111.163
G0 X116.696 Y111.965
G0 X117.027 Y113.008
G0 X117.487 Y117.799
G0 X117.5 Y118.106
;TYPE:WALL-INNER
G1 F1500 E110.9172
G1 X117.938 Y118.083 E110.93179
G1 X118.559 Y117.887 E110.95345
G1 X119.109 Y117.537 E110.97513
G1 X119.542 Y117.059 E110.99658
G1 X119.847 Y116.47 E111.01864
G1 X119.985 Y115.845 E111.03993
G1 X119.949 Y115.189 E111.06178
G1 X119.755 Y114.569 E111.08339
G1 X119.405 Y114.019 E111.10507
G1 X118.927 Y113.586 E111.12652
G1 X118.338 Y113.282 E111.14857
G1 X117.713 Y113.144 E111.16986
G1 X117.056 Y113.176 E111.19174
G1 X116.44 Y113.373 E111.21325
G1 X115.886 Y113.724 E111.23506
G1 X115.454 Y114.201 E111.25646
G1 X115.15 Y114.79 E111.27851
G1 X115.012 Y115.415 E111.2998
G1 X115.044 Y116.072 E111.32168
G1 X115.24 Y116.69 E111.34324
G1 X115.595 Y117.241 E111.36504
G1 X116.07 Y117.675 E111.38644
G1 X116.658 Y117.979 E111.40846
G1 X117.287 Y118.117 E111.42987
G1 X117.5 Y118.106 E111.43697
G0 F9000 X117.5 Y118.507
;TYPE:WALL-OUTER
G1 F1500 X118.011 Y118.481 E111.45399
G1 X118.73 Y118.253 E111.47907
G1 X119.369 Y117.845 E111.50429
G1 X119.874 Y117.289 E111.52927
G1 X120.226 Y116.607 E111.5548
G1 X120.387 Y115.879 E111.5796
G1 X120.348 Y115.117 E111.60497
G1 X120.121 Y114.398 E111.63005
G1 X119.713 Y113.759 E111.65527
G1 X119.157 Y113.254 E111.68025
G1 X118.475 Y112.902 E111.70578
G1 X117.747 Y112.742 E111.73057
G1 X116.984 Y112.779 E111.75597
G1 X116.27 Y113.007 E111.7809
G1 X115.626 Y113.415 E111.80626
G1 X115.122 Y113.971 E111.83122
G1 X114.77 Y114.653 E111.85675
G1 X114.61 Y115.381 E111.88154
G1 X114.647 Y116.144 E111.90694
G1 X114.875 Y116.862 E111.932
G1 X115.287 Y117.501 E111.95729
G1 X115.84 Y118.006 E111.9822
G1 X116.521 Y118.358 E112.00769
G1 X117.253 Y118.519 E112.03262
G1 X117.5 Y118.507 E112.04085
G0 F9000 X117.468 Y117.8
G0 X116.134 Y117.315
G0 X115.98 Y117.482
;TYPE:FILL
G1 F2664.7 X117.114 Y113.252 E112.1865
G0 F9000 X116.654 Y113.388
G1 F2664.7 X119.75 Y116.485 E112.33215
G0 F9000 X119.863 Y116.023
G1 F2664.7 X115.634 Y117.156 E112.47777
G0 F9000 X116.086 Y116.865
G1 F1500 E105.97777
;MESH:dubelUpper.stl
G0 F9000 X117.276 Y118.289
G0 X117.327 Y119.381
G0 X117.401 Y121.061
G0 X117.451 Y122.134
G0 X117.487 Y126.964
G0 X117.5 Y127.272
;TYPE:WALL-INNER
G1 F1500 E112.47777
G1 F1503.8 X117.941 Y127.252 E112.49242
G1 F1500 X118.558 Y127.056 E112.51395
G1 X119.108 Y126.702 E112.53571
G1 X119.542 Y126.223 E112.5572
G1 X119.847 Y125.634 E112.57926
G1 X119.985 Y125.009 E112.60055
G1 X119.952 Y124.352 E112.62243
G1 X119.756 Y123.738 E112.64387
G1 X119.404 Y123.186 E112.66564
G1 X118.927 Y122.75 E112.68714
G1 X118.338 Y122.451 E112.70911
G1 X117.711 Y122.312 E112.73047
G1 X117.054 Y122.34 E112.75234
G1 X116.438 Y122.536 E112.77384
G1 X115.887 Y122.891 E112.79564
G1 X115.453 Y123.366 E112.81704
G1 X115.15 Y123.954 E112.83904
G1 X115.012 Y124.583 E112.86046
G1 X115.044 Y125.24 E112.88234
G1 X115.24 Y125.854 E112.90377
G1 X115.595 Y126.405 E112.92558
G1 X116.07 Y126.839 E112.94698
G1 X116.658 Y127.142 E112.96898
G1 X117.288 Y127.281 E112.99043
G1 F1503.8 X117.5 Y127.272 E112.99747
G0 F9000 X117.5 Y127.672
;TYPE:WALL-OUTER
G1 F1500 X118.012 Y127.649 E113.01452
G1 X118.73 Y127.421 E113.03958
G1 X119.369 Y127.01 E113.06485
G1 X119.874 Y126.453 E113.08985
G1 X120.226 Y125.771 E113.11538
G1 X120.387 Y125.043 E113.14018
G1 X120.349 Y124.28 E113.16559
G1 X120.121 Y123.566 E113.19052
G1 X119.713 Y122.926 E113.21576
G1 X119.157 Y122.418 E113.24081
G1 X118.475 Y122.071 E113.26626
G1 X117.746 Y121.91 E113.29109
G1 X116.984 Y121.943 E113.31646
G1 X116.266 Y122.171 E113.34151
G1 X115.627 Y122.583 E113.3668
G1 X115.122 Y123.136 E113.39171
G1 X114.77 Y123.817 E113.41721
G1 X114.61 Y124.549 E113.44213
G1 X114.647 Y125.312 E113.46754
G1 X114.875 Y126.026 E113.49247
G1 X115.287 Y126.665 E113.51775
G1 X115.84 Y127.17 E113.54266
G1 X116.521 Y127.522 E113.56816
G1 X117.254 Y127.683 E113.59312
G1 X117.5 Y127.672 E113.60131
G0 F9000 X117.468 Y126.965
G0 X116.134 Y126.48
G0 X115.98 Y126.647
;TYPE:FILL
G1 F2664.7 X117.114 Y122.417 E113.74697
G0 F9000 X116.655 Y122.552
G1 F2664.7 X119.75 Y125.647 E113.89255
G0 F9000 X119.863 Y125.187
G1 F2664.7 X115.635 Y126.32 E114.03813
G0 F9000 X116.086 Y126.03
G1 F1500 E107.53813
;MESH:NONMESH
G0 F300 X116.086 Y126.03 Z1.6
G0 F9000 X117.028 Y122.172
G0 X116.977 Y121.081
G0 X114.62 Y118.064
G0 X114.089 Y117.236
G0 X113.79 Y116.299
G0 X112.231 Y106.083
G0 X112.4 Y104.717
G0 X112.917 Y103.443
G0 X113.746 Y102.344
G0 X114.625 Y101.66
G0 X117.278 Y99.925
G0 X117.411 Y98.839
G0 X117.408 Y98.356
G0 X117.41 Y98.666
;TIME_ELAPSED:217.317234
;LAYER:7
;note -- min layer time used
;TYPE:WALL-INNER
;MESH:dubelHinge.stl(1)
G1 F1500 E114.03813
G1 X118.438 Y98.521 E114.07266
G1 X119.401 Y98.114 E114.10743
G1 X120.22 Y97.475 E114.14199
G1 X120.849 Y96.641 E114.17673
G1 X121.242 Y95.674 E114.21145
G1 X121.374 Y94.637 E114.24621
G1 X121.228 Y93.61 E114.28072
G1 X120.822 Y92.647 E114.31548
G1 X120.183 Y91.828 E114.35003
G1 X119.348 Y91.2 E114.38478
G1 X118.382 Y90.806 E114.41948
G1 X117.345 Y90.674 E114.45424
G1 X116.318 Y90.82 E114.48875
G1 X115.351 Y91.226 E114.52363
G1 X114.536 Y91.865 E114.55807
G1 X113.906 Y92.7 E114.59286
G1 X113.51 Y93.666 E114.62759
G1 X113.382 Y94.702 E114.66231
G1 X113.528 Y95.73 E114.69684
G1 X113.935 Y96.697 E114.73174
G1 X114.573 Y97.516 E114.76627
G1 X115.407 Y98.145 E114.80101
G1 X116.373 Y98.538 E114.8357
G1 X117.382 Y98.663 E114.86951
G1 X117.41 Y98.666 E114.87045
G0 F9000 X117.414 Y99.07
;TYPE:WALL-OUTER
G1 F1500 X118.546 Y98.909 E114.90848
G1 X119.605 Y98.462 E114.94671
G1 X120.508 Y97.758 E114.98479
G1 X121.2 Y96.84 E115.02303
G1 X121.632 Y95.776 E115.06122
G1 X121.778 Y94.634 E115.09952
G1 X121.617 Y93.502 E115.13755
G1 X121.17 Y92.443 E115.17578
G1 X120.466 Y91.54 E115.21386
G1 X119.548 Y90.848 E115.2521
G1 X118.484 Y90.416 E115.29029
G1 X117.342 Y90.27 E115.32858
G1 X116.21 Y90.431 E115.36661
G1 X115.147 Y90.878 E115.40497
G1 X114.248 Y91.582 E115.44295
G1 X113.556 Y92.5 E115.48118
G1 X113.12 Y93.564 E115.51943
G1 X112.978 Y94.706 E115.5577
G1 X113.139 Y95.838 E115.59573
G1 X113.587 Y96.901 E115.6341
G1 X114.29 Y97.804 E115.67216
G1 X115.208 Y98.496 E115.7104
G1 X116.271 Y98.928 E115.74856
G1 X117.383 Y99.066 E115.78583
G1 X117.414 Y99.07 E115.78687
G0 F9000 X117.408 Y98.356
G0 X115.459 Y97.799
G0 X115.322 Y97.979
;TYPE:FILL
G1 F2623.2 X117.254 Y90.767 E116.0352
G0 F9000 X117.285 Y90.999
G0 X115.629 Y91.448
G0 X115.54 Y91.234
G1 F2623.2 X120.816 Y96.51 E116.28337
G0 F9000 X120.608 Y96.425
G0 X121.046 Y94.772
G0 X121.271 Y94.8
G1 F2623.2 X114.064 Y96.731 E116.53153
G0 F9000 X114.483 Y96.407
G1 F1500 E110.03153
;MESH:dubelHinge.stl
G0 F9000 X115.321 Y98.296
G0 X114.91 Y99.31
G0 X115.967 Y101.019
G0 X116.394 Y102.026
G0 X117.529 Y109.728
G0 X117.53 Y110.038
;TYPE:WALL-INNER
G1 F1500 E116.53153
G1 X118.558 Y109.892 E116.56606
G1 X119.525 Y109.485 E116.60096
G1 X120.344 Y108.847 E116.63549
G1 X120.973 Y108.013 E116.67023
G1 X121.366 Y107.047 E116.70492
G1 X121.494 Y106.01 E116.73967
G1 X121.348 Y104.982 E116.7742
G1 X120.942 Y104.015 E116.80909
G1 X120.303 Y103.2 E116.84353
G1 X119.469 Y102.571 E116.87827
G1 X118.502 Y102.178 E116.91299
G1 X117.465 Y102.046 E116.94776
G1 X116.438 Y102.192 E116.98226
G1 X115.475 Y102.598 E117.01702
G1 X114.656 Y103.237 E117.05157
G1 X114.027 Y104.071 E117.08632
G1 X113.634 Y105.038 E117.12103
G1 X113.502 Y106.075 E117.1558
G1 X113.648 Y107.102 E117.1903
G1 X114.054 Y108.065 E117.22506
G1 X114.693 Y108.884 E117.25961
G1 X115.528 Y109.514 E117.2944
G1 X116.494 Y109.91 E117.32913
G1 X117.5 Y110.034 E117.36284
G1 X117.53 Y110.038 E117.36385
G0 F9000 X117.534 Y110.442
;TYPE:WALL-OUTER
G1 F1500 X118.666 Y110.281 E117.40188
G1 X119.729 Y109.833 E117.44024
G1 X120.632 Y109.13 E117.47831
G1 X121.324 Y108.212 E117.51654
G1 X121.756 Y107.149 E117.55471
G1 X121.898 Y106.006 E117.59301
G1 X121.737 Y104.874 E117.63104
G1 X121.29 Y103.811 E117.6694
G1 X120.586 Y102.912 E117.70738
G1 X119.668 Y102.22 E117.74561
G1 X118.604 Y101.788 E117.78381
G1 X117.462 Y101.642 E117.8221
G1 X116.33 Y101.803 E117.86013
G1 X115.271 Y102.25 E117.89836
G1 X114.368 Y102.954 E117.93644
G1 X113.676 Y103.872 E117.97468
G1 X113.244 Y104.936 E118.01287
G1 X113.098 Y106.078 E118.05117
G1 X113.259 Y107.21 E118.08919
G1 X113.706 Y108.269 E118.12743
G1 X114.41 Y109.172 E118.16551
G1 X115.328 Y109.864 E118.20375
G1 X116.392 Y110.3 E118.24199
G1 X117.5 Y110.438 E118.27913
G1 X117.534 Y110.442 E118.28027
G0 F9000 X117.529 Y109.728
G0 X115.58 Y109.17
G0 X115.443 Y109.35
;TYPE:FILL
G1 F2623.2 X117.375 Y102.139 E118.52856
G0 F9000 X117.406 Y102.371
G0 X115.751 Y102.821
G0 X115.661 Y102.607
G1 F2623.2 X120.939 Y107.885 E118.77682
G0 F9000 X120.728 Y107.799
G0 X121.167 Y106.143
G0 X121.392 Y106.171
G1 F2623.2 X114.185 Y108.102 E119.02499
G0 F9000 X114.603 Y107.777
G1 F1500 E112.52499
;MESH:dubelUpper.stl(1)
G0 F9000 X116.451 Y110.077
G0 X116.318 Y111.163
G0 X116.696 Y111.965
G0 X117.027 Y113.008
G0 X117.487 Y117.799
G0 X117.5 Y118.106
;TYPE:WALL-INNER
G1 F1500 E119.02499
G1 X117.938 Y118.083 E119.03957
G1 X118.559 Y117.887 E119.06123
G1 X119.109 Y117.537 E119.08292
G1 X119.542 Y117.059 E119.10437
G1 X119.847 Y116.47 E119.12643
G1 X119.985 Y115.845 E119.14772
G1 X119.949 Y115.189 E119.16957
G1 X119.755 Y114.569 E119.19117
G1 X119.405 Y114.019 E119.21286
G1 X118.927 Y113.586 E119.23431
G1 X118.338 Y113.282 E119.25635
G1 X117.713 Y113.144 E119.27764
G1 X117.056 Y113.176 E119.29952
G1 X116.44 Y113.373 E119.32103
G1 X115.886 Y113.724 E119.34284
G1 X115.454 Y114.201 E119.36425
G1 X115.15 Y114.79 E119.38629
G1 X115.012 Y115.415 E119.40758
G1 X115.044 Y116.072 E119.42946
G1 X115.24 Y116.69 E119.45102
G1 X115.595 Y117.241 E119.47282
G1 X116.07 Y117.675 E119.49422
G1 X116.658 Y117.979 E119.51624
G1 X117.287 Y118.117 E119.53766
G1 X117.5 Y118.106 E119.54475
G0 F9000 X117.5 Y118.507
;TYPE:WALL-OUTER
G1 F1500 X118.011 Y118.481 E119.56177
G1 X118.73 Y118.253 E119.58686
G1 X119.369 Y117.845 E119.61207
G1 X119.874 Y117.289 E119.63706
G1 X120.226 Y116.607 E119.66258
G1 X120.387 Y115.879 E119.68738
G1 X120.348 Y115.117 E119.71276
G1 X120.121 Y114.398 E119.73784
G1 X119.713 Y113.759 E119.76305
G1 X119.157 Y113.254 E119.78803
G1 X118.475 Y112.902 E119.81356
G1 X117.747 Y112.742 E119.83835
G1 X116.984 Y112.779 E119.86376
G1 X116.27 Y113.007 E119.88869
G1 X115.626 Y113.415 E119.91404
G1 X115.122 Y113.971 E119.939
G1 X114.77 Y114.653 E119.96453
G1 X114.61 Y115.381 E119.98932
G1 X114.647 Y116.144 E120.01473
G1 X114.875 Y116.862 E120.03979
G1 X115.287 Y117.501 E120.06507
G1 X115.84 Y118.006 E120.08998
G1 X116.521 Y118.358 E120.11548
G1 X117.253 Y118.519 E120.14041
G1 X117.5 Y118.507 E120.14863
G0 F9000 X117.468 Y117.8
G0 X116.016 Y117.207
G0 X115.862 Y117.375
;TYPE:FILL
G1 F2623.2 X116.956 Y113.291 E120.28926
G1 X116.806 Y113.339
G1 X119.797 Y116.33 E120.42994
G1 X119.828 Y116.179
G1 X115.747 Y117.272 E120.57046
G0 F9000 X116.105 Y116.881
G1 F1500 E114.07046
;MESH:dubelUpper.stl
G0 F9000 X117.276 Y118.289
G0 X117.327 Y119.381
G0 X117.401 Y121.061
G0 X117.451 Y122.134
G0 X117.487 Y126.964
G0 X117.5 Y127.272
;TYPE:WALL-INNER
G1 F1500 E120.57046
G1 F1503.8 X117.941 Y127.252 E120.58511
G1 F1500 X118.558 Y127.056 E120.60664
G1 X119.108 Y126.702 E120.62839
G1 X119.542 Y126.223 E120.64989
G1 X119.847 Y125.634 E120.67195
G1 X119.985 Y125.009 E120.69324
G1 X119.952 Y124.352 E120.71512
G1 X119.756 Y123.738 E120.73656
G1 X119.404 Y123.186 E120.75833
G1 X118.927 Y122.75 E120.77983
G1 X118.338 Y122.451 E120.8018
G1 X117.711 Y122.312 E120.82316
G1 X117.054 Y122.34 E120.84503
G1 X116.438 Y122.536 E120.86653
G1 X115.887 Y122.891 E120.88833
G1 X115.453 Y123.366 E120.90973
G1 X115.15 Y123.954 E120.93173
G1 X115.012 Y124.583 E120.95315
G1 X115.044 Y125.24 E120.97503
G1 X115.24 Y125.854 E120.99646
G1 X115.595 Y126.405 E121.01826
G1 X116.07 Y126.839 E121.03966
G1 X116.658 Y127.142 E121.06167
G1 X117.288 Y127.281 E121.08312
G1 F1503.8 X117.5 Y127.272 E121.09016
G0 F9000 X117.5 Y127.672
;TYPE:WALL-OUTER
G1 F1500 X118.012 Y127.649 E121.10721
G1 X118.73 Y127.421 E121.13227
G1 X119.369 Y127.01 E121.15754
G1 X119.874 Y126.453 E121.18254
G1 X120.226 Y125.771 E121.20807
G1 X120.387 Y125.043 E121.23287
G1 X120.349 Y124.28 E121.25828
G1 X120.121 Y123.566 E121.2832
G1 X119.713 Y122.926 E121.30845
G1 X119.157 Y122.418 E121.3335
G1 X118.475 Y122.071 E121.35895
G1 X117.746 Y121.91 E121.38378
G1 X116.984 Y121.943 E121.40915
G1 X116.266 Y122.171 E121.4342
G1 X115.627 Y122.583 E121.45949
G1 X115.122 Y123.136 E121.4844
G1 X114.77 Y123.817 E121.5099
G1 X114.61 Y124.549 E121.53482
G1 X114.647 Y125.312 E121.56022
G1 X114.875 Y126.026 E121.58515
G1 X115.287 Y126.665 E121.61044
G1 X115.84 Y127.17 E121.63535
G1 X116.521 Y127.522 E121.66085
G1 X117.254 Y127.683 E121.68581
G1 X117.5 Y127.672 E121.694
G0 F9000 X117.468 Y126.965
G0 X116.016 Y126.372
G0 X115.862 Y126.539
;TYPE:FILL
G1 F2623.2 X116.956 Y122.455 E121.83462
G1 X116.807 Y122.503
G1 X119.797 Y125.493 E121.97526
G1 X119.829 Y125.343
G1 X115.748 Y126.436 E122.11578
G0 F9000 X116.104 Y126.046
G1 F1500 E115.61578
;MESH:NONMESH
G0 F300 X116.104 Y126.046 Z1.8
G0 F9000 X117.028 Y122.172
G0 X116.977 Y121.081
G0 X114.62 Y118.064
G0 X114.089 Y117.236
G0 X113.79 Y116.299
G0 X112.231 Y106.083
G0 X112.4 Y104.717
G0 X112.917 Y103.443
G0 X113.746 Y102.344
G0 X114.625 Y101.66
G0 X117.278 Y99.925
G0 X117.411 Y98.839
G0 X117.408 Y98.356
G0 X117.41 Y98.666
;TIME_ELAPSED:232.890961
;LAYER:8
;note -- min layer time used
;TYPE:WALL-INNER
;MESH:dubelHinge.stl(1)
G1 F1500 E122.11578
G1 X118.438 Y98.521 E122.15031
G1 X119.401 Y98.114 E122.18508
G1 X120.22 Y97.475 E122.21963
G1 X120.849 Y96.641 E122.25438
G1 X121.242 Y95.674 E122.28909
G1 X121.374 Y94.637 E122.32386
G1 X121.228 Y93.61 E122.35836
G1 X120.822 Y92.647 E122.39312
G1 X120.183 Y91.828 E122.42767
G1 X119.348 Y91.2 E122.46242
G1 X118.382 Y90.806 E122.49712
G1 X117.345 Y90.674 E122.53189
G1 X116.318 Y90.82 E122.56639
G1 X115.351 Y91.226 E122.60128
G1 X114.536 Y91.865 E122.63572
G1 X113.906 Y92.7 E122.67051
G1 X113.51 Y93.666 E122.70524
G1 X113.382 Y94.702 E122.73996
G1 X113.528 Y95.73 E122.77449
G1 X113.935 Y96.697 E122.80939
G1 X114.573 Y97.516 E122.84392
G1 X115.407 Y98.145 E122.87866
G1 X116.373 Y98.538 E122.91335
G1 X117.382 Y98.663 E122.94716
G1 X117.41 Y98.666 E122.9481
G0 F9000 X117.414 Y99.07
;TYPE:WALL-OUTER
G1 F1500 X118.546 Y98.909 E122.98613
G1 X119.605 Y98.462 E123.02436
G1 X120.508 Y97.758 E123.06244
G1 X121.2 Y96.84 E123.10068
G1 X121.632 Y95.776 E123.13887
G1 X121.778 Y94.634 E123.17717
G1 X121.617 Y93.502 E123.21519
G1 X121.17 Y92.443 E123.25343
G1 X120.466 Y91.54 E123.29151
G1 X119.548 Y90.848 E123.32974
G1 X118.484 Y90.416 E123.36794
G1 X117.342 Y90.27 E123.40623
G1 X116.21 Y90.431 E123.44426
G1 X115.147 Y90.878 E123.48262
G1 X114.248 Y91.582 E123.52059
G1 X113.556 Y92.5 E123.55883
G1 X113.12 Y93.564 E123.59707
G1 X112.978 Y94.706 E123.63535
G1 X113.139 Y95.838 E123.67338
G1 X113.587 Y96.901 E123.71175
G1 X114.29 Y97.804 E123.74981
G1 X115.208 Y98.496 E123.78804
G1 X116.271 Y98.928 E123.82621
G1 X117.383 Y99.066 E123.86348
G1 X117.414 Y99.07 E123.86452
G0 F9000 X117.408 Y98.356
G0 X115.337 Y97.707
G0 X115.2 Y97.887
;TYPE:FILL
G1 F2568 X117.102 Y90.789 E124.10893
G0 F9000 X117.133 Y91.02
G0 X115.77 Y91.389
G0 X115.681 Y91.175
G1 F2568 X120.874 Y96.368 E124.35319
G0 F9000 X120.666 Y96.283
G0 X121.027 Y94.923
G0 X121.253 Y94.951
G1 F2568 X114.157 Y96.852 E124.59753
G0 F9000 X114.577 Y96.528
G1 F1500 E118.09753
;MESH:dubelHinge.stl
G0 F9000 X115.321 Y98.296
G0 X114.91 Y99.31
G0 X115.967 Y101.019
G0 X116.394 Y102.026
G0 X117.529 Y109.728
G0 X117.53 Y110.038
;TYPE:WALL-INNER
G1 F1500 E124.59753
G1 X118.558 Y109.892 E124.63206
G1 X119.525 Y109.485 E124.66695
G1 X120.344 Y108.847 E124.70148
G1 X120.973 Y108.013 E124.73623
G1 X121.366 Y107.047 E124.77091
G1 X121.494 Y106.01 E124.80567
G1 X121.348 Y104.982 E124.8402
G1 X120.942 Y104.015 E124.87508
G1 X120.303 Y103.2 E124.90953
G1 X119.469 Y102.571 E124.94427
G1 X118.502 Y102.178 E124.97899
G1 X117.465 Y102.046 E125.01376
G1 X116.438 Y102.192 E125.04826
G1 X115.475 Y102.598 E125.08302
G1 X114.656 Y103.237 E125.11757
G1 X114.027 Y104.071 E125.15231
G1 X113.634 Y105.038 E125.18703
G1 X113.502 Y106.075 E125.2218
G1 X113.648 Y107.102 E125.2563
G1 X114.054 Y108.065 E125.29106
G1 X114.693 Y108.884 E125.32561
G1 X115.528 Y109.514 E125.3604
G1 X116.494 Y109.91 E125.39513
G1 X117.5 Y110.034 E125.42884
G1 X117.53 Y110.038 E125.42985
G0 F9000 X117.534 Y110.442
;TYPE:WALL-OUTER
G1 F1500 X118.666 Y110.281 E125.46788
G1 X119.729 Y109.833 E125.50624
G1 X120.632 Y109.13 E125.54431
G1 X121.324 Y108.212 E125.58254
G1 X121.756 Y107.149 E125.62071
G1 X121.898 Y106.006 E125.65901
G1 X121.737 Y104.874 E125.69704
G1 X121.29 Y103.811 E125.7354
G1 X120.586 Y102.912 E125.77338
G1 X119.668 Y102.22 E125.81161
G1 X118.604 Y101.788 E125.84981
G1 X117.462 Y101.642 E125.8881
G1 X116.33 Y101.803 E125.92613
G1 X115.271 Y102.25 E125.96436
G1 X114.368 Y102.954 E126.00244
G1 X113.676 Y103.872 E126.04068
G1 X113.244 Y104.936 E126.07887
G1 X113.098 Y106.078 E126.11716
G1 X113.259 Y107.21 E126.15519
G1 X113.706 Y108.269 E126.19343
G1 X114.41 Y109.172 E126.23151
G1 X115.328 Y109.864 E126.26974
G1 X116.392 Y110.3 E126.30799
G1 X117.5 Y110.438 E126.34513
G1 X117.534 Y110.442 E126.34626
G0 F9000 X117.529 Y109.728
G0 X115.459 Y109.078
G0 X115.321 Y109.258
;TYPE:FILL
G1 F2568 X117.223 Y102.161 E126.59064
G0 F9000 X117.254 Y102.392
G0 X115.891 Y102.761
G0 X115.801 Y102.547
G1 F2568 X120.997 Y107.743 E126.83505
G0 F9000 X120.786 Y107.657
G0 X121.148 Y106.294
G0 X121.374 Y106.322
G1 F2568 X114.279 Y108.223 E127.07935
G0 F9000 X114.697 Y107.897
G1 F1500 E120.57935
;MESH:dubelUpper.stl(1)
G0 F9000 X116.451 Y110.077
G0 X116.318 Y111.163
G0 X116.696 Y111.965
G0 X117.027 Y113.008
G0 X117.487 Y117.799
G0 X117.5 Y118.106
;TYPE:WALL-INNER
G1 F1500 E127.07935
G1 X117.938 Y118.083 E127.09394
G1 X118.559 Y117.887 E127.1156
G1 X119.109 Y117.537 E127.13728
G1 X119.542 Y117.059 E127.15873
G1 X119.847 Y116.47 E127.18079
G1 X119.985 Y115.845 E127.20208
G1 X119.949 Y115.189 E127.22393
G1 X119.755 Y114.569 E127.24554
G1 X119.405 Y114.019 E127.26722
G1 X118.927 Y113.586 E127.28867
G1 X118.338 Y113.282 E127.31072
G1 X117.713 Y113.144 E127.33201
G1 X117.056 Y113.176 E127.35389
G1 X116.44 Y113.373 E127.3754
G1 X115.886 Y113.724 E127.39721
G1 X115.454 Y114.201 E127.41861
G1 X115.15 Y114.79 E127.44066
G1 X115.012 Y115.415 E127.46195
G1 X115.044 Y116.072 E127.48383
G1 X115.24 Y116.69 E127.50539
G1 X115.595 Y117.241 E127.52719
G1 X116.07 Y117.675 E127.54859
G1 X116.658 Y117.979 E127.57061
G1 X117.287 Y118.117 E127.59202
G1 X117.5 Y118.106 E127.59912
G0 F9000 X117.5 Y118.507
;TYPE:WALL-OUTER
G1 F1500 X118.011 Y118.481 E127.61614
G1 X118.73 Y118.253 E127.64122
G1 X119.369 Y117.845 E127.66644
G1 X119.874 Y117.289 E127.69142
G1 X120.226 Y116.607 E127.71695
G1 X120.387 Y115.879 E127.74175
G1 X120.348 Y115.117 E127.76712
G1 X120.121 Y114.398 E127.7922
G1 X119.713 Y113.759 E127.81742
G1 X119.157 Y113.254 E127.8424
G1 X118.475 Y112.902 E127.86793
G1 X117.747 Y112.742 E127.89272
G1 X116.984 Y112.779 E127.91812
G1 X116.27 Y113.007 E127.94305
G1 X115.626 Y113.415 E127.96841
G1 X115.122 Y113.971 E127.99337
G1 X114.77 Y114.653 E128.0189
G1 X114.61 Y115.381 E128.04369
G1 X114.647 Y116.144 E128.06909
G1 X114.875 Y116.862 E128.09415
G1 X115.287 Y117.501 E128.11944
G1 X115.84 Y118.006 E128.14435
G1 X116.521 Y118.358 E128.16984
G1 X117.253 Y118.519 E128.19477
G1 X117.5 Y118.507 E128.203
G0 F9000 X117.468 Y117.8
G0 X116.027 Y117.217
G0 X115.872 Y117.385
;TYPE:FILL
G1 F2568 X119.794 Y116.334 E128.33805
G1 X119.833 Y116.167
G1 X116.957 Y113.291 E128.47332
G1 X116.797 Y113.342
G1 X115.745 Y117.269 E128.60854
G0 F9000 X116.102 Y116.88
G1 F1500 E122.10854
;MESH:dubelUpper.stl
G0 F9000 X117.276 Y118.289
G0 X117.327 Y119.381
G0 X117.401 Y121.061
G0 X117.451 Y122.134
G0 X117.487 Y126.964
G0 X117.5 Y127.272
;TYPE:WALL-INNER
G1 F1500 E128.60854
G1 F1503.8 X117.941 Y127.252 E128.62319
G1 F1500 X118.558 Y127.056 E128.64472
G1 X119.108 Y126.702 E128.66647
G1 X119.542 Y126.223 E128.68797
G1 X119.847 Y125.634 E128.71003
G1 X119.985 Y125.009 E128.73132
G1 X119.952 Y124.352 E128.7532
G1 X119.756 Y123.738 E128.77464
G1 X119.404 Y123.186 E128.79641
G1 X118.927 Y122.75 E128.81791
G1 X118.338 Y122.451 E128.83988
G1 X117.711 Y122.312 E128.86124
G1 X117.054 Y122.34 E128.88311
G1 X116.438 Y122.536 E128.90461
G1 X115.887 Y122.891 E128.92641
G1 X115.453 Y123.366 E128.94781
G1 X115.15 Y123.954 E128.96981
G1 X115.012 Y124.583 E128.99123
G1 X115.044 Y125.24 E129.01311
G1 X115.24 Y125.854 E129.03454
G1 X115.595 Y126.405 E129.05634
G1 X116.07 Y126.839 E129.07774
G1 X116.658 Y127.142 E129.09975
G1 X117.288 Y127.281 E129.1212
G1 F1503.8 X117.5 Y127.272 E129.12824
G0 F9000 X117.5 Y127.672
;TYPE:WALL-OUTER
G1 F1500 X118.012 Y127.649 E129.14529
G1 X118.73 Y127.421 E129.17035
G1 X119.369 Y127.01 E129.19562
G1 X119.874 Y126.453 E129.22062
G1 X120.226 Y125.771 E129.24615
G1 X120.387 Y125.043 E129.27095
G1 X120.349 Y124.28 E129.29636
G1 X120.121 Y123.566 E129.32129
G1 X119.713 Y122.926 E129.34653
G1 X119.157 Y122.418 E129.37158
G1 X118.475 Y122.071 E129.39703
G1 X117.746 Y121.91 E129.42186
G1 X116.984 Y121.943 E129.44723
G1 X116.266 Y122.171 E129.47228
G1 X115.627 Y122.583 E129.49757
G1 X115.122 Y123.136 E129.52248
G1 X114.77 Y123.817 E129.54798
G1 X114.61 Y124.549 E129.5729
G1 X114.647 Y125.312 E129.59831
G1 X114.875 Y126.026 E129.62323
G1 X115.287 Y126.665 E129.64852
G1 X115.84 Y127.17 E129.67343
G1 X116.521 Y127.522 E129.69893
G1 X117.254 Y127.683 E129.72389
G1 X117.5 Y127.672 E129.73208
G0 F9000 X117.468 Y126.965
G0 X116.026 Y126.381
G0 X115.872 Y126.549
;TYPE:FILL
G1 F2568 X119.794 Y125.498 E129.86713
G1 X119.833 Y125.33
G1 X116.958 Y122.455 E130.00236
G1 X116.797 Y122.506
G1 X115.745 Y126.432 E130.13754
G0 F9000 X116.101 Y126.044
G1 F1500 E123.63754
;MESH:NONMESH
G0 F300 X116.101 Y126.044 Z2
G0 F9000 X117.028 Y122.172
G0 X116.977 Y121.081
G0 X114.62 Y118.064
G0 X114.089 Y117.236
G0 X113.79 Y116.299
G0 X112.231 Y106.083
G0 X112.4 Y104.717
G0 X112.917 Y103.443
G0 X113.746 Y102.344
G0 X114.625 Y101.66
G0 X117.278 Y99.925
G0 X117.411 Y98.839
G0 X117.408 Y98.356
G0 X117.41 Y98.666
;TIME_ELAPSED:248.321913
;LAYER:9
;note -- min layer time used
;TYPE:WALL-INNER
;MESH:dubelHinge.stl(1)
G1 F1500 E130.13754
G1 X118.438 Y98.521 E130.17207
G1 X119.401 Y98.114 E130.20685
G1 X120.22 Y97.475 E130.2414
G1 X120.849 Y96.641 E130.27614
G1 X121.242 Y95.674 E130.31086
G1 X121.374 Y94.637 E130.34563
G1 X121.228 Y93.61 E130.38013
G1 X120.822 Y92.647 E130.41489
G1 X120.183 Y91.828 E130.44944
G1 X119.348 Y91.2 E130.48419
G1 X118.382 Y90.806 E130.51889
G1 X117.345 Y90.674 E130.55366
G1 X116.318 Y90.82 E130.58816
G1 X115.351 Y91.226 E130.62304
G1 X114.536 Y91.865 E130.65749
G1 X113.906 Y92.7 E130.69228
G1 X113.51 Y93.666 E130.727
G1 X113.382 Y94.702 E130.76172
G1 X113.528 Y95.73 E130.79625
G1 X113.935 Y96.697 E130.83115
G1 X114.573 Y97.516 E130.86568
G1 X115.407 Y98.145 E130.90042
G1 X116.373 Y98.538 E130.93511
G1 X117.382 Y98.663 E130.96893
G1 X117.41 Y98.666 E130.96986
G0 F9000 X117.414 Y99.07
;TYPE:WALL-OUTER
G1 F1500 X118.546 Y98.909 E131.00789
G1 X119.605 Y98.462 E131.04612
G1 X120.508 Y97.758 E131.08421
G1 X121.2 Y96.84 E131.12244
G1 X121.632 Y95.776 E131.16064
G1 X121.778 Y94.634 E131.19893
G1 X121.617 Y93.502 E131.23696
G1 X121.17 Y92.443 E131.27519
G1 X120.466 Y91.54 E131.31327
G1 X119.548 Y90.848 E131.35151
G1 X118.484 Y90.416 E131.3897
G1 X117.342 Y90.27 E131.428
G1 X116.21 Y90.431 E131.46602
G1 X115.147 Y90.878 E131.50438
G1 X114.248 Y91.582 E131.54236
G1 X113.556 Y92.5 E131.58059
G1 X113.12 Y93.564 E131.61884
G1 X112.978 Y94.706 E131.65711
G1 X113.139 Y95.838 E131.69514
G1 X113.587 Y96.901 E131.73351
G1 X114.29 Y97.804 E131.77157
G1 X115.208 Y98.496 E131.80981
G1 X116.271 Y98.928 E131.84797
G1 X117.383 Y99.066 E131.88524
G1 X117.414 Y99.07 E131.88628
G0 F9000 X117.408 Y98.356
G0 X115.216 Y97.615
G0 X115.078 Y97.796
;TYPE:FILL
G1 F2499.6 X116.95 Y90.81 E132.12683
G0 F9000 X116.981 Y91.042
G0 X115.91 Y91.329
G0 X115.822 Y91.116
G1 F2499.6 X120.932 Y96.225 E132.36717
G0 F9000 X120.724 Y96.14
G0 X121.008 Y95.075
G0 X121.233 Y95.103
G1 F2499.6 X114.252 Y96.974 E132.60755
G0 F9000 X114.672 Y96.65
G1 F1500 E126.10755
;MESH:dubelHinge.stl
G0 F9000 X116.33 Y98.705
G0 X116.197 Y99.791
G0 X116.631 Y100.89
G0 X116.778 Y101.954
G0 X117.529 Y109.728
G0 X117.53 Y110.038
;TYPE:WALL-INNER
G1 F1500 E132.60755
G1 X118.558 Y109.892 E132.64209
G1 X119.525 Y109.485 E132.67698
G1 X120.344 Y108.847 E132.71151
G1 X120.973 Y108.013 E132.74626
G1 X121.366 Y107.047 E132.78094
G1 X121.494 Y106.01 E132.81569
G1 X121.348 Y104.982 E132.85023
G1 X120.942 Y104.015 E132.88511
G1 X120.303 Y103.2 E132.91956
G1 X119.469 Y102.571 E132.9543
G1 X118.502 Y102.178 E132.98902
G1 X117.465 Y102.046 E133.02379
G1 X116.438 Y102.192 E133.05829
G1 X115.475 Y102.598 E133.09305
G1 X114.656 Y103.237 E133.1276
G1 X114.027 Y104.071 E133.16234
G1 X113.634 Y105.038 E133.19706
G1 X113.502 Y106.075 E133.23183
G1 X113.648 Y107.102 E133.26633
G1 X114.054 Y108.065 E133.30109
G1 X114.693 Y108.884 E133.33564
G1 X115.528 Y109.514 E133.37043
G1 X116.494 Y109.91 E133.40515
G1 X117.5 Y110.034 E133.43887
G1 X117.53 Y110.038 E133.43987
G0 F9000 X117.534 Y110.442
;TYPE:WALL-OUTER
G1 F1500 X118.666 Y110.281 E133.4779
G1 X119.729 Y109.833 E133.51627
G1 X120.632 Y109.13 E133.55433
G1 X121.324 Y108.212 E133.59257
G1 X121.756 Y107.149 E133.63073
G1 X121.898 Y106.006 E133.66904
G1 X121.737 Y104.874 E133.70707
G1 X121.29 Y103.811 E133.74542
G1 X120.586 Y102.912 E133.7834
G1 X119.668 Y102.22 E133.82164
G1 X118.604 Y101.788 E133.85983
G1 X117.462 Y101.642 E133.89812
G1 X116.33 Y101.803 E133.93615
G1 X115.271 Y102.25 E133.97439
G1 X114.368 Y102.954 E134.01247
G1 X113.676 Y103.872 E134.0507
G1 X113.244 Y104.936 E134.0889
G1 X113.098 Y106.078 E134.12719
G1 X113.259 Y107.21 E134.16522
G1 X113.706 Y108.269 E134.20345
G1 X114.41 Y109.172 E134.24154
G1 X115.328 Y109.864 E134.27977
G1 X116.392 Y110.3 E134.31802
G1 X117.5 Y110.438 E134.35515
G1 X117.534 Y110.442 E134.35629
G0 F9000 X117.529 Y109.728
G0 X115.336 Y108.985
G0 X115.199 Y109.165
;TYPE:FILL
G1 F2499.6 X117.07 Y102.182 E134.59674
G0 F9000 X117.101 Y102.413
G0 X116.033 Y102.701
G0 X115.943 Y102.488
G1 F2499.6 X121.055 Y107.6 E134.83719
G0 F9000 X120.844 Y107.514
G0 X121.129 Y106.446
G0 X121.356 Y106.474
G1 F2499.6 X114.374 Y108.345 E135.07761
G0 F9000 X114.792 Y108.019
G1 F1500 E128.57761
;MESH:dubelUpper.stl(1)
G0 F9000 X116.451 Y110.077
G0 X116.318 Y111.163
G0 X116.696 Y111.965
G0 X117.027 Y113.008
G0 X117.487 Y117.799
G0 X117.5 Y118.106
;TYPE:WALL-INNER
G1 F1500 E135.07761
G1 X117.938 Y118.083 E135.0922
G1 X118.559 Y117.887 E135.11385
G1 X119.109 Y117.537 E135.13554
G1 X119.542 Y117.059 E135.15699
G1 X119.847 Y116.47 E135.17905
G1 X119.985 Y115.845 E135.20034
G1 X119.949 Y115.189 E135.22219
G1 X119.755 Y114.569 E135.2438
G1 X119.405 Y114.019 E135.26548
G1 X118.927 Y113.586 E135.28693
G1 X118.338 Y113.282 E135.30898
G1 X117.713 Y113.144 E135.33027
G1 X117.056 Y113.176 E135.35214
G1 X116.44 Y113.373 E135.37365
G1 X115.886 Y113.724 E135.39547
G1 X115.454 Y114.201 E135.41687
G1 X115.15 Y114.79 E135.43892
G1 X115.012 Y115.415 E135.46021
G1 X115.044 Y116.072 E135.48208
G1 X115.24 Y116.69 E135.50365
G1 X115.595 Y117.241 E135.52545
G1 X116.07 Y117.675 E135.54685
G1 X116.658 Y117.979 E135.56886
G1 X117.287 Y118.117 E135.59028
G1 X117.5 Y118.106 E135.59738
G0 F9000 X117.5 Y118.507
;TYPE:WALL-OUTER
G1 F1500 X118.011 Y118.481 E135.61439
G1 X118.73 Y118.253 E135.63948
G1 X119.369 Y117.845 E135.6647
G1 X119.874 Y117.289 E135.68968
G1 X120.226 Y116.607 E135.71521
G1 X120.387 Y115.879 E135.74
G1 X120.348 Y115.117 E135.76538
G1 X120.121 Y114.398 E135.79046
G1 X119.713 Y113.759 E135.81568
G1 X119.157 Y113.254 E135.84066
G1 X118.475 Y112.902 E135.86618
G1 X117.747 Y112.742 E135.89097
G1 X116.984 Y112.779 E135.91638
G1 X116.27 Y113.007 E135.94131
G1 X115.626 Y113.415 E135.96667
G1 X115.122 Y113.971 E135.99163
G1 X114.77 Y114.653 E136.01715
G1 X114.61 Y115.381 E136.04194
G1 X114.647 Y116.144 E136.06735
G1 X114.875 Y116.862 E136.09241
G1 X115.287 Y117.501 E136.1177
G1 X115.84 Y118.006 E136.1426
G1 X116.521 Y118.358 E136.1681
G1 X117.253 Y118.519 E136.19303
G1 X117.5 Y118.507 E136.20125
G0 F9000 X117.468 Y117.8
G0 X116.151 Y117.33
G0 X115.996 Y117.499
;TYPE:FILL
G1 F2499.6 X119.742 Y116.495 E136.33024
G0 F9000 X119.869 Y116.002
G1 F2499.6 X117.119 Y113.252 E136.4596
G0 F9000 X116.636 Y113.393
G1 F2499.6 X115.63 Y117.147 E136.58886
G0 F9000 X116.08 Y116.859
G1 F1500 E130.08886
;MESH:dubelUpper.stl
G0 F9000 X117.276 Y118.289
G0 X117.327 Y119.381
G0 X117.401 Y121.061
G0 X117.451 Y122.134
G0 X117.487 Y126.964
G0 X117.5 Y127.272
;TYPE:WALL-INNER
G1 F1500 E136.58886
G1 F1503.8 X117.941 Y127.252 E136.60351
G1 F1500 X118.558 Y127.056 E136.62504
G1 X119.108 Y126.702 E136.64679
G1 X119.542 Y126.223 E136.66829
G1 X119.847 Y125.634 E136.69035
G1 X119.985 Y125.009 E136.71164
G1 X119.952 Y124.352 E136.73352
G1 X119.756 Y123.738 E136.75496
G1 X119.404 Y123.186 E136.77673
G1 X118.927 Y122.75 E136.79823
G1 X118.338 Y122.451 E136.8202
G1 X117.711 Y122.312 E136.84156
G1 X117.054 Y122.34 E136.86343
G1 X116.438 Y122.536 E136.88493
G1 X115.887 Y122.891 E136.90673
G1 X115.453 Y123.366 E136.92813
G1 X115.15 Y123.954 E136.95013
G1 X115.012 Y124.583 E136.97155
G1 X115.044 Y125.24 E136.99343
G1 X115.24 Y125.854 E137.01486
G1 X115.595 Y126.405 E137.03666
G1 X116.07 Y126.839 E137.05806
G1 X116.658 Y127.142 E137.08006
G1 X117.288 Y127.281 E137.10152
G1 F1503.8 X117.5 Y127.272 E137.10856
G0 F9000 X117.5 Y127.672
;TYPE:WALL-OUTER
G1 F1500 X118.012 Y127.649 E137.12561
G1 X118.73 Y127.421 E137.15066
G1 X119.369 Y127.01 E137.17593
G1 X119.874 Y126.453 E137.20094
G1 X120.226 Y125.771 E137.22647
G1 X120.387 Y125.043 E137.25127
G1 X120.349 Y124.28 E137.27667
G1 X120.121 Y123.566 E137.3016
G1 X119.713 Y122.926 E137.32685
G1 X119.157 Y122.418 E137.3519
G1 X118.475 Y122.071 E137.37735
G1 X117.746 Y121.91 E137.40218
G1 X116.984 Y121.943 E137.42755
G1 X116.266 Y122.171 E137.4526
G1 X115.627 Y122.583 E137.47789
G1 X115.122 Y123.136 E137.5028
G1 X114.77 Y123.817 E137.5283
G1 X114.61 Y124.549 E137.55322
G1 X114.647 Y125.312 E137.57862
G1 X114.875 Y126.026 E137.60355
G1 X115.287 Y126.665 E137.62884
G1 X115.84 Y127.17 E137.65375
G1 X116.521 Y127.522 E137.67925
G1 X117.254 Y127.683 E137.70421
G1 X117.5 Y127.672 E137.7124
G0 F9000 X117.468 Y126.965
G0 X116.151 Y126.495
G0 X115.996 Y126.663
;TYPE:FILL
G1 F2499.6 X119.743 Y125.659 E137.84142
G0 F9000 X119.869 Y125.165
G1 F2499.6 X117.122 Y122.418 E137.97063
G0 F9000 X116.636 Y122.557
G1 F2499.6 X115.631 Y126.31 E138.09985
G0 F9000 X116.079 Y126.023
G1 F1500 E131.59985
;MESH:NONMESH
G0 F300 X116.079 Y126.023 Z2.2
G0 F9000 X117.028 Y122.172
G0 X116.977 Y121.081
G0 X114.62 Y118.064
G0 X114.089 Y117.236
G0 X113.79 Y116.299
G0 X112.231 Y106.083
G0 X112.4 Y104.717
G0 X112.917 Y103.443
G0 X113.746 Y102.344
G0 X114.625 Y101.66
G0 X117.278 Y99.925
G0 X117.411 Y98.839
G0 X117.408 Y98.356
G0 X117.41 Y98.666
;TIME_ELAPSED:263.802443
;LAYER:10
;note -- min layer time used
;TYPE:WALL-INNER
;MESH:dubelHinge.stl(1)
G1 F1500 E138.09985
G1 X118.438 Y98.521 E138.13438
G1 X119.401 Y98.114 E138.16916
G1 X120.22 Y97.475 E138.20371
G1 X120.849 Y96.641 E138.23845
G1 X121.242 Y95.674 E138.27317
G1 X121.374 Y94.637 E138.30794
G1 X121.228 Y93.61 E138.34244
G1 X120.822 Y92.647 E138.3772
G1 X120.183 Y91.828 E138.41175
G1 X119.348 Y91.2 E138.4465
G1 X118.382 Y90.806 E138.4812
G1 X117.345 Y90.674 E138.51597
G1 X116.318 Y90.82 E138.55047
G1 X115.351 Y91.226 E138.58535
G1 X114.536 Y91.865 E138.61979
G1 X113.906 Y92.7 E138.65458
G1 X113.51 Y93.666 E138.68931
G1 X113.382 Y94.702 E138.72403
G1 X113.528 Y95.73 E138.75856
G1 X113.935 Y96.697 E138.79346
G1 X114.573 Y97.516 E138.82799
G1 X115.407 Y98.145 E138.86273
G1 X116.373 Y98.538 E138.89742
G1 X117.382 Y98.663 E138.93123
G1 X117.41 Y98.666 E138.93217
G0 F9000 X117.414 Y99.07
;TYPE:WALL-OUTER
G1 F1500 X118.546 Y98.909 E138.9702
G1 X119.605 Y98.462 E139.00843
G1 X120.508 Y97.758 E139.04651
G1 X121.2 Y96.84 E139.08475
G1 X121.632 Y95.776 E139.12295
G1 X121.778 Y94.634 E139.16124
G1 X121.617 Y93.502 E139.19927
G1 X121.17 Y92.443 E139.2375
G1 X120.466 Y91.54 E139.27558
G1 X119.548 Y90.848 E139.31382
G1 X118.484 Y90.416 E139.35201
G1 X117.342 Y90.27 E139.3903
G1 X116.21 Y90.431 E139.42833
G1 X115.147 Y90.878 E139.46669
G1 X114.248 Y91.582 E139.50467
G1 X113.556 Y92.5 E139.5429
G1 X113.12 Y93.564 E139.58115
G1 X112.978 Y94.706 E139.61942
G1 X113.139 Y95.838 E139.65745
G1 X113.587 Y96.901 E139.69582
G1 X114.29 Y97.804 E139.73388
G1 X115.208 Y98.496 E139.77212
G1 X116.271 Y98.928 E139.81028
G1 X117.383 Y99.066 E139.84755
G1 X117.414 Y99.07 E139.84859
G0 F9000 X117.408 Y98.356
G0 X115.094 Y97.523
G0 X114.956 Y97.704
;TYPE:FILL
G1 F2424.9 X116.798 Y90.832 E140.08522
G0 F9000 X115.962 Y91.056
G1 F2424.9 X120.99 Y96.084 E140.32172
G0 F9000 X121.214 Y95.254
G1 F2424.9 X114.346 Y97.094 E140.55821
G0 F9000 X114.765 Y96.769
G1 F1500 E134.05821
;MESH:dubelHinge.stl
G0 F9000 X116.33 Y98.705
G0 X116.197 Y99.791
G0 X116.631 Y100.89
G0 X116.778 Y101.954
G0 X117.529 Y109.728
G0 X117.53 Y110.038
;TYPE:WALL-INNER
G1 F1500 E140.55821
G1 X118.558 Y109.892 E140.59274
G1 X119.525 Y109.485 E140.62764
G1 X120.344 Y108.847 E140.66217
G1 X120.973 Y108.013 E140.69691
G1 X121.366 Y107.047 E140.7316
G1 X121.494 Y106.01 E140.76635
G1 X121.348 Y104.982 E140.80089
G1 X120.942 Y104.015 E140.83577
G1 X120.303 Y103.2 E140.87021
G1 X119.469 Y102.571 E140.90496
G1 X118.502 Y102.178 E140.93967
G1 X117.465 Y102.046 E140.97444
G1 X116.438 Y102.192 E141.00895
G1 X115.475 Y102.598 E141.0437
G1 X114.656 Y103.237 E141.07826
G1 X114.027 Y104.071 E141.113
G1 X113.634 Y105.038 E141.14772
G1 X113.502 Y106.075 E141.18249
G1 X113.648 Y107.102 E141.21699
G1 X114.054 Y108.065 E141.25175
G1 X114.693 Y108.884 E141.2863
G1 X115.528 Y109.514 E141.32109
G1 X116.494 Y109.91 E141.35581
G1 X117.5 Y110.034 E141.38952
G1 X117.53 Y110.038 E141.39053
G0 F9000 X117.534 Y110.442
;TYPE:WALL-OUTER
G1 F1500 X118.666 Y110.281 E141.42856
G1 X119.729 Y109.833 E141.46693
G1 X120.632 Y109.13 E141.50499
G1 X121.324 Y108.212 E141.54323
G1 X121.756 Y107.149 E141.58139
G1 X121.898 Y106.006 E141.6197
G1 X121.737 Y104.874 E141.65773
G1 X121.29 Y103.811 E141.69608
G1 X120.586 Y102.912 E141.73406
G1 X119.668 Y102.22 E141.7723
G1 X118.604 Y101.788 E141.81049
G1 X117.462 Y101.642 E141.84878
G1 X116.33 Y101.803 E141.88681
G1 X115.271 Y102.25 E141.92504
G1 X114.368 Y102.954 E141.96313
G1 X113.676 Y103.872 E142.00136
G1 X113.244 Y104.936 E142.03956
G1 X113.098 Y106.078 E142.07785
G1 X113.259 Y107.21 E142.11588
G1 X113.706 Y108.269 E142.15411
G1 X114.41 Y109.172 E142.19219
G1 X115.328 Y109.864 E142.23043
G1 X116.392 Y110.3 E142.26867
G1 X117.5 Y110.438 E142.30581
G1 X117.534 Y110.442 E142.30695
G0 F9000 X117.529 Y109.728
G0 X115.216 Y108.894
G0 X115.078 Y109.074
;TYPE:FILL
G1 F2424.9 X116.919 Y102.203 E142.54354
G0 F9000 X116.083 Y102.429
G1 F2424.9 X121.113 Y107.458 E142.78011
G0 F9000 X121.336 Y106.625
G1 F2424.9 X114.467 Y108.466 E143.01664
G0 F9000 X114.887 Y108.14
G1 F1500 E136.51664
;MESH:dubelUpper.stl(1)
G0 F9000 X116.451 Y110.077
G0 X116.318 Y111.163
G0 X116.696 Y111.965
G0 X117.027 Y113.008
G0 X117.487 Y117.799
G0 X117.5 Y118.106
;TYPE:WALL-INNER
G1 F1500 E143.01664
G1 X117.938 Y118.083 E143.03123
G1 X118.559 Y117.887 E143.05289
G1 X119.109 Y117.537 E143.07457
G1 X119.542 Y117.059 E143.09602
G1 X119.847 Y116.47 E143.11808
G1 X119.985 Y115.845 E143.13937
G1 X119.949 Y115.189 E143.16122
G1 X119.755 Y114.569 E143.18283
G1 X119.405 Y114.019 E143.20451
G1 X118.927 Y113.586 E143.22596
G1 X118.338 Y113.282 E143.24801
G1 X117.713 Y113.144 E143.2693
G1 X117.056 Y113.176 E143.29117
G1 X116.44 Y113.373 E143.31269
G1 X115.886 Y113.724 E143.3345
G1 X115.454 Y114.201 E143.3559
G1 X115.15 Y114.79 E143.37795
G1 X115.012 Y115.415 E143.39924
G1 X115.044 Y116.072 E143.42111
G1 X115.24 Y116.69 E143.44268
G1 X115.595 Y117.241 E143.46448
G1 X116.07 Y117.675 E143.48588
G1 X116.658 Y117.979 E143.5079
G1 X117.287 Y118.117 E143.52931
G1 X117.5 Y118.106 E143.53641
G0 F9000 X117.5 Y118.507
;TYPE:WALL-OUTER
G1 F1500 X118.011 Y118.481 E143.55343
G1 X118.73 Y118.253 E143.57851
G1 X119.369 Y117.845 E143.60373
G1 X119.874 Y117.289 E143.62871
G1 X120.226 Y116.607 E143.65424
G1 X120.387 Y115.879 E143.67904
G1 X120.348 Y115.117 E143.70441
G1 X120.121 Y114.398 E143.72949
G1 X119.713 Y113.759 E143.75471
G1 X119.157 Y113.254 E143.77969
G1 X118.475 Y112.902 E143.80522
G1 X117.747 Y112.742 E143.83001
G1 X116.984 Y112.779 E143.85541
G1 X116.27 Y113.007 E143.88034
G1 X115.626 Y113.415 E143.9057
G1 X115.122 Y113.971 E143.93066
G1 X114.77 Y114.653 E143.95619
G1 X114.61 Y115.381 E143.98098
G1 X114.647 Y116.144 E144.00638
G1 X114.875 Y116.862 E144.03144
G1 X115.287 Y117.501 E144.05673
G1 X115.84 Y118.006 E144.08164
G1 X116.521 Y118.358 E144.10713
G1 X117.253 Y118.519 E144.13206
G1 X117.5 Y118.507 E144.14029
G0 F9000 X117.468 Y117.8
G0 X116.255 Y117.425
G0 X116.122 Y117.611
;TYPE:FILL
G1 F2424.9 X119.655 Y116.664 E144.26194
G0 F9000 X119.905 Y115.839
G1 F2424.9 X117.309 Y113.243 E144.38405
G0 F9000 X116.476 Y113.445
G1 F2424.9 X115.527 Y116.987 E144.50601
G0 F9000 X115.973 Y116.704
G1 F1500 E138.00601
;MESH:dubelUpper.stl
G0 F9000 X117.276 Y118.289
G0 X117.327 Y119.381
G0 X117.401 Y121.061
G0 X117.451 Y122.134
G0 X117.487 Y126.964
G0 X117.5 Y127.272
;TYPE:WALL-INNER
G1 F1500 E144.50601
G1 F1503.8 X117.941 Y127.252 E144.52066
G1 F1500 X118.558 Y127.056 E144.54219
G1 X119.108 Y126.702 E144.56395
G1 X119.542 Y126.223 E144.58544
G1 X119.847 Y125.634 E144.6075
G1 X119.985 Y125.009 E144.62879
G1 X119.952 Y124.352 E144.65067
G1 X119.756 Y123.738 E144.67211
G1 X119.404 Y123.186 E144.69388
G1 X118.927 Y122.75 E144.71538
G1 X118.338 Y122.451 E144.73735
G1 X117.711 Y122.312 E144.75871
G1 X117.054 Y122.34 E144.78058
G1 X116.438 Y122.536 E144.80208
G1 X115.887 Y122.891 E144.82388
G1 X115.453 Y123.366 E144.84528
G1 X115.15 Y123.954 E144.86728
G1 X115.012 Y124.583 E144.8887
G1 X115.044 Y125.24 E144.91058
G1 X115.24 Y125.854 E144.93202
G1 X115.595 Y126.405 E144.95382
G1 X116.07 Y126.839 E144.97522
G1 X116.658 Y127.142 E144.99722
G1 X117.288 Y127.281 E145.01867
G1 F1503.8 X117.5 Y127.272 E145.02571
G0 F9000 X117.5 Y127.672
;TYPE:WALL-OUTER
G1 F1500 X118.012 Y127.649 E145.04276
G1 X118.73 Y127.421 E145.06782
G1 X119.369 Y127.01 E145.09309
G1 X119.874 Y126.453 E145.11809
G1 X120.226 Y125.771 E145.14362
G1 X120.387 Y125.043 E145.16842
G1 X120.349 Y124.28 E145.19383
G1 X120.121 Y123.566 E145.21876
G1 X119.713 Y122.926 E145.244
G1 X119.157 Y122.418 E145.26905
G1 X118.475 Y122.071 E145.2945
G1 X117.746 Y121.91 E145.31933
G1 X116.984 Y121.943 E145.3447
G1 X116.266 Y122.171 E145.36975
G1 X115.627 Y122.583 E145.39504
G1 X115.122 Y123.136 E145.41995
G1 X114.77 Y123.817 E145.44545
G1 X114.61 Y124.549 E145.47037
G1 X114.647 Y125.312 E145.49578
G1 X114.875 Y126.026 E145.52071
G1 X115.287 Y126.665 E145.54599
G1 X115.84 Y127.17 E145.5709
G1 X116.521 Y127.522 E145.5964
G1 X117.254 Y127.683 E145.62136
G1 X117.5 Y127.672 E145.62955
G0 F9000 X117.468 Y126.965
G0 X116.257 Y126.592
G0 X116.122 Y126.775
;TYPE:FILL
G1 F2424.9 X119.655 Y125.829 E145.7512
G0 F9000 X119.905 Y125.002
G1 F2424.9 X117.313 Y122.41 E145.87312
G0 F9000 X116.477 Y122.607
G1 F2424.9 X115.527 Y126.151 E145.99515
G0 F9000 X115.973 Y125.868
G1 F1500 E139.49515
;MESH:NONMESH
G0 F300 X115.973 Y125.868 Z2.4
G0 F9000 X117.028 Y122.172
G0 X116.977 Y121.081
G0 X114.62 Y118.064
G0 X114.089 Y117.236
G0 X113.79 Y116.299
G0 X112.231 Y106.083
G0 X112.4 Y104.717
G0 X112.917 Y103.443
G0 X113.746 Y102.344
G0 X114.625 Y101.66
G0 X117.278 Y99.925
G0 X117.411 Y98.839
G0 X117.408 Y98.356
G0 X117.41 Y98.666
;TIME_ELAPSED:279.101194
;LAYER:11
;note -- min layer time used
;TYPE:WALL-INNER
;MESH:dubelHinge.stl(1)
G1 F1500 E145.99515
G1 X118.438 Y98.521 E146.02968
G1 X119.401 Y98.114 E146.06445
G1 X120.22 Y97.475 E146.099
G1 X120.849 Y96.641 E146.13375
G1 X121.242 Y95.674 E146.16847
G1 X121.374 Y94.637 E146.20323
G1 X121.228 Y93.61 E146.23774
G1 X120.822 Y92.647 E146.2725
G1 X120.183 Y91.828 E146.30705
G1 X119.348 Y91.2 E146.3418
G1 X118.382 Y90.806 E146.3765
G1 X117.345 Y90.674 E146.41126
G1 X116.318 Y90.82 E146.44577
G1 X115.351 Y91.226 E146.48065
G1 X114.536 Y91.865 E146.51509
G1 X113.906 Y92.7 E146.54988
G1 X113.51 Y93.666 E146.58461
G1 X113.382 Y94.702 E146.61933
G1 X113.528 Y95.73 E146.65386
G1 X113.935 Y96.697 E146.68876
G1 X114.573 Y97.516 E146.72329
G1 X115.407 Y98.145 E146.75803
G1 X116.373 Y98.538 E146.79272
G1 X117.382 Y98.663 E146.82653
G1 X117.41 Y98.666 E146.82747
G0 F9000 X117.414 Y99.07
;TYPE:WALL-OUTER
G1 F1500 X118.546 Y98.909 E146.8655
G1 X119.605 Y98.462 E146.90373
G1 X120.508 Y97.758 E146.94181
G1 X121.2 Y96.84 E146.98005
G1 X121.632 Y95.776 E147.01824
G1 X121.778 Y94.634 E147.05654
G1 X121.617 Y93.502 E147.09457
G1 X121.17 Y92.443 E147.1328
G1 X120.466 Y91.54 E147.17088
G1 X119.548 Y90.848 E147.20912
G1 X118.484 Y90.416 E147.24731
G1 X117.342 Y90.27 E147.2856
G1 X116.21 Y90.431 E147.32363
G1 X115.147 Y90.878 E147.36199
G1 X114.248 Y91.582 E147.39996
G1 X113.556 Y92.5 E147.4382
G1 X113.12 Y93.564 E147.47645
G1 X112.978 Y94.706 E147.51472
G1 X113.139 Y95.838 E147.55275
G1 X113.587 Y96.901 E147.59112
G1 X114.29 Y97.804 E147.62918
G1 X115.208 Y98.496 E147.66742
G1 X116.271 Y98.928 E147.70558
G1 X117.383 Y99.066 E147.74285
G1 X117.414 Y99.07 E147.74389
G0 F9000 X117.408 Y98.356
G0 X114.972 Y97.43
G0 X114.834 Y97.611
;TYPE:FILL
G1 F2356.6 X116.645 Y90.854 E147.97656
G0 F9000 X116.103 Y90.997
G1 F2356.6 X121.047 Y95.941 E148.20911
G0 F9000 X121.195 Y95.406
G1 F2356.6 X114.441 Y97.216 E148.44168
G0 F9000 X114.86 Y96.892
G1 F1500 E141.94168
;MESH:dubelHinge.stl
G0 F9000 X116.33 Y98.705
G0 X116.197 Y99.791
G0 X116.631 Y100.89
G0 X116.778 Y101.954
G0 X117.529 Y109.728
G0 X117.53 Y110.038
;TYPE:WALL-INNER
G1 F1500 E148.44168
G1 X118.558 Y109.892 E148.47621
G1 X119.525 Y109.485 E148.5111
G1 X120.344 Y108.847 E148.54563
G1 X120.973 Y108.013 E148.58038
G1 X121.366 Y107.047 E148.61506
G1 X121.494 Y106.01 E148.64982
G1 X121.348 Y104.982 E148.68435
G1 X120.942 Y104.015 E148.71923
G1 X120.303 Y103.2 E148.75368
G1 X119.469 Y102.571 E148.78842
G1 X118.502 Y102.178 E148.82314
G1 X117.465 Y102.046 E148.85791
G1 X116.438 Y102.192 E148.89241
G1 X115.475 Y102.598 E148.92717
G1 X114.656 Y103.237 E148.96172
G1 X114.027 Y104.071 E148.99646
G1 X113.634 Y105.038 E149.03118
G1 X113.502 Y106.075 E149.06595
G1 X113.648 Y107.102 E149.10045
G1 X114.054 Y108.065 E149.13521
G1 X114.693 Y108.884 E149.16976
G1 X115.528 Y109.514 E149.20455
G1 X116.494 Y109.91 E149.23928
G1 X117.5 Y110.034 E149.27299
G1 X117.53 Y110.038 E149.274
G0 F9000 X117.534 Y110.442
;TYPE:WALL-OUTER
G1 F1500 X118.666 Y110.281 E149.31203
G1 X119.729 Y109.833 E149.35039
G1 X120.632 Y109.13 E149.38846
G1 X121.324 Y108.212 E149.42669
G1 X121.756 Y107.149 E149.46486
G1 X121.898 Y106.006 E149.50316
G1 X121.737 Y104.874 E149.54119
G1 X121.29 Y103.811 E149.57955
G1 X120.586 Y102.912 E149.61753
G1 X119.668 Y102.22 E149.65576
G1 X118.604 Y101.788 E149.69396
G1 X117.462 Y101.642 E149.73225
G1 X116.33 Y101.803 E149.77028
G1 X115.271 Y102.25 E149.80851
G1 X114.368 Y102.954 E149.84659
G1 X113.676 Y103.872 E149.88483
G1 X113.244 Y104.936 E149.92302
G1 X113.098 Y106.078 E149.96131
G1 X113.259 Y107.21 E149.99934
G1 X113.706 Y108.269 E150.03758
G1 X114.41 Y109.172 E150.07566
G1 X115.328 Y109.864 E150.11389
G1 X116.392 Y110.3 E150.15214
G1 X117.5 Y110.438 E150.18928
G1 X117.534 Y110.442 E150.19041
G0 F9000 X117.529 Y109.728
G0 X115.093 Y108.801
G0 X114.955 Y108.982
;TYPE:FILL
G1 F2356.6 X116.766 Y102.225 E150.42309
G0 F9000 X116.224 Y102.369
G1 F2356.6 X121.171 Y107.315 E150.65575
G0 F9000 X121.318 Y106.777
G1 F2356.6 X114.562 Y108.587 E150.88838
G0 F9000 X114.981 Y108.261
G1 F1500 E144.38838
;MESH:dubelUpper.stl(1)
G0 F9000 X116.451 Y110.077
G0 X116.318 Y111.163
G0 X116.696 Y111.965
G0 X117.027 Y113.008
G0 X117.487 Y117.799
G0 X117.5 Y118.106
;TYPE:WALL-INNER
G1 F1500 E150.88838
G1 X117.938 Y118.083 E150.90297
G1 X118.559 Y117.887 E150.92463
G1 X119.109 Y117.537 E150.94631
G1 X119.542 Y117.059 E150.96776
G1 X119.847 Y116.47 E150.98983
G1 X119.985 Y115.845 E151.01111
G1 X119.949 Y115.189 E151.03297
G1 X119.755 Y114.569 E151.05457
G1 X119.405 Y114.019 E151.07626
G1 X118.927 Y113.586 E151.09771
G1 X118.338 Y113.282 E151.11975
G1 X117.713 Y113.144 E151.14104
G1 X117.056 Y113.176 E151.16292
G1 X116.44 Y113.373 E151.18443
G1 X115.886 Y113.724 E151.20624
G1 X115.454 Y114.201 E151.22765
G1 X115.15 Y114.79 E151.24969
G1 X115.012 Y115.415 E151.27098
G1 X115.044 Y116.072 E151.29286
G1 X115.24 Y116.69 E151.31442
G1 X115.595 Y117.241 E151.33622
G1 X116.07 Y117.675 E151.35762
G1 X116.658 Y117.979 E151.37964
G1 X117.287 Y118.117 E151.40106
G1 X117.5 Y118.106 E151.40815
G0 F9000 X117.5 Y118.507
;TYPE:WALL-OUTER
G1 F1500 X118.011 Y118.481 E151.42517
G1 X118.73 Y118.253 E151.45026
G1 X119.369 Y117.845 E151.47547
G1 X119.874 Y117.289 E151.50045
G1 X120.226 Y116.607 E151.52598
G1 X120.387 Y115.879 E151.55078
G1 X120.348 Y115.117 E151.57616
G1 X120.121 Y114.398 E151.60123
G1 X119.713 Y113.759 E151.62645
G1 X119.157 Y113.254 E151.65143
G1 X118.475 Y112.902 E151.67696
G1 X117.747 Y112.742 E151.70175
G1 X116.984 Y112.779 E151.72716
G1 X116.27 Y113.007 E151.75209
G1 X115.626 Y113.415 E151.77744
G1 X115.122 Y113.971 E151.8024
G1 X114.77 Y114.653 E151.82793
G1 X114.61 Y115.381 E151.85272
G1 X114.647 Y116.144 E151.87813
G1 X114.875 Y116.862 E151.90318
G1 X115.287 Y117.501 E151.92847
G1 X115.84 Y118.006 E151.95338
G1 X116.521 Y118.358 E151.97888
G1 X117.253 Y118.519 E152.00381
G1 X117.5 Y118.507 E152.01203
G0 F9000 X117.468 Y117.8
G0 X116.412 Y117.507
G0 X116.308 Y117.708
;TYPE:FILL
G1 F2356.6 X119.566 Y116.835 E152.12421
G0 F9000 X119.368 Y116.732
G0 X119.666 Y115.636
G0 X119.893 Y115.627
G1 F2356.6 X117.501 Y113.234 E152.23675
G0 F9000 X117.511 Y113.465
G0 X116.424 Y113.751
G0 X116.299 Y113.556
G1 F2356.6 X115.423 Y116.825 E152.34931
G0 F9000 X115.869 Y116.542
G1 F1500 E145.84931
;MESH:dubelUpper.stl
G0 F9000 X117.276 Y118.289
G0 X117.327 Y119.381
G0 X117.401 Y121.061
G0 X117.451 Y122.134
G0 X117.487 Y126.964
G0 X117.5 Y127.272
;TYPE:WALL-INNER
G1 F1500 E152.34931
G1 F1503.8 X117.941 Y127.252 E152.36396
G1 F1500 X118.558 Y127.056 E152.38549
G1 X119.108 Y126.702 E152.40725
G1 X119.542 Y126.223 E152.42875
G1 X119.847 Y125.634 E152.45081
G1 X119.985 Y125.009 E152.47209
G1 X119.952 Y124.352 E152.49397
G1 X119.756 Y123.738 E152.51541
G1 X119.404 Y123.186 E152.53719
G1 X118.927 Y122.75 E152.55868
G1 X118.338 Y122.451 E152.58065
G1 X117.711 Y122.312 E152.60201
G1 X117.054 Y122.34 E152.62388
G1 X116.438 Y122.536 E152.64538
G1 X115.887 Y122.891 E152.66718
G1 X115.453 Y123.366 E152.68858
G1 X115.15 Y123.954 E152.71058
G1 X115.012 Y124.583 E152.732
G1 X115.044 Y125.24 E152.75388
G1 X115.24 Y125.854 E152.77532
G1 X115.595 Y126.405 E152.79712
G1 X116.07 Y126.839 E152.81852
G1 X116.658 Y127.142 E152.84052
G1 X117.288 Y127.281 E152.86198
G1 F1503.8 X117.5 Y127.272 E152.86902
G0 F9000 X117.5 Y127.672
;TYPE:WALL-OUTER
G1 F1500 X118.012 Y127.649 E152.88606
G1 X118.73 Y127.421 E152.91112
G1 X119.369 Y127.01 E152.93639
G1 X119.874 Y126.453 E152.96139
G1 X120.226 Y125.771 E152.98692
G1 X120.387 Y125.043 E153.01172
G1 X120.349 Y124.28 E153.03713
G1 X120.121 Y123.566 E153.06206
G1 X119.713 Y122.926 E153.0873
G1 X119.157 Y122.418 E153.11235
G1 X118.475 Y122.071 E153.1378
G1 X117.746 Y121.91 E153.16263
G1 X116.984 Y121.943 E153.188
G1 X116.266 Y122.171 E153.21306
G1 X115.627 Y122.583 E153.23834
G1 X115.122 Y123.136 E153.26325
G1 X114.77 Y123.817 E153.28875
G1 X114.61 Y124.549 E153.31367
G1 X114.647 Y125.312 E153.33908
G1 X114.875 Y126.026 E153.36401
G1 X115.287 Y126.665 E153.38929
G1 X115.84 Y127.17 E153.4142
G1 X116.521 Y127.522 E153.4397
G1 X117.254 Y127.683 E153.46466
G1 X117.5 Y127.672 E153.47285
G0 F9000 X117.468 Y126.965
G0 X116.411 Y126.672
G0 X116.308 Y126.872
;TYPE:FILL
G1 F2356.6 X119.567 Y125.999 E153.58507
G0 F9000 X119.369 Y125.896
G0 X119.666 Y124.801
G0 X119.895 Y124.791
G1 F2356.6 X117.506 Y122.402 E153.69744
G0 F9000 X117.516 Y122.63
G0 X116.424 Y122.917
G0 X116.3 Y122.72
G1 F2356.6 X115.423 Y125.991 E153.81007
G0 F9000 X115.869 Y125.707
G1 F1500 E147.31007
;MESH:NONMESH
G0 F300 X115.869 Y125.707 Z2.6
G0 F9000 X117.028 Y122.172
G0 X116.977 Y121.081
G0 X114.62 Y118.064
G0 X114.089 Y117.236
G0 X113.79 Y116.299
G0 X112.231 Y106.083
G0 X112.4 Y104.717
G0 X112.917 Y103.443
G0 X113.746 Y102.344
G0 X114.625 Y101.66
G0 X117.278 Y99.925
G0 X117.411 Y98.839
G0 X117.408 Y98.356
G0 X117.41 Y98.666
;TIME_ELAPSED:294.540509
;LAYER:12
;note -- min layer time used
;TYPE:WALL-INNER
;MESH:dubelHinge.stl(1)
G1 F1500 E153.81007
G1 X118.438 Y98.521 E153.8446
G1 X119.401 Y98.114 E153.87938
G1 X120.22 Y97.475 E153.91393
G1 X120.849 Y96.641 E153.94867
G1 X121.242 Y95.674 E153.98339
G1 X121.374 Y94.637 E154.01816
G1 X121.228 Y93.61 E154.05266
G1 X120.822 Y92.647 E154.08742
G1 X120.183 Y91.828 E154.12197
G1 X119.348 Y91.2 E154.15672
G1 X118.382 Y90.806 E154.19142
G1 X117.345 Y90.674 E154.22619
G1 X116.318 Y90.82 E154.26069
G1 X115.351 Y91.226 E154.29557
G1 X114.536 Y91.865 E154.33002
G1 X113.906 Y92.7 E154.36481
G1 X113.51 Y93.666 E154.39953
G1 X113.382 Y94.702 E154.43425
G1 X113.528 Y95.73 E154.46878
G1 X113.935 Y96.697 E154.50368
G1 X114.573 Y97.516 E154.53821
G1 X115.407 Y98.145 E154.57295
G1 X116.373 Y98.538 E154.60764
G1 X117.382 Y98.663 E154.64146
G1 X117.41 Y98.666 E154.64239
G0 F9000 X117.414 Y99.07
;TYPE:WALL-OUTER
G1 F1500 X118.546 Y98.909 E154.68042
G1 X119.605 Y98.462 E154.71865
G1 X120.508 Y97.758 E154.75674
G1 X121.2 Y96.84 E154.79497
G1 X121.632 Y95.776 E154.83317
G1 X121.778 Y94.634 E154.87146
G1 X121.617 Y93.502 E154.90949
G1 X121.17 Y92.443 E154.94772
G1 X120.466 Y91.54 E154.9858
G1 X119.548 Y90.848 E155.02404
G1 X118.484 Y90.416 E155.06223
G1 X117.342 Y90.27 E155.10053
G1 X116.21 Y90.431 E155.13856
G1 X115.147 Y90.878 E155.17691
G1 X114.248 Y91.582 E155.21489
G1 X113.556 Y92.5 E155.25312
G1 X113.12 Y93.564 E155.29137
G1 X112.978 Y94.706 E155.32964
G1 X113.139 Y95.838 E155.36767
G1 X113.587 Y96.901 E155.40604
G1 X114.29 Y97.804 E155.4441
G1 X115.208 Y98.496 E155.48234
G1 X116.271 Y98.928 E155.5205
G1 X117.383 Y99.066 E155.55777
G1 X117.414 Y99.07 E155.55881
G0 F9000 X117.408 Y98.356
G0 X114.851 Y97.339
G0 X114.713 Y97.52
;TYPE:FILL
G1 F2271.3 X116.493 Y90.875 E155.78762
G0 F9000 X116.243 Y90.937
G1 F2271.3 X121.105 Y95.799 E156.01631
G0 F9000 X121.175 Y95.558
G1 F2271.3 X114.534 Y97.337 E156.24498
G0 F9000 X114.954 Y97.012
G1 F1500 E149.74498
;MESH:dubelHinge.stl
G0 F9000 X116.33 Y98.705
G0 X116.197 Y99.791
G0 X116.631 Y100.89
G0 X116.778 Y101.954
G0 X117.529 Y109.728
G0 X117.53 Y110.038
;TYPE:WALL-INNER
G1 F1500 E156.24498
G1 X118.558 Y109.892 E156.27951
G1 X119.525 Y109.485 E156.31441
G1 X120.344 Y108.847 E156.34894
G1 X120.973 Y108.013 E156.38368
G1 X121.366 Y107.047 E156.41837
G1 X121.494 Y106.01 E156.45312
G1 X121.348 Y104.982 E156.48766
G1 X120.942 Y104.015 E156.52254
G1 X120.303 Y103.2 E156.55698
G1 X119.469 Y102.571 E156.59173
G1 X118.502 Y102.178 E156.62644
G1 X117.465 Y102.046 E156.66121
G1 X116.438 Y102.192 E156.69571
G1 X115.475 Y102.598 E156.73047
G1 X114.656 Y103.237 E156.76502
G1 X114.027 Y104.071 E156.79977
G1 X113.634 Y105.038 E156.83449
G1 X113.502 Y106.075 E156.86925
G1 X113.648 Y107.102 E156.90376
G1 X114.054 Y108.065 E156.93852
G1 X114.693 Y108.884 E156.97307
G1 X115.528 Y109.514 E157.00786
G1 X116.494 Y109.91 E157.04258
G1 X117.5 Y110.034 E157.07629
G1 X117.53 Y110.038 E157.0773
G0 F9000 X117.534 Y110.442
;TYPE:WALL-OUTER
G1 F1500 X118.666 Y110.281 E157.11533
G1 X119.729 Y109.833 E157.1537
G1 X120.632 Y109.13 E157.19176
G1 X121.324 Y108.212 E157.22999
G1 X121.756 Y107.149 E157.26816
G1 X121.898 Y106.006 E157.30647
G1 X121.737 Y104.874 E157.3445
G1 X121.29 Y103.811 E157.38285
G1 X120.586 Y102.912 E157.42083
G1 X119.668 Y102.22 E157.45906
G1 X118.604 Y101.788 E157.49726
G1 X117.462 Y101.642 E157.53555
G1 X116.33 Y101.803 E157.57358
G1 X115.271 Y102.25 E157.61181
G1 X114.368 Y102.954 E157.6499
G1 X113.676 Y103.872 E157.68813
G1 X113.244 Y104.936 E157.72633
G1 X113.098 Y106.078 E157.76462
G1 X113.259 Y107.21 E157.80265
G1 X113.706 Y108.269 E157.84088
G1 X114.41 Y109.172 E157.87896
G1 X115.328 Y109.864 E157.9172
G1 X116.392 Y110.3 E157.95544
G1 X117.5 Y110.438 E157.99258
G1 X117.534 Y110.442 E157.99372
G0 F9000 X117.529 Y109.728
G0 X114.972 Y108.71
G0 X114.834 Y108.891
;TYPE:FILL
G1 F2271.3 X116.614 Y102.247 E158.22249
G0 F9000 X116.364 Y102.31
G1 F2271.3 X121.228 Y107.173 E158.45126
G0 F9000 X121.299 Y106.928
G1 F2271.3 X114.656 Y108.708 E158.68
G0 F9000 X115.076 Y108.382
G1 F1500 E152.18
;MESH:dubelUpper.stl(1)
G0 F9000 X116.451 Y110.077
G0 X116.318 Y111.163
G0 X116.696 Y111.965
G0 X117.027 Y113.008
G0 X117.487 Y117.799
G0 X117.5 Y118.106
;TYPE:WALL-INNER
G1 F1500 E158.68
G1 X117.938 Y118.083 E158.69459
G1 X118.559 Y117.887 E158.71624
G1 X119.109 Y117.537 E158.73793
G1 X119.542 Y117.059 E158.75938
G1 X119.847 Y116.47 E158.78144
G1 X119.985 Y115.845 E158.80273
G1 X119.949 Y115.189 E158.82458
G1 X119.755 Y114.569 E158.84619
G1 X119.405 Y114.019 E158.86787
G1 X118.927 Y113.586 E158.88932
G1 X118.338 Y113.282 E158.91137
G1 X117.713 Y113.144 E158.93265
G1 X117.056 Y113.176 E158.95453
G1 X116.44 Y113.373 E158.97604
G1 X115.886 Y113.724 E158.99786
G1 X115.454 Y114.201 E159.01926
G1 X115.15 Y114.79 E159.04131
G1 X115.012 Y115.415 E159.06259
G1 X115.044 Y116.072 E159.08447
G1 X115.24 Y116.69 E159.10604
G1 X115.595 Y117.241 E159.12784
G1 X116.07 Y117.675 E159.14924
G1 X116.658 Y117.979 E159.17125
G1 X117.287 Y118.117 E159.19267
G1 X117.5 Y118.106 E159.19976
G0 F9000 X117.5 Y118.507
;TYPE:WALL-OUTER
G1 F1500 X118.011 Y118.481 E159.21678
G1 X118.73 Y118.253 E159.24187
G1 X119.369 Y117.845 E159.26709
G1 X119.874 Y117.289 E159.29207
G1 X120.226 Y116.607 E159.31759
G1 X120.387 Y115.879 E159.34239
G1 X120.348 Y115.117 E159.36777
G1 X120.121 Y114.398 E159.39285
G1 X119.713 Y113.759 E159.41806
G1 X119.157 Y113.254 E159.44305
G1 X118.475 Y112.902 E159.46857
G1 X117.747 Y112.742 E159.49336
G1 X116.984 Y112.779 E159.51877
G1 X116.27 Y113.007 E159.5437
G1 X115.626 Y113.415 E159.56906
G1 X115.122 Y113.971 E159.59402
G1 X114.77 Y114.653 E159.61954
G1 X114.61 Y115.381 E159.64433
G1 X114.647 Y116.144 E159.66974
G1 X114.875 Y116.862 E159.6948
G1 X115.287 Y117.501 E159.72009
G1 X115.84 Y118.006 E159.74499
G1 X116.521 Y118.358 E159.77049
G1 X117.253 Y118.519 E159.79542
G1 X117.5 Y118.507 E159.80364
G0 F9000 X117.468 Y117.8
G0 X116.598 Y117.603
G0 X116.494 Y117.804
;TYPE:FILL
G1 F2271.3 X119.479 Y117.004 E159.90643
G0 F9000 X119.293 Y116.877
G0 X119.656 Y115.424
G0 X119.881 Y115.415
G1 F2271.3 X117.692 Y113.225 E160.00942
G0 F9000 X117.682 Y113.456
G0 X116.249 Y113.863
G0 X116.124 Y113.667
G1 F2271.3 X115.32 Y116.666 E160.11269
G0 F9000 X115.801 Y116.434
G1 F1500 E153.61269
;MESH:dubelUpper.stl
G0 F9000 X117.276 Y118.289
G0 X117.327 Y119.381
G0 X117.401 Y121.061
G0 X117.451 Y122.134
G0 X117.487 Y126.964
G0 X117.5 Y127.272
;TYPE:WALL-INNER
G1 F1500 E160.11269
G1 F1503.8 X117.941 Y127.252 E160.12733
G1 F1500 X118.558 Y127.056 E160.14886
G1 X119.108 Y126.702 E160.17062
G1 X119.542 Y126.223 E160.19212
G1 X119.847 Y125.634 E160.21418
G1 X119.985 Y125.009 E160.23547
G1 X119.952 Y124.352 E160.25735
G1 X119.756 Y123.738 E160.27878
G1 X119.404 Y123.186 E160.30056
G1 X118.927 Y122.75 E160.32205
G1 X118.338 Y122.451 E160.34402
G1 X117.711 Y122.312 E160.36538
G1 X117.054 Y122.34 E160.38725
G1 X116.438 Y122.536 E160.40875
G1 X115.887 Y122.891 E160.43055
G1 X115.453 Y123.366 E160.45195
G1 X115.15 Y123.954 E160.47396
G1 X115.012 Y124.583 E160.49537
G1 X115.044 Y125.24 E160.51725
G1 X115.24 Y125.854 E160.53869
G1 X115.595 Y126.405 E160.56049
G1 X116.07 Y126.839 E160.58189
G1 X116.658 Y127.142 E160.60389
G1 X117.288 Y127.281 E160.62535
G1 F1503.8 X117.5 Y127.272 E160.63239
G0 F9000 X117.5 Y127.672
;TYPE:WALL-OUTER
G1 F1500 X118.012 Y127.649 E160.64943
G1 X118.73 Y127.421 E160.67449
G1 X119.369 Y127.01 E160.69976
G1 X119.874 Y126.453 E160.72477
G1 X120.226 Y125.771 E160.75029
G1 X120.387 Y125.043 E160.77509
G1 X120.349 Y124.28 E160.8005
G1 X120.121 Y123.566 E160.82543
G1 X119.713 Y122.926 E160.85067
G1 X119.157 Y122.418 E160.87572
G1 X118.475 Y122.071 E160.90117
G1 X117.746 Y121.91 E160.926
G1 X116.984 Y121.943 E160.95137
G1 X116.266 Y122.171 E160.97643
G1 X115.627 Y122.583 E161.00172
G1 X115.122 Y123.136 E161.02662
G1 X114.77 Y123.817 E161.05212
G1 X114.61 Y124.549 E161.07704
G1 X114.647 Y125.312 E161.10245
G1 X114.875 Y126.026 E161.12738
G1 X115.287 Y126.665 E161.15267
G1 X115.84 Y127.17 E161.17757
G1 X116.521 Y127.522 E161.20307
G1 X117.254 Y127.683 E161.22803
G1 X117.5 Y127.672 E161.23622
G0 F9000 X117.468 Y126.965
G0 X116.597 Y126.768
G0 X116.494 Y126.968
;TYPE:FILL
G1 F2271.3 X119.479 Y126.169 E161.339
G0 F9000 X119.292 Y126.044
G0 X119.657 Y124.591
G0 X119.884 Y124.581
G1 F2271.3 X117.697 Y122.393 E161.44189
G0 F9000 X117.684 Y122.621
G0 X116.248 Y123.03
G0 X116.123 Y122.833
G1 F2271.3 X115.32 Y125.832 E161.54515
G0 F9000 X115.801 Y125.599
G1 F1500 E155.04515
;MESH:NONMESH
G0 F300 X115.801 Y125.599 Z2.8
G0 F9000 X117.028 Y122.172
G0 X116.977 Y121.081
G0 X114.62 Y118.064
G0 X114.089 Y117.236
G0 X113.79 Y116.299
G0 X112.231 Y106.083
G0 X112.4 Y104.717
G0 X112.917 Y103.443
G0 X113.746 Y102.344
G0 X114.625 Y101.66
G0 X117.278 Y99.925
G0 X117.411 Y98.839
G0 X117.408 Y98.356
G0 X117.41 Y98.666
;TIME_ELAPSED:309.899419
;LAYER:13
;note -- min layer time used
;TYPE:WALL-INNER
;MESH:dubelHinge.stl(1)
G1 F1500 E161.54515
G1 X118.438 Y98.521 E161.57968
G1 X119.401 Y98.114 E161.61446
G1 X120.22 Y97.475 E161.64901
G1 X120.849 Y96.641 E161.68375
G1 X121.242 Y95.674 E161.71847
G1 X121.374 Y94.637 E161.75324
G1 X121.228 Y93.61 E161.78774
G1 X120.822 Y92.647 E161.8225
G1 X120.183 Y91.828 E161.85705
G1 X119.348 Y91.2 E161.8918
G1 X118.382 Y90.806 E161.9265
G1 X117.345 Y90.674 E161.96127
G1 X116.318 Y90.82 E161.99577
G1 X115.351 Y91.226 E162.03065
G1 X114.536 Y91.865 E162.0651
G1 X113.906 Y92.7 E162.09989
G1 X113.51 Y93.666 E162.13461
G1 X113.382 Y94.702 E162.16933
G1 X113.528 Y95.73 E162.20386
G1 X113.935 Y96.697 E162.23876
G1 X114.573 Y97.516 E162.27329
G1 X115.407 Y98.145 E162.30803
G1 X116.373 Y98.538 E162.34272
G1 X117.382 Y98.663 E162.37653
G1 X117.41 Y98.666 E162.37747
G0 F9000 X117.414 Y99.07
;TYPE:WALL-OUTER
G1 F1500 X118.546 Y98.909 E162.4155
G1 X119.605 Y98.462 E162.45373
G1 X120.508 Y97.758 E162.49182
G1 X121.2 Y96.84 E162.53005
G1 X121.632 Y95.776 E162.56825
G1 X121.778 Y94.634 E162.60654
G1 X121.617 Y93.502 E162.64457
G1 X121.17 Y92.443 E162.6828
G1 X120.466 Y91.54 E162.72088
G1 X119.548 Y90.848 E162.75912
G1 X118.484 Y90.416 E162.79731
G1 X117.342 Y90.27 E162.8356
G1 X116.21 Y90.431 E162.87363
G1 X115.147 Y90.878 E162.91199
G1 X114.248 Y91.582 E162.94997
G1 X113.556 Y92.5 E162.9882
G1 X113.12 Y93.564 E163.02645
G1 X112.978 Y94.706 E163.06472
G1 X113.139 Y95.838 E163.10275
G1 X113.587 Y96.901 E163.14112
G1 X114.29 Y97.804 E163.17918
G1 X115.208 Y98.496 E163.21742
G1 X116.271 Y98.928 E163.25558
G1 X117.383 Y99.066 E163.29285
G1 X117.414 Y99.07 E163.29389
G0 F9000 X117.408 Y98.356
G0 X114.796 Y97.298
G0 X114.629 Y97.458
;TYPE:FILL
G1 F2167.8 X121.139 Y95.713 E163.51806
G1 X121.163 Y95.657
G1 X116.395 Y90.889 E163.74233
G1 X116.341 Y90.897
G1 X114.595 Y97.413 E163.9667
G0 F9000 X115.015 Y97.086
G1 F1500 E157.4667
;MESH:dubelHinge.stl
G0 F9000 X116.33 Y98.705
G0 X116.197 Y99.791
G0 X116.631 Y100.89
G0 X116.778 Y101.954
G0 X117.529 Y109.728
G0 X117.53 Y110.038
;TYPE:WALL-INNER
G1 F1500 E163.9667
G1 X118.558 Y109.892 E164.00123
G1 X119.525 Y109.485 E164.03613
G1 X120.344 Y108.847 E164.07066
G1 X120.973 Y108.013 E164.1054
G1 X121.366 Y107.047 E164.14009
G1 X121.494 Y106.01 E164.17484
G1 X121.348 Y104.982 E164.20937
G1 X120.942 Y104.015 E164.24426
G1 X120.303 Y103.2 E164.2787
G1 X119.469 Y102.571 E164.31345
G1 X118.502 Y102.178 E164.34816
G1 X117.465 Y102.046 E164.38293
G1 X116.438 Y102.192 E164.41743
G1 X115.475 Y102.598 E164.45219
G1 X114.656 Y103.237 E164.48674
G1 X114.027 Y104.071 E164.52149
G1 X113.634 Y105.038 E164.5562
G1 X113.502 Y106.075 E164.59097
G1 X113.648 Y107.102 E164.62547
G1 X114.054 Y108.065 E164.66023
G1 X114.693 Y108.884 E164.69478
G1 X115.528 Y109.514 E164.72958
G1 X116.494 Y109.91 E164.7643
G1 X117.5 Y110.034 E164.79801
G1 X117.53 Y110.038 E164.79902
G0 F9000 X117.534 Y110.442
;TYPE:WALL-OUTER
G1 F1500 X118.666 Y110.281 E164.83705
G1 X119.729 Y109.833 E164.87542
G1 X120.632 Y109.13 E164.91348
G1 X121.324 Y108.212 E164.95171
G1 X121.756 Y107.149 E164.98988
G1 X121.898 Y106.006 E165.02819
G1 X121.737 Y104.874 E165.06622
G1 X121.29 Y103.811 E165.10457
G1 X120.586 Y102.912 E165.14255
G1 X119.668 Y102.22 E165.18078
G1 X118.604 Y101.788 E165.21898
G1 X117.462 Y101.642 E165.25727
G1 X116.33 Y101.803 E165.2953
G1 X115.271 Y102.25 E165.33353
G1 X114.368 Y102.954 E165.37161
G1 X113.676 Y103.872 E165.40985
G1 X113.244 Y104.936 E165.44804
G1 X113.098 Y106.078 E165.48634
G1 X113.259 Y107.21 E165.52437
G1 X113.706 Y108.269 E165.5626
G1 X114.41 Y109.172 E165.60068
G1 X115.328 Y109.864 E165.63892
G1 X116.392 Y110.3 E165.67716
G1 X117.5 Y110.438 E165.7143
G1 X117.534 Y110.442 E165.71544
G0 F9000 X117.529 Y109.728
G0 X114.917 Y108.668
G0 X114.752 Y108.828
;TYPE:FILL
G1 F2167.8 X121.263 Y107.084 E165.93963
G1 X121.286 Y107.032
G1 X116.516 Y102.262 E166.16399
G1 X116.462 Y102.268
G1 X114.716 Y108.785 E166.38839
G0 F9000 X115.137 Y108.458
G1 F1500 E159.88839
;MESH:dubelUpper.stl(1)
G0 F9000 X116.451 Y110.077
G0 X116.318 Y111.163
G0 X116.696 Y111.965
G0 X117.027 Y113.008
G0 X117.487 Y117.799
G0 X117.5 Y118.106
;TYPE:WALL-INNER
G1 F1500 E166.38839
G1 X117.938 Y118.083 E166.40298
G1 X118.559 Y117.887 E166.42464
G1 X119.109 Y117.537 E166.44632
G1 X119.542 Y117.059 E166.46778
G1 X119.847 Y116.47 E166.48984
G1 X119.985 Y115.845 E166.51112
G1 X119.949 Y115.189 E166.53298
G1 X119.755 Y114.569 E166.55458
G1 X119.405 Y114.019 E166.57627
G1 X118.927 Y113.586 E166.59772
G1 X118.338 Y113.282 E166.61976
G1 X117.713 Y113.144 E166.64105
G1 X117.056 Y113.176 E166.66293
G1 X116.44 Y113.373 E166.68444
G1 X115.886 Y113.724 E166.70625
G1 X115.454 Y114.201 E166.72766
G1 X115.15 Y114.79 E166.7497
G1 X115.012 Y115.415 E166.77099
G1 X115.044 Y116.072 E166.79287
G1 X115.24 Y116.69 E166.81443
G1 X115.595 Y117.241 E166.83623
G1 X116.07 Y117.675 E166.85763
G1 X116.658 Y117.979 E166.87965
G1 X117.287 Y118.117 E166.90107
G1 X117.5 Y118.106 E166.90816
G0 F9000 X117.5 Y118.507
;TYPE:WALL-OUTER
G1 F1500 X118.011 Y118.481 E166.92518
G1 X118.73 Y118.253 E166.95027
G1 X119.369 Y117.845 E166.97548
G1 X119.874 Y117.289 E167.00047
G1 X120.226 Y116.607 E167.02599
G1 X120.387 Y115.879 E167.05079
G1 X120.348 Y115.117 E167.07617
G1 X120.121 Y114.398 E167.10125
G1 X119.713 Y113.759 E167.12646
G1 X119.157 Y113.254 E167.15144
G1 X118.475 Y112.902 E167.17697
G1 X117.747 Y112.742 E167.20176
G1 X116.984 Y112.779 E167.22717
G1 X116.27 Y113.007 E167.2521
G1 X115.626 Y113.415 E167.27745
G1 X115.122 Y113.971 E167.30241
G1 X114.77 Y114.653 E167.32794
G1 X114.61 Y115.381 E167.35273
G1 X114.647 Y116.144 E167.37814
G1 X114.875 Y116.862 E167.40319
G1 X115.287 Y117.501 E167.42848
G1 X115.84 Y118.006 E167.45339
G1 X116.521 Y118.358 E167.47889
G1 X117.253 Y118.519 E167.50382
G1 X117.5 Y118.507 E167.51204
G0 F9000 X117.468 Y117.8
G0 X116.76 Y117.686
G0 X116.68 Y117.9
;TYPE:FILL
G1 F2167.8 X119.309 Y117.196 E167.60256
G0 F9000 X119.142 Y117.042
G0 X119.649 Y115.247
G0 X119.869 Y115.204
G1 F2167.8 X117.942 Y113.276 E167.69323
G0 F9000 X117.892 Y113.502
G0 X116.091 Y113.963
G0 X115.948 Y113.778
G1 F2167.8 X115.239 Y116.423 E167.78431
G0 F9000 X115.746 Y116.262
G1 F1500 E161.28431
;MESH:dubelUpper.stl
G0 F9000 X117.276 Y118.289
G0 X117.327 Y119.381
G0 X117.401 Y121.061
G0 X117.451 Y122.134
G0 X117.487 Y126.964
G0 X117.5 Y127.272
;TYPE:WALL-INNER
G1 F1500 E167.78431
G1 F1503.8 X117.941 Y127.252 E167.79895
G1 F1500 X118.558 Y127.056 E167.82048
G1 X119.108 Y126.702 E167.84224
G1 X119.542 Y126.223 E167.86374
G1 X119.847 Y125.634 E167.8858
G1 X119.985 Y125.009 E167.90709
G1 X119.952 Y124.352 E167.92897
G1 X119.756 Y123.738 E167.9504
G1 X119.404 Y123.186 E167.97218
G1 X118.927 Y122.75 E167.99367
G1 X118.338 Y122.451 E168.01564
G1 X117.711 Y122.312 E168.037
G1 X117.054 Y122.34 E168.05887
G1 X116.438 Y122.536 E168.08037
G1 X115.887 Y122.891 E168.10217
G1 X115.453 Y123.366 E168.12357
G1 X115.15 Y123.954 E168.14557
G1 X115.012 Y124.583 E168.16699
G1 X115.044 Y125.24 E168.18887
G1 X115.24 Y125.854 E168.21031
G1 X115.595 Y126.405 E168.23211
G1 X116.07 Y126.839 E168.25351
G1 X116.658 Y127.142 E168.27551
G1 X117.288 Y127.281 E168.29697
G1 F1503.8 X117.5 Y127.272 E168.30401
G0 F9000 X117.5 Y127.672
;TYPE:WALL-OUTER
G1 F1500 X118.012 Y127.649 E168.32105
G1 X118.73 Y127.421 E168.34611
G1 X119.369 Y127.01 E168.37138
G1 X119.874 Y126.453 E168.39639
G1 X120.226 Y125.771 E168.42191
G1 X120.387 Y125.043 E168.44671
G1 X120.349 Y124.28 E168.47212
G1 X120.121 Y123.566 E168.49705
G1 X119.713 Y122.926 E168.52229
G1 X119.157 Y122.418 E168.54734
G1 X118.475 Y122.071 E168.57279
G1 X117.746 Y121.91 E168.59762
G1 X116.984 Y121.943 E168.62299
G1 X116.266 Y122.171 E168.64805
G1 X115.627 Y122.583 E168.67334
G1 X115.122 Y123.136 E168.69824
G1 X114.77 Y123.817 E168.72374
G1 X114.61 Y124.549 E168.74866
G1 X114.647 Y125.312 E168.77407
G1 X114.875 Y126.026 E168.799
G1 X115.287 Y126.665 E168.82429
G1 X115.84 Y127.17 E168.84919
G1 X116.521 Y127.522 E168.87469
G1 X117.254 Y127.683 E168.89965
G1 X117.5 Y127.672 E168.90784
G0 F9000 X117.468 Y126.965
G0 X116.756 Y126.85
G0 X116.68 Y127.065
;TYPE:FILL
G1 F2167.8 X119.309 Y126.36 E168.99837
G0 F9000 X119.143 Y126.208
G0 X119.649 Y124.412
G0 X119.874 Y124.371
G1 F2167.8 X117.95 Y122.448 E169.08885
G0 F9000 X117.901 Y122.669
G0 X116.093 Y123.128
G0 X115.947 Y122.948
G1 F2167.8 X115.239 Y125.588 E169.17976
G0 F9000 X115.746 Y125.427
G1 F1500 E162.67976
;MESH:NONMESH
G0 F300 X115.746 Y125.427 Z3
G0 F9000 X116.362 Y122.386
G0 X116.029 Y121.344
G0 X114.089 Y117.236
G0 X113.79 Y116.299
G0 X112.231 Y106.083
G0 X112.4 Y104.717
G0 X112.917 Y103.443
G0 X113.746 Y102.344
G0 X114.625 Y101.66
G0 X117.278 Y99.925
G0 X117.411 Y98.839
G0 X117.408 Y98.356
G0 X117.41 Y98.666
;TIME_ELAPSED:324.994958
;LAYER:14
;note -- min layer time used
;TYPE:WALL-INNER
;MESH:dubelHinge.stl(1)
G1 F1500 E169.17976
G1 X118.438 Y98.521 E169.21429
G1 X119.401 Y98.114 E169.24906
G1 X120.22 Y97.475 E169.28361
G1 X120.849 Y96.641 E169.31835
G1 X121.242 Y95.674 E169.35307
G1 X121.374 Y94.637 E169.38784
G1 X121.228 Y93.61 E169.42234
G1 X120.822 Y92.647 E169.4571
G1 X120.183 Y91.828 E169.49165
G1 X119.348 Y91.2 E169.5264
G1 X118.382 Y90.806 E169.5611
G1 X117.345 Y90.674 E169.59587
G1 X116.318 Y90.82 E169.63037
G1 X115.351 Y91.226 E169.66525
G1 X114.536 Y91.865 E169.6997
G1 X113.906 Y92.7 E169.73449
G1 X113.51 Y93.666 E169.76921
G1 X113.382 Y94.702 E169.80393
G1 X113.528 Y95.73 E169.83847
G1 X113.935 Y96.697 E169.87336
G1 X114.573 Y97.516 E169.90789
G1 X115.407 Y98.145 E169.94264
G1 X116.373 Y98.538 E169.97732
G1 X117.382 Y98.663 E170.01114
G1 X117.41 Y98.666 E170.01208
G0 F9000 X117.414 Y99.07
;TYPE:WALL-OUTER
G1 F1500 X118.546 Y98.909 E170.0501
G1 X119.605 Y98.462 E170.08834
G1 X120.508 Y97.758 E170.12642
G1 X121.2 Y96.84 E170.16466
G1 X121.632 Y95.776 E170.20285
G1 X121.778 Y94.634 E170.24114
G1 X121.617 Y93.502 E170.27917
G1 X121.17 Y92.443 E170.3174
G1 X120.466 Y91.54 E170.35549
G1 X119.548 Y90.848 E170.39372
G1 X118.484 Y90.416 E170.43192
G1 X117.342 Y90.27 E170.47021
G1 X116.21 Y90.431 E170.50824
G1 X115.147 Y90.878 E170.54659
G1 X114.248 Y91.582 E170.58457
G1 X113.556 Y92.5 E170.62281
G1 X113.12 Y93.564 E170.66105
G1 X112.978 Y94.706 E170.69933
G1 X113.139 Y95.838 E170.73736
G1 X113.587 Y96.901 E170.77572
G1 X114.29 Y97.804 E170.81379
G1 X115.208 Y98.496 E170.85202
G1 X116.271 Y98.928 E170.89018
G1 X117.383 Y99.066 E170.92745
G1 X117.414 Y99.07 E170.92849
G0 F9000 X117.408 Y98.356
G0 X114.969 Y97.429
G0 X114.831 Y97.61
;TYPE:FILL
G1 F2133.6 X114.456 Y97.235 E170.94613
G1 X114.486 Y97.273
G1 X116.176 Y90.965 E171.16334
G1 X116.096 Y91
G1 X116.634 Y90.856 E171.18186
G1 X116.571 Y90.865
G1 X121.186 Y95.48 E171.39894
G1 X121.194 Y95.421
G1 X121.068 Y95.891 E171.41512
G1 X121.072 Y95.878
G1 X114.773 Y97.566 E171.63202
G0 F9000 X115.093 Y97.145
G1 F1500 E165.13202
;MESH:dubelHinge.stl
G0 F9000 X116.33 Y98.705
G0 X116.197 Y99.791
G0 X116.631 Y100.89
G0 X116.778 Y101.954
G0 X117.529 Y109.728
G0 X117.53 Y110.038
;TYPE:WALL-INNER
G1 F1500 E171.63202
G1 X118.558 Y109.892 E171.66655
G1 X119.525 Y109.485 E171.70145
G1 X120.344 Y108.847 E171.73598
G1 X120.973 Y108.013 E171.77072
G1 X121.366 Y107.047 E171.80541
G1 X121.494 Y106.01 E171.84016
G1 X121.348 Y104.982 E171.87469
G1 X120.942 Y104.015 E171.90958
G1 X120.303 Y103.2 E171.94402
G1 X119.469 Y102.571 E171.97877
G1 X118.502 Y102.178 E172.01348
G1 X117.465 Y102.046 E172.04825
G1 X116.438 Y102.192 E172.08275
G1 X115.475 Y102.598 E172.11751
G1 X114.656 Y103.237 E172.15206
G1 X114.027 Y104.071 E172.18681
G1 X113.634 Y105.038 E172.22152
G1 X113.502 Y106.075 E172.25629
G1 X113.648 Y107.102 E172.2908
G1 X114.054 Y108.065 E172.32556
G1 X114.693 Y108.884 E172.36011
G1 X115.528 Y109.514 E172.3949
G1 X116.494 Y109.91 E172.42962
G1 X117.5 Y110.034 E172.46333
G1 X117.53 Y110.038 E172.46434
G0 F9000 X117.534 Y110.442
;TYPE:WALL-OUTER
G1 F1500 X118.666 Y110.281 E172.50237
G1 X119.729 Y109.833 E172.54074
G1 X120.632 Y109.13 E172.5788
G1 X121.324 Y108.212 E172.61703
G1 X121.756 Y107.149 E172.6552
G1 X121.898 Y106.006 E172.69351
G1 X121.737 Y104.874 E172.73154
G1 X121.29 Y103.811 E172.76989
G1 X120.586 Y102.912 E172.80787
G1 X119.668 Y102.22 E172.8461
G1 X118.604 Y101.788 E172.8843
G1 X117.462 Y101.642 E172.92259
G1 X116.33 Y101.803 E172.96062
G1 X115.271 Y102.25 E172.99885
G1 X114.368 Y102.954 E173.03693
G1 X113.676 Y103.872 E173.07517
G1 X113.244 Y104.936 E173.11337
G1 X113.098 Y106.078 E173.15166
G1 X113.259 Y107.21 E173.18969
G1 X113.706 Y108.269 E173.22792
G1 X114.41 Y109.172 E173.266
G1 X115.328 Y109.864 E173.30424
G1 X116.392 Y110.3 E173.34248
G1 X117.5 Y110.438 E173.37962
G1 X117.534 Y110.442 E173.38076
G0 F9000 X117.529 Y109.728
G0 X115.077 Y108.789
G0 X114.939 Y108.969
;TYPE:FILL
G1 F2133.6 X114.583 Y108.614 E173.39748
G1 X114.607 Y108.643
G1 X116.297 Y102.338 E173.61459
G1 X116.219 Y102.37
G1 X116.755 Y102.227 E173.63304
G1 X116.691 Y102.236
G1 X121.309 Y106.854 E173.85025
G1 X121.318 Y106.782
G1 X121.184 Y107.282 E173.86747
G1 X121.197 Y107.248
G1 X114.896 Y108.937 E174.08444
G0 F9000 X115.216 Y108.518
G1 F1500 E167.58444
;MESH:dubelUpper.stl(1)
G0 F9000 X116.451 Y110.077
G0 X116.318 Y111.163
G0 X116.696 Y111.965
G0 X117.027 Y113.008
G0 X117.487 Y117.799
G0 X117.5 Y118.106
;TYPE:WALL-INNER
G1 F1500 E174.08444
G1 X117.938 Y118.083 E174.09903
G1 X118.559 Y117.887 E174.12069
G1 X119.109 Y117.537 E174.14237
G1 X119.542 Y117.059 E174.16382
G1 X119.847 Y116.47 E174.18588
G1 X119.985 Y115.845 E174.20717
G1 X119.949 Y115.189 E174.22902
G1 X119.755 Y114.569 E174.25063
G1 X119.405 Y114.019 E174.27231
G1 X118.927 Y113.586 E174.29377
G1 X118.338 Y113.282 E174.31581
G1 X117.713 Y113.144 E174.3371
G1 X117.056 Y113.176 E174.35898
G1 X116.44 Y113.373 E174.38049
G1 X115.886 Y113.724 E174.4023
G1 X115.454 Y114.201 E174.42371
G1 X115.15 Y114.79 E174.44575
G1 X115.012 Y115.415 E174.46704
G1 X115.044 Y116.072 E174.48892
G1 X115.24 Y116.69 E174.51048
G1 X115.595 Y117.241 E174.53228
G1 X116.07 Y117.675 E174.55368
G1 X116.658 Y117.979 E174.5757
G1 X117.287 Y118.117 E174.59712
G1 X117.5 Y118.106 E174.60421
G0 F9000 X117.5 Y118.507
;TYPE:WALL-OUTER
G1 F1500 X118.011 Y118.481 E174.62123
G1 X118.73 Y118.253 E174.64632
G1 X119.369 Y117.845 E174.67153
G1 X119.874 Y117.289 E174.69651
G1 X120.226 Y116.607 E174.72204
G1 X120.387 Y115.879 E174.74684
G1 X120.348 Y115.117 E174.77222
G1 X120.121 Y114.398 E174.79729
G1 X119.713 Y113.759 E174.82251
G1 X119.157 Y113.254 E174.84749
G1 X118.475 Y112.902 E174.87302
G1 X117.747 Y112.742 E174.89781
G1 X116.984 Y112.779 E174.92322
G1 X116.27 Y113.007 E174.94815
G1 X115.626 Y113.415 E174.9735
G1 X115.122 Y113.971 E174.99846
G1 X114.77 Y114.653 E175.02399
G1 X114.61 Y115.381 E175.04878
G1 X114.647 Y116.144 E175.07419
G1 X114.875 Y116.862 E175.09924
G1 X115.287 Y117.501 E175.12453
G1 X115.84 Y118.006 E175.14944
G1 X116.521 Y118.358 E175.17494
G1 X117.253 Y118.519 E175.19986
G1 X117.5 Y118.507 E175.20809
G0 F9000 X116.977 Y117.968
;TYPE:FILL
G1 F2133.6 X119.133 Y117.39 E175.28233
G0 F9000 X118.966 Y117.236
G0 X119.563 Y114.981
G0 X119.78 Y114.913
G1 F2133.6 X118.199 Y113.333 E175.35667
G0 F9000 X118.149 Y113.558
G0 X115.913 Y114.16
G0 X115.741 Y114.002
G1 F2133.6 X115.159 Y116.172 E175.4314
G0 F9000 X115.666 Y116.011
G1 F1500 E168.9314
;MESH:dubelUpper.stl
G0 F9000 X117.276 Y118.289
G0 X117.327 Y119.381
G0 X117.401 Y121.061
G0 X117.451 Y122.134
G0 X117.487 Y126.964
G0 X117.5 Y127.272
;TYPE:WALL-INNER
G1 F1500 E175.4314
G1 F1503.8 X117.941 Y127.252 E175.44604
G1 F1500 X118.558 Y127.056 E175.46757
G1 X119.108 Y126.702 E175.48933
G1 X119.542 Y126.223 E175.51083
G1 X119.847 Y125.634 E175.53289
G1 X119.985 Y125.009 E175.55418
G1 X119.952 Y124.352 E175.57606
G1 X119.756 Y123.738 E175.59749
G1 X119.404 Y123.186 E175.61927
G1 X118.927 Y122.75 E175.64076
G1 X118.338 Y122.451 E175.66273
G1 X117.711 Y122.312 E175.68409
G1 X117.054 Y122.34 E175.70596
G1 X116.438 Y122.536 E175.72746
G1 X115.887 Y122.891 E175.74927
G1 X115.453 Y123.366 E175.77067
G1 X115.15 Y123.954 E175.79267
G1 X115.012 Y124.583 E175.81408
G1 X115.044 Y125.24 E175.83596
G1 X115.24 Y125.854 E175.8574
G1 X115.595 Y126.405 E175.8792
G1 X116.07 Y126.839 E175.9006
G1 X116.658 Y127.142 E175.9226
G1 X117.288 Y127.281 E175.94406
G1 F1503.8 X117.5 Y127.272 E175.9511
G0 F9000 X117.5 Y127.672
;TYPE:WALL-OUTER
G1 F1500 X118.012 Y127.649 E175.96814
G1 X118.73 Y127.421 E175.9932
G1 X119.369 Y127.01 E176.01847
G1 X119.874 Y126.453 E176.04348
G1 X120.226 Y125.771 E176.069
G1 X120.387 Y125.043 E176.0938
G1 X120.349 Y124.28 E176.11921
G1 X120.121 Y123.566 E176.14414
G1 X119.713 Y122.926 E176.16938
G1 X119.157 Y122.418 E176.19443
G1 X118.475 Y122.071 E176.21988
G1 X117.746 Y121.91 E176.24471
G1 X116.984 Y121.943 E176.27008
G1 X116.266 Y122.171 E176.29514
G1 X115.627 Y122.583 E176.32043
G1 X115.122 Y123.136 E176.34533
G1 X114.77 Y123.817 E176.37083
G1 X114.61 Y124.549 E176.39575
G1 X114.647 Y125.312 E176.42116
G1 X114.875 Y126.026 E176.44609
G1 X115.287 Y126.665 E176.47138
G1 X115.84 Y127.17 E176.49629
G1 X116.521 Y127.522 E176.52178
G1 X117.254 Y127.683 E176.54674
G1 X117.5 Y127.672 E176.55493
G0 F9000 X116.978 Y127.132
;TYPE:FILL
G1 F2133.6 X119.133 Y126.554 E176.62914
G0 F9000 X118.967 Y126.401
G0 X119.562 Y124.145
G0 X119.78 Y124.077
G1 F2133.6 X118.208 Y122.505 E176.70308
G0 F9000 X118.159 Y122.725
G0 X115.911 Y123.328
G0 X115.74 Y123.171
G1 F2133.6 X115.159 Y125.337 E176.77767
G0 F9000 X115.666 Y125.176
G1 F1500 E170.27767
;MESH:NONMESH
G0 F300 X115.666 Y125.176 Z3.2
G0 F9000 X116.362 Y122.386
G0 X116.029 Y121.344
G0 X114.089 Y117.236
G0 X113.79 Y116.299
G0 X112.231 Y106.083
G0 X112.4 Y104.717
G0 X112.917 Y103.443
G0 X113.746 Y102.344
G0 X114.625 Y101.66
G0 X117.278 Y99.925
G0 X117.411 Y98.839
G0 X117.408 Y98.356
G0 X117.41 Y98.666
;TIME_ELAPSED:340.287650
;LAYER:15
;note -- min layer time used
;TYPE:WALL-INNER
;MESH:dubelHinge.stl(1)
G1 F1500 E176.77767
G1 X118.438 Y98.521 E176.8122
G1 X119.401 Y98.114 E176.84698
G1 X120.22 Y97.475 E176.88153
G1 X120.849 Y96.641 E176.91627
G1 X121.242 Y95.674 E176.95099
G1 X121.374 Y94.637 E176.98576
G1 X121.228 Y93.61 E177.02026
G1 X120.822 Y92.647 E177.05502
G1 X120.183 Y91.828 E177.08957
G1 X119.348 Y91.2 E177.12432
G1 X118.382 Y90.806 E177.15902
G1 X117.345 Y90.674 E177.19379
G1 X116.318 Y90.82 E177.22829
G1 X115.351 Y91.226 E177.26317
G1 X114.536 Y91.865 E177.29761
G1 X113.906 Y92.7 E177.3324
G1 X113.51 Y93.666 E177.36713
G1 X113.382 Y94.702 E177.40185
G1 X113.528 Y95.73 E177.43638
G1 X113.935 Y96.697 E177.47128
G1 X114.573 Y97.516 E177.50581
G1 X115.407 Y98.145 E177.54055
G1 X116.373 Y98.538 E177.57524
G1 X117.382 Y98.663 E177.60905
G1 X117.41 Y98.666 E177.60999
G0 F9000 X117.414 Y99.07
;TYPE:WALL-OUTER
G1 F1500 X118.546 Y98.909 E177.64802
G1 X119.605 Y98.462 E177.68625
G1 X120.508 Y97.758 E177.72433
G1 X121.2 Y96.84 E177.76257
G1 X121.632 Y95.776 E177.80076
G1 X121.778 Y94.634 E177.83906
G1 X121.617 Y93.502 E177.87709
G1 X121.17 Y92.443 E177.91532
G1 X120.466 Y91.54 E177.9534
G1 X119.548 Y90.848 E177.99164
G1 X118.484 Y90.416 E178.02983
G1 X117.342 Y90.27 E178.06812
G1 X116.21 Y90.431 E178.10615
G1 X115.147 Y90.878 E178.14451
G1 X114.248 Y91.582 E178.18249
G1 X113.556 Y92.5 E178.22072
G1 X113.12 Y93.564 E178.25897
G1 X112.978 Y94.706 E178.29724
G1 X113.139 Y95.838 E178.33527
G1 X113.587 Y96.901 E178.37364
G1 X114.29 Y97.804 E178.4117
G1 X115.208 Y98.496 E178.44994
G1 X116.271 Y98.928 E178.4881
G1 X117.383 Y99.066 E178.52537
G1 X117.414 Y99.07 E178.52641
G0 F9000 X117.408 Y98.356
G0 X115.614 Y97.897
G0 X115.528 Y98.108
;TYPE:FILL
G1 F2462.2 X113.953 Y96.533 E178.60049
G0 F9000 X114.377 Y97.134
G1 F2462.2 X116.011 Y91.035 E178.8105
G0 F9000 X116.745 Y90.84
G1 F2462.2 X121.209 Y95.303 E179.02045
G0 F9000 X121.281 Y94.552
G1 F2462.2 X120.705 Y96.699 E179.09438
G0 F9000 X121.006 Y96.042
G1 F2462.2 X114.915 Y97.674 E179.30412
G0 F9000 X115.054 Y97.492
G0 X115.461 Y91.538
G0 X115.319 Y91.354
G1 F2462.2 X117.487 Y90.773 E179.37877
G0 F9000 X117.421 Y91.3
G1 F1500 E172.87877
;MESH:dubelHinge.stl
G0 F9000 X117.411 Y98.839
G0 X117.562 Y99.921
G0 X117.601 Y100.791
G0 X117.468 Y101.877
G0 X117.529 Y109.728
G0 X117.53 Y110.038
;TYPE:WALL-INNER
G1 F1500 E179.37877
G1 X118.558 Y109.892 E179.4133
G1 X119.525 Y109.485 E179.4482
G1 X120.344 Y108.847 E179.48273
G1 X120.973 Y108.013 E179.51747
G1 X121.366 Y107.047 E179.55216
G1 X121.494 Y106.01 E179.58691
G1 X121.348 Y104.982 E179.62145
G1 X120.942 Y104.015 E179.65633
G1 X120.303 Y103.2 E179.69077
G1 X119.469 Y102.571 E179.72552
G1 X118.502 Y102.178 E179.76023
G1 X117.465 Y102.046 E179.795
G1 X116.438 Y102.192 E179.82951
G1 X115.475 Y102.598 E179.86427
G1 X114.656 Y103.237 E179.89882
G1 X114.027 Y104.071 E179.93356
G1 X113.634 Y105.038 E179.96828
G1 X113.502 Y106.075 E180.00305
G1 X113.648 Y107.102 E180.03755
G1 X114.054 Y108.065 E180.07231
G1 X114.693 Y108.884 E180.10686
G1 X115.528 Y109.514 E180.14165
G1 X116.494 Y109.91 E180.17637
G1 X117.5 Y110.034 E180.21008
G1 X117.53 Y110.038 E180.21109
G0 F9000 X117.534 Y110.442
;TYPE:WALL-OUTER
G1 F1500 X118.666 Y110.281 E180.24912
G1 X119.729 Y109.833 E180.28749
G1 X120.632 Y109.13 E180.32555
G1 X121.324 Y108.212 E180.36379
G1 X121.756 Y107.149 E180.40195
G1 X121.898 Y106.006 E180.44026
G1 X121.737 Y104.874 E180.47829
G1 X121.29 Y103.811 E180.51664
G1 X120.586 Y102.912 E180.55462
G1 X119.668 Y102.22 E180.59286
G1 X118.604 Y101.788 E180.63105
G1 X117.462 Y101.642 E180.66934
G1 X116.33 Y101.803 E180.70737
G1 X115.271 Y102.25 E180.7456
G1 X114.368 Y102.954 E180.78369
G1 X113.676 Y103.872 E180.82192
G1 X113.244 Y104.936 E180.86012
G1 X113.098 Y106.078 E180.89841
G1 X113.259 Y107.21 E180.93644
G1 X113.706 Y108.269 E180.97467
G1 X114.41 Y109.172 E181.01275
G1 X115.328 Y109.864 E181.05099
G1 X116.392 Y110.3 E181.08923
G1 X117.5 Y110.438 E181.12637
G1 X117.534 Y110.442 E181.12751
G0 F9000 X117.529 Y109.728
G0 X115.729 Y109.266
G0 X115.644 Y109.476
;TYPE:FILL
G1 F2462.2 X114.073 Y107.904 E181.20143
G0 F9000 X114.498 Y108.505
G1 F2462.2 X116.132 Y102.407 E181.4114
G0 F9000 X115.444 Y102.724
G1 F2462.2 X117.607 Y102.144 E181.48589
G0 F9000 X116.866 Y102.212
G1 F2462.2 X121.331 Y106.677 E181.69591
G0 F9000 X121.401 Y105.925
G1 F2462.2 X120.825 Y108.077 E181.77
G0 F9000 X121.131 Y107.412
G1 F2462.2 X115.039 Y109.044 E181.97977
G0 F9000 X115.358 Y108.625
G1 F1500 E175.47977
;MESH:dubelUpper.stl(1)
G0 F9000 X116.451 Y110.077
G0 X116.318 Y111.163
G0 X116.696 Y111.965
G0 X117.027 Y113.008
G0 X117.487 Y117.799
G0 X117.5 Y118.106
;TYPE:WALL-INNER
G1 F1500 E181.97977
G1 X117.938 Y118.083 E181.99435
G1 X118.559 Y117.887 E182.01601
G1 X119.109 Y117.537 E182.0377
G1 X119.542 Y117.059 E182.05915
G1 X119.847 Y116.47 E182.08121
G1 X119.985 Y115.845 E182.1025
G1 X119.949 Y115.189 E182.12435
G1 X119.755 Y114.569 E182.14596
G1 X119.405 Y114.019 E182.16764
G1 X118.927 Y113.586 E182.18909
G1 X118.338 Y113.282 E182.21114
G1 X117.713 Y113.144 E182.23242
G1 X117.056 Y113.176 E182.2543
G1 X116.44 Y113.373 E182.27581
G1 X115.886 Y113.724 E182.29763
G1 X115.454 Y114.201 E182.31903
G1 X115.15 Y114.79 E182.34108
G1 X115.012 Y115.415 E182.36236
G1 X115.044 Y116.072 E182.38424
G1 X115.24 Y116.69 E182.40581
G1 X115.595 Y117.241 E182.42761
G1 X116.07 Y117.675 E182.44901
G1 X116.658 Y117.979 E182.47102
G1 X117.287 Y118.117 E182.49244
G1 X117.5 Y118.106 E182.49953
G0 F9000 X117.5 Y118.507
;TYPE:WALL-OUTER
G1 F1500 X118.011 Y118.481 E182.51655
G1 X118.73 Y118.253 E182.54164
G1 X119.369 Y117.845 E182.56686
G1 X119.874 Y117.289 E182.59184
G1 X120.226 Y116.607 E182.61736
G1 X120.387 Y115.879 E182.64216
G1 X120.348 Y115.117 E182.66754
G1 X120.121 Y114.398 E182.69262
G1 X119.713 Y113.759 E182.71783
G1 X119.157 Y113.254 E182.74282
G1 X118.475 Y112.902 E182.76834
G1 X117.747 Y112.742 E182.79313
G1 X116.984 Y112.779 E182.81854
G1 X116.27 Y113.007 E182.84347
G1 X115.626 Y113.415 E182.86883
G1 X115.122 Y113.971 E182.89379
G1 X114.77 Y114.653 E182.91931
G1 X114.61 Y115.381 E182.9441
G1 X114.647 Y116.144 E182.96951
G1 X114.875 Y116.862 E182.99457
G1 X115.287 Y117.501 E183.01985
G1 X115.84 Y118.006 E183.04476
G1 X116.521 Y118.358 E183.07026
G1 X117.253 Y118.519 E183.09519
G1 X117.5 Y118.507 E183.10341
G0 F9000 X117.276 Y118.034
;TYPE:FILL
G1 F2462.2 X118.836 Y117.616 E183.15713
G0 F9000 X118.714 Y117.423
G0 X119.471 Y114.693
G0 X119.69 Y114.624
G1 F2462.2 X118.544 Y113.479 E183.21101
G0 F9000 X118.44 Y113.68
G0 X115.704 Y114.389
G0 X115.533 Y114.232
G1 F2462.2 X115.111 Y115.808 E183.26527
G0 F9000 X115.642 Y115.785
G1 F1500 E176.76527
;MESH:dubelUpper.stl
G0 F9000 X117.276 Y118.289
G0 X117.327 Y119.381
G0 X117.401 Y121.061
G0 X117.451 Y122.134
G0 X117.487 Y126.964
G0 X117.5 Y127.272
;TYPE:WALL-INNER
G1 F1500 E183.26527
G1 F1503.8 X117.941 Y127.252 E183.27992
G1 F1500 X118.558 Y127.056 E183.30145
G1 X119.108 Y126.702 E183.32321
G1 X119.542 Y126.223 E183.34471
G1 X119.847 Y125.634 E183.36677
G1 X119.985 Y125.009 E183.38806
G1 X119.952 Y124.352 E183.40993
G1 X119.756 Y123.738 E183.43137
G1 X119.404 Y123.186 E183.45315
G1 X118.927 Y122.75 E183.47464
G1 X118.338 Y122.451 E183.49661
G1 X117.711 Y122.312 E183.51797
G1 X117.054 Y122.34 E183.53984
G1 X116.438 Y122.536 E183.56134
G1 X115.887 Y122.891 E183.58314
G1 X115.453 Y123.366 E183.60454
G1 X115.15 Y123.954 E183.62654
G1 X115.012 Y124.583 E183.64796
G1 X115.044 Y125.24 E183.66984
G1 X115.24 Y125.854 E183.69128
G1 X115.595 Y126.405 E183.71308
G1 X116.07 Y126.839 E183.73448
G1 X116.658 Y127.142 E183.75648
G1 X117.288 Y127.281 E183.77794
G1 F1503.8 X117.5 Y127.272 E183.78498
G0 F9000 X117.5 Y127.672
;TYPE:WALL-OUTER
G1 F1500 X118.012 Y127.649 E183.80202
G1 X118.73 Y127.421 E183.82708
G1 X119.369 Y127.01 E183.85235
G1 X119.874 Y126.453 E183.87736
G1 X120.226 Y125.771 E183.90288
G1 X120.387 Y125.043 E183.92768
G1 X120.349 Y124.28 E183.95309
G1 X120.121 Y123.566 E183.97802
G1 X119.713 Y122.926 E184.00326
G1 X119.157 Y122.418 E184.02831
G1 X118.475 Y122.071 E184.05376
G1 X117.746 Y121.91 E184.07859
G1 X116.984 Y121.943 E184.10396
G1 X116.266 Y122.171 E184.12902
G1 X115.627 Y122.583 E184.1543
G1 X115.122 Y123.136 E184.17921
G1 X114.77 Y123.817 E184.20471
G1 X114.61 Y124.549 E184.22963
G1 X114.647 Y125.312 E184.25504
G1 X114.875 Y126.026 E184.27997
G1 X115.287 Y126.665 E184.30526
G1 X115.84 Y127.17 E184.33016
G1 X116.521 Y127.522 E184.35566
G1 X117.254 Y127.683 E184.38062
G1 X117.5 Y127.672 E184.38881
G0 F9000 X117.278 Y127.197
;TYPE:FILL
G1 F2462.2 X118.84 Y126.779 E184.44259
G0 F9000 X118.718 Y126.587
G0 X119.475 Y123.867
G0 X119.686 Y123.783
G1 F2462.2 X118.553 Y122.65 E184.49588
G0 F9000 X118.449 Y122.851
G0 X115.707 Y123.552
G0 X115.533 Y123.397
G1 F2462.2 X115.111 Y124.972 E184.55012
G0 F9000 X115.642 Y124.949
G1 F1500 E178.05012
;MESH:NONMESH
G0 F300 X115.642 Y124.949 Z3.4
G0 F9000 X116.362 Y122.386
G0 X116.029 Y121.344
G0 X114.089 Y117.236
G0 X113.79 Y116.299
G0 X112.231 Y106.083
G0 X112.4 Y104.717
G0 X112.917 Y103.443
G0 X113.746 Y102.344
G0 X114.625 Y101.66
G0 X117.278 Y99.925
G0 X117.411 Y98.839
G0 X117.408 Y98.356
G0 X117.41 Y98.666
;TIME_ELAPSED:356.358763
;LAYER:16
;note -- min layer time used
;TYPE:WALL-INNER
;MESH:dubelHinge.stl(1)
G1 F1500 E184.55012
G1 X118.438 Y98.521 E184.58465
G1 X119.401 Y98.114 E184.61942
G1 X120.22 Y97.475 E184.65397
G1 X120.849 Y96.641 E184.68871
G1 X121.242 Y95.674 E184.72343
G1 X121.374 Y94.637 E184.7582
G1 X121.228 Y93.61 E184.7927
G1 X120.822 Y92.647 E184.82746
G1 X120.183 Y91.828 E184.86201
G1 X119.348 Y91.2 E184.89676
G1 X118.382 Y90.806 E184.93146
G1 X117.345 Y90.674 E184.96623
G1 X116.318 Y90.82 E185.00073
G1 X115.351 Y91.226 E185.03561
G1 X114.536 Y91.865 E185.07006
G1 X113.906 Y92.7 E185.10485
G1 X113.51 Y93.666 E185.13957
G1 X113.382 Y94.702 E185.17429
G1 X113.528 Y95.73 E185.20883
G1 X113.935 Y96.697 E185.24372
G1 X114.573 Y97.516 E185.27825
G1 X115.407 Y98.145 E185.313
G1 X116.373 Y98.538 E185.34768
G1 X117.382 Y98.663 E185.3815
G1 X117.41 Y98.666 E185.38244
G0 F9000 X117.414 Y99.07
;TYPE:WALL-OUTER
G1 F1500 X118.546 Y98.909 E185.42046
G1 X119.605 Y98.462 E185.4587
G1 X120.508 Y97.758 E185.49678
G1 X121.2 Y96.84 E185.53502
G1 X121.632 Y95.776 E185.57321
G1 X121.778 Y94.634 E185.6115
G1 X121.617 Y93.502 E185.64953
G1 X121.17 Y92.443 E185.68776
G1 X120.466 Y91.54 E185.72585
G1 X119.548 Y90.848 E185.76408
G1 X118.484 Y90.416 E185.80228
G1 X117.342 Y90.27 E185.84057
G1 X116.21 Y90.431 E185.8786
G1 X115.147 Y90.878 E185.91695
G1 X114.248 Y91.582 E185.95493
G1 X113.556 Y92.5 E185.99317
G1 X113.12 Y93.564 E186.03141
G1 X112.978 Y94.706 E186.06969
G1 X113.139 Y95.838 E186.10772
G1 X113.587 Y96.901 E186.14608
G1 X114.29 Y97.804 E186.18415
G1 X115.208 Y98.496 E186.22238
G1 X116.271 Y98.928 E186.26054
G1 X117.383 Y99.066 E186.29781
G1 X117.414 Y99.07 E186.29885
G0 F9000 X117.408 Y98.356
G0 X115.953 Y98.034
G0 X115.867 Y98.245
;TYPE:FILL
G1 F2123.9 X113.805 Y96.184 E186.39582
G0 F9000 X114.268 Y96.993
G1 F2123.9 X115.846 Y91.104 E186.5986
G0 F9000 X115.033 Y91.578
G1 F2123.9 X117.859 Y90.82 E186.69591
G0 F9000 X116.922 Y90.815
G1 F2123.9 X121.231 Y95.125 E186.89862
G0 F9000 X121.23 Y94.191
G1 F2123.9 X120.478 Y97 E186.99534
G0 F9000 X120.938 Y96.207
G1 F2123.9 X115.059 Y97.782 E187.19777
G0 F9000 X115.379 Y97.361
G1 F1500 E180.69777
;MESH:dubelHinge.stl
G0 F9000 X116.33 Y98.705
G0 X116.197 Y99.791
G0 X116.631 Y100.89
G0 X116.778 Y101.954
G0 X117.529 Y109.728
G0 X117.53 Y110.038
;TYPE:WALL-INNER
G1 F1500 E187.19777
G1 X118.558 Y109.892 E187.2323
G1 X119.525 Y109.485 E187.2672
G1 X120.344 Y108.847 E187.30173
G1 X120.973 Y108.013 E187.33647
G1 X121.366 Y107.047 E187.37116
G1 X121.494 Y106.01 E187.40591
G1 X121.348 Y104.982 E187.44045
G1 X120.942 Y104.015 E187.47533
G1 X120.303 Y103.2 E187.50977
G1 X119.469 Y102.571 E187.54452
G1 X118.502 Y102.178 E187.57923
G1 X117.465 Y102.046 E187.614
G1 X116.438 Y102.192 E187.64851
G1 X115.475 Y102.598 E187.68327
G1 X114.656 Y103.237 E187.71782
G1 X114.027 Y104.071 E187.75256
G1 X113.634 Y105.038 E187.78728
G1 X113.502 Y106.075 E187.82205
G1 X113.648 Y107.102 E187.85655
G1 X114.054 Y108.065 E187.89131
G1 X114.693 Y108.884 E187.92586
G1 X115.528 Y109.514 E187.96065
G1 X116.494 Y109.91 E187.99537
G1 X117.5 Y110.034 E188.02908
G1 X117.53 Y110.038 E188.03009
G0 F9000 X117.534 Y110.442
;TYPE:WALL-OUTER
G1 F1500 X118.666 Y110.281 E188.06812
G1 X119.729 Y109.833 E188.10649
G1 X120.632 Y109.13 E188.14455
G1 X121.324 Y108.212 E188.18279
G1 X121.756 Y107.149 E188.22095
G1 X121.898 Y106.006 E188.25926
G1 X121.737 Y104.874 E188.29729
G1 X121.29 Y103.811 E188.33564
G1 X120.586 Y102.912 E188.37362
G1 X119.668 Y102.22 E188.41186
G1 X118.604 Y101.788 E188.45005
G1 X117.462 Y101.642 E188.48834
G1 X116.33 Y101.803 E188.52637
G1 X115.271 Y102.25 E188.5646
G1 X114.368 Y102.954 E188.60269
G1 X113.676 Y103.872 E188.64092
G1 X113.244 Y104.936 E188.67912
G1 X113.098 Y106.078 E188.71741
G1 X113.259 Y107.21 E188.75544
G1 X113.706 Y108.269 E188.79367
G1 X114.41 Y109.172 E188.83175
G1 X115.328 Y109.864 E188.86999
G1 X116.392 Y110.3 E188.90823
G1 X117.5 Y110.438 E188.94537
G1 X117.534 Y110.442 E188.94651
G0 F9000 X117.529 Y109.728
G0 X116.071 Y109.405
G0 X115.985 Y109.615
;TYPE:FILL
G1 F2123.9 X113.926 Y107.557 E189.04333
G0 F9000 X114.389 Y108.364
G1 F2123.9 X115.966 Y102.477 E189.24604
G0 F9000 X115.157 Y102.948
G1 F2123.9 X117.979 Y102.192 E189.34321
G0 F9000 X117.042 Y102.187
G1 F2123.9 X121.353 Y106.498 E189.54599
G0 F9000 X121.35 Y105.566
G1 F2123.9 X120.597 Y108.379 E189.64284
G0 F9000 X121.063 Y107.577
G1 F2123.9 X115.182 Y109.153 E189.84535
G0 F9000 X115.502 Y108.734
G1 F1500 E183.34535
;MESH:dubelUpper.stl(1)
G0 F9000 X116.451 Y110.077
G0 X116.318 Y111.163
G0 X116.696 Y111.965
G0 X117.027 Y113.008
G0 X117.487 Y117.799
G0 X117.5 Y118.106
;TYPE:WALL-INNER
G1 F1500 E189.84535
G1 X117.938 Y118.083 E189.85993
G1 X118.559 Y117.887 E189.88159
G1 X119.109 Y117.537 E189.90328
G1 X119.542 Y117.059 E189.92473
G1 X119.847 Y116.47 E189.94679
G1 X119.985 Y115.845 E189.96808
G1 X119.949 Y115.189 E189.98993
G1 X119.755 Y114.569 E190.01154
G1 X119.405 Y114.019 E190.03322
G1 X118.927 Y113.586 E190.05467
G1 X118.338 Y113.282 E190.07672
G1 X117.713 Y113.144 E190.098
G1 X117.056 Y113.176 E190.11988
G1 X116.44 Y113.373 E190.14139
G1 X115.886 Y113.724 E190.16321
G1 X115.454 Y114.201 E190.18461
G1 X115.15 Y114.79 E190.20666
G1 X115.012 Y115.415 E190.22794
G1 X115.044 Y116.072 E190.24982
G1 X115.24 Y116.69 E190.27139
G1 X115.595 Y117.241 E190.29319
G1 X116.07 Y117.675 E190.31459
G1 X116.658 Y117.979 E190.3366
G1 X117.287 Y118.117 E190.35802
G1 X117.5 Y118.106 E190.36511
G0 F9000 X117.5 Y118.507
;TYPE:WALL-OUTER
G1 F1500 X118.011 Y118.481 E190.38213
G1 X118.73 Y118.253 E190.40722
G1 X119.369 Y117.845 E190.43244
G1 X119.874 Y117.289 E190.45742
G1 X120.226 Y116.607 E190.48294
G1 X120.387 Y115.879 E190.50774
G1 X120.348 Y115.117 E190.53312
G1 X120.121 Y114.398 E190.5582
G1 X119.713 Y113.759 E190.58341
G1 X119.157 Y113.254 E190.6084
G1 X118.475 Y112.902 E190.63392
G1 X117.747 Y112.742 E190.65871
G1 X116.984 Y112.779 E190.68412
G1 X116.27 Y113.007 E190.70905
G1 X115.626 Y113.415 E190.73441
G1 X115.122 Y113.971 E190.75937
G1 X114.77 Y114.653 E190.78489
G1 X114.61 Y115.381 E190.80968
G1 X114.647 Y116.144 E190.83509
G1 X114.875 Y116.862 E190.86015
G1 X115.287 Y117.501 E190.88543
G1 X115.84 Y118.006 E190.91034
G1 X116.521 Y118.358 E190.93584
G1 X117.253 Y118.519 E190.96077
G1 X117.5 Y118.507 E190.96899
G0 F9000 X117.468 Y117.8
G0 X115.432 Y114.954
G0 X115.206 Y114.904
;TYPE:FILL
G1 F2123.9 X115.234 Y114.8 E190.97257
G0 F9000 X115.446 Y114.892
G0 X119.115 Y114.176
G0 X119.272 Y114.005
G1 F2123.9 X119.357 Y114.09 E190.97657
G0 F9000 X118.899 Y114.386
G1 F1500 E184.47657
;MESH:dubelUpper.stl
G0 F9000 X117.972 Y118.257
G0 X118.023 Y119.348
G0 X117.957 Y121.07
G0 X117.724 Y122.14
G0 X117.487 Y126.964
G0 X117.5 Y127.272
;TYPE:WALL-INNER
G1 F1500 E190.97657
G1 F1503.8 X117.941 Y127.252 E190.99122
G1 F1500 X118.558 Y127.056 E191.01275
G1 X119.108 Y126.702 E191.03451
G1 X119.542 Y126.223 E191.056
G1 X119.847 Y125.634 E191.07807
G1 X119.985 Y125.009 E191.09935
G1 X119.952 Y124.352 E191.12123
G1 X119.756 Y123.738 E191.14267
G1 X119.404 Y123.186 E191.16444
G1 X118.927 Y122.75 E191.18594
G1 X118.338 Y122.451 E191.20791
G1 X117.711 Y122.312 E191.22927
G1 X117.054 Y122.34 E191.25114
G1 X116.438 Y122.536 E191.27264
G1 X115.887 Y122.891 E191.29444
G1 X115.453 Y123.366 E191.31584
G1 X115.15 Y123.954 E191.33784
G1 X115.012 Y124.583 E191.35926
G1 X115.044 Y125.24 E191.38114
G1 X115.24 Y125.854 E191.40258
G1 X115.595 Y126.405 E191.42438
G1 X116.07 Y126.839 E191.44578
G1 X116.658 Y127.142 E191.46778
G1 X117.288 Y127.281 E191.48923
G1 F1503.8 X117.5 Y127.272 E191.49627
G0 F9000 X117.5 Y127.672
;TYPE:WALL-OUTER
G1 F1500 X118.012 Y127.649 E191.51332
G1 X118.73 Y127.421 E191.53838
G1 X119.369 Y127.01 E191.56365
G1 X119.874 Y126.453 E191.58865
G1 X120.226 Y125.771 E191.61418
G1 X120.387 Y125.043 E191.63898
G1 X120.349 Y124.28 E191.66439
G1 X120.121 Y123.566 E191.68932
G1 X119.713 Y122.926 E191.71456
G1 X119.157 Y122.418 E191.73961
G1 X118.475 Y122.071 E191.76506
G1 X117.746 Y121.91 E191.78989
G1 X116.984 Y121.943 E191.81526
G1 X116.266 Y122.171 E191.84032
G1 X115.627 Y122.583 E191.8656
G1 X115.122 Y123.136 E191.89051
G1 X114.77 Y123.817 E191.91601
G1 X114.61 Y124.549 E191.94093
G1 X114.647 Y125.312 E191.96634
G1 X114.875 Y126.026 E191.99127
G1 X115.287 Y126.665 E192.01655
G1 X115.84 Y127.17 E192.04146
G1 X116.521 Y127.522 E192.06696
G1 X117.254 Y127.683 E192.09192
G1 X117.5 Y127.672 E192.10011
G0 F9000 X117.468 Y126.965
G0 X115.434 Y124.114
G0 X115.207 Y124.064
;TYPE:FILL
G1 F2123.9 X115.234 Y123.964 E192.10355
G0 F9000 X115.731 Y124.161
G1 F1500 E185.60355
;MESH:NONMESH
G0 F300 X115.731 Y124.161 Z3.6
G0 F9000 X116.362 Y122.386
G0 X116.029 Y121.344
G0 X114.089 Y117.236
G0 X113.79 Y116.299
G0 X112.231 Y106.083
G0 X112.4 Y104.717
G0 X112.917 Y103.443
G0 X113.746 Y102.344
G0 X114.625 Y101.66
G0 X117.278 Y99.925
G0 X117.411 Y98.839
G0 X117.408 Y98.356
G0 X117.41 Y98.666
;TIME_ELAPSED:371.778809
;LAYER:17
;note -- min layer time used
;TYPE:WALL-INNER
;MESH:dubelHinge.stl(1)
G1 F1500 E192.10355
G1 X118.438 Y98.521 E192.13808
G1 X119.401 Y98.114 E192.17286
G1 X120.22 Y97.475 E192.20741
G1 X120.849 Y96.641 E192.24215
G1 X121.242 Y95.674 E192.27687
G1 X121.374 Y94.637 E192.31164
G1 X121.228 Y93.61 E192.34614
G1 X120.822 Y92.647 E192.3809
G1 X120.183 Y91.828 E192.41545
G1 X119.348 Y91.2 E192.4502
G1 X118.382 Y90.806 E192.4849
G1 X117.345 Y90.674 E192.51967
G1 X116.318 Y90.82 E192.55417
G1 X115.351 Y91.226 E192.58905
G1 X114.536 Y91.865 E192.6235
G1 X113.906 Y92.7 E192.65829
G1 X113.51 Y93.666 E192.69301
G1 X113.382 Y94.702 E192.72773
G1 X113.528 Y95.73 E192.76227
G1 X113.935 Y96.697 E192.79716
G1 X114.573 Y97.516 E192.83169
G1 X115.407 Y98.145 E192.86643
G1 X116.373 Y98.538 E192.90112
G1 X117.382 Y98.663 E192.93494
G1 X117.41 Y98.666 E192.93587
G0 F9000 X117.414 Y99.07
;TYPE:WALL-OUTER
G1 F1500 X118.546 Y98.909 E192.9739
G1 X119.605 Y98.462 E193.01213
G1 X120.508 Y97.758 E193.05022
G1 X121.2 Y96.84 E193.08845
G1 X121.632 Y95.776 E193.12665
G1 X121.778 Y94.634 E193.16494
G1 X121.617 Y93.502 E193.20297
G1 X121.17 Y92.443 E193.2412
G1 X120.466 Y91.54 E193.27928
G1 X119.548 Y90.848 E193.31752
G1 X118.484 Y90.416 E193.35571
G1 X117.342 Y90.27 E193.39401
G1 X116.21 Y90.431 E193.43204
G1 X115.147 Y90.878 E193.47039
G1 X114.248 Y91.582 E193.50837
G1 X113.556 Y92.5 E193.5466
G1 X113.12 Y93.564 E193.58485
G1 X112.978 Y94.706 E193.62312
G1 X113.139 Y95.838 E193.66115
G1 X113.587 Y96.901 E193.69952
G1 X114.29 Y97.804 E193.73758
G1 X115.208 Y98.496 E193.77582
G1 X116.271 Y98.928 E193.81398
G1 X117.383 Y99.066 E193.85125
G1 X117.414 Y99.07 E193.85229
G0 F9000 X117.408 Y98.356
G0 X116.288 Y98.17
G0 X116.202 Y98.382
;TYPE:FILL
G1 F2123.3 X113.659 Y95.838 E193.97193
G0 F9000 X113.872 Y95.749
G0 X114.341 Y96.713
G0 X114.159 Y96.854
G1 F2123.3 X115.681 Y91.174 E194.16751
G0 F9000 X115.77 Y91.388
G0 X114.891 Y91.983
G0 X114.749 Y91.8
G1 F2123.3 X118.229 Y90.867 E194.28734
G0 F9000 X118.2 Y91.095
G0 X117.127 Y91.021
G0 X117.096 Y90.79
G1 F2123.3 X121.254 Y94.948 E194.48292
G0 F9000 X121.028 Y94.92
G0 X120.953 Y93.865
G0 X121.18 Y93.835
G1 F2123.3 X120.251 Y97.3 E194.60224
G0 F9000 X120.073 Y97.164
G0 X120.664 Y96.287
G0 X120.871 Y96.371
G1 F2123.3 X115.202 Y97.89 E194.79744
G0 F9000 X115.522 Y97.469
G1 F1500 E188.29744
;MESH:dubelHinge.stl
G0 F9000 X116.33 Y98.705
G0 X116.197 Y99.791
G0 X116.631 Y100.89
G0 X116.778 Y101.954
G0 X117.529 Y109.728
G0 X117.53 Y110.038
;TYPE:WALL-INNER
G1 F1500 E194.79744
G1 X118.558 Y109.892 E194.83198
G1 X119.525 Y109.485 E194.86687
G1 X120.344 Y108.847 E194.9014
G1 X120.973 Y108.013 E194.93615
G1 X121.366 Y107.047 E194.97083
G1 X121.494 Y106.01 E195.00559
G1 X121.348 Y104.982 E195.04012
G1 X120.942 Y104.015 E195.075
G1 X120.303 Y103.2 E195.10945
G1 X119.469 Y102.571 E195.14419
G1 X118.502 Y102.178 E195.17891
G1 X117.465 Y102.046 E195.21368
G1 X116.438 Y102.192 E195.24818
G1 X115.475 Y102.598 E195.28294
G1 X114.656 Y103.237 E195.31749
G1 X114.027 Y104.071 E195.35223
G1 X113.634 Y105.038 E195.38695
G1 X113.502 Y106.075 E195.42172
G1 X113.648 Y107.102 E195.45622
G1 X114.054 Y108.065 E195.49098
G1 X114.693 Y108.884 E195.52553
G1 X115.528 Y109.514 E195.56032
G1 X116.494 Y109.91 E195.59505
G1 X117.5 Y110.034 E195.62876
G1 X117.53 Y110.038 E195.62977
G0 F9000 X117.534 Y110.442
;TYPE:WALL-OUTER
G1 F1500 X118.666 Y110.281 E195.66779
G1 X119.729 Y109.833 E195.70616
G1 X120.632 Y109.13 E195.74422
G1 X121.324 Y108.212 E195.78246
G1 X121.756 Y107.149 E195.82062
G1 X121.898 Y106.006 E195.85893
G1 X121.737 Y104.874 E195.89696
G1 X121.29 Y103.811 E195.93532
G1 X120.586 Y102.912 E195.97329
G1 X119.668 Y102.22 E196.01153
G1 X118.604 Y101.788 E196.04972
G1 X117.462 Y101.642 E196.08802
G1 X116.33 Y101.803 E196.12605
G1 X115.271 Y102.25 E196.16428
G1 X114.368 Y102.954 E196.20236
G1 X113.676 Y103.872 E196.2406
G1 X113.244 Y104.936 E196.27879
G1 X113.098 Y106.078 E196.31708
G1 X113.259 Y107.21 E196.35511
G1 X113.706 Y108.269 E196.39334
G1 X114.41 Y109.172 E196.43143
G1 X115.328 Y109.864 E196.46966
G1 X116.392 Y110.3 E196.50791
G1 X117.5 Y110.438 E196.54505
G1 X117.534 Y110.442 E196.54618
G0 F9000 X117.529 Y109.728
G0 X116.409 Y109.543
G0 X116.323 Y109.754
;TYPE:FILL
G1 F2123.3 X113.781 Y107.212 E196.66575
G0 F9000 X113.993 Y107.124
G0 X114.461 Y108.084
G0 X114.28 Y108.225
G1 F2123.3 X115.802 Y102.547 E196.86127
G0 F9000 X115.892 Y102.761
G0 X115.013 Y103.352
G0 X114.872 Y103.17
G1 F2123.3 X118.349 Y102.239 E196.98099
G0 F9000 X118.32 Y102.467
G0 X117.247 Y102.393
G0 X117.216 Y102.162
G1 F2123.3 X121.375 Y106.321 E197.17662
G0 F9000 X121.148 Y106.293
G0 X121.074 Y105.239
G0 X121.3 Y105.209
G1 F2123.3 X120.371 Y108.678 E197.29606
G0 F9000 X120.191 Y108.541
G0 X120.787 Y107.655
G0 X120.997 Y107.741
G1 F2123.3 X115.324 Y109.261 E197.4914
G0 F9000 X115.644 Y108.842
G1 F1500 E190.9914
;MESH:dubelUpper.stl(1)
G0 F9000 X116.451 Y110.077
G0 X116.318 Y111.163
G0 X116.696 Y111.965
G0 X117.027 Y113.008
G0 X117.487 Y117.799
G0 X117.5 Y118.106
;TYPE:WALL-INNER
G1 F1500 E197.4914
G1 X117.938 Y118.083 E197.50599
G1 X118.559 Y117.887 E197.52765
G1 X119.109 Y117.537 E197.54933
G1 X119.542 Y117.059 E197.57078
G1 X119.847 Y116.47 E197.59284
G1 X119.985 Y115.845 E197.61413
G1 X119.949 Y115.189 E197.63598
G1 X119.755 Y114.569 E197.65759
G1 X119.405 Y114.019 E197.67927
G1 X118.927 Y113.586 E197.70072
G1 X118.338 Y113.282 E197.72277
G1 X117.713 Y113.144 E197.74406
G1 X117.056 Y113.176 E197.76594
G1 X116.44 Y113.373 E197.78745
G1 X115.886 Y113.724 E197.80926
G1 X115.454 Y114.201 E197.83066
G1 X115.15 Y114.79 E197.85271
G1 X115.012 Y115.415 E197.874
G1 X115.044 Y116.072 E197.89588
G1 X115.24 Y116.69 E197.91744
G1 X115.595 Y117.241 E197.93924
G1 X116.07 Y117.675 E197.96064
G1 X116.658 Y117.979 E197.98266
G1 X117.287 Y118.117 E198.00407
G1 X117.5 Y118.106 E198.01117
G0 F9000 X117.5 Y118.507
;TYPE:WALL-OUTER
G1 F1500 X118.011 Y118.481 E198.02819
G1 X118.73 Y118.253 E198.05327
G1 X119.369 Y117.845 E198.07849
G1 X119.874 Y117.289 E198.10347
G1 X120.226 Y116.607 E198.129
G1 X120.387 Y115.879 E198.1538
G1 X120.348 Y115.117 E198.17917
G1 X120.121 Y114.398 E198.20425
G1 X119.713 Y113.759 E198.22947
G1 X119.157 Y113.254 E198.25445
G1 X118.475 Y112.902 E198.27998
G1 X117.747 Y112.742 E198.30477
G1 X116.984 Y112.779 E198.33017
G1 X116.27 Y113.007 E198.3551
G1 X115.626 Y113.415 E198.38046
G1 X115.122 Y113.971 E198.40542
G1 X114.77 Y114.653 E198.43095
G1 X114.61 Y115.381 E198.45574
G1 X114.647 Y116.144 E198.48115
G1 X114.875 Y116.862 E198.5062
G1 X115.287 Y117.501 E198.53149
G1 X115.84 Y118.006 E198.5564
G1 X116.521 Y118.358 E198.58189
G1 X117.253 Y118.519 E198.60682
G1 X117.5 Y118.507 E198.61505
G0 F9000 X117.455 Y117.5
G1 F1500 E192.11505
;MESH:dubelUpper.stl
G0 F9000 X117.276 Y118.289
G0 X117.327 Y119.381
G0 X117.401 Y121.061
G0 X117.451 Y122.134
G0 X117.487 Y126.964
G0 X117.5 Y127.272
;TYPE:WALL-INNER
G1 F1500 E198.61505
G1 F1503.8 X117.941 Y127.252 E198.62969
G1 F1500 X118.558 Y127.056 E198.65123
G1 X119.108 Y126.702 E198.67298
G1 X119.542 Y126.223 E198.69448
G1 X119.847 Y125.634 E198.71654
G1 X119.985 Y125.009 E198.73783
G1 X119.952 Y124.352 E198.75971
G1 X119.756 Y123.738 E198.78114
G1 X119.404 Y123.186 E198.80292
G1 X118.927 Y122.75 E198.82441
G1 X118.338 Y122.451 E198.84638
G1 X117.711 Y122.312 E198.86774
G1 X117.054 Y122.34 E198.88961
G1 X116.438 Y122.536 E198.91112
G1 X115.887 Y122.891 E198.93292
G1 X115.453 Y123.366 E198.95432
G1 X115.15 Y123.954 E198.97632
G1 X115.012 Y124.583 E198.99774
G1 X115.044 Y125.24 E199.01961
G1 X115.24 Y125.854 E199.04105
G1 X115.595 Y126.405 E199.06285
G1 X116.07 Y126.839 E199.08425
G1 X116.658 Y127.142 E199.10625
G1 X117.288 Y127.281 E199.12771
G1 F1503.8 X117.5 Y127.272 E199.13475
G0 F9000 X117.5 Y127.672
;TYPE:WALL-OUTER
G1 F1500 X118.012 Y127.649 E199.1518
G1 X118.73 Y127.421 E199.17685
G1 X119.369 Y127.01 E199.20212
G1 X119.874 Y126.453 E199.22713
G1 X120.226 Y125.771 E199.25265
G1 X120.387 Y125.043 E199.27745
G1 X120.349 Y124.28 E199.30286
G1 X120.121 Y123.566 E199.32779
G1 X119.713 Y122.926 E199.35303
G1 X119.157 Y122.418 E199.37808
G1 X118.475 Y122.071 E199.40353
G1 X117.746 Y121.91 E199.42837
G1 X116.984 Y121.943 E199.45373
G1 X116.266 Y122.171 E199.47879
G1 X115.627 Y122.583 E199.50408
G1 X115.122 Y123.136 E199.52899
G1 X114.77 Y123.817 E199.55448
G1 X114.61 Y124.549 E199.5794
G1 X114.647 Y125.312 E199.60481
G1 X114.875 Y126.026 E199.62974
G1 X115.287 Y126.665 E199.65503
G1 X115.84 Y127.17 E199.67994
G1 X116.521 Y127.522 E199.70543
G1 X117.254 Y127.683 E199.73039
G1 X117.5 Y127.672 E199.73858
G0 F9000 X117.455 Y126.665
G1 F1500 E193.23858
;MESH:NONMESH
G0 F300 X117.455 Y126.665 Z3.8
G0 F9000 X117.724 Y122.14
G0 X117.673 Y121.048
G0 X120.595 Y117.784
G0 X121.046 Y116.91
G0 X121.256 Y115.948
G0 X122.769 Y106.005
G0 X122.58 Y104.642
G0 X122.045 Y103.375
G0 X121.199 Y102.29
G0 X120.31 Y101.619
G0 X117.562 Y99.921
G0 X117.411 Y98.839
G0 X117.408 Y98.356
G0 X117.41 Y98.666
;TIME_ELAPSED:387.225792
;LAYER:18
;note -- min layer time used
;TYPE:WALL-INNER
;MESH:dubelHinge.stl(1)
G1 F1500 E199.73858
G1 X118.438 Y98.521 E199.77311
G1 X119.401 Y98.114 E199.80789
G1 X120.22 Y97.475 E199.84244
G1 X120.849 Y96.641 E199.87718
G1 X121.242 Y95.674 E199.9119
G1 X121.374 Y94.637 E199.94667
G1 X121.228 Y93.61 E199.98117
G1 X120.822 Y92.647 E200.01593
G1 X120.183 Y91.828 E200.05048
G1 X119.348 Y91.2 E200.08523
G1 X118.382 Y90.806 E200.11993
G1 X117.345 Y90.674 E200.1547
G1 X116.318 Y90.82 E200.1892
G1 X115.351 Y91.226 E200.22408
G1 X114.536 Y91.865 E200.25853
G1 X113.906 Y92.7 E200.29332
G1 X113.51 Y93.666 E200.32804
G1 X113.382 Y94.702 E200.36276
G1 X113.528 Y95.73 E200.39729
G1 X113.935 Y96.697 E200.43219
G1 X114.573 Y97.516 E200.46672
G1 X115.407 Y98.145 E200.50146
G1 X116.373 Y98.538 E200.53615
G1 X117.382 Y98.663 E200.56997
G1 X117.41 Y98.666 E200.5709
G0 F9000 X117.414 Y99.07
;TYPE:WALL-OUTER
G1 F1500 X118.546 Y98.909 E200.60893
G1 X119.605 Y98.462 E200.64716
G1 X120.508 Y97.758 E200.68525
G1 X121.2 Y96.84 E200.72348
G1 X121.632 Y95.776 E200.76168
G1 X121.778 Y94.634 E200.79997
G1 X121.617 Y93.502 E200.838
G1 X121.17 Y92.443 E200.87623
G1 X120.466 Y91.54 E200.91431
G1 X119.548 Y90.848 E200.95255
G1 X118.484 Y90.416 E200.99074
G1 X117.342 Y90.27 E201.02904
G1 X116.21 Y90.431 E201.06706
G1 X115.147 Y90.878 E201.10542
G1 X114.248 Y91.582 E201.1434
G1 X113.556 Y92.5 E201.18163
G1 X113.12 Y93.564 E201.21988
G1 X112.978 Y94.706 E201.25815
G1 X113.139 Y95.838 E201.29618
G1 X113.587 Y96.901 E201.33455
G1 X114.29 Y97.804 E201.37261
G1 X115.208 Y98.496 E201.41085
G1 X116.271 Y98.928 E201.44901
G1 X117.383 Y99.066 E201.48628
G1 X117.414 Y99.07 E201.48732
G0 F9000 X117.408 Y98.356
G0 X116.522 Y98.245
G0 X116.493 Y98.472
;TYPE:FILL
G1 F2215.8 X113.583 Y95.562 E201.6242
G0 F9000 X113.813 Y95.531
G0 X114.232 Y96.572
G0 X114.05 Y96.713
G1 F2215.8 X115.515 Y91.244 E201.81251
G0 F9000 X115.604 Y91.459
G0 X114.713 Y92.144
G0 X114.53 Y92.005
G1 F2215.8 X118.501 Y90.941 E201.94925
G0 F9000 X118.415 Y91.152
G0 X117.303 Y90.997
G0 X117.272 Y90.766
G1 F2215.8 X121.277 Y94.77 E202.1376
G0 F9000 X121.05 Y94.741
G0 X120.901 Y93.627
G0 X121.112 Y93.539
G1 F2215.8 X120.049 Y97.507 E202.27423
G0 F9000 X119.91 Y97.328
G0 X120.598 Y96.451
G0 X120.805 Y96.536
G1 F2215.8 X115.345 Y97.999 E202.46224
G0 F9000 X115.665 Y97.577
G1 F1500 E195.96224
;MESH:dubelHinge.stl
G0 F9000 X116.33 Y98.705
G0 X116.197 Y99.791
G0 X116.631 Y100.89
G0 X116.778 Y101.954
G0 X117.529 Y109.728
G0 X117.53 Y110.038
;TYPE:WALL-INNER
G1 F1500 E202.46224
G1 X118.558 Y109.892 E202.49678
G1 X119.525 Y109.485 E202.53167
G1 X120.344 Y108.847 E202.5662
G1 X120.973 Y108.013 E202.60094
G1 X121.366 Y107.047 E202.63563
G1 X121.494 Y106.01 E202.67038
G1 X121.348 Y104.982 E202.70492
G1 X120.942 Y104.015 E202.7398
G1 X120.303 Y103.2 E202.77425
G1 X119.469 Y102.571 E202.80899
G1 X118.502 Y102.178 E202.84371
G1 X117.465 Y102.046 E202.87848
G1 X116.438 Y102.192 E202.91298
G1 X115.475 Y102.598 E202.94774
G1 X114.656 Y103.237 E202.98229
G1 X114.027 Y104.071 E203.01703
G1 X113.634 Y105.038 E203.05175
G1 X113.502 Y106.075 E203.08652
G1 X113.648 Y107.102 E203.12102
G1 X114.054 Y108.065 E203.15578
G1 X114.693 Y108.884 E203.19033
G1 X115.528 Y109.514 E203.22512
G1 X116.494 Y109.91 E203.25984
G1 X117.5 Y110.034 E203.29356
G1 X117.53 Y110.038 E203.29456
G0 F9000 X117.534 Y110.442
;TYPE:WALL-OUTER
G1 F1500 X118.666 Y110.281 E203.33259
G1 X119.729 Y109.833 E203.37096
G1 X120.632 Y109.13 E203.40902
G1 X121.324 Y108.212 E203.44726
G1 X121.756 Y107.149 E203.48542
G1 X121.898 Y106.006 E203.52373
G1 X121.737 Y104.874 E203.56176
G1 X121.29 Y103.811 E203.60011
G1 X120.586 Y102.912 E203.63809
G1 X119.668 Y102.22 E203.67633
G1 X118.604 Y101.788 E203.71452
G1 X117.462 Y101.642 E203.75281
G1 X116.33 Y101.803 E203.79084
G1 X115.271 Y102.25 E203.82908
G1 X114.368 Y102.954 E203.86716
G1 X113.676 Y103.872 E203.90539
G1 X113.244 Y104.936 E203.94359
G1 X113.098 Y106.078 E203.98188
G1 X113.259 Y107.21 E204.01991
G1 X113.706 Y108.269 E204.05814
G1 X114.41 Y109.172 E204.09622
G1 X115.328 Y109.864 E204.13446
G1 X116.392 Y110.3 E204.17271
G1 X117.5 Y110.438 E204.20984
G1 X117.534 Y110.442 E204.21098
G0 F9000 X117.529 Y109.728
G0 X116.642 Y109.617
G0 X116.614 Y109.844
;TYPE:FILL
G1 F2215.8 X113.705 Y106.935 E204.34781
G0 F9000 X113.934 Y106.904
G0 X114.352 Y107.944
G0 X114.171 Y108.085
G1 F2215.8 X115.636 Y102.616 E204.53612
G0 F9000 X115.726 Y102.831
G0 X114.833 Y103.515
G0 X114.651 Y103.376
G1 F2215.8 X118.622 Y102.312 E204.67286
G0 F9000 X118.536 Y102.524
G0 X117.423 Y102.369
G0 X117.392 Y102.137
G1 F2215.8 X121.398 Y106.142 E204.86127
G0 F9000 X121.171 Y106.113
G0 X121.023 Y104.999
G0 X121.233 Y104.912
G1 F2215.8 X120.169 Y108.881 E204.99794
G0 F9000 X120.03 Y108.701
G0 X120.72 Y107.82
G0 X120.93 Y107.906
G1 F2215.8 X115.468 Y109.369 E205.18601
G0 F9000 X115.787 Y108.95
G1 F1500 E198.68601
;MESH:dubelUpper.stl(1)
G0 F9000 X117.532 Y110.211
G0 X117.665 Y112.958
G0 X117.487 Y117.799
G0 X117.5 Y118.106
;TYPE:WALL-INNER
G1 F1500 E205.18601
G1 X117.938 Y118.083 E205.20059
G1 X118.559 Y117.887 E205.22225
G1 X119.109 Y117.537 E205.24394
G1 X119.542 Y117.059 E205.26539
G1 X119.847 Y116.47 E205.28745
G1 X119.985 Y115.845 E205.30874
G1 X119.949 Y115.189 E205.33059
G1 X119.755 Y114.569 E205.3522
G1 X119.405 Y114.019 E205.37388
G1 X118.927 Y113.586 E205.39533
G1 X118.338 Y113.282 E205.41738
G1 X117.713 Y113.144 E205.43866
G1 X117.056 Y113.176 E205.46054
G1 X116.44 Y113.373 E205.48205
G1 X115.886 Y113.724 E205.50387
G1 X115.454 Y114.201 E205.52527
G1 X115.15 Y114.79 E205.54732
G1 X115.012 Y115.415 E205.5686
G1 X115.044 Y116.072 E205.59048
G1 X115.24 Y116.69 E205.61205
G1 X115.595 Y117.241 E205.63385
G1 X116.07 Y117.675 E205.65525
G1 X116.658 Y117.979 E205.67726
G1 X117.287 Y118.117 E205.69868
G1 X117.5 Y118.106 E205.70577
G0 F9000 X117.5 Y118.507
;TYPE:WALL-OUTER
G1 F1500 X118.011 Y118.481 E205.72279
G1 X118.73 Y118.253 E205.74788
G1 X119.369 Y117.845 E205.7731
G1 X119.874 Y117.289 E205.79808
G1 X120.226 Y116.607 E205.8236
G1 X120.387 Y115.879 E205.8484
G1 X120.348 Y115.117 E205.87378
G1 X120.121 Y114.398 E205.89886
G1 X119.713 Y113.759 E205.92407
G1 X119.157 Y113.254 E205.94906
G1 X118.475 Y112.902 E205.97458
G1 X117.747 Y112.742 E205.99937
G1 X116.984 Y112.779 E206.02478
G1 X116.27 Y113.007 E206.04971
G1 X115.626 Y113.415 E206.07507
G1 X115.122 Y113.971 E206.10003
G1 X114.77 Y114.653 E206.12555
G1 X114.61 Y115.381 E206.15034
G1 X114.647 Y116.144 E206.17575
G1 X114.875 Y116.862 E206.20081
G1 X115.287 Y117.501 E206.22609
G1 X115.84 Y118.006 E206.251
G1 X116.521 Y118.358 E206.2765
G1 X117.253 Y118.519 E206.30143
G1 X117.5 Y118.507 E206.30965
G0 F9000 X117.455 Y117.5
G1 F1500 E199.80965
;MESH:dubelUpper.stl
G0 F9000 X117.276 Y118.289
G0 X117.327 Y119.381
G0 X117.401 Y121.061
G0 X117.451 Y122.134
G0 X117.487 Y126.964
G0 X117.5 Y127.272
;TYPE:WALL-INNER
G1 F1500 E206.30965
G1 F1503.8 X117.941 Y127.252 E206.3243
G1 F1500 X118.558 Y127.056 E206.34583
G1 X119.108 Y126.702 E206.36759
G1 X119.542 Y126.223 E206.38908
G1 X119.847 Y125.634 E206.41115
G1 X119.985 Y125.009 E206.43243
G1 X119.952 Y124.352 E206.45431
G1 X119.756 Y123.738 E206.47575
G1 X119.404 Y123.186 E206.49753
G1 X118.927 Y122.75 E206.51902
G1 X118.338 Y122.451 E206.54099
G1 X117.711 Y122.312 E206.56235
G1 X117.054 Y122.34 E206.58422
G1 X116.438 Y122.536 E206.60572
G1 X115.887 Y122.891 E206.62752
G1 X115.453 Y123.366 E206.64892
G1 X115.15 Y123.954 E206.67092
G1 X115.012 Y124.583 E206.69234
G1 X115.044 Y125.24 E206.71422
G1 X115.24 Y125.854 E206.73566
G1 X115.595 Y126.405 E206.75746
G1 X116.07 Y126.839 E206.77886
G1 X116.658 Y127.142 E206.80086
G1 X117.288 Y127.281 E206.82232
G1 F1503.8 X117.5 Y127.272 E206.82936
G0 F9000 X117.5 Y127.672
;TYPE:WALL-OUTER
G1 F1500 X118.012 Y127.649 E206.8464
G1 X118.73 Y127.421 E206.87146
G1 X119.369 Y127.01 E206.89673
G1 X119.874 Y126.453 E206.92173
G1 X120.226 Y125.771 E206.94726
G1 X120.387 Y125.043 E206.97206
G1 X120.349 Y124.28 E206.99747
G1 X120.121 Y123.566 E207.0224
G1 X119.713 Y122.926 E207.04764
G1 X119.157 Y122.418 E207.07269
G1 X118.475 Y122.071 E207.09814
G1 X117.746 Y121.91 E207.12297
G1 X116.984 Y121.943 E207.14834
G1 X116.266 Y122.171 E207.1734
G1 X115.627 Y122.583 E207.19868
G1 X115.122 Y123.136 E207.22359
G1 X114.77 Y123.817 E207.24909
G1 X114.61 Y124.549 E207.27401
G1 X114.647 Y125.312 E207.29942
G1 X114.875 Y126.026 E207.32435
G1 X115.287 Y126.665 E207.34963
G1 X115.84 Y127.17 E207.37454
G1 X116.521 Y127.522 E207.40004
G1 X117.254 Y127.683 E207.425
G1 X117.5 Y127.672 E207.43319
G0 F9000 X117.455 Y126.665
G1 F1500 E200.93319
;MESH:NONMESH
G0 F300 X117.455 Y126.665 Z4
G0 F9000 X117.724 Y122.14
G0 X117.673 Y121.048
G0 X120.595 Y117.784
G0 X121.046 Y116.91
G0 X121.256 Y115.948
G0 X122.769 Y106.005
G0 X122.58 Y104.642
G0 X122.045 Y103.375
G0 X121.199 Y102.29
G0 X120.31 Y101.619
G0 X117.562 Y99.921
G0 X117.411 Y98.839
G0 X117.408 Y98.356
G0 X117.41 Y98.666
;TIME_ELAPSED:402.667378
;LAYER:19
;note -- min layer time used
;TYPE:WALL-INNER
;MESH:dubelHinge.stl(1)
G1 F1500 E207.43319
G1 X118.438 Y98.521 E207.46772
G1 X119.401 Y98.114 E207.50249
G1 X120.22 Y97.475 E207.53704
G1 X120.849 Y96.641 E207.57179
G1 X121.242 Y95.674 E207.6065
G1 X121.374 Y94.637 E207.64127
G1 X121.228 Y93.61 E207.67577
G1 X120.822 Y92.647 E207.71053
G1 X120.183 Y91.828 E207.74508
G1 X119.348 Y91.2 E207.77983
G1 X118.382 Y90.806 E207.81453
G1 X117.345 Y90.674 E207.8493
G1 X116.318 Y90.82 E207.8838
G1 X115.351 Y91.226 E207.91869
G1 X114.536 Y91.865 E207.95313
G1 X113.906 Y92.7 E207.98792
G1 X113.51 Y93.666 E208.02265
G1 X113.382 Y94.702 E208.05737
G1 X113.528 Y95.73 E208.0919
G1 X113.935 Y96.697 E208.1268
G1 X114.573 Y97.516 E208.16133
G1 X115.407 Y98.145 E208.19607
G1 X116.373 Y98.538 E208.23076
G1 X117.382 Y98.663 E208.26457
G1 X117.41 Y98.666 E208.26551
G0 F9000 X117.414 Y99.07
;TYPE:WALL-OUTER
G1 F1500 X118.546 Y98.909 E208.30354
G1 X119.605 Y98.462 E208.34177
G1 X120.508 Y97.758 E208.37985
G1 X121.2 Y96.84 E208.41809
G1 X121.632 Y95.776 E208.45628
G1 X121.778 Y94.634 E208.49457
G1 X121.617 Y93.502 E208.5326
G1 X121.17 Y92.443 E208.57084
G1 X120.466 Y91.54 E208.60892
G1 X119.548 Y90.848 E208.64715
G1 X118.484 Y90.416 E208.68535
G1 X117.342 Y90.27 E208.72364
G1 X116.21 Y90.431 E208.76167
G1 X115.147 Y90.878 E208.80002
G1 X114.248 Y91.582 E208.838
G1 X113.556 Y92.5 E208.87624
G1 X113.12 Y93.564 E208.91448
G1 X112.978 Y94.706 E208.95276
G1 X113.139 Y95.838 E208.99079
G1 X113.587 Y96.901 E209.02916
G1 X114.29 Y97.804 E209.06722
G1 X115.208 Y98.496 E209.10545
G1 X116.271 Y98.928 E209.14362
G1 X117.383 Y99.066 E209.18089
G1 X117.414 Y99.07 E209.18193
G0 F9000 X116.721 Y98.5
;TYPE:FILL
G1 F2225.6 X113.551 Y95.33 E209.33103
G0 F9000 X113.781 Y95.299
G0 X114.165 Y96.442
G0 X113.953 Y96.531
G1 F2225.6 X115.346 Y91.332 E209.51005
G0 F9000 X115.489 Y91.516
G0 X114.575 Y92.327
G0 X114.392 Y92.188
G1 F2225.6 X118.717 Y91.029 E209.65898
G0 F9000 X118.631 Y91.239
G0 X117.449 Y91.001
G0 X117.478 Y90.772
G1 F2225.6 X121.286 Y94.58 E209.83809
G0 F9000 X121.056 Y94.611
G0 X120.812 Y93.416
G0 X121.023 Y93.328
G1 F2225.6 X119.864 Y97.652 E209.98699
G0 F9000 X119.725 Y97.473
G0 X120.518 Y96.576
G0 X120.695 Y96.711
G1 F2225.6 X115.51 Y98.1 E210.16552
G0 F9000 X115.71 Y97.611
G1 F1500 E203.66552
;MESH:dubelHinge.stl
G0 F9000 X116.33 Y98.705
G0 X116.197 Y99.791
G0 X116.631 Y100.89
G0 X116.778 Y101.954
G0 X117.529 Y109.728
G0 X117.53 Y110.038
;TYPE:WALL-INNER
G1 F1500 E210.16552
G1 X118.558 Y109.892 E210.20006
G1 X119.525 Y109.485 E210.23495
G1 X120.344 Y108.847 E210.26948
G1 X120.973 Y108.013 E210.30423
G1 X121.366 Y107.047 E210.33891
G1 X121.494 Y106.01 E210.37366
G1 X121.348 Y104.982 E210.4082
G1 X120.942 Y104.015 E210.44308
G1 X120.303 Y103.2 E210.47753
G1 X119.469 Y102.571 E210.51227
G1 X118.502 Y102.178 E210.54699
G1 X117.465 Y102.046 E210.58176
G1 X116.438 Y102.192 E210.61626
G1 X115.475 Y102.598 E210.65102
G1 X114.656 Y103.237 E210.68557
G1 X114.027 Y104.071 E210.72031
G1 X113.634 Y105.038 E210.75503
G1 X113.502 Y106.075 E210.7898
G1 X113.648 Y107.102 E210.8243
G1 X114.054 Y108.065 E210.85906
G1 X114.693 Y108.884 E210.89361
G1 X115.528 Y109.514 E210.9284
G1 X116.494 Y109.91 E210.96312
G1 X117.5 Y110.034 E210.99684
G1 X117.53 Y110.038 E210.99784
G0 F9000 X117.534 Y110.442
;TYPE:WALL-OUTER
G1 F1500 X118.666 Y110.281 E211.03587
G1 X119.729 Y109.833 E211.07424
G1 X120.632 Y109.13 E211.1123
G1 X121.324 Y108.212 E211.15054
G1 X121.756 Y107.149 E211.1887
G1 X121.898 Y106.006 E211.22701
G1 X121.737 Y104.874 E211.26504
G1 X121.29 Y103.811 E211.30339
G1 X120.586 Y102.912 E211.34137
G1 X119.668 Y102.22 E211.37961
G1 X118.604 Y101.788 E211.4178
G1 X117.462 Y101.642 E211.4561
G1 X116.33 Y101.803 E211.49412
G1 X115.271 Y102.25 E211.53236
G1 X114.368 Y102.954 E211.57044
G1 X113.676 Y103.872 E211.60868
G1 X113.244 Y104.936 E211.64687
G1 X113.098 Y106.078 E211.68516
G1 X113.259 Y107.21 E211.72319
G1 X113.706 Y108.269 E211.76142
G1 X114.41 Y109.172 E211.79951
G1 X115.328 Y109.864 E211.83774
G1 X116.392 Y110.3 E211.87599
G1 X117.5 Y110.438 E211.91312
G1 X117.534 Y110.442 E211.91426
G0 F9000 X116.842 Y109.872
;TYPE:FILL
G1 F2225.6 X113.672 Y106.702 E212.06337
G0 F9000 X113.902 Y106.671
G0 X114.285 Y107.816
G0 X114.073 Y107.904
G1 F2225.6 X115.466 Y102.706 E212.24236
G0 F9000 X115.608 Y102.89
G0 X114.695 Y103.697
G0 X114.514 Y103.559
G1 F2225.6 X118.839 Y102.401 E212.39127
G0 F9000 X118.753 Y102.612
G0 X117.569 Y102.373
G0 X117.598 Y102.144
G1 F2225.6 X121.405 Y105.95 E212.57032
G0 F9000 X121.177 Y105.98
G0 X120.933 Y104.788
G0 X121.143 Y104.701
G1 F2225.6 X119.985 Y109.025 E212.7192
G0 F9000 X119.845 Y108.845
G0 X120.641 Y107.944
G0 X120.821 Y108.081
G1 F2225.6 X115.633 Y109.471 E212.89784
G0 F9000 X115.832 Y108.984
G1 F1500 E206.39784
;MESH:dubelUpper.stl(1)
G0 F9000 X117.532 Y110.211
G0 X117.665 Y112.958
G0 X117.487 Y117.799
G0 X117.5 Y118.106
;TYPE:WALL-INNER
G1 F1500 E212.89784
G1 X117.938 Y118.083 E212.91243
G1 X118.559 Y117.887 E212.93409
G1 X119.109 Y117.537 E212.95577
G1 X119.542 Y117.059 E212.97722
G1 X119.847 Y116.47 E212.99929
G1 X119.985 Y115.845 E213.02057
G1 X119.949 Y115.189 E213.04243
G1 X119.755 Y114.569 E213.06403
G1 X119.405 Y114.019 E213.08572
G1 X118.927 Y113.586 E213.10717
G1 X118.338 Y113.282 E213.12921
G1 X117.713 Y113.144 E213.1505
G1 X117.056 Y113.176 E213.17238
G1 X116.44 Y113.373 E213.19389
G1 X115.886 Y113.724 E213.2157
G1 X115.454 Y114.201 E213.23711
G1 X115.15 Y114.79 E213.25915
G1 X115.012 Y115.415 E213.28044
G1 X115.044 Y116.072 E213.30232
G1 X115.24 Y116.69 E213.32388
G1 X115.595 Y117.241 E213.34568
G1 X116.07 Y117.675 E213.36708
G1 X116.658 Y117.979 E213.3891
G1 X117.287 Y118.117 E213.41052
G1 X117.5 Y118.106 E213.41761
G0 F9000 X117.5 Y118.507
;TYPE:WALL-OUTER
G1 F1500 X118.011 Y118.481 E213.43463
G1 X118.73 Y118.253 E213.45972
G1 X119.369 Y117.845 E213.48493
G1 X119.874 Y117.289 E213.50991
G1 X120.226 Y116.607 E213.53544
G1 X120.387 Y115.879 E213.56024
G1 X120.348 Y115.117 E213.58562
G1 X120.121 Y114.398 E213.61069
G1 X119.713 Y113.759 E213.63591
G1 X119.157 Y113.254 E213.66089
G1 X118.475 Y112.902 E213.68642
G1 X117.747 Y112.742 E213.71121
G1 X116.984 Y112.779 E213.73662
G1 X116.27 Y113.007 E213.76155
G1 X115.626 Y113.415 E213.7869
G1 X115.122 Y113.971 E213.81186
G1 X114.77 Y114.653 E213.83739
G1 X114.61 Y115.381 E213.86218
G1 X114.647 Y116.144 E213.88759
G1 X114.875 Y116.862 E213.91264
G1 X115.287 Y117.501 E213.93793
G1 X115.84 Y118.006 E213.96284
G1 X116.521 Y118.358 E213.98834
G1 X117.253 Y118.519 E214.01326
G1 X117.5 Y118.507 E214.02149
G0 F9000 X117.455 Y117.5
G1 F1500 E207.52149
;MESH:dubelUpper.stl
G0 F9000 X117.276 Y118.289
G0 X117.327 Y119.381
G0 X117.401 Y121.061
G0 X117.451 Y122.134
G0 X117.487 Y126.964
G0 X117.5 Y127.272
;TYPE:WALL-INNER
G1 F1500 E214.02149
G1 F1503.8 X117.941 Y127.252 E214.03614
G1 F1500 X118.558 Y127.056 E214.05767
G1 X119.108 Y126.702 E214.07942
G1 X119.542 Y126.223 E214.10092
G1 X119.847 Y125.634 E214.12298
G1 X119.985 Y125.009 E214.14427
G1 X119.952 Y124.352 E214.16615
G1 X119.756 Y123.738 E214.18759
G1 X119.404 Y123.186 E214.20936
G1 X118.927 Y122.75 E214.23086
G1 X118.338 Y122.451 E214.25283
G1 X117.711 Y122.312 E214.27419
G1 X117.054 Y122.34 E214.29606
G1 X116.438 Y122.536 E214.31756
G1 X115.887 Y122.891 E214.33936
G1 X115.453 Y123.366 E214.36076
G1 X115.15 Y123.954 E214.38276
G1 X115.012 Y124.583 E214.40418
G1 X115.044 Y125.24 E214.42606
G1 X115.24 Y125.854 E214.44749
G1 X115.595 Y126.405 E214.46929
G1 X116.07 Y126.839 E214.49069
G1 X116.658 Y127.142 E214.51269
G1 X117.288 Y127.281 E214.53415
G1 F1503.8 X117.5 Y127.272 E214.54119
G0 F9000 X117.5 Y127.672
;TYPE:WALL-OUTER
G1 F1500 X118.012 Y127.649 E214.55824
G1 X118.73 Y127.421 E214.58329
G1 X119.369 Y127.01 E214.60856
G1 X119.874 Y126.453 E214.63357
G1 X120.226 Y125.771 E214.6591
G1 X120.387 Y125.043 E214.6839
G1 X120.349 Y124.28 E214.7093
G1 X120.121 Y123.566 E214.73423
G1 X119.713 Y122.926 E214.75948
G1 X119.157 Y122.418 E214.78453
G1 X118.475 Y122.071 E214.80998
G1 X117.746 Y121.91 E214.83481
G1 X116.984 Y121.943 E214.86018
G1 X116.266 Y122.171 E214.88523
G1 X115.627 Y122.583 E214.91052
G1 X115.122 Y123.136 E214.93543
G1 X114.77 Y123.817 E214.96093
G1 X114.61 Y124.549 E214.98585
G1 X114.647 Y125.312 E215.01125
G1 X114.875 Y126.026 E215.03618
G1 X115.287 Y126.665 E215.06147
G1 X115.84 Y127.17 E215.08638
G1 X116.521 Y127.522 E215.11188
G1 X117.254 Y127.683 E215.13684
G1 X117.5 Y127.672 E215.14503
G0 F9000 X117.455 Y126.665
G1 F1500 E208.64503
;MESH:NONMESH
G0 F300 X117.455 Y126.665 Z4.2
G0 F9000 X117.724 Y122.14
G0 X117.673 Y121.048
G0 X120.595 Y117.784
G0 X121.046 Y116.91
G0 X121.256 Y115.948
G0 X122.769 Y106.005
G0 X122.58 Y104.642
G0 X122.045 Y103.375
G0 X121.199 Y102.29
G0 X120.31 Y101.619
G0 X117.562 Y99.921
G0 X117.411 Y98.839
G0 X117.408 Y98.356
G0 X117.41 Y98.666
;TIME_ELAPSED:418.022022
;LAYER:20
;note -- min layer time used
;TYPE:WALL-INNER
;MESH:dubelHinge.stl(1)
G1 F1500 E215.14503
G1 X118.438 Y98.521 E215.17956
G1 X119.401 Y98.114 E215.21433
G1 X120.22 Y97.475 E215.24888
G1 X120.849 Y96.641 E215.28362
G1 X121.242 Y95.674 E215.31834
G1 X121.374 Y94.637 E215.35311
G1 X121.228 Y93.61 E215.38761
G1 X120.822 Y92.647 E215.42237
G1 X120.183 Y91.828 E215.45692
G1 X119.348 Y91.2 E215.49167
G1 X118.382 Y90.806 E215.52637
G1 X117.345 Y90.674 E215.56114
G1 X116.318 Y90.82 E215.59564
G1 X115.351 Y91.226 E215.63052
G1 X114.536 Y91.865 E215.66497
G1 X113.906 Y92.7 E215.69976
G1 X113.51 Y93.666 E215.73448
G1 X113.382 Y94.702 E215.7692
G1 X113.528 Y95.73 E215.80374
G1 X113.935 Y96.697 E215.83863
G1 X114.573 Y97.516 E215.87316
G1 X115.407 Y98.145 E215.90791
G1 X116.373 Y98.538 E215.94259
G1 X117.382 Y98.663 E215.97641
G1 X117.41 Y98.666 E215.97734
G0 F9000 X117.414 Y99.07
;TYPE:WALL-OUTER
G1 F1500 X118.546 Y98.909 E216.01537
G1 X119.605 Y98.462 E216.05361
G1 X120.508 Y97.758 E216.09169
G1 X121.2 Y96.84 E216.12992
G1 X121.632 Y95.776 E216.16812
G1 X121.778 Y94.634 E216.20641
G1 X121.617 Y93.502 E216.24444
G1 X121.17 Y92.443 E216.28267
G1 X120.466 Y91.54 E216.32076
G1 X119.548 Y90.848 E216.35899
G1 X118.484 Y90.416 E216.39719
G1 X117.342 Y90.27 E216.43548
G1 X116.21 Y90.431 E216.47351
G1 X115.147 Y90.878 E216.51186
G1 X114.248 Y91.582 E216.54984
G1 X113.556 Y92.5 E216.58808
G1 X113.12 Y93.564 E216.62632
G1 X112.978 Y94.706 E216.6646
G1 X113.139 Y95.838 E216.70263
G1 X113.587 Y96.901 E216.74099
G1 X114.29 Y97.804 E216.77905
G1 X115.208 Y98.496 E216.81729
G1 X116.271 Y98.928 E216.85545
G1 X117.383 Y99.066 E216.89272
G1 X117.414 Y99.07 E216.89376
G0 F9000 X116.948 Y98.528
;TYPE:FILL
G1 F2223.5 X113.518 Y95.098 E217.0551
G0 F9000 X113.748 Y95.067
G0 X114.076 Y96.231
G0 X113.863 Y96.32
G1 F2223.5 X115.161 Y91.477 E217.22186
G0 F9000 X115.303 Y91.661
G0 X114.437 Y92.509
G0 X114.255 Y92.371
G1 F2223.5 X118.934 Y91.117 E217.38298
G0 F9000 X118.848 Y91.327
G0 X117.677 Y91.03
G0 X117.706 Y90.801
G1 F2223.5 X121.253 Y94.348 E217.54982
G0 F9000 X121.024 Y94.379
G0 X120.722 Y93.204
G0 X120.933 Y93.117
G1 F2223.5 X119.68 Y97.796 E217.71093
G0 F9000 X119.541 Y97.616
G0 X120.38 Y96.758
G0 X120.558 Y96.894
G1 F2223.5 X115.726 Y98.189 E217.87731
G0 F9000 X115.926 Y97.699
G1 F1500 E211.37731
;MESH:dubelHinge.stl
G0 F9000 X117.411 Y98.839
G0 X117.562 Y99.921
G0 X117.601 Y100.791
G0 X117.468 Y101.877
G0 X117.529 Y109.728
G0 X117.53 Y110.038
;TYPE:WALL-INNER
G1 F1500 E217.87731
G1 X118.558 Y109.892 E217.91185
G1 X119.525 Y109.485 E217.94674
G1 X120.344 Y108.847 E217.98127
G1 X120.973 Y108.013 E218.01602
G1 X121.366 Y107.047 E218.0507
G1 X121.494 Y106.01 E218.08545
G1 X121.348 Y104.982 E218.11999
G1 X120.942 Y104.015 E218.15487
G1 X120.303 Y103.2 E218.18932
G1 X119.469 Y102.571 E218.22406
G1 X118.502 Y102.178 E218.25878
G1 X117.465 Y102.046 E218.29355
G1 X116.438 Y102.192 E218.32805
G1 X115.475 Y102.598 E218.36281
G1 X114.656 Y103.237 E218.39736
G1 X114.027 Y104.071 E218.4321
G1 X113.634 Y105.038 E218.46682
G1 X113.502 Y106.075 E218.50159
G1 X113.648 Y107.102 E218.53609
G1 X114.054 Y108.065 E218.57085
G1 X114.693 Y108.884 E218.6054
G1 X115.528 Y109.514 E218.64019
G1 X116.494 Y109.91 E218.67491
G1 X117.5 Y110.034 E218.70863
G1 X117.53 Y110.038 E218.70963
G0 F9000 X117.534 Y110.442
;TYPE:WALL-OUTER
G1 F1500 X118.666 Y110.281 E218.74766
G1 X119.729 Y109.833 E218.78603
G1 X120.632 Y109.13 E218.82409
G1 X121.324 Y108.212 E218.86233
G1 X121.756 Y107.149 E218.90049
G1 X121.898 Y106.006 E218.9388
G1 X121.737 Y104.874 E218.97683
G1 X121.29 Y103.811 E219.01518
G1 X120.586 Y102.912 E219.05316
G1 X119.668 Y102.22 E219.0914
G1 X118.604 Y101.788 E219.12959
G1 X117.462 Y101.642 E219.16788
G1 X116.33 Y101.803 E219.20591
G1 X115.271 Y102.25 E219.24415
G1 X114.368 Y102.954 E219.28223
G1 X113.676 Y103.872 E219.32046
G1 X113.244 Y104.936 E219.35866
G1 X113.098 Y106.078 E219.39695
G1 X113.259 Y107.21 E219.43498
G1 X113.706 Y108.269 E219.47321
G1 X114.41 Y109.172 E219.5113
G1 X115.328 Y109.864 E219.54953
G1 X116.392 Y110.3 E219.58778
G1 X117.5 Y110.438 E219.62491
G1 X117.534 Y110.442 E219.62605
G0 F9000 X117.069 Y109.901
;TYPE:FILL
G1 F2223.5 X113.639 Y106.47 E219.78741
G0 F9000 X113.869 Y106.439
G0 X114.196 Y107.605
G0 X113.984 Y107.693
G1 F2223.5 X115.282 Y102.85 E219.95418
G0 F9000 X115.424 Y103.033
G0 X114.557 Y103.88
G0 X114.376 Y103.742
G1 F2223.5 X119.055 Y102.489 E220.11528
G0 F9000 X118.969 Y102.699
G0 X117.798 Y102.402
G0 X117.827 Y102.173
G1 F2223.5 X121.372 Y105.718 E220.28203
G0 F9000 X121.145 Y105.748
G0 X120.843 Y104.575
G0 X121.054 Y104.488
G1 F2223.5 X119.8 Y109.168 E220.44318
G0 F9000 X119.661 Y108.988
G0 X120.503 Y108.127
G0 X120.683 Y108.264
G1 F2223.5 X115.848 Y109.559 E220.60966
G0 F9000 X116.047 Y109.071
G1 F1500 E214.10966
;MESH:dubelUpper.stl(1)
G0 F9000 X117.532 Y110.211
G0 X117.665 Y112.958
G0 X117.487 Y117.799
G0 X117.5 Y118.106
;TYPE:WALL-INNER
G1 F1500 E220.60966
G1 X117.938 Y118.083 E220.62425
G1 X118.559 Y117.887 E220.64591
G1 X119.109 Y117.537 E220.66759
G1 X119.542 Y117.059 E220.68904
G1 X119.847 Y116.47 E220.7111
G1 X119.985 Y115.845 E220.73239
G1 X119.949 Y115.189 E220.75424
G1 X119.755 Y114.569 E220.77585
G1 X119.405 Y114.019 E220.79753
G1 X118.927 Y113.586 E220.81898
G1 X118.338 Y113.282 E220.84103
G1 X117.713 Y113.144 E220.86232
G1 X117.056 Y113.176 E220.88419
G1 X116.44 Y113.373 E220.9057
G1 X115.886 Y113.724 E220.92752
G1 X115.454 Y114.201 E220.94892
G1 X115.15 Y114.79 E220.97097
G1 X115.012 Y115.415 E220.99226
G1 X115.044 Y116.072 E221.01413
G1 X115.24 Y116.69 E221.0357
G1 X115.595 Y117.241 E221.0575
G1 X116.07 Y117.675 E221.0789
G1 X116.658 Y117.979 E221.10091
G1 X117.287 Y118.117 E221.12233
G1 X117.5 Y118.106 E221.12943
G0 F9000 X117.5 Y118.507
;TYPE:WALL-OUTER
G1 F1500 X118.011 Y118.481 E221.14644
G1 X118.73 Y118.253 E221.17153
G1 X119.369 Y117.845 E221.19675
G1 X119.874 Y117.289 E221.22173
G1 X120.226 Y116.607 E221.24726
G1 X120.387 Y115.879 E221.27205
G1 X120.348 Y115.117 E221.29743
G1 X120.121 Y114.398 E221.32251
G1 X119.713 Y113.759 E221.34773
G1 X119.157 Y113.254 E221.37271
G1 X118.475 Y112.902 E221.39823
G1 X117.747 Y112.742 E221.42303
G1 X116.984 Y112.779 E221.44843
G1 X116.27 Y113.007 E221.47336
G1 X115.626 Y113.415 E221.49872
G1 X115.122 Y113.971 E221.52368
G1 X114.77 Y114.653 E221.5492
G1 X114.61 Y115.381 E221.574
G1 X114.647 Y116.144 E221.5994
G1 X114.875 Y116.862 E221.62446
G1 X115.287 Y117.501 E221.64975
G1 X115.84 Y118.006 E221.67465
G1 X116.521 Y118.358 E221.70015
G1 X117.253 Y118.519 E221.72508
G1 X117.5 Y118.507 E221.73331
G0 F9000 X117.455 Y117.5
G1 F1500 E215.23331
;MESH:dubelUpper.stl
G0 F9000 X117.276 Y118.289
G0 X117.327 Y119.381
G0 X117.401 Y121.061
G0 X117.451 Y122.134
G0 X117.487 Y126.964
G0 X117.5 Y127.272
;TYPE:WALL-INNER
G1 F1500 E221.73331
G1 F1503.8 X117.941 Y127.252 E221.74795
G1 F1500 X118.558 Y127.056 E221.76948
G1 X119.108 Y126.702 E221.79124
G1 X119.542 Y126.223 E221.81274
G1 X119.847 Y125.634 E221.8348
G1 X119.985 Y125.009 E221.85609
G1 X119.952 Y124.352 E221.87797
G1 X119.756 Y123.738 E221.8994
G1 X119.404 Y123.186 E221.92118
G1 X118.927 Y122.75 E221.94267
G1 X118.338 Y122.451 E221.96464
G1 X117.711 Y122.312 E221.986
G1 X117.054 Y122.34 E222.00787
G1 X116.438 Y122.536 E222.02937
G1 X115.887 Y122.891 E222.05117
G1 X115.453 Y123.366 E222.07257
G1 X115.15 Y123.954 E222.09457
G1 X115.012 Y124.583 E222.11599
G1 X115.044 Y125.24 E222.13787
G1 X115.24 Y125.854 E222.15931
G1 X115.595 Y126.405 E222.18111
G1 X116.07 Y126.839 E222.20251
G1 X116.658 Y127.142 E222.22451
G1 X117.288 Y127.281 E222.24597
G1 F1503.8 X117.5 Y127.272 E222.25301
G0 F9000 X117.5 Y127.672
;TYPE:WALL-OUTER
G1 F1500 X118.012 Y127.649 E222.27005
G1 X118.73 Y127.421 E222.29511
G1 X119.369 Y127.01 E222.32038
G1 X119.874 Y126.453 E222.34539
G1 X120.226 Y125.771 E222.37091
G1 X120.387 Y125.043 E222.39571
G1 X120.349 Y124.28 E222.42112
G1 X120.121 Y123.566 E222.44605
G1 X119.713 Y122.926 E222.47129
G1 X119.157 Y122.418 E222.49634
G1 X118.475 Y122.071 E222.52179
G1 X117.746 Y121.91 E222.54662
G1 X116.984 Y121.943 E222.57199
G1 X116.266 Y122.171 E222.59705
G1 X115.627 Y122.583 E222.62234
G1 X115.122 Y123.136 E222.64724
G1 X114.77 Y123.817 E222.67274
G1 X114.61 Y124.549 E222.69766
G1 X114.647 Y125.312 E222.72307
G1 X114.875 Y126.026 E222.748
G1 X115.287 Y126.665 E222.77329
G1 X115.84 Y127.17 E222.79819
G1 X116.521 Y127.522 E222.82369
G1 X117.254 Y127.683 E222.84865
G1 X117.5 Y127.672 E222.85684
G0 F9000 X117.455 Y126.665
G1 F1500 E216.35684
;MESH:NONMESH
G0 F300 X117.455 Y126.665 Z4.4
G0 F9000 X117.724 Y122.14
G0 X117.673 Y121.048
G0 X120.595 Y117.784
G0 X121.046 Y116.91
G0 X121.256 Y115.948
G0 X122.769 Y106.005
G0 X122.58 Y104.642
G0 X122.045 Y103.375
G0 X121.199 Y102.29
G0 X120.31 Y101.619
G0 X117.562 Y99.921
G0 X117.411 Y98.839
G0 X117.408 Y98.356
G0 X117.41 Y98.666
;TIME_ELAPSED:433.350626
;LAYER:21
;note -- min layer time used
;TYPE:WALL-INNER
;MESH:dubelHinge.stl(1)
G1 F1500 E222.85684
G1 X118.438 Y98.521 E222.89137
G1 X119.401 Y98.114 E222.92614
G1 X120.22 Y97.475 E222.96069
G1 X120.849 Y96.641 E222.99544
G1 X121.242 Y95.674 E223.03016
G1 X121.374 Y94.637 E223.06492
G1 X121.228 Y93.61 E223.09943
G1 X120.822 Y92.647 E223.13419
G1 X120.183 Y91.828 E223.16874
G1 X119.348 Y91.2 E223.20349
G1 X118.382 Y90.806 E223.23819
G1 X117.345 Y90.674 E223.27295
G1 X116.318 Y90.82 E223.30746
G1 X115.351 Y91.226 E223.34234
G1 X114.536 Y91.865 E223.37678
G1 X113.906 Y92.7 E223.41157
G1 X113.51 Y93.666 E223.4463
G1 X113.382 Y94.702 E223.48102
G1 X113.528 Y95.73 E223.51555
G1 X113.935 Y96.697 E223.55045
G1 X114.573 Y97.516 E223.58498
G1 X115.407 Y98.145 E223.61972
G1 X116.373 Y98.538 E223.65441
G1 X117.382 Y98.663 E223.68822
G1 X117.41 Y98.666 E223.68916
G0 F9000 X117.414 Y99.07
;TYPE:WALL-OUTER
G1 F1500 X118.546 Y98.909 E223.72719
G1 X119.605 Y98.462 E223.76542
G1 X120.508 Y97.758 E223.8035
G1 X121.2 Y96.84 E223.84174
G1 X121.632 Y95.776 E223.87993
G1 X121.778 Y94.634 E223.91823
G1 X121.617 Y93.502 E223.95626
G1 X121.17 Y92.443 E223.99449
G1 X120.466 Y91.54 E224.03257
G1 X119.548 Y90.848 E224.07081
G1 X118.484 Y90.416 E224.109
G1 X117.342 Y90.27 E224.14729
G1 X116.21 Y90.431 E224.18532
G1 X115.147 Y90.878 E224.22368
G1 X114.248 Y91.582 E224.26165
G1 X113.556 Y92.5 E224.29989
G1 X113.12 Y93.564 E224.33814
G1 X112.978 Y94.706 E224.37641
G1 X113.139 Y95.838 E224.41444
G1 X113.587 Y96.901 E224.45281
G1 X114.29 Y97.804 E224.49087
G1 X115.208 Y98.496 E224.52911
G1 X116.271 Y98.928 E224.56727
G1 X117.383 Y99.066 E224.60454
G1 X117.414 Y99.07 E224.60558
G0 F9000 X117.178 Y98.557
;TYPE:FILL
G1 F2217.1 X113.486 Y94.865 E224.77924
G0 F9000 X113.716 Y94.834
G0 X113.986 Y96.018
G0 X113.773 Y96.107
G1 F2217.1 X114.975 Y91.622 E224.93367
G0 F9000 X115.117 Y91.806
G0 X114.298 Y92.693
G0 X114.116 Y92.555
G1 F2217.1 X119.151 Y91.206 E225.10705
G0 F9000 X119.066 Y91.415
G0 X117.907 Y91.058
G0 X117.936 Y90.83
G1 F2217.1 X121.22 Y94.114 E225.26152
G0 F9000 X120.991 Y94.144
G0 X120.632 Y92.991
G0 X120.843 Y92.904
G1 F2217.1 X119.494 Y97.941 E225.43495
G0 F9000 X119.355 Y97.761
G0 X120.241 Y96.942
G0 X120.419 Y97.078
G1 F2217.1 X115.944 Y98.277 E225.58904
G0 F9000 X116.143 Y97.787
G1 F1500 E219.08904
;MESH:dubelHinge.stl
G0 F9000 X117.411 Y98.839
G0 X117.562 Y99.921
G0 X117.601 Y100.791
G0 X117.468 Y101.877
G0 X117.529 Y109.728
G0 X117.53 Y110.038
;TYPE:WALL-INNER
G1 F1500 E225.58904
G1 X118.558 Y109.892 E225.62357
G1 X119.525 Y109.485 E225.65847
G1 X120.344 Y108.847 E225.693
G1 X120.973 Y108.013 E225.72774
G1 X121.366 Y107.047 E225.76243
G1 X121.494 Y106.01 E225.79718
G1 X121.348 Y104.982 E225.83172
G1 X120.942 Y104.015 E225.8666
G1 X120.303 Y103.2 E225.90104
G1 X119.469 Y102.571 E225.93579
G1 X118.502 Y102.178 E225.9705
G1 X117.465 Y102.046 E226.00527
G1 X116.438 Y102.192 E226.03978
G1 X115.475 Y102.598 E226.07454
G1 X114.656 Y103.237 E226.10909
G1 X114.027 Y104.071 E226.14383
G1 X113.634 Y105.038 E226.17855
G1 X113.502 Y106.075 E226.21332
G1 X113.648 Y107.102 E226.24782
G1 X114.054 Y108.065 E226.28258
G1 X114.693 Y108.884 E226.31713
G1 X115.528 Y109.514 E226.35192
G1 X116.494 Y109.91 E226.38664
G1 X117.5 Y110.034 E226.42035
G1 X117.53 Y110.038 E226.42136
G0 F9000 X117.534 Y110.442
;TYPE:WALL-OUTER
G1 F1500 X118.666 Y110.281 E226.45939
G1 X119.729 Y109.833 E226.49776
G1 X120.632 Y109.13 E226.53582
G1 X121.324 Y108.212 E226.57406
G1 X121.756 Y107.149 E226.61222
G1 X121.898 Y106.006 E226.65053
G1 X121.737 Y104.874 E226.68856
G1 X121.29 Y103.811 E226.72691
G1 X120.586 Y102.912 E226.76489
G1 X119.668 Y102.22 E226.80313
G1 X118.604 Y101.788 E226.84132
G1 X117.462 Y101.642 E226.87961
G1 X116.33 Y101.803 E226.91764
G1 X115.271 Y102.25 E226.95587
G1 X114.368 Y102.954 E226.99396
G1 X113.676 Y103.872 E227.03219
G1 X113.244 Y104.936 E227.07039
G1 X113.098 Y106.078 E227.10868
G1 X113.259 Y107.21 E227.14671
G1 X113.706 Y108.269 E227.18494
G1 X114.41 Y109.172 E227.22302
G1 X115.328 Y109.864 E227.26126
G1 X116.392 Y110.3 E227.2995
G1 X117.5 Y110.438 E227.33664
G1 X117.534 Y110.442 E227.33778
G0 F9000 X117.298 Y109.929
;TYPE:FILL
G1 F2217.1 X113.606 Y106.236 E227.51146
G0 F9000 X113.837 Y106.205
G0 X114.106 Y107.391
G0 X113.894 Y107.479
G1 F2217.1 X115.096 Y102.994 E227.6659
G0 F9000 X115.238 Y103.177
G0 X114.418 Y104.065
G0 X114.237 Y103.927
G1 F2217.1 X119.272 Y102.577 E227.83928
G0 F9000 X119.186 Y102.787
G0 X118.027 Y102.43
G0 X118.056 Y102.202
G1 F2217.1 X121.339 Y105.484 E227.99368
G0 F9000 X121.112 Y105.514
G0 X120.753 Y104.362
G0 X120.964 Y104.275
G1 F2217.1 X119.614 Y109.313 E228.16715
G0 F9000 X119.475 Y109.133
G0 X120.364 Y108.312
G0 X120.543 Y108.448
G1 F2217.1 X116.065 Y109.648 E228.32135
G0 F9000 X116.264 Y109.16
G1 F1500 E221.82135
;MESH:dubelUpper.stl(1)
G0 F9000 X117.532 Y110.211
G0 X117.665 Y112.958
G0 X117.487 Y117.799
G0 X117.5 Y118.106
;TYPE:WALL-INNER
G1 F1500 E228.32135
G1 X117.938 Y118.083 E228.33594
G1 X118.559 Y117.887 E228.35759
G1 X119.109 Y117.537 E228.37928
G1 X119.542 Y117.059 E228.40073
G1 X119.847 Y116.47 E228.42279
G1 X119.985 Y115.845 E228.44408
G1 X119.949 Y115.189 E228.46593
G1 X119.755 Y114.569 E228.48754
G1 X119.405 Y114.019 E228.50922
G1 X118.927 Y113.586 E228.53067
G1 X118.338 Y113.282 E228.55272
G1 X117.713 Y113.144 E228.57401
G1 X117.056 Y113.176 E228.59588
G1 X116.44 Y113.373 E228.61739
G1 X115.886 Y113.724 E228.63921
G1 X115.454 Y114.201 E228.66061
G1 X115.15 Y114.79 E228.68266
G1 X115.012 Y115.415 E228.70395
G1 X115.044 Y116.072 E228.72582
G1 X115.24 Y116.69 E228.74739
G1 X115.595 Y117.241 E228.76919
G1 X116.07 Y117.675 E228.79059
G1 X116.658 Y117.979 E228.8126
G1 X117.287 Y118.117 E228.83402
G1 X117.5 Y118.106 E228.84112
G0 F9000 X117.5 Y118.507
;TYPE:WALL-OUTER
G1 F1500 X118.011 Y118.481 E228.85813
G1 X118.73 Y118.253 E228.88322
G1 X119.369 Y117.845 E228.90844
G1 X119.874 Y117.289 E228.93342
G1 X120.226 Y116.607 E228.95895
G1 X120.387 Y115.879 E228.98374
G1 X120.348 Y115.117 E229.00912
G1 X120.121 Y114.398 E229.0342
G1 X119.713 Y113.759 E229.05941
G1 X119.157 Y113.254 E229.0844
G1 X118.475 Y112.902 E229.10992
G1 X117.747 Y112.742 E229.13471
G1 X116.984 Y112.779 E229.16012
G1 X116.27 Y113.007 E229.18505
G1 X115.626 Y113.415 E229.21041
G1 X115.122 Y113.971 E229.23537
G1 X114.77 Y114.653 E229.26089
G1 X114.61 Y115.381 E229.28568
G1 X114.647 Y116.144 E229.31109
G1 X114.875 Y116.862 E229.33615
G1 X115.287 Y117.501 E229.36144
G1 X115.84 Y118.006 E229.38634
G1 X116.521 Y118.358 E229.41184
G1 X117.253 Y118.519 E229.43677
G1 X117.5 Y118.507 E229.44499
G0 F9000 X117.455 Y117.5
G1 F1500 E222.94499
;MESH:dubelUpper.stl
G0 F9000 X117.276 Y118.289
G0 X117.327 Y119.381
G0 X117.401 Y121.061
G0 X117.451 Y122.134
G0 X117.487 Y126.964
G0 X117.5 Y127.272
;TYPE:WALL-INNER
G1 F1500 E229.44499
G1 F1503.8 X117.941 Y127.252 E229.45964
G1 F1500 X118.558 Y127.056 E229.48117
G1 X119.108 Y126.702 E229.50293
G1 X119.542 Y126.223 E229.52443
G1 X119.847 Y125.634 E229.54649
G1 X119.985 Y125.009 E229.56777
G1 X119.952 Y124.352 E229.58965
G1 X119.756 Y123.738 E229.61109
G1 X119.404 Y123.186 E229.63287
G1 X118.927 Y122.75 E229.65436
G1 X118.338 Y122.451 E229.67633
G1 X117.711 Y122.312 E229.69769
G1 X117.054 Y122.34 E229.71956
G1 X116.438 Y122.536 E229.74106
G1 X115.887 Y122.891 E229.76286
G1 X115.453 Y123.366 E229.78426
G1 X115.15 Y123.954 E229.80626
G1 X115.012 Y124.583 E229.82768
G1 X115.044 Y125.24 E229.84956
G1 X115.24 Y125.854 E229.871
G1 X115.595 Y126.405 E229.8928
G1 X116.07 Y126.839 E229.9142
G1 X116.658 Y127.142 E229.9362
G1 X117.288 Y127.281 E229.95766
G1 F1503.8 X117.5 Y127.272 E229.9647
G0 F9000 X117.5 Y127.672
;TYPE:WALL-OUTER
G1 F1500 X118.012 Y127.649 E229.98174
G1 X118.73 Y127.421 E230.0068
G1 X119.369 Y127.01 E230.03207
G1 X119.874 Y126.453 E230.05707
G1 X120.226 Y125.771 E230.0826
G1 X120.387 Y125.043 E230.1074
G1 X120.349 Y124.28 E230.13281
G1 X120.121 Y123.566 E230.15774
G1 X119.713 Y122.926 E230.18298
G1 X119.157 Y122.418 E230.20803
G1 X118.475 Y122.071 E230.23348
G1 X117.746 Y121.91 E230.25831
G1 X116.984 Y121.943 E230.28368
G1 X116.266 Y122.171 E230.30874
G1 X115.627 Y122.583 E230.33402
G1 X115.122 Y123.136 E230.35893
G1 X114.77 Y123.817 E230.38443
G1 X114.61 Y124.549 E230.40935
G1 X114.647 Y125.312 E230.43476
G1 X114.875 Y126.026 E230.45969
G1 X115.287 Y126.665 E230.48497
G1 X115.84 Y127.17 E230.50988
G1 X116.521 Y127.522 E230.53538
G1 X117.254 Y127.683 E230.56034
G1 X117.5 Y127.672 E230.56853
G0 F9000 X117.455 Y126.665
G1 F1500 E224.06853
;MESH:NONMESH
G0 F300 X117.455 Y126.665 Z4.6
G0 F9000 X117.724 Y122.14
G0 X117.673 Y121.048
G0 X120.595 Y117.784
G0 X121.046 Y116.91
G0 X121.256 Y115.948
G0 X122.769 Y106.005
G0 X122.58 Y104.642
G0 X122.045 Y103.375
G0 X121.199 Y102.29
G0 X120.31 Y101.619
G0 X117.562 Y99.921
G0 X117.411 Y98.839
G0 X117.408 Y98.356
G0 X117.41 Y98.666
;TIME_ELAPSED:448.647793
;LAYER:22
;note -- min layer time used
;TYPE:WALL-INNER
;MESH:dubelHinge.stl(1)
G1 F1500 E230.56853
G1 X118.438 Y98.521 E230.60306
G1 X119.401 Y98.114 E230.63783
G1 X120.22 Y97.475 E230.67238
G1 X120.849 Y96.641 E230.70713
G1 X121.242 Y95.674 E230.74184
G1 X121.374 Y94.637 E230.77661
G1 X121.228 Y93.61 E230.81112
G1 X120.822 Y92.647 E230.84588
G1 X120.183 Y91.828 E230.88043
G1 X119.348 Y91.2 E230.91518
G1 X118.382 Y90.806 E230.94987
G1 X117.345 Y90.674 E230.98464
G1 X116.318 Y90.82 E231.01915
G1 X115.351 Y91.226 E231.05403
G1 X114.536 Y91.865 E231.08847
G1 X113.906 Y92.7 E231.12326
G1 X113.51 Y93.666 E231.15799
G1 X113.382 Y94.702 E231.19271
G1 X113.528 Y95.73 E231.22724
G1 X113.935 Y96.697 E231.26214
G1 X114.573 Y97.516 E231.29667
G1 X115.407 Y98.145 E231.33141
G1 X116.373 Y98.538 E231.3661
G1 X117.382 Y98.663 E231.39991
G1 X117.41 Y98.666 E231.40085
G0 F9000 X117.414 Y99.07
;TYPE:WALL-OUTER
G1 F1500 X118.546 Y98.909 E231.43888
G1 X119.605 Y98.462 E231.47711
G1 X120.508 Y97.758 E231.51519
G1 X121.2 Y96.84 E231.55343
G1 X121.632 Y95.776 E231.59162
G1 X121.778 Y94.634 E231.62992
G1 X121.617 Y93.502 E231.66795
G1 X121.17 Y92.443 E231.70618
G1 X120.466 Y91.54 E231.74426
G1 X119.548 Y90.848 E231.7825
G1 X118.484 Y90.416 E231.82069
G1 X117.342 Y90.27 E231.85898
G1 X116.21 Y90.431 E231.89701
G1 X115.147 Y90.878 E231.93537
G1 X114.248 Y91.582 E231.97334
G1 X113.556 Y92.5 E232.01158
G1 X113.12 Y93.564 E232.04982
G1 X112.978 Y94.706 E232.0881
G1 X113.139 Y95.838 E232.12613
G1 X113.587 Y96.901 E232.1645
G1 X114.29 Y97.804 E232.20256
G1 X115.208 Y98.496 E232.2408
G1 X116.271 Y98.928 E232.27896
G1 X117.383 Y99.066 E232.31623
G1 X117.414 Y99.07 E232.31727
G0 F9000 X117.406 Y98.586
;TYPE:FILL
G1 F2202.5 X113.469 Y94.649 E232.50245
G0 F9000 X113.699 Y94.678
G0 X113.896 Y95.807
G0 X113.684 Y95.896
G1 F2202.5 X114.79 Y91.767 E232.64462
G0 F9000 X114.932 Y91.95
G0 X114.175 Y92.854
G0 X113.977 Y92.739
G1 F2202.5 X119.347 Y91.3 E232.82953
G0 F9000 X119.211 Y91.478
G0 X118.136 Y91.087
G0 X118.165 Y90.859
G1 F2202.5 X121.187 Y93.881 E232.97168
G0 F9000 X120.959 Y93.911
G0 X120.556 Y92.808
G0 X120.754 Y92.693
G1 F2202.5 X119.315 Y98.064 E233.15662
G0 F9000 X119.228 Y97.854
G0 X120.103 Y97.125
G0 X120.281 Y97.261
G1 F2202.5 X116.16 Y98.365 E233.29852
G0 F9000 X116.36 Y97.875
G1 F1500 E226.79852
;MESH:dubelHinge.stl
G0 F9000 X117.411 Y98.839
G0 X117.562 Y99.921
G0 X117.601 Y100.791
G0 X117.468 Y101.877
G0 X117.529 Y109.728
G0 X117.53 Y110.038
;TYPE:WALL-INNER
G1 F1500 E233.29852
G1 X118.558 Y109.892 E233.33305
G1 X119.525 Y109.485 E233.36795
G1 X120.344 Y108.847 E233.40248
G1 X120.973 Y108.013 E233.43722
G1 X121.366 Y107.047 E233.47191
G1 X121.494 Y106.01 E233.50666
G1 X121.348 Y104.982 E233.54119
G1 X120.942 Y104.015 E233.57608
G1 X120.303 Y103.2 E233.61052
G1 X119.469 Y102.571 E233.64527
G1 X118.502 Y102.178 E233.67998
G1 X117.465 Y102.046 E233.71475
G1 X116.438 Y102.192 E233.74925
G1 X115.475 Y102.598 E233.78401
G1 X114.656 Y103.237 E233.81856
G1 X114.027 Y104.071 E233.85331
G1 X113.634 Y105.038 E233.88802
G1 X113.502 Y106.075 E233.92279
G1 X113.648 Y107.102 E233.95729
G1 X114.054 Y108.065 E233.99205
G1 X114.693 Y108.884 E234.0266
G1 X115.528 Y109.514 E234.06139
G1 X116.494 Y109.91 E234.09612
G1 X117.5 Y110.034 E234.12983
G1 X117.53 Y110.038 E234.13084
G0 F9000 X117.534 Y110.442
;TYPE:WALL-OUTER
G1 F1500 X118.666 Y110.281 E234.16887
G1 X119.729 Y109.833 E234.20724
G1 X120.632 Y109.13 E234.2453
G1 X121.324 Y108.212 E234.28353
G1 X121.756 Y107.149 E234.3217
G1 X121.898 Y106.006 E234.36001
G1 X121.737 Y104.874 E234.39804
G1 X121.29 Y103.811 E234.43639
G1 X120.586 Y102.912 E234.47437
G1 X119.668 Y102.22 E234.5126
G1 X118.604 Y101.788 E234.5508
G1 X117.462 Y101.642 E234.58909
G1 X116.33 Y101.803 E234.62712
G1 X115.271 Y102.25 E234.66535
G1 X114.368 Y102.954 E234.70343
G1 X113.676 Y103.872 E234.74167
G1 X113.244 Y104.936 E234.77986
G1 X113.098 Y106.078 E234.81816
G1 X113.259 Y107.21 E234.85619
G1 X113.706 Y108.269 E234.89442
G1 X114.41 Y109.172 E234.9325
G1 X115.328 Y109.864 E234.97074
G1 X116.392 Y110.3 E235.00898
G1 X117.5 Y110.438 E235.04612
G1 X117.534 Y110.442 E235.04726
G0 F9000 X117.526 Y109.957
;TYPE:FILL
G1 F2202.5 X113.59 Y106.021 E235.23239
G0 F9000 X113.82 Y106.05
G0 X114.016 Y107.18
G0 X113.805 Y107.268
G1 F2202.5 X114.911 Y103.139 E235.37457
G0 F9000 X115.052 Y103.322
G0 X114.297 Y104.223
G0 X114.098 Y104.11
G1 F2202.5 X119.469 Y102.671 E235.55951
G0 F9000 X119.332 Y102.851
G0 X118.256 Y102.459
G0 X118.285 Y102.231
G1 F2202.5 X121.306 Y105.252 E235.70161
G0 F9000 X121.08 Y105.282
G0 X120.677 Y104.179
G0 X120.875 Y104.064
G1 F2202.5 X119.436 Y109.435 E235.88655
G0 F9000 X119.348 Y109.225
G0 X120.225 Y108.495
G0 X120.405 Y108.632
G1 F2202.5 X116.28 Y109.737 E236.02858
G0 F9000 X116.479 Y109.247
G1 F1500 E229.52858
;MESH:dubelUpper.stl(1)
G0 F9000 X117.532 Y110.211
G0 X117.665 Y112.958
G0 X117.487 Y117.799
G0 X117.5 Y118.106
;TYPE:WALL-INNER
G1 F1500 E236.02858
G1 X117.938 Y118.083 E236.04317
G1 X118.559 Y117.887 E236.06483
G1 X119.109 Y117.537 E236.08651
G1 X119.542 Y117.059 E236.10796
G1 X119.847 Y116.47 E236.13002
G1 X119.985 Y115.845 E236.15131
G1 X119.949 Y115.189 E236.17316
G1 X119.755 Y114.569 E236.19477
G1 X119.405 Y114.019 E236.21645
G1 X118.927 Y113.586 E236.23791
G1 X118.338 Y113.282 E236.25995
G1 X117.713 Y113.144 E236.28124
G1 X117.056 Y113.176 E236.30312
G1 X116.44 Y113.373 E236.32463
G1 X115.886 Y113.724 E236.34644
G1 X115.454 Y114.201 E236.36785
G1 X115.15 Y114.79 E236.38989
G1 X115.012 Y115.415 E236.41118
G1 X115.044 Y116.072 E236.43306
G1 X115.24 Y116.69 E236.45462
G1 X115.595 Y117.241 E236.47642
G1 X116.07 Y117.675 E236.49782
G1 X116.658 Y117.979 E236.51984
G1 X117.287 Y118.117 E236.54126
G1 X117.5 Y118.106 E236.54835
G0 F9000 X117.5 Y118.507
;TYPE:WALL-OUTER
G1 F1500 X118.011 Y118.481 E236.56537
G1 X118.73 Y118.253 E236.59045
G1 X119.369 Y117.845 E236.61567
G1 X119.874 Y117.289 E236.64065
G1 X120.226 Y116.607 E236.66618
G1 X120.387 Y115.879 E236.69098
G1 X120.348 Y115.117 E236.71636
G1 X120.121 Y114.398 E236.74143
G1 X119.713 Y113.759 E236.76665
G1 X119.157 Y113.254 E236.79163
G1 X118.475 Y112.902 E236.81716
G1 X117.747 Y112.742 E236.84195
G1 X116.984 Y112.779 E236.86736
G1 X116.27 Y113.007 E236.89229
G1 X115.626 Y113.415 E236.91764
G1 X115.122 Y113.971 E236.9426
G1 X114.77 Y114.653 E236.96813
G1 X114.61 Y115.381 E236.99292
G1 X114.647 Y116.144 E237.01833
G1 X114.875 Y116.862 E237.04338
G1 X115.287 Y117.501 E237.06867
G1 X115.84 Y118.006 E237.09358
G1 X116.521 Y118.358 E237.11907
G1 X117.253 Y118.519 E237.144
G1 X117.5 Y118.507 E237.15223
G0 F9000 X117.455 Y117.5
G1 F1500 E230.65223
;MESH:dubelUpper.stl
G0 F9000 X117.276 Y118.289
G0 X117.327 Y119.381
G0 X117.401 Y121.061
G0 X117.451 Y122.134
G0 X117.487 Y126.964
G0 X117.5 Y127.272
;TYPE:WALL-INNER
G1 F1500 E237.15223
G1 F1503.8 X117.941 Y127.252 E237.16687
G1 F1500 X118.558 Y127.056 E237.18841
G1 X119.108 Y126.702 E237.21016
G1 X119.542 Y126.223 E237.23166
G1 X119.847 Y125.634 E237.25372
G1 X119.985 Y125.009 E237.27501
G1 X119.952 Y124.352 E237.29689
G1 X119.756 Y123.738 E237.31833
G1 X119.404 Y123.186 E237.3401
G1 X118.927 Y122.75 E237.36159
G1 X118.338 Y122.451 E237.38356
G1 X117.711 Y122.312 E237.40492
G1 X117.054 Y122.34 E237.4268
G1 X116.438 Y122.536 E237.4483
G1 X115.887 Y122.891 E237.4701
G1 X115.453 Y123.366 E237.4915
G1 X115.15 Y123.954 E237.5135
G1 X115.012 Y124.583 E237.53492
G1 X115.044 Y125.24 E237.55679
G1 X115.24 Y125.854 E237.57823
G1 X115.595 Y126.405 E237.60003
G1 X116.07 Y126.839 E237.62143
G1 X116.658 Y127.142 E237.64343
G1 X117.288 Y127.281 E237.66489
G1 F1503.8 X117.5 Y127.272 E237.67193
G0 F9000 X117.5 Y127.672
;TYPE:WALL-OUTER
G1 F1500 X118.012 Y127.649 E237.68898
G1 X118.73 Y127.421 E237.71403
G1 X119.369 Y127.01 E237.7393
G1 X119.874 Y126.453 E237.76431
G1 X120.226 Y125.771 E237.78984
G1 X120.387 Y125.043 E237.81463
G1 X120.349 Y124.28 E237.84004
G1 X120.121 Y123.566 E237.86497
G1 X119.713 Y122.926 E237.89022
G1 X119.157 Y122.418 E237.91526
G1 X118.475 Y122.071 E237.94072
G1 X117.746 Y121.91 E237.96555
G1 X116.984 Y121.943 E237.99091
G1 X116.266 Y122.171 E238.01597
G1 X115.627 Y122.583 E238.04126
G1 X115.122 Y123.136 E238.06617
G1 X114.77 Y123.817 E238.09166
G1 X114.61 Y124.549 E238.11658
G1 X114.647 Y125.312 E238.14199
G1 X114.875 Y126.026 E238.16692
G1 X115.287 Y126.665 E238.19221
G1 X115.84 Y127.17 E238.21712
G1 X116.521 Y127.522 E238.24261
G1 X117.254 Y127.683 E238.26757
G1 X117.5 Y127.672 E238.27577
G0 F9000 X117.455 Y126.665
G1 F1500 E231.77577
;MESH:NONMESH
G0 F300 X117.455 Y126.665 Z4.8
G0 F9000 X117.724 Y122.14
G0 X117.673 Y121.048
G0 X120.595 Y117.784
G0 X121.046 Y116.91
G0 X121.256 Y115.948
G0 X122.769 Y106.005
G0 X122.58 Y104.642
G0 X122.045 Y103.375
G0 X121.199 Y102.29
G0 X120.31 Y101.619
G0 X117.562 Y99.921
G0 X117.411 Y98.839
G0 X117.408 Y98.356
G0 X117.41 Y98.666
;TIME_ELAPSED:463.879106
;LAYER:23
;note -- min layer time used
;TYPE:WALL-INNER
;MESH:dubelHinge.stl(1)
G1 F1500 E238.27577
G1 X118.438 Y98.521 E238.31029
G1 X119.401 Y98.114 E238.34507
G1 X120.22 Y97.475 E238.37962
G1 X120.849 Y96.641 E238.41436
G1 X121.242 Y95.674 E238.44908
G1 X121.374 Y94.637 E238.48385
G1 X121.228 Y93.61 E238.51835
G1 X120.822 Y92.647 E238.55311
G1 X120.183 Y91.828 E238.58766
G1 X119.348 Y91.2 E238.62241
G1 X118.382 Y90.806 E238.65711
G1 X117.345 Y90.674 E238.69188
G1 X116.318 Y90.82 E238.72638
G1 X115.351 Y91.226 E238.76126
G1 X114.536 Y91.865 E238.79571
G1 X113.906 Y92.7 E238.8305
G1 X113.51 Y93.666 E238.86522
G1 X113.382 Y94.702 E238.89994
G1 X113.528 Y95.73 E238.93448
G1 X113.935 Y96.697 E238.96937
G1 X114.573 Y97.516 E239.0039
G1 X115.407 Y98.145 E239.03864
G1 X116.373 Y98.538 E239.07333
G1 X117.382 Y98.663 E239.10715
G1 X117.41 Y98.666 E239.10808
G0 F9000 X117.414 Y99.07
;TYPE:WALL-OUTER
G1 F1500 X118.546 Y98.909 E239.14611
G1 X119.605 Y98.462 E239.18434
G1 X120.508 Y97.758 E239.22243
G1 X121.2 Y96.84 E239.26066
G1 X121.632 Y95.776 E239.29886
G1 X121.778 Y94.634 E239.33715
G1 X121.617 Y93.502 E239.37518
G1 X121.17 Y92.443 E239.41341
G1 X120.466 Y91.54 E239.45149
G1 X119.548 Y90.848 E239.48973
G1 X118.484 Y90.416 E239.52792
G1 X117.342 Y90.27 E239.56622
G1 X116.21 Y90.431 E239.60425
G1 X115.147 Y90.878 E239.6426
G1 X114.248 Y91.582 E239.68058
G1 X113.556 Y92.5 E239.71881
G1 X113.12 Y93.564 E239.75706
G1 X112.978 Y94.706 E239.79533
G1 X113.139 Y95.838 E239.83336
G1 X113.587 Y96.901 E239.87173
G1 X114.29 Y97.804 E239.90979
G1 X115.208 Y98.496 E239.94803
G1 X116.271 Y98.928 E239.98619
G1 X117.383 Y99.066 E240.02346
G1 X117.414 Y99.07 E240.0245
G0 F9000 X117.583 Y98.561
;TYPE:FILL
G1 F2158.6 X113.491 Y94.47 E240.21695
G0 F9000 X113.721 Y94.499
G0 X113.827 Y95.635
G0 X113.599 Y95.665
G1 F2158.6 X114.604 Y91.913 E240.34614
G0 F9000 X114.755 Y92.088
G0 X114.12 Y92.99
G0 X113.909 Y92.904
G1 F2158.6 X119.492 Y91.408 E240.53839
G0 F9000 X119.355 Y91.587
G0 X118.324 Y91.115
G0 X118.41 Y90.904
G1 F2158.6 X121.154 Y93.647 E240.66743
G0 F9000 X120.93 Y93.692
G0 X120.464 Y92.691
G0 X120.645 Y92.551
G1 F2158.6 X119.149 Y98.134 E240.85967
G0 F9000 X119.062 Y97.924
G0 X119.982 Y97.272
G0 X120.121 Y97.451
G1 F2158.6 X116.377 Y98.454 E240.98859
G0 F9000 X116.579 Y97.95
G1 F1500 E234.48859
;MESH:dubelHinge.stl
G0 F9000 X117.411 Y98.839
G0 X117.562 Y99.921
G0 X117.601 Y100.791
G0 X117.468 Y101.877
G0 X117.529 Y109.728
G0 X117.53 Y110.038
;TYPE:WALL-INNER
G1 F1500 E240.98859
G1 X118.558 Y109.892 E241.02313
G1 X119.525 Y109.485 E241.05802
G1 X120.344 Y108.847 E241.09255
G1 X120.973 Y108.013 E241.12729
G1 X121.366 Y107.047 E241.16198
G1 X121.494 Y106.01 E241.19673
G1 X121.348 Y104.982 E241.23127
G1 X120.942 Y104.015 E241.26615
G1 X120.303 Y103.2 E241.3006
G1 X119.469 Y102.571 E241.33534
G1 X118.502 Y102.178 E241.37006
G1 X117.465 Y102.046 E241.40483
G1 X116.438 Y102.192 E241.43933
G1 X115.475 Y102.598 E241.47409
G1 X114.656 Y103.237 E241.50864
G1 X114.027 Y104.071 E241.54338
G1 X113.634 Y105.038 E241.5781
G1 X113.502 Y106.075 E241.61287
G1 X113.648 Y107.102 E241.64737
G1 X114.054 Y108.065 E241.68213
G1 X114.693 Y108.884 E241.71668
G1 X115.528 Y109.514 E241.75147
G1 X116.494 Y109.91 E241.78619
G1 X117.5 Y110.034 E241.81991
G1 X117.53 Y110.038 E241.82091
G0 F9000 X117.534 Y110.442
;TYPE:WALL-OUTER
G1 F1500 X118.666 Y110.281 E241.85894
G1 X119.729 Y109.833 E241.89731
G1 X120.632 Y109.13 E241.93537
G1 X121.324 Y108.212 E241.97361
G1 X121.756 Y107.149 E242.01177
G1 X121.898 Y106.006 E242.05008
G1 X121.737 Y104.874 E242.08811
G1 X121.29 Y103.811 E242.12646
G1 X120.586 Y102.912 E242.16444
G1 X119.668 Y102.22 E242.20268
G1 X118.604 Y101.788 E242.24087
G1 X117.462 Y101.642 E242.27916
G1 X116.33 Y101.803 E242.31719
G1 X115.271 Y102.25 E242.35543
G1 X114.368 Y102.954 E242.39351
G1 X113.676 Y103.872 E242.43174
G1 X113.244 Y104.936 E242.46994
G1 X113.098 Y106.078 E242.50823
G1 X113.259 Y107.21 E242.54626
G1 X113.706 Y108.269 E242.58449
G1 X114.41 Y109.172 E242.62257
G1 X115.328 Y109.864 E242.66081
G1 X116.392 Y110.3 E242.69906
G1 X117.5 Y110.438 E242.73619
G1 X117.534 Y110.442 E242.73733
G0 F9000 X117.703 Y109.933
;TYPE:FILL
G1 F2158.6 X113.612 Y105.843 E242.92974
G0 F9000 X113.842 Y105.872
G0 X113.948 Y107.008
G0 X113.719 Y107.039
G1 F2158.6 X114.725 Y103.283 E243.05906
G0 F9000 X114.874 Y103.46
G0 X114.242 Y104.361
G0 X114.031 Y104.275
G1 F2158.6 X119.613 Y102.779 E243.25127
G0 F9000 X119.476 Y102.959
G0 X118.444 Y102.486
G0 X118.53 Y102.275
G1 F2158.6 X121.273 Y105.018 E243.3803
G0 F9000 X121.051 Y105.063
G0 X120.585 Y104.061
G0 X120.766 Y103.921
G1 F2158.6 X119.27 Y109.506 E243.5726
G0 F9000 X119.181 Y109.295
G0 X120.106 Y108.642
G0 X120.244 Y108.821
G1 F2158.6 X116.497 Y109.826 E243.70163
G0 F9000 X116.647 Y109.316
G1 F1500 E237.20163
;MESH:dubelUpper.stl(1)
G0 F9000 X117.532 Y110.211
G0 X117.665 Y112.958
G0 X117.487 Y117.799
G0 X117.5 Y118.106
;TYPE:WALL-INNER
G1 F1500 E243.70163
G1 X117.938 Y118.083 E243.71622
G1 X118.559 Y117.887 E243.73788
G1 X119.109 Y117.537 E243.75956
G1 X119.542 Y117.059 E243.78101
G1 X119.847 Y116.47 E243.80308
G1 X119.985 Y115.845 E243.82436
G1 X119.949 Y115.189 E243.84622
G1 X119.755 Y114.569 E243.86782
G1 X119.405 Y114.019 E243.88951
G1 X118.927 Y113.586 E243.91096
G1 X118.338 Y113.282 E243.933
G1 X117.713 Y113.144 E243.95429
G1 X117.056 Y113.176 E243.97617
G1 X116.44 Y113.373 E243.99768
G1 X115.886 Y113.724 E244.01949
G1 X115.454 Y114.201 E244.0409
G1 X115.15 Y114.79 E244.06294
G1 X115.012 Y115.415 E244.08423
G1 X115.044 Y116.072 E244.10611
G1 X115.24 Y116.69 E244.12767
G1 X115.595 Y117.241 E244.14947
G1 X116.07 Y117.675 E244.17087
G1 X116.658 Y117.979 E244.19289
G1 X117.287 Y118.117 E244.21431
G1 X117.5 Y118.106 E244.2214
G0 F9000 X117.5 Y118.507
;TYPE:WALL-OUTER
G1 F1500 X118.011 Y118.481 E244.23842
G1 X118.73 Y118.253 E244.26351
G1 X119.369 Y117.845 E244.28872
G1 X119.874 Y117.289 E244.3137
G1 X120.226 Y116.607 E244.33923
G1 X120.387 Y115.879 E244.36403
G1 X120.348 Y115.117 E244.38941
G1 X120.121 Y114.398 E244.41448
G1 X119.713 Y113.759 E244.4397
G1 X119.157 Y113.254 E244.46468
G1 X118.475 Y112.902 E244.49021
G1 X117.747 Y112.742 E244.515
G1 X116.984 Y112.779 E244.54041
G1 X116.27 Y113.007 E244.56534
G1 X115.626 Y113.415 E244.59069
G1 X115.122 Y113.971 E244.61565
G1 X114.77 Y114.653 E244.64118
G1 X114.61 Y115.381 E244.66597
G1 X114.647 Y116.144 E244.69138
G1 X114.875 Y116.862 E244.71643
G1 X115.287 Y117.501 E244.74172
G1 X115.84 Y118.006 E244.76663
G1 X116.521 Y118.358 E244.79213
G1 X117.253 Y118.519 E244.81705
G1 X117.5 Y118.507 E244.82528
G0 F9000 X117.455 Y117.5
G1 F1500 E238.32528
;MESH:dubelUpper.stl
G0 F9000 X117.276 Y118.289
G0 X117.327 Y119.381
G0 X117.401 Y121.061
G0 X117.451 Y122.134
G0 X117.487 Y126.964
G0 X117.5 Y127.272
;TYPE:WALL-INNER
G1 F1500 E244.82528
G1 F1503.8 X117.941 Y127.252 E244.83993
G1 F1500 X118.558 Y127.056 E244.86146
G1 X119.108 Y126.702 E244.88321
G1 X119.542 Y126.223 E244.90471
G1 X119.847 Y125.634 E244.92677
G1 X119.985 Y125.009 E244.94806
G1 X119.952 Y124.352 E244.96994
G1 X119.756 Y123.738 E244.99138
G1 X119.404 Y123.186 E245.01315
G1 X118.927 Y122.75 E245.03465
G1 X118.338 Y122.451 E245.05662
G1 X117.711 Y122.312 E245.07798
G1 X117.054 Y122.34 E245.09985
G1 X116.438 Y122.536 E245.12135
G1 X115.887 Y122.891 E245.14315
G1 X115.453 Y123.366 E245.16455
G1 X115.15 Y123.954 E245.18655
G1 X115.012 Y124.583 E245.20797
G1 X115.044 Y125.24 E245.22985
G1 X115.24 Y125.854 E245.25128
G1 X115.595 Y126.405 E245.27308
G1 X116.07 Y126.839 E245.29448
G1 X116.658 Y127.142 E245.31648
G1 X117.288 Y127.281 E245.33794
G1 F1503.8 X117.5 Y127.272 E245.34498
G0 F9000 X117.5 Y127.672
;TYPE:WALL-OUTER
G1 F1500 X118.012 Y127.649 E245.36203
G1 X118.73 Y127.421 E245.38708
G1 X119.369 Y127.01 E245.41235
G1 X119.874 Y126.453 E245.43736
G1 X120.226 Y125.771 E245.46289
G1 X120.387 Y125.043 E245.48769
G1 X120.349 Y124.28 E245.51309
G1 X120.121 Y123.566 E245.53802
G1 X119.713 Y122.926 E245.56327
G1 X119.157 Y122.418 E245.58832
G1 X118.475 Y122.071 E245.61377
G1 X117.746 Y121.91 E245.6386
G1 X116.984 Y121.943 E245.66397
G1 X116.266 Y122.171 E245.68902
G1 X115.627 Y122.583 E245.71431
G1 X115.122 Y123.136 E245.73922
G1 X114.77 Y123.817 E245.76471
G1 X114.61 Y124.549 E245.78964
G1 X114.647 Y125.312 E245.81504
G1 X114.875 Y126.026 E245.83997
G1 X115.287 Y126.665 E245.86526
G1 X115.84 Y127.17 E245.89017
G1 X116.521 Y127.522 E245.91567
G1 X117.254 Y127.683 E245.94063
G1 X117.5 Y127.672 E245.94882
G0 F9000 X117.455 Y126.665
G1 F1500 E239.44882
;MESH:NONMESH
G0 F300 X117.455 Y126.665 Z5
G0 F9000 X117.724 Y122.14
G0 X117.673 Y121.048
G0 X120.595 Y117.784
G0 X121.046 Y116.91
G0 X121.256 Y115.948
G0 X122.769 Y106.005
G0 X122.58 Y104.642
G0 X122.045 Y103.375
G0 X121.199 Y102.29
G0 X120.31 Y101.619
G0 X117.562 Y99.921
G0 X117.411 Y98.839
G0 X117.408 Y98.356
G0 X117.41 Y98.666
;TIME_ELAPSED:479.081133
;LAYER:24
;note -- min layer time used
;TYPE:WALL-INNER
;MESH:dubelHinge.stl(1)
G1 F1500 E245.94882
G1 X118.438 Y98.521 E245.98335
G1 X119.401 Y98.114 E246.01812
G1 X120.22 Y97.475 E246.05267
G1 X120.849 Y96.641 E246.08741
G1 X121.242 Y95.674 E246.12213
G1 X121.374 Y94.637 E246.1569
G1 X121.228 Y93.61 E246.1914
G1 X120.822 Y92.647 E246.22616
G1 X120.183 Y91.828 E246.26071
G1 X119.348 Y91.2 E246.29546
G1 X118.382 Y90.806 E246.33016
G1 X117.345 Y90.674 E246.36493
G1 X116.318 Y90.82 E246.39943
G1 X115.351 Y91.226 E246.43431
G1 X114.536 Y91.865 E246.46876
G1 X113.906 Y92.7 E246.50355
G1 X113.51 Y93.666 E246.53827
G1 X113.382 Y94.702 E246.57299
G1 X113.528 Y95.73 E246.60753
G1 X113.935 Y96.697 E246.64242
G1 X114.573 Y97.516 E246.67695
G1 X115.407 Y98.145 E246.7117
G1 X116.373 Y98.538 E246.74638
G1 X117.382 Y98.663 E246.7802
G1 X117.41 Y98.666 E246.78113
G0 F9000 X117.414 Y99.07
;TYPE:WALL-OUTER
G1 F1500 X118.546 Y98.909 E246.81916
G1 X119.605 Y98.462 E246.8574
G1 X120.508 Y97.758 E246.89548
G1 X121.2 Y96.84 E246.93371
G1 X121.632 Y95.776 E246.97191
G1 X121.778 Y94.634 E247.0102
G1 X121.617 Y93.502 E247.04823
G1 X121.17 Y92.443 E247.08646
G1 X120.466 Y91.54 E247.12454
G1 X119.548 Y90.848 E247.16278
G1 X118.484 Y90.416 E247.20098
G1 X117.342 Y90.27 E247.23927
G1 X116.21 Y90.431 E247.2773
G1 X115.147 Y90.878 E247.31565
G1 X114.248 Y91.582 E247.35363
G1 X113.556 Y92.5 E247.39187
G1 X113.12 Y93.564 E247.43011
G1 X112.978 Y94.706 E247.46839
G1 X113.139 Y95.838 E247.50641
G1 X113.587 Y96.901 E247.54478
G1 X114.29 Y97.804 E247.58284
G1 X115.208 Y98.496 E247.62108
G1 X116.271 Y98.928 E247.65924
G1 X117.383 Y99.066 E247.69651
G1 X117.414 Y99.07 E247.69755
G0 F9000 X117.757 Y98.536
;TYPE:FILL
G1 F2033.3 X113.513 Y94.293 E247.89715
G0 F9000 X113.743 Y94.322
G0 X113.778 Y95.278
G0 X113.548 Y95.309
G1 F2033.3 X114.38 Y92.204 E248.00407
G0 F9000 X114.562 Y92.343
G0 X114.054 Y93.154
G0 X113.842 Y93.068
G1 F2033.3 X119.634 Y91.516 E248.20351
G0 F9000 X119.498 Y91.695
G0 X118.662 Y91.252
G0 X118.748 Y91.042
G1 F2033.3 X121.015 Y93.309 E248.31014
G0 F9000 X120.804 Y93.397
G0 X120.356 Y92.552
G0 X120.536 Y92.412
G1 F2033.3 X118.984 Y98.204 E248.50958
G0 F9000 X118.897 Y97.994
G0 X119.697 Y97.494
G0 X119.836 Y97.673
G1 F2033.3 X116.739 Y98.503 E248.61622
G0 F9000 X116.805 Y97.978
G1 F1500 E242.11622
;MESH:dubelHinge.stl
G0 F9000 X117.411 Y98.839
G0 X117.562 Y99.921
G0 X117.601 Y100.791
G0 X117.468 Y101.877
G0 X117.529 Y109.728
G0 X117.53 Y110.038
;TYPE:WALL-INNER
G1 F1500 E248.61622
G1 X118.558 Y109.892 E248.65076
G1 X119.525 Y109.485 E248.68565
G1 X120.344 Y108.847 E248.72018
G1 X120.973 Y108.013 E248.75492
G1 X121.366 Y107.047 E248.78961
G1 X121.494 Y106.01 E248.82436
G1 X121.348 Y104.982 E248.8589
G1 X120.942 Y104.015 E248.89378
G1 X120.303 Y103.2 E248.92823
G1 X119.469 Y102.571 E248.96297
G1 X118.502 Y102.178 E248.99769
G1 X117.465 Y102.046 E249.03246
G1 X116.438 Y102.192 E249.06696
G1 X115.475 Y102.598 E249.10172
G1 X114.656 Y103.237 E249.13627
G1 X114.027 Y104.071 E249.17101
G1 X113.634 Y105.038 E249.20573
G1 X113.502 Y106.075 E249.2405
G1 X113.648 Y107.102 E249.275
G1 X114.054 Y108.065 E249.30976
G1 X114.693 Y108.884 E249.34431
G1 X115.528 Y109.514 E249.3791
G1 X116.494 Y109.91 E249.41382
G1 X117.5 Y110.034 E249.44754
G1 X117.53 Y110.038 E249.44854
G0 F9000 X117.534 Y110.442
;TYPE:WALL-OUTER
G1 F1500 X118.666 Y110.281 E249.48657
G1 X119.729 Y109.833 E249.52494
G1 X120.632 Y109.13 E249.563
G1 X121.324 Y108.212 E249.60124
G1 X121.756 Y107.149 E249.6394
G1 X121.898 Y106.006 E249.67771
G1 X121.737 Y104.874 E249.71574
G1 X121.29 Y103.811 E249.75409
G1 X120.586 Y102.912 E249.79207
G1 X119.668 Y102.22 E249.83031
G1 X118.604 Y101.788 E249.8685
G1 X117.462 Y101.642 E249.90679
G1 X116.33 Y101.803 E249.94482
G1 X115.271 Y102.25 E249.98306
G1 X114.368 Y102.954 E250.02114
G1 X113.676 Y103.872 E250.05937
G1 X113.244 Y104.936 E250.09757
G1 X113.098 Y106.078 E250.13586
G1 X113.259 Y107.21 E250.17389
G1 X113.706 Y108.269 E250.21212
G1 X114.41 Y109.172 E250.2502
G1 X115.328 Y109.864 E250.28844
G1 X116.392 Y110.3 E250.32669
G1 X117.5 Y110.438 E250.36382
G1 X117.534 Y110.442 E250.36496
G0 F9000 X117.878 Y109.908
;TYPE:FILL
G1 F2033.3 X113.635 Y105.666 E250.56452
G0 F9000 X113.864 Y105.695
G0 X113.899 Y106.651
G0 X113.669 Y106.682
G1 F2033.3 X114.502 Y103.573 E250.67157
G0 F9000 X114.684 Y103.712
G0 X114.175 Y104.525
G0 X113.964 Y104.439
G1 F2033.3 X119.756 Y102.887 E250.87101
G0 F9000 X119.619 Y103.067
G0 X118.781 Y102.623
G0 X118.867 Y102.412
G1 F2033.3 X121.136 Y104.682 E250.97776
G0 F9000 X120.925 Y104.769
G0 X120.477 Y103.923
G0 X120.658 Y103.782
G1 F2033.3 X119.105 Y109.575 E251.17724
G0 F9000 X119.017 Y109.365
G0 X119.821 Y108.864
G0 X119.96 Y109.044
G1 F2033.3 X116.857 Y109.875 E251.28408
G0 F9000 X116.923 Y109.35
G1 F1500 E244.78408
;MESH:dubelUpper.stl(1)
G0 F9000 X117.532 Y110.211
G0 X117.665 Y112.958
G0 X117.487 Y117.799
G0 X117.5 Y118.106
;TYPE:WALL-INNER
G1 F1500 E251.28408
G1 X117.938 Y118.083 E251.29867
G1 X118.559 Y117.887 E251.32033
G1 X119.109 Y117.537 E251.34201
G1 X119.542 Y117.059 E251.36346
G1 X119.847 Y116.47 E251.38552
G1 X119.985 Y115.845 E251.40681
G1 X119.949 Y115.189 E251.42866
G1 X119.755 Y114.569 E251.45027
G1 X119.405 Y114.019 E251.47195
G1 X118.927 Y113.586 E251.4934
G1 X118.338 Y113.282 E251.51545
G1 X117.713 Y113.144 E251.53674
G1 X117.056 Y113.176 E251.55862
G1 X116.44 Y113.373 E251.58013
G1 X115.886 Y113.724 E251.60194
G1 X115.454 Y114.201 E251.62334
G1 X115.15 Y114.79 E251.64539
G1 X115.012 Y115.415 E251.66668
G1 X115.044 Y116.072 E251.68856
G1 X115.24 Y116.69 E251.71012
G1 X115.595 Y117.241 E251.73192
G1 X116.07 Y117.675 E251.75332
G1 X116.658 Y117.979 E251.77534
G1 X117.287 Y118.117 E251.79675
G1 X117.5 Y118.106 E251.80385
G0 F9000 X117.5 Y118.507
;TYPE:WALL-OUTER
G1 F1500 X118.011 Y118.481 E251.82087
G1 X118.73 Y118.253 E251.84595
G1 X119.369 Y117.845 E251.87117
G1 X119.874 Y117.289 E251.89615
G1 X120.226 Y116.607 E251.92168
G1 X120.387 Y115.879 E251.94648
G1 X120.348 Y115.117 E251.97185
G1 X120.121 Y114.398 E251.99693
G1 X119.713 Y113.759 E252.02215
G1 X119.157 Y113.254 E252.04713
G1 X118.475 Y112.902 E252.07266
G1 X117.747 Y112.742 E252.09745
G1 X116.984 Y112.779 E252.12285
G1 X116.27 Y113.007 E252.14778
G1 X115.626 Y113.415 E252.17314
G1 X115.122 Y113.971 E252.1981
G1 X114.77 Y114.653 E252.22363
G1 X114.61 Y115.381 E252.24842
G1 X114.647 Y116.144 E252.27382
G1 X114.875 Y116.862 E252.29888
G1 X115.287 Y117.501 E252.32417
G1 X115.84 Y118.006 E252.34908
G1 X116.521 Y118.358 E252.37457
G1 X117.253 Y118.519 E252.3995
G1 X117.5 Y118.507 E252.40773
G0 F9000 X117.455 Y117.5
G1 F1500 E245.90773
;MESH:dubelUpper.stl
G0 F9000 X117.276 Y118.289
G0 X117.327 Y119.381
G0 X117.401 Y121.061
G0 X117.451 Y122.134
G0 X117.487 Y126.964
G0 X117.5 Y127.272
;TYPE:WALL-INNER
G1 F1500 E252.40773
G1 F1503.8 X117.941 Y127.252 E252.42237
G1 F1500 X118.558 Y127.056 E252.4439
G1 X119.108 Y126.702 E252.46566
G1 X119.542 Y126.223 E252.48716
G1 X119.847 Y125.634 E252.50922
G1 X119.985 Y125.009 E252.53051
G1 X119.952 Y124.352 E252.55239
G1 X119.756 Y123.738 E252.57382
G1 X119.404 Y123.186 E252.5956
G1 X118.927 Y122.75 E252.61709
G1 X118.338 Y122.451 E252.63906
G1 X117.711 Y122.312 E252.66042
G1 X117.054 Y122.34 E252.68229
G1 X116.438 Y122.536 E252.70379
G1 X115.887 Y122.891 E252.7256
G1 X115.453 Y123.366 E252.747
G1 X115.15 Y123.954 E252.769
G1 X115.012 Y124.583 E252.79041
G1 X115.044 Y125.24 E252.81229
G1 X115.24 Y125.854 E252.83373
G1 X115.595 Y126.405 E252.85553
G1 X116.07 Y126.839 E252.87693
G1 X116.658 Y127.142 E252.89893
G1 X117.288 Y127.281 E252.92039
G1 F1503.8 X117.5 Y127.272 E252.92743
G0 F9000 X117.5 Y127.672
;TYPE:WALL-OUTER
G1 F1500 X118.012 Y127.649 E252.94447
G1 X118.73 Y127.421 E252.96953
G1 X119.369 Y127.01 E252.9948
G1 X119.874 Y126.453 E253.01981
G1 X120.226 Y125.771 E253.04533
G1 X120.387 Y125.043 E253.07013
G1 X120.349 Y124.28 E253.09554
G1 X120.121 Y123.566 E253.12047
G1 X119.713 Y122.926 E253.14571
G1 X119.157 Y122.418 E253.17076
G1 X118.475 Y122.071 E253.19621
G1 X117.746 Y121.91 E253.22104
G1 X116.984 Y121.943 E253.24641
G1 X116.266 Y122.171 E253.27147
G1 X115.627 Y122.583 E253.29676
G1 X115.122 Y123.136 E253.32166
G1 X114.77 Y123.817 E253.34716
G1 X114.61 Y124.549 E253.37208
G1 X114.647 Y125.312 E253.39749
G1 X114.875 Y126.026 E253.42242
G1 X115.287 Y126.665 E253.44771
G1 X115.84 Y127.17 E253.47262
G1 X116.521 Y127.522 E253.49811
G1 X117.254 Y127.683 E253.52307
G1 X117.5 Y127.672 E253.53126
G0 F9000 X117.455 Y126.665
G1 F1500 E247.03126
;MESH:NONMESH
G0 F300 X117.455 Y126.665 Z5.2
G0 F9000 X117.724 Y122.14
G0 X117.673 Y121.048
G0 X120.595 Y117.784
G0 X121.046 Y116.91
G0 X121.256 Y115.948
G0 X122.769 Y106.005
G0 X122.58 Y104.642
G0 X122.045 Y103.375
G0 X121.199 Y102.29
G0 X120.31 Y101.619
G0 X117.562 Y99.921
G0 X117.411 Y98.839
G0 X117.408 Y98.356
G0 X117.41 Y98.666
;TIME_ELAPSED:494.166770
;LAYER:25
;note -- min layer time used
;TYPE:WALL-INNER
;MESH:dubelHinge.stl(1)
G1 F1500 E253.53126
G1 X118.438 Y98.521 E253.56579
G1 X119.401 Y98.114 E253.60057
G1 X120.22 Y97.475 E253.63512
G1 X120.849 Y96.641 E253.66986
G1 X121.242 Y95.674 E253.70458
G1 X121.374 Y94.637 E253.73935
G1 X121.228 Y93.61 E253.77385
G1 X120.822 Y92.647 E253.80861
G1 X120.183 Y91.828 E253.84316
G1 X119.348 Y91.2 E253.87791
G1 X118.382 Y90.806 E253.91261
G1 X117.345 Y90.674 E253.94738
G1 X116.318 Y90.82 E253.98188
G1 X115.351 Y91.226 E254.01676
G1 X114.536 Y91.865 E254.05121
G1 X113.906 Y92.7 E254.086
G1 X113.51 Y93.666 E254.12072
G1 X113.382 Y94.702 E254.15544
G1 X113.528 Y95.73 E254.18997
G1 X113.935 Y96.697 E254.22487
G1 X114.573 Y97.516 E254.2594
G1 X115.407 Y98.145 E254.29414
G1 X116.373 Y98.538 E254.32883
G1 X117.382 Y98.663 E254.36264
G1 X117.41 Y98.666 E254.36358
G0 F9000 X117.414 Y99.07
;TYPE:WALL-OUTER
G1 F1500 X118.546 Y98.909 E254.40161
G1 X119.605 Y98.462 E254.43984
G1 X120.508 Y97.758 E254.47793
G1 X121.2 Y96.84 E254.51616
G1 X121.632 Y95.776 E254.55436
G1 X121.778 Y94.634 E254.59265
G1 X121.617 Y93.502 E254.63068
G1 X121.17 Y92.443 E254.66891
G1 X120.466 Y91.54 E254.70699
G1 X119.548 Y90.848 E254.74523
G1 X118.484 Y90.416 E254.78342
G1 X117.342 Y90.27 E254.82171
G1 X116.21 Y90.431 E254.85974
G1 X115.147 Y90.878 E254.8981
G1 X114.248 Y91.582 E254.93608
G1 X113.556 Y92.5 E254.97431
G1 X113.12 Y93.564 E255.01256
G1 X112.978 Y94.706 E255.05083
G1 X113.139 Y95.838 E255.08886
G1 X113.587 Y96.901 E255.12723
G1 X114.29 Y97.804 E255.16529
G1 X115.208 Y98.496 E255.20353
G1 X116.271 Y98.928 E255.24169
G1 X117.383 Y99.066 E255.27896
G1 X117.414 Y99.07 E255.28
G0 F9000 X117.112 Y98.549
;TYPE:FILL
G1 F2303.6 X119.55 Y97.896 E255.36395
G0 F9000 X118.82 Y98.272
G1 F2303.6 X120.428 Y92.272 E255.57055
G0 F9000 X120.869 Y92.963
G1 F2303.6 X119.085 Y91.18 E255.65444
G0 F9000 X119.778 Y91.623
G1 F2303.6 X113.774 Y93.232 E255.86118
G0 F9000 X114.154 Y92.503
G1 F2303.6 X113.498 Y94.952 E255.94551
G0 F9000 X113.535 Y94.115
G1 F2303.6 X117.931 Y98.511 E256.15228
G0 F9000 X117.86 Y97.988
G1 F1500 E249.65228
;MESH:dubelHinge.stl
G0 F9000 X117.411 Y98.839
G0 X117.562 Y99.921
G0 X117.601 Y100.791
G0 X117.468 Y101.877
G0 X117.529 Y109.728
G0 X117.53 Y110.038
;TYPE:WALL-INNER
G1 F1500 E256.15228
G1 X118.558 Y109.892 E256.18681
G1 X119.525 Y109.485 E256.22171
G1 X120.344 Y108.847 E256.25624
G1 X120.973 Y108.013 E256.29098
G1 X121.366 Y107.047 E256.32567
G1 X121.494 Y106.01 E256.36042
G1 X121.348 Y104.982 E256.39496
G1 X120.942 Y104.015 E256.42984
G1 X120.303 Y103.2 E256.46428
G1 X119.469 Y102.571 E256.49903
G1 X118.502 Y102.178 E256.53375
G1 X117.465 Y102.046 E256.56851
G1 X116.438 Y102.192 E256.60302
G1 X115.475 Y102.598 E256.63778
G1 X114.656 Y103.237 E256.67233
G1 X114.027 Y104.071 E256.70707
G1 X113.634 Y105.038 E256.74179
G1 X113.502 Y106.075 E256.77656
G1 X113.648 Y107.102 E256.81106
G1 X114.054 Y108.065 E256.84582
G1 X114.693 Y108.884 E256.88037
G1 X115.528 Y109.514 E256.91516
G1 X116.494 Y109.91 E256.94988
G1 X117.5 Y110.034 E256.98359
G1 X117.53 Y110.038 E256.9846
G0 F9000 X117.534 Y110.442
;TYPE:WALL-OUTER
G1 F1500 X118.666 Y110.281 E257.02263
G1 X119.729 Y109.833 E257.061
G1 X120.632 Y109.13 E257.09906
G1 X121.324 Y108.212 E257.1373
G1 X121.756 Y107.149 E257.17546
G1 X121.898 Y106.006 E257.21377
G1 X121.737 Y104.874 E257.2518
G1 X121.29 Y103.811 E257.29015
G1 X120.586 Y102.912 E257.32813
G1 X119.668 Y102.22 E257.36637
G1 X118.604 Y101.788 E257.40456
G1 X117.462 Y101.642 E257.44285
G1 X116.33 Y101.803 E257.48088
G1 X115.271 Y102.25 E257.51911
G1 X114.368 Y102.954 E257.5572
G1 X113.676 Y103.872 E257.59543
G1 X113.244 Y104.936 E257.63363
G1 X113.098 Y106.078 E257.67192
G1 X113.259 Y107.21 E257.70995
G1 X113.706 Y108.269 E257.74818
G1 X114.41 Y109.172 E257.78626
G1 X115.328 Y109.864 E257.8245
G1 X116.392 Y110.3 E257.86274
G1 X117.5 Y110.438 E257.89988
G1 X117.534 Y110.442 E257.90102
G0 F9000 X117.23 Y109.921
;TYPE:FILL
G1 F2303.6 X119.675 Y109.266 E257.98521
G0 F9000 X118.941 Y109.645
G1 F2303.6 X120.549 Y103.643 E258.19188
G0 F9000 X120.991 Y104.337
G1 F2303.6 X119.204 Y102.55 E258.27593
G0 F9000 X119.898 Y102.994
G1 F2303.6 X113.897 Y104.603 E258.48257
G0 F9000 X114.275 Y103.874
G1 F2303.6 X113.619 Y106.325 E258.56696
G0 F9000 X113.657 Y105.488
G1 F2303.6 X118.052 Y109.884 E258.77372
G0 F9000 X117.981 Y109.36
G1 F1500 E252.27372
;MESH:dubelUpper.stl(1)
G0 F9000 X117.532 Y110.211
G0 X117.665 Y112.958
G0 X117.487 Y117.799
G0 X117.5 Y118.106
;TYPE:WALL-INNER
G1 F1500 E258.77372
G1 X117.938 Y118.083 E258.7883
G1 X118.559 Y117.887 E258.80996
G1 X119.109 Y117.537 E258.83165
G1 X119.542 Y117.059 E258.8531
G1 X119.847 Y116.47 E258.87516
G1 X119.985 Y115.845 E258.89645
G1 X119.949 Y115.189 E258.9183
G1 X119.755 Y114.569 E258.9399
G1 X119.405 Y114.019 E258.96159
G1 X118.927 Y113.586 E258.98304
G1 X118.338 Y113.282 E259.00508
G1 X117.713 Y113.144 E259.02637
G1 X117.056 Y113.176 E259.04825
G1 X116.44 Y113.373 E259.06976
G1 X115.886 Y113.724 E259.09157
G1 X115.454 Y114.201 E259.11298
G1 X115.15 Y114.79 E259.13502
G1 X115.012 Y115.415 E259.15631
G1 X115.044 Y116.072 E259.17819
G1 X115.24 Y116.69 E259.19975
G1 X115.595 Y117.241 E259.22155
G1 X116.07 Y117.675 E259.24295
G1 X116.658 Y117.979 E259.26497
G1 X117.287 Y118.117 E259.28639
G1 X117.5 Y118.106 E259.29348
G0 F9000 X117.5 Y118.507
;TYPE:WALL-OUTER
G1 F1500 X118.011 Y118.481 E259.3105
G1 X118.73 Y118.253 E259.33559
G1 X119.369 Y117.845 E259.3608
G1 X119.874 Y117.289 E259.38579
G1 X120.226 Y116.607 E259.41131
G1 X120.387 Y115.879 E259.43611
G1 X120.348 Y115.117 E259.46149
G1 X120.121 Y114.398 E259.48657
G1 X119.713 Y113.759 E259.51178
G1 X119.157 Y113.254 E259.53676
G1 X118.475 Y112.902 E259.56229
G1 X117.747 Y112.742 E259.58708
G1 X116.984 Y112.779 E259.61249
G1 X116.27 Y113.007 E259.63742
G1 X115.626 Y113.415 E259.66277
G1 X115.122 Y113.971 E259.68773
G1 X114.77 Y114.653 E259.71326
G1 X114.61 Y115.381 E259.73805
G1 X114.647 Y116.144 E259.76346
G1 X114.875 Y116.862 E259.78852
G1 X115.287 Y117.501 E259.8138
G1 X115.84 Y118.006 E259.83871
G1 X116.521 Y118.358 E259.86421
G1 X117.253 Y118.519 E259.88914
G1 X117.5 Y118.507 E259.89736
G0 F9000 X117.468 Y117.8
G0 X116.369 Y117.484
G0 X116.265 Y117.684
;TYPE:FILL
G1 F2303.6 X115.452 Y116.872 E259.93558
G0 F9000 X115.646 Y116.749
G0 X116.447 Y113.737
G0 X116.322 Y113.541
G1 F2303.6 X117.462 Y113.236 E259.97483
G0 F9000 X117.472 Y113.467
G0 X119.669 Y115.681
G0 X119.895 Y115.672
G1 F2303.6 X119.601 Y116.769 E260.0126
G0 F9000 X119.135 Y116.528
G1 F1500 E253.5126
;MESH:dubelUpper.stl
G0 F9000 X117.972 Y118.257
G0 X118.023 Y119.348
G0 X117.957 Y121.07
G0 X117.724 Y122.14
G0 X117.487 Y126.964
G0 X117.5 Y127.272
;TYPE:WALL-INNER
G1 F1500 E260.0126
G1 F1503.8 X117.941 Y127.252 E260.02725
G1 F1500 X118.558 Y127.056 E260.04878
G1 X119.108 Y126.702 E260.07054
G1 X119.542 Y126.223 E260.09203
G1 X119.847 Y125.634 E260.1141
G1 X119.985 Y125.009 E260.13538
G1 X119.952 Y124.352 E260.15726
G1 X119.756 Y123.738 E260.1787
G1 X119.404 Y123.186 E260.20047
G1 X118.927 Y122.75 E260.22197
G1 X118.338 Y122.451 E260.24394
G1 X117.711 Y122.312 E260.2653
G1 X117.054 Y122.34 E260.28717
G1 X116.438 Y122.536 E260.30867
G1 X115.887 Y122.891 E260.33047
G1 X115.453 Y123.366 E260.35187
G1 X115.15 Y123.954 E260.37387
G1 X115.012 Y124.583 E260.39529
G1 X115.044 Y125.24 E260.41717
G1 X115.24 Y125.854 E260.43861
G1 X115.595 Y126.405 E260.46041
G1 X116.07 Y126.839 E260.48181
G1 X116.658 Y127.142 E260.50381
G1 X117.288 Y127.281 E260.52527
G1 F1503.8 X117.5 Y127.272 E260.53231
G0 F9000 X117.5 Y127.672
;TYPE:WALL-OUTER
G1 F1500 X118.012 Y127.649 E260.54935
G1 X118.73 Y127.421 E260.57441
G1 X119.369 Y127.01 E260.59968
G1 X119.874 Y126.453 E260.62468
G1 X120.226 Y125.771 E260.65021
G1 X120.387 Y125.043 E260.67501
G1 X120.349 Y124.28 E260.70042
G1 X120.121 Y123.566 E260.72535
G1 X119.713 Y122.926 E260.75059
G1 X119.157 Y122.418 E260.77564
G1 X118.475 Y122.071 E260.80109
G1 X117.746 Y121.91 E260.82592
G1 X116.984 Y121.943 E260.85129
G1 X116.266 Y122.171 E260.87635
G1 X115.627 Y122.583 E260.90163
G1 X115.122 Y123.136 E260.92654
G1 X114.77 Y123.817 E260.95204
G1 X114.61 Y124.549 E260.97696
G1 X114.647 Y125.312 E261.00237
G1 X114.875 Y126.026 E261.0273
G1 X115.287 Y126.665 E261.05258
G1 X115.84 Y127.17 E261.07749
G1 X116.521 Y127.522 E261.10299
G1 X117.254 Y127.683 E261.12795
G1 X117.5 Y127.672 E261.13614
G0 F9000 X117.468 Y126.965
G0 X116.37 Y126.651
G0 X116.267 Y126.849
;TYPE:FILL
G1 F2303.6 X115.45 Y126.033 E261.17455
G0 F9000 X115.644 Y125.91
G0 X116.446 Y122.903
G0 X116.322 Y122.706
G1 F2303.6 X117.451 Y122.403 E261.21343
G0 F9000 X117.461 Y122.633
G0 X119.668 Y124.843
G0 X119.896 Y124.833
G1 F2303.6 X119.601 Y125.933 E261.2513
G0 F9000 X119.136 Y125.691
G1 F1500 E254.7513
;MESH:NONMESH
G0 F300 X119.136 Y125.691 Z5.4
G0 F9000 X117.724 Y122.14
G0 X117.673 Y121.048
G0 X120.595 Y117.784
G0 X121.046 Y116.91
G0 X121.256 Y115.948
G0 X122.769 Y106.005
G0 X122.58 Y104.642
G0 X122.045 Y103.375
G0 X121.199 Y102.29
G0 X120.31 Y101.619
G0 X117.562 Y99.921
G0 X117.411 Y98.839
G0 X117.408 Y98.356
G0 X117.41 Y98.666
;TIME_ELAPSED:510.014866
;LAYER:26
;note -- min layer time used
;TYPE:WALL-INNER
;MESH:dubelHinge.stl(1)
G1 F1500 E261.2513
G1 X118.438 Y98.521 E261.28583
G1 X119.401 Y98.114 E261.32061
G1 X120.22 Y97.475 E261.35516
G1 X120.849 Y96.641 E261.3899
G1 X121.242 Y95.674 E261.42462
G1 X121.374 Y94.637 E261.45939
G1 X121.228 Y93.61 E261.49389
G1 X120.822 Y92.647 E261.52865
G1 X120.183 Y91.828 E261.5632
G1 X119.348 Y91.2 E261.59795
G1 X118.382 Y90.806 E261.63265
G1 X117.345 Y90.674 E261.66742
G1 X116.318 Y90.82 E261.70192
G1 X115.351 Y91.226 E261.7368
G1 X114.536 Y91.865 E261.77125
G1 X113.906 Y92.7 E261.80604
G1 X113.51 Y93.666 E261.84076
G1 X113.382 Y94.702 E261.87548
G1 X113.528 Y95.73 E261.91001
G1 X113.935 Y96.697 E261.94491
G1 X114.573 Y97.516 E261.97944
G1 X115.407 Y98.145 E262.01418
G1 X116.373 Y98.538 E262.04887
G1 X117.382 Y98.663 E262.08269
G1 X117.41 Y98.666 E262.08362
G0 F9000 X117.414 Y99.07
;TYPE:WALL-OUTER
G1 F1500 X118.546 Y98.909 E262.12165
G1 X119.605 Y98.462 E262.15988
G1 X120.508 Y97.758 E262.19797
G1 X121.2 Y96.84 E262.2362
G1 X121.632 Y95.776 E262.2744
G1 X121.778 Y94.634 E262.31269
G1 X121.617 Y93.502 E262.35072
G1 X121.17 Y92.443 E262.38895
G1 X120.466 Y91.54 E262.42703
G1 X119.548 Y90.848 E262.46527
G1 X118.484 Y90.416 E262.50346
G1 X117.342 Y90.27 E262.54176
G1 X116.21 Y90.431 E262.57978
G1 X115.147 Y90.878 E262.61814
G1 X114.248 Y91.582 E262.65612
G1 X113.556 Y92.5 E262.69435
G1 X113.12 Y93.564 E262.7326
G1 X112.978 Y94.706 E262.77087
G1 X113.139 Y95.838 E262.8089
G1 X113.587 Y96.901 E262.84727
G1 X114.29 Y97.804 E262.88533
G1 X115.208 Y98.496 E262.92357
G1 X116.271 Y98.928 E262.96173
G1 X117.383 Y99.066 E262.999
G1 X117.414 Y99.07 E263.00004
G0 F9000 X117.654 Y98.551
;TYPE:FILL
G1 F2236.3 X119.038 Y98.18 E263.0477
G0 F9000 X118.654 Y98.343
G1 F2236.3 X120.318 Y92.132 E263.26156
G0 F9000 X120.602 Y92.496
G1 F2236.3 X119.587 Y91.481 E263.3093
G0 F9000 X119.922 Y91.732
G1 F2236.3 X113.706 Y93.397 E263.52334
G0 F9000 X113.883 Y92.965
G1 F2236.3 X113.501 Y94.393 E263.5725
G0 F9000 X113.557 Y93.936
G1 F2236.3 X118.107 Y98.487 E263.78654
G0 F9000 X118.036 Y97.964
G1 F1500 E257.28654
;MESH:dubelHinge.stl
G0 F9000 X117.411 Y98.839
G0 X117.562 Y99.921
G0 X117.601 Y100.791
G0 X117.468 Y101.877
G0 X117.529 Y109.728
G0 X117.53 Y110.038
;TYPE:WALL-INNER
G1 F1500 E263.78654
G1 X118.558 Y109.892 E263.82108
G1 X119.525 Y109.485 E263.85597
G1 X120.344 Y108.847 E263.8905
G1 X120.973 Y108.013 E263.92525
G1 X121.366 Y107.047 E263.95993
G1 X121.494 Y106.01 E263.99469
G1 X121.348 Y104.982 E264.02922
G1 X120.942 Y104.015 E264.0641
G1 X120.303 Y103.2 E264.09855
G1 X119.469 Y102.571 E264.13329
G1 X118.502 Y102.178 E264.16801
G1 X117.465 Y102.046 E264.20278
G1 X116.438 Y102.192 E264.23728
G1 X115.475 Y102.598 E264.27204
G1 X114.656 Y103.237 E264.30659
G1 X114.027 Y104.071 E264.34133
G1 X113.634 Y105.038 E264.37605
G1 X113.502 Y106.075 E264.41082
G1 X113.648 Y107.102 E264.44532
G1 X114.054 Y108.065 E264.48008
G1 X114.693 Y108.884 E264.51463
G1 X115.528 Y109.514 E264.54942
G1 X116.494 Y109.91 E264.58415
G1 X117.5 Y110.034 E264.61786
G1 X117.53 Y110.038 E264.61887
G0 F9000 X117.534 Y110.442
;TYPE:WALL-OUTER
G1 F1500 X118.666 Y110.281 E264.6569
G1 X119.729 Y109.833 E264.69526
G1 X120.632 Y109.13 E264.73332
G1 X121.324 Y108.212 E264.77156
G1 X121.756 Y107.149 E264.80972
G1 X121.898 Y106.006 E264.84803
G1 X121.737 Y104.874 E264.88606
G1 X121.29 Y103.811 E264.92442
G1 X120.586 Y102.912 E264.96239
G1 X119.668 Y102.22 E265.00063
G1 X118.604 Y101.788 E265.03883
G1 X117.462 Y101.642 E265.07712
G1 X116.33 Y101.803 E265.11515
G1 X115.271 Y102.25 E265.15338
G1 X114.368 Y102.954 E265.19146
G1 X113.676 Y103.872 E265.2297
G1 X113.244 Y104.936 E265.26789
G1 X113.098 Y106.078 E265.30618
G1 X113.259 Y107.21 E265.34421
G1 X113.706 Y108.269 E265.38244
G1 X114.41 Y109.172 E265.42053
G1 X115.328 Y109.864 E265.45876
G1 X116.392 Y110.3 E265.49701
G1 X117.5 Y110.438 E265.53415
G1 X117.534 Y110.442 E265.53528
G0 F9000 X117.766 Y109.924
;TYPE:FILL
G1 F2236.3 X119.168 Y109.549 E265.58355
G0 F9000 X118.775 Y109.716
G1 F2236.3 X120.439 Y103.504 E265.79745
G0 F9000 X120.734 Y103.88
G1 F2236.3 X119.701 Y102.847 E265.84604
G0 F9000 X120.042 Y103.103
G1 F2236.3 X113.83 Y104.767 E266.05994
G0 F9000 X114.003 Y104.341
G1 F2236.3 X113.623 Y105.759 E266.10876
G0 F9000 X113.679 Y105.31
G1 F2236.3 X118.228 Y109.858 E266.32271
G0 F9000 X118.157 Y109.335
G1 F1500 E259.82271
;MESH:dubelUpper.stl(1)
G0 F9000 X117.532 Y110.211
G0 X117.665 Y112.958
G0 X117.487 Y117.799
G0 X117.5 Y118.106
;TYPE:WALL-INNER
G1 F1500 E266.32271
G1 X117.938 Y118.083 E266.3373
G1 X118.559 Y117.887 E266.35896
G1 X119.109 Y117.537 E266.38064
G1 X119.542 Y117.059 E266.40209
G1 X119.847 Y116.47 E266.42415
G1 X119.985 Y115.845 E266.44544
G1 X119.949 Y115.189 E266.46729
G1 X119.755 Y114.569 E266.4889
G1 X119.405 Y114.019 E266.51058
G1 X118.927 Y113.586 E266.53203
G1 X118.338 Y113.282 E266.55408
G1 X117.713 Y113.144 E266.57537
G1 X117.056 Y113.176 E266.59725
G1 X116.44 Y113.373 E266.61876
G1 X115.886 Y113.724 E266.64057
G1 X115.454 Y114.201 E266.66197
G1 X115.15 Y114.79 E266.68402
G1 X115.012 Y115.415 E266.70531
G1 X115.044 Y116.072 E266.72719
G1 X115.24 Y116.69 E266.74875
G1 X115.595 Y117.241 E266.77055
G1 X116.07 Y117.675 E266.79195
G1 X116.658 Y117.979 E266.81397
G1 X117.287 Y118.117 E266.83538
G1 X117.5 Y118.106 E266.84248
G0 F9000 X117.5 Y118.507
;TYPE:WALL-OUTER
G1 F1500 X118.011 Y118.481 E266.8595
G1 X118.73 Y118.253 E266.88458
G1 X119.369 Y117.845 E266.9098
G1 X119.874 Y117.289 E266.93478
G1 X120.226 Y116.607 E266.96031
G1 X120.387 Y115.879 E266.98511
G1 X120.348 Y115.117 E267.01048
G1 X120.121 Y114.398 E267.03556
G1 X119.713 Y113.759 E267.06078
G1 X119.157 Y113.254 E267.08576
G1 X118.475 Y112.902 E267.11129
G1 X117.747 Y112.742 E267.13608
G1 X116.984 Y112.779 E267.16148
G1 X116.27 Y113.007 E267.18641
G1 X115.626 Y113.415 E267.21177
G1 X115.122 Y113.971 E267.23673
G1 X114.77 Y114.653 E267.26226
G1 X114.61 Y115.381 E267.28705
G1 X114.647 Y116.144 E267.31245
G1 X114.875 Y116.862 E267.33751
G1 X115.287 Y117.501 E267.3628
G1 X115.84 Y118.006 E267.38771
G1 X116.521 Y118.358 E267.4132
G1 X117.253 Y118.519 E267.43813
G1 X117.5 Y118.507 E267.44636
G0 F9000 X117.468 Y117.8
G0 X116.76 Y117.686
G0 X116.682 Y117.901
;TYPE:FILL
G1 F2236.3 X115.255 Y116.474 E267.51348
G0 F9000 X115.476 Y116.404
G0 X116.091 Y113.963
G0 X115.931 Y113.793
G1 F2236.3 X117.898 Y113.266 E267.58121
G0 F9000 X117.848 Y113.493
G0 X119.649 Y115.247
G0 X119.87 Y115.218
G1 F2236.3 X119.353 Y117.148 E267.64766
G0 F9000 X118.965 Y116.792
G1 F1500 E261.14766
;MESH:dubelUpper.stl
G0 F9000 X117.972 Y118.257
G0 X118.023 Y119.348
G0 X117.957 Y121.07
G0 X117.724 Y122.14
G0 X117.487 Y126.964
G0 X117.5 Y127.272
;TYPE:WALL-INNER
G1 F1500 E267.64766
G1 F1503.8 X117.941 Y127.252 E267.66231
G1 F1500 X118.558 Y127.056 E267.68384
G1 X119.108 Y126.702 E267.7056
G1 X119.542 Y126.223 E267.72709
G1 X119.847 Y125.634 E267.74916
G1 X119.985 Y125.009 E267.77044
G1 X119.952 Y124.352 E267.79232
G1 X119.756 Y123.738 E267.81376
G1 X119.404 Y123.186 E267.83554
G1 X118.927 Y122.75 E267.85703
G1 X118.338 Y122.451 E267.879
G1 X117.711 Y122.312 E267.90036
G1 X117.054 Y122.34 E267.92223
G1 X116.438 Y122.536 E267.94373
G1 X115.887 Y122.891 E267.96553
G1 X115.453 Y123.366 E267.98693
G1 X115.15 Y123.954 E268.00893
G1 X115.012 Y124.583 E268.03035
G1 X115.044 Y125.24 E268.05223
G1 X115.24 Y125.854 E268.07367
G1 X115.595 Y126.405 E268.09547
G1 X116.07 Y126.839 E268.11687
G1 X116.658 Y127.142 E268.13887
G1 X117.288 Y127.281 E268.16033
G1 F1503.8 X117.5 Y127.272 E268.16737
G0 F9000 X117.5 Y127.672
;TYPE:WALL-OUTER
G1 F1500 X118.012 Y127.649 E268.18441
G1 X118.73 Y127.421 E268.20947
G1 X119.369 Y127.01 E268.23474
G1 X119.874 Y126.453 E268.25974
G1 X120.226 Y125.771 E268.28527
G1 X120.387 Y125.043 E268.31007
G1 X120.349 Y124.28 E268.33548
G1 X120.121 Y123.566 E268.36041
G1 X119.713 Y122.926 E268.38565
G1 X119.157 Y122.418 E268.4107
G1 X118.475 Y122.071 E268.43615
G1 X117.746 Y121.91 E268.46098
G1 X116.984 Y121.943 E268.48635
G1 X116.266 Y122.171 E268.51141
G1 X115.627 Y122.583 E268.53669
G1 X115.122 Y123.136 E268.5616
G1 X114.77 Y123.817 E268.5871
G1 X114.61 Y124.549 E268.61202
G1 X114.647 Y125.312 E268.63743
G1 X114.875 Y126.026 E268.66236
G1 X115.287 Y126.665 E268.68764
G1 X115.84 Y127.17 E268.71255
G1 X116.521 Y127.522 E268.73805
G1 X117.254 Y127.683 E268.76301
G1 X117.5 Y127.672 E268.7712
G0 F9000 X117.468 Y126.965
G0 X116.756 Y126.85
G0 X116.685 Y127.067
;TYPE:FILL
G1 F2236.3 X115.253 Y125.635 E268.83856
G0 F9000 X115.475 Y125.565
G0 X116.093 Y123.128
G0 X115.937 Y122.956
G1 F2236.3 X117.888 Y122.433 E268.90574
G0 F9000 X117.839 Y122.655
G0 X119.649 Y124.412
G0 X119.873 Y124.37
G1 F2236.3 X119.353 Y126.312 E268.97261
G0 F9000 X118.966 Y125.956
G1 F1500 E262.47261
;MESH:NONMESH
G0 F300 X118.966 Y125.956 Z5.6
G0 F9000 X117.724 Y122.14
G0 X117.673 Y121.048
G0 X120.595 Y117.784
G0 X121.046 Y116.91
G0 X121.256 Y115.948
G0 X122.769 Y106.005
G0 X122.58 Y104.642
G0 X122.045 Y103.375
G0 X121.199 Y102.29
G0 X120.31 Y101.619
G0 X117.562 Y99.921
G0 X117.411 Y98.839
G0 X117.408 Y98.356
G0 X117.41 Y98.666
;TIME_ELAPSED:525.639716
;LAYER:27
;note -- min layer time used
;TYPE:WALL-INNER
;MESH:dubelHinge.stl(1)
G1 F1500 E268.97261
G1 X118.438 Y98.521 E269.00714
G1 X119.401 Y98.114 E269.04191
G1 X120.22 Y97.475 E269.07646
G1 X120.849 Y96.641 E269.1112
G1 X121.242 Y95.674 E269.14592
G1 X121.374 Y94.637 E269.18069
G1 X121.228 Y93.61 E269.21519
G1 X120.822 Y92.647 E269.24995
G1 X120.183 Y91.828 E269.2845
G1 X119.348 Y91.2 E269.31925
G1 X118.382 Y90.806 E269.35395
G1 X117.345 Y90.674 E269.38872
G1 X116.318 Y90.82 E269.42322
G1 X115.351 Y91.226 E269.4581
G1 X114.536 Y91.865 E269.49255
G1 X113.906 Y92.7 E269.52734
G1 X113.51 Y93.666 E269.56206
G1 X113.382 Y94.702 E269.59678
G1 X113.528 Y95.73 E269.63132
G1 X113.935 Y96.697 E269.66621
G1 X114.573 Y97.516 E269.70074
G1 X115.407 Y98.145 E269.73548
G1 X116.373 Y98.538 E269.77017
G1 X117.382 Y98.663 E269.80399
G1 X117.41 Y98.666 E269.80492
G0 F9000 X117.414 Y99.07
;TYPE:WALL-OUTER
G1 F1500 X118.546 Y98.909 E269.84295
G1 X119.605 Y98.462 E269.88118
G1 X120.508 Y97.758 E269.91927
G1 X121.2 Y96.84 E269.9575
G1 X121.632 Y95.776 E269.9957
G1 X121.778 Y94.634 E270.03399
G1 X121.617 Y93.502 E270.07202
G1 X121.17 Y92.443 E270.11025
G1 X120.466 Y91.54 E270.14833
G1 X119.548 Y90.848 E270.18657
G1 X118.484 Y90.416 E270.22476
G1 X117.342 Y90.27 E270.26306
G1 X116.21 Y90.431 E270.30109
G1 X115.147 Y90.878 E270.33944
G1 X114.248 Y91.582 E270.37742
G1 X113.556 Y92.5 E270.41565
G1 X113.12 Y93.564 E270.4539
G1 X112.978 Y94.706 E270.49217
G1 X113.139 Y95.838 E270.5302
G1 X113.587 Y96.901 E270.56857
G1 X114.29 Y97.804 E270.60663
G1 X115.208 Y98.496 E270.64487
G1 X116.271 Y98.928 E270.68303
G1 X117.383 Y99.066 E270.7203
G1 X117.414 Y99.07 E270.72134
G0 F9000 X117.408 Y98.356
G0 X118.251 Y98.237
G0 X118.281 Y98.461
;TYPE:FILL
G1 F2022.6 X113.579 Y93.759 E270.94251
G0 F9000 X113.64 Y93.561
G1 F2022.6 X120.066 Y91.839 E271.16378
G0 F9000 X120.21 Y91.992
G1 F2022.6 X118.489 Y98.413 E271.38488
G0 F9000 X118.286 Y97.927
G1 F1500 E264.88488
;MESH:dubelHinge.stl
G0 F9000 X117.411 Y98.839
G0 X117.562 Y99.921
G0 X117.601 Y100.791
G0 X117.468 Y101.877
G0 X117.529 Y109.728
G0 X117.53 Y110.038
;TYPE:WALL-INNER
G1 F1500 E271.38488
G1 X118.558 Y109.892 E271.41942
G1 X119.525 Y109.485 E271.45431
G1 X120.344 Y108.847 E271.48884
G1 X120.973 Y108.013 E271.52358
G1 X121.366 Y107.047 E271.55827
G1 X121.494 Y106.01 E271.59302
G1 X121.348 Y104.982 E271.62756
G1 X120.942 Y104.015 E271.66244
G1 X120.303 Y103.2 E271.69689
G1 X119.469 Y102.571 E271.73163
G1 X118.502 Y102.178 E271.76635
G1 X117.465 Y102.046 E271.80112
G1 X116.438 Y102.192 E271.83562
G1 X115.475 Y102.598 E271.87038
G1 X114.656 Y103.237 E271.90493
G1 X114.027 Y104.071 E271.93967
G1 X113.634 Y105.038 E271.97439
G1 X113.502 Y106.075 E272.00916
G1 X113.648 Y107.102 E272.04366
G1 X114.054 Y108.065 E272.07842
G1 X114.693 Y108.884 E272.11297
G1 X115.528 Y109.514 E272.14776
G1 X116.494 Y109.91 E272.18248
G1 X117.5 Y110.034 E272.2162
G1 X117.53 Y110.038 E272.2172
G0 F9000 X117.534 Y110.442
;TYPE:WALL-OUTER
G1 F1500 X118.666 Y110.281 E272.25523
G1 X119.729 Y109.833 E272.2936
G1 X120.632 Y109.13 E272.33166
G1 X121.324 Y108.212 E272.3699
G1 X121.756 Y107.149 E272.40806
G1 X121.898 Y106.006 E272.44637
G1 X121.737 Y104.874 E272.4844
G1 X121.29 Y103.811 E272.52275
G1 X120.586 Y102.912 E272.56073
G1 X119.668 Y102.22 E272.59897
G1 X118.604 Y101.788 E272.63716
G1 X117.462 Y101.642 E272.67545
G1 X116.33 Y101.803 E272.71348
G1 X115.271 Y102.25 E272.75172
G1 X114.368 Y102.954 E272.7898
G1 X113.676 Y103.872 E272.82803
G1 X113.244 Y104.936 E272.86623
G1 X113.098 Y106.078 E272.90452
G1 X113.259 Y107.21 E272.94255
G1 X113.706 Y108.269 E272.98078
G1 X114.41 Y109.172 E273.01886
G1 X115.328 Y109.864 E273.0571
G1 X116.392 Y110.3 E273.09535
G1 X117.5 Y110.438 E273.13248
G1 X117.534 Y110.442 E273.13362
G0 F9000 X117.529 Y109.728
G0 X118.372 Y109.608
G0 X118.402 Y109.833
;TYPE:FILL
G1 F2022.6 X113.702 Y105.133 E273.35469
G0 F9000 X113.764 Y104.931
G1 F2022.6 X120.185 Y103.211 E273.57579
G0 F9000 X120.33 Y103.365
G1 F2022.6 X118.61 Y109.784 E273.79682
G0 F9000 X118.405 Y109.298
G1 F1500 E267.29682
;MESH:dubelUpper.stl(1)
G0 F9000 X117.532 Y110.211
G0 X117.665 Y112.958
G0 X117.487 Y117.799
G0 X117.5 Y118.106
;TYPE:WALL-INNER
G1 F1500 E273.79682
G1 X117.938 Y118.083 E273.8114
G1 X118.559 Y117.887 E273.83306
G1 X119.109 Y117.537 E273.85475
G1 X119.542 Y117.059 E273.8762
G1 X119.847 Y116.47 E273.89826
G1 X119.985 Y115.845 E273.91955
G1 X119.949 Y115.189 E273.9414
G1 X119.755 Y114.569 E273.963
G1 X119.405 Y114.019 E273.98469
G1 X118.927 Y113.586 E274.00614
G1 X118.338 Y113.282 E274.02818
G1 X117.713 Y113.144 E274.04947
G1 X117.056 Y113.176 E274.07135
G1 X116.44 Y113.373 E274.09286
G1 X115.886 Y113.724 E274.11467
G1 X115.454 Y114.201 E274.13608
G1 X115.15 Y114.79 E274.15812
G1 X115.012 Y115.415 E274.17941
G1 X115.044 Y116.072 E274.20129
G1 X115.24 Y116.69 E274.22285
G1 X115.595 Y117.241 E274.24465
G1 X116.07 Y117.675 E274.26606
G1 X116.658 Y117.979 E274.28807
G1 X117.287 Y118.117 E274.30949
G1 X117.5 Y118.106 E274.31658
G0 F9000 X117.5 Y118.507
;TYPE:WALL-OUTER
G1 F1500 X118.011 Y118.481 E274.3336
G1 X118.73 Y118.253 E274.35869
G1 X119.369 Y117.845 E274.3839
G1 X119.874 Y117.289 E274.40889
G1 X120.226 Y116.607 E274.43441
G1 X120.387 Y115.879 E274.45921
G1 X120.348 Y115.117 E274.48459
G1 X120.121 Y114.398 E274.50967
G1 X119.713 Y113.759 E274.53488
G1 X119.157 Y113.254 E274.55986
G1 X118.475 Y112.902 E274.58539
G1 X117.747 Y112.742 E274.61018
G1 X116.984 Y112.779 E274.63559
G1 X116.27 Y113.007 E274.66052
G1 X115.626 Y113.415 E274.68588
G1 X115.122 Y113.971 E274.71083
G1 X114.77 Y114.653 E274.73636
G1 X114.61 Y115.381 E274.76115
G1 X114.647 Y116.144 E274.78656
G1 X114.875 Y116.862 E274.81162
G1 X115.287 Y117.501 E274.8369
G1 X115.84 Y118.006 E274.86181
G1 X116.521 Y118.358 E274.88731
G1 X117.253 Y118.519 E274.91224
G1 X117.5 Y118.507 E274.92046
G0 F9000 X116.938 Y117.958
;TYPE:FILL
G1 F2022.6 X115.162 Y116.182 E275.004
G0 F9000 X115.383 Y116.112
G0 X115.928 Y114.143
G0 X115.757 Y113.986
G1 F2022.6 X118.198 Y113.332 E275.08805
G0 F9000 X118.148 Y113.558
G0 X119.578 Y115.028
G0 X119.793 Y114.96
G1 F2022.6 X119.145 Y117.378 E275.17131
G0 F9000 X118.756 Y117.021
G1 F1500 E268.67131
;MESH:dubelUpper.stl
G0 F9000 X117.972 Y118.257
G0 X118.023 Y119.348
G0 X117.957 Y121.07
G0 X117.724 Y122.14
G0 X117.487 Y126.964
G0 X117.5 Y127.272
;TYPE:WALL-INNER
G1 F1500 E275.17131
G1 F1503.8 X117.941 Y127.252 E275.18596
G1 F1500 X118.558 Y127.056 E275.20749
G1 X119.108 Y126.702 E275.22924
G1 X119.542 Y126.223 E275.25074
G1 X119.847 Y125.634 E275.2728
G1 X119.985 Y125.009 E275.29409
G1 X119.952 Y124.352 E275.31597
G1 X119.756 Y123.738 E275.33741
G1 X119.404 Y123.186 E275.35918
G1 X118.927 Y122.75 E275.38068
G1 X118.338 Y122.451 E275.40265
G1 X117.711 Y122.312 E275.42401
G1 X117.054 Y122.34 E275.44588
G1 X116.438 Y122.536 E275.46738
G1 X115.887 Y122.891 E275.48918
G1 X115.453 Y123.366 E275.51058
G1 X115.15 Y123.954 E275.53258
G1 X115.012 Y124.583 E275.554
G1 X115.044 Y125.24 E275.57588
G1 X115.24 Y125.854 E275.59731
G1 X115.595 Y126.405 E275.61912
G1 X116.07 Y126.839 E275.64052
G1 X116.658 Y127.142 E275.66252
G1 X117.288 Y127.281 E275.68397
G1 F1503.8 X117.5 Y127.272 E275.69101
G0 F9000 X117.5 Y127.672
;TYPE:WALL-OUTER
G1 F1500 X118.012 Y127.649 E275.70806
G1 X118.73 Y127.421 E275.73312
G1 X119.369 Y127.01 E275.75839
G1 X119.874 Y126.453 E275.78339
G1 X120.226 Y125.771 E275.80892
G1 X120.387 Y125.043 E275.83372
G1 X120.349 Y124.28 E275.85913
G1 X120.121 Y123.566 E275.88406
G1 X119.713 Y122.926 E275.9093
G1 X119.157 Y122.418 E275.93435
G1 X118.475 Y122.071 E275.9598
G1 X117.746 Y121.91 E275.98463
G1 X116.984 Y121.943 E276.01
G1 X116.266 Y122.171 E276.03505
G1 X115.627 Y122.583 E276.06034
G1 X115.122 Y123.136 E276.08525
G1 X114.77 Y123.817 E276.11075
G1 X114.61 Y124.549 E276.13567
G1 X114.647 Y125.312 E276.16108
G1 X114.875 Y126.026 E276.186
G1 X115.287 Y126.665 E276.21129
G1 X115.84 Y127.17 E276.2362
G1 X116.521 Y127.522 E276.2617
G1 X117.254 Y127.683 E276.28666
G1 X117.5 Y127.672 E276.29485
G0 F9000 X116.941 Y127.123
;TYPE:FILL
G1 F2022.6 X115.161 Y125.343 E276.37857
G0 F9000 X115.382 Y125.274
G0 X115.932 Y123.306
G0 X115.761 Y123.149
G1 F2022.6 X118.185 Y122.499 E276.46205
G0 F9000 X118.136 Y122.72
G0 X119.576 Y124.189
G0 X119.794 Y124.12
G1 F2022.6 X119.146 Y126.541 E276.5454
G0 F9000 X118.758 Y126.185
G1 F1500 E270.0454
;MESH:NONMESH
G0 F300 X118.758 Y126.185 Z5.8
G0 F9000 X117.724 Y122.14
G0 X117.673 Y121.048
G0 X120.595 Y117.784
G0 X121.046 Y116.91
G0 X121.256 Y115.948
G0 X122.769 Y106.005
G0 X122.58 Y104.642
G0 X122.045 Y103.375
G0 X121.199 Y102.29
G0 X120.31 Y101.619
G0 X117.562 Y99.921
G0 X117.411 Y98.839
G0 X117.408 Y98.356
G0 X117.41 Y98.666
;TIME_ELAPSED:540.585366
;LAYER:28
;note -- min layer time used
;TYPE:WALL-INNER
;MESH:dubelHinge.stl(1)
G1 F1500 E276.5454
G1 X118.438 Y98.521 E276.57993
G1 X119.401 Y98.114 E276.61471
G1 X120.22 Y97.475 E276.64926
G1 X120.849 Y96.641 E276.684
G1 X121.242 Y95.674 E276.71872
G1 X121.374 Y94.637 E276.75349
G1 X121.228 Y93.61 E276.78799
G1 X120.822 Y92.647 E276.82275
G1 X120.183 Y91.828 E276.8573
G1 X119.348 Y91.2 E276.89205
G1 X118.382 Y90.806 E276.92675
G1 X117.345 Y90.674 E276.96152
G1 X116.318 Y90.82 E276.99602
G1 X115.351 Y91.226 E277.0309
G1 X114.536 Y91.865 E277.06534
G1 X113.906 Y92.7 E277.10013
G1 X113.51 Y93.666 E277.13486
G1 X113.382 Y94.702 E277.16958
G1 X113.528 Y95.73 E277.20411
G1 X113.935 Y96.697 E277.23901
G1 X114.573 Y97.516 E277.27354
G1 X115.407 Y98.145 E277.30828
G1 X116.373 Y98.538 E277.34297
G1 X117.382 Y98.663 E277.37678
G1 X117.41 Y98.666 E277.37772
G0 F9000 X117.414 Y99.07
;TYPE:WALL-OUTER
G1 F1500 X118.546 Y98.909 E277.41575
G1 X119.605 Y98.462 E277.45398
G1 X120.508 Y97.758 E277.49206
G1 X121.2 Y96.84 E277.5303
G1 X121.632 Y95.776 E277.56849
G1 X121.778 Y94.634 E277.60679
G1 X121.617 Y93.502 E277.64482
G1 X121.17 Y92.443 E277.68305
G1 X120.466 Y91.54 E277.72113
G1 X119.548 Y90.848 E277.75937
G1 X118.484 Y90.416 E277.79756
G1 X117.342 Y90.27 E277.83585
G1 X116.21 Y90.431 E277.87388
G1 X115.147 Y90.878 E277.91224
G1 X114.248 Y91.582 E277.95022
G1 X113.556 Y92.5 E277.98845
G1 X113.12 Y93.564 E278.0267
G1 X112.978 Y94.706 E278.06497
G1 X113.139 Y95.838 E278.103
G1 X113.587 Y96.901 E278.14137
G1 X114.29 Y97.804 E278.17943
G1 X115.208 Y98.496 E278.21767
G1 X116.271 Y98.928 E278.25583
G1 X117.383 Y99.066 E278.2931
G1 X117.414 Y99.07 E278.29414
G0 F9000 X117.408 Y98.356
G0 X118.301 Y98.23
G0 X118.331 Y98.455
;TYPE:FILL
G1 F2163.4 X120.097 Y91.864 E278.52109
G1 X120.182 Y91.955
G1 X113.584 Y93.723 E278.74828
G1 X113.622 Y93.601
G1 X118.449 Y98.428 E278.97533
G0 F9000 X118.245 Y97.934
G1 F1500 E272.47533
;MESH:dubelHinge.stl
G0 F9000 X117.411 Y98.839
G0 X117.562 Y99.921
G0 X117.601 Y100.791
G0 X117.468 Y101.877
G0 X117.529 Y109.728
G0 X117.53 Y110.038
;TYPE:WALL-INNER
G1 F1500 E278.97533
G1 X118.558 Y109.892 E279.00986
G1 X119.525 Y109.485 E279.04476
G1 X120.344 Y108.847 E279.07929
G1 X120.973 Y108.013 E279.11403
G1 X121.366 Y107.047 E279.14872
G1 X121.494 Y106.01 E279.18347
G1 X121.348 Y104.982 E279.21801
G1 X120.942 Y104.015 E279.25289
G1 X120.303 Y103.2 E279.28733
G1 X119.469 Y102.571 E279.32208
G1 X118.502 Y102.178 E279.35679
G1 X117.465 Y102.046 E279.39156
G1 X116.438 Y102.192 E279.42606
G1 X115.475 Y102.598 E279.46082
G1 X114.656 Y103.237 E279.49537
G1 X114.027 Y104.071 E279.53012
G1 X113.634 Y105.038 E279.56484
G1 X113.502 Y106.075 E279.5996
G1 X113.648 Y107.102 E279.63411
G1 X114.054 Y108.065 E279.66887
G1 X114.693 Y108.884 E279.70342
G1 X115.528 Y109.514 E279.73821
G1 X116.494 Y109.91 E279.77293
G1 X117.5 Y110.034 E279.80664
G1 X117.53 Y110.038 E279.80765
G0 F9000 X117.534 Y110.442
;TYPE:WALL-OUTER
G1 F1500 X118.666 Y110.281 E279.84568
G1 X119.729 Y109.833 E279.88405
G1 X120.632 Y109.13 E279.92211
G1 X121.324 Y108.212 E279.96035
G1 X121.756 Y107.149 E279.99851
G1 X121.898 Y106.006 E280.03682
G1 X121.737 Y104.874 E280.07485
G1 X121.29 Y103.811 E280.1132
G1 X120.586 Y102.912 E280.15118
G1 X119.668 Y102.22 E280.18941
G1 X118.604 Y101.788 E280.22761
G1 X117.462 Y101.642 E280.2659
G1 X116.33 Y101.803 E280.30393
G1 X115.271 Y102.25 E280.34216
G1 X114.368 Y102.954 E280.38025
G1 X113.676 Y103.872 E280.41848
G1 X113.244 Y104.936 E280.45668
G1 X113.098 Y106.078 E280.49497
G1 X113.259 Y107.21 E280.533
G1 X113.706 Y108.269 E280.57123
G1 X114.41 Y109.172 E280.60931
G1 X115.328 Y109.864 E280.64755
G1 X116.392 Y110.3 E280.68579
G1 X117.5 Y110.438 E280.72293
G1 X117.534 Y110.442 E280.72407
G0 F9000 X117.529 Y109.728
G0 X118.422 Y109.601
G0 X118.452 Y109.828
;TYPE:FILL
G1 F2163.4 X120.218 Y103.236 E280.95105
G1 X120.302 Y103.326
G1 X113.708 Y105.093 E281.17811
G1 X113.745 Y104.976
G1 X118.57 Y109.8 E281.40504
G0 F9000 X118.365 Y109.306
G1 F1500 E274.90504
;MESH:dubelUpper.stl(1)
G0 F9000 X117.532 Y110.211
G0 X117.665 Y112.958
G0 X117.487 Y117.799
G0 X117.5 Y118.106
;TYPE:WALL-INNER
G1 F1500 E281.40504
G1 X117.938 Y118.083 E281.41962
G1 X118.559 Y117.887 E281.44128
G1 X119.109 Y117.537 E281.46297
G1 X119.542 Y117.059 E281.48442
G1 X119.847 Y116.47 E281.50648
G1 X119.985 Y115.845 E281.52777
G1 X119.949 Y115.189 E281.54962
G1 X119.755 Y114.569 E281.57122
G1 X119.405 Y114.019 E281.59291
G1 X118.927 Y113.586 E281.61436
G1 X118.338 Y113.282 E281.6364
G1 X117.713 Y113.144 E281.65769
G1 X117.056 Y113.176 E281.67957
G1 X116.44 Y113.373 E281.70108
G1 X115.886 Y113.724 E281.72289
G1 X115.454 Y114.201 E281.7443
G1 X115.15 Y114.79 E281.76634
G1 X115.012 Y115.415 E281.78763
G1 X115.044 Y116.072 E281.80951
G1 X115.24 Y116.69 E281.83107
G1 X115.595 Y117.241 E281.85288
G1 X116.07 Y117.675 E281.87428
G1 X116.658 Y117.979 E281.89629
G1 X117.287 Y118.117 E281.91771
G1 X117.5 Y118.106 E281.9248
G0 F9000 X117.5 Y118.507
;TYPE:WALL-OUTER
G1 F1500 X118.011 Y118.481 E281.94182
G1 X118.73 Y118.253 E281.96691
G1 X119.369 Y117.845 E281.99212
G1 X119.874 Y117.289 E282.01711
G1 X120.226 Y116.607 E282.04263
G1 X120.387 Y115.879 E282.06743
G1 X120.348 Y115.117 E282.09281
G1 X120.121 Y114.398 E282.11789
G1 X119.713 Y113.759 E282.1431
G1 X119.157 Y113.254 E282.16808
G1 X118.475 Y112.902 E282.19361
G1 X117.747 Y112.742 E282.2184
G1 X116.984 Y112.779 E282.24381
G1 X116.27 Y113.007 E282.26874
G1 X115.626 Y113.415 E282.2941
G1 X115.122 Y113.971 E282.31905
G1 X114.77 Y114.653 E282.34458
G1 X114.61 Y115.381 E282.36937
G1 X114.647 Y116.144 E282.39478
G1 X114.875 Y116.862 E282.41984
G1 X115.287 Y117.501 E282.44512
G1 X115.84 Y118.006 E282.47003
G1 X116.521 Y118.358 E282.49553
G1 X117.253 Y118.519 E282.52046
G1 X117.5 Y118.507 E282.52868
G0 F9000 X117.196 Y118.015
;TYPE:FILL
G1 F2163.4 X115.117 Y115.936 E282.62647
G0 F9000 X115.348 Y115.926
G0 X115.751 Y114.337
G0 X115.58 Y114.18
G1 F2163.4 X118.428 Y113.417 E282.72454
G0 F9000 X118.323 Y113.62
G0 X119.497 Y114.774
G0 X119.714 Y114.706
G1 F2163.4 X118.954 Y117.541 E282.82216
G0 F9000 X118.671 Y117.095
G1 F1500 E276.32216
;MESH:dubelUpper.stl
G0 F9000 X117.972 Y118.257
G0 X118.023 Y119.348
G0 X117.957 Y121.07
G0 X117.724 Y122.14
G0 X117.487 Y126.964
G0 X117.5 Y127.272
;TYPE:WALL-INNER
G1 F1500 E282.82216
G1 F1503.8 X117.941 Y127.252 E282.83681
G1 F1500 X118.558 Y127.056 E282.85834
G1 X119.108 Y126.702 E282.88009
G1 X119.542 Y126.223 E282.90159
G1 X119.847 Y125.634 E282.92365
G1 X119.985 Y125.009 E282.94494
G1 X119.952 Y124.352 E282.96682
G1 X119.756 Y123.738 E282.98826
G1 X119.404 Y123.186 E283.01003
G1 X118.927 Y122.75 E283.03152
G1 X118.338 Y122.451 E283.05349
G1 X117.711 Y122.312 E283.07486
G1 X117.054 Y122.34 E283.09673
G1 X116.438 Y122.536 E283.11823
G1 X115.887 Y122.891 E283.14003
G1 X115.453 Y123.366 E283.16143
G1 X115.15 Y123.954 E283.18343
G1 X115.012 Y124.583 E283.20485
G1 X115.044 Y125.24 E283.22672
G1 X115.24 Y125.854 E283.24816
G1 X115.595 Y126.405 E283.26996
G1 X116.07 Y126.839 E283.29136
G1 X116.658 Y127.142 E283.31336
G1 X117.288 Y127.281 E283.33482
G1 F1503.8 X117.5 Y127.272 E283.34186
G0 F9000 X117.5 Y127.672
;TYPE:WALL-OUTER
G1 F1500 X118.012 Y127.649 E283.35891
G1 X118.73 Y127.421 E283.38396
G1 X119.369 Y127.01 E283.40923
G1 X119.874 Y126.453 E283.43424
G1 X120.226 Y125.771 E283.45977
G1 X120.387 Y125.043 E283.48456
G1 X120.349 Y124.28 E283.50997
G1 X120.121 Y123.566 E283.5349
G1 X119.713 Y122.926 E283.56015
G1 X119.157 Y122.418 E283.5852
G1 X118.475 Y122.071 E283.61065
G1 X117.746 Y121.91 E283.63548
G1 X116.984 Y121.943 E283.66085
G1 X116.266 Y122.171 E283.6859
G1 X115.627 Y122.583 E283.71119
G1 X115.122 Y123.136 E283.7361
G1 X114.77 Y123.817 E283.76159
G1 X114.61 Y124.549 E283.78652
G1 X114.647 Y125.312 E283.81192
G1 X114.875 Y126.026 E283.83685
G1 X115.287 Y126.665 E283.86214
G1 X115.84 Y127.17 E283.88705
G1 X116.521 Y127.522 E283.91254
G1 X117.254 Y127.683 E283.93751
G1 X117.5 Y127.672 E283.9457
G0 F9000 X117.197 Y127.179
;TYPE:FILL
G1 F2163.4 X115.117 Y125.099 E284.04353
G0 F9000 X115.347 Y125.089
G0 X115.754 Y123.501
G0 X115.583 Y123.344
G1 F2163.4 X118.421 Y122.583 E284.14126
G0 F9000 X118.317 Y122.783
G0 X119.496 Y123.939
G0 X119.714 Y123.87
G1 F2163.4 X118.954 Y126.706 E284.23891
G0 F9000 X118.67 Y126.262
G1 F1500 E277.73891
;MESH:NONMESH
G0 F300 X118.67 Y126.262 Z6
G0 F9000 X117.724 Y122.14
G0 X117.673 Y121.048
G0 X120.595 Y117.784
G0 X121.046 Y116.91
G0 X121.256 Y115.948
G0 X122.769 Y106.005
G0 X122.58 Y104.642
G0 X122.045 Y103.375
G0 X121.199 Y102.29
G0 X120.31 Y101.619
G0 X117.562 Y99.921
G0 X117.411 Y98.839
G0 X117.408 Y98.356
G0 X117.41 Y98.666
;TIME_ELAPSED:555.495995
;LAYER:29
;note -- min layer time used
;TYPE:WALL-INNER
;MESH:dubelHinge.stl(1)
G1 F1500 E284.23891
G1 X118.438 Y98.521 E284.27344
G1 X119.401 Y98.114 E284.30822
G1 X120.22 Y97.475 E284.34277
G1 X120.849 Y96.641 E284.37751
G1 X121.242 Y95.674 E284.41223
G1 X121.374 Y94.637 E284.447
G1 X121.228 Y93.61 E284.4815
G1 X120.822 Y92.647 E284.51626
G1 X120.183 Y91.828 E284.55081
G1 X119.348 Y91.2 E284.58556
G1 X118.382 Y90.806 E284.62026
G1 X117.345 Y90.674 E284.65503
G1 X116.318 Y90.82 E284.68953
G1 X115.351 Y91.226 E284.72441
G1 X114.536 Y91.865 E284.75886
G1 X113.906 Y92.7 E284.79365
G1 X113.51 Y93.666 E284.82837
G1 X113.382 Y94.702 E284.86309
G1 X113.528 Y95.73 E284.89762
G1 X113.935 Y96.697 E284.93252
G1 X114.573 Y97.516 E284.96705
G1 X115.407 Y98.145 E285.00179
G1 X116.373 Y98.538 E285.03648
G1 X117.382 Y98.663 E285.0703
G1 X117.41 Y98.666 E285.07123
G0 F9000 X117.414 Y99.07
;TYPE:WALL-OUTER
G1 F1500 X118.546 Y98.909 E285.10926
G1 X119.605 Y98.462 E285.14749
G1 X120.508 Y97.758 E285.18558
G1 X121.2 Y96.84 E285.22381
G1 X121.632 Y95.776 E285.26201
G1 X121.778 Y94.634 E285.3003
G1 X121.617 Y93.502 E285.33833
G1 X121.17 Y92.443 E285.37656
G1 X120.466 Y91.54 E285.41464
G1 X119.548 Y90.848 E285.45288
G1 X118.484 Y90.416 E285.49107
G1 X117.342 Y90.27 E285.52936
G1 X116.21 Y90.431 E285.56739
G1 X115.147 Y90.878 E285.60575
G1 X114.248 Y91.582 E285.64373
G1 X113.556 Y92.5 E285.68196
G1 X113.12 Y93.564 E285.72021
G1 X112.978 Y94.706 E285.75848
G1 X113.139 Y95.838 E285.79651
G1 X113.587 Y96.901 E285.83488
G1 X114.29 Y97.804 E285.87294
G1 X115.208 Y98.496 E285.91118
G1 X116.271 Y98.928 E285.94934
G1 X117.383 Y99.066 E285.98661
G1 X117.414 Y99.07 E285.98765
G0 F9000 X118.179 Y98.477
;TYPE:FILL
G1 F2231.7 X119.975 Y91.773 E286.21849
G0 F9000 X120.275 Y92.076
G1 F2231.7 X113.565 Y93.874 E286.44954
G0 F9000 X113.68 Y93.46
G1 F2231.7 X118.59 Y98.369 E286.68047
G0 F9000 X118.388 Y97.884
G1 F1500 E280.18047
;MESH:dubelHinge.stl
G0 F9000 X117.411 Y98.839
G0 X117.562 Y99.921
G0 X117.601 Y100.791
G0 X117.468 Y101.877
G0 X117.529 Y109.728
G0 X117.53 Y110.038
;TYPE:WALL-INNER
G1 F1500 E286.68047
G1 X118.558 Y109.892 E286.715
G1 X119.525 Y109.485 E286.7499
G1 X120.344 Y108.847 E286.78442
G1 X120.973 Y108.013 E286.81917
G1 X121.366 Y107.047 E286.85385
G1 X121.494 Y106.01 E286.88861
G1 X121.348 Y104.982 E286.92314
G1 X120.942 Y104.015 E286.95802
G1 X120.303 Y103.2 E286.99247
G1 X119.469 Y102.571 E287.02721
G1 X118.502 Y102.178 E287.06193
G1 X117.465 Y102.046 E287.0967
G1 X116.438 Y102.192 E287.1312
G1 X115.475 Y102.598 E287.16596
G1 X114.656 Y103.237 E287.20051
G1 X114.027 Y104.071 E287.23525
G1 X113.634 Y105.038 E287.26997
G1 X113.502 Y106.075 E287.30474
G1 X113.648 Y107.102 E287.33924
G1 X114.054 Y108.065 E287.374
G1 X114.693 Y108.884 E287.40855
G1 X115.528 Y109.514 E287.44334
G1 X116.494 Y109.91 E287.47807
G1 X117.5 Y110.034 E287.51178
G1 X117.53 Y110.038 E287.51279
G0 F9000 X117.534 Y110.442
;TYPE:WALL-OUTER
G1 F1500 X118.666 Y110.281 E287.55082
G1 X119.729 Y109.833 E287.58918
G1 X120.632 Y109.13 E287.62725
G1 X121.324 Y108.212 E287.66548
G1 X121.756 Y107.149 E287.70365
G1 X121.898 Y106.006 E287.74195
G1 X121.737 Y104.874 E287.77998
G1 X121.29 Y103.811 E287.81834
G1 X120.586 Y102.912 E287.85632
G1 X119.668 Y102.22 E287.89455
G1 X118.604 Y101.788 E287.93275
G1 X117.462 Y101.642 E287.97104
G1 X116.33 Y101.803 E288.00907
G1 X115.271 Y102.25 E288.0473
G1 X114.368 Y102.954 E288.08538
G1 X113.676 Y103.872 E288.12362
G1 X113.244 Y104.936 E288.16181
G1 X113.098 Y106.078 E288.2001
G1 X113.259 Y107.21 E288.23813
G1 X113.706 Y108.269 E288.27637
G1 X114.41 Y109.172 E288.31445
G1 X115.328 Y109.864 E288.35268
G1 X116.392 Y110.3 E288.39093
G1 X117.5 Y110.438 E288.42807
G1 X117.534 Y110.442 E288.4292
G0 F9000 X118.3 Y109.849
;TYPE:FILL
G1 F2231.7 X120.096 Y103.145 E288.66004
G0 F9000 X120.396 Y103.447
G1 F2231.7 X113.689 Y105.244 E288.89099
G0 F9000 X113.802 Y104.834
G1 F2231.7 X118.711 Y109.742 E289.12187
G0 F9000 X118.506 Y109.256
G1 F1500 E282.62187
;MESH:dubelUpper.stl(1)
G0 F9000 X117.532 Y110.211
G0 X117.665 Y112.958
G0 X117.487 Y117.799
G0 X117.5 Y118.106
;TYPE:WALL-INNER
G1 F1500 E289.12187
G1 X117.938 Y118.083 E289.13646
G1 X118.559 Y117.887 E289.15812
G1 X119.109 Y117.537 E289.1798
G1 X119.542 Y117.059 E289.20125
G1 X119.847 Y116.47 E289.22331
G1 X119.985 Y115.845 E289.2446
G1 X119.949 Y115.189 E289.26645
G1 X119.755 Y114.569 E289.28806
G1 X119.405 Y114.019 E289.30974
G1 X118.927 Y113.586 E289.33119
G1 X118.338 Y113.282 E289.35324
G1 X117.713 Y113.144 E289.37453
G1 X117.056 Y113.176 E289.3964
G1 X116.44 Y113.373 E289.41791
G1 X115.886 Y113.724 E289.43973
G1 X115.454 Y114.201 E289.46113
G1 X115.15 Y114.79 E289.48318
G1 X115.012 Y115.415 E289.50447
G1 X115.044 Y116.072 E289.52634
G1 X115.24 Y116.69 E289.54791
G1 X115.595 Y117.241 E289.56971
G1 X116.07 Y117.675 E289.59111
G1 X116.658 Y117.979 E289.61312
G1 X117.287 Y118.117 E289.63454
G1 X117.5 Y118.106 E289.64164
G0 F9000 X117.5 Y118.507
;TYPE:WALL-OUTER
G1 F1500 X118.011 Y118.481 E289.65865
G1 X118.73 Y118.253 E289.68374
G1 X119.369 Y117.845 E289.70896
G1 X119.874 Y117.289 E289.73394
G1 X120.226 Y116.607 E289.75947
G1 X120.387 Y115.879 E289.78426
G1 X120.348 Y115.117 E289.80964
G1 X120.121 Y114.398 E289.83472
G1 X119.713 Y113.759 E289.85994
G1 X119.157 Y113.254 E289.88492
G1 X118.475 Y112.902 E289.91044
G1 X117.747 Y112.742 E289.93524
G1 X116.984 Y112.779 E289.96064
G1 X116.27 Y113.007 E289.98557
G1 X115.626 Y113.415 E290.01093
G1 X115.122 Y113.971 E290.03589
G1 X114.77 Y114.653 E290.06141
G1 X114.61 Y115.381 E290.08621
G1 X114.647 Y116.144 E290.11161
G1 X114.875 Y116.862 E290.13667
G1 X115.287 Y117.501 E290.16196
G1 X115.84 Y118.006 E290.18686
G1 X116.521 Y118.358 E290.21236
G1 X117.253 Y118.519 E290.23729
G1 X117.5 Y118.507 E290.24551
G0 F9000 X117.411 Y118.03
;TYPE:FILL
G1 F2231.7 X115.107 Y115.727 E290.35386
G0 F9000 X115.338 Y115.717
G0 X115.667 Y114.464
G0 X115.463 Y114.358
G1 F2231.7 X118.614 Y113.513 E290.46237
G0 F9000 X118.509 Y113.716
G0 X119.428 Y114.63
G0 X119.621 Y114.508
G1 F2231.7 X118.778 Y117.653 E290.57067
G0 F9000 X118.495 Y117.208
G1 F1500 E284.07067
;MESH:dubelUpper.stl
G0 F9000 X117.276 Y118.289
G0 X117.327 Y119.381
G0 X117.401 Y121.061
G0 X117.451 Y122.134
G0 X117.487 Y126.964
G0 X117.5 Y127.272
;TYPE:WALL-INNER
G1 F1500 E290.57067
G1 F1503.8 X117.941 Y127.252 E290.58531
G1 F1500 X118.558 Y127.056 E290.60684
G1 X119.108 Y126.702 E290.6286
G1 X119.542 Y126.223 E290.6501
G1 X119.847 Y125.634 E290.67216
G1 X119.985 Y125.009 E290.69345
G1 X119.952 Y124.352 E290.71533
G1 X119.756 Y123.738 E290.73676
G1 X119.404 Y123.186 E290.75854
G1 X118.927 Y122.75 E290.78003
G1 X118.338 Y122.451 E290.802
G1 X117.711 Y122.312 E290.82336
G1 X117.054 Y122.34 E290.84523
G1 X116.438 Y122.536 E290.86673
G1 X115.887 Y122.891 E290.88853
G1 X115.453 Y123.366 E290.90993
G1 X115.15 Y123.954 E290.93194
G1 X115.012 Y124.583 E290.95335
G1 X115.044 Y125.24 E290.97523
G1 X115.24 Y125.854 E290.99667
G1 X115.595 Y126.405 E291.01847
G1 X116.07 Y126.839 E291.03987
G1 X116.658 Y127.142 E291.06187
G1 X117.288 Y127.281 E291.08333
G1 F1503.8 X117.5 Y127.272 E291.09037
G0 F9000 X117.5 Y127.672
;TYPE:WALL-OUTER
G1 F1500 X118.012 Y127.649 E291.10741
G1 X118.73 Y127.421 E291.13247
G1 X119.369 Y127.01 E291.15774
G1 X119.874 Y126.453 E291.18275
G1 X120.226 Y125.771 E291.20827
G1 X120.387 Y125.043 E291.23307
G1 X120.349 Y124.28 E291.25848
G1 X120.121 Y123.566 E291.28341
G1 X119.713 Y122.926 E291.30865
G1 X119.157 Y122.418 E291.3337
G1 X118.475 Y122.071 E291.35915
G1 X117.746 Y121.91 E291.38398
G1 X116.984 Y121.943 E291.40935
G1 X116.266 Y122.171 E291.43441
G1 X115.627 Y122.583 E291.4597
G1 X115.122 Y123.136 E291.4846
G1 X114.77 Y123.817 E291.5101
G1 X114.61 Y124.549 E291.53502
G1 X114.647 Y125.312 E291.56043
G1 X114.875 Y126.026 E291.58536
G1 X115.287 Y126.665 E291.61065
G1 X115.84 Y127.17 E291.63555
G1 X116.521 Y127.522 E291.66105
G1 X117.254 Y127.683 E291.68601
G1 X117.5 Y127.672 E291.6942
G0 F9000 X117.413 Y127.195
;TYPE:FILL
G1 F2231.7 X115.106 Y124.888 E291.80272
G0 F9000 X115.338 Y124.878
G0 X115.668 Y123.627
G0 X115.464 Y123.522
G1 F2231.7 X118.61 Y122.679 E291.91104
G0 F9000 X118.506 Y122.88
G0 X119.428 Y123.796
G0 X119.62 Y123.675
G1 F2231.7 X118.778 Y126.819 E292.0193
G0 F9000 X118.493 Y126.375
G1 F1500 E285.5193
;MESH:NONMESH
G0 F300 X118.493 Y126.375 Z6.2
G0 F9000 X117.724 Y122.14
G0 X117.673 Y121.048
G0 X120.595 Y117.784
G0 X121.046 Y116.91
G0 X121.256 Y115.948
G0 X122.769 Y106.005
G0 X122.58 Y104.642
G0 X122.045 Y103.375
G0 X121.199 Y102.29
G0 X120.31 Y101.619
G0 X117.562 Y99.921
G0 X117.411 Y98.839
G0 X117.408 Y98.356
G0 X117.41 Y98.666
;TIME_ELAPSED:570.398811
;LAYER:30
;note -- min layer time used
;TYPE:WALL-INNER
;MESH:dubelHinge.stl(1)
G1 F1500 E292.0193
G1 X118.438 Y98.521 E292.05383
G1 X119.401 Y98.114 E292.0886
G1 X120.22 Y97.475 E292.12315
G1 X120.849 Y96.641 E292.1579
G1 X121.242 Y95.674 E292.19261
G1 X121.374 Y94.637 E292.22738
G1 X121.228 Y93.61 E292.26188
G1 X120.822 Y92.647 E292.29664
G1 X120.183 Y91.828 E292.33119
G1 X119.348 Y91.2 E292.36594
G1 X118.382 Y90.806 E292.40064
G1 X117.345 Y90.674 E292.43541
G1 X116.318 Y90.82 E292.46991
G1 X115.351 Y91.226 E292.5048
G1 X114.536 Y91.865 E292.53924
G1 X113.906 Y92.7 E292.57403
G1 X113.51 Y93.666 E292.60876
G1 X113.382 Y94.702 E292.64348
G1 X113.528 Y95.73 E292.67801
G1 X113.935 Y96.697 E292.71291
G1 X114.573 Y97.516 E292.74743
G1 X115.407 Y98.145 E292.78218
G1 X116.373 Y98.538 E292.81687
G1 X117.382 Y98.663 E292.85068
G1 X117.41 Y98.666 E292.85162
G0 F9000 X117.414 Y99.07
;TYPE:WALL-OUTER
G1 F1500 X118.546 Y98.909 E292.88965
G1 X119.605 Y98.462 E292.92788
G1 X120.508 Y97.758 E292.96596
G1 X121.2 Y96.84 E293.0042
G1 X121.632 Y95.776 E293.04239
G1 X121.778 Y94.634 E293.08068
G1 X121.617 Y93.502 E293.11871
G1 X121.17 Y92.443 E293.15695
G1 X120.466 Y91.54 E293.19503
G1 X119.548 Y90.848 E293.23326
G1 X118.484 Y90.416 E293.27146
G1 X117.342 Y90.27 E293.30975
G1 X116.21 Y90.431 E293.34778
G1 X115.147 Y90.878 E293.38613
G1 X114.248 Y91.582 E293.42411
G1 X113.556 Y92.5 E293.46235
G1 X113.12 Y93.564 E293.50059
G1 X112.978 Y94.706 E293.53887
G1 X113.139 Y95.838 E293.5769
G1 X113.587 Y96.901 E293.61527
G1 X114.29 Y97.804 E293.65333
G1 X115.208 Y98.496 E293.69156
G1 X116.271 Y98.928 E293.72973
G1 X117.383 Y99.066 E293.767
G1 X117.414 Y99.07 E293.76804
G0 F9000 X118.026 Y98.499
;TYPE:FILL
G1 F2312 X119.853 Y91.681 E294.0028
G0 F9000 X120.37 Y92.198
G1 F2312 X113.547 Y94.026 E294.23774
G0 F9000 X113.739 Y93.318
G1 F2312 X118.73 Y98.309 E294.4725
G0 F9000 X118.528 Y97.825
G1 F1500 E287.9725
;MESH:dubelHinge.stl
G0 F9000 X117.411 Y98.839
G0 X117.562 Y99.921
G0 X117.601 Y100.791
G0 X117.468 Y101.877
G0 X117.529 Y109.728
G0 X117.53 Y110.038
;TYPE:WALL-INNER
G1 F1500 E294.4725
G1 X118.558 Y109.892 E294.50704
G1 X119.525 Y109.485 E294.54193
G1 X120.344 Y108.847 E294.57646
G1 X120.973 Y108.013 E294.61121
G1 X121.366 Y107.047 E294.64589
G1 X121.494 Y106.01 E294.68064
G1 X121.348 Y104.982 E294.71518
G1 X120.942 Y104.015 E294.75006
G1 X120.303 Y103.2 E294.78451
G1 X119.469 Y102.571 E294.81925
G1 X118.502 Y102.178 E294.85397
G1 X117.465 Y102.046 E294.88874
G1 X116.438 Y102.192 E294.92324
G1 X115.475 Y102.598 E294.958
G1 X114.656 Y103.237 E294.99255
G1 X114.027 Y104.071 E295.02729
G1 X113.634 Y105.038 E295.06201
G1 X113.502 Y106.075 E295.09678
G1 X113.648 Y107.102 E295.13128
G1 X114.054 Y108.065 E295.16604
G1 X114.693 Y108.884 E295.20059
G1 X115.528 Y109.514 E295.23538
G1 X116.494 Y109.91 E295.2701
G1 X117.5 Y110.034 E295.30382
G1 X117.53 Y110.038 E295.30482
G0 F9000 X117.534 Y110.442
;TYPE:WALL-OUTER
G1 F1500 X118.666 Y110.281 E295.34285
G1 X119.729 Y109.833 E295.38122
G1 X120.632 Y109.13 E295.41928
G1 X121.324 Y108.212 E295.45752
G1 X121.756 Y107.149 E295.49568
G1 X121.898 Y106.006 E295.53399
G1 X121.737 Y104.874 E295.57202
G1 X121.29 Y103.811 E295.61037
G1 X120.586 Y102.912 E295.64835
G1 X119.668 Y102.22 E295.68659
G1 X118.604 Y101.788 E295.72478
G1 X117.462 Y101.642 E295.76308
G1 X116.33 Y101.803 E295.8011
G1 X115.271 Y102.25 E295.83934
G1 X114.368 Y102.954 E295.87742
G1 X113.676 Y103.872 E295.91566
G1 X113.244 Y104.936 E295.95385
G1 X113.098 Y106.078 E295.99214
G1 X113.259 Y107.21 E296.03017
G1 X113.706 Y108.269 E296.0684
G1 X114.41 Y109.172 E296.10649
G1 X115.328 Y109.864 E296.14472
G1 X116.392 Y110.3 E296.18297
G1 X117.5 Y110.438 E296.2201
G1 X117.534 Y110.442 E296.22124
G0 F9000 X118.147 Y109.871
;TYPE:FILL
G1 F2312 X119.974 Y103.053 E296.45601
G0 F9000 X120.491 Y103.569
G1 F2312 X113.67 Y105.396 E296.69087
G0 F9000 X113.86 Y104.691
G1 F2312 X118.851 Y109.681 E296.92561
G0 F9000 X118.646 Y109.196
G1 F1500 E290.42561
;MESH:dubelUpper.stl(1)
G0 F9000 X117.532 Y110.211
G0 X117.665 Y112.958
G0 X117.487 Y117.799
G0 X117.5 Y118.106
;TYPE:WALL-INNER
G1 F1500 E296.92561
G1 X117.938 Y118.083 E296.9402
G1 X118.559 Y117.887 E296.96186
G1 X119.109 Y117.537 E296.98354
G1 X119.542 Y117.059 E297.00499
G1 X119.847 Y116.47 E297.02705
G1 X119.985 Y115.845 E297.04834
G1 X119.949 Y115.189 E297.07019
G1 X119.755 Y114.569 E297.0918
G1 X119.405 Y114.019 E297.11348
G1 X118.927 Y113.586 E297.13494
G1 X118.338 Y113.282 E297.15698
G1 X117.713 Y113.144 E297.17827
G1 X117.056 Y113.176 E297.20015
G1 X116.44 Y113.373 E297.22166
G1 X115.886 Y113.724 E297.24347
G1 X115.454 Y114.201 E297.26488
G1 X115.15 Y114.79 E297.28692
G1 X115.012 Y115.415 E297.30821
G1 X115.044 Y116.072 E297.33009
G1 X115.24 Y116.69 E297.35165
G1 X115.595 Y117.241 E297.37345
G1 X116.07 Y117.675 E297.39485
G1 X116.658 Y117.979 E297.41687
G1 X117.287 Y118.117 E297.43829
G1 X117.5 Y118.106 E297.44538
G0 F9000 X117.5 Y118.507
;TYPE:WALL-OUTER
G1 F1500 X118.011 Y118.481 E297.4624
G1 X118.73 Y118.253 E297.48749
G1 X119.369 Y117.845 E297.5127
G1 X119.874 Y117.289 E297.53768
G1 X120.226 Y116.607 E297.56321
G1 X120.387 Y115.879 E297.58801
G1 X120.348 Y115.117 E297.61339
G1 X120.121 Y114.398 E297.63846
G1 X119.713 Y113.759 E297.66368
G1 X119.157 Y113.254 E297.68866
G1 X118.475 Y112.902 E297.71419
G1 X117.747 Y112.742 E297.73898
G1 X116.984 Y112.779 E297.76439
G1 X116.27 Y113.007 E297.78932
G1 X115.626 Y113.415 E297.81467
G1 X115.122 Y113.971 E297.83963
G1 X114.77 Y114.653 E297.86516
G1 X114.61 Y115.381 E297.88995
G1 X114.647 Y116.144 E297.91536
G1 X114.875 Y116.862 E297.94041
G1 X115.287 Y117.501 E297.9657
G1 X115.84 Y118.006 E297.99061
G1 X116.521 Y118.358 E298.01611
G1 X117.253 Y118.519 E298.04103
G1 X117.5 Y118.507 E298.04926
G0 F9000 X117.602 Y118.02
;TYPE:FILL
G1 F2312 X115.096 Y115.515 E298.16711
G0 F9000 X115.328 Y115.505
G0 X115.579 Y114.634
G0 X115.375 Y114.528
G1 F2312 X118.802 Y113.61 E298.28511
G0 F9000 X118.697 Y113.813
G0 X119.324 Y114.468
G0 X119.518 Y114.345
G1 F2312 X118.601 Y117.767 E298.40294
G0 F9000 X118.318 Y117.322
G1 F1500 E291.90294
;MESH:dubelUpper.stl
G0 F9000 X117.276 Y118.289
G0 X117.327 Y119.381
G0 X117.401 Y121.061
G0 X117.451 Y122.134
G0 X117.487 Y126.964
G0 X117.5 Y127.272
;TYPE:WALL-INNER
G1 F1500 E298.40294
G1 F1503.8 X117.941 Y127.252 E298.41759
G1 F1500 X118.558 Y127.056 E298.43912
G1 X119.108 Y126.702 E298.46088
G1 X119.542 Y126.223 E298.48237
G1 X119.847 Y125.634 E298.50444
G1 X119.985 Y125.009 E298.52572
G1 X119.952 Y124.352 E298.5476
G1 X119.756 Y123.738 E298.56904
G1 X119.404 Y123.186 E298.59081
G1 X118.927 Y122.75 E298.61231
G1 X118.338 Y122.451 E298.63428
G1 X117.711 Y122.312 E298.65564
G1 X117.054 Y122.34 E298.67751
G1 X116.438 Y122.536 E298.69901
G1 X115.887 Y122.891 E298.72081
G1 X115.453 Y123.366 E298.74221
G1 X115.15 Y123.954 E298.76421
G1 X115.012 Y124.583 E298.78563
G1 X115.044 Y125.24 E298.80751
G1 X115.24 Y125.854 E298.82895
G1 X115.595 Y126.405 E298.85075
G1 X116.07 Y126.839 E298.87215
G1 X116.658 Y127.142 E298.89415
G1 X117.288 Y127.281 E298.91561
G1 F1503.8 X117.5 Y127.272 E298.92264
G0 F9000 X117.5 Y127.672
;TYPE:WALL-OUTER
G1 F1500 X118.012 Y127.649 E298.93969
G1 X118.73 Y127.421 E298.96475
G1 X119.369 Y127.01 E298.99002
G1 X119.874 Y126.453 E299.01502
G1 X120.226 Y125.771 E299.04055
G1 X120.387 Y125.043 E299.06535
G1 X120.349 Y124.28 E299.09076
G1 X120.121 Y123.566 E299.11569
G1 X119.713 Y122.926 E299.14093
G1 X119.157 Y122.418 E299.16598
G1 X118.475 Y122.071 E299.19143
G1 X117.746 Y121.91 E299.21626
G1 X116.984 Y121.943 E299.24163
G1 X116.266 Y122.171 E299.26669
G1 X115.627 Y122.583 E299.29197
G1 X115.122 Y123.136 E299.31688
G1 X114.77 Y123.817 E299.34238
G1 X114.61 Y124.549 E299.3673
G1 X114.647 Y125.312 E299.39271
G1 X114.875 Y126.026 E299.41764
G1 X115.287 Y126.665 E299.44292
G1 X115.84 Y127.17 E299.46783
G1 X116.521 Y127.522 E299.49333
G1 X117.254 Y127.683 E299.51829
G1 X117.5 Y127.672 E299.52648
G0 F9000 X117.605 Y127.186
;TYPE:FILL
G1 F2312 X115.096 Y124.678 E299.64447
G0 F9000 X115.328 Y124.668
G0 X115.58 Y123.798
G0 X115.375 Y123.692
G1 F2312 X118.799 Y122.775 E299.76237
G0 F9000 X118.694 Y122.977
G0 X119.325 Y123.635
G0 X119.517 Y123.513
G1 F2312 X118.6 Y126.933 E299.88014
G0 F9000 X118.316 Y126.489
G1 F1500 E293.38014
;MESH:NONMESH
G0 F300 X118.316 Y126.489 Z6.4
G0 F9000 X117.724 Y122.14
G0 X117.673 Y121.048
G0 X120.595 Y117.784
G0 X121.046 Y116.91
G0 X121.256 Y115.948
G0 X122.769 Y106.005
G0 X122.58 Y104.642
G0 X122.045 Y103.375
G0 X121.199 Y102.29
G0 X120.31 Y101.619
G0 X117.562 Y99.921
G0 X117.411 Y98.839
G0 X117.408 Y98.356
G0 X117.41 Y98.666
;TIME_ELAPSED:585.336984
;LAYER:31
;note -- min layer time used
;TYPE:WALL-INNER
;MESH:dubelHinge.stl(1)
G1 F1500 E299.88014
G1 X118.438 Y98.521 E299.91467
G1 X119.401 Y98.114 E299.94944
G1 X120.22 Y97.475 E299.98399
G1 X120.849 Y96.641 E300.01873
G1 X121.242 Y95.674 E300.05345
G1 X121.374 Y94.637 E300.08822
G1 X121.228 Y93.61 E300.12272
G1 X120.822 Y92.647 E300.15748
G1 X120.183 Y91.828 E300.19203
G1 X119.348 Y91.2 E300.22678
G1 X118.382 Y90.806 E300.26148
G1 X117.345 Y90.674 E300.29625
G1 X116.318 Y90.82 E300.33075
G1 X115.351 Y91.226 E300.36563
G1 X114.536 Y91.865 E300.40008
G1 X113.906 Y92.7 E300.43487
G1 X113.51 Y93.666 E300.46959
G1 X113.382 Y94.702 E300.50431
G1 X113.528 Y95.73 E300.53885
G1 X113.935 Y96.697 E300.57374
G1 X114.573 Y97.516 E300.60827
G1 X115.407 Y98.145 E300.64301
G1 X116.373 Y98.538 E300.6777
G1 X117.382 Y98.663 E300.71152
G1 X117.41 Y98.666 E300.71245
G0 F9000 X117.414 Y99.07
;TYPE:WALL-OUTER
G1 F1500 X118.546 Y98.909 E300.75048
G1 X119.605 Y98.462 E300.78871
G1 X120.508 Y97.758 E300.8268
G1 X121.2 Y96.84 E300.86503
G1 X121.632 Y95.776 E300.90323
G1 X121.778 Y94.634 E300.94152
G1 X121.617 Y93.502 E300.97955
G1 X121.17 Y92.443 E301.01778
G1 X120.466 Y91.54 E301.05586
G1 X119.548 Y90.848 E301.0941
G1 X118.484 Y90.416 E301.13229
G1 X117.342 Y90.27 E301.17059
G1 X116.21 Y90.431 E301.20862
G1 X115.147 Y90.878 E301.24697
G1 X114.248 Y91.582 E301.28495
G1 X113.556 Y92.5 E301.32318
G1 X113.12 Y93.564 E301.36143
G1 X112.978 Y94.706 E301.3997
G1 X113.139 Y95.838 E301.43773
G1 X113.587 Y96.901 E301.4761
G1 X114.29 Y97.804 E301.51416
G1 X115.208 Y98.496 E301.5524
G1 X116.271 Y98.928 E301.59056
G1 X117.383 Y99.066 E301.62783
G1 X117.414 Y99.07 E301.62887
G0 F9000 X117.875 Y98.52
;TYPE:FILL
G1 F2385.2 X119.732 Y91.59 E301.8675
G0 F9000 X119.596 Y91.769
G0 X120.283 Y92.458
G0 X120.464 Y92.318
G1 F2385.2 X113.528 Y94.177 E302.10633
G0 F9000 X113.758 Y94.206
G0 X114.01 Y93.263
G0 X113.797 Y93.176
G1 F2385.2 X118.871 Y98.25 E302.345
G0 F9000 X118.669 Y97.765
G1 F1500 E295.845
;MESH:dubelHinge.stl
G0 F9000 X117.411 Y98.839
G0 X117.562 Y99.921
G0 X117.601 Y100.791
G0 X117.468 Y101.877
G0 X117.529 Y109.728
G0 X117.53 Y110.038
;TYPE:WALL-INNER
G1 F1500 E302.345
G1 X118.558 Y109.892 E302.37953
G1 X119.525 Y109.485 E302.41443
G1 X120.344 Y108.847 E302.44896
G1 X120.973 Y108.013 E302.4837
G1 X121.366 Y107.047 E302.51839
G1 X121.494 Y106.01 E302.55314
G1 X121.348 Y104.982 E302.58767
G1 X120.942 Y104.015 E302.62256
G1 X120.303 Y103.2 E302.657
G1 X119.469 Y102.571 E302.69174
G1 X118.502 Y102.178 E302.72646
G1 X117.465 Y102.046 E302.76123
G1 X116.438 Y102.192 E302.79573
G1 X115.475 Y102.598 E302.83049
G1 X114.656 Y103.237 E302.86504
G1 X114.027 Y104.071 E302.89979
G1 X113.634 Y105.038 E302.9345
G1 X113.502 Y106.075 E302.96927
G1 X113.648 Y107.102 E303.00377
G1 X114.054 Y108.065 E303.03853
G1 X114.693 Y108.884 E303.07308
G1 X115.528 Y109.514 E303.10787
G1 X116.494 Y109.91 E303.1426
G1 X117.5 Y110.034 E303.17631
G1 X117.53 Y110.038 E303.17732
G0 F9000 X117.534 Y110.442
;TYPE:WALL-OUTER
G1 F1500 X118.666 Y110.281 E303.21535
G1 X119.729 Y109.833 E303.25371
G1 X120.632 Y109.13 E303.29178
G1 X121.324 Y108.212 E303.33001
G1 X121.756 Y107.149 E303.36818
G1 X121.898 Y106.006 E303.40649
G1 X121.737 Y104.874 E303.44451
G1 X121.29 Y103.811 E303.48287
G1 X120.586 Y102.912 E303.52085
G1 X119.668 Y102.22 E303.55908
G1 X118.604 Y101.788 E303.59728
G1 X117.462 Y101.642 E303.63557
G1 X116.33 Y101.803 E303.6736
G1 X115.271 Y102.25 E303.71183
G1 X114.368 Y102.954 E303.74991
G1 X113.676 Y103.872 E303.78815
G1 X113.244 Y104.936 E303.82634
G1 X113.098 Y106.078 E303.86464
G1 X113.259 Y107.21 E303.90267
G1 X113.706 Y108.269 E303.9409
G1 X114.41 Y109.172 E303.97898
G1 X115.328 Y109.864 E304.01722
G1 X116.392 Y110.3 E304.05546
G1 X117.5 Y110.438 E304.0926
G1 X117.534 Y110.442 E304.09374
G0 F9000 X117.995 Y109.893
;TYPE:FILL
G1 F2385.2 X119.852 Y102.961 E304.33243
G0 F9000 X119.716 Y103.14
G0 X120.404 Y103.83
G0 X120.586 Y103.689
G1 F2385.2 X113.65 Y105.548 E304.57126
G0 F9000 X113.879 Y105.577
G0 X114.131 Y104.636
G0 X113.918 Y104.549
G1 F2385.2 X118.991 Y109.622 E304.80988
G0 F9000 X118.786 Y109.137
G1 F1500 E298.30988
;MESH:dubelUpper.stl(1)
G0 F9000 X117.532 Y110.211
G0 X117.665 Y112.958
G0 X117.487 Y117.799
G0 X117.5 Y118.106
;TYPE:WALL-INNER
G1 F1500 E304.80988
G1 X117.938 Y118.083 E304.82447
G1 X118.559 Y117.887 E304.84612
G1 X119.109 Y117.537 E304.86781
G1 X119.542 Y117.059 E304.88926
G1 X119.847 Y116.47 E304.91132
G1 X119.985 Y115.845 E304.93261
G1 X119.949 Y115.189 E304.95446
G1 X119.755 Y114.569 E304.97607
G1 X119.405 Y114.019 E304.99775
G1 X118.927 Y113.586 E305.0192
G1 X118.338 Y113.282 E305.04125
G1 X117.713 Y113.144 E305.06254
G1 X117.056 Y113.176 E305.08441
G1 X116.44 Y113.373 E305.10592
G1 X115.886 Y113.724 E305.12774
G1 X115.454 Y114.201 E305.14914
G1 X115.15 Y114.79 E305.17119
G1 X115.012 Y115.415 E305.19248
G1 X115.044 Y116.072 E305.21435
G1 X115.24 Y116.69 E305.23592
G1 X115.595 Y117.241 E305.25772
G1 X116.07 Y117.675 E305.27912
G1 X116.658 Y117.979 E305.30113
G1 X117.287 Y118.117 E305.32255
G1 X117.5 Y118.106 E305.32965
G0 F9000 X117.5 Y118.507
;TYPE:WALL-OUTER
G1 F1500 X118.011 Y118.481 E305.34666
G1 X118.73 Y118.253 E305.37175
G1 X119.369 Y117.845 E305.39697
G1 X119.874 Y117.289 E305.42195
G1 X120.226 Y116.607 E305.44748
G1 X120.387 Y115.879 E305.47227
G1 X120.348 Y115.117 E305.49765
G1 X120.121 Y114.398 E305.52273
G1 X119.713 Y113.759 E305.54795
G1 X119.157 Y113.254 E305.57293
G1 X118.475 Y112.902 E305.59845
G1 X117.747 Y112.742 E305.62324
G1 X116.984 Y112.779 E305.64865
G1 X116.27 Y113.007 E305.67358
G1 X115.626 Y113.415 E305.69894
G1 X115.122 Y113.971 E305.7239
G1 X114.77 Y114.653 E305.74942
G1 X114.61 Y115.381 E305.77422
G1 X114.647 Y116.144 E305.79962
G1 X114.875 Y116.862 E305.82468
G1 X115.287 Y117.501 E305.84997
G1 X115.84 Y118.006 E305.87487
G1 X116.521 Y118.358 E305.90037
G1 X117.253 Y118.519 E305.9253
G1 X117.5 Y118.507 E305.93352
G0 F9000 X117.791 Y118.01
;TYPE:FILL
G1 F2385.2 X115.112 Y115.331 E306.05954
G0 F9000 X115.287 Y114.698
G1 F2385.2 X118.952 Y113.716 E306.18573
G0 F9000 X119.415 Y114.184
G1 F2385.2 X118.434 Y117.844 E306.31176
G0 F9000 X118.274 Y117.34
G1 F1500 E299.81176
;MESH:dubelUpper.stl
G0 F9000 X117.276 Y118.289
G0 X117.327 Y119.381
G0 X117.401 Y121.061
G0 X117.451 Y122.134
G0 X117.487 Y126.964
G0 X117.5 Y127.272
;TYPE:WALL-INNER
G1 F1500 E306.31176
G1 F1503.8 X117.941 Y127.252 E306.32641
G1 F1500 X118.558 Y127.056 E306.34794
G1 X119.108 Y126.702 E306.3697
G1 X119.542 Y126.223 E306.39119
G1 X119.847 Y125.634 E306.41326
G1 X119.985 Y125.009 E306.43454
G1 X119.952 Y124.352 E306.45642
G1 X119.756 Y123.738 E306.47786
G1 X119.404 Y123.186 E306.49964
G1 X118.927 Y122.75 E306.52113
G1 X118.338 Y122.451 E306.5431
G1 X117.711 Y122.312 E306.56446
G1 X117.054 Y122.34 E306.58633
G1 X116.438 Y122.536 E306.60783
G1 X115.887 Y122.891 E306.62963
G1 X115.453 Y123.366 E306.65103
G1 X115.15 Y123.954 E306.67303
G1 X115.012 Y124.583 E306.69445
G1 X115.044 Y125.24 E306.71633
G1 X115.24 Y125.854 E306.73777
G1 X115.595 Y126.405 E306.75957
G1 X116.07 Y126.839 E306.78097
G1 X116.658 Y127.142 E306.80297
G1 X117.288 Y127.281 E306.82443
G1 F1503.8 X117.5 Y127.272 E306.83147
G0 F9000 X117.5 Y127.672
;TYPE:WALL-OUTER
G1 F1500 X118.012 Y127.649 E306.84851
G1 X118.73 Y127.421 E306.87357
G1 X119.369 Y127.01 E306.89884
G1 X119.874 Y126.453 E306.92384
G1 X120.226 Y125.771 E306.94937
G1 X120.387 Y125.043 E306.97417
G1 X120.349 Y124.28 E306.99958
G1 X120.121 Y123.566 E307.02451
G1 X119.713 Y122.926 E307.04975
G1 X119.157 Y122.418 E307.0748
G1 X118.475 Y122.071 E307.10025
G1 X117.746 Y121.91 E307.12508
G1 X116.984 Y121.943 E307.15045
G1 X116.266 Y122.171 E307.17551
G1 X115.627 Y122.583 E307.20079
G1 X115.122 Y123.136 E307.2257
G1 X114.77 Y123.817 E307.2512
G1 X114.61 Y124.549 E307.27612
G1 X114.647 Y125.312 E307.30153
G1 X114.875 Y126.026 E307.32646
G1 X115.287 Y126.665 E307.35174
G1 X115.84 Y127.17 E307.37665
G1 X116.521 Y127.522 E307.40215
G1 X117.254 Y127.683 E307.42711
G1 X117.5 Y127.672 E307.4353
G0 F9000 X117.796 Y127.177
;TYPE:FILL
G1 F2385.2 X115.113 Y124.495 E307.56148
G0 F9000 X115.288 Y123.862
G1 F2385.2 X118.952 Y122.88 E307.68764
G0 F9000 X119.414 Y123.351
G1 F2385.2 X118.433 Y127.012 E307.8137
G0 F9000 X118.273 Y126.507
G1 F1500 E301.3137
;MESH:NONMESH
G0 F300 X118.273 Y126.507 Z6.6
G0 F9000 X117.724 Y122.14
G0 X117.673 Y121.048
G0 X120.595 Y117.784
G0 X121.046 Y116.91
G0 X121.256 Y115.948
G0 X122.769 Y106.005
G0 X122.58 Y104.642
G0 X122.045 Y103.375
G0 X121.199 Y102.29
G0 X120.31 Y101.619
G0 X117.562 Y99.921
G0 X117.411 Y98.839
G0 X117.408 Y98.356
G0 X117.41 Y98.666
;TIME_ELAPSED:600.292084
;LAYER:32
;note -- min layer time used
;TYPE:WALL-INNER
;MESH:dubelHinge.stl(1)
G1 F1500 E307.8137
G1 X118.438 Y98.521 E307.84823
G1 X119.401 Y98.114 E307.88301
G1 X120.22 Y97.475 E307.91756
G1 X120.849 Y96.641 E307.9523
G1 X121.242 Y95.674 E307.98702
G1 X121.374 Y94.637 E308.02179
G1 X121.228 Y93.61 E308.05629
G1 X120.822 Y92.647 E308.09105
G1 X120.183 Y91.828 E308.1256
G1 X119.348 Y91.2 E308.16035
G1 X118.382 Y90.806 E308.19505
G1 X117.345 Y90.674 E308.22982
G1 X116.318 Y90.82 E308.26432
G1 X115.351 Y91.226 E308.2992
G1 X114.536 Y91.865 E308.33365
G1 X113.906 Y92.7 E308.36844
G1 X113.51 Y93.666 E308.40316
G1 X113.382 Y94.702 E308.43788
G1 X113.528 Y95.73 E308.47241
G1 X113.935 Y96.697 E308.50731
G1 X114.573 Y97.516 E308.54184
G1 X115.407 Y98.145 E308.57658
G1 X116.373 Y98.538 E308.61127
G1 X117.382 Y98.663 E308.64509
G1 X117.41 Y98.666 E308.64602
G0 F9000 X117.414 Y99.07
;TYPE:WALL-OUTER
G1 F1500 X118.546 Y98.909 E308.68405
G1 X119.605 Y98.462 E308.72228
G1 X120.508 Y97.758 E308.76037
G1 X121.2 Y96.84 E308.7986
G1 X121.632 Y95.776 E308.8368
G1 X121.778 Y94.634 E308.87509
G1 X121.617 Y93.502 E308.91312
G1 X121.17 Y92.443 E308.95135
G1 X120.466 Y91.54 E308.98943
G1 X119.548 Y90.848 E309.02767
G1 X118.484 Y90.416 E309.06586
G1 X117.342 Y90.27 E309.10416
G1 X116.21 Y90.431 E309.14218
G1 X115.147 Y90.878 E309.18054
G1 X114.248 Y91.582 E309.21852
G1 X113.556 Y92.5 E309.25675
G1 X113.12 Y93.564 E309.295
G1 X112.978 Y94.706 E309.33327
G1 X113.139 Y95.838 E309.3713
G1 X113.587 Y96.901 E309.40967
G1 X114.29 Y97.804 E309.44773
G1 X115.208 Y98.496 E309.48597
G1 X116.271 Y98.928 E309.52413
G1 X117.383 Y99.066 E309.5614
G1 X117.414 Y99.07 E309.56244
G0 F9000 X117.723 Y98.542
;TYPE:FILL
G1 F2444.6 X119.61 Y91.498 E309.80499
G0 F9000 X119.474 Y91.677
G0 X120.378 Y92.58
G0 X120.559 Y92.439
G1 F2444.6 X113.51 Y94.328 E310.04771
G0 F9000 X113.739 Y94.357
G0 X114.067 Y93.122
G0 X113.855 Y93.035
G1 F2444.6 X119.011 Y98.191 E310.29023
G0 F9000 X118.808 Y97.706
G1 F1500 E303.79023
;MESH:dubelHinge.stl
G0 F9000 X117.411 Y98.839
G0 X117.562 Y99.921
G0 X117.601 Y100.791
G0 X117.468 Y101.877
G0 X117.529 Y109.728
G0 X117.53 Y110.038
;TYPE:WALL-INNER
G1 F1500 E310.29023
G1 X118.558 Y109.892 E310.32477
G1 X119.525 Y109.485 E310.35966
G1 X120.344 Y108.847 E310.39419
G1 X120.973 Y108.013 E310.42893
G1 X121.366 Y107.047 E310.46362
G1 X121.494 Y106.01 E310.49837
G1 X121.348 Y104.982 E310.53291
G1 X120.942 Y104.015 E310.56779
G1 X120.303 Y103.2 E310.60224
G1 X119.469 Y102.571 E310.63698
G1 X118.502 Y102.178 E310.6717
G1 X117.465 Y102.046 E310.70647
G1 X116.438 Y102.192 E310.74097
G1 X115.475 Y102.598 E310.77573
G1 X114.656 Y103.237 E310.81028
G1 X114.027 Y104.071 E310.84502
G1 X113.634 Y105.038 E310.87974
G1 X113.502 Y106.075 E310.91451
G1 X113.648 Y107.102 E310.94901
G1 X114.054 Y108.065 E310.98377
G1 X114.693 Y108.884 E311.01832
G1 X115.528 Y109.514 E311.05311
G1 X116.494 Y109.91 E311.08783
G1 X117.5 Y110.034 E311.12155
G1 X117.53 Y110.038 E311.12255
G0 F9000 X117.534 Y110.442
;TYPE:WALL-OUTER
G1 F1500 X118.666 Y110.281 E311.16058
G1 X119.729 Y109.833 E311.19895
G1 X120.632 Y109.13 E311.23701
G1 X121.324 Y108.212 E311.27525
G1 X121.756 Y107.149 E311.31341
G1 X121.898 Y106.006 E311.35172
G1 X121.737 Y104.874 E311.38975
G1 X121.29 Y103.811 E311.4281
G1 X120.586 Y102.912 E311.46608
G1 X119.668 Y102.22 E311.50432
G1 X118.604 Y101.788 E311.54251
G1 X117.462 Y101.642 E311.5808
G1 X116.33 Y101.803 E311.61883
G1 X115.271 Y102.25 E311.65707
G1 X114.368 Y102.954 E311.69515
G1 X113.676 Y103.872 E311.73338
G1 X113.244 Y104.936 E311.77158
G1 X113.098 Y106.078 E311.80987
G1 X113.259 Y107.21 E311.8479
G1 X113.706 Y108.269 E311.88613
G1 X114.41 Y109.172 E311.92421
G1 X115.328 Y109.864 E311.96245
G1 X116.392 Y110.3 E312.0007
G1 X117.5 Y110.438 E312.03783
G1 X117.534 Y110.442 E312.03897
G0 F9000 X117.843 Y109.914
;TYPE:FILL
G1 F2444.6 X119.731 Y102.87 E312.28152
G0 F9000 X119.595 Y103.049
G0 X120.499 Y103.951
G0 X120.68 Y103.81
G1 F2444.6 X113.632 Y105.699 E312.52422
G0 F9000 X113.86 Y105.728
G0 X114.188 Y104.493
G0 X113.976 Y104.407
G1 F2444.6 X119.132 Y109.563 E312.76674
G0 F9000 X118.927 Y109.077
G1 F1500 E306.26674
;MESH:dubelUpper.stl(1)
G0 F9000 X117.532 Y110.211
G0 X117.665 Y112.958
G0 X117.487 Y117.799
G0 X117.5 Y118.106
;TYPE:WALL-INNER
G1 F1500 E312.76674
G1 X117.938 Y118.083 E312.78133
G1 X118.559 Y117.887 E312.80299
G1 X119.109 Y117.537 E312.82467
G1 X119.542 Y117.059 E312.84612
G1 X119.847 Y116.47 E312.86818
G1 X119.985 Y115.845 E312.88947
G1 X119.949 Y115.189 E312.91132
G1 X119.755 Y114.569 E312.93293
G1 X119.405 Y114.019 E312.95461
G1 X118.927 Y113.586 E312.97606
G1 X118.338 Y113.282 E312.99811
G1 X117.713 Y113.144 E313.0194
G1 X117.056 Y113.176 E313.04127
G1 X116.44 Y113.373 E313.06278
G1 X115.886 Y113.724 E313.0846
G1 X115.454 Y114.201 E313.106
G1 X115.15 Y114.79 E313.12805
G1 X115.012 Y115.415 E313.14934
G1 X115.044 Y116.072 E313.17121
G1 X115.24 Y116.69 E313.19278
G1 X115.595 Y117.241 E313.21458
G1 X116.07 Y117.675 E313.23598
G1 X116.658 Y117.979 E313.25799
G1 X117.287 Y118.117 E313.27941
G1 X117.5 Y118.106 E313.28651
G0 F9000 X117.5 Y118.507
;TYPE:WALL-OUTER
G1 F1500 X118.011 Y118.481 E313.30352
G1 X118.73 Y118.253 E313.32861
G1 X119.369 Y117.845 E313.35383
G1 X119.874 Y117.289 E313.37881
G1 X120.226 Y116.607 E313.40434
G1 X120.387 Y115.879 E313.42913
G1 X120.348 Y115.117 E313.45451
G1 X120.121 Y114.398 E313.47959
G1 X119.713 Y113.759 E313.50481
G1 X119.157 Y113.254 E313.52979
G1 X118.475 Y112.902 E313.55531
G1 X117.747 Y112.742 E313.58011
G1 X116.984 Y112.779 E313.60551
G1 X116.27 Y113.007 E313.63044
G1 X115.626 Y113.415 E313.6558
G1 X115.122 Y113.971 E313.68076
G1 X114.77 Y114.653 E313.70628
G1 X114.61 Y115.381 E313.73108
G1 X114.647 Y116.144 E313.75648
G1 X114.875 Y116.862 E313.78154
G1 X115.287 Y117.501 E313.80683
G1 X115.84 Y118.006 E313.83173
G1 X116.521 Y118.358 E313.85723
G1 X117.253 Y118.519 E313.88216
G1 X117.5 Y118.507 E313.89038
G0 F9000 X117.969 Y117.989
;TYPE:FILL
G1 F2444.6 X115.148 Y115.168 E314.02308
G0 F9000 X115.216 Y114.863
G1 F2444.6 X119.076 Y113.828 E314.156
G0 F9000 X119.308 Y114.039
G1 F2444.6 X118.275 Y117.893 E314.2887
G0 F9000 X118.117 Y117.39
G1 F1500 E307.7887
;MESH:dubelUpper.stl
G0 F9000 X117.276 Y118.289
G0 X117.327 Y119.381
G0 X117.401 Y121.061
G0 X117.451 Y122.134
G0 X117.487 Y126.964
G0 X117.5 Y127.272
;TYPE:WALL-INNER
G1 F1500 E314.2887
G1 F1503.8 X117.941 Y127.252 E314.30335
G1 F1500 X118.558 Y127.056 E314.32488
G1 X119.108 Y126.702 E314.34664
G1 X119.542 Y126.223 E314.36814
G1 X119.847 Y125.634 E314.3902
G1 X119.985 Y125.009 E314.41148
G1 X119.952 Y124.352 E314.43336
G1 X119.756 Y123.738 E314.4548
G1 X119.404 Y123.186 E314.47658
G1 X118.927 Y122.75 E314.49807
G1 X118.338 Y122.451 E314.52004
G1 X117.711 Y122.312 E314.5414
G1 X117.054 Y122.34 E314.56327
G1 X116.438 Y122.536 E314.58477
G1 X115.887 Y122.891 E314.60657
G1 X115.453 Y123.366 E314.62797
G1 X115.15 Y123.954 E314.64997
G1 X115.012 Y124.583 E314.67139
G1 X115.044 Y125.24 E314.69327
G1 X115.24 Y125.854 E314.71471
G1 X115.595 Y126.405 E314.73651
G1 X116.07 Y126.839 E314.75791
G1 X116.658 Y127.142 E314.77991
G1 X117.288 Y127.281 E314.80137
G1 F1503.8 X117.5 Y127.272 E314.80841
G0 F9000 X117.5 Y127.672
;TYPE:WALL-OUTER
G1 F1500 X118.012 Y127.649 E314.82545
G1 X118.73 Y127.421 E314.85051
G1 X119.369 Y127.01 E314.87578
G1 X119.874 Y126.453 E314.90078
G1 X120.226 Y125.771 E314.92631
G1 X120.387 Y125.043 E314.95111
G1 X120.349 Y124.28 E314.97652
G1 X120.121 Y123.566 E315.00145
G1 X119.713 Y122.926 E315.02669
G1 X119.157 Y122.418 E315.05174
G1 X118.475 Y122.071 E315.07719
G1 X117.746 Y121.91 E315.10202
G1 X116.984 Y121.943 E315.12739
G1 X116.266 Y122.171 E315.15245
G1 X115.627 Y122.583 E315.17773
G1 X115.122 Y123.136 E315.20264
G1 X114.77 Y123.817 E315.22814
G1 X114.61 Y124.549 E315.25306
G1 X114.647 Y125.312 E315.27847
G1 X114.875 Y126.026 E315.3034
G1 X115.287 Y126.665 E315.32869
G1 X115.84 Y127.17 E315.35359
G1 X116.521 Y127.522 E315.37909
G1 X117.254 Y127.683 E315.40405
G1 X117.5 Y127.672 E315.41224
G0 F9000 X117.974 Y127.156
;TYPE:FILL
G1 F2444.6 X115.149 Y124.331 E315.54512
G0 F9000 X115.216 Y124.027
G1 F2444.6 X119.075 Y122.993 E315.678
G0 F9000 X119.307 Y123.206
G1 F2444.6 X118.274 Y127.062 E315.81077
G0 F9000 X118.114 Y126.557
G1 F1500 E309.31077
;MESH:NONMESH
G0 F300 X118.114 Y126.557 Z6.8
G0 F9000 X117.724 Y122.14
G0 X117.673 Y121.048
G0 X120.595 Y117.784
G0 X121.046 Y116.91
G0 X121.256 Y115.948
G0 X122.769 Y106.005
G0 X122.58 Y104.642
G0 X122.045 Y103.375
G0 X121.199 Y102.29
G0 X120.31 Y101.619
G0 X117.562 Y99.921
G0 X117.411 Y98.839
G0 X117.408 Y98.356
G0 X117.41 Y98.666
;TIME_ELAPSED:615.249373
;LAYER:33
;note -- min layer time used
;TYPE:WALL-INNER
;MESH:dubelHinge.stl(1)
G1 F1500 E315.81077
G1 X118.438 Y98.521 E315.8453
G1 X119.401 Y98.114 E315.88007
G1 X120.22 Y97.475 E315.91463
G1 X120.849 Y96.641 E315.94937
G1 X121.242 Y95.674 E315.98409
G1 X121.374 Y94.637 E316.01886
G1 X121.228 Y93.61 E316.05336
G1 X120.822 Y92.647 E316.08812
G1 X120.183 Y91.828 E316.12267
G1 X119.348 Y91.2 E316.15742
G1 X118.382 Y90.806 E316.19212
G1 X117.345 Y90.674 E316.22688
G1 X116.318 Y90.82 E316.26139
G1 X115.351 Y91.226 E316.29627
G1 X114.536 Y91.865 E316.33071
G1 X113.906 Y92.7 E316.3655
G1 X113.51 Y93.666 E316.40023
G1 X113.382 Y94.702 E316.43495
G1 X113.528 Y95.73 E316.46948
G1 X113.935 Y96.697 E316.50438
G1 X114.573 Y97.516 E316.53891
G1 X115.407 Y98.145 E316.57365
G1 X116.373 Y98.538 E316.60834
G1 X117.382 Y98.663 E316.64215
G1 X117.41 Y98.666 E316.64309
G0 F9000 X117.414 Y99.07
;TYPE:WALL-OUTER
G1 F1500 X118.546 Y98.909 E316.68112
G1 X119.605 Y98.462 E316.71935
G1 X120.508 Y97.758 E316.75743
G1 X121.2 Y96.84 E316.79567
G1 X121.632 Y95.776 E316.83386
G1 X121.778 Y94.634 E316.87216
G1 X121.617 Y93.502 E316.91019
G1 X121.17 Y92.443 E316.94842
G1 X120.466 Y91.54 E316.9865
G1 X119.548 Y90.848 E317.02474
G1 X118.484 Y90.416 E317.06293
G1 X117.342 Y90.27 E317.10122
G1 X116.21 Y90.431 E317.13925
G1 X115.147 Y90.878 E317.17761
G1 X114.248 Y91.582 E317.21559
G1 X113.556 Y92.5 E317.25382
G1 X113.12 Y93.564 E317.29207
G1 X112.978 Y94.706 E317.33034
G1 X113.139 Y95.838 E317.36837
G1 X113.587 Y96.901 E317.40674
G1 X114.29 Y97.804 E317.4448
G1 X115.208 Y98.496 E317.48304
G1 X116.271 Y98.928 E317.5212
G1 X117.383 Y99.066 E317.55847
G1 X117.414 Y99.07 E317.55951
G0 F9000 X117.57 Y98.564
;TYPE:FILL
G1 F2499 X119.488 Y91.406 E317.80598
G0 F9000 X119.352 Y91.585
G0 X120.472 Y92.701
G0 X120.654 Y92.56
G1 F2499 X113.49 Y94.48 E318.05267
G0 F9000 X113.72 Y94.509
G0 X114.125 Y92.979
G0 X113.913 Y92.892
G1 F2499 X119.152 Y98.132 E318.29912
G0 F9000 X118.949 Y97.647
G1 F1500 E311.79912
;MESH:dubelHinge.stl
G0 F9000 X117.411 Y98.839
G0 X117.562 Y99.921
G0 X117.601 Y100.791
G0 X117.468 Y101.877
G0 X117.529 Y109.728
G0 X117.53 Y110.038
;TYPE:WALL-INNER
G1 F1500 E318.29912
G1 X118.558 Y109.892 E318.33365
G1 X119.525 Y109.485 E318.36855
G1 X120.344 Y108.847 E318.40308
G1 X120.973 Y108.013 E318.43782
G1 X121.366 Y107.047 E318.47251
G1 X121.494 Y106.01 E318.50726
G1 X121.348 Y104.982 E318.54179
G1 X120.942 Y104.015 E318.57668
G1 X120.303 Y103.2 E318.61112
G1 X119.469 Y102.571 E318.64587
G1 X118.502 Y102.178 E318.68058
G1 X117.465 Y102.046 E318.71535
G1 X116.438 Y102.192 E318.74985
G1 X115.475 Y102.598 E318.78461
G1 X114.656 Y103.237 E318.81916
G1 X114.027 Y104.071 E318.85391
G1 X113.634 Y105.038 E318.88862
G1 X113.502 Y106.075 E318.92339
G1 X113.648 Y107.102 E318.9579
G1 X114.054 Y108.065 E318.99266
G1 X114.693 Y108.884 E319.02721
G1 X115.528 Y109.514 E319.062
G1 X116.494 Y109.91 E319.09672
G1 X117.5 Y110.034 E319.13043
G1 X117.53 Y110.038 E319.13144
G0 F9000 X117.534 Y110.442
;TYPE:WALL-OUTER
G1 F1500 X118.666 Y110.281 E319.16947
G1 X119.729 Y109.833 E319.20784
G1 X120.632 Y109.13 E319.2459
G1 X121.324 Y108.212 E319.28413
G1 X121.756 Y107.149 E319.3223
G1 X121.898 Y106.006 E319.36061
G1 X121.737 Y104.874 E319.39864
G1 X121.29 Y103.811 E319.43699
G1 X120.586 Y102.912 E319.47497
G1 X119.668 Y102.22 E319.5132
G1 X118.604 Y101.788 E319.5514
G1 X117.462 Y101.642 E319.58969
G1 X116.33 Y101.803 E319.62772
G1 X115.271 Y102.25 E319.66595
G1 X114.368 Y102.954 E319.70403
G1 X113.676 Y103.872 E319.74227
G1 X113.244 Y104.936 E319.78047
G1 X113.098 Y106.078 E319.81876
G1 X113.259 Y107.21 E319.85679
G1 X113.706 Y108.269 E319.89502
G1 X114.41 Y109.172 E319.9331
G1 X115.328 Y109.864 E319.97134
G1 X116.392 Y110.3 E320.00958
G1 X117.5 Y110.438 E320.04672
G1 X117.534 Y110.442 E320.04786
G0 F9000 X117.691 Y109.937
;TYPE:FILL
G1 F2499 X119.609 Y102.777 E320.2944
G0 F9000 X119.472 Y102.956
G0 X120.593 Y104.073
G0 X120.776 Y103.931
G1 F2499 X113.612 Y105.851 E320.54108
G0 F9000 X113.841 Y105.88
G0 X114.246 Y104.35
G0 X114.034 Y104.264
G1 F2499 X119.273 Y109.503 E320.78751
G0 F9000 X119.068 Y109.017
G1 F1500 E314.28751
;MESH:dubelUpper.stl(1)
G0 F9000 X117.532 Y110.211
G0 X117.665 Y112.958
G0 X117.487 Y117.799
G0 X117.5 Y118.106
;TYPE:WALL-INNER
G1 F1500 E320.78751
G1 X117.938 Y118.083 E320.8021
G1 X118.559 Y117.887 E320.82375
G1 X119.109 Y117.537 E320.84544
G1 X119.542 Y117.059 E320.86689
G1 X119.847 Y116.47 E320.88895
G1 X119.985 Y115.845 E320.91024
G1 X119.949 Y115.189 E320.93209
G1 X119.755 Y114.569 E320.9537
G1 X119.405 Y114.019 E320.97538
G1 X118.927 Y113.586 E320.99683
G1 X118.338 Y113.282 E321.01888
G1 X117.713 Y113.144 E321.04016
G1 X117.056 Y113.176 E321.06204
G1 X116.44 Y113.373 E321.08355
G1 X115.886 Y113.724 E321.10537
G1 X115.454 Y114.201 E321.12677
G1 X115.15 Y114.79 E321.14882
G1 X115.012 Y115.415 E321.1701
G1 X115.044 Y116.072 E321.19198
G1 X115.24 Y116.69 E321.21355
G1 X115.595 Y117.241 E321.23535
G1 X116.07 Y117.675 E321.25675
G1 X116.658 Y117.979 E321.27876
G1 X117.287 Y118.117 E321.30018
G1 X117.5 Y118.106 E321.30728
G0 F9000 X117.5 Y118.507
;TYPE:WALL-OUTER
G1 F1500 X118.011 Y118.481 E321.32429
G1 X118.73 Y118.253 E321.34938
G1 X119.369 Y117.845 E321.3746
G1 X119.874 Y117.289 E321.39958
G1 X120.226 Y116.607 E321.42511
G1 X120.387 Y115.879 E321.4499
G1 X120.348 Y115.117 E321.47528
G1 X120.121 Y114.398 E321.50036
G1 X119.713 Y113.759 E321.52557
G1 X119.157 Y113.254 E321.55056
G1 X118.475 Y112.902 E321.57608
G1 X117.747 Y112.742 E321.60087
G1 X116.984 Y112.779 E321.62628
G1 X116.27 Y113.007 E321.65121
G1 X115.626 Y113.415 E321.67657
G1 X115.122 Y113.971 E321.70153
G1 X114.77 Y114.653 E321.72705
G1 X114.61 Y115.381 E321.75184
G1 X114.647 Y116.144 E321.77725
G1 X114.875 Y116.862 E321.80231
G1 X115.287 Y117.501 E321.8276
G1 X115.84 Y118.006 E321.8525
G1 X116.521 Y118.358 E321.878
G1 X117.253 Y118.519 E321.90293
G1 X117.5 Y118.507 E321.91115
G0 F9000 X118.115 Y117.943
;TYPE:FILL
G1 F2499 X119.19 Y113.932 E322.04927
G1 X119.202 Y113.942
G1 X115.181 Y115.019 E322.18772
G1 X115.184 Y115.003
G1 X118.121 Y117.94 E322.32587
G0 F9000 X117.964 Y117.439
G1 F1500 E315.82587
;MESH:dubelUpper.stl
G0 F9000 X117.276 Y118.289
G0 X117.327 Y119.381
G0 X117.401 Y121.061
G0 X117.451 Y122.134
G0 X117.487 Y126.964
G0 X117.5 Y127.272
;TYPE:WALL-INNER
G1 F1500 E322.32587
G1 F1503.8 X117.941 Y127.252 E322.34052
G1 F1500 X118.558 Y127.056 E322.36205
G1 X119.108 Y126.702 E322.3838
G1 X119.542 Y126.223 E322.4053
G1 X119.847 Y125.634 E322.42736
G1 X119.985 Y125.009 E322.44865
G1 X119.952 Y124.352 E322.47053
G1 X119.756 Y123.738 E322.49197
G1 X119.404 Y123.186 E322.51374
G1 X118.927 Y122.75 E322.53523
G1 X118.338 Y122.451 E322.5572
G1 X117.711 Y122.312 E322.57857
G1 X117.054 Y122.34 E322.60044
G1 X116.438 Y122.536 E322.62194
G1 X115.887 Y122.891 E322.64374
G1 X115.453 Y123.366 E322.66514
G1 X115.15 Y123.954 E322.68714
G1 X115.012 Y124.583 E322.70856
G1 X115.044 Y125.24 E322.73043
G1 X115.24 Y125.854 E322.75187
G1 X115.595 Y126.405 E322.77367
G1 X116.07 Y126.839 E322.79507
G1 X116.658 Y127.142 E322.81707
G1 X117.288 Y127.281 E322.83853
G1 F1503.8 X117.5 Y127.272 E322.84557
G0 F9000 X117.5 Y127.672
;TYPE:WALL-OUTER
G1 F1500 X118.012 Y127.649 E322.86262
G1 X118.73 Y127.421 E322.88767
G1 X119.369 Y127.01 E322.91294
G1 X119.874 Y126.453 E322.93795
G1 X120.226 Y125.771 E322.96348
G1 X120.387 Y125.043 E322.98827
G1 X120.349 Y124.28 E323.01368
G1 X120.121 Y123.566 E323.03861
G1 X119.713 Y122.926 E323.06386
G1 X119.157 Y122.418 E323.08891
G1 X118.475 Y122.071 E323.11436
G1 X117.746 Y121.91 E323.13919
G1 X116.984 Y121.943 E323.16456
G1 X116.266 Y122.171 E323.18961
G1 X115.627 Y122.583 E323.2149
G1 X115.122 Y123.136 E323.23981
G1 X114.77 Y123.817 E323.2653
G1 X114.61 Y124.549 E323.29023
G1 X114.647 Y125.312 E323.31563
G1 X114.875 Y126.026 E323.34056
G1 X115.287 Y126.665 E323.36585
G1 X115.84 Y127.17 E323.39076
G1 X116.521 Y127.522 E323.41626
G1 X117.254 Y127.683 E323.44122
G1 X117.5 Y127.672 E323.44941
G0 F9000 X118.113 Y127.113
;TYPE:FILL
G1 F2499 X119.189 Y123.098 E323.58766
G1 X119.2 Y123.107
G1 X115.182 Y124.183 E323.72601
G1 X115.185 Y124.167
G1 X118.126 Y127.108 E323.86434
G0 F9000 X117.967 Y126.604
G1 F1500 E317.36434
;MESH:NONMESH
G0 F300 X117.967 Y126.604 Z7
G0 F9000 X117.724 Y122.14
G0 X117.673 Y121.048
G0 X120.595 Y117.784
G0 X121.046 Y116.91
G0 X121.256 Y115.948
G0 X122.769 Y106.005
G0 X122.58 Y104.642
G0 X122.045 Y103.375
G0 X121.199 Y102.29
G0 X120.31 Y101.619
G0 X117.562 Y99.921
G0 X117.411 Y98.839
G0 X117.408 Y98.356
G0 X117.41 Y98.666
;TIME_ELAPSED:630.176807
;LAYER:34
;note -- min layer time used
;TYPE:WALL-INNER
;MESH:dubelHinge.stl(1)
G1 F1500 E323.86434
G1 X118.438 Y98.521 E323.89887
G1 X119.401 Y98.114 E323.93364
G1 X120.22 Y97.475 E323.96819
G1 X120.849 Y96.641 E324.00294
G1 X121.242 Y95.674 E324.03766
G1 X121.374 Y94.637 E324.07242
G1 X121.228 Y93.61 E324.10693
G1 X120.822 Y92.647 E324.14169
G1 X120.183 Y91.828 E324.17624
G1 X119.348 Y91.2 E324.21099
G1 X118.382 Y90.806 E324.24569
G1 X117.345 Y90.674 E324.28045
G1 X116.318 Y90.82 E324.31496
G1 X115.351 Y91.226 E324.34984
G1 X114.536 Y91.865 E324.38428
G1 X113.906 Y92.7 E324.41907
G1 X113.51 Y93.666 E324.4538
G1 X113.382 Y94.702 E324.48852
G1 X113.528 Y95.73 E324.52305
G1 X113.935 Y96.697 E324.55795
G1 X114.573 Y97.516 E324.59248
G1 X115.407 Y98.145 E324.62722
G1 X116.373 Y98.538 E324.66191
G1 X117.382 Y98.663 E324.69572
G1 X117.41 Y98.666 E324.69666
G0 F9000 X117.414 Y99.07
;TYPE:WALL-OUTER
G1 F1500 X118.546 Y98.909 E324.73469
G1 X119.605 Y98.462 E324.77292
G1 X120.508 Y97.758 E324.811
G1 X121.2 Y96.84 E324.84924
G1 X121.632 Y95.776 E324.88743
G1 X121.778 Y94.634 E324.92573
G1 X121.617 Y93.502 E324.96376
G1 X121.17 Y92.443 E325.00199
G1 X120.466 Y91.54 E325.04007
G1 X119.548 Y90.848 E325.07831
G1 X118.484 Y90.416 E325.1165
G1 X117.342 Y90.27 E325.15479
G1 X116.21 Y90.431 E325.19282
G1 X115.147 Y90.878 E325.23118
G1 X114.248 Y91.582 E325.26915
G1 X113.556 Y92.5 E325.30739
G1 X113.12 Y93.564 E325.34564
G1 X112.978 Y94.706 E325.38391
G1 X113.139 Y95.838 E325.42194
G1 X113.587 Y96.901 E325.46031
G1 X114.29 Y97.804 E325.49837
G1 X115.208 Y98.496 E325.53661
G1 X116.271 Y98.928 E325.57477
G1 X117.383 Y99.066 E325.61204
G1 X117.414 Y99.07 E325.61308
G0 F9000 X117.418 Y98.585
;TYPE:FILL
G1 F2564.7 X119.366 Y91.316 E325.86338
G0 F9000 X119.231 Y91.493
G0 X120.556 Y92.808
G0 X120.747 Y92.681
G1 F2564.7 X113.472 Y94.631 E326.11389
G0 F9000 X113.701 Y94.66
G0 X114.175 Y92.854
G0 X113.971 Y92.75
G1 F2564.7 X119.292 Y98.072 E326.36419
G0 F9000 X119.089 Y97.587
G1 F1500 E319.86419
;MESH:dubelHinge.stl
G0 F9000 X117.411 Y98.839
G0 X117.562 Y99.921
G0 X117.601 Y100.791
G0 X117.468 Y101.877
G0 X117.529 Y109.728
G0 X117.53 Y110.038
;TYPE:WALL-INNER
G1 F1500 E326.36419
G1 X118.558 Y109.892 E326.39873
G1 X119.525 Y109.485 E326.43362
G1 X120.344 Y108.847 E326.46815
G1 X120.973 Y108.013 E326.5029
G1 X121.366 Y107.047 E326.53758
G1 X121.494 Y106.01 E326.57233
G1 X121.348 Y104.982 E326.60687
G1 X120.942 Y104.015 E326.64175
G1 X120.303 Y103.2 E326.6762
G1 X119.469 Y102.571 E326.71094
G1 X118.502 Y102.178 E326.74566
G1 X117.465 Y102.046 E326.78043
G1 X116.438 Y102.192 E326.81493
G1 X115.475 Y102.598 E326.84969
G1 X114.656 Y103.237 E326.88424
G1 X114.027 Y104.071 E326.91898
G1 X113.634 Y105.038 E326.9537
G1 X113.502 Y106.075 E326.98847
G1 X113.648 Y107.102 E327.02297
G1 X114.054 Y108.065 E327.05773
G1 X114.693 Y108.884 E327.09228
G1 X115.528 Y109.514 E327.12707
G1 X116.494 Y109.91 E327.16179
G1 X117.5 Y110.034 E327.19551
G1 X117.53 Y110.038 E327.19651
G0 F9000 X117.534 Y110.442
;TYPE:WALL-OUTER
G1 F1500 X118.666 Y110.281 E327.23454
G1 X119.729 Y109.833 E327.27291
G1 X120.632 Y109.13 E327.31097
G1 X121.324 Y108.212 E327.34921
G1 X121.756 Y107.149 E327.38737
G1 X121.898 Y106.006 E327.42568
G1 X121.737 Y104.874 E327.46371
G1 X121.29 Y103.811 E327.50206
G1 X120.586 Y102.912 E327.54004
G1 X119.668 Y102.22 E327.57828
G1 X118.604 Y101.788 E327.61647
G1 X117.462 Y101.642 E327.65477
G1 X116.33 Y101.803 E327.6928
G1 X115.271 Y102.25 E327.73103
G1 X114.368 Y102.954 E327.76911
G1 X113.676 Y103.872 E327.80735
G1 X113.244 Y104.936 E327.84554
G1 X113.098 Y106.078 E327.88383
G1 X113.259 Y107.21 E327.92186
G1 X113.706 Y108.269 E327.96009
G1 X114.41 Y109.172 E327.99818
G1 X115.328 Y109.864 E328.03641
G1 X116.392 Y110.3 E328.07466
G1 X117.5 Y110.438 E328.11179
G1 X117.534 Y110.442 E328.11293
G0 F9000 X117.539 Y109.958
;TYPE:FILL
G1 F2564.7 X119.487 Y102.687 E328.3633
G0 F9000 X119.351 Y102.865
G0 X120.677 Y104.179
G0 X120.87 Y104.052
G1 F2564.7 X113.593 Y106.002 E328.61387
G0 F9000 X113.822 Y106.031
G0 X114.297 Y104.223
G0 X114.092 Y104.123
G1 F2564.7 X119.413 Y109.445 E328.86418
G0 F9000 X119.208 Y108.958
G1 F1500 E322.36418
;MESH:dubelUpper.stl(1)
G0 F9000 X117.532 Y110.211
G0 X117.665 Y112.958
G0 X117.487 Y117.799
G0 X117.5 Y118.106
;TYPE:WALL-INNER
G1 F1500 E328.86418
G1 X117.938 Y118.083 E328.87876
G1 X118.559 Y117.887 E328.90042
G1 X119.109 Y117.537 E328.92211
G1 X119.542 Y117.059 E328.94356
G1 X119.847 Y116.47 E328.96562
G1 X119.985 Y115.845 E328.98691
G1 X119.949 Y115.189 E329.00876
G1 X119.755 Y114.569 E329.03036
G1 X119.405 Y114.019 E329.05205
G1 X118.927 Y113.586 E329.0735
G1 X118.338 Y113.282 E329.09555
G1 X117.713 Y113.144 E329.11683
G1 X117.056 Y113.176 E329.13871
G1 X116.44 Y113.373 E329.16022
G1 X115.886 Y113.724 E329.18203
G1 X115.454 Y114.201 E329.20344
G1 X115.15 Y114.79 E329.22548
G1 X115.012 Y115.415 E329.24677
G1 X115.044 Y116.072 E329.26865
G1 X115.24 Y116.69 E329.29021
G1 X115.595 Y117.241 E329.31202
G1 X116.07 Y117.675 E329.33342
G1 X116.658 Y117.979 E329.35543
G1 X117.287 Y118.117 E329.37685
G1 X117.5 Y118.106 E329.38394
G0 F9000 X117.5 Y118.507
;TYPE:WALL-OUTER
G1 F1500 X118.011 Y118.481 E329.40096
G1 X118.73 Y118.253 E329.42605
G1 X119.369 Y117.845 E329.45127
G1 X119.874 Y117.289 E329.47625
G1 X120.226 Y116.607 E329.50177
G1 X120.387 Y115.879 E329.52657
G1 X120.348 Y115.117 E329.55195
G1 X120.121 Y114.398 E329.57703
G1 X119.713 Y113.759 E329.60224
G1 X119.157 Y113.254 E329.62722
G1 X118.475 Y112.902 E329.65275
G1 X117.747 Y112.742 E329.67754
G1 X116.984 Y112.779 E329.70295
G1 X116.27 Y113.007 E329.72788
G1 X115.626 Y113.415 E329.75324
G1 X115.122 Y113.971 E329.77819
G1 X114.77 Y114.653 E329.80372
G1 X114.61 Y115.381 E329.82851
G1 X114.647 Y116.144 E329.85392
G1 X114.875 Y116.862 E329.87898
G1 X115.287 Y117.501 E329.90426
G1 X115.84 Y118.006 E329.92917
G1 X116.521 Y118.358 E329.95467
G1 X117.253 Y118.519 E329.9796
G1 X117.5 Y118.507 E329.98782
G0 F9000 X117.955 Y117.993
;TYPE:FILL
G1 F2564.7 X119.072 Y113.826 E330.13131
G0 F9000 X119.326 Y114.054
G1 F2564.7 X115.147 Y115.174 E330.27521
G0 F9000 X115.22 Y114.84
G1 F2564.7 X118.274 Y117.893 E330.41884
G0 F9000 X118.115 Y117.391
G1 F1500 E323.91884
;MESH:dubelUpper.stl
G0 F9000 X117.276 Y118.289
G0 X117.327 Y119.381
G0 X117.401 Y121.061
G0 X117.451 Y122.134
G0 X117.487 Y126.964
G0 X117.5 Y127.272
;TYPE:WALL-INNER
G1 F1500 E330.41884
G1 F1503.8 X117.941 Y127.252 E330.43348
G1 F1500 X118.558 Y127.056 E330.45502
G1 X119.108 Y126.702 E330.47677
G1 X119.542 Y126.223 E330.49827
G1 X119.847 Y125.634 E330.52033
G1 X119.985 Y125.009 E330.54162
G1 X119.952 Y124.352 E330.5635
G1 X119.756 Y123.738 E330.58493
G1 X119.404 Y123.186 E330.60671
G1 X118.927 Y122.75 E330.6282
G1 X118.338 Y122.451 E330.65017
G1 X117.711 Y122.312 E330.67153
G1 X117.054 Y122.34 E330.6934
G1 X116.438 Y122.536 E330.7149
G1 X115.887 Y122.891 E330.73671
G1 X115.453 Y123.366 E330.75811
G1 X115.15 Y123.954 E330.78011
G1 X115.012 Y124.583 E330.80152
G1 X115.044 Y125.24 E330.8234
G1 X115.24 Y125.854 E330.84484
G1 X115.595 Y126.405 E330.86664
G1 X116.07 Y126.839 E330.88804
G1 X116.658 Y127.142 E330.91004
G1 X117.288 Y127.281 E330.9315
G1 F1503.8 X117.5 Y127.272 E330.93854
G0 F9000 X117.5 Y127.672
;TYPE:WALL-OUTER
G1 F1500 X118.012 Y127.649 E330.95559
G1 X118.73 Y127.421 E330.98064
G1 X119.369 Y127.01 E331.00591
G1 X119.874 Y126.453 E331.03092
G1 X120.226 Y125.771 E331.05644
G1 X120.387 Y125.043 E331.08124
G1 X120.349 Y124.28 E331.10665
G1 X120.121 Y123.566 E331.13158
G1 X119.713 Y122.926 E331.15682
G1 X119.157 Y122.418 E331.18187
G1 X118.475 Y122.071 E331.20732
G1 X117.746 Y121.91 E331.23216
G1 X116.984 Y121.943 E331.25752
G1 X116.266 Y122.171 E331.28258
G1 X115.627 Y122.583 E331.30787
G1 X115.122 Y123.136 E331.33278
G1 X114.77 Y123.817 E331.35827
G1 X114.61 Y124.549 E331.38319
G1 X114.647 Y125.312 E331.4086
G1 X114.875 Y126.026 E331.43353
G1 X115.287 Y126.665 E331.45882
G1 X115.84 Y127.17 E331.48373
G1 X116.521 Y127.522 E331.50922
G1 X117.254 Y127.683 E331.53418
G1 X117.5 Y127.672 E331.54237
G0 F9000 X117.954 Y127.164
;TYPE:FILL
G1 F2564.7 X119.072 Y122.991 E331.68606
G0 F9000 X119.323 Y123.219
G1 F2564.7 X115.148 Y124.338 E331.82983
G0 F9000 X115.221 Y124.003
G1 F2564.7 X118.278 Y127.06 E331.97362
G0 F9000 X118.119 Y126.556
G1 F1500 E325.47362
;MESH:NONMESH
G0 F300 X118.119 Y126.556 Z7.2
G0 F9000 X117.724 Y122.14
G0 X117.673 Y121.048
G0 X120.595 Y117.784
G0 X121.046 Y116.91
G0 X121.256 Y115.948
G0 X122.769 Y106.005
G0 X122.58 Y104.642
G0 X122.045 Y103.375
G0 X121.199 Y102.29
G0 X120.31 Y101.619
G0 X117.562 Y99.921
G0 X117.411 Y98.839
G0 X117.408 Y98.356
G0 X117.41 Y98.666
;TIME_ELAPSED:645.299102
;LAYER:35
;note -- min layer time used
;TYPE:WALL-INNER
;MESH:dubelHinge.stl(1)
G1 F1500 E331.97362
G1 X118.438 Y98.521 E332.00815
G1 X119.401 Y98.114 E332.04292
G1 X120.22 Y97.475 E332.07747
G1 X120.849 Y96.641 E332.11221
G1 X121.242 Y95.674 E332.14693
G1 X121.374 Y94.637 E332.1817
G1 X121.228 Y93.61 E332.2162
G1 X120.822 Y92.647 E332.25096
G1 X120.183 Y91.828 E332.28551
G1 X119.348 Y91.2 E332.32026
G1 X118.382 Y90.806 E332.35496
G1 X117.345 Y90.674 E332.38973
G1 X116.318 Y90.82 E332.42423
G1 X115.351 Y91.226 E332.45911
G1 X114.536 Y91.865 E332.49356
G1 X113.906 Y92.7 E332.52835
G1 X113.51 Y93.666 E332.56307
G1 X113.382 Y94.702 E332.59779
G1 X113.528 Y95.73 E332.63233
G1 X113.935 Y96.697 E332.66722
G1 X114.573 Y97.516 E332.70175
G1 X115.407 Y98.145 E332.7365
G1 X116.373 Y98.538 E332.77118
G1 X117.382 Y98.663 E332.805
G1 X117.41 Y98.666 E332.80594
G0 F9000 X117.414 Y99.07
;TYPE:WALL-OUTER
G1 F1500 X118.546 Y98.909 E332.84396
G1 X119.605 Y98.462 E332.8822
G1 X120.508 Y97.758 E332.92028
G1 X121.2 Y96.84 E332.95852
G1 X121.632 Y95.776 E332.99671
G1 X121.778 Y94.634 E333.035
G1 X121.617 Y93.502 E333.07303
G1 X121.17 Y92.443 E333.11126
G1 X120.466 Y91.54 E333.14935
G1 X119.548 Y90.848 E333.18758
G1 X118.484 Y90.416 E333.22578
G1 X117.342 Y90.27 E333.26407
G1 X116.21 Y90.431 E333.3021
G1 X115.147 Y90.878 E333.34045
G1 X114.248 Y91.582 E333.37843
G1 X113.556 Y92.5 E333.41667
G1 X113.12 Y93.564 E333.45491
G1 X112.978 Y94.706 E333.49319
G1 X113.139 Y95.838 E333.53122
G1 X113.587 Y96.901 E333.56958
G1 X114.29 Y97.804 E333.60765
G1 X115.208 Y98.496 E333.64588
G1 X116.271 Y98.928 E333.68404
G1 X117.383 Y99.066 E333.72131
G1 X117.414 Y99.07 E333.72235
G0 F9000 X117.275 Y98.57
;TYPE:FILL
G1 F2609.9 X119.238 Y91.243 E333.97464
G0 F9000 X119.153 Y91.451
G0 X120.594 Y92.901
G0 X120.805 Y92.813
G1 F2609.9 X113.474 Y94.777 E334.22707
G0 F9000 X113.704 Y94.746
G0 X114.237 Y92.773
G0 X114.055 Y92.634
G1 F2609.9 X119.419 Y97.998 E334.47938
G0 F9000 X119.097 Y97.582
G1 F1500 E327.97938
;MESH:dubelHinge.stl
G0 F9000 X117.411 Y98.839
G0 X117.562 Y99.921
G0 X117.601 Y100.791
G0 X117.468 Y101.877
G0 X117.529 Y109.728
G0 X117.53 Y110.038
;TYPE:WALL-INNER
G1 F1500 E334.47938
G1 X118.558 Y109.892 E334.51391
G1 X119.525 Y109.485 E334.54881
G1 X120.344 Y108.847 E334.58334
G1 X120.973 Y108.013 E334.61808
G1 X121.366 Y107.047 E334.65277
G1 X121.494 Y106.01 E334.68752
G1 X121.348 Y104.982 E334.72206
G1 X120.942 Y104.015 E334.75694
G1 X120.303 Y103.2 E334.79138
G1 X119.469 Y102.571 E334.82613
G1 X118.502 Y102.178 E334.86084
G1 X117.465 Y102.046 E334.89561
G1 X116.438 Y102.192 E334.93012
G1 X115.475 Y102.598 E334.96488
G1 X114.656 Y103.237 E334.99943
G1 X114.027 Y104.071 E335.03417
G1 X113.634 Y105.038 E335.06889
G1 X113.502 Y106.075 E335.10366
G1 X113.648 Y107.102 E335.13816
G1 X114.054 Y108.065 E335.17292
G1 X114.693 Y108.884 E335.20747
G1 X115.528 Y109.514 E335.24226
G1 X116.494 Y109.91 E335.27698
G1 X117.5 Y110.034 E335.31069
G1 X117.53 Y110.038 E335.3117
G0 F9000 X117.534 Y110.442
;TYPE:WALL-OUTER
G1 F1500 X118.666 Y110.281 E335.34973
G1 X119.729 Y109.833 E335.3881
G1 X120.632 Y109.13 E335.42616
G1 X121.324 Y108.212 E335.4644
G1 X121.756 Y107.149 E335.50256
G1 X121.898 Y106.006 E335.54087
G1 X121.737 Y104.874 E335.5789
G1 X121.29 Y103.811 E335.61725
G1 X120.586 Y102.912 E335.65523
G1 X119.668 Y102.22 E335.69347
G1 X118.604 Y101.788 E335.73166
G1 X117.462 Y101.642 E335.76995
G1 X116.33 Y101.803 E335.80798
G1 X115.271 Y102.25 E335.84621
G1 X114.368 Y102.954 E335.8843
G1 X113.676 Y103.872 E335.92253
G1 X113.244 Y104.936 E335.96073
G1 X113.098 Y106.078 E335.99902
G1 X113.259 Y107.21 E336.03705
G1 X113.706 Y108.269 E336.07528
G1 X114.41 Y109.172 E336.11336
G1 X115.328 Y109.864 E336.1516
G1 X116.392 Y110.3 E336.18984
G1 X117.5 Y110.438 E336.22698
G1 X117.534 Y110.442 E336.22812
G0 F9000 X117.396 Y109.943
;TYPE:FILL
G1 F2609.9 X119.36 Y102.614 E336.48048
G0 F9000 X119.275 Y102.823
G0 X120.715 Y104.272
G0 X120.926 Y104.184
G1 F2609.9 X113.594 Y106.149 E336.73295
G0 F9000 X113.825 Y106.118
G0 X114.357 Y104.145
G0 X114.175 Y104.006
G1 F2609.9 X119.54 Y109.37 E336.98528
G0 F9000 X119.218 Y108.953
G1 F1500 E330.48528
;MESH:dubelUpper.stl(1)
G0 F9000 X117.532 Y110.211
G0 X117.665 Y112.958
G0 X117.487 Y117.799
G0 X117.5 Y118.106
;TYPE:WALL-INNER
G1 F1500 E336.98528
G1 X117.938 Y118.083 E336.99987
G1 X118.559 Y117.887 E337.02153
G1 X119.109 Y117.537 E337.04321
G1 X119.542 Y117.059 E337.06466
G1 X119.847 Y116.47 E337.08672
G1 X119.985 Y115.845 E337.10801
G1 X119.949 Y115.189 E337.12986
G1 X119.755 Y114.569 E337.15147
G1 X119.405 Y114.019 E337.17315
G1 X118.927 Y113.586 E337.19461
G1 X118.338 Y113.282 E337.21665
G1 X117.713 Y113.144 E337.23794
G1 X117.056 Y113.176 E337.25982
G1 X116.44 Y113.373 E337.28133
G1 X115.886 Y113.724 E337.30314
G1 X115.454 Y114.201 E337.32455
G1 X115.15 Y114.79 E337.34659
G1 X115.012 Y115.415 E337.36788
G1 X115.044 Y116.072 E337.38976
G1 X115.24 Y116.69 E337.41132
G1 X115.595 Y117.241 E337.43312
G1 X116.07 Y117.675 E337.45452
G1 X116.658 Y117.979 E337.47654
G1 X117.287 Y118.117 E337.49796
G1 X117.5 Y118.106 E337.50505
G0 F9000 X117.5 Y118.507
;TYPE:WALL-OUTER
G1 F1500 X118.011 Y118.481 E337.52207
G1 X118.73 Y118.253 E337.54716
G1 X119.369 Y117.845 E337.57237
G1 X119.874 Y117.289 E337.59735
G1 X120.226 Y116.607 E337.62288
G1 X120.387 Y115.879 E337.64768
G1 X120.348 Y115.117 E337.67306
G1 X120.121 Y114.398 E337.69813
G1 X119.713 Y113.759 E337.72335
G1 X119.157 Y113.254 E337.74833
G1 X118.475 Y112.902 E337.77386
G1 X117.747 Y112.742 E337.79865
G1 X116.984 Y112.779 E337.82406
G1 X116.27 Y113.007 E337.84899
G1 X115.626 Y113.415 E337.87434
G1 X115.122 Y113.971 E337.8993
G1 X114.77 Y114.653 E337.92483
G1 X114.61 Y115.381 E337.94962
G1 X114.647 Y116.144 E337.97503
G1 X114.875 Y116.862 E338.00008
G1 X115.287 Y117.501 E338.02537
G1 X115.84 Y118.006 E338.05028
G1 X116.521 Y118.358 E338.07578
G1 X117.253 Y118.519 E338.1007
G1 X117.5 Y118.507 E338.10893
G0 F9000 X117.804 Y118.01
;TYPE:FILL
G1 F2609.9 X118.954 Y113.718 E338.25672
G0 F9000 X119.413 Y114.178
G1 F2609.9 X115.113 Y115.33 E338.40478
G0 F9000 X115.284 Y114.703
G1 F2609.9 X118.427 Y117.846 E338.55262
G0 F9000 X118.267 Y117.342
G1 F1500 E332.05262
;MESH:dubelUpper.stl
G0 F9000 X117.276 Y118.289
G0 X117.327 Y119.381
G0 X117.401 Y121.061
G0 X117.451 Y122.134
G0 X117.487 Y126.964
G0 X117.5 Y127.272
;TYPE:WALL-INNER
G1 F1500 E338.55262
G1 F1503.8 X117.941 Y127.252 E338.56726
G1 F1500 X118.558 Y127.056 E338.58879
G1 X119.108 Y126.702 E338.61055
G1 X119.542 Y126.223 E338.63205
G1 X119.847 Y125.634 E338.65411
G1 X119.985 Y125.009 E338.6754
G1 X119.952 Y124.352 E338.69728
G1 X119.756 Y123.738 E338.71871
G1 X119.404 Y123.186 E338.74049
G1 X118.927 Y122.75 E338.76198
G1 X118.338 Y122.451 E338.78395
G1 X117.711 Y122.312 E338.80531
G1 X117.054 Y122.34 E338.82718
G1 X116.438 Y122.536 E338.84868
G1 X115.887 Y122.891 E338.87048
G1 X115.453 Y123.366 E338.89188
G1 X115.15 Y123.954 E338.91389
G1 X115.012 Y124.583 E338.9353
G1 X115.044 Y125.24 E338.95718
G1 X115.24 Y125.854 E338.97862
G1 X115.595 Y126.405 E339.00042
G1 X116.07 Y126.839 E339.02182
G1 X116.658 Y127.142 E339.04382
G1 X117.288 Y127.281 E339.06528
G1 F1503.8 X117.5 Y127.272 E339.07232
G0 F9000 X117.5 Y127.672
;TYPE:WALL-OUTER
G1 F1500 X118.012 Y127.649 E339.08936
G1 X118.73 Y127.421 E339.11442
G1 X119.369 Y127.01 E339.13969
G1 X119.874 Y126.453 E339.1647
G1 X120.226 Y125.771 E339.19022
G1 X120.387 Y125.043 E339.21502
G1 X120.349 Y124.28 E339.24043
G1 X120.121 Y123.566 E339.26536
G1 X119.713 Y122.926 E339.2906
G1 X119.157 Y122.418 E339.31565
G1 X118.475 Y122.071 E339.3411
G1 X117.746 Y121.91 E339.36593
G1 X116.984 Y121.943 E339.3913
G1 X116.266 Y122.171 E339.41636
G1 X115.627 Y122.583 E339.44165
G1 X115.122 Y123.136 E339.46655
G1 X114.77 Y123.817 E339.49205
G1 X114.61 Y124.549 E339.51697
G1 X114.647 Y125.312 E339.54238
G1 X114.875 Y126.026 E339.56731
G1 X115.287 Y126.665 E339.5926
G1 X115.84 Y127.17 E339.6175
G1 X116.521 Y127.522 E339.643
G1 X117.254 Y127.683 E339.66796
G1 X117.5 Y127.672 E339.67615
G0 F9000 X117.803 Y127.178
;TYPE:FILL
G1 F2609.9 X118.954 Y122.883 E339.82405
G0 F9000 X119.41 Y123.343
G1 F2609.9 X115.114 Y124.494 E339.97197
G0 F9000 X115.285 Y123.866
G1 F2609.9 X118.43 Y127.012 E340.11993
G0 F9000 X118.271 Y126.508
G1 F1500 E333.61993
;MESH:NONMESH
G0 F300 X118.271 Y126.508 Z7.4
G0 F9000 X117.724 Y122.14
G0 X117.673 Y121.048
G0 X120.595 Y117.784
G0 X121.046 Y116.91
G0 X121.256 Y115.948
G0 X122.769 Y106.005
G0 X122.58 Y104.642
G0 X122.045 Y103.375
G0 X121.199 Y102.29
G0 X120.31 Y101.619
G0 X117.562 Y99.921
G0 X117.411 Y98.839
G0 X117.408 Y98.356
G0 X117.41 Y98.666
;TIME_ELAPSED:660.514541
;LAYER:36
;note -- min layer time used
;TYPE:WALL-INNER
;MESH:dubelHinge.stl(1)
G1 F1500 E340.11993
G1 X118.438 Y98.521 E340.15446
G1 X119.401 Y98.114 E340.18923
G1 X120.22 Y97.475 E340.22378
G1 X120.849 Y96.641 E340.25852
G1 X121.242 Y95.674 E340.29324
G1 X121.374 Y94.637 E340.32801
G1 X121.228 Y93.61 E340.36251
G1 X120.822 Y92.647 E340.39727
G1 X120.183 Y91.828 E340.43182
G1 X119.348 Y91.2 E340.46657
G1 X118.382 Y90.806 E340.50127
G1 X117.345 Y90.674 E340.53604
G1 X116.318 Y90.82 E340.57054
G1 X115.351 Y91.226 E340.60542
G1 X114.536 Y91.865 E340.63987
G1 X113.906 Y92.7 E340.67466
G1 X113.51 Y93.666 E340.70938
G1 X113.382 Y94.702 E340.7441
G1 X113.528 Y95.73 E340.77864
G1 X113.935 Y96.697 E340.81353
G1 X114.573 Y97.516 E340.84806
G1 X115.407 Y98.145 E340.8828
G1 X116.373 Y98.538 E340.91749
G1 X117.382 Y98.663 E340.95131
G1 X117.41 Y98.666 E340.95224
G0 F9000 X117.414 Y99.07
;TYPE:WALL-OUTER
G1 F1500 X118.546 Y98.909 E340.99027
G1 X119.605 Y98.462 E341.0285
G1 X120.508 Y97.758 E341.06659
G1 X121.2 Y96.84 E341.10482
G1 X121.632 Y95.776 E341.14302
G1 X121.778 Y94.634 E341.18131
G1 X121.617 Y93.502 E341.21934
G1 X121.17 Y92.443 E341.25757
G1 X120.466 Y91.54 E341.29565
G1 X119.548 Y90.848 E341.33389
G1 X118.484 Y90.416 E341.37208
G1 X117.342 Y90.27 E341.41038
G1 X116.21 Y90.431 E341.44841
G1 X115.147 Y90.878 E341.48676
G1 X114.248 Y91.582 E341.52474
G1 X113.556 Y92.5 E341.56297
G1 X113.12 Y93.564 E341.60122
G1 X112.978 Y94.706 E341.63949
G1 X113.139 Y95.838 E341.67752
G1 X113.587 Y96.901 E341.71589
G1 X114.29 Y97.804 E341.75395
G1 X115.208 Y98.496 E341.79219
G1 X116.271 Y98.928 E341.83035
G1 X117.383 Y99.066 E341.86762
G1 X117.414 Y99.07 E341.86866
G0 F9000 X117.134 Y98.553
;TYPE:FILL
G1 F2651.2 X119.107 Y91.189 E342.12223
G0 F9000 X119.022 Y91.398
G0 X120.649 Y93.032
G0 X120.861 Y92.944
G1 F2651.2 X113.494 Y94.918 E342.3759
G0 F9000 X113.723 Y94.887
G0 X114.323 Y92.66
G0 X114.14 Y92.52
G1 F2651.2 X119.531 Y97.91 E342.62945
G0 F9000 X119.21 Y97.494
G1 F1500 E336.12945
;MESH:dubelHinge.stl
G0 F9000 X117.411 Y98.839
G0 X117.562 Y99.921
G0 X117.601 Y100.791
G0 X117.468 Y101.877
G0 X117.529 Y109.728
G0 X117.53 Y110.038
;TYPE:WALL-INNER
G1 F1500 E342.62945
G1 X118.558 Y109.892 E342.66399
G1 X119.525 Y109.485 E342.69888
G1 X120.344 Y108.847 E342.73341
G1 X120.973 Y108.013 E342.76815
G1 X121.366 Y107.047 E342.80284
G1 X121.494 Y106.01 E342.83759
G1 X121.348 Y104.982 E342.87213
G1 X120.942 Y104.015 E342.90701
G1 X120.303 Y103.2 E342.94146
G1 X119.469 Y102.571 E342.9762
G1 X118.502 Y102.178 E343.01092
G1 X117.465 Y102.046 E343.04569
G1 X116.438 Y102.192 E343.08019
G1 X115.475 Y102.598 E343.11495
G1 X114.656 Y103.237 E343.1495
G1 X114.027 Y104.071 E343.18424
G1 X113.634 Y105.038 E343.21896
G1 X113.502 Y106.075 E343.25373
G1 X113.648 Y107.102 E343.28823
G1 X114.054 Y108.065 E343.32299
G1 X114.693 Y108.884 E343.35754
G1 X115.528 Y109.514 E343.39233
G1 X116.494 Y109.91 E343.42705
G1 X117.5 Y110.034 E343.46077
G1 X117.53 Y110.038 E343.46177
G0 F9000 X117.534 Y110.442
;TYPE:WALL-OUTER
G1 F1500 X118.666 Y110.281 E343.4998
G1 X119.729 Y109.833 E343.53817
G1 X120.632 Y109.13 E343.57623
G1 X121.324 Y108.212 E343.61447
G1 X121.756 Y107.149 E343.65263
G1 X121.898 Y106.006 E343.69094
G1 X121.737 Y104.874 E343.72897
G1 X121.29 Y103.811 E343.76732
G1 X120.586 Y102.912 E343.8053
G1 X119.668 Y102.22 E343.84354
G1 X118.604 Y101.788 E343.88173
G1 X117.462 Y101.642 E343.92002
G1 X116.33 Y101.803 E343.95805
G1 X115.271 Y102.25 E343.99629
G1 X114.368 Y102.954 E344.03437
G1 X113.676 Y103.872 E344.0726
G1 X113.244 Y104.936 E344.1108
G1 X113.098 Y106.078 E344.14909
G1 X113.259 Y107.21 E344.18712
G1 X113.706 Y108.269 E344.22535
G1 X114.41 Y109.172 E344.26343
G1 X115.328 Y109.864 E344.30167
G1 X116.392 Y110.3 E344.33992
G1 X117.5 Y110.438 E344.37705
G1 X117.534 Y110.442 E344.37819
G0 F9000 X117.255 Y109.925
;TYPE:FILL
G1 F2651.2 X119.228 Y102.56 E344.63179
G0 F9000 X119.143 Y102.77
G0 X120.77 Y104.403
G0 X120.982 Y104.315
G1 F2651.2 X113.614 Y106.289 E344.88549
G0 F9000 X113.844 Y106.258
G0 X114.443 Y104.031
G0 X114.261 Y103.892
G1 F2651.2 X119.652 Y109.283 E345.13907
G0 F9000 X119.33 Y108.866
G1 F1500 E338.63907
;MESH:dubelUpper.stl(1)
G0 F9000 X117.532 Y110.211
G0 X117.665 Y112.958
G0 X117.487 Y117.799
G0 X117.5 Y118.106
;TYPE:WALL-INNER
G1 F1500 E345.13907
G1 X117.938 Y118.083 E345.15366
G1 X118.559 Y117.887 E345.17532
G1 X119.109 Y117.537 E345.197
G1 X119.542 Y117.059 E345.21845
G1 X119.847 Y116.47 E345.24051
G1 X119.985 Y115.845 E345.2618
G1 X119.949 Y115.189 E345.28365
G1 X119.755 Y114.569 E345.30526
G1 X119.405 Y114.019 E345.32694
G1 X118.927 Y113.586 E345.34839
G1 X118.338 Y113.282 E345.37044
G1 X117.713 Y113.144 E345.39173
G1 X117.056 Y113.176 E345.4136
G1 X116.44 Y113.373 E345.43511
G1 X115.886 Y113.724 E345.45693
G1 X115.454 Y114.201 E345.47833
G1 X115.15 Y114.79 E345.50038
G1 X115.012 Y115.415 E345.52167
G1 X115.044 Y116.072 E345.54354
G1 X115.24 Y116.69 E345.56511
G1 X115.595 Y117.241 E345.58691
G1 X116.07 Y117.675 E345.60831
G1 X116.658 Y117.979 E345.63032
G1 X117.287 Y118.117 E345.65174
G1 X117.5 Y118.106 E345.65884
G0 F9000 X117.5 Y118.507
;TYPE:WALL-OUTER
G1 F1500 X118.011 Y118.481 E345.67585
G1 X118.73 Y118.253 E345.70094
G1 X119.369 Y117.845 E345.72616
G1 X119.874 Y117.289 E345.75114
G1 X120.226 Y116.607 E345.77667
G1 X120.387 Y115.879 E345.80147
G1 X120.348 Y115.117 E345.82684
G1 X120.121 Y114.398 E345.85192
G1 X119.713 Y113.759 E345.87714
G1 X119.157 Y113.254 E345.90212
G1 X118.475 Y112.902 E345.92764
G1 X117.747 Y112.742 E345.95244
G1 X116.984 Y112.779 E345.97784
G1 X116.27 Y113.007 E346.00277
G1 X115.626 Y113.415 E346.02813
G1 X115.122 Y113.971 E346.05309
G1 X114.77 Y114.653 E346.07861
G1 X114.61 Y115.381 E346.10341
G1 X114.647 Y116.144 E346.12881
G1 X114.875 Y116.862 E346.15387
G1 X115.287 Y117.501 E346.17916
G1 X115.84 Y118.006 E346.20407
G1 X116.521 Y118.358 E346.22956
G1 X117.253 Y118.519 E346.25449
G1 X117.5 Y118.507 E346.26272
G0 F9000 X117.656 Y118.018
;TYPE:FILL
G1 F2651.2 X118.832 Y113.628 E346.41388
G0 F9000 X119.492 Y114.303
G1 F2651.2 X115.095 Y115.481 E346.56528
G0 F9000 X115.352 Y114.571
G1 F2651.2 X118.568 Y117.787 E346.71655
G0 F9000 X118.284 Y117.337
G1 F1500 E340.21655
;MESH:dubelUpper.stl
G0 F9000 X117.276 Y118.289
G0 X117.327 Y119.381
G0 X117.401 Y121.061
G0 X117.451 Y122.134
G0 X117.487 Y126.964
G0 X117.5 Y127.272
;TYPE:WALL-INNER
G1 F1500 E346.71655
G1 F1503.8 X117.941 Y127.252 E346.73119
G1 F1500 X118.558 Y127.056 E346.75273
G1 X119.108 Y126.702 E346.77448
G1 X119.542 Y126.223 E346.79598
G1 X119.847 Y125.634 E346.81804
G1 X119.985 Y125.009 E346.83933
G1 X119.952 Y124.352 E346.86121
G1 X119.756 Y123.738 E346.88265
G1 X119.404 Y123.186 E346.90442
G1 X118.927 Y122.75 E346.92591
G1 X118.338 Y122.451 E346.94788
G1 X117.711 Y122.312 E346.96924
G1 X117.054 Y122.34 E346.99112
G1 X116.438 Y122.536 E347.01262
G1 X115.887 Y122.891 E347.03442
G1 X115.453 Y123.366 E347.05582
G1 X115.15 Y123.954 E347.07782
G1 X115.012 Y124.583 E347.09924
G1 X115.044 Y125.24 E347.12111
G1 X115.24 Y125.854 E347.14255
G1 X115.595 Y126.405 E347.16435
G1 X116.07 Y126.839 E347.18575
G1 X116.658 Y127.142 E347.20775
G1 X117.288 Y127.281 E347.22921
G1 F1503.8 X117.5 Y127.272 E347.23625
G0 F9000 X117.5 Y127.672
;TYPE:WALL-OUTER
G1 F1500 X118.012 Y127.649 E347.2533
G1 X118.73 Y127.421 E347.27835
G1 X119.369 Y127.01 E347.30362
G1 X119.874 Y126.453 E347.32863
G1 X120.226 Y125.771 E347.35416
G1 X120.387 Y125.043 E347.37895
G1 X120.349 Y124.28 E347.40436
G1 X120.121 Y123.566 E347.42929
G1 X119.713 Y122.926 E347.45454
G1 X119.157 Y122.418 E347.47959
G1 X118.475 Y122.071 E347.50504
G1 X117.746 Y121.91 E347.52987
G1 X116.984 Y121.943 E347.55524
G1 X116.266 Y122.171 E347.58029
G1 X115.627 Y122.583 E347.60558
G1 X115.122 Y123.136 E347.63049
G1 X114.77 Y123.817 E347.65598
G1 X114.61 Y124.549 E347.68091
G1 X114.647 Y125.312 E347.70631
G1 X114.875 Y126.026 E347.73124
G1 X115.287 Y126.665 E347.75653
G1 X115.84 Y127.17 E347.78144
G1 X116.521 Y127.522 E347.80693
G1 X117.254 Y127.683 E347.8319
G1 X117.5 Y127.672 E347.84009
G0 F9000 X117.655 Y127.185
;TYPE:FILL
G1 F2651.2 X118.832 Y122.791 E347.99138
G0 F9000 X119.489 Y123.468
G1 F2651.2 X115.095 Y124.645 E348.14268
G0 F9000 X115.352 Y123.734
G1 F2651.2 X118.57 Y126.952 E348.29405
G0 F9000 X118.285 Y126.503
G1 F1500 E341.79405
;MESH:NONMESH
G0 F300 X118.285 Y126.503 Z7.6
G0 F9000 X117.724 Y122.14
G0 X117.673 Y121.048
G0 X120.595 Y117.784
G0 X121.046 Y116.91
G0 X121.256 Y115.948
G0 X122.769 Y106.005
G0 X122.58 Y104.642
G0 X122.045 Y103.375
G0 X121.199 Y102.29
G0 X120.31 Y101.619
G0 X117.562 Y99.921
G0 X117.411 Y98.839
G0 X117.408 Y98.356
G0 X117.41 Y98.666
;TIME_ELAPSED:675.839702
;LAYER:37
;note -- min layer time used
;TYPE:WALL-INNER
;MESH:dubelHinge.stl(1)
G1 F1500 E348.29405
G1 X118.438 Y98.521 E348.32857
G1 X119.401 Y98.114 E348.36335
G1 X120.22 Y97.475 E348.3979
G1 X120.849 Y96.641 E348.43264
G1 X121.242 Y95.674 E348.46736
G1 X121.374 Y94.637 E348.50213
G1 X121.228 Y93.61 E348.53663
G1 X120.822 Y92.647 E348.57139
G1 X120.183 Y91.828 E348.60594
G1 X119.348 Y91.2 E348.64069
G1 X118.382 Y90.806 E348.67539
G1 X117.345 Y90.674 E348.71016
G1 X116.318 Y90.82 E348.74466
G1 X115.351 Y91.226 E348.77954
G1 X114.536 Y91.865 E348.81399
G1 X113.906 Y92.7 E348.84878
G1 X113.51 Y93.666 E348.8835
G1 X113.382 Y94.702 E348.91822
G1 X113.528 Y95.73 E348.95276
G1 X113.935 Y96.697 E348.98765
G1 X114.573 Y97.516 E349.02218
G1 X115.407 Y98.145 E349.05692
G1 X116.373 Y98.538 E349.09161
G1 X117.382 Y98.663 E349.12543
G1 X117.41 Y98.666 E349.12636
G0 F9000 X117.414 Y99.07
;TYPE:WALL-OUTER
G1 F1500 X118.546 Y98.909 E349.16439
G1 X119.605 Y98.462 E349.20262
G1 X120.508 Y97.758 E349.24071
G1 X121.2 Y96.84 E349.27894
G1 X121.632 Y95.776 E349.31714
G1 X121.778 Y94.634 E349.35543
G1 X121.617 Y93.502 E349.39346
G1 X121.17 Y92.443 E349.43169
G1 X120.466 Y91.54 E349.46977
G1 X119.548 Y90.848 E349.50801
G1 X118.484 Y90.416 E349.5462
G1 X117.342 Y90.27 E349.5845
G1 X116.21 Y90.431 E349.62253
G1 X115.147 Y90.878 E349.66088
G1 X114.248 Y91.582 E349.69886
G1 X113.556 Y92.5 E349.73709
G1 X113.12 Y93.564 E349.77534
G1 X112.978 Y94.706 E349.81361
G1 X113.139 Y95.838 E349.85164
G1 X113.587 Y96.901 E349.89001
G1 X114.29 Y97.804 E349.92807
G1 X115.208 Y98.496 E349.96631
G1 X116.271 Y98.928 E350.00447
G1 X117.383 Y99.066 E350.04174
G1 X117.414 Y99.07 E350.04278
G0 F9000 X116.992 Y98.534
;TYPE:FILL
G1 F2699.7 X118.974 Y91.135 E350.29755
G0 F9000 X118.889 Y91.344
G0 X120.705 Y93.164
G0 X120.916 Y93.076
G1 F2699.7 X113.514 Y95.059 E350.55242
G0 F9000 X113.743 Y95.028
G0 X114.41 Y92.545
G0 X114.227 Y92.406
G1 F2699.7 X119.644 Y97.823 E350.80722
G0 F9000 X119.322 Y97.407
G1 F1500 E344.30722
;MESH:dubelHinge.stl
G0 F9000 X117.411 Y98.839
G0 X117.562 Y99.921
G0 X117.601 Y100.791
G0 X117.468 Y101.877
G0 X117.529 Y109.728
G0 X117.53 Y110.038
;TYPE:WALL-INNER
G1 F1500 E350.80722
G1 X118.558 Y109.892 E350.84176
G1 X119.525 Y109.485 E350.87665
G1 X120.344 Y108.847 E350.91118
G1 X120.973 Y108.013 E350.94592
G1 X121.366 Y107.047 E350.98061
G1 X121.494 Y106.01 E351.01536
G1 X121.348 Y104.982 E351.0499
G1 X120.942 Y104.015 E351.08478
G1 X120.303 Y103.2 E351.11923
G1 X119.469 Y102.571 E351.15397
G1 X118.502 Y102.178 E351.18869
G1 X117.465 Y102.046 E351.22346
G1 X116.438 Y102.192 E351.25796
G1 X115.475 Y102.598 E351.29272
G1 X114.656 Y103.237 E351.32727
G1 X114.027 Y104.071 E351.36201
G1 X113.634 Y105.038 E351.39673
G1 X113.502 Y106.075 E351.4315
G1 X113.648 Y107.102 E351.466
G1 X114.054 Y108.065 E351.50076
G1 X114.693 Y108.884 E351.53531
G1 X115.528 Y109.514 E351.5701
G1 X116.494 Y109.91 E351.60482
G1 X117.5 Y110.034 E351.63854
G1 X117.53 Y110.038 E351.63954
G0 F9000 X117.534 Y110.442
;TYPE:WALL-OUTER
G1 F1500 X118.666 Y110.281 E351.67757
G1 X119.729 Y109.833 E351.71594
G1 X120.632 Y109.13 E351.754
G1 X121.324 Y108.212 E351.79224
G1 X121.756 Y107.149 E351.8304
G1 X121.898 Y106.006 E351.86871
G1 X121.737 Y104.874 E351.90674
G1 X121.29 Y103.811 E351.94509
G1 X120.586 Y102.912 E351.98307
G1 X119.668 Y102.22 E352.02131
G1 X118.604 Y101.788 E352.0595
G1 X117.462 Y101.642 E352.09779
G1 X116.33 Y101.803 E352.13582
G1 X115.271 Y102.25 E352.17406
G1 X114.368 Y102.954 E352.21214
G1 X113.676 Y103.872 E352.25037
G1 X113.244 Y104.936 E352.28857
G1 X113.098 Y106.078 E352.32686
G1 X113.259 Y107.21 E352.36489
G1 X113.706 Y108.269 E352.40312
G1 X114.41 Y109.172 E352.4412
G1 X115.328 Y109.864 E352.47944
G1 X116.392 Y110.3 E352.51769
G1 X117.5 Y110.438 E352.55482
G1 X117.534 Y110.442 E352.55596
G0 F9000 X117.113 Y109.907
;TYPE:FILL
G1 F2699.7 X119.096 Y102.506 E352.8108
G0 F9000 X119.01 Y102.716
G0 X120.826 Y104.535
G0 X121.037 Y104.447
G1 F2699.7 X113.634 Y106.431 E353.06572
G0 F9000 X113.864 Y106.4
G0 X114.53 Y103.916
G0 X114.348 Y103.778
G1 F2699.7 X119.765 Y109.195 E353.32052
G0 F9000 X119.443 Y108.778
G1 F1500 E346.82052
;MESH:dubelUpper.stl(1)
G0 F9000 X117.532 Y110.211
G0 X117.665 Y112.958
G0 X117.487 Y117.799
G0 X117.5 Y118.106
;TYPE:WALL-INNER
G1 F1500 E353.32052
G1 X117.938 Y118.083 E353.3351
G1 X118.559 Y117.887 E353.35676
G1 X119.109 Y117.537 E353.37844
G1 X119.542 Y117.059 E353.3999
G1 X119.847 Y116.47 E353.42196
G1 X119.985 Y115.845 E353.44325
G1 X119.949 Y115.189 E353.4651
G1 X119.755 Y114.569 E353.4867
G1 X119.405 Y114.019 E353.50839
G1 X118.927 Y113.586 E353.52984
G1 X118.338 Y113.282 E353.55188
G1 X117.713 Y113.144 E353.57317
G1 X117.056 Y113.176 E353.59505
G1 X116.44 Y113.373 E353.61656
G1 X115.886 Y113.724 E353.63837
G1 X115.454 Y114.201 E353.65978
G1 X115.15 Y114.79 E353.68182
G1 X115.012 Y115.415 E353.70311
G1 X115.044 Y116.072 E353.72499
G1 X115.24 Y116.69 E353.74655
G1 X115.595 Y117.241 E353.76835
G1 X116.07 Y117.675 E353.78975
G1 X116.658 Y117.979 E353.81177
G1 X117.287 Y118.117 E353.83319
G1 X117.5 Y118.106 E353.84028
G0 F9000 X117.5 Y118.507
;TYPE:WALL-OUTER
G1 F1500 X118.011 Y118.481 E353.8573
G1 X118.73 Y118.253 E353.88239
G1 X119.369 Y117.845 E353.9076
G1 X119.874 Y117.289 E353.93259
G1 X120.226 Y116.607 E353.95811
G1 X120.387 Y115.879 E353.98291
G1 X120.348 Y115.117 E354.00829
G1 X120.121 Y114.398 E354.03337
G1 X119.713 Y113.759 E354.05858
G1 X119.157 Y113.254 E354.08356
G1 X118.475 Y112.902 E354.10909
G1 X117.747 Y112.742 E354.13388
G1 X116.984 Y112.779 E354.15929
G1 X116.27 Y113.007 E354.18422
G1 X115.626 Y113.415 E354.20957
G1 X115.122 Y113.971 E354.23453
G1 X114.77 Y114.653 E354.26006
G1 X114.61 Y115.381 E354.28485
G1 X114.647 Y116.144 E354.31026
G1 X114.875 Y116.862 E354.33532
G1 X115.287 Y117.501 E354.3606
G1 X115.84 Y118.006 E354.38551
G1 X116.521 Y118.358 E354.41101
G1 X117.253 Y118.519 E354.43594
G1 X117.5 Y118.507 E354.44416
G0 F9000 X117.507 Y118.026
;TYPE:FILL
G1 F2699.7 X118.703 Y113.561 E354.5979
G0 F9000 X118.599 Y113.762
G0 X119.377 Y114.552
G0 X119.573 Y114.428
G1 F2699.7 X115.102 Y115.626 E354.75186
G0 F9000 X115.333 Y115.616
G0 X115.625 Y114.545
G0 X115.42 Y114.439
G1 F2699.7 X118.691 Y117.709 E354.90569
G0 F9000 X118.408 Y117.264
G1 F1500 E348.40569
;MESH:dubelUpper.stl
G0 F9000 X117.276 Y118.289
G0 X117.327 Y119.381
G0 X117.401 Y121.061
G0 X117.451 Y122.134
G0 X117.487 Y126.964
G0 X117.5 Y127.272
;TYPE:WALL-INNER
G1 F1500 E354.90569
G1 F1503.8 X117.941 Y127.252 E354.92034
G1 F1500 X118.558 Y127.056 E354.94187
G1 X119.108 Y126.702 E354.96362
G1 X119.542 Y126.223 E354.98512
G1 X119.847 Y125.634 E355.00718
G1 X119.985 Y125.009 E355.02847
G1 X119.952 Y124.352 E355.05035
G1 X119.756 Y123.738 E355.07179
G1 X119.404 Y123.186 E355.09356
G1 X118.927 Y122.75 E355.11506
G1 X118.338 Y122.451 E355.13703
G1 X117.711 Y122.312 E355.15839
G1 X117.054 Y122.34 E355.18026
G1 X116.438 Y122.536 E355.20176
G1 X115.887 Y122.891 E355.22356
G1 X115.453 Y123.366 E355.24496
G1 X115.15 Y123.954 E355.26696
G1 X115.012 Y124.583 E355.28838
G1 X115.044 Y125.24 E355.31026
G1 X115.24 Y125.854 E355.33169
G1 X115.595 Y126.405 E355.35349
G1 X116.07 Y126.839 E355.37489
G1 X116.658 Y127.142 E355.39689
G1 X117.288 Y127.281 E355.41835
G1 F1503.8 X117.5 Y127.272 E355.42539
G0 F9000 X117.5 Y127.672
;TYPE:WALL-OUTER
G1 F1500 X118.012 Y127.649 E355.44244
G1 X118.73 Y127.421 E355.46749
G1 X119.369 Y127.01 E355.49276
G1 X119.874 Y126.453 E355.51777
G1 X120.226 Y125.771 E355.5433
G1 X120.387 Y125.043 E355.56809
G1 X120.349 Y124.28 E355.5935
G1 X120.121 Y123.566 E355.61843
G1 X119.713 Y122.926 E355.64368
G1 X119.157 Y122.418 E355.66873
G1 X118.475 Y122.071 E355.69418
G1 X117.746 Y121.91 E355.71901
G1 X116.984 Y121.943 E355.74438
G1 X116.266 Y122.171 E355.76943
G1 X115.627 Y122.583 E355.79472
G1 X115.122 Y123.136 E355.81963
G1 X114.77 Y123.817 E355.84512
G1 X114.61 Y124.549 E355.87005
G1 X114.647 Y125.312 E355.89545
G1 X114.875 Y126.026 E355.92038
G1 X115.287 Y126.665 E355.94567
G1 X115.84 Y127.17 E355.97058
G1 X116.521 Y127.522 E355.99608
G1 X117.254 Y127.683 E356.02104
G1 X117.5 Y127.672 E356.02923
G0 F9000 X117.506 Y127.192
;TYPE:FILL
G1 F2699.7 X118.703 Y122.726 E356.18301
G0 F9000 X118.598 Y122.928
G0 X119.377 Y123.715
G0 X119.57 Y123.593
G1 F2699.7 X115.102 Y124.79 E356.33686
G0 F9000 X115.333 Y124.78
G0 X115.626 Y123.708
G0 X115.421 Y123.602
G1 F2699.7 X118.692 Y126.873 E356.49071
G0 F9000 X118.408 Y126.43
G1 F1500 E349.99071
;MESH:NONMESH
G0 F300 X118.408 Y126.43 Z7.8
G0 F9000 X117.724 Y122.14
G0 X117.673 Y121.048
G0 X120.595 Y117.784
G0 X121.046 Y116.91
G0 X121.256 Y115.948
G0 X122.769 Y106.005
G0 X122.58 Y104.642
G0 X122.045 Y103.375
G0 X121.199 Y102.29
G0 X120.31 Y101.619
G0 X117.562 Y99.921
G0 X117.411 Y98.839
G0 X117.408 Y98.356
G0 X117.41 Y98.666
;TIME_ELAPSED:691.419159
;LAYER:38
;note -- min layer time used
;TYPE:WALL-INNER
;MESH:dubelHinge.stl(1)
G1 F1500 E356.49071
G1 X118.438 Y98.521 E356.52524
G1 X119.401 Y98.114 E356.56002
G1 X120.22 Y97.475 E356.59457
G1 X120.849 Y96.641 E356.62931
G1 X121.242 Y95.674 E356.66403
G1 X121.374 Y94.637 E356.6988
G1 X121.228 Y93.61 E356.7333
G1 X120.822 Y92.647 E356.76806
G1 X120.183 Y91.828 E356.80261
G1 X119.348 Y91.2 E356.83736
G1 X118.382 Y90.806 E356.87206
G1 X117.345 Y90.674 E356.90683
G1 X116.318 Y90.82 E356.94133
G1 X115.351 Y91.226 E356.97621
G1 X114.536 Y91.865 E357.01066
G1 X113.906 Y92.7 E357.04545
G1 X113.51 Y93.666 E357.08017
G1 X113.382 Y94.702 E357.11489
G1 X113.528 Y95.73 E357.14942
G1 X113.935 Y96.697 E357.18432
G1 X114.573 Y97.516 E357.21885
G1 X115.407 Y98.145 E357.25359
G1 X116.373 Y98.538 E357.28828
G1 X117.382 Y98.663 E357.3221
G1 X117.41 Y98.666 E357.32303
G0 F9000 X117.414 Y99.07
;TYPE:WALL-OUTER
G1 F1500 X118.546 Y98.909 E357.36106
G1 X119.605 Y98.462 E357.39929
G1 X120.508 Y97.758 E357.43738
G1 X121.2 Y96.84 E357.47561
G1 X121.632 Y95.776 E357.51381
G1 X121.778 Y94.634 E357.5521
G1 X121.617 Y93.502 E357.59013
G1 X121.17 Y92.443 E357.62836
G1 X120.466 Y91.54 E357.66644
G1 X119.548 Y90.848 E357.70468
G1 X118.484 Y90.416 E357.74287
G1 X117.342 Y90.27 E357.78116
G1 X116.21 Y90.431 E357.81919
G1 X115.147 Y90.878 E357.85755
G1 X114.248 Y91.582 E357.89553
G1 X113.556 Y92.5 E357.93376
G1 X113.12 Y93.564 E357.97201
G1 X112.978 Y94.706 E358.01028
G1 X113.139 Y95.838 E358.04831
G1 X113.587 Y96.901 E358.08668
G1 X114.29 Y97.804 E358.12474
G1 X115.208 Y98.496 E358.16298
G1 X116.271 Y98.928 E358.20114
G1 X117.383 Y99.066 E358.23841
G1 X117.414 Y99.07 E358.23945
G0 F9000 X116.851 Y98.517
;TYPE:FILL
G1 F2738 X118.843 Y91.081 E358.49549
G0 F9000 X118.758 Y91.291
G0 X120.761 Y93.295
G0 X120.972 Y93.207
G1 F2738 X113.534 Y95.2 E358.75161
G0 F9000 X113.763 Y95.169
G0 X114.496 Y92.431
G0 X114.313 Y92.292
G1 F2738 X119.756 Y97.735 E359.00763
G0 F9000 X119.435 Y97.318
G1 F1500 E352.50763
;MESH:dubelHinge.stl
G0 F9000 X117.411 Y98.839
G0 X117.562 Y99.921
G0 X117.601 Y100.791
G0 X117.468 Y101.877
G0 X117.529 Y109.728
G0 X117.53 Y110.038
;TYPE:WALL-INNER
G1 F1500 E359.00763
G1 X118.558 Y109.892 E359.04217
G1 X119.525 Y109.485 E359.07706
G1 X120.344 Y108.847 E359.11159
G1 X120.973 Y108.013 E359.14633
G1 X121.366 Y107.047 E359.18102
G1 X121.494 Y106.01 E359.21577
G1 X121.348 Y104.982 E359.25031
G1 X120.942 Y104.015 E359.28519
G1 X120.303 Y103.2 E359.31963
G1 X119.469 Y102.571 E359.35438
G1 X118.502 Y102.178 E359.3891
G1 X117.465 Y102.046 E359.42386
G1 X116.438 Y102.192 E359.45837
G1 X115.475 Y102.598 E359.49313
G1 X114.656 Y103.237 E359.52768
G1 X114.027 Y104.071 E359.56242
G1 X113.634 Y105.038 E359.59714
G1 X113.502 Y106.075 E359.63191
G1 X113.648 Y107.102 E359.66641
G1 X114.054 Y108.065 E359.70117
G1 X114.693 Y108.884 E359.73572
G1 X115.528 Y109.514 E359.77051
G1 X116.494 Y109.91 E359.80523
G1 X117.5 Y110.034 E359.83895
G1 X117.53 Y110.038 E359.83995
G0 F9000 X117.534 Y110.442
;TYPE:WALL-OUTER
G1 F1500 X118.666 Y110.281 E359.87798
G1 X119.729 Y109.833 E359.91635
G1 X120.632 Y109.13 E359.95441
G1 X121.324 Y108.212 E359.99265
G1 X121.756 Y107.149 E360.03081
G1 X121.898 Y106.006 E360.06912
G1 X121.737 Y104.874 E360.10715
G1 X121.29 Y103.811 E360.1455
G1 X120.586 Y102.912 E360.18348
G1 X119.668 Y102.22 E360.22172
G1 X118.604 Y101.788 E360.25991
G1 X117.462 Y101.642 E360.2982
G1 X116.33 Y101.803 E360.33623
G1 X115.271 Y102.25 E360.37446
G1 X114.368 Y102.954 E360.41255
G1 X113.676 Y103.872 E360.45078
G1 X113.244 Y104.936 E360.48898
G1 X113.098 Y106.078 E360.52727
G1 X113.259 Y107.21 E360.5653
G1 X113.706 Y108.269 E360.60353
G1 X114.41 Y109.172 E360.64161
G1 X115.328 Y109.864 E360.67985
G1 X116.392 Y110.3 E360.71809
G1 X117.5 Y110.438 E360.75523
G1 X117.534 Y110.442 E360.75637
G0 F9000 X116.971 Y109.89
;TYPE:FILL
G1 F2738 X118.964 Y102.453 E361.01245
G0 F9000 X118.879 Y102.663
G0 X120.882 Y104.666
G0 X121.093 Y104.578
G1 F2738 X113.654 Y106.571 E361.2686
G0 F9000 X113.883 Y106.54
G0 X114.615 Y103.803
G0 X114.433 Y103.664
G1 F2738 X119.877 Y109.108 E361.52467
G0 F9000 X119.555 Y108.691
G1 F1500 E355.02467
;MESH:dubelUpper.stl(1)
G0 F9000 X117.532 Y110.211
G0 X117.665 Y112.958
G0 X117.487 Y117.799
G0 X117.5 Y118.106
;TYPE:WALL-INNER
G1 F1500 E361.52467
G1 X117.938 Y118.083 E361.53926
G1 X118.559 Y117.887 E361.56092
G1 X119.109 Y117.537 E361.5826
G1 X119.542 Y117.059 E361.60405
G1 X119.847 Y116.47 E361.62611
G1 X119.985 Y115.845 E361.6474
G1 X119.949 Y115.189 E361.66925
G1 X119.755 Y114.569 E361.69086
G1 X119.405 Y114.019 E361.71254
G1 X118.927 Y113.586 E361.73399
G1 X118.338 Y113.282 E361.75604
G1 X117.713 Y113.144 E361.77733
G1 X117.056 Y113.176 E361.79921
G1 X116.44 Y113.373 E361.82072
G1 X115.886 Y113.724 E361.84253
G1 X115.454 Y114.201 E361.86393
G1 X115.15 Y114.79 E361.88598
G1 X115.012 Y115.415 E361.90727
G1 X115.044 Y116.072 E361.92915
G1 X115.24 Y116.69 E361.95071
G1 X115.595 Y117.241 E361.97251
G1 X116.07 Y117.675 E361.99391
G1 X116.658 Y117.979 E362.01593
G1 X117.287 Y118.117 E362.03734
G1 X117.5 Y118.106 E362.04444
G0 F9000 X117.5 Y118.507
;TYPE:WALL-OUTER
G1 F1500 X118.011 Y118.481 E362.06146
G1 X118.73 Y118.253 E362.08654
G1 X119.369 Y117.845 E362.11176
G1 X119.874 Y117.289 E362.13674
G1 X120.226 Y116.607 E362.16227
G1 X120.387 Y115.879 E362.18707
G1 X120.348 Y115.117 E362.21244
G1 X120.121 Y114.398 E362.23752
G1 X119.713 Y113.759 E362.26274
G1 X119.157 Y113.254 E362.28772
G1 X118.475 Y112.902 E362.31325
G1 X117.747 Y112.742 E362.33804
G1 X116.984 Y112.779 E362.36344
G1 X116.27 Y113.007 E362.38837
G1 X115.626 Y113.415 E362.41373
G1 X115.122 Y113.971 E362.43869
G1 X114.77 Y114.653 E362.46422
G1 X114.61 Y115.381 E362.48901
G1 X114.647 Y116.144 E362.51441
G1 X114.875 Y116.862 E362.53947
G1 X115.287 Y117.501 E362.56476
G1 X115.84 Y118.006 E362.58967
G1 X116.521 Y118.358 E362.61516
G1 X117.253 Y118.519 E362.64009
G1 X117.5 Y118.507 E362.64832
G0 F9000 X117.358 Y118.034
;TYPE:FILL
G1 F2738 X118.575 Y113.495 E362.80462
G0 F9000 X118.471 Y113.696
G0 X119.457 Y114.676
G0 X119.652 Y114.553
G1 F2738 X115.109 Y115.77 E362.96105
G0 F9000 X115.34 Y115.76
G0 X115.693 Y114.413
G0 X115.488 Y114.307
G1 F2738 X118.812 Y117.631 E363.1174
G0 F9000 X118.529 Y117.186
G1 F1500 E356.6174
;MESH:dubelUpper.stl
G0 F9000 X117.276 Y118.289
G0 X117.327 Y119.381
G0 X117.401 Y121.061
G0 X117.451 Y122.134
G0 X117.487 Y126.964
G0 X117.5 Y127.272
;TYPE:WALL-INNER
G1 F1500 E363.1174
G1 F1503.8 X117.941 Y127.252 E363.13204
G1 F1500 X118.558 Y127.056 E363.15357
G1 X119.108 Y126.702 E363.17533
G1 X119.542 Y126.223 E363.19683
G1 X119.847 Y125.634 E363.21889
G1 X119.985 Y125.009 E363.24018
G1 X119.952 Y124.352 E363.26206
G1 X119.756 Y123.738 E363.28349
G1 X119.404 Y123.186 E363.30527
G1 X118.927 Y122.75 E363.32676
G1 X118.338 Y122.451 E363.34873
G1 X117.711 Y122.312 E363.37009
G1 X117.054 Y122.34 E363.39196
G1 X116.438 Y122.536 E363.41346
G1 X115.887 Y122.891 E363.43527
G1 X115.453 Y123.366 E363.45667
G1 X115.15 Y123.954 E363.47867
G1 X115.012 Y124.583 E363.50008
G1 X115.044 Y125.24 E363.52196
G1 X115.24 Y125.854 E363.5434
G1 X115.595 Y126.405 E363.5652
G1 X116.07 Y126.839 E363.5866
G1 X116.658 Y127.142 E363.6086
G1 X117.288 Y127.281 E363.63006
G1 F1503.8 X117.5 Y127.272 E363.6371
G0 F9000 X117.5 Y127.672
;TYPE:WALL-OUTER
G1 F1500 X118.012 Y127.649 E363.65414
G1 X118.73 Y127.421 E363.6792
G1 X119.369 Y127.01 E363.70447
G1 X119.874 Y126.453 E363.72948
G1 X120.226 Y125.771 E363.755
G1 X120.387 Y125.043 E363.7798
G1 X120.349 Y124.28 E363.80521
G1 X120.121 Y123.566 E363.83014
G1 X119.713 Y122.926 E363.85538
G1 X119.157 Y122.418 E363.88043
G1 X118.475 Y122.071 E363.90588
G1 X117.746 Y121.91 E363.93071
G1 X116.984 Y121.943 E363.95608
G1 X116.266 Y122.171 E363.98114
G1 X115.627 Y122.583 E364.00643
G1 X115.122 Y123.136 E364.03133
G1 X114.77 Y123.817 E364.05683
G1 X114.61 Y124.549 E364.08175
G1 X114.647 Y125.312 E364.10716
G1 X114.875 Y126.026 E364.13209
G1 X115.287 Y126.665 E364.15738
G1 X115.84 Y127.17 E364.18229
G1 X116.521 Y127.522 E364.20778
G1 X117.254 Y127.683 E364.23274
G1 X117.5 Y127.672 E364.24093
G0 F9000 X117.359 Y127.198
;TYPE:FILL
G1 F2738 X118.574 Y122.661 E364.39715
G0 F9000 X118.47 Y122.862
G0 X119.456 Y123.84
G0 X119.649 Y123.718
G1 F2738 X115.11 Y124.934 E364.55344
G0 F9000 X115.34 Y124.924
G0 X115.694 Y123.577
G0 X115.489 Y123.471
G1 F2738 X118.814 Y126.796 E364.70984
G0 F9000 X118.529 Y126.352
G1 F1500 E358.20984
;MESH:NONMESH
G0 F300 X118.529 Y126.352 Z8
G0 F9000 X117.724 Y122.14
G0 X117.673 Y121.048
G0 X120.595 Y117.784
G0 X121.046 Y116.91
G0 X121.256 Y115.948
G0 X122.769 Y106.005
G0 X122.58 Y104.642
G0 X122.045 Y103.375
G0 X121.199 Y102.29
G0 X120.31 Y101.619
G0 X117.562 Y99.921
G0 X117.411 Y98.839
G0 X117.408 Y98.356
G0 X117.41 Y98.666
;TIME_ELAPSED:707.104352
;LAYER:39
;note -- min layer time used
;TYPE:WALL-INNER
;MESH:dubelHinge.stl(1)
G1 F1500 E364.70984
G1 X118.438 Y98.521 E364.74437
G1 X119.401 Y98.114 E364.77914
G1 X120.22 Y97.475 E364.81369
G1 X120.849 Y96.641 E364.84844
G1 X121.242 Y95.674 E364.88315
G1 X121.374 Y94.637 E364.91792
G1 X121.228 Y93.61 E364.95243
G1 X120.822 Y92.647 E364.98719
G1 X120.183 Y91.828 E365.02174
G1 X119.348 Y91.2 E365.05649
G1 X118.382 Y90.806 E365.09118
G1 X117.345 Y90.674 E365.12595
G1 X116.318 Y90.82 E365.16046
G1 X115.351 Y91.226 E365.19534
G1 X114.536 Y91.865 E365.22978
G1 X113.906 Y92.7 E365.26457
G1 X113.51 Y93.666 E365.2993
G1 X113.382 Y94.702 E365.33402
G1 X113.528 Y95.73 E365.36855
G1 X113.935 Y96.697 E365.40345
G1 X114.573 Y97.516 E365.43798
G1 X115.407 Y98.145 E365.47272
G1 X116.373 Y98.538 E365.50741
G1 X117.382 Y98.663 E365.54122
G1 X117.41 Y98.666 E365.54216
G0 F9000 X117.414 Y99.07
;TYPE:WALL-OUTER
G1 F1500 X118.546 Y98.909 E365.58019
G1 X119.605 Y98.462 E365.61842
G1 X120.508 Y97.758 E365.6565
G1 X121.2 Y96.84 E365.69474
G1 X121.632 Y95.776 E365.73293
G1 X121.778 Y94.634 E365.77123
G1 X121.617 Y93.502 E365.80926
G1 X121.17 Y92.443 E365.84749
G1 X120.466 Y91.54 E365.88557
G1 X119.548 Y90.848 E365.92381
G1 X118.484 Y90.416 E365.962
G1 X117.342 Y90.27 E366.00029
G1 X116.21 Y90.431 E366.03832
G1 X115.147 Y90.878 E366.07668
G1 X114.248 Y91.582 E366.11465
G1 X113.556 Y92.5 E366.15289
G1 X113.12 Y93.564 E366.19113
G1 X112.978 Y94.706 E366.22941
G1 X113.139 Y95.838 E366.26744
G1 X113.587 Y96.901 E366.30581
G1 X114.29 Y97.804 E366.34387
G1 X115.208 Y98.496 E366.38211
G1 X116.271 Y98.928 E366.42027
G1 X117.383 Y99.066 E366.45754
G1 X117.414 Y99.07 E366.45858
G0 F9000 X116.709 Y98.5
;TYPE:FILL
G1 F2760.1 X118.711 Y91.027 E366.71589
G0 F9000 X118.625 Y91.237
G0 X120.816 Y93.426
G0 X121.028 Y93.338
G1 F2760.1 X113.553 Y95.341 E366.97329
G0 F9000 X113.782 Y95.31
G0 X114.582 Y92.317
G0 X114.399 Y92.178
G1 F2760.1 X119.868 Y97.648 E367.23055
G0 F9000 X119.546 Y97.232
G1 F1500 E360.73055
;MESH:dubelHinge.stl
G0 F9000 X118.486 Y98.689
G0 X118.637 Y99.772
G0 X118.215 Y100.867
G0 X118.082 Y101.953
G0 X117.529 Y109.728
G0 X117.53 Y110.038
;TYPE:WALL-INNER
G1 F1500 E367.23055
G1 X118.558 Y109.892 E367.26509
G1 X119.525 Y109.485 E367.29998
G1 X120.344 Y108.847 E367.33451
G1 X120.973 Y108.013 E367.36926
G1 X121.366 Y107.047 E367.40394
G1 X121.494 Y106.01 E367.4387
G1 X121.348 Y104.982 E367.47323
G1 X120.942 Y104.015 E367.50811
G1 X120.303 Y103.2 E367.54256
G1 X119.469 Y102.571 E367.5773
G1 X118.502 Y102.178 E367.61202
G1 X117.465 Y102.046 E367.64679
G1 X116.438 Y102.192 E367.68129
G1 X115.475 Y102.598 E367.71605
G1 X114.656 Y103.237 E367.7506
G1 X114.027 Y104.071 E367.78534
G1 X113.634 Y105.038 E367.82006
G1 X113.502 Y106.075 E367.85483
G1 X113.648 Y107.102 E367.88933
G1 X114.054 Y108.065 E367.92409
G1 X114.693 Y108.884 E367.95864
G1 X115.528 Y109.514 E367.99343
G1 X116.494 Y109.91 E368.02816
G1 X117.5 Y110.034 E368.06187
G1 X117.53 Y110.038 E368.06288
G0 F9000 X117.534 Y110.442
;TYPE:WALL-OUTER
G1 F1500 X118.666 Y110.281 E368.1009
G1 X119.729 Y109.833 E368.13927
G1 X120.632 Y109.13 E368.17733
G1 X121.324 Y108.212 E368.21557
G1 X121.756 Y107.149 E368.25373
G1 X121.898 Y106.006 E368.29204
G1 X121.737 Y104.874 E368.33007
G1 X121.29 Y103.811 E368.36843
G1 X120.586 Y102.912 E368.4064
G1 X119.668 Y102.22 E368.44464
G1 X118.604 Y101.788 E368.48283
G1 X117.462 Y101.642 E368.52113
G1 X116.33 Y101.803 E368.55916
G1 X115.271 Y102.25 E368.59739
G1 X114.368 Y102.954 E368.63547
G1 X113.676 Y103.872 E368.67371
G1 X113.244 Y104.936 E368.7119
G1 X113.098 Y106.078 E368.75019
G1 X113.259 Y107.21 E368.78822
G1 X113.706 Y108.269 E368.82645
G1 X114.41 Y109.172 E368.86454
G1 X115.328 Y109.864 E368.90277
G1 X116.392 Y110.3 E368.94102
G1 X117.5 Y110.438 E368.97815
G1 X117.534 Y110.442 E368.97929
G0 F9000 X116.83 Y109.873
;TYPE:FILL
G1 F2760.1 X118.832 Y102.399 E369.23664
G0 F9000 X118.746 Y102.609
G0 X120.937 Y104.797
G0 X121.148 Y104.71
G1 F2760.1 X113.674 Y106.712 E369.49399
G0 F9000 X113.903 Y106.681
G0 X114.701 Y103.689
G0 X114.519 Y103.55
G1 F2760.1 X119.989 Y109.02 E369.75129
G0 F9000 X119.667 Y108.604
G1 F1500 E363.25129
;MESH:dubelUpper.stl(1)
G0 F9000 X118.606 Y110.061
G0 X118.757 Y111.144
G0 X118.188 Y111.956
G0 X117.957 Y113.025
G0 X117.487 Y117.799
G0 X117.5 Y118.106
;TYPE:WALL-INNER
G1 F1500 E369.75129
G1 X117.938 Y118.083 E369.76587
G1 X118.559 Y117.887 E369.78753
G1 X119.109 Y117.537 E369.80922
G1 X119.542 Y117.059 E369.83067
G1 X119.847 Y116.47 E369.85273
G1 X119.985 Y115.845 E369.87402
G1 X119.949 Y115.189 E369.89587
G1 X119.755 Y114.569 E369.91747
G1 X119.405 Y114.019 E369.93916
G1 X118.927 Y113.586 E369.96061
G1 X118.338 Y113.282 E369.98265
G1 X117.713 Y113.144 E370.00394
G1 X117.056 Y113.176 E370.02582
G1 X116.44 Y113.373 E370.04733
G1 X115.886 Y113.724 E370.06914
G1 X115.454 Y114.201 E370.09055
G1 X115.15 Y114.79 E370.11259
G1 X115.012 Y115.415 E370.13388
G1 X115.044 Y116.072 E370.15576
G1 X115.24 Y116.69 E370.17732
G1 X115.595 Y117.241 E370.19912
G1 X116.07 Y117.675 E370.22052
G1 X116.658 Y117.979 E370.24254
G1 X117.287 Y118.117 E370.26396
G1 X117.5 Y118.106 E370.27105
G0 F9000 X117.5 Y118.507
;TYPE:WALL-OUTER
G1 F1500 X118.011 Y118.481 E370.28807
G1 X118.73 Y118.253 E370.31316
G1 X119.369 Y117.845 E370.33837
G1 X119.874 Y117.289 E370.36336
G1 X120.226 Y116.607 E370.38888
G1 X120.387 Y115.879 E370.41368
G1 X120.348 Y115.117 E370.43906
G1 X120.121 Y114.398 E370.46414
G1 X119.713 Y113.759 E370.48935
G1 X119.157 Y113.254 E370.51433
G1 X118.475 Y112.902 E370.53986
G1 X117.747 Y112.742 E370.56465
G1 X116.984 Y112.779 E370.59006
G1 X116.27 Y113.007 E370.61499
G1 X115.626 Y113.415 E370.64034
G1 X115.122 Y113.971 E370.6653
G1 X114.77 Y114.653 E370.69083
G1 X114.61 Y115.381 E370.71562
G1 X114.647 Y116.144 E370.74103
G1 X114.875 Y116.862 E370.76609
G1 X115.287 Y117.501 E370.79137
G1 X115.84 Y118.006 E370.81628
G1 X116.521 Y118.358 E370.84178
G1 X117.253 Y118.519 E370.86671
G1 X117.5 Y118.507 E370.87493
G0 F9000 X117.216 Y118.02
;TYPE:FILL
G1 F2760.1 X118.447 Y113.428 E371.03305
G0 F9000 X118.342 Y113.63
G0 X119.49 Y114.753
G0 X119.708 Y114.684
G1 F2760.1 X115.116 Y115.914 E371.19117
G0 F9000 X115.347 Y115.904
G0 X115.742 Y114.348
G0 X115.571 Y114.191
G1 F2760.1 X118.933 Y117.553 E371.34931
G0 F9000 X118.651 Y117.108
G1 F1500 E364.84931
;MESH:dubelUpper.stl
G0 F9000 X117.972 Y118.257
G0 X118.023 Y119.348
G0 X117.957 Y121.07
G0 X117.724 Y122.14
G0 X117.487 Y126.964
G0 X117.5 Y127.272
;TYPE:WALL-INNER
G1 F1500 E371.34931
G1 F1503.8 X117.941 Y127.252 E371.36395
G1 F1500 X118.558 Y127.056 E371.38549
G1 X119.108 Y126.702 E371.40724
G1 X119.542 Y126.223 E371.42874
G1 X119.847 Y125.634 E371.4508
G1 X119.985 Y125.009 E371.47209
G1 X119.952 Y124.352 E371.49397
G1 X119.756 Y123.738 E371.5154
G1 X119.404 Y123.186 E371.53718
G1 X118.927 Y122.75 E371.55867
G1 X118.338 Y122.451 E371.58064
G1 X117.711 Y122.312 E371.602
G1 X117.054 Y122.34 E371.62388
G1 X116.438 Y122.536 E371.64538
G1 X115.887 Y122.891 E371.66718
G1 X115.453 Y123.366 E371.68858
G1 X115.15 Y123.954 E371.71058
G1 X115.012 Y124.583 E371.732
G1 X115.044 Y125.24 E371.75387
G1 X115.24 Y125.854 E371.77531
G1 X115.595 Y126.405 E371.79711
G1 X116.07 Y126.839 E371.81851
G1 X116.658 Y127.142 E371.84051
G1 X117.288 Y127.281 E371.86197
G1 F1503.8 X117.5 Y127.272 E371.86901
G0 F9000 X117.5 Y127.672
;TYPE:WALL-OUTER
G1 F1500 X118.012 Y127.649 E371.88606
G1 X118.73 Y127.421 E371.91111
G1 X119.369 Y127.01 E371.93638
G1 X119.874 Y126.453 E371.96139
G1 X120.226 Y125.771 E371.98691
G1 X120.387 Y125.043 E372.01171
G1 X120.349 Y124.28 E372.03712
G1 X120.121 Y123.566 E372.06205
G1 X119.713 Y122.926 E372.0873
G1 X119.157 Y122.418 E372.11234
G1 X118.475 Y122.071 E372.1378
G1 X117.746 Y121.91 E372.16263
G1 X116.984 Y121.943 E372.18799
G1 X116.266 Y122.171 E372.21305
G1 X115.627 Y122.583 E372.23834
G1 X115.122 Y123.136 E372.26325
G1 X114.77 Y123.817 E372.28874
G1 X114.61 Y124.549 E372.31366
G1 X114.647 Y125.312 E372.33907
G1 X114.875 Y126.026 E372.364
G1 X115.287 Y126.665 E372.38929
G1 X115.84 Y127.17 E372.4142
G1 X116.521 Y127.522 E372.43969
G1 X117.254 Y127.683 E372.46465
G1 X117.5 Y127.672 E372.47284
G0 F9000 X117.217 Y127.184
;TYPE:FILL
G1 F2760.1 X118.446 Y122.596 E372.63082
G0 F9000 X118.343 Y122.796
G0 X119.49 Y123.917
G0 X119.707 Y123.849
G1 F2760.1 X115.116 Y125.079 E372.7889
G0 F9000 X115.347 Y125.069
G0 X115.744 Y123.512
G0 X115.572 Y123.354
G1 F2760.1 X118.935 Y126.717 E372.94709
G0 F9000 X118.651 Y126.274
G1 F1500 E366.44709
;MESH:NONMESH
G0 F300 X118.651 Y126.274 Z8.2
G0 F9000 X117.724 Y122.14
G0 X117.673 Y121.048
G0 X120.595 Y117.784
G0 X121.046 Y116.91
G0 X121.256 Y115.948
G0 X122.769 Y106.005
G0 X122.58 Y104.642
G0 X122.045 Y103.375
G0 X121.199 Y102.29
G0 X120.31 Y101.619
G0 X117.562 Y99.921
G0 X117.411 Y98.839
G0 X117.408 Y98.356
G0 X117.41 Y98.666
;TIME_ELAPSED:722.856767
;LAYER:40
;note -- min layer time used
;TYPE:WALL-INNER
;MESH:dubelHinge.stl(1)
G1 F1500 E372.94709
G1 X118.438 Y98.521 E372.98162
G1 X119.401 Y98.114 E373.01639
G1 X120.22 Y97.475 E373.05094
G1 X120.849 Y96.641 E373.08569
G1 X121.242 Y95.674 E373.1204
G1 X121.374 Y94.637 E373.15517
G1 X121.228 Y93.61 E373.18967
G1 X120.822 Y92.647 E373.22443
G1 X120.183 Y91.828 E373.25898
G1 X119.348 Y91.2 E373.29373
G1 X118.382 Y90.806 E373.32843
G1 X117.345 Y90.674 E373.3632
G1 X116.318 Y90.82 E373.3977
G1 X115.351 Y91.226 E373.43259
G1 X114.536 Y91.865 E373.46703
G1 X113.906 Y92.7 E373.50182
G1 X113.51 Y93.666 E373.53655
G1 X113.382 Y94.702 E373.57127
G1 X113.528 Y95.73 E373.6058
G1 X113.935 Y96.697 E373.6407
G1 X114.573 Y97.516 E373.67523
G1 X115.407 Y98.145 E373.70997
G1 X116.373 Y98.538 E373.74466
G1 X117.382 Y98.663 E373.77847
G1 X117.41 Y98.666 E373.77941
G0 F9000 X117.414 Y99.07
;TYPE:WALL-OUTER
G1 F1500 X118.546 Y98.909 E373.81744
G1 X119.605 Y98.462 E373.85567
G1 X120.508 Y97.758 E373.89375
G1 X121.2 Y96.84 E373.93199
G1 X121.632 Y95.776 E373.97018
G1 X121.778 Y94.634 E374.00847
G1 X121.617 Y93.502 E374.0465
G1 X121.17 Y92.443 E374.08474
G1 X120.466 Y91.54 E374.12282
G1 X119.548 Y90.848 E374.16105
G1 X118.484 Y90.416 E374.19925
G1 X117.342 Y90.27 E374.23754
G1 X116.21 Y90.431 E374.27557
G1 X115.147 Y90.878 E374.31392
G1 X114.248 Y91.582 E374.3519
G1 X113.556 Y92.5 E374.39014
G1 X113.12 Y93.564 E374.42838
G1 X112.978 Y94.706 E374.46666
G1 X113.139 Y95.838 E374.50469
G1 X113.587 Y96.901 E374.54306
G1 X114.29 Y97.804 E374.58112
G1 X115.208 Y98.496 E374.61935
G1 X116.271 Y98.928 E374.65752
G1 X117.383 Y99.066 E374.69479
G1 X117.414 Y99.07 E374.69583
G0 F9000 X117.408 Y98.356
G0 X116.595 Y98.254
G0 X116.567 Y98.481
;TYPE:FILL
G1 F2802.7 X118.579 Y90.973 E374.95435
G0 F9000 X118.493 Y91.183
G0 X120.872 Y93.558
G0 X121.083 Y93.47
G1 F2802.7 X113.574 Y95.482 E375.21291
G0 F9000 X113.802 Y95.452
G0 X114.668 Y92.204
G0 X114.485 Y92.064
G1 F2802.7 X119.98 Y97.56 E375.47141
G0 F9000 X119.659 Y97.144
G1 F1500 E368.97141
;MESH:dubelHinge.stl
G0 F9000 X118.486 Y98.689
G0 X118.637 Y99.772
G0 X118.215 Y100.867
G0 X118.082 Y101.953
G0 X117.529 Y109.728
G0 X117.53 Y110.038
;TYPE:WALL-INNER
G1 F1500 E375.47141
G1 X118.558 Y109.892 E375.50594
G1 X119.525 Y109.485 E375.54084
G1 X120.344 Y108.847 E375.57537
G1 X120.973 Y108.013 E375.61011
G1 X121.366 Y107.047 E375.6448
G1 X121.494 Y106.01 E375.67955
G1 X121.348 Y104.982 E375.71408
G1 X120.942 Y104.015 E375.74897
G1 X120.303 Y103.2 E375.78341
G1 X119.469 Y102.571 E375.81815
G1 X118.502 Y102.178 E375.85287
G1 X117.465 Y102.046 E375.88764
G1 X116.438 Y102.192 E375.92214
G1 X115.475 Y102.598 E375.9569
G1 X114.656 Y103.237 E375.99145
G1 X114.027 Y104.071 E376.0262
G1 X113.634 Y105.038 E376.06091
G1 X113.502 Y106.075 E376.09568
G1 X113.648 Y107.102 E376.13018
G1 X114.054 Y108.065 E376.16494
G1 X114.693 Y108.884 E376.19949
G1 X115.528 Y109.514 E376.23428
G1 X116.494 Y109.91 E376.26901
G1 X117.5 Y110.034 E376.30272
G1 X117.53 Y110.038 E376.30373
G0 F9000 X117.534 Y110.442
;TYPE:WALL-OUTER
G1 F1500 X118.666 Y110.281 E376.34176
G1 X119.729 Y109.833 E376.38012
G1 X120.632 Y109.13 E376.41819
G1 X121.324 Y108.212 E376.45642
G1 X121.756 Y107.149 E376.49459
G1 X121.898 Y106.006 E376.53289
G1 X121.737 Y104.874 E376.57092
G1 X121.29 Y103.811 E376.60928
G1 X120.586 Y102.912 E376.64726
G1 X119.668 Y102.22 E376.68549
G1 X118.604 Y101.788 E376.72369
G1 X117.462 Y101.642 E376.76198
G1 X116.33 Y101.803 E376.80001
G1 X115.271 Y102.25 E376.83824
G1 X114.368 Y102.954 E376.87632
G1 X113.676 Y103.872 E376.91456
G1 X113.244 Y104.936 E376.95275
G1 X113.098 Y106.078 E376.99105
G1 X113.259 Y107.21 E377.02907
G1 X113.706 Y108.269 E377.06731
G1 X114.41 Y109.172 E377.10539
G1 X115.328 Y109.864 E377.14363
G1 X116.392 Y110.3 E377.18187
G1 X117.5 Y110.438 E377.21901
G1 X117.534 Y110.442 E377.22015
G0 F9000 X117.529 Y109.728
G0 X116.717 Y109.626
G0 X116.688 Y109.854
;TYPE:FILL
G1 F2802.7 X118.7 Y102.345 E377.47871
G0 F9000 X118.614 Y102.555
G0 X120.993 Y104.93
G0 X121.204 Y104.842
G1 F2802.7 X113.694 Y106.854 E377.7373
G0 F9000 X113.923 Y106.824
G0 X114.787 Y103.575
G0 X114.605 Y103.436
G1 F2802.7 X120.102 Y108.933 E377.99586
G0 F9000 X119.78 Y108.516
G1 F1500 E371.49586
;MESH:dubelUpper.stl(1)
G0 F9000 X118.606 Y110.061
G0 X118.757 Y111.144
G0 X118.188 Y111.956
G0 X117.957 Y113.025
G0 X117.487 Y117.799
G0 X117.5 Y118.106
;TYPE:WALL-INNER
G1 F1500 E377.99586
G1 X117.938 Y118.083 E378.01045
G1 X118.559 Y117.887 E378.03211
G1 X119.109 Y117.537 E378.05379
G1 X119.542 Y117.059 E378.07524
G1 X119.847 Y116.47 E378.0973
G1 X119.985 Y115.845 E378.11859
G1 X119.949 Y115.189 E378.14044
G1 X119.755 Y114.569 E378.16205
G1 X119.405 Y114.019 E378.18373
G1 X118.927 Y113.586 E378.20518
G1 X118.338 Y113.282 E378.22723
G1 X117.713 Y113.144 E378.24852
G1 X117.056 Y113.176 E378.2704
G1 X116.44 Y113.373 E378.29191
G1 X115.886 Y113.724 E378.31372
G1 X115.454 Y114.201 E378.33512
G1 X115.15 Y114.79 E378.35717
G1 X115.012 Y115.415 E378.37846
G1 X115.044 Y116.072 E378.40034
G1 X115.24 Y116.69 E378.4219
G1 X115.595 Y117.241 E378.4437
G1 X116.07 Y117.675 E378.4651
G1 X116.658 Y117.979 E378.48712
G1 X117.287 Y118.117 E378.50853
G1 X117.5 Y118.106 E378.51563
G0 F9000 X117.5 Y118.507
;TYPE:WALL-OUTER
G1 F1500 X118.011 Y118.481 E378.53265
G1 X118.73 Y118.253 E378.55773
G1 X119.369 Y117.845 E378.58295
G1 X119.874 Y117.289 E378.60793
G1 X120.226 Y116.607 E378.63346
G1 X120.387 Y115.879 E378.65826
G1 X120.348 Y115.117 E378.68363
G1 X120.121 Y114.398 E378.70871
G1 X119.713 Y113.759 E378.73393
G1 X119.157 Y113.254 E378.75891
G1 X118.475 Y112.902 E378.78444
G1 X117.747 Y112.742 E378.80923
G1 X116.984 Y112.779 E378.83463
G1 X116.27 Y113.007 E378.85956
G1 X115.626 Y113.415 E378.88492
G1 X115.122 Y113.971 E378.90988
G1 X114.77 Y114.653 E378.93541
G1 X114.61 Y115.381 E378.9602
G1 X114.647 Y116.144 E378.9856
G1 X114.875 Y116.862 E379.01066
G1 X115.287 Y117.501 E379.03595
G1 X115.84 Y118.006 E379.06086
G1 X116.521 Y118.358 E379.08635
G1 X117.253 Y118.519 E379.11128
G1 X117.5 Y118.507 E379.11951
G0 F9000 X117.077 Y117.989
;TYPE:FILL
G1 F2802.7 X118.317 Y113.362 E379.27883
G0 F9000 X118.244 Y113.579
G0 X119.533 Y114.889
G0 X119.751 Y114.82
G1 F2802.7 X115.123 Y116.06 E379.43819
G0 F9000 X115.351 Y116.017
G0 X115.838 Y114.243
G0 X115.666 Y114.085
G1 F2802.7 X119.056 Y117.474 E379.59762
G0 F9000 X118.713 Y117.068
G1 F1500 E373.09762
;MESH:dubelUpper.stl
G0 F9000 X117.972 Y118.257
G0 X118.023 Y119.348
G0 X117.957 Y121.07
G0 X117.724 Y122.14
G0 X117.487 Y126.964
G0 X117.5 Y127.272
;TYPE:WALL-INNER
G1 F1500 E379.59762
G1 F1503.8 X117.941 Y127.252 E379.61227
G1 F1500 X118.558 Y127.056 E379.6338
G1 X119.108 Y126.702 E379.65555
G1 X119.542 Y126.223 E379.67705
G1 X119.847 Y125.634 E379.69911
G1 X119.985 Y125.009 E379.7204
G1 X119.952 Y124.352 E379.74228
G1 X119.756 Y123.738 E379.76372
G1 X119.404 Y123.186 E379.78549
G1 X118.927 Y122.75 E379.80699
G1 X118.338 Y122.451 E379.82896
G1 X117.711 Y122.312 E379.85032
G1 X117.054 Y122.34 E379.87219
G1 X116.438 Y122.536 E379.89369
G1 X115.887 Y122.891 E379.91549
G1 X115.453 Y123.366 E379.93689
G1 X115.15 Y123.954 E379.95889
G1 X115.012 Y124.583 E379.98031
G1 X115.044 Y125.24 E380.00219
G1 X115.24 Y125.854 E380.02362
G1 X115.595 Y126.405 E380.04542
G1 X116.07 Y126.839 E380.06682
G1 X116.658 Y127.142 E380.08883
G1 X117.288 Y127.281 E380.11028
G1 F1503.8 X117.5 Y127.272 E380.11732
G0 F9000 X117.5 Y127.672
;TYPE:WALL-OUTER
G1 F1500 X118.012 Y127.649 E380.13437
G1 X118.73 Y127.421 E380.15943
G1 X119.369 Y127.01 E380.1847
G1 X119.874 Y126.453 E380.2097
G1 X120.226 Y125.771 E380.23523
G1 X120.387 Y125.043 E380.26003
G1 X120.349 Y124.28 E380.28544
G1 X120.121 Y123.566 E380.31036
G1 X119.713 Y122.926 E380.33561
G1 X119.157 Y122.418 E380.36066
G1 X118.475 Y122.071 E380.38611
G1 X117.746 Y121.91 E380.41094
G1 X116.984 Y121.943 E380.43631
G1 X116.266 Y122.171 E380.46136
G1 X115.627 Y122.583 E380.48665
G1 X115.122 Y123.136 E380.51156
G1 X114.77 Y123.817 E380.53706
G1 X114.61 Y124.549 E380.56198
G1 X114.647 Y125.312 E380.58738
G1 X114.875 Y126.026 E380.61231
G1 X115.287 Y126.665 E380.6376
G1 X115.84 Y127.17 E380.66251
G1 X116.521 Y127.522 E380.68801
G1 X117.254 Y127.683 E380.71297
G1 X117.5 Y127.672 E380.72116
G0 F9000 X117.078 Y127.154
;TYPE:FILL
G1 F2802.7 X118.316 Y122.531 E380.88034
G0 F9000 X118.24 Y122.743
G0 X119.533 Y124.053
G0 X119.751 Y123.984
G1 F2802.7 X115.124 Y125.224 E381.03966
G0 F9000 X115.351 Y125.182
G0 X115.84 Y123.407
G0 X115.668 Y123.249
G1 F2802.7 X119.057 Y126.639 E381.19909
G0 F9000 X118.713 Y126.234
G1 F1500 E374.69909
;MESH:NONMESH
G0 F300 X118.713 Y126.234 Z8.4
G0 F9000 X117.724 Y122.14
G0 X117.673 Y121.048
G0 X120.595 Y117.784
G0 X121.046 Y116.91
G0 X121.256 Y115.948
G0 X122.769 Y106.005
G0 X122.58 Y104.642
G0 X122.045 Y103.375
G0 X121.199 Y102.29
G0 X120.31 Y101.619
G0 X117.562 Y99.921
G0 X117.411 Y98.839
G0 X117.408 Y98.356
G0 X117.41 Y98.666
;TIME_ELAPSED:738.826461
;LAYER:41
;note -- min layer time used
;TYPE:WALL-INNER
;MESH:dubelHinge.stl(1)
G1 F1500 E381.19909
G1 X118.438 Y98.521 E381.23362
G1 X119.401 Y98.114 E381.2684
G1 X120.22 Y97.475 E381.30295
G1 X120.849 Y96.641 E381.33769
G1 X121.242 Y95.674 E381.37241
G1 X121.374 Y94.637 E381.40718
G1 X121.228 Y93.61 E381.44168
G1 X120.822 Y92.647 E381.47644
G1 X120.183 Y91.828 E381.51099
G1 X119.348 Y91.2 E381.54574
G1 X118.382 Y90.806 E381.58044
G1 X117.345 Y90.674 E381.61521
G1 X116.318 Y90.82 E381.64971
G1 X115.351 Y91.226 E381.68459
G1 X114.536 Y91.865 E381.71904
G1 X113.906 Y92.7 E381.75383
G1 X113.51 Y93.666 E381.78855
G1 X113.382 Y94.702 E381.82327
G1 X113.528 Y95.73 E381.8578
G1 X113.935 Y96.697 E381.8927
G1 X114.573 Y97.516 E381.92723
G1 X115.407 Y98.145 E381.96197
G1 X116.373 Y98.538 E381.99666
G1 X117.382 Y98.663 E382.03048
G1 X117.41 Y98.666 E382.03141
G0 F9000 X117.414 Y99.07
;TYPE:WALL-OUTER
G1 F1500 X118.546 Y98.909 E382.06944
G1 X119.605 Y98.462 E382.10767
G1 X120.508 Y97.758 E382.14576
G1 X121.2 Y96.84 E382.18399
G1 X121.632 Y95.776 E382.22219
G1 X121.778 Y94.634 E382.26048
G1 X121.617 Y93.502 E382.29851
G1 X121.17 Y92.443 E382.33674
G1 X120.466 Y91.54 E382.37482
G1 X119.548 Y90.848 E382.41306
G1 X118.484 Y90.416 E382.45125
G1 X117.342 Y90.27 E382.48955
G1 X116.21 Y90.431 E382.52757
G1 X115.147 Y90.878 E382.56593
G1 X114.248 Y91.582 E382.60391
G1 X113.556 Y92.5 E382.64214
G1 X113.12 Y93.564 E382.68039
G1 X112.978 Y94.706 E382.71866
G1 X113.139 Y95.838 E382.75669
G1 X113.587 Y96.901 E382.79506
G1 X114.29 Y97.804 E382.83312
G1 X115.208 Y98.496 E382.87136
G1 X116.271 Y98.928 E382.90952
G1 X117.383 Y99.066 E382.94679
G1 X117.414 Y99.07 E382.94783
G0 F9000 X117.408 Y98.356
G0 X116.455 Y98.236
G0 X116.426 Y98.464
;TYPE:FILL
G1 F2829.2 X118.447 Y90.919 E383.20762
G0 F9000 X118.361 Y91.13
G0 X120.927 Y93.689
G0 X121.139 Y93.601
G1 F2829.2 X113.594 Y95.623 E383.46743
G0 F9000 X113.822 Y95.593
G0 X114.754 Y92.09
G0 X114.571 Y91.951
G1 F2829.2 X120.093 Y97.473 E383.72717
G0 F9000 X119.771 Y97.057
G1 F1500 E377.22717
;MESH:dubelHinge.stl
G0 F9000 X118.486 Y98.689
G0 X118.637 Y99.772
G0 X118.215 Y100.867
G0 X118.082 Y101.953
G0 X117.529 Y109.728
G0 X117.53 Y110.038
;TYPE:WALL-INNER
G1 F1500 E383.72717
G1 X118.558 Y109.892 E383.7617
G1 X119.525 Y109.485 E383.7966
G1 X120.344 Y108.847 E383.83113
G1 X120.973 Y108.013 E383.86587
G1 X121.366 Y107.047 E383.90056
G1 X121.494 Y106.01 E383.93531
G1 X121.348 Y104.982 E383.96984
G1 X120.942 Y104.015 E384.00472
G1 X120.303 Y103.2 E384.03917
G1 X119.469 Y102.571 E384.07391
G1 X118.502 Y102.178 E384.10863
G1 X117.465 Y102.046 E384.1434
G1 X116.438 Y102.192 E384.1779
G1 X115.475 Y102.598 E384.21266
G1 X114.656 Y103.237 E384.24721
G1 X114.027 Y104.071 E384.28196
G1 X113.634 Y105.038 E384.31667
G1 X113.502 Y106.075 E384.35144
G1 X113.648 Y107.102 E384.38594
G1 X114.054 Y108.065 E384.4207
G1 X114.693 Y108.884 E384.45525
G1 X115.528 Y109.514 E384.49004
G1 X116.494 Y109.91 E384.52477
G1 X117.5 Y110.034 E384.55848
G1 X117.53 Y110.038 E384.55949
G0 F9000 X117.534 Y110.442
;TYPE:WALL-OUTER
G1 F1500 X118.666 Y110.281 E384.59752
G1 X119.729 Y109.833 E384.63588
G1 X120.632 Y109.13 E384.67395
G1 X121.324 Y108.212 E384.71218
G1 X121.756 Y107.149 E384.75035
G1 X121.898 Y106.006 E384.78865
G1 X121.737 Y104.874 E384.82668
G1 X121.29 Y103.811 E384.86504
G1 X120.586 Y102.912 E384.90302
G1 X119.668 Y102.22 E384.94125
G1 X118.604 Y101.788 E384.97945
G1 X117.462 Y101.642 E385.01774
G1 X116.33 Y101.803 E385.05577
G1 X115.271 Y102.25 E385.094
G1 X114.368 Y102.954 E385.13208
G1 X113.676 Y103.872 E385.17032
G1 X113.244 Y104.936 E385.20851
G1 X113.098 Y106.078 E385.24681
G1 X113.259 Y107.21 E385.28483
G1 X113.706 Y108.269 E385.32307
G1 X114.41 Y109.172 E385.36115
G1 X115.328 Y109.864 E385.39938
G1 X116.392 Y110.3 E385.43763
G1 X117.5 Y110.438 E385.47477
G1 X117.534 Y110.442 E385.47591
G0 F9000 X117.529 Y109.728
G0 X116.575 Y109.609
G0 X116.546 Y109.837
;TYPE:FILL
G1 F2829.2 X118.568 Y102.291 E385.73574
G0 F9000 X118.482 Y102.502
G0 X121.049 Y105.06
G0 X121.259 Y104.973
G1 F2829.2 X113.714 Y106.994 E385.99553
G0 F9000 X113.942 Y106.964
G0 X114.874 Y103.461
G0 X114.691 Y103.322
G1 F2829.2 X120.214 Y108.845 E386.25532
G0 F9000 X119.892 Y108.429
G1 F1500 E379.75532
;MESH:dubelUpper.stl(1)
G0 F9000 X118.606 Y110.061
G0 X118.757 Y111.144
G0 X118.188 Y111.956
G0 X117.957 Y113.025
G0 X117.487 Y117.799
G0 X117.5 Y118.106
;TYPE:WALL-INNER
G1 F1500 E386.25532
G1 X117.938 Y118.083 E386.26991
G1 X118.559 Y117.887 E386.29157
G1 X119.109 Y117.537 E386.31325
G1 X119.542 Y117.059 E386.3347
G1 X119.847 Y116.47 E386.35676
G1 X119.985 Y115.845 E386.37805
G1 X119.949 Y115.189 E386.3999
G1 X119.755 Y114.569 E386.42151
G1 X119.405 Y114.019 E386.44319
G1 X118.927 Y113.586 E386.46464
G1 X118.338 Y113.282 E386.48669
G1 X117.713 Y113.144 E386.50798
G1 X117.056 Y113.176 E386.52986
G1 X116.44 Y113.373 E386.55137
G1 X115.886 Y113.724 E386.57318
G1 X115.454 Y114.201 E386.59458
G1 X115.15 Y114.79 E386.61663
G1 X115.012 Y115.415 E386.63792
G1 X115.044 Y116.072 E386.65979
G1 X115.24 Y116.69 E386.68136
G1 X115.595 Y117.241 E386.70316
G1 X116.07 Y117.675 E386.72456
G1 X116.658 Y117.979 E386.74658
G1 X117.287 Y118.117 E386.76799
G1 X117.5 Y118.106 E386.77509
G0 F9000 X117.5 Y118.507
;TYPE:WALL-OUTER
G1 F1500 X118.011 Y118.481 E386.79211
G1 X118.73 Y118.253 E386.81719
G1 X119.369 Y117.845 E386.84241
G1 X119.874 Y117.289 E386.86739
G1 X120.226 Y116.607 E386.89292
G1 X120.387 Y115.879 E386.91772
G1 X120.348 Y115.117 E386.94309
G1 X120.121 Y114.398 E386.96817
G1 X119.713 Y113.759 E386.99339
G1 X119.157 Y113.254 E387.01837
G1 X118.475 Y112.902 E387.0439
G1 X117.747 Y112.742 E387.06869
G1 X116.984 Y112.779 E387.09409
G1 X116.27 Y113.007 E387.11902
G1 X115.626 Y113.415 E387.14438
G1 X115.122 Y113.971 E387.16934
G1 X114.77 Y114.653 E387.19487
G1 X114.61 Y115.381 E387.21966
G1 X114.647 Y116.144 E387.24506
G1 X114.875 Y116.862 E387.27012
G1 X115.287 Y117.501 E387.29541
G1 X115.84 Y118.006 E387.32032
G1 X116.521 Y118.358 E387.34581
G1 X117.253 Y118.519 E387.37074
G1 X117.5 Y118.507 E387.37897
G0 F9000 X116.939 Y117.96
;TYPE:FILL
G1 F2829.2 X118.18 Y113.328 E387.53846
G0 F9000 X118.13 Y113.554
G0 X119.576 Y115.022
G0 X119.792 Y114.954
G1 F2829.2 X115.165 Y116.194 E387.69779
G0 F9000 X115.387 Y116.124
G0 X115.932 Y114.138
G0 X115.761 Y113.981
G1 F2829.2 X119.152 Y117.371 E387.85726
G0 F9000 X118.762 Y117.013
G1 F1500 E381.35726
;MESH:dubelUpper.stl
G0 F9000 X117.972 Y118.257
G0 X118.023 Y119.348
G0 X117.957 Y121.07
G0 X117.724 Y122.14
G0 X117.487 Y126.964
G0 X117.5 Y127.272
;TYPE:WALL-INNER
G1 F1500 E387.85726
G1 F1503.8 X117.941 Y127.252 E387.87191
G1 F1500 X118.558 Y127.056 E387.89344
G1 X119.108 Y126.702 E387.9152
G1 X119.542 Y126.223 E387.9367
G1 X119.847 Y125.634 E387.95876
G1 X119.985 Y125.009 E387.98005
G1 X119.952 Y124.352 E388.00192
G1 X119.756 Y123.738 E388.02336
G1 X119.404 Y123.186 E388.04514
G1 X118.927 Y122.75 E388.06663
G1 X118.338 Y122.451 E388.0886
G1 X117.711 Y122.312 E388.10996
G1 X117.054 Y122.34 E388.13183
G1 X116.438 Y122.536 E388.15333
G1 X115.887 Y122.891 E388.17513
G1 X115.453 Y123.366 E388.19653
G1 X115.15 Y123.954 E388.21853
G1 X115.012 Y124.583 E388.23995
G1 X115.044 Y125.24 E388.26183
G1 X115.24 Y125.854 E388.28327
G1 X115.595 Y126.405 E388.30507
G1 X116.07 Y126.839 E388.32647
G1 X116.658 Y127.142 E388.34847
G1 X117.288 Y127.281 E388.36993
G1 F1503.8 X117.5 Y127.272 E388.37697
G0 F9000 X117.5 Y127.672
;TYPE:WALL-OUTER
G1 F1500 X118.012 Y127.649 E388.39401
G1 X118.73 Y127.421 E388.41907
G1 X119.369 Y127.01 E388.44434
G1 X119.874 Y126.453 E388.46935
G1 X120.226 Y125.771 E388.49487
G1 X120.387 Y125.043 E388.51967
G1 X120.349 Y124.28 E388.54508
G1 X120.121 Y123.566 E388.57001
G1 X119.713 Y122.926 E388.59525
G1 X119.157 Y122.418 E388.6203
G1 X118.475 Y122.071 E388.64575
G1 X117.746 Y121.91 E388.67058
G1 X116.984 Y121.943 E388.69595
G1 X116.266 Y122.171 E388.72101
G1 X115.627 Y122.583 E388.74629
G1 X115.122 Y123.136 E388.7712
G1 X114.77 Y123.817 E388.7967
G1 X114.61 Y124.549 E388.82162
G1 X114.647 Y125.312 E388.84703
G1 X114.875 Y126.026 E388.87196
G1 X115.287 Y126.665 E388.89725
G1 X115.84 Y127.17 E388.92215
G1 X116.521 Y127.522 E388.94765
G1 X117.254 Y127.683 E388.97261
G1 X117.5 Y127.672 E388.9808
G0 F9000 X116.94 Y127.123
;TYPE:FILL
G1 F2829.2 X118.179 Y122.497 E389.14009
G0 F9000 X118.13 Y122.719
G0 X119.576 Y124.187
G0 X119.794 Y124.118
G1 F2829.2 X115.165 Y125.359 E389.29948
G0 F9000 X115.387 Y125.289
G0 X115.934 Y123.303
G0 X115.763 Y123.145
G1 F2829.2 X119.152 Y126.534 E389.45889
G0 F9000 X118.764 Y126.178
G1 F1500 E382.95889
;MESH:NONMESH
G0 F300 X118.764 Y126.178 Z8.6
G0 F9000 X117.724 Y122.14
G0 X117.673 Y121.048
G0 X120.595 Y117.784
G0 X121.046 Y116.91
G0 X121.256 Y115.948
G0 X122.769 Y106.005
G0 X122.58 Y104.642
G0 X122.045 Y103.375
G0 X121.199 Y102.29
G0 X120.31 Y101.619
G0 X117.562 Y99.921
G0 X117.411 Y98.839
G0 X117.408 Y98.356
G0 X117.41 Y98.666
;TIME_ELAPSED:754.876700
;LAYER:42
;note -- min layer time used
;TYPE:WALL-INNER
;MESH:dubelHinge.stl(1)
G1 F1500 E389.45889
G1 X118.438 Y98.521 E389.49342
G1 X119.401 Y98.114 E389.52819
G1 X120.22 Y97.475 E389.56274
G1 X120.849 Y96.641 E389.59749
G1 X121.242 Y95.674 E389.63221
G1 X121.374 Y94.637 E389.66697
G1 X121.228 Y93.61 E389.70148
G1 X120.822 Y92.647 E389.73624
G1 X120.183 Y91.828 E389.77079
G1 X119.348 Y91.2 E389.80554
G1 X118.382 Y90.806 E389.84024
G1 X117.345 Y90.674 E389.875
G1 X116.318 Y90.82 E389.90951
G1 X115.351 Y91.226 E389.94439
G1 X114.536 Y91.865 E389.97883
G1 X113.906 Y92.7 E390.01362
G1 X113.51 Y93.666 E390.04835
G1 X113.382 Y94.702 E390.08307
G1 X113.528 Y95.73 E390.1176
G1 X113.935 Y96.697 E390.1525
G1 X114.573 Y97.516 E390.18703
G1 X115.407 Y98.145 E390.22177
G1 X116.373 Y98.538 E390.25646
G1 X117.382 Y98.663 E390.29027
G1 X117.41 Y98.666 E390.29121
G0 F9000 X117.414 Y99.07
;TYPE:WALL-OUTER
G1 F1500 X118.546 Y98.909 E390.32924
G1 X119.605 Y98.462 E390.36747
G1 X120.508 Y97.758 E390.40555
G1 X121.2 Y96.84 E390.44379
G1 X121.632 Y95.776 E390.48198
G1 X121.778 Y94.634 E390.52028
G1 X121.617 Y93.502 E390.55831
G1 X121.17 Y92.443 E390.59654
G1 X120.466 Y91.54 E390.63462
G1 X119.548 Y90.848 E390.67286
G1 X118.484 Y90.416 E390.71105
G1 X117.342 Y90.27 E390.74934
G1 X116.21 Y90.431 E390.78737
G1 X115.147 Y90.878 E390.82573
G1 X114.248 Y91.582 E390.8637
G1 X113.556 Y92.5 E390.90194
G1 X113.12 Y93.564 E390.94019
G1 X112.978 Y94.706 E390.97846
G1 X113.139 Y95.838 E391.01649
G1 X113.587 Y96.901 E391.05486
G1 X114.29 Y97.804 E391.09292
G1 X115.208 Y98.496 E391.13116
G1 X116.271 Y98.928 E391.16932
G1 X117.383 Y99.066 E391.20659
G1 X117.414 Y99.07 E391.20763
G0 F9000 X117.408 Y98.356
G0 X116.377 Y98.206
G0 X116.291 Y98.418
;TYPE:FILL
G1 F2863.2 X118.312 Y90.877 E391.46729
G0 F9000 X118.283 Y91.105
G0 X114.819 Y92.039
G0 X114.677 Y91.856
G1 F2863.2 X120.196 Y97.375 E391.72689
G0 F9000 X120.017 Y97.239
G0 X120.939 Y93.771
G0 X121.166 Y93.741
G1 F2863.2 X113.627 Y95.761 E391.98648
G0 F9000 X114.119 Y95.555
G1 F1500 E385.48648
;MESH:dubelHinge.stl
G0 F9000 X115.321 Y98.296
G0 X114.91 Y99.31
G0 X115.967 Y101.019
G0 X116.394 Y102.026
G0 X117.529 Y109.728
G0 X117.53 Y110.038
;TYPE:WALL-INNER
G1 F1500 E391.98648
G1 X118.558 Y109.892 E392.02102
G1 X119.525 Y109.485 E392.05591
G1 X120.344 Y108.847 E392.09044
G1 X120.973 Y108.013 E392.12519
G1 X121.366 Y107.047 E392.15987
G1 X121.494 Y106.01 E392.19463
G1 X121.348 Y104.982 E392.22916
G1 X120.942 Y104.015 E392.26404
G1 X120.303 Y103.2 E392.29849
G1 X119.469 Y102.571 E392.33323
G1 X118.502 Y102.178 E392.36795
G1 X117.465 Y102.046 E392.40272
G1 X116.438 Y102.192 E392.43722
G1 X115.475 Y102.598 E392.47198
G1 X114.656 Y103.237 E392.50653
G1 X114.027 Y104.071 E392.54127
G1 X113.634 Y105.038 E392.57599
G1 X113.502 Y106.075 E392.61076
G1 X113.648 Y107.102 E392.64526
G1 X114.054 Y108.065 E392.68002
G1 X114.693 Y108.884 E392.71457
G1 X115.528 Y109.514 E392.74936
G1 X116.494 Y109.91 E392.78409
G1 X117.5 Y110.034 E392.8178
G1 X117.53 Y110.038 E392.81881
G0 F9000 X117.534 Y110.442
;TYPE:WALL-OUTER
G1 F1500 X118.666 Y110.281 E392.85683
G1 X119.729 Y109.833 E392.8952
G1 X120.632 Y109.13 E392.93326
G1 X121.324 Y108.212 E392.9715
G1 X121.756 Y107.149 E393.00966
G1 X121.898 Y106.006 E393.04797
G1 X121.737 Y104.874 E393.086
G1 X121.29 Y103.811 E393.12436
G1 X120.586 Y102.912 E393.16233
G1 X119.668 Y102.22 E393.20057
G1 X118.604 Y101.788 E393.23876
G1 X117.462 Y101.642 E393.27706
G1 X116.33 Y101.803 E393.31509
G1 X115.271 Y102.25 E393.35332
G1 X114.368 Y102.954 E393.3914
G1 X113.676 Y103.872 E393.42964
G1 X113.244 Y104.936 E393.46783
G1 X113.098 Y106.078 E393.50612
G1 X113.259 Y107.21 E393.54415
G1 X113.706 Y108.269 E393.58238
G1 X114.41 Y109.172 E393.62047
G1 X115.328 Y109.864 E393.6587
G1 X116.392 Y110.3 E393.69695
G1 X117.5 Y110.438 E393.73408
G1 X117.534 Y110.442 E393.73522
G0 F9000 X117.529 Y109.728
G0 X116.498 Y109.579
G0 X116.412 Y109.791
;TYPE:FILL
G1 F2863.2 X118.433 Y102.249 E393.99492
G0 F9000 X118.404 Y102.477
G0 X114.939 Y103.41
G0 X114.798 Y103.228
G1 F2863.2 X120.318 Y108.748 E394.25457
G0 F9000 X120.138 Y108.611
G0 X121.061 Y105.143
G0 X121.286 Y105.113
G1 F2863.2 X113.747 Y107.133 E394.51416
G0 F9000 X114.24 Y106.928
G1 F1500 E388.01416
;MESH:dubelUpper.stl(1)
G0 F9000 X116.451 Y110.077
G0 X116.318 Y111.163
G0 X116.696 Y111.965
G0 X117.027 Y113.008
G0 X117.487 Y117.799
G0 X117.5 Y118.106
;TYPE:WALL-INNER
G1 F1500 E394.51416
G1 X117.938 Y118.083 E394.52875
G1 X118.559 Y117.887 E394.55041
G1 X119.109 Y117.537 E394.57209
G1 X119.542 Y117.059 E394.59354
G1 X119.847 Y116.47 E394.6156
G1 X119.985 Y115.845 E394.63689
G1 X119.949 Y115.189 E394.65874
G1 X119.755 Y114.569 E394.68035
G1 X119.405 Y114.019 E394.70203
G1 X118.927 Y113.586 E394.72348
G1 X118.338 Y113.282 E394.74553
G1 X117.713 Y113.144 E394.76682
G1 X117.056 Y113.176 E394.78869
G1 X116.44 Y113.373 E394.8102
G1 X115.886 Y113.724 E394.83202
G1 X115.454 Y114.201 E394.85342
G1 X115.15 Y114.79 E394.87547
G1 X115.012 Y115.415 E394.89676
G1 X115.044 Y116.072 E394.91863
G1 X115.24 Y116.69 E394.9402
G1 X115.595 Y117.241 E394.962
G1 X116.07 Y117.675 E394.9834
G1 X116.658 Y117.979 E395.00541
G1 X117.287 Y118.117 E395.02683
G1 X117.5 Y118.106 E395.03393
G0 F9000 X117.5 Y118.507
;TYPE:WALL-OUTER
G1 F1500 X118.011 Y118.481 E395.05094
G1 X118.73 Y118.253 E395.07603
G1 X119.369 Y117.845 E395.10125
G1 X119.874 Y117.289 E395.12623
G1 X120.226 Y116.607 E395.15176
G1 X120.387 Y115.879 E395.17655
G1 X120.348 Y115.117 E395.20193
G1 X120.121 Y114.398 E395.22701
G1 X119.713 Y113.759 E395.25223
G1 X119.157 Y113.254 E395.27721
G1 X118.475 Y112.902 E395.30273
G1 X117.747 Y112.742 E395.32753
G1 X116.984 Y112.779 E395.35293
G1 X116.27 Y113.007 E395.37786
G1 X115.626 Y113.415 E395.40322
G1 X115.122 Y113.971 E395.42818
G1 X114.77 Y114.653 E395.4537
G1 X114.61 Y115.381 E395.4785
G1 X114.647 Y116.144 E395.5039
G1 X114.875 Y116.862 E395.52896
G1 X115.287 Y117.501 E395.55425
G1 X115.84 Y118.006 E395.57915
G1 X116.521 Y118.358 E395.60465
G1 X117.253 Y118.519 E395.62958
G1 X117.5 Y118.507 E395.6378
G0 F9000 X116.801 Y117.929
;TYPE:FILL
G1 F2863.2 X118.042 Y113.298 E395.79727
G0 F9000 X117.992 Y113.524
G0 X116.029 Y114.033
G0 X115.857 Y113.875
G1 F2863.2 X119.246 Y117.265 E395.9567
G0 F9000 X119.079 Y117.111
G0 X119.619 Y115.158
G0 X119.835 Y115.09
G1 F2863.2 X115.209 Y116.33 E396.11599
G0 F9000 X115.716 Y116.169
G1 F1500 E389.61599
;MESH:dubelUpper.stl
G0 F9000 X117.276 Y118.289
G0 X117.327 Y119.381
G0 X117.401 Y121.061
G0 X117.451 Y122.134
G0 X117.487 Y126.964
G0 X117.5 Y127.272
;TYPE:WALL-INNER
G1 F1500 E396.11599
G1 F1503.8 X117.941 Y127.252 E396.13064
G1 F1500 X118.558 Y127.056 E396.15217
G1 X119.108 Y126.702 E396.17392
G1 X119.542 Y126.223 E396.19542
G1 X119.847 Y125.634 E396.21748
G1 X119.985 Y125.009 E396.23877
G1 X119.952 Y124.352 E396.26065
G1 X119.756 Y123.738 E396.28209
G1 X119.404 Y123.186 E396.30386
G1 X118.927 Y122.75 E396.32536
G1 X118.338 Y122.451 E396.34733
G1 X117.711 Y122.312 E396.36869
G1 X117.054 Y122.34 E396.39056
G1 X116.438 Y122.536 E396.41206
G1 X115.887 Y122.891 E396.43386
G1 X115.453 Y123.366 E396.45526
G1 X115.15 Y123.954 E396.47726
G1 X115.012 Y124.583 E396.49868
G1 X115.044 Y125.24 E396.52056
G1 X115.24 Y125.854 E396.54199
G1 X115.595 Y126.405 E396.5638
G1 X116.07 Y126.839 E396.5852
G1 X116.658 Y127.142 E396.6072
G1 X117.288 Y127.281 E396.62865
G1 F1503.8 X117.5 Y127.272 E396.63569
G0 F9000 X117.5 Y127.672
;TYPE:WALL-OUTER
G1 F1500 X118.012 Y127.649 E396.65274
G1 X118.73 Y127.421 E396.6778
G1 X119.369 Y127.01 E396.70307
G1 X119.874 Y126.453 E396.72807
G1 X120.226 Y125.771 E396.7536
G1 X120.387 Y125.043 E396.7784
G1 X120.349 Y124.28 E396.80381
G1 X120.121 Y123.566 E396.82874
G1 X119.713 Y122.926 E396.85398
G1 X119.157 Y122.418 E396.87903
G1 X118.475 Y122.071 E396.90448
G1 X117.746 Y121.91 E396.92931
G1 X116.984 Y121.943 E396.95468
G1 X116.266 Y122.171 E396.97973
G1 X115.627 Y122.583 E397.00502
G1 X115.122 Y123.136 E397.02993
G1 X114.77 Y123.817 E397.05543
G1 X114.61 Y124.549 E397.08035
G1 X114.647 Y125.312 E397.10576
G1 X114.875 Y126.026 E397.13068
G1 X115.287 Y126.665 E397.15597
G1 X115.84 Y127.17 E397.18088
G1 X116.521 Y127.522 E397.20638
G1 X117.254 Y127.683 E397.23134
G1 X117.5 Y127.672 E397.23953
G0 F9000 X116.801 Y127.093
;TYPE:FILL
G1 F2863.2 X118.04 Y122.467 E397.39881
G0 F9000 X117.991 Y122.689
G0 X116.03 Y123.198
G0 X115.859 Y123.04
G1 F2863.2 X119.247 Y126.429 E397.5582
G0 F9000 X119.081 Y126.276
G0 X119.619 Y124.323
G0 X119.838 Y124.254
G1 F2863.2 X115.209 Y125.494 E397.71759
G0 F9000 X115.716 Y125.333
G1 F1500 E391.21759
;MESH:NONMESH
G0 F300 X115.716 Y125.333 Z8.8
G0 F9000 X116.362 Y122.386
G0 X116.029 Y121.344
G0 X114.089 Y117.236
G0 X113.79 Y116.299
G0 X112.231 Y106.083
G0 X112.4 Y104.717
G0 X112.917 Y103.443
G0 X113.746 Y102.344
G0 X114.625 Y101.66
G0 X117.278 Y99.925
G0 X117.411 Y98.839
G0 X117.408 Y98.356
G0 X117.41 Y98.666
;TIME_ELAPSED:770.953606
;LAYER:43
;note -- min layer time used
;TYPE:WALL-INNER
;MESH:dubelHinge.stl(1)
G1 F1500 E397.71759
G1 X118.438 Y98.521 E397.75212
G1 X119.401 Y98.114 E397.78689
G1 X120.22 Y97.475 E397.82144
G1 X120.849 Y96.641 E397.85618
G1 X121.242 Y95.674 E397.8909
G1 X121.374 Y94.637 E397.92567
G1 X121.228 Y93.61 E397.96017
G1 X120.822 Y92.647 E397.99493
G1 X120.183 Y91.828 E398.02948
G1 X119.348 Y91.2 E398.06423
G1 X118.382 Y90.806 E398.09893
G1 X117.345 Y90.674 E398.1337
G1 X116.318 Y90.82 E398.1682
G1 X115.351 Y91.226 E398.20308
G1 X114.536 Y91.865 E398.23753
G1 X113.906 Y92.7 E398.27232
G1 X113.51 Y93.666 E398.30704
G1 X113.382 Y94.702 E398.34176
G1 X113.528 Y95.73 E398.3763
G1 X113.935 Y96.697 E398.41119
G1 X114.573 Y97.516 E398.44572
G1 X115.407 Y98.145 E398.48047
G1 X116.373 Y98.538 E398.51515
G1 X117.382 Y98.663 E398.54897
G1 X117.41 Y98.666 E398.54991
G0 F9000 X117.414 Y99.07
;TYPE:WALL-OUTER
G1 F1500 X118.546 Y98.909 E398.58793
G1 X119.605 Y98.462 E398.62617
G1 X120.508 Y97.758 E398.66425
G1 X121.2 Y96.84 E398.70249
G1 X121.632 Y95.776 E398.74068
G1 X121.778 Y94.634 E398.77897
G1 X121.617 Y93.502 E398.817
G1 X121.17 Y92.443 E398.85523
G1 X120.466 Y91.54 E398.89332
G1 X119.548 Y90.848 E398.93155
G1 X118.484 Y90.416 E398.96975
G1 X117.342 Y90.27 E399.00804
G1 X116.21 Y90.431 E399.04607
G1 X115.147 Y90.878 E399.08442
G1 X114.248 Y91.582 E399.1224
G1 X113.556 Y92.5 E399.16064
G1 X113.12 Y93.564 E399.19888
G1 X112.978 Y94.706 E399.23716
G1 X113.139 Y95.838 E399.27519
G1 X113.587 Y96.901 E399.31355
G1 X114.29 Y97.804 E399.35162
G1 X115.208 Y98.496 E399.38985
G1 X116.271 Y98.928 E399.42801
G1 X117.383 Y99.066 E399.46528
G1 X117.414 Y99.07 E399.46632
G0 F9000 X117.408 Y98.356
G0 X116.246 Y98.153
G0 X116.16 Y98.364
;TYPE:FILL
G1 F2846.5 X118.171 Y90.859 E399.72475
G0 F9000 X118.142 Y91.088
G0 X114.931 Y91.951
G0 X114.789 Y91.768
G1 F2846.5 X120.282 Y97.261 E399.98312
G0 F9000 X120.103 Y97.125
G0 X120.959 Y93.912
G0 X121.186 Y93.882
G1 F2846.5 X113.682 Y95.892 E400.2415
G0 F9000 X114.171 Y95.686
G1 F1500 E393.7415
;MESH:dubelHinge.stl
G0 F9000 X115.321 Y98.296
G0 X114.91 Y99.31
G0 X115.967 Y101.019
G0 X116.394 Y102.026
G0 X117.529 Y109.728
G0 X117.53 Y110.038
;TYPE:WALL-INNER
G1 F1500 E400.2415
G1 X118.558 Y109.892 E400.27604
G1 X119.525 Y109.485 E400.31093
G1 X120.344 Y108.847 E400.34546
G1 X120.973 Y108.013 E400.38021
G1 X121.366 Y107.047 E400.41489
G1 X121.494 Y106.01 E400.44965
G1 X121.348 Y104.982 E400.48418
G1 X120.942 Y104.015 E400.51906
G1 X120.303 Y103.2 E400.55351
G1 X119.469 Y102.571 E400.58825
G1 X118.502 Y102.178 E400.62297
G1 X117.465 Y102.046 E400.65774
G1 X116.438 Y102.192 E400.69224
G1 X115.475 Y102.598 E400.727
G1 X114.656 Y103.237 E400.76155
G1 X114.027 Y104.071 E400.79629
G1 X113.634 Y105.038 E400.83101
G1 X113.502 Y106.075 E400.86578
G1 X113.648 Y107.102 E400.90028
G1 X114.054 Y108.065 E400.93504
G1 X114.693 Y108.884 E400.96959
G1 X115.528 Y109.514 E401.00438
G1 X116.494 Y109.91 E401.0391
G1 X117.5 Y110.034 E401.07282
G1 X117.53 Y110.038 E401.07382
G0 F9000 X117.534 Y110.442
;TYPE:WALL-OUTER
G1 F1500 X118.666 Y110.281 E401.11185
G1 X119.729 Y109.833 E401.15022
G1 X120.632 Y109.13 E401.18828
G1 X121.324 Y108.212 E401.22652
G1 X121.756 Y107.149 E401.26468
G1 X121.898 Y106.006 E401.30299
G1 X121.737 Y104.874 E401.34102
G1 X121.29 Y103.811 E401.37938
G1 X120.586 Y102.912 E401.41735
G1 X119.668 Y102.22 E401.45559
G1 X118.604 Y101.788 E401.49378
G1 X117.462 Y101.642 E401.53208
G1 X116.33 Y101.803 E401.57011
G1 X115.271 Y102.25 E401.60834
G1 X114.368 Y102.954 E401.64642
G1 X113.676 Y103.872 E401.68466
G1 X113.244 Y104.936 E401.72285
G1 X113.098 Y106.078 E401.76114
G1 X113.259 Y107.21 E401.79917
G1 X113.706 Y108.269 E401.8374
G1 X114.41 Y109.172 E401.87549
G1 X115.328 Y109.864 E401.91372
G1 X116.392 Y110.3 E401.95197
G1 X117.5 Y110.438 E401.9891
G1 X117.534 Y110.442 E401.99024
G0 F9000 X117.529 Y109.728
G0 X116.366 Y109.525
G0 X116.28 Y109.736
;TYPE:FILL
G1 F2846.5 X118.291 Y102.231 E402.24867
G0 F9000 X118.262 Y102.459
G0 X115.051 Y103.323
G0 X114.91 Y103.141
G1 F2846.5 X120.404 Y108.635 E402.50709
G0 F9000 X120.223 Y108.497
G0 X121.08 Y105.283
G0 X121.306 Y105.253
G1 F2846.5 X113.803 Y107.264 E402.76545
G0 F9000 X114.291 Y107.06
G1 F1500 E396.26545
;MESH:dubelUpper.stl(1)
G0 F9000 X116.451 Y110.077
G0 X116.318 Y111.163
G0 X116.696 Y111.965
G0 X117.027 Y113.008
G0 X117.487 Y117.799
G0 X117.5 Y118.106
;TYPE:WALL-INNER
G1 F1500 E402.76545
G1 X117.938 Y118.083 E402.78003
G1 X118.559 Y117.887 E402.80169
G1 X119.109 Y117.537 E402.82338
G1 X119.542 Y117.059 E402.84483
G1 X119.847 Y116.47 E402.86689
G1 X119.985 Y115.845 E402.88818
G1 X119.949 Y115.189 E402.91003
G1 X119.755 Y114.569 E402.93163
G1 X119.405 Y114.019 E402.95332
G1 X118.927 Y113.586 E402.97477
G1 X118.338 Y113.282 E402.99681
G1 X117.713 Y113.144 E403.0181
G1 X117.056 Y113.176 E403.03998
G1 X116.44 Y113.373 E403.06149
G1 X115.886 Y113.724 E403.0833
G1 X115.454 Y114.201 E403.10471
G1 X115.15 Y114.79 E403.12675
G1 X115.012 Y115.415 E403.14804
G1 X115.044 Y116.072 E403.16992
G1 X115.24 Y116.69 E403.19148
G1 X115.595 Y117.241 E403.21329
G1 X116.07 Y117.675 E403.23469
G1 X116.658 Y117.979 E403.2567
G1 X117.287 Y118.117 E403.27812
G1 X117.5 Y118.106 E403.28521
G0 F9000 X117.5 Y118.507
;TYPE:WALL-OUTER
G1 F1500 X118.011 Y118.481 E403.30223
G1 X118.73 Y118.253 E403.32732
G1 X119.369 Y117.845 E403.35253
G1 X119.874 Y117.289 E403.37752
G1 X120.226 Y116.607 E403.40304
G1 X120.387 Y115.879 E403.42784
G1 X120.348 Y115.117 E403.45322
G1 X120.121 Y114.398 E403.4783
G1 X119.713 Y113.759 E403.50351
G1 X119.157 Y113.254 E403.52849
G1 X118.475 Y112.902 E403.55402
G1 X117.747 Y112.742 E403.57881
G1 X116.984 Y112.779 E403.60422
G1 X116.27 Y113.007 E403.62915
G1 X115.626 Y113.415 E403.65451
G1 X115.122 Y113.971 E403.67946
G1 X114.77 Y114.653 E403.70499
G1 X114.61 Y115.381 E403.72978
G1 X114.647 Y116.144 E403.75519
G1 X114.875 Y116.862 E403.78025
G1 X115.287 Y117.501 E403.80553
G1 X115.84 Y118.006 E403.83044
G1 X116.521 Y118.358 E403.85594
G1 X117.253 Y118.519 E403.88087
G1 X117.5 Y118.507 E403.88909
G0 F9000 X117.468 Y117.8
G0 X116.769 Y117.691
G0 X116.665 Y117.891
;TYPE:FILL
G1 F2846.5 X117.904 Y113.267 E404.04831
G0 F9000 X117.854 Y113.494
G0 X116.091 Y113.963
G0 X115.956 Y113.775
G1 F2846.5 X119.341 Y117.161 E404.20756
G0 F9000 X119.174 Y117.007
G0 X119.649 Y115.247
G0 X119.87 Y115.227
G1 F2846.5 X115.251 Y116.464 E404.3666
G0 F9000 X115.759 Y116.303
G1 F1500 E397.8666
;MESH:dubelUpper.stl
G0 F9000 X117.276 Y118.289
G0 X117.327 Y119.381
G0 X117.401 Y121.061
G0 X117.451 Y122.134
G0 X117.487 Y126.964
G0 X117.5 Y127.272
;TYPE:WALL-INNER
G1 F1500 E404.3666
G1 F1503.8 X117.941 Y127.252 E404.38124
G1 F1500 X118.558 Y127.056 E404.40278
G1 X119.108 Y126.702 E404.42453
G1 X119.542 Y126.223 E404.44603
G1 X119.847 Y125.634 E404.46809
G1 X119.985 Y125.009 E404.48938
G1 X119.952 Y124.352 E404.51126
G1 X119.756 Y123.738 E404.5327
G1 X119.404 Y123.186 E404.55447
G1 X118.927 Y122.75 E404.57596
G1 X118.338 Y122.451 E404.59793
G1 X117.711 Y122.312 E404.61929
G1 X117.054 Y122.34 E404.64117
G1 X116.438 Y122.536 E404.66267
G1 X115.887 Y122.891 E404.68447
G1 X115.453 Y123.366 E404.70587
G1 X115.15 Y123.954 E404.72787
G1 X115.012 Y124.583 E404.74929
G1 X115.044 Y125.24 E404.77116
G1 X115.24 Y125.854 E404.7926
G1 X115.595 Y126.405 E404.8144
G1 X116.07 Y126.839 E404.8358
G1 X116.658 Y127.142 E404.8578
G1 X117.288 Y127.281 E404.87926
G1 F1503.8 X117.5 Y127.272 E404.8863
G0 F9000 X117.5 Y127.672
;TYPE:WALL-OUTER
G1 F1500 X118.012 Y127.649 E404.90335
G1 X118.73 Y127.421 E404.9284
G1 X119.369 Y127.01 E404.95367
G1 X119.874 Y126.453 E404.97868
G1 X120.226 Y125.771 E405.00421
G1 X120.387 Y125.043 E405.029
G1 X120.349 Y124.28 E405.05441
G1 X120.121 Y123.566 E405.07934
G1 X119.713 Y122.926 E405.10459
G1 X119.157 Y122.418 E405.12963
G1 X118.475 Y122.071 E405.15509
G1 X117.746 Y121.91 E405.17992
G1 X116.984 Y121.943 E405.20528
G1 X116.266 Y122.171 E405.23034
G1 X115.627 Y122.583 E405.25563
G1 X115.122 Y123.136 E405.28054
G1 X114.77 Y123.817 E405.30603
G1 X114.61 Y124.549 E405.33095
G1 X114.647 Y125.312 E405.35636
G1 X114.875 Y126.026 E405.38129
G1 X115.287 Y126.665 E405.40658
G1 X115.84 Y127.17 E405.43149
G1 X116.521 Y127.522 E405.45698
G1 X117.254 Y127.683 E405.48194
G1 X117.5 Y127.672 E405.49014
G0 F9000 X117.468 Y126.965
G0 X116.756 Y126.85
G0 X116.665 Y127.056
;TYPE:FILL
G1 F2846.5 X117.903 Y122.436 E405.64922
G0 F9000 X117.854 Y122.659
G0 X116.093 Y123.128
G0 X115.958 Y122.94
G1 F2846.5 X119.342 Y126.324 E405.80839
G0 F9000 X119.176 Y126.171
G0 X119.649 Y124.412
G0 X119.874 Y124.39
G1 F2846.5 X115.251 Y125.628 E405.96757
G0 F9000 X115.759 Y125.467
G1 F1500 E399.46757
;MESH:NONMESH
G0 F300 X115.759 Y125.467 Z9
G0 F9000 X116.362 Y122.386
G0 X116.029 Y121.344
G0 X114.089 Y117.236
G0 X113.79 Y116.299
G0 X112.231 Y106.083
G0 X112.4 Y104.717
G0 X112.917 Y103.443
G0 X113.746 Y102.344
G0 X114.625 Y101.66
G0 X117.278 Y99.925
G0 X117.411 Y98.839
G0 X117.408 Y98.356
G0 X117.41 Y98.666
;TIME_ELAPSED:787.114918
;LAYER:44
;note -- min layer time used
;TYPE:WALL-INNER
;MESH:dubelHinge.stl(1)
G1 F1500 E405.96757
G1 X118.438 Y98.521 E406.0021
G1 X119.401 Y98.114 E406.03687
G1 X120.22 Y97.475 E406.07142
G1 X120.849 Y96.641 E406.10617
G1 X121.242 Y95.674 E406.14088
G1 X121.374 Y94.637 E406.17565
G1 X121.228 Y93.61 E406.21015
G1 X120.822 Y92.647 E406.24491
G1 X120.183 Y91.828 E406.27946
G1 X119.348 Y91.2 E406.31422
G1 X118.382 Y90.806 E406.34891
G1 X117.345 Y90.674 E406.38368
G1 X116.318 Y90.82 E406.41818
G1 X115.351 Y91.226 E406.45307
G1 X114.536 Y91.865 E406.48751
G1 X113.906 Y92.7 E406.5223
G1 X113.51 Y93.666 E406.55703
G1 X113.382 Y94.702 E406.59175
G1 X113.528 Y95.73 E406.62628
G1 X113.935 Y96.697 E406.66118
G1 X114.573 Y97.516 E406.69571
G1 X115.407 Y98.145 E406.73045
G1 X116.373 Y98.538 E406.76514
G1 X117.382 Y98.663 E406.79895
G1 X117.41 Y98.666 E406.79989
G0 F9000 X117.414 Y99.07
;TYPE:WALL-OUTER
G1 F1500 X118.546 Y98.909 E406.83792
G1 X119.605 Y98.462 E406.87615
G1 X120.508 Y97.758 E406.91423
G1 X121.2 Y96.84 E406.95247
G1 X121.632 Y95.776 E406.99066
G1 X121.778 Y94.634 E407.02896
G1 X121.617 Y93.502 E407.06698
G1 X121.17 Y92.443 E407.10522
G1 X120.466 Y91.54 E407.1433
G1 X119.548 Y90.848 E407.18154
G1 X118.484 Y90.416 E407.21973
G1 X117.342 Y90.27 E407.25802
G1 X116.21 Y90.431 E407.29605
G1 X115.147 Y90.878 E407.33441
G1 X114.248 Y91.582 E407.37238
G1 X113.556 Y92.5 E407.41062
G1 X113.12 Y93.564 E407.44886
G1 X112.978 Y94.706 E407.48714
G1 X113.139 Y95.838 E407.52517
G1 X113.587 Y96.901 E407.56354
G1 X114.29 Y97.804 E407.6016
G1 X115.208 Y98.496 E407.63983
G1 X116.271 Y98.928 E407.678
G1 X117.383 Y99.066 E407.71527
G1 X117.414 Y99.07 E407.71631
G0 F9000 X117.408 Y98.356
G0 X116.114 Y98.099
G0 X116.028 Y98.31
;TYPE:FILL
G1 F2821.8 X118.029 Y90.842 E407.97346
G0 F9000 X118 Y91.07
G0 X115.043 Y91.864
G0 X114.901 Y91.681
G1 F2821.8 X120.367 Y97.147 E408.23056
G0 F9000 X120.189 Y97.011
G0 X120.979 Y94.052
G0 X121.206 Y94.022
G1 F2821.8 X113.737 Y96.024 E408.48775
G0 F9000 X114.226 Y95.817
G1 F1500 E401.98775
;MESH:dubelHinge.stl
G0 F9000 X115.321 Y98.296
G0 X114.91 Y99.31
G0 X115.967 Y101.019
G0 X116.394 Y102.026
G0 X117.529 Y109.728
G0 X117.53 Y110.038
;TYPE:WALL-INNER
G1 F1500 E408.48775
G1 X118.558 Y109.892 E408.52228
G1 X119.525 Y109.485 E408.55718
G1 X120.344 Y108.847 E408.59171
G1 X120.973 Y108.013 E408.62645
G1 X121.366 Y107.047 E408.66114
G1 X121.494 Y106.01 E408.69589
G1 X121.348 Y104.982 E408.73042
G1 X120.942 Y104.015 E408.76531
G1 X120.303 Y103.2 E408.79975
G1 X119.469 Y102.571 E408.8345
G1 X118.502 Y102.178 E408.86921
G1 X117.465 Y102.046 E408.90398
G1 X116.438 Y102.192 E408.93848
G1 X115.475 Y102.598 E408.97324
G1 X114.656 Y103.237 E409.00779
G1 X114.027 Y104.071 E409.04254
G1 X113.634 Y105.038 E409.07726
G1 X113.502 Y106.075 E409.11202
G1 X113.648 Y107.102 E409.14653
G1 X114.054 Y108.065 E409.18129
G1 X114.693 Y108.884 E409.21584
G1 X115.528 Y109.514 E409.25063
G1 X116.494 Y109.91 E409.28535
G1 X117.5 Y110.034 E409.31906
G1 X117.53 Y110.038 E409.32007
G0 F9000 X117.534 Y110.442
;TYPE:WALL-OUTER
G1 F1500 X118.666 Y110.281 E409.3581
G1 X119.729 Y109.833 E409.39647
G1 X120.632 Y109.13 E409.43453
G1 X121.324 Y108.212 E409.47276
G1 X121.756 Y107.149 E409.51093
G1 X121.898 Y106.006 E409.54924
G1 X121.737 Y104.874 E409.58727
G1 X121.29 Y103.811 E409.62562
G1 X120.586 Y102.912 E409.6636
G1 X119.668 Y102.22 E409.70183
G1 X118.604 Y101.788 E409.74003
G1 X117.462 Y101.642 E409.77832
G1 X116.33 Y101.803 E409.81635
G1 X115.271 Y102.25 E409.85458
G1 X114.368 Y102.954 E409.89266
G1 X113.676 Y103.872 E409.9309
G1 X113.244 Y104.936 E409.9691
G1 X113.098 Y106.078 E410.00739
G1 X113.259 Y107.21 E410.04542
G1 X113.706 Y108.269 E410.08365
G1 X114.41 Y109.172 E410.12173
G1 X115.328 Y109.864 E410.15997
G1 X116.392 Y110.3 E410.19821
G1 X117.5 Y110.438 E410.23535
G1 X117.534 Y110.442 E410.23649
G0 F9000 X117.529 Y109.728
G0 X116.235 Y109.472
G0 X116.149 Y109.682
;TYPE:FILL
G1 F2821.8 X118.15 Y102.213 E410.49367
G0 F9000 X118.121 Y102.442
G0 X115.163 Y103.235
G0 X115.022 Y103.053
G1 F2821.8 X120.49 Y108.521 E410.75087
G0 F9000 X120.31 Y108.384
G0 X121.1 Y105.424
G0 X121.325 Y105.394
G1 F2821.8 X113.857 Y107.395 E411.00801
G0 F9000 X114.347 Y107.191
G1 F1500 E404.50801
;MESH:dubelUpper.stl(1)
G0 F9000 X116.451 Y110.077
G0 X116.318 Y111.163
G0 X116.696 Y111.965
G0 X117.027 Y113.008
G0 X117.487 Y117.799
G0 X117.5 Y118.106
;TYPE:WALL-INNER
G1 F1500 E411.00801
G1 X117.938 Y118.083 E411.0226
G1 X118.559 Y117.887 E411.04426
G1 X119.109 Y117.537 E411.06594
G1 X119.542 Y117.059 E411.0874
G1 X119.847 Y116.47 E411.10946
G1 X119.985 Y115.845 E411.13075
G1 X119.949 Y115.189 E411.1526
G1 X119.755 Y114.569 E411.1742
G1 X119.405 Y114.019 E411.19589
G1 X118.927 Y113.586 E411.21734
G1 X118.338 Y113.282 E411.23938
G1 X117.713 Y113.144 E411.26067
G1 X117.056 Y113.176 E411.28255
G1 X116.44 Y113.373 E411.30406
G1 X115.886 Y113.724 E411.32587
G1 X115.454 Y114.201 E411.34728
G1 X115.15 Y114.79 E411.36932
G1 X115.012 Y115.415 E411.39061
G1 X115.044 Y116.072 E411.41249
G1 X115.24 Y116.69 E411.43405
G1 X115.595 Y117.241 E411.45585
G1 X116.07 Y117.675 E411.47725
G1 X116.658 Y117.979 E411.49927
G1 X117.287 Y118.117 E411.52069
G1 X117.5 Y118.106 E411.52778
G0 F9000 X117.5 Y118.507
;TYPE:WALL-OUTER
G1 F1500 X118.011 Y118.481 E411.5448
G1 X118.73 Y118.253 E411.56989
G1 X119.369 Y117.845 E411.5951
G1 X119.874 Y117.289 E411.62009
G1 X120.226 Y116.607 E411.64561
G1 X120.387 Y115.879 E411.67041
G1 X120.348 Y115.117 E411.69579
G1 X120.121 Y114.398 E411.72087
G1 X119.713 Y113.759 E411.74608
G1 X119.157 Y113.254 E411.77106
G1 X118.475 Y112.902 E411.79659
G1 X117.747 Y112.742 E411.82138
G1 X116.984 Y112.779 E411.84679
G1 X116.27 Y113.007 E411.87172
G1 X115.626 Y113.415 E411.89707
G1 X115.122 Y113.971 E411.92203
G1 X114.77 Y114.653 E411.94756
G1 X114.61 Y115.381 E411.97235
G1 X114.647 Y116.144 E411.99776
G1 X114.875 Y116.862 E412.02281
G1 X115.287 Y117.501 E412.0481
G1 X115.84 Y118.006 E412.07301
G1 X116.521 Y118.358 E412.09851
G1 X117.253 Y118.519 E412.12344
G1 X117.5 Y118.507 E412.13166
G0 F9000 X117.468 Y117.8
G0 X116.641 Y117.625
G0 X116.537 Y117.825
;TYPE:FILL
G1 F2821.8 X117.766 Y113.237 E412.28964
G0 F9000 X117.716 Y113.464
G0 X116.203 Y113.893
G0 X116.078 Y113.698
G1 F2821.8 X119.436 Y117.056 E412.44759
G0 F9000 X119.269 Y116.903
G0 X119.654 Y115.379
G0 X119.878 Y115.37
G1 F2821.8 X115.295 Y116.599 E412.60541
G0 F9000 X115.803 Y116.439
G1 F1500 E406.10541
;MESH:dubelUpper.stl
G0 F9000 X117.276 Y118.289
G0 X117.327 Y119.381
G0 X117.401 Y121.061
G0 X117.451 Y122.134
G0 X117.487 Y126.964
G0 X117.5 Y127.272
;TYPE:WALL-INNER
G1 F1500 E412.60541
G1 F1503.8 X117.941 Y127.252 E412.62005
G1 F1500 X118.558 Y127.056 E412.64158
G1 X119.108 Y126.702 E412.66334
G1 X119.542 Y126.223 E412.68484
G1 X119.847 Y125.634 E412.7069
G1 X119.985 Y125.009 E412.72819
G1 X119.952 Y124.352 E412.75007
G1 X119.756 Y123.738 E412.7715
G1 X119.404 Y123.186 E412.79328
G1 X118.927 Y122.75 E412.81477
G1 X118.338 Y122.451 E412.83674
G1 X117.711 Y122.312 E412.8581
G1 X117.054 Y122.34 E412.87997
G1 X116.438 Y122.536 E412.90147
G1 X115.887 Y122.891 E412.92327
G1 X115.453 Y123.366 E412.94467
G1 X115.15 Y123.954 E412.96668
G1 X115.012 Y124.583 E412.98809
G1 X115.044 Y125.24 E413.00997
G1 X115.24 Y125.854 E413.03141
G1 X115.595 Y126.405 E413.05321
G1 X116.07 Y126.839 E413.07461
G1 X116.658 Y127.142 E413.09661
G1 X117.288 Y127.281 E413.11807
G1 F1503.8 X117.5 Y127.272 E413.12511
G0 F9000 X117.5 Y127.672
;TYPE:WALL-OUTER
G1 F1500 X118.012 Y127.649 E413.14215
G1 X118.73 Y127.421 E413.16721
G1 X119.369 Y127.01 E413.19248
G1 X119.874 Y126.453 E413.21749
G1 X120.226 Y125.771 E413.24301
G1 X120.387 Y125.043 E413.26781
G1 X120.349 Y124.28 E413.29322
G1 X120.121 Y123.566 E413.31815
G1 X119.713 Y122.926 E413.34339
G1 X119.157 Y122.418 E413.36844
G1 X118.475 Y122.071 E413.39389
G1 X117.746 Y121.91 E413.41872
G1 X116.984 Y121.943 E413.44409
G1 X116.266 Y122.171 E413.46915
G1 X115.627 Y122.583 E413.49444
G1 X115.122 Y123.136 E413.51934
G1 X114.77 Y123.817 E413.54484
G1 X114.61 Y124.549 E413.56976
G1 X114.647 Y125.312 E413.59517
G1 X114.875 Y126.026 E413.6201
G1 X115.287 Y126.665 E413.64539
G1 X115.84 Y127.17 E413.67029
G1 X116.521 Y127.522 E413.69579
G1 X117.254 Y127.683 E413.72075
G1 X117.5 Y127.672 E413.72894
G0 F9000 X117.468 Y126.965
G0 X116.64 Y126.79
G0 X116.536 Y126.99
;TYPE:FILL
G1 F2821.8 X117.765 Y122.406 E413.88679
G0 F9000 X117.716 Y122.628
G0 X116.204 Y123.058
G0 X116.08 Y122.863
G1 F2821.8 X119.437 Y126.219 E414.04467
G0 F9000 X119.271 Y126.067
G0 X119.654 Y124.543
G0 X119.881 Y124.534
G1 F2821.8 X115.294 Y125.763 E414.20262
G0 F9000 X115.803 Y125.603
G1 F1500 E407.70262
;MESH:NONMESH
G0 F300 X115.803 Y125.603 Z9.2
G0 F9000 X117.028 Y122.172
G0 X116.977 Y121.081
G0 X114.62 Y118.064
G0 X114.089 Y117.236
G0 X113.79 Y116.299
G0 X112.231 Y106.083
G0 X112.4 Y104.717
G0 X112.917 Y103.443
G0 X113.746 Y102.344
G0 X114.625 Y101.66
G0 X117.278 Y99.925
G0 X117.411 Y98.839
G0 X117.408 Y98.356
G0 X117.41 Y98.666
;TIME_ELAPSED:803.297993
;LAYER:45
;note -- min layer time used
;TYPE:WALL-INNER
;MESH:dubelHinge.stl(1)
G1 F1500 E414.20262
G1 X118.438 Y98.521 E414.23715
G1 X119.401 Y98.114 E414.27192
G1 X120.22 Y97.475 E414.30647
G1 X120.849 Y96.641 E414.34121
G1 X121.242 Y95.674 E414.37593
G1 X121.374 Y94.637 E414.4107
G1 X121.228 Y93.61 E414.4452
G1 X120.822 Y92.647 E414.47996
G1 X120.183 Y91.828 E414.51451
G1 X119.348 Y91.2 E414.54926
G1 X118.382 Y90.806 E414.58396
G1 X117.345 Y90.674 E414.61873
G1 X116.318 Y90.82 E414.65323
G1 X115.351 Y91.226 E414.68811
G1 X114.536 Y91.865 E414.72256
G1 X113.906 Y92.7 E414.75735
G1 X113.51 Y93.666 E414.79207
G1 X113.382 Y94.702 E414.82679
G1 X113.528 Y95.73 E414.86133
G1 X113.935 Y96.697 E414.89622
G1 X114.573 Y97.516 E414.93075
G1 X115.407 Y98.145 E414.9655
G1 X116.373 Y98.538 E415.00018
G1 X117.382 Y98.663 E415.034
G1 X117.41 Y98.666 E415.03493
G0 F9000 X117.414 Y99.07
;TYPE:WALL-OUTER
G1 F1500 X118.546 Y98.909 E415.07296
G1 X119.605 Y98.462 E415.1112
G1 X120.508 Y97.758 E415.14928
G1 X121.2 Y96.84 E415.18751
G1 X121.632 Y95.776 E415.22571
G1 X121.778 Y94.634 E415.264
G1 X121.617 Y93.502 E415.30203
G1 X121.17 Y92.443 E415.34026
G1 X120.466 Y91.54 E415.37834
G1 X119.548 Y90.848 E415.41658
G1 X118.484 Y90.416 E415.45478
G1 X117.342 Y90.27 E415.49307
G1 X116.21 Y90.431 E415.5311
G1 X115.147 Y90.878 E415.56945
G1 X114.248 Y91.582 E415.60743
G1 X113.556 Y92.5 E415.64567
G1 X113.12 Y93.564 E415.68391
G1 X112.978 Y94.706 E415.72219
G1 X113.139 Y95.838 E415.76021
G1 X113.587 Y96.901 E415.79858
G1 X114.29 Y97.804 E415.83664
G1 X115.208 Y98.496 E415.87488
G1 X116.271 Y98.928 E415.91304
G1 X117.383 Y99.066 E415.95031
G1 X117.414 Y99.07 E415.95135
G0 F9000 X117.408 Y98.356
G0 X115.981 Y98.045
G0 X115.895 Y98.257
;TYPE:FILL
G1 F2795.7 X117.887 Y90.823 E416.20733
G0 F9000 X117.858 Y91.052
G0 X115.156 Y91.776
G0 X115.014 Y91.593
G1 F2795.7 X120.454 Y97.033 E416.46321
G0 F9000 X120.275 Y96.897
G0 X120.998 Y94.194
G0 X121.225 Y94.164
G1 F2795.7 X113.793 Y96.156 E416.71913
G0 F9000 X114.282 Y95.949
G1 F1500 E410.21913
;MESH:dubelHinge.stl
G0 F9000 X115.321 Y98.296
G0 X114.91 Y99.31
G0 X115.967 Y101.019
G0 X116.394 Y102.026
G0 X117.529 Y109.728
G0 X117.53 Y110.038
;TYPE:WALL-INNER
G1 F1500 E416.71913
G1 X118.558 Y109.892 E416.75366
G1 X119.525 Y109.485 E416.78856
G1 X120.344 Y108.847 E416.82309
G1 X120.973 Y108.013 E416.85783
G1 X121.366 Y107.047 E416.89252
G1 X121.494 Y106.01 E416.92727
G1 X121.348 Y104.982 E416.9618
G1 X120.942 Y104.015 E416.99669
G1 X120.303 Y103.2 E417.03113
G1 X119.469 Y102.571 E417.06587
G1 X118.502 Y102.178 E417.10059
G1 X117.465 Y102.046 E417.13536
G1 X116.438 Y102.192 E417.16986
G1 X115.475 Y102.598 E417.20462
G1 X114.656 Y103.237 E417.23917
G1 X114.027 Y104.071 E417.27392
G1 X113.634 Y105.038 E417.30863
G1 X113.502 Y106.075 E417.3434
G1 X113.648 Y107.102 E417.3779
G1 X114.054 Y108.065 E417.41266
G1 X114.693 Y108.884 E417.44721
G1 X115.528 Y109.514 E417.482
G1 X116.494 Y109.91 E417.51673
G1 X117.5 Y110.034 E417.55044
G1 X117.53 Y110.038 E417.55145
G0 F9000 X117.534 Y110.442
;TYPE:WALL-OUTER
G1 F1500 X118.666 Y110.281 E417.58948
G1 X119.729 Y109.833 E417.62784
G1 X120.632 Y109.13 E417.66591
G1 X121.324 Y108.212 E417.70414
G1 X121.756 Y107.149 E417.74231
G1 X121.898 Y106.006 E417.78062
G1 X121.737 Y104.874 E417.81864
G1 X121.29 Y103.811 E417.857
G1 X120.586 Y102.912 E417.89498
G1 X119.668 Y102.22 E417.93321
G1 X118.604 Y101.788 E417.97141
G1 X117.462 Y101.642 E418.0097
G1 X116.33 Y101.803 E418.04773
G1 X115.271 Y102.25 E418.08596
G1 X114.368 Y102.954 E418.12404
G1 X113.676 Y103.872 E418.16228
G1 X113.244 Y104.936 E418.20047
G1 X113.098 Y106.078 E418.23877
G1 X113.259 Y107.21 E418.2768
G1 X113.706 Y108.269 E418.31503
G1 X114.41 Y109.172 E418.35311
G1 X115.328 Y109.864 E418.39135
G1 X116.392 Y110.3 E418.42959
G1 X117.5 Y110.438 E418.46673
G1 X117.534 Y110.442 E418.46787
G0 F9000 X117.529 Y109.728
G0 X116.102 Y109.418
G0 X116.016 Y109.628
;TYPE:FILL
G1 F2795.7 X118.008 Y102.195 E418.72381
G0 F9000 X117.979 Y102.424
G0 X115.276 Y103.148
G0 X115.135 Y102.965
G1 F2795.7 X120.576 Y108.407 E418.97976
G0 F9000 X120.396 Y108.27
G0 X121.119 Y105.566
G0 X121.345 Y105.536
G1 F2795.7 X113.914 Y107.527 E419.23564
G0 F9000 X114.402 Y107.323
G1 F1500 E412.73564
;MESH:dubelUpper.stl(1)
G0 F9000 X116.451 Y110.077
G0 X116.318 Y111.163
G0 X116.696 Y111.965
G0 X117.027 Y113.008
G0 X117.487 Y117.799
G0 X117.5 Y118.106
;TYPE:WALL-INNER
G1 F1500 E419.23564
G1 X117.938 Y118.083 E419.25023
G1 X118.559 Y117.887 E419.27188
G1 X119.109 Y117.537 E419.29357
G1 X119.542 Y117.059 E419.31502
G1 X119.847 Y116.47 E419.33708
G1 X119.985 Y115.845 E419.35837
G1 X119.949 Y115.189 E419.38022
G1 X119.755 Y114.569 E419.40183
G1 X119.405 Y114.019 E419.42351
G1 X118.927 Y113.586 E419.44496
G1 X118.338 Y113.282 E419.46701
G1 X117.713 Y113.144 E419.4883
G1 X117.056 Y113.176 E419.51017
G1 X116.44 Y113.373 E419.53168
G1 X115.886 Y113.724 E419.5535
G1 X115.454 Y114.201 E419.5749
G1 X115.15 Y114.79 E419.59695
G1 X115.012 Y115.415 E419.61824
G1 X115.044 Y116.072 E419.64011
G1 X115.24 Y116.69 E419.66168
G1 X115.595 Y117.241 E419.68348
G1 X116.07 Y117.675 E419.70488
G1 X116.658 Y117.979 E419.72689
G1 X117.287 Y118.117 E419.74831
G1 X117.5 Y118.106 E419.75541
G0 F9000 X117.5 Y118.507
;TYPE:WALL-OUTER
G1 F1500 X118.011 Y118.481 E419.77242
G1 X118.73 Y118.253 E419.79751
G1 X119.369 Y117.845 E419.82273
G1 X119.874 Y117.289 E419.84771
G1 X120.226 Y116.607 E419.87324
G1 X120.387 Y115.879 E419.89803
G1 X120.348 Y115.117 E419.92341
G1 X120.121 Y114.398 E419.94849
G1 X119.713 Y113.759 E419.9737
G1 X119.157 Y113.254 E419.99869
G1 X118.475 Y112.902 E420.02421
G1 X117.747 Y112.742 E420.049
G1 X116.984 Y112.779 E420.07441
G1 X116.27 Y113.007 E420.09934
G1 X115.626 Y113.415 E420.1247
G1 X115.122 Y113.971 E420.14966
G1 X114.77 Y114.653 E420.17518
G1 X114.61 Y115.381 E420.19997
G1 X114.647 Y116.144 E420.22538
G1 X114.875 Y116.862 E420.25044
G1 X115.287 Y117.501 E420.27573
G1 X115.84 Y118.006 E420.30063
G1 X116.521 Y118.358 E420.32613
G1 X117.253 Y118.519 E420.35106
G1 X117.5 Y118.507 E420.35928
G0 F9000 X117.468 Y117.8
G0 X116.511 Y117.557
G0 X116.407 Y117.758
;TYPE:FILL
G1 F2795.7 X117.621 Y113.228 E420.51527
G0 F9000 X117.631 Y113.459
G0 X116.325 Y113.815
G0 X116.2 Y113.619
G1 F2795.7 X119.516 Y116.935 E420.67124
G0 F9000 X119.317 Y116.832
G0 X119.661 Y115.524
G0 X119.887 Y115.515
G1 F2795.7 X115.359 Y116.728 E420.82716
G0 F9000 X115.806 Y116.444
G1 F1500 E414.32716
;MESH:dubelUpper.stl
G0 F9000 X117.276 Y118.289
G0 X117.327 Y119.381
G0 X117.401 Y121.061
G0 X117.451 Y122.134
G0 X117.487 Y126.964
G0 X117.5 Y127.272
;TYPE:WALL-INNER
G1 F1500 E420.82716
G1 F1503.8 X117.941 Y127.252 E420.8418
G1 F1500 X118.558 Y127.056 E420.86333
G1 X119.108 Y126.702 E420.88509
G1 X119.542 Y126.223 E420.90659
G1 X119.847 Y125.634 E420.92865
G1 X119.985 Y125.009 E420.94994
G1 X119.952 Y124.352 E420.97182
G1 X119.756 Y123.738 E420.99325
G1 X119.404 Y123.186 E421.01503
G1 X118.927 Y122.75 E421.03652
G1 X118.338 Y122.451 E421.05849
G1 X117.711 Y122.312 E421.07985
G1 X117.054 Y122.34 E421.10172
G1 X116.438 Y122.536 E421.12322
G1 X115.887 Y122.891 E421.14502
G1 X115.453 Y123.366 E421.16642
G1 X115.15 Y123.954 E421.18843
G1 X115.012 Y124.583 E421.20984
G1 X115.044 Y125.24 E421.23172
G1 X115.24 Y125.854 E421.25316
G1 X115.595 Y126.405 E421.27496
G1 X116.07 Y126.839 E421.29636
G1 X116.658 Y127.142 E421.31836
G1 X117.288 Y127.281 E421.33982
G1 F1503.8 X117.5 Y127.272 E421.34686
G0 F9000 X117.5 Y127.672
;TYPE:WALL-OUTER
G1 F1500 X118.012 Y127.649 E421.3639
G1 X118.73 Y127.421 E421.38896
G1 X119.369 Y127.01 E421.41423
G1 X119.874 Y126.453 E421.43924
G1 X120.226 Y125.771 E421.46476
G1 X120.387 Y125.043 E421.48956
G1 X120.349 Y124.28 E421.51497
G1 X120.121 Y123.566 E421.5399
G1 X119.713 Y122.926 E421.56514
G1 X119.157 Y122.418 E421.59019
G1 X118.475 Y122.071 E421.61564
G1 X117.746 Y121.91 E421.64047
G1 X116.984 Y121.943 E421.66584
G1 X116.266 Y122.171 E421.6909
G1 X115.627 Y122.583 E421.71619
G1 X115.122 Y123.136 E421.74109
G1 X114.77 Y123.817 E421.76659
G1 X114.61 Y124.549 E421.79151
G1 X114.647 Y125.312 E421.81692
G1 X114.875 Y126.026 E421.84185
G1 X115.287 Y126.665 E421.86714
G1 X115.84 Y127.17 E421.89204
G1 X116.521 Y127.522 E421.91754
G1 X117.254 Y127.683 E421.9425
G1 X117.5 Y127.672 E421.95069
G0 F9000 X117.468 Y126.965
G0 X116.511 Y126.723
G0 X116.408 Y126.922
;TYPE:FILL
G1 F2795.7 X117.62 Y122.396 E422.10653
G0 F9000 X117.63 Y122.625
G0 X116.326 Y122.98
G0 X116.202 Y122.784
G1 F2795.7 X119.517 Y126.098 E422.26244
G0 F9000 X119.318 Y125.995
G0 X119.661 Y124.688
G0 X119.888 Y124.679
G1 F2795.7 X115.359 Y125.893 E422.41839
G0 F9000 X115.806 Y125.609
G1 F1500 E415.91839
;MESH:NONMESH
G0 F300 X115.806 Y125.609 Z9.4
G0 F9000 X117.028 Y122.172
G0 X116.977 Y121.081
G0 X114.62 Y118.064
G0 X114.089 Y117.236
G0 X113.79 Y116.299
G0 X112.231 Y106.083
G0 X112.4 Y104.717
G0 X112.917 Y103.443
G0 X113.746 Y102.344
G0 X114.625 Y101.66
G0 X117.278 Y99.925
G0 X117.411 Y98.839
G0 X117.408 Y98.356
G0 X117.41 Y98.666
;TIME_ELAPSED:819.444083
;LAYER:46
;note -- min layer time used
;TYPE:WALL-INNER
;MESH:dubelHinge.stl(1)
G1 F1500 E422.41839
G1 X118.438 Y98.521 E422.45292
G1 X119.401 Y98.114 E422.48769
G1 X120.22 Y97.475 E422.52224
G1 X120.849 Y96.641 E422.55699
G1 X121.242 Y95.674 E422.5917
G1 X121.374 Y94.637 E422.62647
G1 X121.228 Y93.61 E422.66097
G1 X120.822 Y92.647 E422.69573
G1 X120.183 Y91.828 E422.73028
G1 X119.348 Y91.2 E422.76503
G1 X118.382 Y90.806 E422.79973
G1 X117.345 Y90.674 E422.8345
G1 X116.318 Y90.82 E422.869
G1 X115.351 Y91.226 E422.90389
G1 X114.536 Y91.865 E422.93833
G1 X113.906 Y92.7 E422.97312
G1 X113.51 Y93.666 E423.00785
G1 X113.382 Y94.702 E423.04256
G1 X113.528 Y95.73 E423.0771
G1 X113.935 Y96.697 E423.11199
G1 X114.573 Y97.516 E423.14652
G1 X115.407 Y98.145 E423.18127
G1 X116.373 Y98.538 E423.21595
G1 X117.382 Y98.663 E423.24977
G1 X117.41 Y98.666 E423.25071
G0 F9000 X117.414 Y99.07
;TYPE:WALL-OUTER
G1 F1500 X118.546 Y98.909 E423.28874
G1 X119.605 Y98.462 E423.32697
G1 X120.508 Y97.758 E423.36505
G1 X121.2 Y96.84 E423.40329
G1 X121.632 Y95.776 E423.44148
G1 X121.778 Y94.634 E423.47977
G1 X121.617 Y93.502 E423.5178
G1 X121.17 Y92.443 E423.55603
G1 X120.466 Y91.54 E423.59412
G1 X119.548 Y90.848 E423.63235
G1 X118.484 Y90.416 E423.67055
G1 X117.342 Y90.27 E423.70884
G1 X116.21 Y90.431 E423.74687
G1 X115.147 Y90.878 E423.78522
G1 X114.248 Y91.582 E423.8232
G1 X113.556 Y92.5 E423.86144
G1 X113.12 Y93.564 E423.89968
G1 X112.978 Y94.706 E423.93796
G1 X113.139 Y95.838 E423.97599
G1 X113.587 Y96.901 E424.01435
G1 X114.29 Y97.804 E424.05242
G1 X115.208 Y98.496 E424.09065
G1 X116.271 Y98.928 E424.12882
G1 X117.383 Y99.066 E424.16609
G1 X117.414 Y99.07 E424.16713
G0 F9000 X117.408 Y98.356
G0 X115.85 Y97.992
G0 X115.764 Y98.203
;TYPE:FILL
G1 F2763 X117.746 Y90.805 E424.42186
G0 F9000 X117.717 Y91.035
G0 X115.268 Y91.689
G0 X115.125 Y91.505
G1 F2763 X120.54 Y96.92 E424.67657
G0 F9000 X120.361 Y96.783
G0 X121.018 Y94.335
G0 X121.245 Y94.305
G1 F2763 X113.849 Y96.287 E424.93124
G0 F9000 X114.338 Y96.081
G1 F1500 E418.43124
;MESH:dubelHinge.stl
G0 F9000 X115.321 Y98.296
G0 X114.91 Y99.31
G0 X115.967 Y101.019
G0 X116.394 Y102.026
G0 X117.529 Y109.728
G0 X117.53 Y110.038
;TYPE:WALL-INNER
G1 F1500 E424.93124
G1 X118.558 Y109.892 E424.96577
G1 X119.525 Y109.485 E425.00067
G1 X120.344 Y108.847 E425.0352
G1 X120.973 Y108.013 E425.06994
G1 X121.366 Y107.047 E425.10463
G1 X121.494 Y106.01 E425.13938
G1 X121.348 Y104.982 E425.17391
G1 X120.942 Y104.015 E425.2088
G1 X120.303 Y103.2 E425.24324
G1 X119.469 Y102.571 E425.27799
G1 X118.502 Y102.178 E425.3127
G1 X117.465 Y102.046 E425.34747
G1 X116.438 Y102.192 E425.38197
G1 X115.475 Y102.598 E425.41673
G1 X114.656 Y103.237 E425.45128
G1 X114.027 Y104.071 E425.48603
G1 X113.634 Y105.038 E425.52074
G1 X113.502 Y106.075 E425.55551
G1 X113.648 Y107.102 E425.59002
G1 X114.054 Y108.065 E425.62478
G1 X114.693 Y108.884 E425.65933
G1 X115.528 Y109.514 E425.69412
G1 X116.494 Y109.91 E425.72884
G1 X117.5 Y110.034 E425.76255
G1 X117.53 Y110.038 E425.76356
G0 F9000 X117.534 Y110.442
;TYPE:WALL-OUTER
G1 F1500 X118.666 Y110.281 E425.80159
G1 X119.729 Y109.833 E425.83996
G1 X120.632 Y109.13 E425.87802
G1 X121.324 Y108.212 E425.91625
G1 X121.756 Y107.149 E425.95442
G1 X121.898 Y106.006 E425.99273
G1 X121.737 Y104.874 E426.03076
G1 X121.29 Y103.811 E426.06911
G1 X120.586 Y102.912 E426.10709
G1 X119.668 Y102.22 E426.14532
G1 X118.604 Y101.788 E426.18352
G1 X117.462 Y101.642 E426.22181
G1 X116.33 Y101.803 E426.25984
G1 X115.271 Y102.25 E426.29807
G1 X114.368 Y102.954 E426.33615
G1 X113.676 Y103.872 E426.37439
G1 X113.244 Y104.936 E426.41259
G1 X113.098 Y106.078 E426.45088
G1 X113.259 Y107.21 E426.48891
G1 X113.706 Y108.269 E426.52714
G1 X114.41 Y109.172 E426.56522
G1 X115.328 Y109.864 E426.60346
G1 X116.392 Y110.3 E426.6417
G1 X117.5 Y110.438 E426.67884
G1 X117.534 Y110.442 E426.67998
G0 F9000 X117.529 Y109.728
G0 X115.97 Y109.364
G0 X115.885 Y109.574
;TYPE:FILL
G1 F2763 X117.867 Y102.178 E426.93465
G0 F9000 X117.838 Y102.407
G0 X115.388 Y103.06
G0 X115.247 Y102.878
G1 F2763 X120.662 Y108.293 E427.18935
G0 F9000 X120.482 Y108.156
G0 X121.139 Y105.706
G0 X121.365 Y105.676
G1 F2763 X113.969 Y107.658 E427.44403
G0 F9000 X114.458 Y107.454
G1 F1500 E420.94403
;MESH:dubelUpper.stl(1)
G0 F9000 X116.451 Y110.077
G0 X116.318 Y111.163
G0 X116.696 Y111.965
G0 X117.027 Y113.008
G0 X117.487 Y117.799
G0 X117.5 Y118.106
;TYPE:WALL-INNER
G1 F1500 E427.44403
G1 X117.938 Y118.083 E427.45861
G1 X118.559 Y117.887 E427.48027
G1 X119.109 Y117.537 E427.50196
G1 X119.542 Y117.059 E427.52341
G1 X119.847 Y116.47 E427.54547
G1 X119.985 Y115.845 E427.56676
G1 X119.949 Y115.189 E427.58861
G1 X119.755 Y114.569 E427.61022
G1 X119.405 Y114.019 E427.6319
G1 X118.927 Y113.586 E427.65335
G1 X118.338 Y113.282 E427.6754
G1 X117.713 Y113.144 E427.69668
G1 X117.056 Y113.176 E427.71856
G1 X116.44 Y113.373 E427.74007
G1 X115.886 Y113.724 E427.76188
G1 X115.454 Y114.201 E427.78329
G1 X115.15 Y114.79 E427.80534
G1 X115.012 Y115.415 E427.82662
G1 X115.044 Y116.072 E427.8485
G1 X115.24 Y116.69 E427.87006
G1 X115.595 Y117.241 E427.89187
G1 X116.07 Y117.675 E427.91327
G1 X116.658 Y117.979 E427.93528
G1 X117.287 Y118.117 E427.9567
G1 X117.5 Y118.106 E427.96379
G0 F9000 X117.5 Y118.507
;TYPE:WALL-OUTER
G1 F1500 X118.011 Y118.481 E427.98081
G1 X118.73 Y118.253 E428.0059
G1 X119.369 Y117.845 E428.03112
G1 X119.874 Y117.289 E428.0561
G1 X120.226 Y116.607 E428.08162
G1 X120.387 Y115.879 E428.10642
G1 X120.348 Y115.117 E428.1318
G1 X120.121 Y114.398 E428.15688
G1 X119.713 Y113.759 E428.18209
G1 X119.157 Y113.254 E428.20708
G1 X118.475 Y112.902 E428.2326
G1 X117.747 Y112.742 E428.25739
G1 X116.984 Y112.779 E428.2828
G1 X116.27 Y113.007 E428.30773
G1 X115.626 Y113.415 E428.33309
G1 X115.122 Y113.971 E428.35805
G1 X114.77 Y114.653 E428.38357
G1 X114.61 Y115.381 E428.40836
G1 X114.647 Y116.144 E428.43377
G1 X114.875 Y116.862 E428.45883
G1 X115.287 Y117.501 E428.48411
G1 X115.84 Y118.006 E428.50902
G1 X116.521 Y118.358 E428.53452
G1 X117.253 Y118.519 E428.55945
G1 X117.5 Y118.507 E428.56767
G0 F9000 X117.468 Y117.8
G0 X116.383 Y117.491
G0 X116.279 Y117.692
;TYPE:FILL
G1 F2763 X117.473 Y113.235 E428.72114
G0 F9000 X117.483 Y113.466
G0 X116.447 Y113.736
G0 X116.323 Y113.542
G1 F2763 X119.584 Y116.803 E428.87453
G0 F9000 X119.385 Y116.7
G0 X119.668 Y115.668
G0 X119.894 Y115.659
G1 F2763 X115.439 Y116.853 E429.02793
G0 F9000 X115.887 Y116.569
G1 F1500 E422.52793
;MESH:dubelUpper.stl
G0 F9000 X117.276 Y118.289
G0 X117.327 Y119.381
G0 X117.401 Y121.061
G0 X117.451 Y122.134
G0 X117.487 Y126.964
G0 X117.5 Y127.272
;TYPE:WALL-INNER
G1 F1500 E429.02793
G1 F1503.8 X117.941 Y127.252 E429.04258
G1 F1500 X118.558 Y127.056 E429.06411
G1 X119.108 Y126.702 E429.08586
G1 X119.542 Y126.223 E429.10736
G1 X119.847 Y125.634 E429.12942
G1 X119.985 Y125.009 E429.15071
G1 X119.952 Y124.352 E429.17259
G1 X119.756 Y123.738 E429.19403
G1 X119.404 Y123.186 E429.2158
G1 X118.927 Y122.75 E429.2373
G1 X118.338 Y122.451 E429.25927
G1 X117.711 Y122.312 E429.28063
G1 X117.054 Y122.34 E429.3025
G1 X116.438 Y122.536 E429.324
G1 X115.887 Y122.891 E429.3458
G1 X115.453 Y123.366 E429.3672
G1 X115.15 Y123.954 E429.3892
G1 X115.012 Y124.583 E429.41062
G1 X115.044 Y125.24 E429.4325
G1 X115.24 Y125.854 E429.45393
G1 X115.595 Y126.405 E429.47573
G1 X116.07 Y126.839 E429.49713
G1 X116.658 Y127.142 E429.51914
G1 X117.288 Y127.281 E429.54059
G1 F1503.8 X117.5 Y127.272 E429.54763
G0 F9000 X117.5 Y127.672
;TYPE:WALL-OUTER
G1 F1500 X118.012 Y127.649 E429.56468
G1 X118.73 Y127.421 E429.58974
G1 X119.369 Y127.01 E429.615
G1 X119.874 Y126.453 E429.64001
G1 X120.226 Y125.771 E429.66554
G1 X120.387 Y125.043 E429.69034
G1 X120.349 Y124.28 E429.71575
G1 X120.121 Y123.566 E429.74067
G1 X119.713 Y122.926 E429.76592
G1 X119.157 Y122.418 E429.79097
G1 X118.475 Y122.071 E429.81642
G1 X117.746 Y121.91 E429.84125
G1 X116.984 Y121.943 E429.86662
G1 X116.266 Y122.171 E429.89167
G1 X115.627 Y122.583 E429.91696
G1 X115.122 Y123.136 E429.94187
G1 X114.77 Y123.817 E429.96737
G1 X114.61 Y124.549 E429.99229
G1 X114.647 Y125.312 E430.01769
G1 X114.875 Y126.026 E430.04262
G1 X115.287 Y126.665 E430.06791
G1 X115.84 Y127.17 E430.09282
G1 X116.521 Y127.522 E430.11832
G1 X117.254 Y127.683 E430.14328
G1 X117.5 Y127.672 E430.15147
G0 F9000 X117.468 Y126.965
G0 X116.382 Y126.657
G0 X116.279 Y126.856
;TYPE:FILL
G1 F2763 X117.473 Y122.402 E430.30484
G0 F9000 X117.483 Y122.632
G0 X116.447 Y122.902
G0 X116.323 Y122.706
G1 F2763 X119.584 Y125.967 E430.45823
G0 F9000 X119.385 Y125.864
G0 X119.668 Y124.833
G0 X119.895 Y124.823
G1 F2763 X115.439 Y126.017 E430.61166
G0 F9000 X115.886 Y125.733
G1 F1500 E424.11166
;MESH:NONMESH
G0 F300 X115.886 Y125.733 Z9.6
G0 F9000 X117.028 Y122.172
G0 X116.977 Y121.081
G0 X114.62 Y118.064
G0 X114.089 Y117.236
G0 X113.79 Y116.299
G0 X112.231 Y106.083
G0 X112.4 Y104.717
G0 X112.917 Y103.443
G0 X113.746 Y102.344
G0 X114.625 Y101.66
G0 X117.278 Y99.925
G0 X117.411 Y98.839
G0 X117.408 Y98.356
G0 X117.41 Y98.666
;TIME_ELAPSED:835.520027
;LAYER:47
;note -- min layer time used
;TYPE:WALL-INNER
;MESH:dubelHinge.stl(1)
G1 F1500 E430.61166
G1 X118.438 Y98.521 E430.64619
G1 X119.401 Y98.114 E430.68096
G1 X120.22 Y97.475 E430.71551
G1 X120.849 Y96.641 E430.75026
G1 X121.242 Y95.674 E430.78498
G1 X121.374 Y94.637 E430.81974
G1 X121.228 Y93.61 E430.85425
G1 X120.822 Y92.647 E430.88901
G1 X120.183 Y91.828 E430.92356
G1 X119.348 Y91.2 E430.95831
G1 X118.382 Y90.806 E430.99301
G1 X117.345 Y90.674 E431.02777
G1 X116.318 Y90.82 E431.06228
G1 X115.351 Y91.226 E431.09716
G1 X114.536 Y91.865 E431.1316
G1 X113.906 Y92.7 E431.16639
G1 X113.51 Y93.666 E431.20112
G1 X113.382 Y94.702 E431.23584
G1 X113.528 Y95.73 E431.27037
G1 X113.935 Y96.697 E431.30527
G1 X114.573 Y97.516 E431.3398
G1 X115.407 Y98.145 E431.37454
G1 X116.373 Y98.538 E431.40923
G1 X117.382 Y98.663 E431.44304
G1 X117.41 Y98.666 E431.44398
G0 F9000 X117.414 Y99.07
;TYPE:WALL-OUTER
G1 F1500 X118.546 Y98.909 E431.48201
G1 X119.605 Y98.462 E431.52024
G1 X120.508 Y97.758 E431.55832
G1 X121.2 Y96.84 E431.59656
G1 X121.632 Y95.776 E431.63475
G1 X121.778 Y94.634 E431.67305
G1 X121.617 Y93.502 E431.71108
G1 X121.17 Y92.443 E431.74931
G1 X120.466 Y91.54 E431.78739
G1 X119.548 Y90.848 E431.82563
G1 X118.484 Y90.416 E431.86382
G1 X117.342 Y90.27 E431.90211
G1 X116.21 Y90.431 E431.94014
G1 X115.147 Y90.878 E431.9785
G1 X114.248 Y91.582 E432.01647
G1 X113.556 Y92.5 E432.05471
G1 X113.12 Y93.564 E432.09296
G1 X112.978 Y94.706 E432.13123
G1 X113.139 Y95.838 E432.16926
G1 X113.587 Y96.901 E432.20763
G1 X114.29 Y97.804 E432.24569
G1 X115.208 Y98.496 E432.28393
G1 X116.271 Y98.928 E432.32209
G1 X117.383 Y99.066 E432.35936
G1 X117.414 Y99.07 E432.3604
G0 F9000 X117.408 Y98.356
G0 X115.717 Y97.938
G0 X115.631 Y98.149
;TYPE:FILL
G1 F2720.4 X117.604 Y90.787 E432.6139
G0 F9000 X117.575 Y91.017
G0 X115.38 Y91.601
G0 X115.238 Y91.417
G1 F2720.4 X120.626 Y96.805 E432.86734
G0 F9000 X120.447 Y96.669
G0 X121.038 Y94.476
G0 X121.266 Y94.446
G1 F2720.4 X113.904 Y96.419 E433.12084
G0 F9000 X114.394 Y96.212
G1 F1500 E426.62084
;MESH:dubelHinge.stl
G0 F9000 X115.321 Y98.296
G0 X114.91 Y99.31
G0 X115.967 Y101.019
G0 X116.394 Y102.026
G0 X117.529 Y109.728
G0 X117.53 Y110.038
;TYPE:WALL-INNER
G1 F1500 E433.12084
G1 X118.558 Y109.892 E433.15537
G1 X119.525 Y109.485 E433.19027
G1 X120.344 Y108.847 E433.2248
G1 X120.973 Y108.013 E433.25954
G1 X121.366 Y107.047 E433.29423
G1 X121.494 Y106.01 E433.32898
G1 X121.348 Y104.982 E433.36351
G1 X120.942 Y104.015 E433.3984
G1 X120.303 Y103.2 E433.43284
G1 X119.469 Y102.571 E433.46759
G1 X118.502 Y102.178 E433.5023
G1 X117.465 Y102.046 E433.53707
G1 X116.438 Y102.192 E433.57157
G1 X115.475 Y102.598 E433.60633
G1 X114.656 Y103.237 E433.64088
G1 X114.027 Y104.071 E433.67563
G1 X113.634 Y105.038 E433.71034
G1 X113.502 Y106.075 E433.74511
G1 X113.648 Y107.102 E433.77961
G1 X114.054 Y108.065 E433.81437
G1 X114.693 Y108.884 E433.84892
G1 X115.528 Y109.514 E433.88371
G1 X116.494 Y109.91 E433.91844
G1 X117.5 Y110.034 E433.95215
G1 X117.53 Y110.038 E433.95316
G0 F9000 X117.534 Y110.442
;TYPE:WALL-OUTER
G1 F1500 X118.666 Y110.281 E433.99119
G1 X119.729 Y109.833 E434.02956
G1 X120.632 Y109.13 E434.06762
G1 X121.324 Y108.212 E434.10585
G1 X121.756 Y107.149 E434.14402
G1 X121.898 Y106.006 E434.18233
G1 X121.737 Y104.874 E434.22036
G1 X121.29 Y103.811 E434.25871
G1 X120.586 Y102.912 E434.29669
G1 X119.668 Y102.22 E434.33492
G1 X118.604 Y101.788 E434.37312
G1 X117.462 Y101.642 E434.41141
G1 X116.33 Y101.803 E434.44944
G1 X115.271 Y102.25 E434.48767
G1 X114.368 Y102.954 E434.52575
G1 X113.676 Y103.872 E434.56399
G1 X113.244 Y104.936 E434.60218
G1 X113.098 Y106.078 E434.64048
G1 X113.259 Y107.21 E434.67851
G1 X113.706 Y108.269 E434.71674
G1 X114.41 Y109.172 E434.75482
G1 X115.328 Y109.864 E434.79306
G1 X116.392 Y110.3 E434.8313
G1 X117.5 Y110.438 E434.86844
G1 X117.534 Y110.442 E434.86958
G0 F9000 X117.529 Y109.728
G0 X115.838 Y109.31
G0 X115.752 Y109.52
;TYPE:FILL
G1 F2720.4 X117.725 Y102.159 E435.12305
G0 F9000 X117.696 Y102.389
G0 X115.501 Y102.973
G0 X115.36 Y102.79
G1 F2720.4 X120.748 Y108.179 E435.37651
G0 F9000 X120.568 Y108.042
G0 X121.159 Y105.848
G0 X121.385 Y105.818
G1 F2720.4 X114.024 Y107.79 E435.62997
G0 F9000 X114.514 Y107.586
G1 F1500 E429.12997
;MESH:dubelUpper.stl(1)
G0 F9000 X116.451 Y110.077
G0 X116.318 Y111.163
G0 X116.696 Y111.965
G0 X117.027 Y113.008
G0 X117.487 Y117.799
G0 X117.5 Y118.106
;TYPE:WALL-INNER
G1 F1500 E435.62997
G1 X117.938 Y118.083 E435.64455
G1 X118.559 Y117.887 E435.66621
G1 X119.109 Y117.537 E435.6879
G1 X119.542 Y117.059 E435.70935
G1 X119.847 Y116.47 E435.73141
G1 X119.985 Y115.845 E435.7527
G1 X119.949 Y115.189 E435.77455
G1 X119.755 Y114.569 E435.79616
G1 X119.405 Y114.019 E435.81784
G1 X118.927 Y113.586 E435.83929
G1 X118.338 Y113.282 E435.86134
G1 X117.713 Y113.144 E435.88262
G1 X117.056 Y113.176 E435.9045
G1 X116.44 Y113.373 E435.92601
G1 X115.886 Y113.724 E435.94783
G1 X115.454 Y114.201 E435.96923
G1 X115.15 Y114.79 E435.99128
G1 X115.012 Y115.415 E436.01256
G1 X115.044 Y116.072 E436.03444
G1 X115.24 Y116.69 E436.05601
G1 X115.595 Y117.241 E436.07781
G1 X116.07 Y117.675 E436.09921
G1 X116.658 Y117.979 E436.12122
G1 X117.287 Y118.117 E436.14264
G1 X117.5 Y118.106 E436.14973
G0 F9000 X117.5 Y118.507
;TYPE:WALL-OUTER
G1 F1500 X118.011 Y118.481 E436.16675
G1 X118.73 Y118.253 E436.19184
G1 X119.369 Y117.845 E436.21706
G1 X119.874 Y117.289 E436.24204
G1 X120.226 Y116.607 E436.26756
G1 X120.387 Y115.879 E436.29236
G1 X120.348 Y115.117 E436.31774
G1 X120.121 Y114.398 E436.34282
G1 X119.713 Y113.759 E436.36803
G1 X119.157 Y113.254 E436.39302
G1 X118.475 Y112.902 E436.41854
G1 X117.747 Y112.742 E436.44333
G1 X116.984 Y112.779 E436.46874
G1 X116.27 Y113.007 E436.49367
G1 X115.626 Y113.415 E436.51903
G1 X115.122 Y113.971 E436.54399
G1 X114.77 Y114.653 E436.56951
G1 X114.61 Y115.381 E436.5943
G1 X114.647 Y116.144 E436.61971
G1 X114.875 Y116.862 E436.64477
G1 X115.287 Y117.501 E436.67005
G1 X115.84 Y118.006 E436.69496
G1 X116.521 Y118.358 E436.72046
G1 X117.253 Y118.519 E436.74539
G1 X117.5 Y118.507 E436.75361
G0 F9000 X117.468 Y117.8
G0 X116.253 Y117.425
G0 X116.15 Y117.624
;TYPE:FILL
G1 F2720.4 X117.325 Y113.241 E436.90454
G0 F9000 X116.446 Y113.464
G1 F2720.4 X119.652 Y116.671 E437.05536
G0 F9000 X119.903 Y115.804
G1 F2720.4 X115.52 Y116.978 E437.20628
G0 F9000 X115.967 Y116.694
G1 F1500 E430.70628
;MESH:dubelUpper.stl
G0 F9000 X117.276 Y118.289
G0 X117.327 Y119.381
G0 X117.401 Y121.061
G0 X117.451 Y122.134
G0 X117.487 Y126.964
G0 X117.5 Y127.272
;TYPE:WALL-INNER
G1 F1500 E437.20628
G1 F1503.8 X117.941 Y127.252 E437.22093
G1 F1500 X118.558 Y127.056 E437.24246
G1 X119.108 Y126.702 E437.26421
G1 X119.542 Y126.223 E437.28571
G1 X119.847 Y125.634 E437.30777
G1 X119.985 Y125.009 E437.32906
G1 X119.952 Y124.352 E437.35094
G1 X119.756 Y123.738 E437.37238
G1 X119.404 Y123.186 E437.39415
G1 X118.927 Y122.75 E437.41565
G1 X118.338 Y122.451 E437.43762
G1 X117.711 Y122.312 E437.45898
G1 X117.054 Y122.34 E437.48085
G1 X116.438 Y122.536 E437.50235
G1 X115.887 Y122.891 E437.52415
G1 X115.453 Y123.366 E437.54555
G1 X115.15 Y123.954 E437.56755
G1 X115.012 Y124.583 E437.58897
G1 X115.044 Y125.24 E437.61085
G1 X115.24 Y125.854 E437.63228
G1 X115.595 Y126.405 E437.65408
G1 X116.07 Y126.839 E437.67548
G1 X116.658 Y127.142 E437.69749
G1 X117.288 Y127.281 E437.71894
G1 F1503.8 X117.5 Y127.272 E437.72598
G0 F9000 X117.5 Y127.672
;TYPE:WALL-OUTER
G1 F1500 X118.012 Y127.649 E437.74303
G1 X118.73 Y127.421 E437.76809
G1 X119.369 Y127.01 E437.79336
G1 X119.874 Y126.453 E437.81836
G1 X120.226 Y125.771 E437.84389
G1 X120.387 Y125.043 E437.86869
G1 X120.349 Y124.28 E437.8941
G1 X120.121 Y123.566 E437.91902
G1 X119.713 Y122.926 E437.94427
G1 X119.157 Y122.418 E437.96932
G1 X118.475 Y122.071 E437.99477
G1 X117.746 Y121.91 E438.0196
G1 X116.984 Y121.943 E438.04497
G1 X116.266 Y122.171 E438.07002
G1 X115.627 Y122.583 E438.09531
G1 X115.122 Y123.136 E438.12022
G1 X114.77 Y123.817 E438.14572
G1 X114.61 Y124.549 E438.17064
G1 X114.647 Y125.312 E438.19605
G1 X114.875 Y126.026 E438.22097
G1 X115.287 Y126.665 E438.24626
G1 X115.84 Y127.17 E438.27117
G1 X116.521 Y127.522 E438.29667
G1 X117.254 Y127.683 E438.32163
G1 X117.5 Y127.672 E438.32982
G0 F9000 X117.468 Y126.965
G0 X116.253 Y126.59
G0 X116.15 Y126.789
;TYPE:FILL
G1 F2720.4 X117.324 Y122.409 E438.48064
G0 F9000 X116.446 Y122.627
G1 F2720.4 X119.653 Y125.835 E438.63151
G0 F9000 X119.903 Y124.968
G1 F2720.4 X115.52 Y126.142 E438.78243
G0 F9000 X115.966 Y125.858
G1 F1500 E432.28243
;MESH:NONMESH
G0 F300 X115.966 Y125.858 Z9.8
G0 F9000 X117.028 Y122.172
G0 X116.977 Y121.081
G0 X114.62 Y118.064
G0 X114.089 Y117.236
G0 X113.79 Y116.299
G0 X112.231 Y106.083
G0 X112.4 Y104.717
G0 X112.917 Y103.443
G0 X113.746 Y102.344
G0 X114.625 Y101.66
G0 X117.278 Y99.925
G0 X117.411 Y98.839
G0 X117.408 Y98.356
G0 X117.41 Y98.666
;TIME_ELAPSED:851.369946
;LAYER:48
;note -- min layer time used
;TYPE:WALL-INNER
;MESH:dubelHinge.stl(1)
G1 F1500 E438.78243
G1 X118.438 Y98.521 E438.81696
G1 X119.401 Y98.114 E438.85173
G1 X120.22 Y97.475 E438.88628
G1 X120.849 Y96.641 E438.92103
G1 X121.242 Y95.674 E438.95574
G1 X121.374 Y94.637 E438.99051
G1 X121.228 Y93.61 E439.02501
G1 X120.822 Y92.647 E439.05977
G1 X120.183 Y91.828 E439.09432
G1 X119.348 Y91.2 E439.12907
G1 X118.382 Y90.806 E439.16377
G1 X117.345 Y90.674 E439.19854
G1 X116.318 Y90.82 E439.23304
G1 X115.351 Y91.226 E439.26793
G1 X114.536 Y91.865 E439.30237
G1 X113.906 Y92.7 E439.33716
G1 X113.51 Y93.666 E439.37189
G1 X113.382 Y94.702 E439.4066
G1 X113.528 Y95.73 E439.44114
G1 X113.935 Y96.697 E439.47603
G1 X114.573 Y97.516 E439.51056
G1 X115.407 Y98.145 E439.54531
G1 X116.373 Y98.538 E439.57999
G1 X117.382 Y98.663 E439.61381
G1 X117.41 Y98.666 E439.61475
G0 F9000 X117.414 Y99.07
;TYPE:WALL-OUTER
G1 F1500 X118.546 Y98.909 E439.65278
G1 X119.605 Y98.462 E439.69101
G1 X120.508 Y97.758 E439.72909
G1 X121.2 Y96.84 E439.76733
G1 X121.632 Y95.776 E439.80552
G1 X121.778 Y94.634 E439.84381
G1 X121.617 Y93.502 E439.88184
G1 X121.17 Y92.443 E439.92007
G1 X120.466 Y91.54 E439.95816
G1 X119.548 Y90.848 E439.99639
G1 X118.484 Y90.416 E440.03459
G1 X117.342 Y90.27 E440.07288
G1 X116.21 Y90.431 E440.11091
G1 X115.147 Y90.878 E440.14926
G1 X114.248 Y91.582 E440.18724
G1 X113.556 Y92.5 E440.22548
G1 X113.12 Y93.564 E440.26372
G1 X112.978 Y94.706 E440.302
G1 X113.139 Y95.838 E440.34003
G1 X113.587 Y96.901 E440.37839
G1 X114.29 Y97.804 E440.41646
G1 X115.208 Y98.496 E440.45469
G1 X116.271 Y98.928 E440.49286
G1 X117.383 Y99.066 E440.53013
G1 X117.414 Y99.07 E440.53117
G0 F9000 X117.408 Y98.356
G0 X115.585 Y97.885
G0 X115.499 Y98.096
;TYPE:FILL
G1 F2681.4 X117.463 Y90.769 E440.78347
G0 F9000 X117.434 Y91
G0 X115.493 Y91.513
G0 X115.35 Y91.329
G1 F2681.4 X120.712 Y96.691 E441.03568
G0 F9000 X120.533 Y96.555
G0 X121.057 Y94.617
G0 X121.286 Y94.587
G1 F2681.4 X113.96 Y96.55 E441.28794
G0 F9000 X114.449 Y96.343
G1 F1500 E434.78794
;MESH:dubelHinge.stl
G0 F9000 X115.321 Y98.296
G0 X114.91 Y99.31
G0 X115.967 Y101.019
G0 X116.394 Y102.026
G0 X117.529 Y109.728
G0 X117.53 Y110.038
;TYPE:WALL-INNER
G1 F1500 E441.28794
G1 X118.558 Y109.892 E441.32247
G1 X119.525 Y109.485 E441.35737
G1 X120.344 Y108.847 E441.3919
G1 X120.973 Y108.013 E441.42664
G1 X121.366 Y107.047 E441.46133
G1 X121.494 Y106.01 E441.49608
G1 X121.348 Y104.982 E441.53061
G1 X120.942 Y104.015 E441.5655
G1 X120.303 Y103.2 E441.59994
G1 X119.469 Y102.571 E441.63468
G1 X118.502 Y102.178 E441.6694
G1 X117.465 Y102.046 E441.70417
G1 X116.438 Y102.192 E441.73867
G1 X115.475 Y102.598 E441.77343
G1 X114.656 Y103.237 E441.80798
G1 X114.027 Y104.071 E441.84273
G1 X113.634 Y105.038 E441.87744
G1 X113.502 Y106.075 E441.91221
G1 X113.648 Y107.102 E441.94671
G1 X114.054 Y108.065 E441.98147
G1 X114.693 Y108.884 E442.01602
G1 X115.528 Y109.514 E442.05081
G1 X116.494 Y109.91 E442.08554
G1 X117.5 Y110.034 E442.11925
G1 X117.53 Y110.038 E442.12026
G0 F9000 X117.534 Y110.442
;TYPE:WALL-OUTER
G1 F1500 X118.666 Y110.281 E442.15829
G1 X119.729 Y109.833 E442.19665
G1 X120.632 Y109.13 E442.23472
G1 X121.324 Y108.212 E442.27295
G1 X121.756 Y107.149 E442.31112
G1 X121.898 Y106.006 E442.34943
G1 X121.737 Y104.874 E442.38745
G1 X121.29 Y103.811 E442.42581
G1 X120.586 Y102.912 E442.46379
G1 X119.668 Y102.22 E442.50202
G1 X118.604 Y101.788 E442.54022
G1 X117.462 Y101.642 E442.57851
G1 X116.33 Y101.803 E442.61654
G1 X115.271 Y102.25 E442.65477
G1 X114.368 Y102.954 E442.69285
G1 X113.676 Y103.872 E442.73109
G1 X113.244 Y104.936 E442.76928
G1 X113.098 Y106.078 E442.80758
G1 X113.259 Y107.21 E442.84561
G1 X113.706 Y108.269 E442.88384
G1 X114.41 Y109.172 E442.92192
G1 X115.328 Y109.864 E442.96016
G1 X116.392 Y110.3 E442.9984
G1 X117.5 Y110.438 E443.03554
G1 X117.534 Y110.442 E443.03668
G0 F9000 X117.529 Y109.728
G0 X115.706 Y109.257
G0 X115.621 Y109.466
;TYPE:FILL
G1 F2681.4 X117.583 Y102.141 E443.28889
G0 F9000 X117.554 Y102.372
G0 X115.613 Y102.885
G0 X115.472 Y102.703
G1 F2681.4 X120.834 Y108.065 E443.54111
G0 F9000 X120.654 Y107.928
G0 X121.178 Y105.989
G0 X121.405 Y105.959
G1 F2681.4 X114.08 Y107.921 E443.79333
G0 F9000 X114.569 Y107.717
G1 F1500 E437.29333
;MESH:dubelUpper.stl(1)
G0 F9000 X116.451 Y110.077
G0 X116.318 Y111.163
G0 X116.696 Y111.965
G0 X117.027 Y113.008
G0 X117.487 Y117.799
G0 X117.5 Y118.106
;TYPE:WALL-INNER
G1 F1500 E443.79333
G1 X117.938 Y118.083 E443.80791
G1 X118.559 Y117.887 E443.82957
G1 X119.109 Y117.537 E443.85126
G1 X119.542 Y117.059 E443.87271
G1 X119.847 Y116.47 E443.89477
G1 X119.985 Y115.845 E443.91606
G1 X119.949 Y115.189 E443.93791
G1 X119.755 Y114.569 E443.95951
G1 X119.405 Y114.019 E443.9812
G1 X118.927 Y113.586 E444.00265
G1 X118.338 Y113.282 E444.02469
G1 X117.713 Y113.144 E444.04598
G1 X117.056 Y113.176 E444.06786
G1 X116.44 Y113.373 E444.08937
G1 X115.886 Y113.724 E444.11118
G1 X115.454 Y114.201 E444.13259
G1 X115.15 Y114.79 E444.15463
G1 X115.012 Y115.415 E444.17592
G1 X115.044 Y116.072 E444.1978
G1 X115.24 Y116.69 E444.21936
G1 X115.595 Y117.241 E444.24116
G1 X116.07 Y117.675 E444.26256
G1 X116.658 Y117.979 E444.28458
G1 X117.287 Y118.117 E444.306
G1 X117.5 Y118.106 E444.31309
G0 F9000 X117.5 Y118.507
;TYPE:WALL-OUTER
G1 F1500 X118.011 Y118.481 E444.33011
G1 X118.73 Y118.253 E444.3552
G1 X119.369 Y117.845 E444.38041
G1 X119.874 Y117.289 E444.4054
G1 X120.226 Y116.607 E444.43092
G1 X120.387 Y115.879 E444.45572
G1 X120.348 Y115.117 E444.4811
G1 X120.121 Y114.398 E444.50618
G1 X119.713 Y113.759 E444.53139
G1 X119.157 Y113.254 E444.55637
G1 X118.475 Y112.902 E444.5819
G1 X117.747 Y112.742 E444.60669
G1 X116.984 Y112.779 E444.6321
G1 X116.27 Y113.007 E444.65703
G1 X115.626 Y113.415 E444.68238
G1 X115.122 Y113.971 E444.70734
G1 X114.77 Y114.653 E444.73287
G1 X114.61 Y115.381 E444.75766
G1 X114.647 Y116.144 E444.78307
G1 X114.875 Y116.862 E444.80813
G1 X115.287 Y117.501 E444.83341
G1 X115.84 Y118.006 E444.85832
G1 X116.521 Y118.358 E444.88382
G1 X117.253 Y118.519 E444.90875
G1 X117.5 Y118.507 E444.91697
G0 F9000 X117.468 Y117.8
G0 X116.184 Y117.36
G0 X116.03 Y117.527
;TYPE:FILL
G1 F2681.4 X117.177 Y113.249 E445.06428
G0 F9000 X116.589 Y113.409
G1 F2681.4 X119.721 Y116.54 E445.21158
G0 F9000 X119.878 Y115.956
G1 F2681.4 X115.6 Y117.103 E445.35889
G0 F9000 X116.047 Y116.819
G1 F1500 E438.85889
;MESH:dubelUpper.stl
G0 F9000 X117.276 Y118.289
G0 X117.327 Y119.381
G0 X117.401 Y121.061
G0 X117.451 Y122.134
G0 X117.487 Y126.964
G0 X117.5 Y127.272
;TYPE:WALL-INNER
G1 F1500 E445.35889
G1 F1503.8 X117.941 Y127.252 E445.37354
G1 F1500 X118.558 Y127.056 E445.39507
G1 X119.108 Y126.702 E445.41683
G1 X119.542 Y126.223 E445.43832
G1 X119.847 Y125.634 E445.46038
G1 X119.985 Y125.009 E445.48167
G1 X119.952 Y124.352 E445.50355
G1 X119.756 Y123.738 E445.52499
G1 X119.404 Y123.186 E445.54676
G1 X118.927 Y122.75 E445.56826
G1 X118.338 Y122.451 E445.59023
G1 X117.711 Y122.312 E445.61159
G1 X117.054 Y122.34 E445.63346
G1 X116.438 Y122.536 E445.65496
G1 X115.887 Y122.891 E445.67676
G1 X115.453 Y123.366 E445.69816
G1 X115.15 Y123.954 E445.72016
G1 X115.012 Y124.583 E445.74158
G1 X115.044 Y125.24 E445.76346
G1 X115.24 Y125.854 E445.7849
G1 X115.595 Y126.405 E445.8067
G1 X116.07 Y126.839 E445.8281
G1 X116.658 Y127.142 E445.8501
G1 X117.288 Y127.281 E445.87155
G1 F1503.8 X117.5 Y127.272 E445.87859
G0 F9000 X117.5 Y127.672
;TYPE:WALL-OUTER
G1 F1500 X118.012 Y127.649 E445.89564
G1 X118.73 Y127.421 E445.9207
G1 X119.369 Y127.01 E445.94597
G1 X119.874 Y126.453 E445.97097
G1 X120.226 Y125.771 E445.9965
G1 X120.387 Y125.043 E446.0213
G1 X120.349 Y124.28 E446.04671
G1 X120.121 Y123.566 E446.07164
G1 X119.713 Y122.926 E446.09688
G1 X119.157 Y122.418 E446.12193
G1 X118.475 Y122.071 E446.14738
G1 X117.746 Y121.91 E446.17221
G1 X116.984 Y121.943 E446.19758
G1 X116.266 Y122.171 E446.22263
G1 X115.627 Y122.583 E446.24792
G1 X115.122 Y123.136 E446.27283
G1 X114.77 Y123.817 E446.29833
G1 X114.61 Y124.549 E446.32325
G1 X114.647 Y125.312 E446.34866
G1 X114.875 Y126.026 E446.37359
G1 X115.287 Y126.665 E446.39887
G1 X115.84 Y127.17 E446.42378
G1 X116.521 Y127.522 E446.44928
G1 X117.254 Y127.683 E446.47424
G1 X117.5 Y127.672 E446.48243
G0 F9000 X117.468 Y126.965
G0 X116.184 Y126.525
G0 X116.03 Y126.693
;TYPE:FILL
G1 F2681.4 X117.176 Y122.415 E446.62973
G0 F9000 X116.59 Y122.572
G1 F2681.4 X119.721 Y125.703 E446.77701
G0 F9000 X119.877 Y125.121
G1 F2681.4 X115.601 Y126.267 E446.92425
G0 F9000 X116.047 Y125.984
G1 F1500 E440.42425
;MESH:NONMESH
G0 F300 X116.047 Y125.984 Z10
G0 F9000 X117.028 Y122.172
G0 X116.977 Y121.081
G0 X114.62 Y118.064
G0 X114.089 Y117.236
G0 X113.79 Y116.299
G0 X112.231 Y106.083
G0 X112.4 Y104.717
G0 X112.917 Y103.443
G0 X113.746 Y102.344
G0 X114.625 Y101.66
G0 X117.278 Y99.925
G0 X117.411 Y98.839
G0 X117.408 Y98.356
G0 X117.41 Y98.666
;TIME_ELAPSED:867.117444
;LAYER:49
;note -- min layer time used
;TYPE:WALL-INNER
;MESH:dubelHinge.stl(1)
G1 F1500 E446.92425
G1 X118.438 Y98.521 E446.95878
G1 X119.401 Y98.114 E446.99355
G1 X120.22 Y97.475 E447.0281
G1 X120.849 Y96.641 E447.06284
G1 X121.242 Y95.674 E447.09756
G1 X121.374 Y94.637 E447.13233
G1 X121.228 Y93.61 E447.16683
G1 X120.822 Y92.647 E447.20159
G1 X120.183 Y91.828 E447.23614
G1 X119.348 Y91.2 E447.27089
G1 X118.382 Y90.806 E447.30559
G1 X117.345 Y90.674 E447.34036
G1 X116.318 Y90.82 E447.37486
G1 X115.351 Y91.226 E447.40974
G1 X114.536 Y91.865 E447.44419
G1 X113.906 Y92.7 E447.47898
G1 X113.51 Y93.666 E447.5137
G1 X113.382 Y94.702 E447.54842
G1 X113.528 Y95.73 E447.58296
G1 X113.935 Y96.697 E447.61785
G1 X114.573 Y97.516 E447.65238
G1 X115.407 Y98.145 E447.68712
G1 X116.373 Y98.538 E447.72181
G1 X117.382 Y98.663 E447.75563
G1 X117.41 Y98.666 E447.75656
G0 F9000 X117.414 Y99.07
;TYPE:WALL-OUTER
G1 F1500 X118.546 Y98.909 E447.79459
G1 X119.605 Y98.462 E447.83282
G1 X120.508 Y97.758 E447.87091
G1 X121.2 Y96.84 E447.90914
G1 X121.632 Y95.776 E447.94734
G1 X121.778 Y94.634 E447.98563
G1 X121.617 Y93.502 E448.02366
G1 X121.17 Y92.443 E448.06189
G1 X120.466 Y91.54 E448.09997
G1 X119.548 Y90.848 E448.13821
G1 X118.484 Y90.416 E448.1764
G1 X117.342 Y90.27 E448.2147
G1 X116.21 Y90.431 E448.25273
G1 X115.147 Y90.878 E448.29108
G1 X114.248 Y91.582 E448.32906
G1 X113.556 Y92.5 E448.36729
G1 X113.12 Y93.564 E448.40554
G1 X112.978 Y94.706 E448.44381
G1 X113.139 Y95.838 E448.48184
G1 X113.587 Y96.901 E448.52021
G1 X114.29 Y97.804 E448.55827
G1 X115.208 Y98.496 E448.59651
G1 X116.271 Y98.928 E448.63467
G1 X117.383 Y99.066 E448.67194
G1 X117.414 Y99.07 E448.67298
G0 F9000 X117.408 Y98.356
G0 X115.511 Y97.838
G0 X115.373 Y98.019
;TYPE:FILL
G1 F2638.3 X117.319 Y90.758 E448.92301
G0 F9000 X117.35 Y90.99
G0 X115.569 Y91.473
G0 X115.48 Y91.259
G1 F2638.3 X120.792 Y96.57 E449.17284
G0 F9000 X120.584 Y96.485
G0 X121.054 Y94.707
G0 X121.28 Y94.735
G1 F2638.3 X114.023 Y96.68 E449.42273
G0 F9000 X114.452 Y96.351
G1 F1500 E442.92273
;MESH:dubelHinge.stl
G0 F9000 X115.321 Y98.296
G0 X114.91 Y99.31
G0 X115.967 Y101.019
G0 X116.394 Y102.026
G0 X117.529 Y109.728
G0 X117.53 Y110.038
;TYPE:WALL-INNER
G1 F1500 E449.42273
G1 X118.558 Y109.892 E449.45727
G1 X119.525 Y109.485 E449.49216
G1 X120.344 Y108.847 E449.52669
G1 X120.973 Y108.013 E449.56143
G1 X121.366 Y107.047 E449.59612
G1 X121.494 Y106.01 E449.63087
G1 X121.348 Y104.982 E449.66541
G1 X120.942 Y104.015 E449.70029
G1 X120.303 Y103.2 E449.73474
G1 X119.469 Y102.571 E449.76948
G1 X118.502 Y102.178 E449.8042
G1 X117.465 Y102.046 E449.83896
G1 X116.438 Y102.192 E449.87347
G1 X115.475 Y102.598 E449.90823
G1 X114.656 Y103.237 E449.94278
G1 X114.027 Y104.071 E449.97752
G1 X113.634 Y105.038 E450.01224
G1 X113.502 Y106.075 E450.04701
G1 X113.648 Y107.102 E450.08151
G1 X114.054 Y108.065 E450.11627
G1 X114.693 Y108.884 E450.15082
G1 X115.528 Y109.514 E450.18561
G1 X116.494 Y109.91 E450.22033
G1 X117.5 Y110.034 E450.25405
G1 X117.53 Y110.038 E450.25505
G0 F9000 X117.534 Y110.442
;TYPE:WALL-OUTER
G1 F1500 X118.666 Y110.281 E450.29308
G1 X119.729 Y109.833 E450.33145
G1 X120.632 Y109.13 E450.36951
G1 X121.324 Y108.212 E450.40775
G1 X121.756 Y107.149 E450.44591
G1 X121.898 Y106.006 E450.48422
G1 X121.737 Y104.874 E450.52225
G1 X121.29 Y103.811 E450.5606
G1 X120.586 Y102.912 E450.59858
G1 X119.668 Y102.22 E450.63682
G1 X118.604 Y101.788 E450.67501
G1 X117.462 Y101.642 E450.7133
G1 X116.33 Y101.803 E450.75133
G1 X115.271 Y102.25 E450.78956
G1 X114.368 Y102.954 E450.82765
G1 X113.676 Y103.872 E450.86588
G1 X113.244 Y104.936 E450.90408
G1 X113.098 Y106.078 E450.94237
G1 X113.259 Y107.21 E450.9804
G1 X113.706 Y108.269 E451.01863
G1 X114.41 Y109.172 E451.05671
G1 X115.328 Y109.864 E451.09495
G1 X116.392 Y110.3 E451.13319
G1 X117.5 Y110.438 E451.17033
G1 X117.534 Y110.442 E451.17147
G0 F9000 X117.529 Y109.728
G0 X115.632 Y109.209
G0 X115.495 Y109.389
;TYPE:FILL
G1 F2638.3 X117.439 Y102.131 E451.42138
G0 F9000 X117.47 Y102.362
G0 X115.691 Y102.846
G0 X115.601 Y102.632
G1 F2638.3 X120.915 Y107.946 E451.67134
G0 F9000 X120.704 Y107.86
G0 X121.175 Y106.079
G0 X121.4 Y106.107
G1 F2638.3 X114.145 Y108.051 E451.92115
G0 F9000 X114.572 Y107.724
G1 F1500 E445.42115
;MESH:dubelUpper.stl(1)
G0 F9000 X116.451 Y110.077
G0 X116.318 Y111.163
G0 X116.696 Y111.965
G0 X117.027 Y113.008
G0 X117.487 Y117.799
G0 X117.5 Y118.106
;TYPE:WALL-INNER
G1 F1500 E451.92115
G1 X117.938 Y118.083 E451.93574
G1 X118.559 Y117.887 E451.9574
G1 X119.109 Y117.537 E451.97908
G1 X119.542 Y117.059 E452.00053
G1 X119.847 Y116.47 E452.02259
G1 X119.985 Y115.845 E452.04388
G1 X119.949 Y115.189 E452.06573
G1 X119.755 Y114.569 E452.08734
G1 X119.405 Y114.019 E452.10902
G1 X118.927 Y113.586 E452.13047
G1 X118.338 Y113.282 E452.15252
G1 X117.713 Y113.144 E452.17381
G1 X117.056 Y113.176 E452.19569
G1 X116.44 Y113.373 E452.2172
G1 X115.886 Y113.724 E452.23901
G1 X115.454 Y114.201 E452.26041
G1 X115.15 Y114.79 E452.28246
G1 X115.012 Y115.415 E452.30375
G1 X115.044 Y116.072 E452.32563
G1 X115.24 Y116.69 E452.34719
G1 X115.595 Y117.241 E452.36899
G1 X116.07 Y117.675 E452.39039
G1 X116.658 Y117.979 E452.41241
G1 X117.287 Y118.117 E452.43382
G1 X117.5 Y118.106 E452.44092
G0 F9000 X117.5 Y118.507
;TYPE:WALL-OUTER
G1 F1500 X118.011 Y118.481 E452.45794
G1 X118.73 Y118.253 E452.48302
G1 X119.369 Y117.845 E452.50824
G1 X119.874 Y117.289 E452.53322
G1 X120.226 Y116.607 E452.55875
G1 X120.387 Y115.879 E452.58355
G1 X120.348 Y115.117 E452.60892
G1 X120.121 Y114.398 E452.634
G1 X119.713 Y113.759 E452.65922
G1 X119.157 Y113.254 E452.6842
G1 X118.475 Y112.902 E452.70973
G1 X117.747 Y112.742 E452.73452
G1 X116.984 Y112.779 E452.75992
G1 X116.27 Y113.007 E452.78485
G1 X115.626 Y113.415 E452.81021
G1 X115.122 Y113.971 E452.83517
G1 X114.77 Y114.653 E452.8607
G1 X114.61 Y115.381 E452.88549
G1 X114.647 Y116.144 E452.91089
G1 X114.875 Y116.862 E452.93595
G1 X115.287 Y117.501 E452.96124
G1 X115.84 Y118.006 E452.98615
G1 X116.521 Y118.358 E453.01164
G1 X117.253 Y118.519 E453.03657
G1 X117.5 Y118.507 E453.0448
G0 F9000 X117.468 Y117.8
G0 X116.066 Y117.253
G0 X115.912 Y117.42
;TYPE:FILL
G1 F2638.3 X117.024 Y113.269 E453.18773
G0 F9000 X116.741 Y113.36
G1 F2638.3 X119.781 Y116.4 E453.33072
G0 F9000 X119.844 Y116.113
G1 F2638.3 X115.695 Y117.224 E453.47358
G0 F9000 X116.056 Y116.833
G1 F1500 E446.97358
;MESH:dubelUpper.stl
G0 F9000 X117.276 Y118.289
G0 X117.327 Y119.381
G0 X117.401 Y121.061
G0 X117.451 Y122.134
G0 X117.487 Y126.964
G0 X117.5 Y127.272
;TYPE:WALL-INNER
G1 F1500 E453.47358
G1 F1503.8 X117.941 Y127.252 E453.48822
G1 F1500 X118.558 Y127.056 E453.50976
G1 X119.108 Y126.702 E453.53151
G1 X119.542 Y126.223 E453.55301
G1 X119.847 Y125.634 E453.57507
G1 X119.985 Y125.009 E453.59636
G1 X119.952 Y124.352 E453.61824
G1 X119.756 Y123.738 E453.63967
G1 X119.404 Y123.186 E453.66145
G1 X118.927 Y122.75 E453.68294
G1 X118.338 Y122.451 E453.70491
G1 X117.711 Y122.312 E453.72627
G1 X117.054 Y122.34 E453.74815
G1 X116.438 Y122.536 E453.76965
G1 X115.887 Y122.891 E453.79145
G1 X115.453 Y123.366 E453.81285
G1 X115.15 Y123.954 E453.83485
G1 X115.012 Y124.583 E453.85627
G1 X115.044 Y125.24 E453.87814
G1 X115.24 Y125.854 E453.89958
G1 X115.595 Y126.405 E453.92138
G1 X116.07 Y126.839 E453.94278
G1 X116.658 Y127.142 E453.96478
G1 X117.288 Y127.281 E453.98624
G1 F1503.8 X117.5 Y127.272 E453.99328
G0 F9000 X117.5 Y127.672
;TYPE:WALL-OUTER
G1 F1500 X118.012 Y127.649 E454.01033
G1 X118.73 Y127.421 E454.03538
G1 X119.369 Y127.01 E454.06065
G1 X119.874 Y126.453 E454.08566
G1 X120.226 Y125.771 E454.11119
G1 X120.387 Y125.043 E454.13598
G1 X120.349 Y124.28 E454.16139
G1 X120.121 Y123.566 E454.18632
G1 X119.713 Y122.926 E454.21157
G1 X119.157 Y122.418 E454.23661
G1 X118.475 Y122.071 E454.26207
G1 X117.746 Y121.91 E454.2869
G1 X116.984 Y121.943 E454.31226
G1 X116.266 Y122.171 E454.33732
G1 X115.627 Y122.583 E454.36261
G1 X115.122 Y123.136 E454.38752
G1 X114.77 Y123.817 E454.41301
G1 X114.61 Y124.549 E454.43793
G1 X114.647 Y125.312 E454.46334
G1 X114.875 Y126.026 E454.48827
G1 X115.287 Y126.665 E454.51356
G1 X115.84 Y127.17 E454.53847
G1 X116.521 Y127.522 E454.56396
G1 X117.254 Y127.683 E454.58892
G1 X117.5 Y127.672 E454.59711
G0 F9000 X117.468 Y126.965
G0 X116.066 Y126.418
G0 X115.912 Y126.585
;TYPE:FILL
G1 F2638.3 X117.024 Y122.434 E454.74005
G0 F9000 X116.743 Y122.524
G1 F2638.3 X119.781 Y125.562 E454.88294
G0 F9000 X119.844 Y125.277
G1 F2638.3 X115.696 Y126.388 E455.02577
G0 F9000 X116.056 Y125.998
G1 F1500 E448.52577
;MESH:NONMESH
G0 F300 X116.056 Y125.998 Z10.2
G0 F9000 X117.028 Y122.172
G0 X116.977 Y121.081
G0 X114.62 Y118.064
G0 X114.089 Y117.236
G0 X113.79 Y116.299
G0 X112.231 Y106.083
G0 X112.4 Y104.717
G0 X112.917 Y103.443
G0 X113.746 Y102.344
G0 X114.625 Y101.66
G0 X117.278 Y99.925
G0 X117.411 Y98.839
G0 X117.408 Y98.356
G0 X117.41 Y98.666
;TIME_ELAPSED:882.780751
;LAYER:50
;TYPE:WALL-INNER
;MESH:dubelHinge.stl(1)
G1 F1500 E455.02577
G1 X118.438 Y98.521 E455.0603
G1 X119.401 Y98.114 E455.09507
G1 X120.22 Y97.475 E455.12962
G1 X120.849 Y96.641 E455.16437
G1 X121.242 Y95.674 E455.19908
G1 X121.374 Y94.637 E455.23385
G1 X121.228 Y93.61 E455.26835
G1 X120.822 Y92.647 E455.30311
G1 X120.183 Y91.828 E455.33766
G1 X119.348 Y91.2 E455.37241
G1 X118.382 Y90.806 E455.40711
G1 X117.345 Y90.674 E455.44188
G1 X116.318 Y90.82 E455.47638
G1 X115.351 Y91.226 E455.51127
G1 X114.536 Y91.865 E455.54571
G1 X113.906 Y92.7 E455.5805
G1 X113.51 Y93.666 E455.61523
G1 X113.382 Y94.702 E455.64995
G1 X113.528 Y95.73 E455.68448
G1 X113.935 Y96.697 E455.71938
G1 X114.573 Y97.516 E455.75391
G1 X115.407 Y98.145 E455.78865
G1 X116.373 Y98.538 E455.82334
G1 X117.382 Y98.663 E455.85715
G1 X117.41 Y98.666 E455.85809
G0 F9000 X117.414 Y99.07
;TYPE:WALL-OUTER
G1 F1500 X118.546 Y98.909 E455.89612
G1 X119.605 Y98.462 E455.93435
G1 X120.508 Y97.758 E455.97243
G1 X121.2 Y96.84 E456.01067
G1 X121.632 Y95.776 E456.04886
G1 X121.778 Y94.634 E456.08715
G1 X121.617 Y93.502 E456.12518
G1 X121.17 Y92.443 E456.16342
G1 X120.466 Y91.54 E456.2015
G1 X119.548 Y90.848 E456.23973
G1 X118.484 Y90.416 E456.27793
G1 X117.342 Y90.27 E456.31622
G1 X116.21 Y90.431 E456.35425
G1 X115.147 Y90.878 E456.3926
G1 X114.248 Y91.582 E456.43058
G1 X113.556 Y92.5 E456.46882
G1 X113.12 Y93.564 E456.50706
G1 X112.978 Y94.706 E456.54534
G1 X113.139 Y95.838 E456.58337
G1 X113.587 Y96.901 E456.62174
G1 X114.29 Y97.804 E456.6598
G1 X115.208 Y98.496 E456.69803
G1 X116.271 Y98.928 E456.7362
G1 X117.383 Y99.066 E456.77347
G1 X117.414 Y99.07 E456.77451
G0 F9000 X117.408 Y98.356
G0 X115.39 Y97.746
G0 X115.252 Y97.927
;TYPE:FILL
G1 F3000 X117.167 Y90.779 E457.02063
G0 F9000 X117.198 Y91.011
G0 X115.709 Y91.414
G0 X115.62 Y91.2
G1 F3000 X120.849 Y96.428 E457.26657
G0 F9000 X120.641 Y96.343
G0 X121.035 Y94.859
G0 X121.26 Y94.887
G1 F3000 X114.117 Y96.801 E457.51252
G0 F9000 X114.537 Y96.476
G1 F1500 E451.01252
;MESH:dubelHinge.stl
G0 F9000 X115.321 Y98.296
G0 X114.91 Y99.31
G0 X115.967 Y101.019
G0 X116.394 Y102.026
G0 X117.529 Y109.728
G0 X117.53 Y110.038
;TYPE:WALL-INNER
G1 F1500 E457.51252
G1 X118.558 Y109.892 E457.54706
G1 X119.525 Y109.485 E457.58195
G1 X120.344 Y108.847 E457.61648
G1 X120.973 Y108.013 E457.65123
G1 X121.366 Y107.047 E457.68591
G1 X121.494 Y106.01 E457.72067
G1 X121.348 Y104.982 E457.7552
G1 X120.942 Y104.015 E457.79008
G1 X120.303 Y103.2 E457.82453
G1 X119.469 Y102.571 E457.85927
G1 X118.502 Y102.178 E457.89399
G1 X117.465 Y102.046 E457.92876
G1 X116.438 Y102.192 E457.96326
G1 X115.475 Y102.598 E457.99802
G1 X114.656 Y103.237 E458.03257
G1 X114.027 Y104.071 E458.06731
G1 X113.634 Y105.038 E458.10203
G1 X113.502 Y106.075 E458.1368
G1 X113.648 Y107.102 E458.1713
G1 X114.054 Y108.065 E458.20606
G1 X114.693 Y108.884 E458.24061
G1 X115.528 Y109.514 E458.2754
G1 X116.494 Y109.91 E458.31013
G1 X117.5 Y110.034 E458.34384
G1 X117.53 Y110.038 E458.34485
G0 F9000 X117.534 Y110.442
;TYPE:WALL-OUTER
G1 F1500 X118.666 Y110.281 E458.38288
G1 X119.729 Y109.833 E458.42124
G1 X120.632 Y109.13 E458.45931
G1 X121.324 Y108.212 E458.49754
G1 X121.756 Y107.149 E458.5357
G1 X121.898 Y106.006 E458.57401
G1 X121.737 Y104.874 E458.61204
G1 X121.29 Y103.811 E458.6504
G1 X120.586 Y102.912 E458.68837
G1 X119.668 Y102.22 E458.72661
G1 X118.604 Y101.788 E458.76481
G1 X117.462 Y101.642 E458.8031
G1 X116.33 Y101.803 E458.84113
G1 X115.271 Y102.25 E458.87936
G1 X114.368 Y102.954 E458.91744
G1 X113.676 Y103.872 E458.95568
G1 X113.244 Y104.936 E458.99387
G1 X113.098 Y106.078 E459.03216
G1 X113.259 Y107.21 E459.07019
G1 X113.706 Y108.269 E459.10843
G1 X114.41 Y109.172 E459.14651
G1 X115.328 Y109.864 E459.18474
G1 X116.392 Y110.3 E459.22299
G1 X117.5 Y110.438 E459.26013
G1 X117.534 Y110.442 E459.26126
G0 F9000 X117.529 Y109.728
G0 X115.51 Y109.117
G0 X115.373 Y109.297
;TYPE:FILL
G1 F3000 X117.288 Y102.152 E459.5073
G0 F9000 X117.319 Y102.383
G0 X115.832 Y102.786
G0 X115.742 Y102.573
G1 F3000 X120.973 Y107.803 E459.75332
G0 F9000 X120.762 Y107.717
G0 X121.156 Y106.23
G0 X121.382 Y106.258
G1 F3000 X114.238 Y108.172 E459.99931
G0 F9000 X114.657 Y107.846
G1 F1500 E453.49931
;MESH:dubelUpper.stl(1)
G0 F9000 X116.451 Y110.077
G0 X116.318 Y111.163
G0 X116.696 Y111.965
G0 X117.027 Y113.008
G0 X117.487 Y117.799
G0 X117.5 Y118.106
;TYPE:WALL-INNER
G1 F1500 E459.99931
G1 X117.938 Y118.083 E460.0139
G1 X118.559 Y117.887 E460.03556
G1 X119.109 Y117.537 E460.05724
G1 X119.542 Y117.059 E460.07869
G1 X119.847 Y116.47 E460.10075
G1 X119.985 Y115.845 E460.12204
G1 X119.949 Y115.189 E460.14389
G1 X119.755 Y114.569 E460.1655
G1 X119.405 Y114.019 E460.18718
G1 X118.927 Y113.586 E460.20864
G1 X118.338 Y113.282 E460.23068
G1 X117.713 Y113.144 E460.25197
G1 X117.056 Y113.176 E460.27385
G1 X116.44 Y113.373 E460.29536
G1 X115.886 Y113.724 E460.31717
G1 X115.454 Y114.201 E460.33858
G1 X115.15 Y114.79 E460.36062
G1 X115.012 Y115.415 E460.38191
G1 X115.044 Y116.072 E460.40379
G1 X115.24 Y116.69 E460.42535
G1 X115.595 Y117.241 E460.44715
G1 X116.07 Y117.675 E460.46855
G1 X116.658 Y117.979 E460.49057
G1 X117.287 Y118.117 E460.51199
G1 X117.5 Y118.106 E460.51908
G0 F9000 X117.5 Y118.507
;TYPE:WALL-OUTER
G1 F1500 X118.011 Y118.481 E460.5361
G1 X118.73 Y118.253 E460.56119
G1 X119.369 Y117.845 E460.5864
G1 X119.874 Y117.289 E460.61138
G1 X120.226 Y116.607 E460.63691
G1 X120.387 Y115.879 E460.66171
G1 X120.348 Y115.117 E460.68709
G1 X120.121 Y114.398 E460.71216
G1 X119.713 Y113.759 E460.73738
G1 X119.157 Y113.254 E460.76236
G1 X118.475 Y112.902 E460.78789
G1 X117.747 Y112.742 E460.81268
G1 X116.984 Y112.779 E460.83809
G1 X116.27 Y113.007 E460.86302
G1 X115.626 Y113.415 E460.88837
G1 X115.122 Y113.971 E460.91333
G1 X114.77 Y114.653 E460.93886
G1 X114.61 Y115.381 E460.96365
G1 X114.647 Y116.144 E460.98906
G1 X114.875 Y116.862 E461.01411
G1 X115.287 Y117.501 E461.0394
G1 X115.84 Y118.006 E461.06431
G1 X116.521 Y118.358 E461.08981
G1 X117.253 Y118.519 E461.11473
G1 X117.5 Y118.507 E461.12296
G0 F9000 X117.6 Y117.9
;TYPE:FILL
G1 F3000 X117.6 Y116.859 E461.15758
G0 F9000 X118 Y116.752
G1 F3000 X118 Y117.853 E461.1942
G0 F9000 X117.969 Y117.753
G0 X116.4 Y117.183
G1 F3000 X115.819 Y117.337 E461.21419
G1 X115.794 Y117.314
G1 X116.4 Y115.052 E461.29208
G0 F9000 X116.231 Y115.686
G1 F3000 X115.505 Y114.538 E461.33726
G0 F9000 X115.312 Y114.981
G1 F3000 X116.09 Y116.211 E461.38567
G0 F9000 X118.418 Y114.836
G1 F3000 X117.648 Y113.347 E461.44142
G0 F9000 X118.148 Y113.444
G1 F3000 X119.351 Y115.769 E461.52849
G0 F9000 X119.2 Y115.62
G1 F3000 X116.893 Y113.312 E461.63703
G1 X116.865 Y113.32
G1 X116.4 Y115.052 E461.69667
G1 X116.4 Y117.183 E461.76755
G1 X119.2 Y116.432 E461.86397
G0 F9000 X119.809 Y116.268
G1 F3000 X119.2 Y116.432 E461.88495
G1 X119.2 Y115.62 E461.91195
G1 X119.817 Y116.236 E461.94095
G0 F9000 X119.301 Y116.123
G1 F1500 E455.44095
;MESH:dubelUpper.stl
G0 F9000 X117.972 Y118.257
G0 X118.023 Y119.348
G0 X117.957 Y121.07
G0 X117.724 Y122.14
G0 X117.487 Y126.964
G0 X117.5 Y127.272
;TYPE:WALL-INNER
G1 F1500 E461.94095
G1 F1503.8 X117.941 Y127.252 E461.9556
G1 F1500 X118.558 Y127.056 E461.97713
G1 X119.108 Y126.702 E461.99888
G1 X119.542 Y126.223 E462.02038
G1 X119.847 Y125.634 E462.04244
G1 X119.985 Y125.009 E462.06373
G1 X119.952 Y124.352 E462.08561
G1 X119.756 Y123.738 E462.10705
G1 X119.404 Y123.186 E462.12882
G1 X118.927 Y122.75 E462.15032
G1 X118.338 Y122.451 E462.17229
G1 X117.711 Y122.312 E462.19365
G1 X117.054 Y122.34 E462.21552
G1 X116.438 Y122.536 E462.23702
G1 X115.887 Y122.891 E462.25882
G1 X115.453 Y123.366 E462.28022
G1 X115.15 Y123.954 E462.30222
G1 X115.012 Y124.583 E462.32364
G1 X115.044 Y125.24 E462.34552
G1 X115.24 Y125.854 E462.36695
G1 X115.595 Y126.405 E462.38875
G1 X116.07 Y126.839 E462.41015
G1 X116.658 Y127.142 E462.43216
G1 X117.288 Y127.281 E462.45361
G1 F1503.8 X117.5 Y127.272 E462.46065
G0 F9000 X117.5 Y127.672
;TYPE:WALL-OUTER
G1 F1500 X118.012 Y127.649 E462.4777
G1 X118.73 Y127.421 E462.50276
G1 X119.369 Y127.01 E462.52803
G1 X119.874 Y126.453 E462.55303
G1 X120.226 Y125.771 E462.57856
G1 X120.387 Y125.043 E462.60336
G1 X120.349 Y124.28 E462.62877
G1 X120.121 Y123.566 E462.6537
G1 X119.713 Y122.926 E462.67894
G1 X119.157 Y122.418 E462.70399
G1 X118.475 Y122.071 E462.72944
G1 X117.746 Y121.91 E462.75427
G1 X116.984 Y121.943 E462.77964
G1 X116.266 Y122.171 E462.80469
G1 X115.627 Y122.583 E462.82998
G1 X115.122 Y123.136 E462.85489
G1 X114.77 Y123.817 E462.88039
G1 X114.61 Y124.549 E462.90531
G1 X114.647 Y125.312 E462.93072
G1 X114.875 Y126.026 E462.95564
G1 X115.287 Y126.665 E462.98093
G1 X115.84 Y127.17 E463.00584
G1 X116.521 Y127.522 E463.03134
G1 X117.254 Y127.683 E463.0563
G1 X117.5 Y127.672 E463.06449
G0 F9000 X117.2 Y127.057
;TYPE:FILL
G1 F3000 X117.2 Y126.13 E463.09532
G0 F9000 X118 Y125.916
G1 F3000 X118 Y127.023 E463.13214
G0 F9000 X118.4 Y126.895
G1 F3000 X118.4 Y125.809 E463.16826
G0 F9000 X118.8 Y125.701
G1 F3000 X118.8 Y126.662 E463.20022
G0 F9000 X118.742 Y126.571
G0 X119.2 Y125.596
G1 F3000 X116.4 Y126.346 E463.29663
G1 X116.4 Y124.218 E463.36741
G1 X116.865 Y122.484 E463.42712
G1 X116.894 Y122.476
G1 X119.2 Y124.783 E463.53561
G0 F9000 X119.817 Y125.399
G1 F3000 X119.2 Y124.783 E463.56461
G1 X119.2 Y125.596 E463.59165
G1 X119.81 Y125.432 E463.61266
G0 F9000 X119.588 Y125.383
G0 X119.526 Y124.032
G0 X119.629 Y124
G1 F3000 X118.419 Y124 E463.65291
G0 F9000 X118.019 Y123.6
G1 F3000 X119.43 Y123.6 E463.69984
G0 F9000 X119.123 Y123.2
G1 F3000 X117.619 Y123.2 E463.74986
G0 F9000 X116.458 Y124
G1 F3000 X115.353 Y124 E463.78661
G0 F9000 X115.223 Y124.8
G1 F3000 X116.243 Y124.8 E463.82054
G0 F9000 X116.136 Y125.2
G1 F3000 X115.242 Y125.2 E463.85027
G0 F9000 X115.351 Y125.182
G0 X115.949 Y126.311
G0 X115.795 Y126.478
G1 F3000 X116.4 Y124.218 E463.92809
G0 F9000 X116.4 Y126.346
G1 F3000 X115.819 Y126.501 E463.94809
G0 F9000 X116.176 Y126.111
G1 F1500 E457.44809
;MESH:NONMESH
G0 F300 X116.176 Y126.111 Z10.4
G0 F9000 X117.028 Y122.172
G0 X116.977 Y121.081
G0 X114.62 Y118.064
G0 X114.089 Y117.236
G0 X113.79 Y116.299
G0 X112.231 Y106.083
G0 X112.4 Y104.717
G0 X112.917 Y103.443
G0 X113.746 Y102.344
G0 X114.625 Y101.66
G0 X117.278 Y99.925
G0 X117.411 Y98.839
G0 X117.408 Y98.356
G0 X117.41 Y98.666
;TIME_ELAPSED:901.126328
;LAYER:51
;TYPE:WALL-INNER
;MESH:dubelHinge.stl(1)
G1 F1500 E463.94809
G1 X118.438 Y98.521 E463.98262
G1 X119.401 Y98.114 E464.01739
G1 X120.22 Y97.475 E464.05194
G1 X120.849 Y96.641 E464.08668
G1 X121.242 Y95.674 E464.1214
G1 X121.374 Y94.637 E464.15617
G1 X121.228 Y93.61 E464.19067
G1 X120.822 Y92.647 E464.22543
G1 X120.183 Y91.828 E464.25998
G1 X119.348 Y91.2 E464.29473
G1 X118.382 Y90.806 E464.32943
G1 X117.345 Y90.674 E464.3642
G1 X116.318 Y90.82 E464.3987
G1 X115.351 Y91.226 E464.43358
G1 X114.536 Y91.865 E464.46803
G1 X113.906 Y92.7 E464.50282
G1 X113.51 Y93.666 E464.53754
G1 X113.382 Y94.702 E464.57226
G1 X113.528 Y95.73 E464.6068
G1 X113.935 Y96.697 E464.64169
G1 X114.573 Y97.516 E464.67622
G1 X115.407 Y98.145 E464.71097
G1 X116.373 Y98.538 E464.74565
G1 X117.382 Y98.663 E464.77947
G1 X117.41 Y98.666 E464.7804
G0 F9000 X117.414 Y99.07
;TYPE:WALL-OUTER
G1 F1500 X118.546 Y98.909 E464.81843
G1 X119.605 Y98.462 E464.85667
G1 X120.508 Y97.758 E464.89475
G1 X121.2 Y96.84 E464.93298
G1 X121.632 Y95.776 E464.97118
G1 X121.778 Y94.634 E465.00947
G1 X121.617 Y93.502 E465.0475
G1 X121.17 Y92.443 E465.08573
G1 X120.466 Y91.54 E465.12382
G1 X119.548 Y90.848 E465.16205
G1 X118.484 Y90.416 E465.20025
G1 X117.342 Y90.27 E465.23854
G1 X116.21 Y90.431 E465.27657
G1 X115.147 Y90.878 E465.31492
G1 X114.248 Y91.582 E465.3529
G1 X113.556 Y92.5 E465.39114
G1 X113.12 Y93.564 E465.42938
G1 X112.978 Y94.706 E465.46766
G1 X113.139 Y95.838 E465.50568
G1 X113.587 Y96.901 E465.54405
G1 X114.29 Y97.804 E465.58211
G1 X115.208 Y98.496 E465.62035
G1 X116.271 Y98.928 E465.65851
G1 X117.383 Y99.066 E465.69578
G1 X117.414 Y99.07 E465.69682
G0 F9000 X117.408 Y98.356
G0 X115.268 Y97.654
G0 X115.13 Y97.836
;TYPE:FILL
G1 F3000 X117.015 Y90.801 E465.93906
G0 F9000 X117.046 Y91.033
G0 X115.85 Y91.355
G0 X115.761 Y91.141
G1 F3000 X120.907 Y96.287 E466.18111
G0 F9000 X120.699 Y96.202
G0 X121.016 Y95.01
G0 X121.242 Y95.038
G1 F3000 X114.212 Y96.921 E466.42317
G0 F9000 X114.631 Y96.597
G1 F1500 E459.92317
;MESH:dubelHinge.stl
G0 F9000 X116.33 Y98.705
G0 X116.197 Y99.791
G0 X116.631 Y100.89
G0 X116.778 Y101.954
G0 X117.529 Y109.728
G0 X117.53 Y110.038
;TYPE:WALL-INNER
G1 F1500 E466.42317
G1 X118.558 Y109.892 E466.45771
G1 X119.525 Y109.485 E466.4926
G1 X120.344 Y108.847 E466.52713
G1 X120.973 Y108.013 E466.56188
G1 X121.366 Y107.047 E466.59656
G1 X121.494 Y106.01 E466.63132
G1 X121.348 Y104.982 E466.66585
G1 X120.942 Y104.015 E466.70073
G1 X120.303 Y103.2 E466.73518
G1 X119.469 Y102.571 E466.76992
G1 X118.502 Y102.178 E466.80464
G1 X117.465 Y102.046 E466.83941
G1 X116.438 Y102.192 E466.87391
G1 X115.475 Y102.598 E466.90867
G1 X114.656 Y103.237 E466.94322
G1 X114.027 Y104.071 E466.97796
G1 X113.634 Y105.038 E467.01268
G1 X113.502 Y106.075 E467.04745
G1 X113.648 Y107.102 E467.08195
G1 X114.054 Y108.065 E467.11671
G1 X114.693 Y108.884 E467.15126
G1 X115.528 Y109.514 E467.18605
G1 X116.494 Y109.91 E467.22078
G1 X117.5 Y110.034 E467.25449
G1 X117.53 Y110.038 E467.2555
G0 F9000 X117.534 Y110.442
;TYPE:WALL-OUTER
G1 F1500 X118.666 Y110.281 E467.29353
G1 X119.729 Y109.833 E467.33189
G1 X120.632 Y109.13 E467.36996
G1 X121.324 Y108.212 E467.40819
G1 X121.756 Y107.149 E467.44635
G1 X121.898 Y106.006 E467.48466
G1 X121.737 Y104.874 E467.52269
G1 X121.29 Y103.811 E467.56105
G1 X120.586 Y102.912 E467.59903
G1 X119.668 Y102.22 E467.63726
G1 X118.604 Y101.788 E467.67546
G1 X117.462 Y101.642 E467.71375
G1 X116.33 Y101.803 E467.75178
G1 X115.271 Y102.25 E467.79001
G1 X114.368 Y102.954 E467.82809
G1 X113.676 Y103.872 E467.86633
G1 X113.244 Y104.936 E467.90452
G1 X113.098 Y106.078 E467.94281
G1 X113.259 Y107.21 E467.98084
G1 X113.706 Y108.269 E468.01908
G1 X114.41 Y109.172 E468.05716
G1 X115.328 Y109.864 E468.09539
G1 X116.392 Y110.3 E468.13364
G1 X117.5 Y110.438 E468.17078
G1 X117.534 Y110.442 E468.17191
G0 F9000 X117.529 Y109.728
G0 X115.389 Y109.025
G0 X115.252 Y109.205
;TYPE:FILL
G1 F3000 X117.136 Y102.173 E468.41405
G0 F9000 X117.167 Y102.404
G0 X115.972 Y102.727
G0 X115.882 Y102.514
G1 F3000 X121.03 Y107.661 E468.65617
G0 F9000 X120.819 Y107.575
G0 X121.137 Y106.381
G0 X121.363 Y106.409
G1 F3000 X114.333 Y108.292 E468.89823
G0 F9000 X114.752 Y107.967
G1 F1500 E462.39823
;MESH:dubelUpper.stl(1)
G0 F9000 X116.451 Y110.077
G0 X116.318 Y111.163
G0 X116.696 Y111.965
G0 X117.5 Y118.106
;TYPE:WALL-INNER
G1 F1500 E468.89823
G1 X117.938 Y118.083 E468.91282
G1 X118.559 Y117.887 E468.93448
G1 X119.109 Y117.537 E468.95616
G1 X119.542 Y117.059 E468.97761
G1 X119.847 Y116.47 E468.99967
G1 X119.985 Y115.845 E469.02096
G1 X119.949 Y115.189 E469.04281
G1 X119.755 Y114.569 E469.06442
G1 X119.405 Y114.019 E469.0861
G1 X118.927 Y113.586 E469.10756
G1 X118.338 Y113.282 E469.1296
G1 X117.713 Y113.144 E469.15089
G1 X117.056 Y113.176 E469.17277
G1 X116.44 Y113.373 E469.19428
G1 X115.886 Y113.724 E469.21609
G1 X115.454 Y114.201 E469.2375
G1 X115.15 Y114.79 E469.25954
G1 X115.012 Y115.415 E469.28083
G1 X115.044 Y116.072 E469.30271
G1 X115.24 Y116.69 E469.32427
G1 X115.595 Y117.241 E469.34607
G1 X116.07 Y117.675 E469.36747
G1 X116.658 Y117.979 E469.38949
G1 X117.287 Y118.117 E469.41091
G1 X117.5 Y118.106 E469.418
G0 F9000 X117.5 Y118.507
;TYPE:WALL-OUTER
G1 F1500 X118.011 Y118.481 E469.43502
G1 X118.73 Y118.253 E469.46011
G1 X119.369 Y117.845 E469.48532
G1 X119.874 Y117.289 E469.5103
G1 X120.226 Y116.607 E469.53583
G1 X120.387 Y115.879 E469.56063
G1 X120.348 Y115.117 E469.58601
G1 X120.121 Y114.398 E469.61108
G1 X119.713 Y113.759 E469.6363
G1 X119.157 Y113.254 E469.66128
G1 X118.475 Y112.902 E469.68681
G1 X117.747 Y112.742 E469.7116
G1 X116.984 Y112.779 E469.73701
G1 X116.27 Y113.007 E469.76194
G1 X115.626 Y113.415 E469.78729
G1 X115.122 Y113.971 E469.81225
G1 X114.77 Y114.653 E469.83778
G1 X114.61 Y115.381 E469.86257
G1 X114.647 Y116.144 E469.88798
G1 X114.875 Y116.862 E469.91303
G1 X115.287 Y117.501 E469.93832
G1 X115.84 Y118.006 E469.96323
G1 X116.521 Y118.358 E469.98873
G1 X117.253 Y118.519 E470.01365
G1 X117.5 Y118.507 E470.02188
G0 F9000 X117.5 Y117.743
;TYPE:SKIN
G1 F1500 X117.312 Y117.754 E470.02814
G1 X116.778 Y117.638 E470.04632
G1 X116.28 Y117.374 E470.06506
G1 X115.871 Y117.005 E470.08339
G1 X115.567 Y116.53 E470.10214
G1 X115.399 Y116.008 E470.12038
G1 X115.374 Y115.442 E470.13923
G1 X115.49 Y114.916 E470.15714
G1 X115.75 Y114.404 E470.17624
G1 X116.122 Y113.999 E470.19453
G1 X116.59 Y113.699 E470.21302
G1 X117.116 Y113.531 E470.23138
G1 X117.682 Y113.505 E470.25023
G1 X118.211 Y113.622 E470.26825
G1 X118.721 Y113.882 E470.28729
G1 X119.125 Y114.251 E470.30549
G1 X119.424 Y114.717 E470.3239
G1 X119.589 Y115.252 E470.34252
G1 X119.622 Y115.815 E470.36128
G1 X119.506 Y116.338 E470.3791
G1 X119.238 Y116.853 E470.39841
G1 X118.873 Y117.258 E470.41654
G1 X118.399 Y117.56 E470.43524
G1 X117.88 Y117.721 E470.45331
G1 X117.5 Y117.743 E470.46597
G0 F9000 X117.799 Y117.526
G1 F1500 X119.391 Y115.934 E470.54085
G0 F9000 X119.395 Y115.364
G1 F1500 X117.228 Y117.532 E470.64281
G0 F9000 X116.78 Y117.414
G1 F1500 X119.276 Y114.918 E470.76021
G0 F9000 X119.079 Y114.549
G1 F1500 X116.41 Y117.218 E470.88575
G0 F9000 X116.11 Y116.953
G1 F1500 X118.82 Y114.242 E471.01324
G0 F9000 X118.502 Y113.995
G1 F1500 X115.868 Y116.629 E471.13714
G0 F9000 X115.686 Y116.245
G1 F1500 X118.124 Y113.807 E471.25182
G0 F9000 X117.659 Y113.706
G1 F1500 X115.59 Y115.775 E471.34914
G0 F9000 X115.642 Y115.158
G1 F1500 X117.032 Y113.768 E471.41452
G1 F1500 E464.91452
;MESH:dubelUpper.stl
G0 F9000 X116.894 Y113.332
G0 X115.991 Y113.848
G0 X115.587 Y114.294
G0 X115.302 Y114.846
G0 X115.174 Y115.429
G0 X115.203 Y116.044
G0 X115.387 Y116.621
G0 X115.719 Y117.136
G0 X115.971 Y117.366
G0 X117.276 Y118.289
G0 X117.327 Y119.381
G0 X117.401 Y121.061
G0 X117.5 Y127.272
;TYPE:WALL-INNER
G1 F1500 E471.41452
G1 F1503.8 X117.941 Y127.252 E471.42916
G1 F1500 X118.558 Y127.056 E471.45069
G1 X119.108 Y126.702 E471.47245
G1 X119.542 Y126.223 E471.49395
G1 X119.847 Y125.634 E471.51601
G1 X119.985 Y125.009 E471.5373
G1 X119.952 Y124.352 E471.55918
G1 X119.756 Y123.738 E471.58061
G1 X119.404 Y123.186 E471.60239
G1 X118.927 Y122.75 E471.62388
G1 X118.338 Y122.451 E471.64585
G1 X117.711 Y122.312 E471.66721
G1 X117.054 Y122.34 E471.68908
G1 X116.438 Y122.536 E471.71058
G1 X115.887 Y122.891 E471.73239
G1 X115.453 Y123.366 E471.75379
G1 X115.15 Y123.954 E471.77579
G1 X115.012 Y124.583 E471.7972
G1 X115.044 Y125.24 E471.81908
G1 X115.24 Y125.854 E471.84052
G1 X115.595 Y126.405 E471.86232
G1 X116.07 Y126.839 E471.88372
G1 X116.658 Y127.142 E471.90572
G1 X117.288 Y127.281 E471.92718
G1 F1503.8 X117.5 Y127.272 E471.93422
G0 F9000 X117.5 Y127.672
;TYPE:WALL-OUTER
G1 F1500 X118.012 Y127.649 E471.95126
G1 X118.73 Y127.421 E471.97632
G1 X119.369 Y127.01 E472.00159
G1 X119.874 Y126.453 E472.0266
G1 X120.226 Y125.771 E472.05212
G1 X120.387 Y125.043 E472.07692
G1 X120.349 Y124.28 E472.10233
G1 X120.121 Y123.566 E472.12726
G1 X119.713 Y122.926 E472.1525
G1 X119.157 Y122.418 E472.17755
G1 X118.475 Y122.071 E472.203
G1 X117.746 Y121.91 E472.22783
G1 X116.984 Y121.943 E472.2532
G1 X116.266 Y122.171 E472.27826
G1 X115.627 Y122.583 E472.30355
G1 X115.122 Y123.136 E472.32845
G1 X114.77 Y123.817 E472.35395
G1 X114.61 Y124.549 E472.37887
G1 X114.647 Y125.312 E472.40428
G1 X114.875 Y126.026 E472.42921
G1 X115.287 Y126.665 E472.4545
G1 X115.84 Y127.17 E472.47941
G1 X116.521 Y127.522 E472.5049
G1 X117.254 Y127.683 E472.52986
G1 X117.5 Y127.672 E472.53805
G0 F9000 X117.5 Y126.91
;TYPE:SKIN
G1 F1503.8 X117.317 Y126.919 E472.54413
G1 F1500 X116.778 Y126.802 E472.56248
G1 X116.28 Y126.538 E472.58122
G1 X115.871 Y126.169 E472.59955
G1 X115.567 Y125.694 E472.6183
G1 X115.399 Y125.176 E472.63641
G1 X115.373 Y124.61 E472.65526
G1 X115.49 Y124.081 E472.67328
G1 X115.754 Y123.567 E472.6925
G1 X116.119 Y123.167 E472.71051
G1 X116.594 Y122.863 E472.72927
G1 X117.116 Y122.695 E472.7475
G1 X117.677 Y122.673 E472.76618
G1 X118.216 Y122.794 E472.78455
G1 X118.717 Y123.047 E472.80322
G1 X119.125 Y123.418 E472.82156
G1 X119.425 Y123.894 E472.84027
G1 X119.593 Y124.413 E472.85842
G1 X119.622 Y124.979 E472.87727
G1 X119.506 Y125.502 E472.89509
G1 X119.238 Y126.017 E472.9144
G1 X118.873 Y126.422 E472.93253
G1 X118.398 Y126.725 E472.95127
G1 X117.876 Y126.893 E472.96951
G1 F1503.8 X117.5 Y126.91 E472.98199
G0 F9000 X117.511 Y127.17
G0 X118.801 Y126.781
G0 X118.551 Y126.391
G1 F1500 X119.107 Y125.835 E473.00815
G0 F9000 X119.42 Y124.956
G1 F1500 X117.674 Y126.702 E473.09027
G0 F9000 X117.135 Y126.675
G1 F1500 X119.386 Y124.424 E473.19615
G0 F9000 X119.247 Y123.998
G1 F1500 X116.707 Y126.538 E473.31563
G0 F9000 X116.347 Y126.332
G1 F1500 X119.032 Y123.647 E473.44192
G0 F9000 X118.759 Y123.355
G1 F1500 X116.05 Y126.063 E473.56932
G0 F9000 X115.824 Y125.724
G1 F1500 X118.425 Y123.123 E473.69166
G0 F9000 X118.025 Y122.957
G1 F1500 X115.658 Y125.324 E473.803
G0 F9000 X115.584 Y124.832
G1 F1500 X117.537 Y122.879 E473.89486
G0 F9000 X116.866 Y122.985
G1 F1500 X115.675 Y124.176 E473.95088
G1 F1500 E467.45088
;MESH:NONMESH
G0 F300 X115.675 Y124.176 Z10.6
G0 F9000 X115.227 Y124.077
G0 X116.362 Y122.386
G0 X116.029 Y121.344
G0 X114.089 Y117.236
G0 X113.79 Y116.299
G0 X112.231 Y106.083
G0 X112.4 Y104.717
G0 X112.917 Y103.443
G0 X113.746 Y102.344
G0 X114.625 Y101.66
G0 X117.278 Y99.925
G0 X117.411 Y98.839
G0 X117.408 Y98.356
G0 X117.41 Y98.666
;TIME_ELAPSED:920.326160
;LAYER:52
;TYPE:WALL-INNER
;MESH:dubelHinge.stl(1)
G1 F1500 E473.95088
G1 X118.438 Y98.521 E473.98541
G1 X119.401 Y98.114 E474.02019
G1 X120.22 Y97.475 E474.05474
G1 X120.849 Y96.641 E474.08948
G1 X121.242 Y95.674 E474.1242
G1 X121.374 Y94.637 E474.15897
G1 X121.228 Y93.61 E474.19347
G1 X120.822 Y92.647 E474.22823
G1 X120.183 Y91.828 E474.26278
G1 X119.348 Y91.2 E474.29753
G1 X118.382 Y90.806 E474.33223
G1 X117.345 Y90.674 E474.367
G1 X116.318 Y90.82 E474.4015
G1 X115.351 Y91.226 E474.43638
G1 X114.536 Y91.865 E474.47083
G1 X113.906 Y92.7 E474.50562
G1 X113.51 Y93.666 E474.54034
G1 X113.382 Y94.702 E474.57506
G1 X113.528 Y95.73 E474.60959
G1 X113.935 Y96.697 E474.64449
G1 X114.573 Y97.516 E474.67902
G1 X115.407 Y98.145 E474.71376
G1 X116.373 Y98.538 E474.74845
G1 X117.382 Y98.663 E474.78227
G1 X117.41 Y98.666 E474.7832
G0 F9000 X117.414 Y99.07
;TYPE:WALL-OUTER
G1 F1500 X118.546 Y98.909 E474.82123
G1 X119.605 Y98.462 E474.85946
G1 X120.508 Y97.758 E474.89755
G1 X121.2 Y96.84 E474.93578
G1 X121.632 Y95.776 E474.97398
G1 X121.778 Y94.634 E475.01227
G1 X121.617 Y93.502 E475.0503
G1 X121.17 Y92.443 E475.08853
G1 X120.466 Y91.54 E475.12661
G1 X119.548 Y90.848 E475.16485
G1 X118.484 Y90.416 E475.20304
G1 X117.342 Y90.27 E475.24134
G1 X116.21 Y90.431 E475.27937
G1 X115.147 Y90.878 E475.31772
G1 X114.248 Y91.582 E475.3557
G1 X113.556 Y92.5 E475.39393
G1 X113.12 Y93.564 E475.43218
G1 X112.978 Y94.706 E475.47045
G1 X113.139 Y95.838 E475.50848
G1 X113.587 Y96.901 E475.54685
G1 X114.29 Y97.804 E475.58491
G1 X115.208 Y98.496 E475.62315
G1 X116.271 Y98.928 E475.66131
G1 X117.383 Y99.066 E475.69858
G1 X117.414 Y99.07 E475.69962
G0 F9000 X117.408 Y98.356
G0 X115.146 Y97.562
G0 X115.008 Y97.743
;TYPE:FILL
G1 F3000 X116.862 Y90.823 E475.9379
G0 F9000 X115.903 Y91.082
G1 F3000 X120.965 Y96.144 E476.176
G0 F9000 X121.222 Y95.19
G1 F3000 X114.306 Y97.043 E476.41414
G0 F9000 X114.726 Y96.718
G1 F1500 E469.91414
;MESH:dubelHinge.stl
G0 F9000 X116.33 Y98.705
G0 X116.197 Y99.791
G0 X116.631 Y100.89
G0 X116.778 Y101.954
G0 X117.529 Y109.728
G0 X117.53 Y110.038
;TYPE:WALL-INNER
G1 F1500 E476.41414
G1 X118.558 Y109.892 E476.44867
G1 X119.525 Y109.485 E476.48357
G1 X120.344 Y108.847 E476.5181
G1 X120.973 Y108.013 E476.55284
G1 X121.366 Y107.047 E476.58753
G1 X121.494 Y106.01 E476.62228
G1 X121.348 Y104.982 E476.65682
G1 X120.942 Y104.015 E476.6917
G1 X120.303 Y103.2 E476.72614
G1 X119.469 Y102.571 E476.76089
G1 X118.502 Y102.178 E476.79561
G1 X117.465 Y102.046 E476.83037
G1 X116.438 Y102.192 E476.86488
G1 X115.475 Y102.598 E476.89964
G1 X114.656 Y103.237 E476.93419
G1 X114.027 Y104.071 E476.96893
G1 X113.634 Y105.038 E477.00365
G1 X113.502 Y106.075 E477.03842
G1 X113.648 Y107.102 E477.07292
G1 X114.054 Y108.065 E477.10768
G1 X114.693 Y108.884 E477.14223
G1 X115.528 Y109.514 E477.17702
G1 X116.494 Y109.91 E477.21174
G1 X117.5 Y110.034 E477.24545
G1 X117.53 Y110.038 E477.24646
G0 F9000 X117.534 Y110.442
;TYPE:WALL-OUTER
G1 F1500 X118.666 Y110.281 E477.28449
G1 X119.729 Y109.833 E477.32286
G1 X120.632 Y109.13 E477.36092
G1 X121.324 Y108.212 E477.39916
G1 X121.756 Y107.149 E477.43732
G1 X121.898 Y106.006 E477.47563
G1 X121.737 Y104.874 E477.51366
G1 X121.29 Y103.811 E477.55201
G1 X120.586 Y102.912 E477.58999
G1 X119.668 Y102.22 E477.62823
G1 X118.604 Y101.788 E477.66642
G1 X117.462 Y101.642 E477.70471
G1 X116.33 Y101.803 E477.74274
G1 X115.271 Y102.25 E477.78097
G1 X114.368 Y102.954 E477.81906
G1 X113.676 Y103.872 E477.85729
G1 X113.244 Y104.936 E477.89549
G1 X113.098 Y106.078 E477.93378
G1 X113.259 Y107.21 E477.97181
G1 X113.706 Y108.269 E478.01004
G1 X114.41 Y109.172 E478.04812
G1 X115.328 Y109.864 E478.08636
G1 X116.392 Y110.3 E478.1246
G1 X117.5 Y110.438 E478.16174
G1 X117.534 Y110.442 E478.16288
G0 F9000 X117.529 Y109.728
G0 X115.267 Y108.933
G0 X115.13 Y109.113
;TYPE:FILL
G1 F3000 X116.983 Y102.195 E478.40108
G0 F9000 X116.023 Y102.454
G1 F3000 X121.088 Y107.518 E478.6393
G0 F9000 X121.345 Y106.561
G1 F3000 X114.428 Y108.414 E478.87747
G0 F9000 X114.846 Y108.088
G1 F1500 E472.37747
;MESH:dubelUpper.stl(1)
G0 F9000 X116.451 Y110.077
G0 X116.318 Y111.163
G0 X116.696 Y111.965
G0 X117.5 Y118.106
;TYPE:WALL-INNER
G1 F1500 E478.87747
G1 X117.938 Y118.083 E478.89206
G1 X118.559 Y117.887 E478.91372
G1 X119.109 Y117.537 E478.9354
G1 X119.542 Y117.059 E478.95686
G1 X119.847 Y116.47 E478.97892
G1 X119.985 Y115.845 E479.00021
G1 X119.949 Y115.189 E479.02206
G1 X119.755 Y114.569 E479.04366
G1 X119.405 Y114.019 E479.06535
G1 X118.927 Y113.586 E479.0868
G1 X118.338 Y113.282 E479.10884
G1 X117.713 Y113.144 E479.13013
G1 X117.056 Y113.176 E479.15201
G1 X116.44 Y113.373 E479.17352
G1 X115.886 Y113.724 E479.19533
G1 X115.454 Y114.201 E479.21674
G1 X115.15 Y114.79 E479.23878
G1 X115.012 Y115.415 E479.26007
G1 X115.044 Y116.072 E479.28195
G1 X115.24 Y116.69 E479.30351
G1 X115.595 Y117.241 E479.32531
G1 X116.07 Y117.675 E479.34671
G1 X116.658 Y117.979 E479.36873
G1 X117.287 Y118.117 E479.39015
G1 X117.5 Y118.106 E479.39724
G0 F9000 X117.5 Y118.507
;TYPE:WALL-OUTER
G1 F1500 X118.011 Y118.481 E479.41426
G1 X118.73 Y118.253 E479.43935
G1 X119.369 Y117.845 E479.46456
G1 X119.874 Y117.289 E479.48955
G1 X120.226 Y116.607 E479.51507
G1 X120.387 Y115.879 E479.53987
G1 X120.348 Y115.117 E479.56525
G1 X120.121 Y114.398 E479.59033
G1 X119.713 Y113.759 E479.61554
G1 X119.157 Y113.254 E479.64052
G1 X118.475 Y112.902 E479.66605
G1 X117.747 Y112.742 E479.69084
G1 X116.984 Y112.779 E479.71625
G1 X116.27 Y113.007 E479.74118
G1 X115.626 Y113.415 E479.76653
G1 X115.122 Y113.971 E479.79149
G1 X114.77 Y114.653 E479.81702
G1 X114.61 Y115.381 E479.84181
G1 X114.647 Y116.144 E479.86722
G1 X114.875 Y116.862 E479.89228
G1 X115.287 Y117.501 E479.91756
G1 X115.84 Y118.006 E479.94247
G1 X116.521 Y118.358 E479.96797
G1 X117.253 Y118.519 E479.9929
G1 X117.5 Y118.507 E480.00112
G0 F9000 X117.5 Y117.743
;TYPE:SKIN
G1 F1500 X117.312 Y117.754 E480.00739
G1 X116.778 Y117.638 E480.02556
G1 X116.28 Y117.374 E480.04431
G1 X115.871 Y117.005 E480.06263
G1 X115.567 Y116.53 E480.08139
G1 X115.399 Y116.008 E480.09962
G1 X115.374 Y115.442 E480.11847
G1 X115.49 Y114.916 E480.13638
G1 X115.75 Y114.404 E480.15548
G1 X116.122 Y113.999 E480.17377
G1 X116.59 Y113.699 E480.19226
G1 X117.116 Y113.531 E480.21063
G1 X117.682 Y113.505 E480.22947
G1 X118.211 Y113.622 E480.24749
G1 X118.721 Y113.882 E480.26653
G1 X119.125 Y114.251 E480.28473
G1 X119.424 Y114.717 E480.30315
G1 X119.589 Y115.252 E480.32177
G1 X119.622 Y115.815 E480.34052
G1 X119.506 Y116.338 E480.35834
G1 X119.238 Y116.853 E480.37765
G1 X118.873 Y117.258 E480.39579
G1 X118.399 Y117.56 E480.41448
G1 X117.88 Y117.721 E480.43255
G1 X117.5 Y117.743 E480.44521
G0 F9000 X117.513 Y118.005
G0 X116.713 Y117.826
G0 X116.164 Y117.541
G0 X115.804 Y117.213
G0 X115.251 Y116.393
G0 X115.688 Y116.254
G1 F1500 X116.892 Y117.458 E480.50184
G0 F9000 X117.54 Y117.54
G1 F1500 X115.58 Y115.58 E480.59404
G0 F9000 X115.656 Y115.09
G1 F1500 X118.03 Y117.465 E480.70573
G0 F9000 X118.433 Y117.301
G1 F1500 X115.826 Y114.695 E480.82833
G0 F9000 X116.06 Y114.363
G1 F1500 X118.771 Y117.074 E480.95585
G0 F9000 X119.039 Y116.776
G1 F1500 X116.352 Y114.09 E481.08221
G0 F9000 X116.702 Y113.874
G1 F1500 X119.242 Y116.413 E481.20166
G0 F9000 X119.38 Y115.986
G1 F1500 X117.131 Y113.737 E481.30745
G0 F9000 X117.667 Y113.707
G1 F1500 X119.4 Y115.44 E481.38896
G0 F9000 X119.087 Y114.562
G1 F1500 X118.54 Y114.015 E481.41469
G1 F1500 E474.91469
;MESH:dubelUpper.stl
G0 F9000 X118.75 Y113.608
G0 X119.281 Y114.124
G0 X119.609 Y114.638
G0 X119.789 Y115.218
G0 X119.823 Y115.831
G0 X119.694 Y116.414
G0 X119.408 Y116.966
G0 X119.004 Y117.413
G0 X118.712 Y117.599
G0 X117.276 Y118.289
G0 X117.327 Y119.381
G0 X117.401 Y121.061
G0 X117.5 Y127.272
;TYPE:WALL-INNER
G1 F1500 E481.41469
G1 F1503.8 X117.941 Y127.252 E481.42934
G1 F1500 X118.558 Y127.056 E481.45087
G1 X119.108 Y126.702 E481.47262
G1 X119.542 Y126.223 E481.49412
G1 X119.847 Y125.634 E481.51618
G1 X119.985 Y125.009 E481.53747
G1 X119.952 Y124.352 E481.55935
G1 X119.756 Y123.738 E481.58079
G1 X119.404 Y123.186 E481.60256
G1 X118.927 Y122.75 E481.62406
G1 X118.338 Y122.451 E481.64603
G1 X117.711 Y122.312 E481.66739
G1 X117.054 Y122.34 E481.68926
G1 X116.438 Y122.536 E481.71076
G1 X115.887 Y122.891 E481.73256
G1 X115.453 Y123.366 E481.75396
G1 X115.15 Y123.954 E481.77596
G1 X115.012 Y124.583 E481.79738
G1 X115.044 Y125.24 E481.81926
G1 X115.24 Y125.854 E481.84069
G1 X115.595 Y126.405 E481.86249
G1 X116.07 Y126.839 E481.88389
G1 X116.658 Y127.142 E481.90589
G1 X117.288 Y127.281 E481.92735
G1 F1503.8 X117.5 Y127.272 E481.93439
G0 F9000 X117.5 Y127.672
;TYPE:WALL-OUTER
G1 F1500 X118.012 Y127.649 E481.95144
G1 X118.73 Y127.421 E481.97649
G1 X119.369 Y127.01 E482.00176
G1 X119.874 Y126.453 E482.02677
G1 X120.226 Y125.771 E482.0523
G1 X120.387 Y125.043 E482.0771
G1 X120.349 Y124.28 E482.10251
G1 X120.121 Y123.566 E482.12743
G1 X119.713 Y122.926 E482.15268
G1 X119.157 Y122.418 E482.17773
G1 X118.475 Y122.071 E482.20318
G1 X117.746 Y121.91 E482.22801
G1 X116.984 Y121.943 E482.25338
G1 X116.266 Y122.171 E482.27843
G1 X115.627 Y122.583 E482.30372
G1 X115.122 Y123.136 E482.32863
G1 X114.77 Y123.817 E482.35413
G1 X114.61 Y124.549 E482.37905
G1 X114.647 Y125.312 E482.40445
G1 X114.875 Y126.026 E482.42938
G1 X115.287 Y126.665 E482.45467
G1 X115.84 Y127.17 E482.47958
G1 X116.521 Y127.522 E482.50508
G1 X117.254 Y127.683 E482.53004
G1 X117.5 Y127.672 E482.53823
G0 F9000 X117.5 Y126.91
;TYPE:SKIN
G1 F1503.8 X117.317 Y126.919 E482.54431
G1 F1500 X116.778 Y126.802 E482.56265
G1 X116.28 Y126.538 E482.5814
G1 X115.871 Y126.169 E482.59972
G1 X115.567 Y125.694 E482.61848
G1 X115.399 Y125.176 E482.63659
G1 X115.373 Y124.61 E482.65543
G1 X115.49 Y124.081 E482.67345
G1 X115.754 Y123.567 E482.69267
G1 X116.119 Y123.167 E482.71068
G1 X116.594 Y122.863 E482.72944
G1 X117.116 Y122.695 E482.74768
G1 X117.677 Y122.673 E482.76635
G1 X118.216 Y122.794 E482.78473
G1 X118.717 Y123.047 E482.80339
G1 X119.125 Y123.418 E482.82173
G1 X119.425 Y123.894 E482.84045
G1 X119.593 Y124.413 E482.85859
G1 X119.622 Y124.979 E482.87744
G1 X119.506 Y125.502 E482.89526
G1 X119.238 Y126.017 E482.91457
G1 X118.873 Y126.422 E482.9327
G1 X118.398 Y126.725 E482.95144
G1 X117.876 Y126.893 E482.96968
G1 F1503.8 X117.5 Y126.91 E482.98217
G0 F9000 X117.511 Y127.17
G0 X116.713 Y126.99
G0 X116.164 Y126.705
G0 X115.719 Y126.3
G0 X115.196 Y125.388
G0 X115.633 Y125.25
G1 F1500 X117.036 Y126.653 E483.04816
G0 F9000 X117.652 Y126.703
G1 F1500 X115.574 Y124.625 E483.1459
G0 F9000 X115.677 Y124.162
G1 F1500 X118.119 Y126.605 E483.26079
G0 F9000 X118.502 Y126.422
G1 F1500 X115.866 Y123.785 E483.3848
G0 F9000 X116.114 Y123.468
G1 F1500 X118.824 Y126.178 E483.51227
G0 F9000 X119.087 Y125.875
G1 F1500 X116.422 Y123.211 E483.6376
G0 F9000 X116.788 Y123.01
G1 F1500 X119.28 Y125.503 E483.75484
G0 F9000 X119.401 Y125.057
G1 F1500 X117.234 Y122.891 E483.85675
G0 F9000 X117.82 Y122.911
G1 F1500 X119.397 Y124.488 E483.93093
G1 F1500 E477.43093
;MESH:NONMESH
G0 F300 X119.397 Y124.488 Z10.8
G0 F9000 X119.858 Y124.467
G0 X119.022 Y122.607
G0 X119.523 Y121.634
G0 X121.046 Y116.91
G0 X121.256 Y115.948
G0 X122.769 Y106.005
G0 X122.58 Y104.642
G0 X122.045 Y103.375
G0 X121.199 Y102.29
G0 X120.31 Y101.619
G0 X117.562 Y99.921
G0 X117.411 Y98.839
G0 X117.408 Y98.356
G0 X117.41 Y98.666
;TIME_ELAPSED:939.500035
;LAYER:53
;TYPE:WALL-INNER
;MESH:dubelHinge.stl(1)
G1 F1500 E483.93093
G1 X118.438 Y98.521 E483.96546
G1 X119.401 Y98.114 E484.00023
G1 X120.22 Y97.475 E484.03478
G1 X120.849 Y96.641 E484.06952
G1 X121.242 Y95.674 E484.10424
G1 X121.374 Y94.637 E484.13901
G1 X121.228 Y93.61 E484.17351
G1 X120.822 Y92.647 E484.20827
G1 X120.183 Y91.828 E484.24282
G1 X119.348 Y91.2 E484.27757
G1 X118.382 Y90.806 E484.31227
G1 X117.345 Y90.674 E484.34704
G1 X116.318 Y90.82 E484.38154
G1 X115.351 Y91.226 E484.41642
G1 X114.536 Y91.865 E484.45087
G1 X113.906 Y92.7 E484.48566
G1 X113.51 Y93.666 E484.52038
G1 X113.382 Y94.702 E484.5551
G1 X113.528 Y95.73 E484.58964
G1 X113.935 Y96.697 E484.62453
G1 X114.573 Y97.516 E484.65906
G1 X115.407 Y98.145 E484.69381
G1 X116.373 Y98.538 E484.72849
G1 X117.382 Y98.663 E484.76231
G1 X117.41 Y98.666 E484.76325
G0 F9000 X117.414 Y99.07
;TYPE:WALL-OUTER
G1 F1500 X118.546 Y98.909 E484.80127
G1 X119.605 Y98.462 E484.83951
G1 X120.508 Y97.758 E484.87759
G1 X121.2 Y96.84 E484.91582
G1 X121.632 Y95.776 E484.95402
G1 X121.778 Y94.634 E484.99231
G1 X121.617 Y93.502 E485.03034
G1 X121.17 Y92.443 E485.06857
G1 X120.466 Y91.54 E485.10666
G1 X119.548 Y90.848 E485.14489
G1 X118.484 Y90.416 E485.18309
G1 X117.342 Y90.27 E485.22138
G1 X116.21 Y90.431 E485.25941
G1 X115.147 Y90.878 E485.29776
G1 X114.248 Y91.582 E485.33574
G1 X113.556 Y92.5 E485.37398
G1 X113.12 Y93.564 E485.41222
G1 X112.978 Y94.706 E485.4505
G1 X113.139 Y95.838 E485.48853
G1 X113.587 Y96.901 E485.52689
G1 X114.29 Y97.804 E485.56495
G1 X115.208 Y98.496 E485.60319
G1 X116.271 Y98.928 E485.64135
G1 X117.383 Y99.066 E485.67862
G1 X117.414 Y99.07 E485.67966
G0 F9000 X117.408 Y98.356
G0 X115.025 Y97.47
G0 X114.887 Y97.651
;TYPE:FILL
G1 F3000 X116.711 Y90.844 E485.91405
G0 F9000 X116.043 Y91.022
G1 F3000 X121.023 Y96.002 E486.1483
G0 F9000 X121.203 Y95.341
G1 F3000 X114.4 Y97.164 E486.38255
G0 F9000 X114.82 Y96.839
G1 F1500 E479.88255
;MESH:dubelHinge.stl
G0 F9000 X116.33 Y98.705
G0 X116.197 Y99.791
G0 X116.631 Y100.89
G0 X116.778 Y101.954
G0 X117.529 Y109.728
G0 X117.53 Y110.038
;TYPE:WALL-INNER
G1 F1500 E486.38255
G1 X118.558 Y109.892 E486.41708
G1 X119.525 Y109.485 E486.45198
G1 X120.344 Y108.847 E486.48651
G1 X120.973 Y108.013 E486.52125
G1 X121.366 Y107.047 E486.55594
G1 X121.494 Y106.01 E486.59069
G1 X121.348 Y104.982 E486.62522
G1 X120.942 Y104.015 E486.66011
G1 X120.303 Y103.2 E486.69455
G1 X119.469 Y102.571 E486.7293
G1 X118.502 Y102.178 E486.76401
G1 X117.465 Y102.046 E486.79878
G1 X116.438 Y102.192 E486.83328
G1 X115.475 Y102.598 E486.86804
G1 X114.656 Y103.237 E486.90259
G1 X114.027 Y104.071 E486.93734
G1 X113.634 Y105.038 E486.97205
G1 X113.502 Y106.075 E487.00682
G1 X113.648 Y107.102 E487.04133
G1 X114.054 Y108.065 E487.07609
G1 X114.693 Y108.884 E487.11064
G1 X115.528 Y109.514 E487.14543
G1 X116.494 Y109.91 E487.18015
G1 X117.5 Y110.034 E487.21386
G1 X117.53 Y110.038 E487.21487
G0 F9000 X117.534 Y110.442
;TYPE:WALL-OUTER
G1 F1500 X118.666 Y110.281 E487.2529
G1 X119.729 Y109.833 E487.29127
G1 X120.632 Y109.13 E487.32933
G1 X121.324 Y108.212 E487.36756
G1 X121.756 Y107.149 E487.40573
G1 X121.898 Y106.006 E487.44404
G1 X121.737 Y104.874 E487.48207
G1 X121.29 Y103.811 E487.52042
G1 X120.586 Y102.912 E487.5584
G1 X119.668 Y102.22 E487.59663
G1 X118.604 Y101.788 E487.63483
G1 X117.462 Y101.642 E487.67312
G1 X116.33 Y101.803 E487.71115
G1 X115.271 Y102.25 E487.74938
G1 X114.368 Y102.954 E487.78746
G1 X113.676 Y103.872 E487.8257
G1 X113.244 Y104.936 E487.8639
G1 X113.098 Y106.078 E487.90219
G1 X113.259 Y107.21 E487.94022
G1 X113.706 Y108.269 E487.97845
G1 X114.41 Y109.172 E488.01653
G1 X115.328 Y109.864 E488.05477
G1 X116.392 Y110.3 E488.09301
G1 X117.5 Y110.438 E488.13015
G1 X117.534 Y110.442 E488.13129
G0 F9000 X117.529 Y109.728
G0 X115.146 Y108.841
G0 X115.008 Y109.021
;TYPE:FILL
G1 F3000 X116.831 Y102.216 E488.3656
G0 F9000 X116.164 Y102.395
G1 F3000 X121.146 Y107.377 E488.59994
G0 F9000 X121.326 Y106.712
G1 F3000 X114.522 Y108.535 E488.83423
G0 F9000 X114.941 Y108.209
G1 F1500 E482.33423
;MESH:dubelUpper.stl(1)
G0 F9000 X116.451 Y110.077
G0 X116.318 Y111.163
G0 X116.696 Y111.965
G0 X117.5 Y118.106
;TYPE:WALL-INNER
G1 F1500 E488.83423
G1 X117.938 Y118.083 E488.84881
G1 X118.559 Y117.887 E488.87047
G1 X119.109 Y117.537 E488.89216
G1 X119.542 Y117.059 E488.91361
G1 X119.847 Y116.47 E488.93567
G1 X119.985 Y115.845 E488.95696
G1 X119.949 Y115.189 E488.97881
G1 X119.755 Y114.569 E489.00041
G1 X119.405 Y114.019 E489.0221
G1 X118.927 Y113.586 E489.04355
G1 X118.338 Y113.282 E489.06559
G1 X117.713 Y113.144 E489.08688
G1 X117.056 Y113.176 E489.10876
G1 X116.44 Y113.373 E489.13027
G1 X115.886 Y113.724 E489.15208
G1 X115.454 Y114.201 E489.17349
G1 X115.15 Y114.79 E489.19553
G1 X115.012 Y115.415 E489.21682
G1 X115.044 Y116.072 E489.2387
G1 X115.24 Y116.69 E489.26026
G1 X115.595 Y117.241 E489.28206
G1 X116.07 Y117.675 E489.30346
G1 X116.658 Y117.979 E489.32548
G1 X117.287 Y118.117 E489.3469
G1 X117.5 Y118.106 E489.35399
G0 F9000 X117.5 Y118.507
;TYPE:WALL-OUTER
G1 F1500 X118.011 Y118.481 E489.37101
G1 X118.73 Y118.253 E489.3961
G1 X119.369 Y117.845 E489.42131
G1 X119.874 Y117.289 E489.4463
G1 X120.226 Y116.607 E489.47182
G1 X120.387 Y115.879 E489.49662
G1 X120.348 Y115.117 E489.522
G1 X120.121 Y114.398 E489.54708
G1 X119.713 Y113.759 E489.57229
G1 X119.157 Y113.254 E489.59727
G1 X118.475 Y112.902 E489.6228
G1 X117.747 Y112.742 E489.64759
G1 X116.984 Y112.779 E489.673
G1 X116.27 Y113.007 E489.69793
G1 X115.626 Y113.415 E489.72329
G1 X115.122 Y113.971 E489.74824
G1 X114.77 Y114.653 E489.77377
G1 X114.61 Y115.381 E489.79856
G1 X114.647 Y116.144 E489.82397
G1 X114.875 Y116.862 E489.84903
G1 X115.287 Y117.501 E489.87431
G1 X115.84 Y118.006 E489.89922
G1 X116.521 Y118.358 E489.92472
G1 X117.253 Y118.519 E489.94965
G1 X117.5 Y118.507 E489.95787
G0 F9000 X117.5 Y117.743
;TYPE:SKIN
G1 F1500 X117.312 Y117.754 E489.96414
G1 X116.778 Y117.638 E489.98231
G1 X116.28 Y117.374 E490.00106
G1 X115.871 Y117.005 E490.01938
G1 X115.567 Y116.53 E490.03814
G1 X115.399 Y116.008 E490.05638
G1 X115.374 Y115.442 E490.07522
G1 X115.49 Y114.916 E490.09313
G1 X115.75 Y114.404 E490.11223
G1 X116.122 Y113.999 E490.13052
G1 X116.59 Y113.699 E490.14901
G1 X117.116 Y113.531 E490.16738
G1 X117.682 Y113.505 E490.18622
G1 X118.211 Y113.622 E490.20424
G1 X118.721 Y113.882 E490.22328
G1 X119.125 Y114.251 E490.24148
G1 X119.424 Y114.717 E490.2599
G1 X119.589 Y115.252 E490.27852
G1 X119.622 Y115.815 E490.29728
G1 X119.506 Y116.338 E490.31509
G1 X119.238 Y116.853 E490.3344
G1 X118.873 Y117.258 E490.35254
G1 X118.399 Y117.56 E490.37123
G1 X117.88 Y117.721 E490.3893
G1 X117.5 Y117.743 E490.40196
G0 F9000 X117.799 Y117.526
G1 F1500 X119.391 Y115.934 E490.47685
G0 F9000 X119.395 Y115.364
G1 F1500 X117.228 Y117.532 E490.5788
G0 F9000 X116.78 Y117.414
G1 F1500 X119.276 Y114.918 E490.6962
G0 F9000 X119.079 Y114.549
G1 F1500 X116.41 Y117.218 E490.82174
G0 F9000 X116.11 Y116.953
G1 F1500 X118.82 Y114.242 E490.94924
G0 F9000 X118.502 Y113.995
G1 F1500 X115.868 Y116.629 E491.07313
G0 F9000 X115.686 Y116.245
G1 F1500 X118.124 Y113.807 E491.18781
G0 F9000 X117.659 Y113.706
G1 F1500 X115.59 Y115.775 E491.28513
G0 F9000 X115.642 Y115.158
G1 F1500 X117.032 Y113.768 E491.35051
G1 F1500 E484.85051
;MESH:dubelUpper.stl
G0 F9000 X116.894 Y113.332
G0 X115.991 Y113.848
G0 X115.587 Y114.294
G0 X115.302 Y114.846
G0 X115.174 Y115.429
G0 X115.203 Y116.044
G0 X115.387 Y116.621
G0 X115.719 Y117.136
G0 X115.971 Y117.366
G0 X117.276 Y118.289
G0 X117.327 Y119.381
G0 X117.401 Y121.061
G0 X117.5 Y127.272
;TYPE:WALL-INNER
G1 F1500 E491.35051
G1 F1503.8 X117.941 Y127.252 E491.36516
G1 F1500 X118.558 Y127.056 E491.38669
G1 X119.108 Y126.702 E491.40844
G1 X119.542 Y126.223 E491.42994
G1 X119.847 Y125.634 E491.452
G1 X119.985 Y125.009 E491.47329
G1 X119.952 Y124.352 E491.49517
G1 X119.756 Y123.738 E491.51661
G1 X119.404 Y123.186 E491.53838
G1 X118.927 Y122.75 E491.55988
G1 X118.338 Y122.451 E491.58185
G1 X117.711 Y122.312 E491.60321
G1 X117.054 Y122.34 E491.62508
G1 X116.438 Y122.536 E491.64658
G1 X115.887 Y122.891 E491.66838
G1 X115.453 Y123.366 E491.68978
G1 X115.15 Y123.954 E491.71178
G1 X115.012 Y124.583 E491.7332
G1 X115.044 Y125.24 E491.75508
G1 X115.24 Y125.854 E491.77651
G1 X115.595 Y126.405 E491.79831
G1 X116.07 Y126.839 E491.81971
G1 X116.658 Y127.142 E491.84171
G1 X117.288 Y127.281 E491.86317
G1 F1503.8 X117.5 Y127.272 E491.87021
G0 F9000 X117.5 Y127.672
;TYPE:WALL-OUTER
G1 F1500 X118.012 Y127.649 E491.88726
G1 X118.73 Y127.421 E491.91231
G1 X119.369 Y127.01 E491.93758
G1 X119.874 Y126.453 E491.96259
G1 X120.226 Y125.771 E491.98812
G1 X120.387 Y125.043 E492.01292
G1 X120.349 Y124.28 E492.03832
G1 X120.121 Y123.566 E492.06325
G1 X119.713 Y122.926 E492.0885
G1 X119.157 Y122.418 E492.11355
G1 X118.475 Y122.071 E492.139
G1 X117.746 Y121.91 E492.16383
G1 X116.984 Y121.943 E492.1892
G1 X116.266 Y122.171 E492.21425
G1 X115.627 Y122.583 E492.23954
G1 X115.122 Y123.136 E492.26445
G1 X114.77 Y123.817 E492.28995
G1 X114.61 Y124.549 E492.31487
G1 X114.647 Y125.312 E492.34027
G1 X114.875 Y126.026 E492.3652
G1 X115.287 Y126.665 E492.39049
G1 X115.84 Y127.17 E492.4154
G1 X116.521 Y127.522 E492.4409
G1 X117.254 Y127.683 E492.46586
G1 X117.5 Y127.672 E492.47405
G0 F9000 X117.5 Y126.91
;TYPE:SKIN
G1 F1503.8 X117.317 Y126.919 E492.48013
G1 F1500 X116.778 Y126.802 E492.49847
G1 X116.28 Y126.538 E492.51722
G1 X115.871 Y126.169 E492.53554
G1 X115.567 Y125.694 E492.5543
G1 X115.399 Y125.176 E492.57241
G1 X115.373 Y124.61 E492.59125
G1 X115.49 Y124.081 E492.60927
G1 X115.754 Y123.567 E492.62849
G1 X116.119 Y123.167 E492.6465
G1 X116.594 Y122.863 E492.66526
G1 X117.116 Y122.695 E492.6835
G1 X117.677 Y122.673 E492.70217
G1 X118.216 Y122.794 E492.72054
G1 X118.717 Y123.047 E492.73921
G1 X119.125 Y123.418 E492.75755
G1 X119.425 Y123.894 E492.77627
G1 X119.593 Y124.413 E492.79441
G1 X119.622 Y124.979 E492.81326
G1 X119.506 Y125.502 E492.83108
G1 X119.238 Y126.017 E492.85039
G1 X118.873 Y126.422 E492.86852
G1 X118.398 Y126.725 E492.88726
G1 X117.876 Y126.893 E492.9055
G1 F1503.8 X117.5 Y126.91 E492.91799
G0 F9000 X117.511 Y127.17
G0 X118.801 Y126.781
G0 X118.551 Y126.391
G1 F1500 X119.107 Y125.835 E492.94414
G0 F9000 X119.42 Y124.956
G1 F1500 X117.674 Y126.702 E493.02627
G0 F9000 X117.135 Y126.675
G1 F1500 X119.386 Y124.424 E493.13215
G0 F9000 X119.247 Y123.998
G1 F1500 X116.707 Y126.538 E493.25162
G0 F9000 X116.347 Y126.332
G1 F1500 X119.032 Y123.647 E493.37791
G0 F9000 X118.759 Y123.355
G1 F1500 X116.05 Y126.063 E493.50531
G0 F9000 X115.824 Y125.724
G1 F1500 X118.425 Y123.123 E493.62766
G0 F9000 X118.025 Y122.957
G1 F1500 X115.658 Y125.324 E493.73899
G0 F9000 X115.584 Y124.832
G1 F1500 X117.537 Y122.879 E493.83086
G0 F9000 X116.866 Y122.985
G1 F1500 X115.675 Y124.176 E493.88688
G1 F1500 E487.38688
;MESH:NONMESH
G0 F300 X115.675 Y124.176 Z11
G0 F9000 X115.227 Y124.077
G0 X116.362 Y122.386
G0 X116.029 Y121.344
G0 X114.089 Y117.236
G0 X113.79 Y116.299
G0 X112.231 Y106.083
G0 X112.4 Y104.717
G0 X112.917 Y103.443
G0 X113.746 Y102.344
G0 X114.625 Y101.66
G0 X117.278 Y99.925
G0 X117.411 Y98.839
G0 X117.408 Y98.356
G0 X117.41 Y98.666
;TIME_ELAPSED:958.393143
;LAYER:54
;TYPE:WALL-INNER
;MESH:dubelHinge.stl(1)
G1 F1500 E493.88688
G1 X118.438 Y98.521 E493.92141
G1 X119.401 Y98.114 E493.95618
G1 X120.22 Y97.475 E493.99073
G1 X120.849 Y96.641 E494.02547
G1 X121.242 Y95.674 E494.06019
G1 X121.374 Y94.637 E494.09496
G1 X121.228 Y93.61 E494.12946
G1 X120.822 Y92.647 E494.16422
G1 X120.183 Y91.828 E494.19877
G1 X119.348 Y91.2 E494.23352
G1 X118.382 Y90.806 E494.26822
G1 X117.345 Y90.674 E494.30299
G1 X116.318 Y90.82 E494.33749
G1 X115.351 Y91.226 E494.37237
G1 X114.536 Y91.865 E494.40682
G1 X113.906 Y92.7 E494.44161
G1 X113.51 Y93.666 E494.47633
G1 X113.382 Y94.702 E494.51105
G1 X113.528 Y95.73 E494.54559
G1 X113.935 Y96.697 E494.58048
G1 X114.573 Y97.516 E494.61501
G1 X115.407 Y98.145 E494.64976
G1 X116.373 Y98.538 E494.68444
G1 X117.382 Y98.663 E494.71826
G1 X117.41 Y98.666 E494.7192
G0 F9000 X117.414 Y99.07
;TYPE:WALL-OUTER
G1 F1500 X118.546 Y98.909 E494.75723
G1 X119.605 Y98.462 E494.79546
G1 X120.508 Y97.758 E494.83354
G1 X121.2 Y96.84 E494.87178
G1 X121.632 Y95.776 E494.90997
G1 X121.778 Y94.634 E494.94826
G1 X121.617 Y93.502 E494.98629
G1 X121.17 Y92.443 E495.02452
G1 X120.466 Y91.54 E495.06261
G1 X119.548 Y90.848 E495.10084
G1 X118.484 Y90.416 E495.13904
G1 X117.342 Y90.27 E495.17733
G1 X116.21 Y90.431 E495.21536
G1 X115.147 Y90.878 E495.25371
G1 X114.248 Y91.582 E495.29169
G1 X113.556 Y92.5 E495.32993
G1 X113.12 Y93.564 E495.36817
G1 X112.978 Y94.706 E495.40645
G1 X113.139 Y95.838 E495.44448
G1 X113.587 Y96.901 E495.48284
G1 X114.29 Y97.804 E495.52091
G1 X115.208 Y98.496 E495.55914
G1 X116.271 Y98.928 E495.59731
G1 X117.383 Y99.066 E495.63457
G1 X117.414 Y99.07 E495.63561
G0 F9000 X117.408 Y98.356
G0 X114.902 Y97.378
G0 X114.764 Y97.559
;TYPE:FILL
G1 F3000 X116.558 Y90.866 E495.86608
G0 F9000 X116.184 Y90.963
G1 F3000 X121.081 Y95.86 E496.09642
G0 F9000 X121.184 Y95.493
G1 F3000 X114.495 Y97.286 E496.32675
G0 F9000 X114.915 Y96.961
G1 F1500 E489.82675
;MESH:dubelHinge.stl
G0 F9000 X116.33 Y98.705
G0 X116.197 Y99.791
G0 X116.631 Y100.89
G0 X116.778 Y101.954
G0 X117.529 Y109.728
G0 X117.53 Y110.038
;TYPE:WALL-INNER
G1 F1500 E496.32675
G1 X118.558 Y109.892 E496.36129
G1 X119.525 Y109.485 E496.39618
G1 X120.344 Y108.847 E496.43071
G1 X120.973 Y108.013 E496.46546
G1 X121.366 Y107.047 E496.50014
G1 X121.494 Y106.01 E496.5349
G1 X121.348 Y104.982 E496.56943
G1 X120.942 Y104.015 E496.60431
G1 X120.303 Y103.2 E496.63876
G1 X119.469 Y102.571 E496.6735
G1 X118.502 Y102.178 E496.70822
G1 X117.465 Y102.046 E496.74299
G1 X116.438 Y102.192 E496.77749
G1 X115.475 Y102.598 E496.81225
G1 X114.656 Y103.237 E496.8468
G1 X114.027 Y104.071 E496.88154
G1 X113.634 Y105.038 E496.91626
G1 X113.502 Y106.075 E496.95103
G1 X113.648 Y107.102 E496.98553
G1 X114.054 Y108.065 E497.02029
G1 X114.693 Y108.884 E497.05484
G1 X115.528 Y109.514 E497.08963
G1 X116.494 Y109.91 E497.12436
G1 X117.5 Y110.034 E497.15807
G1 X117.53 Y110.038 E497.15907
G0 F9000 X117.534 Y110.442
;TYPE:WALL-OUTER
G1 F1500 X118.666 Y110.281 E497.1971
G1 X119.729 Y109.833 E497.23547
G1 X120.632 Y109.13 E497.27353
G1 X121.324 Y108.212 E497.31177
G1 X121.756 Y107.149 E497.34993
G1 X121.898 Y106.006 E497.38824
G1 X121.737 Y104.874 E497.42627
G1 X121.29 Y103.811 E497.46463
G1 X120.586 Y102.912 E497.5026
G1 X119.668 Y102.22 E497.54084
G1 X118.604 Y101.788 E497.57903
G1 X117.462 Y101.642 E497.61733
G1 X116.33 Y101.803 E497.65536
G1 X115.271 Y102.25 E497.69359
G1 X114.368 Y102.954 E497.73167
G1 X113.676 Y103.872 E497.76991
G1 X113.244 Y104.936 E497.8081
G1 X113.098 Y106.078 E497.84639
G1 X113.259 Y107.21 E497.88442
G1 X113.706 Y108.269 E497.92265
G1 X114.41 Y109.172 E497.96074
G1 X115.328 Y109.864 E497.99897
G1 X116.392 Y110.3 E498.03722
G1 X117.5 Y110.438 E498.07435
G1 X117.534 Y110.442 E498.07549
G0 F9000 X117.529 Y109.728
G0 X115.024 Y108.748
G0 X114.886 Y108.929
;TYPE:FILL
G1 F3000 X116.679 Y102.237 E498.30592
G0 F9000 X116.305 Y102.335
G1 F3000 X121.204 Y107.234 E498.53635
G0 F9000 X121.307 Y106.864
G1 F3000 X114.617 Y108.656 E498.76671
G0 F9000 X115.035 Y108.33
G1 F1500 E492.26671
;MESH:dubelUpper.stl(1)
G0 F9000 X116.451 Y110.077
G0 X116.318 Y111.163
G0 X116.696 Y111.965
G0 X117.5 Y118.106
;TYPE:WALL-INNER
G1 F1500 E498.76671
G1 X117.938 Y118.083 E498.7813
G1 X118.559 Y117.887 E498.80296
G1 X119.109 Y117.537 E498.82464
G1 X119.542 Y117.059 E498.84609
G1 X119.847 Y116.47 E498.86815
G1 X119.985 Y115.845 E498.88944
G1 X119.949 Y115.189 E498.91129
G1 X119.755 Y114.569 E498.9329
G1 X119.405 Y114.019 E498.95458
G1 X118.927 Y113.586 E498.97603
G1 X118.338 Y113.282 E498.99808
G1 X117.713 Y113.144 E499.01937
G1 X117.056 Y113.176 E499.04124
G1 X116.44 Y113.373 E499.06275
G1 X115.886 Y113.724 E499.08457
G1 X115.454 Y114.201 E499.10597
G1 X115.15 Y114.79 E499.12802
G1 X115.012 Y115.415 E499.14931
G1 X115.044 Y116.072 E499.17118
G1 X115.24 Y116.69 E499.19275
G1 X115.595 Y117.241 E499.21455
G1 X116.07 Y117.675 E499.23595
G1 X116.658 Y117.979 E499.25796
G1 X117.287 Y118.117 E499.27938
G1 X117.5 Y118.106 E499.28648
G0 F9000 X117.5 Y118.507
;TYPE:WALL-OUTER
G1 F1500 X118.011 Y118.481 E499.30349
G1 X118.73 Y118.253 E499.32858
G1 X119.369 Y117.845 E499.3538
G1 X119.874 Y117.289 E499.37878
G1 X120.226 Y116.607 E499.40431
G1 X120.387 Y115.879 E499.42911
G1 X120.348 Y115.117 E499.45448
G1 X120.121 Y114.398 E499.47956
G1 X119.713 Y113.759 E499.50478
G1 X119.157 Y113.254 E499.52976
G1 X118.475 Y112.902 E499.55528
G1 X117.747 Y112.742 E499.58008
G1 X116.984 Y112.779 E499.60548
G1 X116.27 Y113.007 E499.63041
G1 X115.626 Y113.415 E499.65577
G1 X115.122 Y113.971 E499.68073
G1 X114.77 Y114.653 E499.70625
G1 X114.61 Y115.381 E499.73105
G1 X114.647 Y116.144 E499.75645
G1 X114.875 Y116.862 E499.78151
G1 X115.287 Y117.501 E499.8068
G1 X115.84 Y118.006 E499.83171
G1 X116.521 Y118.358 E499.8572
G1 X117.253 Y118.519 E499.88213
G1 X117.5 Y118.507 E499.89036
G0 F9000 X117.5 Y117.743
;TYPE:SKIN
G1 F1500 X117.312 Y117.754 E499.89662
G1 X116.778 Y117.638 E499.91479
G1 X116.28 Y117.374 E499.93354
G1 X115.871 Y117.005 E499.95186
G1 X115.567 Y116.53 E499.97062
G1 X115.399 Y116.008 E499.98886
G1 X115.374 Y115.442 E500.0077
G1 X115.49 Y114.916 E500.02562
G1 X115.75 Y114.404 E500.04472
G1 X116.122 Y113.999 E500.06301
G1 X116.59 Y113.699 E500.0815
G1 X117.116 Y113.531 E500.09986
G1 X117.682 Y113.505 E500.11871
G1 X118.211 Y113.622 E500.13673
G1 X118.721 Y113.882 E500.15577
G1 X119.125 Y114.251 E500.17396
G1 X119.424 Y114.717 E500.19238
G1 X119.589 Y115.252 E500.211
G1 X119.622 Y115.815 E500.22976
G1 X119.506 Y116.338 E500.24758
G1 X119.238 Y116.853 E500.26689
G1 X118.873 Y117.258 E500.28502
G1 X118.399 Y117.56 E500.30371
G1 X117.88 Y117.721 E500.32179
G1 X117.5 Y117.743 E500.33445
G0 F9000 X117.513 Y118.005
G0 X116.713 Y117.826
G0 X116.164 Y117.541
G0 X115.804 Y117.213
G0 X115.251 Y116.393
G0 X115.688 Y116.254
G1 F1500 X116.892 Y117.458 E500.39108
G0 F9000 X117.54 Y117.54
G1 F1500 X115.58 Y115.58 E500.48327
G0 F9000 X115.656 Y115.09
G1 F1500 X118.03 Y117.465 E500.59496
G0 F9000 X118.433 Y117.301
G1 F1500 X115.826 Y114.695 E500.71756
G0 F9000 X116.06 Y114.363
G1 F1500 X118.771 Y117.074 E500.84508
G0 F9000 X119.039 Y116.776
G1 F1500 X116.352 Y114.09 E500.97144
G0 F9000 X116.702 Y113.874
G1 F1500 X119.242 Y116.413 E501.09089
G0 F9000 X119.38 Y115.986
G1 F1500 X117.131 Y113.737 E501.19668
G0 F9000 X117.667 Y113.707
G1 F1500 X119.4 Y115.44 E501.2782
G0 F9000 X119.087 Y114.562
G1 F1500 X118.54 Y114.015 E501.30392
G1 F1500 E494.80392
;MESH:dubelUpper.stl
G0 F9000 X118.75 Y113.608
G0 X119.281 Y114.124
G0 X119.609 Y114.638
G0 X119.789 Y115.218
G0 X119.823 Y115.831
G0 X119.694 Y116.414
G0 X119.408 Y116.966
G0 X119.004 Y117.413
G0 X118.712 Y117.599
G0 X117.276 Y118.289
G0 X117.327 Y119.381
G0 X117.401 Y121.061
G0 X117.5 Y127.272
;TYPE:WALL-INNER
G1 F1500 E501.30392
G1 F1503.8 X117.941 Y127.252 E501.31857
G1 F1500 X118.558 Y127.056 E501.3401
G1 X119.108 Y126.702 E501.36186
G1 X119.542 Y126.223 E501.38336
G1 X119.847 Y125.634 E501.40542
G1 X119.985 Y125.009 E501.42671
G1 X119.952 Y124.352 E501.44858
G1 X119.756 Y123.738 E501.47002
G1 X119.404 Y123.186 E501.4918
G1 X118.927 Y122.75 E501.51329
G1 X118.338 Y122.451 E501.53526
G1 X117.711 Y122.312 E501.55662
G1 X117.054 Y122.34 E501.57849
G1 X116.438 Y122.536 E501.59999
G1 X115.887 Y122.891 E501.62179
G1 X115.453 Y123.366 E501.64319
G1 X115.15 Y123.954 E501.66519
G1 X115.012 Y124.583 E501.68661
G1 X115.044 Y125.24 E501.70849
G1 X115.24 Y125.854 E501.72993
G1 X115.595 Y126.405 E501.75173
G1 X116.07 Y126.839 E501.77313
G1 X116.658 Y127.142 E501.79513
G1 X117.288 Y127.281 E501.81659
G1 F1503.8 X117.5 Y127.272 E501.82363
G0 F9000 X117.5 Y127.672
;TYPE:WALL-OUTER
G1 F1500 X118.012 Y127.649 E501.84067
G1 X118.73 Y127.421 E501.86573
G1 X119.369 Y127.01 E501.891
G1 X119.874 Y126.453 E501.91601
G1 X120.226 Y125.771 E501.94153
G1 X120.387 Y125.043 E501.96633
G1 X120.349 Y124.28 E501.99174
G1 X120.121 Y123.566 E502.01667
G1 X119.713 Y122.926 E502.04191
G1 X119.157 Y122.418 E502.06696
G1 X118.475 Y122.071 E502.09241
G1 X117.746 Y121.91 E502.11724
G1 X116.984 Y121.943 E502.14261
G1 X116.266 Y122.171 E502.16767
G1 X115.627 Y122.583 E502.19295
G1 X115.122 Y123.136 E502.21786
G1 X114.77 Y123.817 E502.24336
G1 X114.61 Y124.549 E502.26828
G1 X114.647 Y125.312 E502.29369
G1 X114.875 Y126.026 E502.31862
G1 X115.287 Y126.665 E502.34391
G1 X115.84 Y127.17 E502.36881
G1 X116.521 Y127.522 E502.39431
G1 X117.254 Y127.683 E502.41927
G1 X117.5 Y127.672 E502.42746
G0 F9000 X117.5 Y126.91
;TYPE:SKIN
G1 F1503.8 X117.317 Y126.919 E502.43354
G1 F1500 X116.778 Y126.802 E502.45189
G1 X116.28 Y126.538 E502.47063
G1 X115.871 Y126.169 E502.48895
G1 X115.567 Y125.694 E502.50771
G1 X115.399 Y125.176 E502.52582
G1 X115.373 Y124.61 E502.54467
G1 X115.49 Y124.081 E502.56269
G1 X115.754 Y123.567 E502.58191
G1 X116.119 Y123.167 E502.59992
G1 X116.594 Y122.863 E502.61867
G1 X117.116 Y122.695 E502.63691
G1 X117.677 Y122.673 E502.65559
G1 X118.216 Y122.794 E502.67396
G1 X118.717 Y123.047 E502.69263
G1 X119.125 Y123.418 E502.71097
G1 X119.425 Y123.894 E502.72968
G1 X119.593 Y124.413 E502.74783
G1 X119.622 Y124.979 E502.76668
G1 X119.506 Y125.502 E502.78449
G1 X119.238 Y126.017 E502.8038
G1 X118.873 Y126.422 E502.82194
G1 X118.398 Y126.725 E502.84068
G1 X117.876 Y126.893 E502.85892
G1 F1503.8 X117.5 Y126.91 E502.8714
G0 F9000 X117.511 Y127.17
G0 X116.713 Y126.99
G0 X116.164 Y126.705
G0 X115.719 Y126.3
G0 X115.196 Y125.388
G0 X115.633 Y125.25
G1 F1500 X117.036 Y126.653 E502.9374
G0 F9000 X117.652 Y126.703
G1 F1500 X115.574 Y124.625 E503.03514
G0 F9000 X115.677 Y124.162
G1 F1500 X118.119 Y126.605 E503.15003
G0 F9000 X118.502 Y126.422
G1 F1500 X115.866 Y123.785 E503.27404
G0 F9000 X116.114 Y123.468
G1 F1500 X118.824 Y126.178 E503.40151
G0 F9000 X119.087 Y125.875
G1 F1500 X116.422 Y123.211 E503.52684
G0 F9000 X116.788 Y123.01
G1 F1500 X119.28 Y125.503 E503.64408
G0 F9000 X119.401 Y125.057
G1 F1500 X117.234 Y122.891 E503.74598
G0 F9000 X117.82 Y122.911
G1 F1500 X119.397 Y124.488 E503.82016
G1 F1500 E497.32016
;MESH:NONMESH
G0 F300 X119.397 Y124.488 Z11.2
G0 F9000 X119.858 Y124.467
G0 X119.022 Y122.607
G0 X119.523 Y121.634
G0 X121.046 Y116.91
G0 X121.256 Y115.948
G0 X122.769 Y106.005
G0 X122.58 Y104.642
G0 X122.045 Y103.375
G0 X121.199 Y102.29
G0 X120.31 Y101.619
G0 X117.562 Y99.921
G0 X117.411 Y98.839
G0 X117.408 Y98.356
G0 X117.41 Y98.666
;TIME_ELAPSED:977.411067
;LAYER:55
;note -- min layer time used
;TYPE:WALL-INNER
;MESH:dubelHinge.stl(1)
G1 F1500 E503.82016
G1 F932.7 X118.438 Y98.521 E503.85469
G1 X119.401 Y98.114 E503.88946
G1 X120.22 Y97.475 E503.92401
G1 X120.849 Y96.641 E503.95876
G1 X121.242 Y95.674 E503.99347
G1 X121.374 Y94.637 E504.02824
G1 X121.228 Y93.61 E504.06275
G1 X120.822 Y92.647 E504.09751
G1 X120.183 Y91.828 E504.13206
G1 X119.348 Y91.2 E504.16681
G1 X118.382 Y90.806 E504.2015
G1 X117.345 Y90.674 E504.23627
G1 X116.318 Y90.82 E504.27078
G1 X115.351 Y91.226 E504.30566
G1 X114.536 Y91.865 E504.3401
G1 X113.906 Y92.7 E504.37489
G1 X113.51 Y93.666 E504.40962
G1 X113.382 Y94.702 E504.44434
G1 X113.528 Y95.73 E504.47887
G1 X113.935 Y96.697 E504.51377
G1 X114.573 Y97.516 E504.5483
G1 X115.407 Y98.145 E504.58304
G1 X116.373 Y98.538 E504.61773
G1 X117.382 Y98.663 E504.65154
G1 X117.41 Y98.666 E504.65248
G0 F9000 X117.414 Y99.07
;TYPE:WALL-OUTER
G1 F932.7 X118.546 Y98.909 E504.69051
G1 X119.605 Y98.462 E504.72874
G1 X120.508 Y97.758 E504.76682
G1 X121.2 Y96.84 E504.80506
G1 X121.632 Y95.776 E504.84325
G1 X121.778 Y94.634 E504.88155
G1 X121.617 Y93.502 E504.91957
G1 X121.17 Y92.443 E504.95781
G1 X120.466 Y91.54 E504.99589
G1 X119.548 Y90.848 E505.03413
G1 X118.484 Y90.416 E505.07232
G1 X117.342 Y90.27 E505.11061
G1 X116.21 Y90.431 E505.14864
G1 X115.147 Y90.878 E505.187
G1 X114.248 Y91.582 E505.22497
G1 X113.556 Y92.5 E505.26321
G1 X113.12 Y93.564 E505.30145
G1 X112.978 Y94.706 E505.33973
G1 X113.139 Y95.838 E505.37776
G1 X113.587 Y96.901 E505.41613
G1 X114.29 Y97.804 E505.45419
G1 X115.208 Y98.496 E505.49242
G1 X116.271 Y98.928 E505.53059
G1 X117.383 Y99.066 E505.56786
G1 X117.414 Y99.07 E505.5689
G0 F9000 X117.408 Y98.356
G0 X114.796 Y97.298
G0 X114.643 Y97.468
;TYPE:FILL
G1 F932.7 X116.406 Y90.887 E505.7955
G1 X116.324 Y90.904
G1 X121.138 Y95.718 E506.02194
G1 X121.164 Y95.644
G1 X114.589 Y97.406 E506.24834
G0 F9000 X115.008 Y97.082
G1 F1500 E499.74834
;MESH:dubelHinge.stl
G0 F9000 X116.33 Y98.705
G0 X116.197 Y99.791
G0 X116.631 Y100.89
G0 X116.778 Y101.954
G0 X117.529 Y109.728
G0 X117.53 Y110.038
;TYPE:WALL-INNER
G1 F1500 E506.24834
G1 F932.7 X118.558 Y109.892 E506.28287
G1 X119.525 Y109.485 E506.31777
G1 X120.344 Y108.847 E506.3523
G1 X120.973 Y108.013 E506.38704
G1 X121.366 Y107.047 E506.42173
G1 X121.494 Y106.01 E506.45648
G1 X121.348 Y104.982 E506.49101
G1 X120.942 Y104.015 E506.5259
G1 X120.303 Y103.2 E506.56034
G1 X119.469 Y102.571 E506.59509
G1 X118.502 Y102.178 E506.6298
G1 X117.465 Y102.046 E506.66457
G1 X116.438 Y102.192 E506.69907
G1 X115.475 Y102.598 E506.73383
G1 X114.656 Y103.237 E506.76838
G1 X114.027 Y104.071 E506.80313
G1 X113.634 Y105.038 E506.83784
G1 X113.502 Y106.075 E506.87261
G1 X113.648 Y107.102 E506.90712
G1 X114.054 Y108.065 E506.94188
G1 X114.693 Y108.884 E506.97643
G1 X115.528 Y109.514 E507.01122
G1 X116.494 Y109.91 E507.04594
G1 X117.5 Y110.034 E507.07965
G1 X117.53 Y110.038 E507.08066
G0 F9000 X117.534 Y110.442
;TYPE:WALL-OUTER
G1 F932.7 X118.666 Y110.281 E507.11869
G1 X119.729 Y109.833 E507.15706
G1 X120.632 Y109.13 E507.19512
G1 X121.324 Y108.212 E507.23335
G1 X121.756 Y107.149 E507.27152
G1 X121.898 Y106.006 E507.30983
G1 X121.737 Y104.874 E507.34786
G1 X121.29 Y103.811 E507.38621
G1 X120.586 Y102.912 E507.42419
G1 X119.668 Y102.22 E507.46242
G1 X118.604 Y101.788 E507.50062
G1 X117.462 Y101.642 E507.53891
G1 X116.33 Y101.803 E507.57694
G1 X115.271 Y102.25 E507.61517
G1 X114.368 Y102.954 E507.65325
G1 X113.676 Y103.872 E507.69149
G1 X113.244 Y104.936 E507.72969
G1 X113.098 Y106.078 E507.76798
G1 X113.259 Y107.21 E507.80601
G1 X113.706 Y108.269 E507.84424
G1 X114.41 Y109.172 E507.88232
G1 X115.328 Y109.864 E507.92056
G1 X116.392 Y110.3 E507.9588
G1 X117.5 Y110.438 E507.99594
G1 X117.534 Y110.442 E507.99708
G0 F9000 X117.529 Y109.728
G0 X114.917 Y108.668
G0 X114.764 Y108.838
;TYPE:FILL
G1 F932.7 X116.527 Y102.259 E508.22362
G1 X116.445 Y102.276
G1 X121.261 Y107.092 E508.45015
G1 X121.288 Y107.015
G1 X114.71 Y108.777 E508.67664
G0 F9000 X115.13 Y108.451
G1 F1500 E502.17664
;MESH:NONMESH
G0 F300 X115.13 Y108.451 Z11.4
G0 F9000 X117.468 Y101.877
G0 X117.318 Y100.795
G0 X117.278 Y99.925
G0 X117.411 Y98.839
G0 X117.408 Y98.356
G0 X117.41 Y98.666
;TIME_ELAPSED:989.568109
;LAYER:56
;note -- min layer time used
;TYPE:WALL-INNER
;MESH:dubelHinge.stl(1)
G1 F1500 E508.67664
G1 F913.7 X118.438 Y98.521 E508.71117
G1 X119.401 Y98.114 E508.74595
G1 X120.22 Y97.475 E508.7805
G1 X120.849 Y96.641 E508.81524
G1 X121.242 Y95.674 E508.84996
G1 X121.374 Y94.637 E508.88473
G1 X121.228 Y93.61 E508.91923
G1 X120.822 Y92.647 E508.95399
G1 X120.183 Y91.828 E508.98854
G1 X119.348 Y91.2 E509.02329
G1 X118.382 Y90.806 E509.05799
G1 X117.345 Y90.674 E509.09276
G1 X116.318 Y90.82 E509.12726
G1 X115.351 Y91.226 E509.16214
G1 X114.536 Y91.865 E509.19659
G1 X113.906 Y92.7 E509.23138
G1 X113.51 Y93.666 E509.2661
G1 X113.382 Y94.702 E509.30082
G1 X113.528 Y95.73 E509.33535
G1 X113.935 Y96.697 E509.37025
G1 X114.573 Y97.516 E509.40478
G1 X115.407 Y98.145 E509.43952
G1 X116.373 Y98.538 E509.47421
G1 X117.382 Y98.663 E509.50803
G1 X117.41 Y98.666 E509.50896
G0 F9000 X117.414 Y99.07
;TYPE:WALL-OUTER
G1 F913.7 X118.546 Y98.909 E509.54699
G1 X119.605 Y98.462 E509.58522
G1 X120.508 Y97.758 E509.62331
G1 X121.2 Y96.84 E509.66154
G1 X121.632 Y95.776 E509.69974
G1 X121.778 Y94.634 E509.73803
G1 X121.617 Y93.502 E509.77606
G1 X121.17 Y92.443 E509.81429
G1 X120.466 Y91.54 E509.85237
G1 X119.548 Y90.848 E509.89061
G1 X118.484 Y90.416 E509.9288
G1 X117.342 Y90.27 E509.9671
G1 X116.21 Y90.431 E510.00512
G1 X115.147 Y90.878 E510.04348
G1 X114.248 Y91.582 E510.08146
G1 X113.556 Y92.5 E510.11969
G1 X113.12 Y93.564 E510.15794
G1 X112.978 Y94.706 E510.19621
G1 X113.139 Y95.838 E510.23424
G1 X113.587 Y96.901 E510.27261
G1 X114.29 Y97.804 E510.31067
G1 X115.208 Y98.496 E510.34891
G1 X116.271 Y98.928 E510.38707
G1 X117.383 Y99.066 E510.42434
G1 X117.414 Y99.07 E510.42538
G0 F9000 X117.408 Y98.356
G0 X114.85 Y97.339
G0 X114.712 Y97.52
;TYPE:FILL
G1 F913.7 X121.1 Y95.808 E510.64534
G0 F9000 X121.176 Y95.555
G1 F913.7 X116.497 Y90.875 E510.86545
G0 F9000 X116.246 Y90.936
G1 F913.7 X114.532 Y97.333 E511.08572
G0 F9000 X114.951 Y97.009
G1 F1500 E504.58572
;MESH:dubelHinge.stl
G0 F9000 X116.33 Y98.705
G0 X116.197 Y99.791
G0 X116.631 Y100.89
G0 X116.778 Y101.954
G0 X117.529 Y109.728
G0 X117.53 Y110.038
;TYPE:WALL-INNER
G1 F1500 E511.08572
G1 F913.7 X118.558 Y109.892 E511.12026
G1 X119.525 Y109.485 E511.15515
G1 X120.344 Y108.847 E511.18968
G1 X120.973 Y108.013 E511.22443
G1 X121.366 Y107.047 E511.25911
G1 X121.494 Y106.01 E511.29387
G1 X121.348 Y104.982 E511.3284
G1 X120.942 Y104.015 E511.36328
G1 X120.303 Y103.2 E511.39773
G1 X119.469 Y102.571 E511.43247
G1 X118.502 Y102.178 E511.46719
G1 X117.465 Y102.046 E511.50196
G1 X116.438 Y102.192 E511.53646
G1 X115.475 Y102.598 E511.57122
G1 X114.656 Y103.237 E511.60577
G1 X114.027 Y104.071 E511.64051
G1 X113.634 Y105.038 E511.67523
G1 X113.502 Y106.075 E511.71
G1 X113.648 Y107.102 E511.7445
G1 X114.054 Y108.065 E511.77926
G1 X114.693 Y108.884 E511.81381
G1 X115.528 Y109.514 E511.8486
G1 X116.494 Y109.91 E511.88333
G1 X117.5 Y110.034 E511.91704
G1 X117.53 Y110.038 E511.91805
G0 F9000 X117.534 Y110.442
;TYPE:WALL-OUTER
G1 F913.7 X118.666 Y110.281 E511.95607
G1 X119.729 Y109.833 E511.99444
G1 X120.632 Y109.13 E512.0325
G1 X121.324 Y108.212 E512.07074
G1 X121.756 Y107.149 E512.1089
G1 X121.898 Y106.006 E512.14721
G1 X121.737 Y104.874 E512.18524
G1 X121.29 Y103.811 E512.2236
G1 X120.586 Y102.912 E512.26157
G1 X119.668 Y102.22 E512.29981
G1 X118.604 Y101.788 E512.338
G1 X117.462 Y101.642 E512.3763
G1 X116.33 Y101.803 E512.41433
G1 X115.271 Y102.25 E512.45256
G1 X114.368 Y102.954 E512.49064
G1 X113.676 Y103.872 E512.52888
G1 X113.244 Y104.936 E512.56707
G1 X113.098 Y106.078 E512.60536
G1 X113.259 Y107.21 E512.64339
G1 X113.706 Y108.269 E512.68162
G1 X114.41 Y109.172 E512.71971
G1 X115.328 Y109.864 E512.75794
G1 X116.392 Y110.3 E512.79619
G1 X117.5 Y110.438 E512.83332
G1 X117.534 Y110.442 E512.83446
G0 F9000 X117.529 Y109.728
G0 X114.973 Y108.71
G0 X114.835 Y108.891
;TYPE:FILL
G1 F913.7 X121.225 Y107.179 E513.05449
G0 F9000 X121.299 Y106.929
G1 F913.7 X116.617 Y102.247 E513.27472
G0 F9000 X116.367 Y102.308
G1 F913.7 X114.653 Y108.703 E513.49492
G0 F9000 X115.072 Y108.377
G1 F1500 E506.99492
;MESH:NONMESH
G0 F300 X115.072 Y108.377 Z11.6
G0 F9000 X117.468 Y101.877
G0 X117.318 Y100.795
G0 X117.278 Y99.925
G0 X117.411 Y98.839
G0 X117.408 Y98.356
G0 X117.41 Y98.666
;TIME_ELAPSED:1001.933379
;LAYER:57
;note -- min layer time used
;TYPE:WALL-INNER
;MESH:dubelHinge.stl(1)
G1 F1500 E513.49492
G1 F974.3 X118.438 Y98.521 E513.52945
G1 X119.401 Y98.114 E513.56423
G1 X120.22 Y97.475 E513.59878
G1 X120.849 Y96.641 E513.63352
G1 X121.242 Y95.674 E513.66824
G1 X121.374 Y94.637 E513.70301
G1 X121.228 Y93.61 E513.73751
G1 X120.822 Y92.647 E513.77227
G1 X120.183 Y91.828 E513.80682
G1 X119.348 Y91.2 E513.84157
G1 X118.382 Y90.806 E513.87627
G1 X117.345 Y90.674 E513.91104
G1 X116.318 Y90.82 E513.94554
G1 X115.351 Y91.226 E513.98042
G1 X114.536 Y91.865 E514.01487
G1 X113.906 Y92.7 E514.04966
G1 X113.51 Y93.666 E514.08438
G1 X113.382 Y94.702 E514.1191
G1 X113.528 Y95.73 E514.15363
G1 X113.935 Y96.697 E514.18853
G1 X114.573 Y97.516 E514.22306
G1 X115.407 Y98.145 E514.2578
G1 X116.373 Y98.538 E514.29249
G1 X117.382 Y98.663 E514.32631
G1 X117.41 Y98.666 E514.32724
G0 F9000 X117.414 Y99.07
;TYPE:WALL-OUTER
G1 F974.3 X118.546 Y98.909 E514.36527
G1 X119.605 Y98.462 E514.4035
G1 X120.508 Y97.758 E514.44159
G1 X121.2 Y96.84 E514.47982
G1 X121.632 Y95.776 E514.51802
G1 X121.778 Y94.634 E514.55631
G1 X121.617 Y93.502 E514.59434
G1 X121.17 Y92.443 E514.63257
G1 X120.466 Y91.54 E514.67065
G1 X119.548 Y90.848 E514.70889
G1 X118.484 Y90.416 E514.74708
G1 X117.342 Y90.27 E514.78537
G1 X116.21 Y90.431 E514.8234
G1 X115.147 Y90.878 E514.86176
G1 X114.248 Y91.582 E514.89974
G1 X113.556 Y92.5 E514.93797
G1 X113.12 Y93.564 E514.97622
G1 X112.978 Y94.706 E515.01449
G1 X113.139 Y95.838 E515.05252
G1 X113.587 Y96.901 E515.09089
G1 X114.29 Y97.804 E515.12895
G1 X115.208 Y98.496 E515.16719
G1 X116.271 Y98.928 E515.20535
G1 X117.383 Y99.066 E515.24262
G1 X117.414 Y99.07 E515.24366
G0 F9000 X117.408 Y98.356
G0 X115.435 Y97.78
G0 X115.297 Y97.962
;TYPE:FILL
G1 F974.3 X114.055 Y96.719 E515.3021
G0 F9000 X114.424 Y97.193
G1 F974.3 X116.082 Y91.005 E515.51518
G0 F9000 X115.548 Y91.23
G1 F974.3 X117.296 Y90.762 E515.57536
G0 F9000 X116.671 Y90.85
G1 F974.3 X121.199 Y95.378 E515.78835
G0 F9000 X121.269 Y94.828
G1 F974.3 X120.823 Y96.491 E515.84561
G0 F9000 X121.034 Y95.972
G1 F974.3 X114.855 Y97.628 E516.05838
G0 F9000 X115.175 Y97.207
G1 F1500 E509.55838
;MESH:dubelHinge.stl
G0 F9000 X116.33 Y98.705
G0 X116.197 Y99.791
G0 X116.631 Y100.89
G0 X116.778 Y101.954
G0 X117.529 Y109.728
G0 X117.53 Y110.038
;TYPE:WALL-INNER
G1 F1500 E516.05838
G1 F974.3 X118.558 Y109.892 E516.09291
G1 X119.525 Y109.485 E516.12781
G1 X120.344 Y108.847 E516.16234
G1 X120.973 Y108.013 E516.19708
G1 X121.366 Y107.047 E516.23177
G1 X121.494 Y106.01 E516.26652
G1 X121.348 Y104.982 E516.30106
G1 X120.942 Y104.015 E516.33594
G1 X120.303 Y103.2 E516.37038
G1 X119.469 Y102.571 E516.40513
G1 X118.502 Y102.178 E516.43985
G1 X117.465 Y102.046 E516.47461
G1 X116.438 Y102.192 E516.50912
G1 X115.475 Y102.598 E516.54388
G1 X114.656 Y103.237 E516.57843
G1 X114.027 Y104.071 E516.61317
G1 X113.634 Y105.038 E516.64789
G1 X113.502 Y106.075 E516.68266
G1 X113.648 Y107.102 E516.71716
G1 X114.054 Y108.065 E516.75192
G1 X114.693 Y108.884 E516.78647
G1 X115.528 Y109.514 E516.82126
G1 X116.494 Y109.91 E516.85598
G1 X117.5 Y110.034 E516.88969
G1 X117.53 Y110.038 E516.8907
G0 F9000 X117.534 Y110.442
;TYPE:WALL-OUTER
G1 F974.3 X118.666 Y110.281 E516.92873
G1 X119.729 Y109.833 E516.9671
G1 X120.632 Y109.13 E517.00516
G1 X121.324 Y108.212 E517.0434
G1 X121.756 Y107.149 E517.08156
G1 X121.898 Y106.006 E517.11987
G1 X121.737 Y104.874 E517.1579
G1 X121.29 Y103.811 E517.19625
G1 X120.586 Y102.912 E517.23423
G1 X119.668 Y102.22 E517.27247
G1 X118.604 Y101.788 E517.31066
G1 X117.462 Y101.642 E517.34895
G1 X116.33 Y101.803 E517.38698
G1 X115.271 Y102.25 E517.42521
G1 X114.368 Y102.954 E517.4633
G1 X113.676 Y103.872 E517.50153
G1 X113.244 Y104.936 E517.53973
G1 X113.098 Y106.078 E517.57802
G1 X113.259 Y107.21 E517.61605
G1 X113.706 Y108.269 E517.65428
G1 X114.41 Y109.172 E517.69236
G1 X115.328 Y109.864 E517.7306
G1 X116.392 Y110.3 E517.76884
G1 X117.5 Y110.438 E517.80598
G1 X117.534 Y110.442 E517.80712
G0 F9000 X117.529 Y109.728
G0 X115.543 Y109.142
G0 X115.406 Y109.322
;TYPE:FILL
G1 F974.3 X114.178 Y108.094 E517.86488
G0 F9000 X114.545 Y108.564
G1 F974.3 X116.202 Y102.378 E518.07788
G0 F9000 X115.676 Y102.6
G1 F974.3 X117.416 Y102.134 E518.13779
G0 F9000 X116.791 Y102.222
G1 F974.3 X121.322 Y106.753 E518.35092
G0 F9000 X121.39 Y106.199
G1 F974.3 X120.937 Y107.891 E518.40918
G0 F9000 X121.159 Y107.342
G1 F974.3 X114.978 Y108.999 E518.62202
G0 F9000 X115.298 Y108.58
G1 F1500 E512.12202
;MESH:NONMESH
G0 F300 X115.298 Y108.58 Z11.8
G0 F9000 X117.468 Y101.877
G0 X117.318 Y100.795
G0 X117.278 Y99.925
G0 X117.411 Y98.839
G0 X117.408 Y98.356
G0 X117.41 Y98.666
;TIME_ELAPSED:1014.755092
;LAYER:58
;note -- min layer time used
;TYPE:WALL-INNER
;MESH:dubelHinge.stl(1)
G1 F1500 E518.62202
G1 F999.9 X118.438 Y98.521 E518.65655
G1 X119.401 Y98.114 E518.69132
G1 X120.22 Y97.475 E518.72587
G1 X120.849 Y96.641 E518.76061
G1 X121.242 Y95.674 E518.79533
G1 X121.374 Y94.637 E518.8301
G1 X121.228 Y93.61 E518.8646
G1 X120.822 Y92.647 E518.89936
G1 X120.183 Y91.828 E518.93391
G1 X119.348 Y91.2 E518.96866
G1 X118.382 Y90.806 E519.00336
G1 X117.345 Y90.674 E519.03813
G1 X116.318 Y90.82 E519.07263
G1 X115.351 Y91.226 E519.10751
G1 X114.536 Y91.865 E519.14196
G1 X113.906 Y92.7 E519.17675
G1 X113.51 Y93.666 E519.21147
G1 X113.382 Y94.702 E519.24619
G1 X113.528 Y95.73 E519.28073
G1 X113.935 Y96.697 E519.31562
G1 X114.573 Y97.516 E519.35015
G1 X115.407 Y98.145 E519.38489
G1 X116.373 Y98.538 E519.41958
G1 X117.382 Y98.663 E519.4534
G1 X117.41 Y98.666 E519.45433
G0 F9000 X117.414 Y99.07
;TYPE:WALL-OUTER
G1 F999.9 X118.546 Y98.909 E519.49236
G1 X119.605 Y98.462 E519.5306
G1 X120.508 Y97.758 E519.56868
G1 X121.2 Y96.84 E519.60691
G1 X121.632 Y95.776 E519.64511
G1 X121.778 Y94.634 E519.6834
G1 X121.617 Y93.502 E519.72143
G1 X121.17 Y92.443 E519.75966
G1 X120.466 Y91.54 E519.79774
G1 X119.548 Y90.848 E519.83598
G1 X118.484 Y90.416 E519.87417
G1 X117.342 Y90.27 E519.91247
G1 X116.21 Y90.431 E519.9505
G1 X115.147 Y90.878 E519.98885
G1 X114.248 Y91.582 E520.02683
G1 X113.556 Y92.5 E520.06506
G1 X113.12 Y93.564 E520.10331
G1 X112.978 Y94.706 E520.14158
G1 X113.139 Y95.838 E520.17961
G1 X113.587 Y96.901 E520.21798
G1 X114.29 Y97.804 E520.25604
G1 X115.208 Y98.496 E520.29428
G1 X116.271 Y98.928 E520.33244
G1 X117.383 Y99.066 E520.36971
G1 X117.414 Y99.07 E520.37075
G0 F9000 X117.408 Y98.356
G0 X115.807 Y97.975
G0 X115.721 Y98.186
;TYPE:FILL
G1 F999.9 X113.869 Y96.334 E520.45786
G0 F9000 X114.315 Y97.053
G1 F999.9 X115.917 Y91.075 E520.66371
G0 F9000 X115.155 Y91.482
G1 F999.9 X117.699 Y90.8 E520.75131
G0 F9000 X116.846 Y90.826
G1 F999.9 X121.221 Y95.201 E520.9571
G0 F9000 X121.252 Y94.346
G1 F999.9 X120.575 Y96.871 E521.04405
G0 F9000 X120.967 Y96.136
G1 F999.9 X114.997 Y97.736 E521.24962
G0 F9000 X115.317 Y97.314
G1 F1500 E514.74962
;MESH:dubelHinge.stl
G0 F9000 X116.33 Y98.705
G0 X116.197 Y99.791
G0 X116.631 Y100.89
G0 X116.778 Y101.954
G0 X117.529 Y109.728
G0 X117.53 Y110.038
;TYPE:WALL-INNER
G1 F1500 E521.24962
G1 F999.9 X118.558 Y109.892 E521.28415
G1 X119.525 Y109.485 E521.31905
G1 X120.344 Y108.847 E521.35358
G1 X120.973 Y108.013 E521.38832
G1 X121.366 Y107.047 E521.42301
G1 X121.494 Y106.01 E521.45776
G1 X121.348 Y104.982 E521.49229
G1 X120.942 Y104.015 E521.52717
G1 X120.303 Y103.2 E521.56162
G1 X119.469 Y102.571 E521.59636
G1 X118.502 Y102.178 E521.63108
G1 X117.465 Y102.046 E521.66585
G1 X116.438 Y102.192 E521.70035
G1 X115.475 Y102.598 E521.73511
G1 X114.656 Y103.237 E521.76966
G1 X114.027 Y104.071 E521.80441
G1 X113.634 Y105.038 E521.83912
G1 X113.502 Y106.075 E521.87389
G1 X113.648 Y107.102 E521.90839
G1 X114.054 Y108.065 E521.94315
G1 X114.693 Y108.884 E521.9777
G1 X115.528 Y109.514 E522.01249
G1 X116.494 Y109.91 E522.04722
G1 X117.5 Y110.034 E522.08093
G1 X117.53 Y110.038 E522.08194
G0 F9000 X117.534 Y110.442
;TYPE:WALL-OUTER
G1 F999.9 X118.666 Y110.281 E522.11997
G1 X119.729 Y109.833 E522.15833
G1 X120.632 Y109.13 E522.1964
G1 X121.324 Y108.212 E522.23463
G1 X121.756 Y107.149 E522.2728
G1 X121.898 Y106.006 E522.3111
G1 X121.737 Y104.874 E522.34913
G1 X121.29 Y103.811 E522.38749
G1 X120.586 Y102.912 E522.42547
G1 X119.668 Y102.22 E522.4637
G1 X118.604 Y101.788 E522.5019
G1 X117.462 Y101.642 E522.54019
G1 X116.33 Y101.803 E522.57822
G1 X115.271 Y102.25 E522.61645
G1 X114.368 Y102.954 E522.65453
G1 X113.676 Y103.872 E522.69277
G1 X113.244 Y104.936 E522.73096
G1 X113.098 Y106.078 E522.76926
G1 X113.259 Y107.21 E522.80728
G1 X113.706 Y108.269 E522.84552
G1 X114.41 Y109.172 E522.8836
G1 X115.328 Y109.864 E522.92184
G1 X116.392 Y110.3 E522.96008
G1 X117.5 Y110.438 E522.99722
G1 X117.534 Y110.442 E522.99836
G0 F9000 X117.529 Y109.728
G0 X115.924 Y109.345
G0 X115.838 Y109.555
;TYPE:FILL
G1 F999.9 X113.989 Y107.706 E523.08533
G0 F9000 X114.436 Y108.425
G1 F999.9 X116.038 Y102.447 E523.29117
G0 F9000 X115.28 Y102.852
G1 F999.9 X117.82 Y102.171 E523.37864
G0 F9000 X116.966 Y102.197
G1 F999.9 X121.344 Y106.575 E523.58456
G0 F9000 X121.372 Y105.721
G1 F999.9 X120.695 Y108.25 E523.67164
G0 F9000 X121.092 Y107.506
G1 F999.9 X115.12 Y109.106 E523.87728
G0 F9000 X115.44 Y108.687
G1 F1500 E517.37728
;MESH:NONMESH
G0 F300 X115.44 Y108.687 Z12
G0 F9000 X117.468 Y101.877
G0 X117.318 Y100.795
G0 X117.278 Y99.925
G0 X117.411 Y98.839
G0 X117.408 Y98.356
G0 X117.41 Y98.666
;TIME_ELAPSED:1027.679504
;LAYER:59
;note -- min layer time used
;TYPE:WALL-INNER
;MESH:dubelHinge.stl(1)
G1 F1500 E523.87728
G1 F1021.3 X118.438 Y98.521 E523.9118
G1 X119.401 Y98.114 E523.94658
G1 X120.22 Y97.475 E523.98113
G1 X120.849 Y96.641 E524.01587
G1 X121.242 Y95.674 E524.05059
G1 X121.374 Y94.637 E524.08536
G1 X121.228 Y93.61 E524.11986
G1 X120.822 Y92.647 E524.15462
G1 X120.183 Y91.828 E524.18917
G1 X119.348 Y91.2 E524.22392
G1 X118.382 Y90.806 E524.25862
G1 X117.345 Y90.674 E524.29339
G1 X116.318 Y90.82 E524.32789
G1 X115.351 Y91.226 E524.36277
G1 X114.536 Y91.865 E524.39722
G1 X113.906 Y92.7 E524.43201
G1 X113.51 Y93.666 E524.46673
G1 X113.382 Y94.702 E524.50145
G1 X113.528 Y95.73 E524.53599
G1 X113.935 Y96.697 E524.57088
G1 X114.573 Y97.516 E524.60541
G1 X115.407 Y98.145 E524.64015
G1 X116.373 Y98.538 E524.67484
G1 X117.382 Y98.663 E524.70866
G1 X117.41 Y98.666 E524.70959
G0 F9000 X117.414 Y99.07
;TYPE:WALL-OUTER
G1 F1021.3 X118.546 Y98.909 E524.74762
G1 X119.605 Y98.462 E524.78585
G1 X120.508 Y97.758 E524.82394
G1 X121.2 Y96.84 E524.86217
G1 X121.632 Y95.776 E524.90037
G1 X121.778 Y94.634 E524.93866
G1 X121.617 Y93.502 E524.97669
G1 X121.17 Y92.443 E525.01492
G1 X120.466 Y91.54 E525.053
G1 X119.548 Y90.848 E525.09124
G1 X118.484 Y90.416 E525.12943
G1 X117.342 Y90.27 E525.16773
G1 X116.21 Y90.431 E525.20576
G1 X115.147 Y90.878 E525.24411
G1 X114.248 Y91.582 E525.28209
G1 X113.556 Y92.5 E525.32032
G1 X113.12 Y93.564 E525.35857
G1 X112.978 Y94.706 E525.39684
G1 X113.139 Y95.838 E525.43487
G1 X113.587 Y96.901 E525.47324
G1 X114.29 Y97.804 E525.5113
G1 X115.208 Y98.496 E525.54954
G1 X116.271 Y98.928 E525.5877
G1 X117.383 Y99.066 E525.62497
G1 X117.414 Y99.07 E525.62601
G0 F9000 X117.408 Y98.356
G0 X116.146 Y98.112
G0 X116.06 Y98.324
;TYPE:FILL
G1 F1021.3 X113.721 Y95.986 E525.73601
G0 F9000 X113.934 Y95.896
G0 X114.388 Y96.772
G0 X114.206 Y96.913
G1 F1021.3 X115.751 Y91.144 E525.93465
G0 F9000 X115.84 Y91.359
G0 X115.011 Y91.888
G0 X114.869 Y91.705
G1 F1021.3 X118.071 Y90.847 E526.0449
G0 F9000 X118.042 Y91.075
G0 X117.053 Y91.032
G0 X117.022 Y90.801
G1 F1021.3 X121.245 Y95.024 E526.24354
G0 F9000 X121.018 Y94.996
G0 X120.974 Y94.017
G0 X121.201 Y93.987
G1 F1021.3 X120.348 Y97.172 E526.35321
G0 F9000 X120.17 Y97.036
G0 X120.693 Y96.217
G0 X120.9 Y96.301
G1 F1021.3 X115.141 Y97.844 E526.55151
G0 F9000 X115.461 Y97.423
G1 F1500 E520.05151
;MESH:dubelHinge.stl
G0 F9000 X116.33 Y98.705
G0 X116.197 Y99.791
G0 X116.631 Y100.89
G0 X116.778 Y101.954
G0 X117.529 Y109.728
G0 X117.53 Y110.038
;TYPE:WALL-INNER
G1 F1500 E526.55151
G1 F1021.3 X118.558 Y109.892 E526.58604
G1 X119.525 Y109.485 E526.62094
G1 X120.344 Y108.847 E526.65547
G1 X120.973 Y108.013 E526.69021
G1 X121.366 Y107.047 E526.7249
G1 X121.494 Y106.01 E526.75965
G1 X121.348 Y104.982 E526.79418
G1 X120.942 Y104.015 E526.82907
G1 X120.303 Y103.2 E526.86351
G1 X119.469 Y102.571 E526.89826
G1 X118.502 Y102.178 E526.93297
G1 X117.465 Y102.046 E526.96774
G1 X116.438 Y102.192 E527.00224
G1 X115.475 Y102.598 E527.037
G1 X114.656 Y103.237 E527.07155
G1 X114.027 Y104.071 E527.1063
G1 X113.634 Y105.038 E527.14101
G1 X113.502 Y106.075 E527.17578
G1 X113.648 Y107.102 E527.21029
G1 X114.054 Y108.065 E527.24504
G1 X114.693 Y108.884 E527.2796
G1 X115.528 Y109.514 E527.31439
G1 X116.494 Y109.91 E527.34911
G1 X117.5 Y110.034 E527.38282
G1 X117.53 Y110.038 E527.38383
G0 F9000 X117.534 Y110.442
;TYPE:WALL-OUTER
G1 F1021.3 X118.666 Y110.281 E527.42186
G1 X119.729 Y109.833 E527.46023
G1 X120.632 Y109.13 E527.49829
G1 X121.324 Y108.212 E527.53652
G1 X121.756 Y107.149 E527.57469
G1 X121.898 Y106.006 E527.613
G1 X121.737 Y104.874 E527.65103
G1 X121.29 Y103.811 E527.68938
G1 X120.586 Y102.912 E527.72736
G1 X119.668 Y102.22 E527.76559
G1 X118.604 Y101.788 E527.80379
G1 X117.462 Y101.642 E527.84208
G1 X116.33 Y101.803 E527.88011
G1 X115.271 Y102.25 E527.91834
G1 X114.368 Y102.954 E527.95642
G1 X113.676 Y103.872 E527.99466
G1 X113.244 Y104.936 E528.03285
G1 X113.098 Y106.078 E528.07115
G1 X113.259 Y107.21 E528.10918
G1 X113.706 Y108.269 E528.14741
G1 X114.41 Y109.172 E528.18549
G1 X115.328 Y109.864 E528.22373
G1 X116.392 Y110.3 E528.26197
G1 X117.5 Y110.438 E528.29911
G1 X117.534 Y110.442 E528.30025
G0 F9000 X117.529 Y109.728
G0 X116.264 Y109.484
G0 X116.178 Y109.694
;TYPE:FILL
G1 F1021.3 X113.843 Y107.359 E528.41008
G0 F9000 X114.055 Y107.271
G0 X114.508 Y108.144
G0 X114.327 Y108.284
G1 F1021.3 X115.872 Y102.517 E528.60865
G0 F9000 X115.962 Y102.731
G0 X115.134 Y103.258
G0 X114.993 Y103.076
G1 F1021.3 X118.191 Y102.219 E528.71877
G0 F9000 X118.162 Y102.447
G0 X117.173 Y102.403
G0 X117.142 Y102.173
G1 F1021.3 X121.366 Y106.396 E528.91743
G0 F9000 X121.139 Y106.368
G0 X121.095 Y105.39
G0 X121.322 Y105.36
G1 F1021.3 X120.467 Y108.551 E529.02731
G0 F9000 X120.287 Y108.414
G0 X120.815 Y107.585
G0 X121.025 Y107.671
G1 F1021.3 X115.264 Y109.215 E529.22568
G0 F9000 X115.584 Y108.796
G1 F1500 E522.72568
;MESH:NONMESH
G0 F300 X115.584 Y108.796 Z12.2
G0 F9000 X117.468 Y101.877
G0 X117.318 Y100.795
G0 X117.278 Y99.925
G0 X117.411 Y98.839
G0 X117.408 Y98.356
G0 X117.41 Y98.666
;TIME_ELAPSED:1041.028835
;LAYER:60
;note -- min layer time used
;TYPE:WALL-INNER
;MESH:dubelHinge.stl(1)
G1 F1500 E529.22568
G1 F1038.1 X118.438 Y98.521 E529.26021
G1 X119.401 Y98.114 E529.29499
G1 X120.22 Y97.475 E529.32954
G1 X120.849 Y96.641 E529.36428
G1 X121.242 Y95.674 E529.399
G1 X121.374 Y94.637 E529.43377
G1 X121.228 Y93.61 E529.46827
G1 X120.822 Y92.647 E529.50303
G1 X120.183 Y91.828 E529.53758
G1 X119.348 Y91.2 E529.57233
G1 X118.382 Y90.806 E529.60703
G1 X117.345 Y90.674 E529.6418
G1 X116.318 Y90.82 E529.6763
G1 X115.351 Y91.226 E529.71118
G1 X114.536 Y91.865 E529.74563
G1 X113.906 Y92.7 E529.78042
G1 X113.51 Y93.666 E529.81514
G1 X113.382 Y94.702 E529.84986
G1 X113.528 Y95.73 E529.88439
G1 X113.935 Y96.697 E529.91929
G1 X114.573 Y97.516 E529.95382
G1 X115.407 Y98.145 E529.98856
G1 X116.373 Y98.538 E530.02325
G1 X117.382 Y98.663 E530.05707
G1 X117.41 Y98.666 E530.058
G0 F9000 X117.414 Y99.07
;TYPE:WALL-OUTER
G1 F1038.1 X118.546 Y98.909 E530.09603
G1 X119.605 Y98.462 E530.13426
G1 X120.508 Y97.758 E530.17235
G1 X121.2 Y96.84 E530.21058
G1 X121.632 Y95.776 E530.24878
G1 X121.778 Y94.634 E530.28707
G1 X121.617 Y93.502 E530.3251
G1 X121.17 Y92.443 E530.36333
G1 X120.466 Y91.54 E530.40141
G1 X119.548 Y90.848 E530.43965
G1 X118.484 Y90.416 E530.47784
G1 X117.342 Y90.27 E530.51614
G1 X116.21 Y90.431 E530.55416
G1 X115.147 Y90.878 E530.59252
G1 X114.248 Y91.582 E530.6305
G1 X113.556 Y92.5 E530.66873
G1 X113.12 Y93.564 E530.70698
G1 X112.978 Y94.706 E530.74525
G1 X113.139 Y95.838 E530.78328
G1 X113.587 Y96.901 E530.82165
G1 X114.29 Y97.804 E530.85971
G1 X115.208 Y98.496 E530.89795
G1 X116.271 Y98.928 E530.93611
G1 X117.383 Y99.066 E530.97338
G1 X117.414 Y99.07 E530.97442
G0 F9000 X117.408 Y98.356
G0 X116.452 Y98.237
G0 X116.395 Y98.46
;TYPE:FILL
G1 F1038.1 X113.597 Y95.662 E531.10603
G0 F9000 X113.827 Y95.631
G0 X114.279 Y96.632
G0 X114.097 Y96.773
G1 F1038.1 X115.587 Y91.214 E531.29745
G0 F9000 X115.676 Y91.428
G0 X114.755 Y92.088
G0 X114.59 Y91.926
G1 F1038.1 X118.408 Y90.903 E531.42892
G0 F9000 X118.322 Y91.114
G0 X117.228 Y91.007
G0 X117.197 Y90.776
G1 F1038.1 X121.267 Y94.847 E531.62038
G0 F9000 X121.04 Y94.819
G0 X120.93 Y93.692
G0 X121.151 Y93.631
G1 F1038.1 X120.129 Y97.445 E531.75171
G0 F9000 X119.99 Y97.266
G0 X120.626 Y96.381
G0 X120.833 Y96.465
G1 F1038.1 X115.284 Y97.952 E531.94278
G0 F9000 X115.604 Y97.531
G1 F1500 E525.44278
;MESH:dubelHinge.stl
G0 F9000 X116.33 Y98.705
G0 X116.197 Y99.791
G0 X116.631 Y100.89
G0 X116.778 Y101.954
G0 X117.529 Y109.728
G0 X117.53 Y110.038
;TYPE:WALL-INNER
G1 F1500 E531.94278
G1 F1038.1 X118.558 Y109.892 E531.97732
G1 X119.525 Y109.485 E532.01221
G1 X120.344 Y108.847 E532.04674
G1 X120.973 Y108.013 E532.08148
G1 X121.366 Y107.047 E532.11617
G1 X121.494 Y106.01 E532.15092
G1 X121.348 Y104.982 E532.18546
G1 X120.942 Y104.015 E532.22034
G1 X120.303 Y103.2 E532.25479
G1 X119.469 Y102.571 E532.28953
G1 X118.502 Y102.178 E532.32425
G1 X117.465 Y102.046 E532.35902
G1 X116.438 Y102.192 E532.39352
G1 X115.475 Y102.598 E532.42828
G1 X114.656 Y103.237 E532.46283
G1 X114.027 Y104.071 E532.49757
G1 X113.634 Y105.038 E532.53229
G1 X113.502 Y106.075 E532.56706
G1 X113.648 Y107.102 E532.60156
G1 X114.054 Y108.065 E532.63632
G1 X114.693 Y108.884 E532.67087
G1 X115.528 Y109.514 E532.70566
G1 X116.494 Y109.91 E532.74038
G1 X117.5 Y110.034 E532.7741
G1 X117.53 Y110.038 E532.7751
G0 F9000 X117.534 Y110.442
;TYPE:WALL-OUTER
G1 F1038.1 X118.666 Y110.281 E532.81313
G1 X119.729 Y109.833 E532.8515
G1 X120.632 Y109.13 E532.88956
G1 X121.324 Y108.212 E532.9278
G1 X121.756 Y107.149 E532.96596
G1 X121.898 Y106.006 E533.00427
G1 X121.737 Y104.874 E533.0423
G1 X121.29 Y103.811 E533.08065
G1 X120.586 Y102.912 E533.11863
G1 X119.668 Y102.22 E533.15687
G1 X118.604 Y101.788 E533.19506
G1 X117.462 Y101.642 E533.23335
G1 X116.33 Y101.803 E533.27138
G1 X115.271 Y102.25 E533.30962
G1 X114.368 Y102.954 E533.3477
G1 X113.676 Y103.872 E533.38593
G1 X113.244 Y104.936 E533.42413
G1 X113.098 Y106.078 E533.46242
G1 X113.259 Y107.21 E533.50045
G1 X113.706 Y108.269 E533.53868
G1 X114.41 Y109.172 E533.57676
G1 X115.328 Y109.864 E533.615
G1 X116.392 Y110.3 E533.65325
G1 X117.5 Y110.438 E533.69038
G1 X117.534 Y110.442 E533.69152
G0 F9000 X117.529 Y109.728
G0 X116.571 Y109.609
G0 X116.516 Y109.832
;TYPE:FILL
G1 F1038.1 X113.719 Y107.035 E533.82308
G0 F9000 X113.948 Y107.004
G0 X114.399 Y108.004
G0 X114.218 Y108.145
G1 F1038.1 X115.707 Y102.587 E534.01446
G0 F9000 X115.797 Y102.801
G0 X114.874 Y103.46
G0 X114.712 Y103.297
G1 F1038.1 X118.528 Y102.275 E534.14586
G0 F9000 X118.442 Y102.486
G0 X117.348 Y102.379
G0 X117.317 Y102.148
G1 F1038.1 X121.388 Y106.219 E534.33734
G0 F9000 X121.161 Y106.191
G0 X121.051 Y105.063
G0 X121.271 Y105.003
G1 F1038.1 X120.249 Y108.82 E534.46877
G0 F9000 X120.109 Y108.64
G0 X120.748 Y107.75
G0 X120.958 Y107.835
G1 F1038.1 X115.406 Y109.323 E534.65995
G0 F9000 X115.726 Y108.904
G1 F1500 E528.15995
;MESH:NONMESH
G0 F300 X115.726 Y108.904 Z12.4
G0 F9000 X117.468 Y101.877
G0 X117.318 Y100.795
G0 X117.278 Y99.925
G0 X117.411 Y98.839
G0 X117.408 Y98.356
G0 X117.41 Y98.666
;TIME_ELAPSED:1054.383262
;LAYER:61
;note -- min layer time used
;TYPE:WALL-INNER
;MESH:dubelHinge.stl(1)
G1 F1500 E534.65995
G1 F1042.6 X118.438 Y98.521 E534.69448
G1 X119.401 Y98.114 E534.72925
G1 X120.22 Y97.475 E534.7638
G1 X120.849 Y96.641 E534.79854
G1 X121.242 Y95.674 E534.83326
G1 X121.374 Y94.637 E534.86803
G1 X121.228 Y93.61 E534.90253
G1 X120.822 Y92.647 E534.93729
G1 X120.183 Y91.828 E534.97184
G1 X119.348 Y91.2 E535.00659
G1 X118.382 Y90.806 E535.04129
G1 X117.345 Y90.674 E535.07606
G1 X116.318 Y90.82 E535.11056
G1 X115.351 Y91.226 E535.14544
G1 X114.536 Y91.865 E535.17989
G1 X113.906 Y92.7 E535.21468
G1 X113.51 Y93.666 E535.2494
G1 X113.382 Y94.702 E535.28412
G1 X113.528 Y95.73 E535.31866
G1 X113.935 Y96.697 E535.35355
G1 X114.573 Y97.516 E535.38808
G1 X115.407 Y98.145 E535.42283
G1 X116.373 Y98.538 E535.45751
G1 X117.382 Y98.663 E535.49133
G1 X117.41 Y98.666 E535.49226
G0 F9000 X117.414 Y99.07
;TYPE:WALL-OUTER
G1 F1042.6 X118.546 Y98.909 E535.53029
G1 X119.605 Y98.462 E535.56853
G1 X120.508 Y97.758 E535.60661
G1 X121.2 Y96.84 E535.64484
G1 X121.632 Y95.776 E535.68304
G1 X121.778 Y94.634 E535.72133
G1 X121.617 Y93.502 E535.75936
G1 X121.17 Y92.443 E535.79759
G1 X120.466 Y91.54 E535.83567
G1 X119.548 Y90.848 E535.87391
G1 X118.484 Y90.416 E535.9121
G1 X117.342 Y90.27 E535.9504
G1 X116.21 Y90.431 E535.98843
G1 X115.147 Y90.878 E536.02678
G1 X114.248 Y91.582 E536.06476
G1 X113.556 Y92.5 E536.10299
G1 X113.12 Y93.564 E536.14124
G1 X112.978 Y94.706 E536.17952
G1 X113.139 Y95.838 E536.21754
G1 X113.587 Y96.901 E536.25591
G1 X114.29 Y97.804 E536.29397
G1 X115.208 Y98.496 E536.33221
G1 X116.271 Y98.928 E536.37037
G1 X117.383 Y99.066 E536.40764
G1 X117.414 Y99.07 E536.40868
G0 F9000 X116.624 Y98.488
;TYPE:FILL
G1 F1042.6 X113.565 Y95.429 E536.55257
G0 F9000 X113.795 Y95.398
G0 X114.203 Y96.532
G0 X113.991 Y96.621
G1 F1042.6 X115.421 Y91.284 E536.73634
G0 F9000 X115.51 Y91.498
G0 X114.633 Y92.25
G0 X114.451 Y92.111
G1 F1042.6 X118.626 Y90.992 E536.8801
G0 F9000 X118.54 Y91.203
G0 X117.352 Y90.989
G0 X117.381 Y90.76
G1 F1042.6 X121.29 Y94.669 E537.06397
G0 F9000 X121.062 Y94.64
G0 X120.85 Y93.506
G0 X121.061 Y93.418
G1 F1042.6 X119.943 Y97.59 E537.20763
G0 F9000 X119.804 Y97.411
G0 X120.576 Y96.498
G0 X120.754 Y96.633
G1 F1042.6 X115.428 Y98.06 E537.39102
G0 F9000 X115.752 Y97.629
G1 F1500 E530.89102
;MESH:dubelHinge.stl
G0 F9000 X116.33 Y98.705
G0 X116.197 Y99.791
G0 X116.631 Y100.89
G0 X116.778 Y101.954
G0 X117.529 Y109.728
G0 X117.53 Y110.038
;TYPE:WALL-INNER
G1 F1500 E537.39102
G1 F1042.6 X118.558 Y109.892 E537.42555
G1 X119.525 Y109.485 E537.46045
G1 X120.344 Y108.847 E537.49498
G1 X120.973 Y108.013 E537.52972
G1 X121.366 Y107.047 E537.56441
G1 X121.494 Y106.01 E537.59916
G1 X121.348 Y104.982 E537.63369
G1 X120.942 Y104.015 E537.66858
G1 X120.303 Y103.2 E537.70302
G1 X119.469 Y102.571 E537.73777
G1 X118.502 Y102.178 E537.77248
G1 X117.465 Y102.046 E537.80725
G1 X116.438 Y102.192 E537.84175
G1 X115.475 Y102.598 E537.87651
G1 X114.656 Y103.237 E537.91106
G1 X114.027 Y104.071 E537.94581
G1 X113.634 Y105.038 E537.98052
G1 X113.502 Y106.075 E538.01529
G1 X113.648 Y107.102 E538.0498
G1 X114.054 Y108.065 E538.08455
G1 X114.693 Y108.884 E538.1191
G1 X115.528 Y109.514 E538.1539
G1 X116.494 Y109.91 E538.18862
G1 X117.5 Y110.034 E538.22233
G1 X117.53 Y110.038 E538.22334
G0 F9000 X117.534 Y110.442
;TYPE:WALL-OUTER
G1 F1042.6 X118.666 Y110.281 E538.26137
G1 X119.729 Y109.833 E538.29974
G1 X120.632 Y109.13 E538.3378
G1 X121.324 Y108.212 E538.37603
G1 X121.756 Y107.149 E538.4142
G1 X121.898 Y106.006 E538.45251
G1 X121.737 Y104.874 E538.49054
G1 X121.29 Y103.811 E538.52889
G1 X120.586 Y102.912 E538.56687
G1 X119.668 Y102.22 E538.6051
G1 X118.604 Y101.788 E538.6433
G1 X117.462 Y101.642 E538.68159
G1 X116.33 Y101.803 E538.71962
G1 X115.271 Y102.25 E538.75785
G1 X114.368 Y102.954 E538.79593
G1 X113.676 Y103.872 E538.83417
G1 X113.244 Y104.936 E538.87236
G1 X113.098 Y106.078 E538.91066
G1 X113.259 Y107.21 E538.94869
G1 X113.706 Y108.269 E538.98692
G1 X114.41 Y109.172 E539.025
G1 X115.328 Y109.864 E539.06324
G1 X116.392 Y110.3 E539.10148
G1 X117.5 Y110.438 E539.13862
G1 X117.534 Y110.442 E539.13976
G0 F9000 X116.745 Y109.86
;TYPE:FILL
G1 F1042.6 X113.686 Y106.801 E539.28364
G0 F9000 X113.915 Y106.77
G0 X114.323 Y107.906
G0 X114.111 Y107.994
G1 F1042.6 X115.542 Y102.656 E539.46745
G0 F9000 X115.635 Y102.868
G0 X114.754 Y103.619
G0 X114.573 Y103.481
G1 F1042.6 X118.747 Y102.363 E539.61118
G0 F9000 X118.661 Y102.574
G0 X117.472 Y102.361
G0 X117.501 Y102.132
G1 F1042.6 X121.41 Y106.04 E539.79502
G0 F9000 X121.183 Y106.012
G0 X120.971 Y104.878
G0 X121.181 Y104.791
G1 F1042.6 X120.063 Y108.963 E539.93868
G0 F9000 X119.924 Y108.784
G0 X120.7 Y107.866
G0 X120.88 Y108.003
G1 F1042.6 X115.55 Y109.431 E540.12221
G0 F9000 X115.873 Y109.001
G1 F1500 E533.62221
;MESH:NONMESH
G0 F300 X115.873 Y109.001 Z12.6
G0 F9000 X117.468 Y101.877
G0 X117.318 Y100.795
G0 X117.278 Y99.925
G0 X117.411 Y98.839
G0 X117.408 Y98.356
G0 X117.41 Y98.666
;TIME_ELAPSED:1067.635820
;LAYER:62
;note -- min layer time used
;TYPE:WALL-INNER
;MESH:dubelHinge.stl(1)
G1 F1500 E540.12221
G1 F1043.4 X118.438 Y98.521 E540.15674
G1 X119.401 Y98.114 E540.19151
G1 X120.22 Y97.475 E540.22606
G1 X120.849 Y96.641 E540.2608
G1 X121.242 Y95.674 E540.29552
G1 X121.374 Y94.637 E540.33029
G1 X121.228 Y93.61 E540.36479
G1 X120.822 Y92.647 E540.39955
G1 X120.183 Y91.828 E540.4341
G1 X119.348 Y91.2 E540.46885
G1 X118.382 Y90.806 E540.50355
G1 X117.345 Y90.674 E540.53832
G1 X116.318 Y90.82 E540.57282
G1 X115.351 Y91.226 E540.6077
G1 X114.536 Y91.865 E540.64215
G1 X113.906 Y92.7 E540.67694
G1 X113.51 Y93.666 E540.71166
G1 X113.382 Y94.702 E540.74638
G1 X113.528 Y95.73 E540.78092
G1 X113.935 Y96.697 E540.81581
G1 X114.573 Y97.516 E540.85034
G1 X115.407 Y98.145 E540.88508
G1 X116.373 Y98.538 E540.91977
G1 X117.382 Y98.663 E540.95359
G1 X117.41 Y98.666 E540.95452
G0 F9000 X117.414 Y99.07
;TYPE:WALL-OUTER
G1 F1043.4 X118.546 Y98.909 E540.99255
G1 X119.605 Y98.462 E541.03079
G1 X120.508 Y97.758 E541.06887
G1 X121.2 Y96.84 E541.1071
G1 X121.632 Y95.776 E541.1453
G1 X121.778 Y94.634 E541.18359
G1 X121.617 Y93.502 E541.22162
G1 X121.17 Y92.443 E541.25985
G1 X120.466 Y91.54 E541.29793
G1 X119.548 Y90.848 E541.33617
G1 X118.484 Y90.416 E541.37436
G1 X117.342 Y90.27 E541.41266
G1 X116.21 Y90.431 E541.45069
G1 X115.147 Y90.878 E541.48904
G1 X114.248 Y91.582 E541.52702
G1 X113.556 Y92.5 E541.56525
G1 X113.12 Y93.564 E541.6035
G1 X112.978 Y94.706 E541.64177
G1 X113.139 Y95.838 E541.6798
G1 X113.587 Y96.901 E541.71817
G1 X114.29 Y97.804 E541.75623
G1 X115.208 Y98.496 E541.79447
G1 X116.271 Y98.928 E541.83263
G1 X117.383 Y99.066 E541.8699
G1 X117.414 Y99.07 E541.87094
G0 F9000 X116.852 Y98.516
;TYPE:FILL
G1 F1043.4 X113.532 Y95.197 E542.02708
G0 F9000 X113.762 Y95.166
G0 X114.114 Y96.32
G0 X113.901 Y96.41
G1 F1043.4 X115.24 Y91.415 E542.19908
G0 F9000 X115.383 Y91.599
G0 X114.495 Y92.432
G0 X114.313 Y92.293
G1 F1043.4 X118.842 Y91.08 E542.35503
G0 F9000 X118.756 Y91.29
G0 X117.581 Y91.018
G0 X117.61 Y90.789
G1 F1043.4 X121.267 Y94.446 E542.52704
G0 F9000 X121.038 Y94.477
G0 X120.76 Y93.294
G0 X120.971 Y93.207
G1 F1043.4 X119.758 Y97.734 E542.68292
G0 F9000 X119.619 Y97.555
G0 X120.438 Y96.681
G0 X120.616 Y96.816
G1 F1043.4 X115.634 Y98.151 E542.85447
G0 F9000 X115.834 Y97.662
G1 F1500 E536.35447
;MESH:dubelHinge.stl
G0 F9000 X117.411 Y98.839
G0 X117.562 Y99.921
G0 X117.601 Y100.791
G0 X117.468 Y101.877
G0 X117.529 Y109.728
G0 X117.53 Y110.038
;TYPE:WALL-INNER
G1 F1500 E542.85447
G1 F1043.4 X118.558 Y109.892 E542.889
G1 X119.525 Y109.485 E542.9239
G1 X120.344 Y108.847 E542.95843
G1 X120.973 Y108.013 E542.99317
G1 X121.366 Y107.047 E543.02786
G1 X121.494 Y106.01 E543.06261
G1 X121.348 Y104.982 E543.09714
G1 X120.942 Y104.015 E543.13203
G1 X120.303 Y103.2 E543.16647
G1 X119.469 Y102.571 E543.20122
G1 X118.502 Y102.178 E543.23593
G1 X117.465 Y102.046 E543.2707
G1 X116.438 Y102.192 E543.3052
G1 X115.475 Y102.598 E543.33996
G1 X114.656 Y103.237 E543.37451
G1 X114.027 Y104.071 E543.40926
G1 X113.634 Y105.038 E543.44397
G1 X113.502 Y106.075 E543.47874
G1 X113.648 Y107.102 E543.51325
G1 X114.054 Y108.065 E543.548
G1 X114.693 Y108.884 E543.58256
G1 X115.528 Y109.514 E543.61735
G1 X116.494 Y109.91 E543.65207
G1 X117.5 Y110.034 E543.68578
G1 X117.53 Y110.038 E543.68679
G0 F9000 X117.534 Y110.442
;TYPE:WALL-OUTER
G1 F1043.4 X118.666 Y110.281 E543.72482
G1 X119.729 Y109.833 E543.76319
G1 X120.632 Y109.13 E543.80125
G1 X121.324 Y108.212 E543.83948
G1 X121.756 Y107.149 E543.87765
G1 X121.898 Y106.006 E543.91596
G1 X121.737 Y104.874 E543.95399
G1 X121.29 Y103.811 E543.99234
G1 X120.586 Y102.912 E544.03032
G1 X119.668 Y102.22 E544.06855
G1 X118.604 Y101.788 E544.10675
G1 X117.462 Y101.642 E544.14504
G1 X116.33 Y101.803 E544.18307
G1 X115.271 Y102.25 E544.2213
G1 X114.368 Y102.954 E544.25938
G1 X113.676 Y103.872 E544.29762
G1 X113.244 Y104.936 E544.33581
G1 X113.098 Y106.078 E544.37411
G1 X113.259 Y107.21 E544.41214
G1 X113.706 Y108.269 E544.45037
G1 X114.41 Y109.172 E544.48845
G1 X115.328 Y109.864 E544.52669
G1 X116.392 Y110.3 E544.56493
G1 X117.5 Y110.438 E544.60207
G1 X117.534 Y110.442 E544.60321
G0 F9000 X116.972 Y109.889
;TYPE:FILL
G1 F1043.4 X113.653 Y106.569 E544.75935
G0 F9000 X113.883 Y106.538
G0 X114.234 Y107.695
G0 X114.022 Y107.783
G1 F1043.4 X115.36 Y102.789 E544.93131
G0 F9000 X115.502 Y102.972
G0 X114.616 Y103.802
G0 X114.435 Y103.664
G1 F1043.4 X118.963 Y102.451 E545.08722
G0 F9000 X118.877 Y102.662
G0 X117.701 Y102.39
G0 X117.73 Y102.161
G1 F1043.4 X121.386 Y105.817 E545.25918
G0 F9000 X121.158 Y105.847
G0 X120.881 Y104.665
G0 X121.092 Y104.578
G1 F1043.4 X119.879 Y109.108 E545.41516
G0 F9000 X119.739 Y108.927
G0 X120.562 Y108.049
G0 X120.742 Y108.186
G1 F1043.4 X115.757 Y109.522 E545.58681
G0 F9000 X115.955 Y109.034
G1 F1500 E539.08681
;MESH:NONMESH
G0 F300 X115.955 Y109.034 Z12.8
G0 F9000 X117.468 Y101.877
G0 X117.318 Y100.795
G0 X117.278 Y99.925
G0 X117.411 Y98.839
G0 X117.408 Y98.356
G0 X117.41 Y98.666
;TIME_ELAPSED:1080.890256
;LAYER:63
;note -- min layer time used
;TYPE:WALL-INNER
;MESH:dubelHinge.stl(1)
G1 F1500 E545.58681
G1 F1042.9 X118.438 Y98.521 E545.62134
G1 X119.401 Y98.114 E545.65612
G1 X120.22 Y97.475 E545.69067
G1 X120.849 Y96.641 E545.72541
G1 X121.242 Y95.674 E545.76013
G1 X121.374 Y94.637 E545.7949
G1 X121.228 Y93.61 E545.8294
G1 X120.822 Y92.647 E545.86416
G1 X120.183 Y91.828 E545.89871
G1 X119.348 Y91.2 E545.93346
G1 X118.382 Y90.806 E545.96816
G1 X117.345 Y90.674 E546.00293
G1 X116.318 Y90.82 E546.03743
G1 X115.351 Y91.226 E546.07231
G1 X114.536 Y91.865 E546.10676
G1 X113.906 Y92.7 E546.14155
G1 X113.51 Y93.666 E546.17627
G1 X113.382 Y94.702 E546.21099
G1 X113.528 Y95.73 E546.24552
G1 X113.935 Y96.697 E546.28042
G1 X114.573 Y97.516 E546.31495
G1 X115.407 Y98.145 E546.34969
G1 X116.373 Y98.538 E546.38438
G1 X117.382 Y98.663 E546.4182
G1 X117.41 Y98.666 E546.41913
G0 F9000 X117.414 Y99.07
;TYPE:WALL-OUTER
G1 F1042.9 X118.546 Y98.909 E546.45716
G1 X119.605 Y98.462 E546.49539
G1 X120.508 Y97.758 E546.53348
G1 X121.2 Y96.84 E546.57171
G1 X121.632 Y95.776 E546.60991
G1 X121.778 Y94.634 E546.6482
G1 X121.617 Y93.502 E546.68623
G1 X121.17 Y92.443 E546.72446
G1 X120.466 Y91.54 E546.76254
G1 X119.548 Y90.848 E546.80078
G1 X118.484 Y90.416 E546.83897
G1 X117.342 Y90.27 E546.87727
G1 X116.21 Y90.431 E546.91529
G1 X115.147 Y90.878 E546.95365
G1 X114.248 Y91.582 E546.99163
G1 X113.556 Y92.5 E547.02986
G1 X113.12 Y93.564 E547.06811
G1 X112.978 Y94.706 E547.10638
G1 X113.139 Y95.838 E547.14441
G1 X113.587 Y96.901 E547.18278
G1 X114.29 Y97.804 E547.22084
G1 X115.208 Y98.496 E547.25908
G1 X116.271 Y98.928 E547.29724
G1 X117.383 Y99.066 E547.33451
G1 X117.414 Y99.07 E547.33555
G0 F9000 X117.079 Y98.545
;TYPE:FILL
G1 F1042.9 X113.5 Y94.965 E547.50392
G0 F9000 X113.73 Y94.934
G0 X114.025 Y96.11
G0 X113.812 Y96.199
G1 F1042.9 X115.055 Y91.559 E547.66369
G0 F9000 X115.198 Y91.743
G0 X114.357 Y92.615
G0 X114.175 Y92.476
G1 F1042.9 X119.057 Y91.168 E547.83179
G0 F9000 X118.972 Y91.377
G0 X117.809 Y91.046
G0 X117.838 Y90.818
G1 F1042.9 X121.234 Y94.214 E547.99153
G0 F9000 X121.005 Y94.244
G0 X120.671 Y93.083
G0 X120.882 Y92.995
G1 F1042.9 X119.574 Y97.878 E548.15966
G0 F9000 X119.435 Y97.699
G0 X120.3 Y96.864
G0 X120.478 Y96.999
G1 F1042.9 X115.85 Y98.239 E548.31902
G0 F9000 X116.049 Y97.749
G1 F1500 E541.81902
;MESH:dubelHinge.stl
G0 F9000 X117.411 Y98.839
G0 X117.562 Y99.921
G0 X117.601 Y100.791
G0 X117.468 Y101.877
G0 X117.529 Y109.728
G0 X117.53 Y110.038
;TYPE:WALL-INNER
G1 F1500 E548.31902
G1 F1042.9 X118.558 Y109.892 E548.35356
G1 X119.525 Y109.485 E548.38845
G1 X120.344 Y108.847 E548.42298
G1 X120.973 Y108.013 E548.45772
G1 X121.366 Y107.047 E548.49241
G1 X121.494 Y106.01 E548.52716
G1 X121.348 Y104.982 E548.5617
G1 X120.942 Y104.015 E548.59658
G1 X120.303 Y103.2 E548.63102
G1 X119.469 Y102.571 E548.66577
G1 X118.502 Y102.178 E548.70049
G1 X117.465 Y102.046 E548.73525
G1 X116.438 Y102.192 E548.76976
G1 X115.475 Y102.598 E548.80452
G1 X114.656 Y103.237 E548.83907
G1 X114.027 Y104.071 E548.87381
G1 X113.634 Y105.038 E548.90853
G1 X113.502 Y106.075 E548.9433
G1 X113.648 Y107.102 E548.9778
G1 X114.054 Y108.065 E549.01256
G1 X114.693 Y108.884 E549.04711
G1 X115.528 Y109.514 E549.0819
G1 X116.494 Y109.91 E549.11662
G1 X117.5 Y110.034 E549.15034
G1 X117.53 Y110.038 E549.15134
G0 F9000 X117.534 Y110.442
;TYPE:WALL-OUTER
G1 F1042.9 X118.666 Y110.281 E549.18937
G1 X119.729 Y109.833 E549.22774
G1 X120.632 Y109.13 E549.2658
G1 X121.324 Y108.212 E549.30404
G1 X121.756 Y107.149 E549.3422
G1 X121.898 Y106.006 E549.38051
G1 X121.737 Y104.874 E549.41854
G1 X121.29 Y103.811 E549.45689
G1 X120.586 Y102.912 E549.49487
G1 X119.668 Y102.22 E549.53311
G1 X118.604 Y101.788 E549.5713
G1 X117.462 Y101.642 E549.60959
G1 X116.33 Y101.803 E549.64762
G1 X115.271 Y102.25 E549.68585
G1 X114.368 Y102.954 E549.72394
G1 X113.676 Y103.872 E549.76217
G1 X113.244 Y104.936 E549.80037
G1 X113.098 Y106.078 E549.83866
G1 X113.259 Y107.21 E549.87669
G1 X113.706 Y108.269 E549.91492
G1 X114.41 Y109.172 E549.953
G1 X115.328 Y109.864 E549.99124
G1 X116.392 Y110.3 E550.02948
G1 X117.5 Y110.438 E550.06662
G1 X117.534 Y110.442 E550.06776
G0 F9000 X117.2 Y109.917
;TYPE:FILL
G1 F1042.9 X113.62 Y106.337 E550.23615
G0 F9000 X113.851 Y106.306
G0 X114.145 Y107.483
G0 X113.933 Y107.571
G1 F1042.9 X115.176 Y102.932 E550.39589
G0 F9000 X115.318 Y103.115
G0 X114.478 Y103.985
G0 X114.296 Y103.847
G1 F1042.9 X119.179 Y102.539 E550.56402
G0 F9000 X119.093 Y102.75
G0 X117.929 Y102.418
G0 X117.958 Y102.19
G1 F1042.9 X121.353 Y105.584 E550.72369
G0 F9000 X121.126 Y105.614
G0 X120.792 Y104.454
G0 X121.003 Y104.367
G1 F1042.9 X119.694 Y109.251 E550.89187
G0 F9000 X119.555 Y109.071
G0 X120.424 Y108.232
G0 X120.603 Y108.369
G1 F1042.9 X115.972 Y109.61 E551.05133
G0 F9000 X116.171 Y109.122
G1 F1500 E544.55133
;MESH:NONMESH
G0 F300 X116.171 Y109.122 Z13
G0 F9000 X117.468 Y101.877
G0 X117.318 Y100.795
G0 X117.278 Y99.925
G0 X117.411 Y98.839
G0 X117.408 Y98.356
G0 X117.41 Y98.666
;TIME_ELAPSED:1094.117937
;LAYER:64
;note -- min layer time used
;TYPE:WALL-INNER
;MESH:dubelHinge.stl(1)
G1 F1500 E551.05133
G1 F1042.7 X118.438 Y98.521 E551.08586
G1 X119.401 Y98.114 E551.12063
G1 X120.22 Y97.475 E551.15518
G1 X120.849 Y96.641 E551.18993
G1 X121.242 Y95.674 E551.22464
G1 X121.374 Y94.637 E551.25941
G1 X121.228 Y93.61 E551.29391
G1 X120.822 Y92.647 E551.32867
G1 X120.183 Y91.828 E551.36322
G1 X119.348 Y91.2 E551.39797
G1 X118.382 Y90.806 E551.43267
G1 X117.345 Y90.674 E551.46744
G1 X116.318 Y90.82 E551.50194
G1 X115.351 Y91.226 E551.53683
G1 X114.536 Y91.865 E551.57127
G1 X113.906 Y92.7 E551.60606
G1 X113.51 Y93.666 E551.64079
G1 X113.382 Y94.702 E551.6755
G1 X113.528 Y95.73 E551.71004
G1 X113.935 Y96.697 E551.74493
G1 X114.573 Y97.516 E551.77946
G1 X115.407 Y98.145 E551.81421
G1 X116.373 Y98.538 E551.84889
G1 X117.382 Y98.663 E551.88271
G1 X117.41 Y98.666 E551.88365
G0 F9000 X117.414 Y99.07
;TYPE:WALL-OUTER
G1 F1042.7 X118.546 Y98.909 E551.92168
G1 X119.605 Y98.462 E551.95991
G1 X120.508 Y97.758 E551.99799
G1 X121.2 Y96.84 E552.03623
G1 X121.632 Y95.776 E552.07442
G1 X121.778 Y94.634 E552.11271
G1 X121.617 Y93.502 E552.15074
G1 X121.17 Y92.443 E552.18897
G1 X120.466 Y91.54 E552.22706
G1 X119.548 Y90.848 E552.26529
G1 X118.484 Y90.416 E552.30349
G1 X117.342 Y90.27 E552.34178
G1 X116.21 Y90.431 E552.37981
G1 X115.147 Y90.878 E552.41816
G1 X114.248 Y91.582 E552.45614
G1 X113.556 Y92.5 E552.49438
G1 X113.12 Y93.564 E552.53262
G1 X112.978 Y94.706 E552.5709
G1 X113.139 Y95.838 E552.60893
G1 X113.587 Y96.901 E552.64729
G1 X114.29 Y97.804 E552.68536
G1 X115.208 Y98.496 E552.72359
G1 X116.271 Y98.928 E552.76176
G1 X117.383 Y99.066 E552.79903
G1 X117.414 Y99.07 E552.80006
G0 F9000 X117.309 Y98.574
;TYPE:FILL
G1 F1042.7 X113.467 Y94.732 E552.98078
G0 F9000 X113.697 Y94.701
G0 X113.934 Y95.897
G0 X113.722 Y95.986
G1 F1042.7 X114.869 Y91.705 E553.12819
G0 F9000 X115.011 Y91.888
G0 X114.217 Y92.799
G0 X114.036 Y92.661
G1 F1042.7 X119.275 Y91.257 E553.30859
G0 F9000 X119.19 Y91.466
G0 X118.039 Y91.075
G0 X118.068 Y90.847
G1 F1042.7 X121.201 Y93.98 E553.45595
G0 F9000 X120.973 Y94.01
G0 X120.581 Y92.871
G0 X120.792 Y92.783
G1 F1042.7 X119.388 Y98.024 E553.63642
G0 F9000 X119.248 Y97.844
G0 X120.161 Y97.048
G0 X120.339 Y97.183
G1 F1042.7 X116.068 Y98.328 E553.78349
G0 F9000 X116.268 Y97.838
G1 F1500 E547.28349
;MESH:dubelHinge.stl
G0 F9000 X117.411 Y98.839
G0 X117.562 Y99.921
G0 X117.601 Y100.791
G0 X117.468 Y101.877
G0 X117.529 Y109.728
G0 X117.53 Y110.038
;TYPE:WALL-INNER
G1 F1500 E553.78349
G1 F1042.7 X118.558 Y109.892 E553.81802
G1 X119.525 Y109.485 E553.85292
G1 X120.344 Y108.847 E553.88745
G1 X120.973 Y108.013 E553.92219
G1 X121.366 Y107.047 E553.95688
G1 X121.494 Y106.01 E553.99163
G1 X121.348 Y104.982 E554.02616
G1 X120.942 Y104.015 E554.06105
G1 X120.303 Y103.2 E554.09549
G1 X119.469 Y102.571 E554.13024
G1 X118.502 Y102.178 E554.16495
G1 X117.465 Y102.046 E554.19972
G1 X116.438 Y102.192 E554.23422
G1 X115.475 Y102.598 E554.26898
G1 X114.656 Y103.237 E554.30353
G1 X114.027 Y104.071 E554.33828
G1 X113.634 Y105.038 E554.37299
G1 X113.502 Y106.075 E554.40776
G1 X113.648 Y107.102 E554.44227
G1 X114.054 Y108.065 E554.47703
G1 X114.693 Y108.884 E554.51158
G1 X115.528 Y109.514 E554.54637
G1 X116.494 Y109.91 E554.58109
G1 X117.5 Y110.034 E554.6148
G1 X117.53 Y110.038 E554.61581
G0 F9000 X117.534 Y110.442
;TYPE:WALL-OUTER
G1 F1042.7 X118.666 Y110.281 E554.65384
G1 X119.729 Y109.833 E554.69221
G1 X120.632 Y109.13 E554.73027
G1 X121.324 Y108.212 E554.7685
G1 X121.756 Y107.149 E554.80667
G1 X121.898 Y106.006 E554.84498
G1 X121.737 Y104.874 E554.88301
G1 X121.29 Y103.811 E554.92136
G1 X120.586 Y102.912 E554.95934
G1 X119.668 Y102.22 E554.99757
G1 X118.604 Y101.788 E555.03577
G1 X117.462 Y101.642 E555.07406
G1 X116.33 Y101.803 E555.11209
G1 X115.271 Y102.25 E555.15032
G1 X114.368 Y102.954 E555.1884
G1 X113.676 Y103.872 E555.22664
G1 X113.244 Y104.936 E555.26484
G1 X113.098 Y106.078 E555.30313
G1 X113.259 Y107.21 E555.34116
G1 X113.706 Y108.269 E555.37939
G1 X114.41 Y109.172 E555.41747
G1 X115.328 Y109.864 E555.45571
G1 X116.392 Y110.3 E555.49395
G1 X117.5 Y110.438 E555.53109
G1 X117.534 Y110.442 E555.53223
G0 F9000 X117.429 Y109.945
;TYPE:FILL
G1 F1042.7 X113.587 Y106.103 E555.71294
G0 F9000 X113.818 Y106.072
G0 X114.054 Y107.27
G0 X113.843 Y107.358
G1 F1042.7 X114.99 Y103.077 E555.86035
G0 F9000 X115.132 Y103.26
G0 X114.338 Y104.17
G0 X114.157 Y104.032
G1 F1042.7 X119.396 Y102.628 E556.04075
G0 F9000 X119.311 Y102.838
G0 X118.159 Y102.447
G0 X118.188 Y102.219
G1 F1042.7 X121.32 Y105.351 E556.18807
G0 F9000 X121.094 Y105.381
G0 X120.702 Y104.242
G0 X120.913 Y104.154
G1 F1042.7 X119.508 Y109.396 E556.36857
G0 F9000 X119.368 Y109.216
G0 X120.284 Y108.418
G0 X120.463 Y108.554
G1 F1042.7 X116.188 Y109.699 E556.51577
G0 F9000 X116.387 Y109.21
G1 F1500 E550.01577
;MESH:NONMESH
G0 F300 X116.387 Y109.21 Z13.2
G0 F9000 X117.468 Y101.877
G0 X117.318 Y100.795
G0 X117.278 Y99.925
G0 X117.411 Y98.839
G0 X117.408 Y98.356
G0 X117.41 Y98.666
;TIME_ELAPSED:1107.320541
;LAYER:65
;note -- min layer time used
;TYPE:WALL-INNER
;MESH:dubelHinge.stl(1)
G1 F1500 E556.51577
G1 F1037.8 X118.438 Y98.521 E556.5503
G1 X119.401 Y98.114 E556.58508
G1 X120.22 Y97.475 E556.61963
G1 X120.849 Y96.641 E556.65437
G1 X121.242 Y95.674 E556.68909
G1 X121.374 Y94.637 E556.72386
G1 X121.228 Y93.61 E556.75836
G1 X120.822 Y92.647 E556.79312
G1 X120.183 Y91.828 E556.82767
G1 X119.348 Y91.2 E556.86242
G1 X118.382 Y90.806 E556.89712
G1 X117.345 Y90.674 E556.93189
G1 X116.318 Y90.82 E556.96639
G1 X115.351 Y91.226 E557.00127
G1 X114.536 Y91.865 E557.03571
G1 X113.906 Y92.7 E557.0705
G1 X113.51 Y93.666 E557.10523
G1 X113.382 Y94.702 E557.13995
G1 X113.528 Y95.73 E557.17448
G1 X113.935 Y96.697 E557.20938
G1 X114.573 Y97.516 E557.24391
G1 X115.407 Y98.145 E557.27865
G1 X116.373 Y98.538 E557.31334
G1 X117.382 Y98.663 E557.34715
G1 X117.41 Y98.666 E557.34809
G0 F9000 X117.414 Y99.07
;TYPE:WALL-OUTER
G1 F1037.8 X118.546 Y98.909 E557.38612
G1 X119.605 Y98.462 E557.42435
G1 X120.508 Y97.758 E557.46243
G1 X121.2 Y96.84 E557.50067
G1 X121.632 Y95.776 E557.53887
G1 X121.778 Y94.634 E557.57716
G1 X121.617 Y93.502 E557.61519
G1 X121.17 Y92.443 E557.65342
G1 X120.466 Y91.54 E557.6915
G1 X119.548 Y90.848 E557.72974
G1 X118.484 Y90.416 E557.76793
G1 X117.342 Y90.27 E557.80622
G1 X116.21 Y90.431 E557.84425
G1 X115.147 Y90.878 E557.88261
G1 X114.248 Y91.582 E557.92059
G1 X113.556 Y92.5 E557.95882
G1 X113.12 Y93.564 E557.99707
G1 X112.978 Y94.706 E558.03534
G1 X113.139 Y95.838 E558.07337
G1 X113.587 Y96.901 E558.11174
G1 X114.29 Y97.804 E558.1498
G1 X115.208 Y98.496 E558.18804
G1 X116.271 Y98.928 E558.2262
G1 X117.383 Y99.066 E558.26347
G1 X117.414 Y99.07 E558.26451
G0 F9000 X117.507 Y98.572
;TYPE:FILL
G1 F1037.8 X113.481 Y94.547 E558.45386
G0 F9000 X113.712 Y94.576
G0 X113.845 Y95.686
G0 X113.633 Y95.775
G1 F1037.8 X114.684 Y91.85 E558.589
G0 F9000 X114.826 Y92.033
G0 X114.149 Y92.919
G0 X113.938 Y92.833
G1 F1037.8 X119.43 Y91.361 E558.77811
G0 F9000 X119.293 Y91.541
G0 X118.267 Y91.103
G0 X118.296 Y90.876
G1 F1037.8 X121.168 Y93.748 E558.9132
G0 F9000 X120.94 Y93.778
G0 X120.512 Y92.752
G0 X120.692 Y92.612
G1 F1037.8 X119.22 Y98.104 E559.10232
G0 F9000 X119.133 Y97.894
G0 X120.024 Y97.23
G0 X120.202 Y97.366
G1 F1037.8 X116.284 Y98.416 E559.23723
G0 F9000 X116.484 Y97.925
G1 F1500 E552.73723
;MESH:dubelHinge.stl
G0 F9000 X117.411 Y98.839
G0 X117.562 Y99.921
G0 X117.601 Y100.791
G0 X117.468 Y101.877
G0 X117.529 Y109.728
G0 X117.53 Y110.038
;TYPE:WALL-INNER
G1 F1500 E559.23723
G1 F1037.8 X118.558 Y109.892 E559.27176
G1 X119.525 Y109.485 E559.30666
G1 X120.344 Y108.847 E559.34119
G1 X120.973 Y108.013 E559.37593
G1 X121.366 Y107.047 E559.41062
G1 X121.494 Y106.01 E559.44537
G1 X121.348 Y104.982 E559.4799
G1 X120.942 Y104.015 E559.51479
G1 X120.303 Y103.2 E559.54923
G1 X119.469 Y102.571 E559.58398
G1 X118.502 Y102.178 E559.61869
G1 X117.465 Y102.046 E559.65346
G1 X116.438 Y102.192 E559.68796
G1 X115.475 Y102.598 E559.72272
G1 X114.656 Y103.237 E559.75727
G1 X114.027 Y104.071 E559.79202
G1 X113.634 Y105.038 E559.82673
G1 X113.502 Y106.075 E559.8615
G1 X113.648 Y107.102 E559.896
G1 X114.054 Y108.065 E559.93076
G1 X114.693 Y108.884 E559.96531
G1 X115.528 Y109.514 E560.0001
G1 X116.494 Y109.91 E560.03483
G1 X117.5 Y110.034 E560.06854
G1 X117.53 Y110.038 E560.06955
G0 F9000 X117.534 Y110.442
;TYPE:WALL-OUTER
G1 F1037.8 X118.666 Y110.281 E560.10758
G1 X119.729 Y109.833 E560.14594
G1 X120.632 Y109.13 E560.18401
G1 X121.324 Y108.212 E560.22224
G1 X121.756 Y107.149 E560.26041
G1 X121.898 Y106.006 E560.29872
G1 X121.737 Y104.874 E560.33674
G1 X121.29 Y103.811 E560.3751
G1 X120.586 Y102.912 E560.41308
G1 X119.668 Y102.22 E560.45131
G1 X118.604 Y101.788 E560.48951
G1 X117.462 Y101.642 E560.5278
G1 X116.33 Y101.803 E560.56583
G1 X115.271 Y102.25 E560.60406
G1 X114.368 Y102.954 E560.64214
G1 X113.676 Y103.872 E560.68038
G1 X113.244 Y104.936 E560.71857
G1 X113.098 Y106.078 E560.75687
G1 X113.259 Y107.21 E560.7949
G1 X113.706 Y108.269 E560.83313
G1 X114.41 Y109.172 E560.87121
G1 X115.328 Y109.864 E560.90945
G1 X116.392 Y110.3 E560.94769
G1 X117.5 Y110.438 E560.98483
G1 X117.534 Y110.442 E560.98597
G0 F9000 X117.627 Y109.944
;TYPE:FILL
G1 F1037.8 X113.602 Y105.919 E561.17529
G0 F9000 X113.833 Y105.948
G0 X113.965 Y107.059
G0 X113.754 Y107.147
G1 F1037.8 X114.805 Y103.221 E561.31047
G0 F9000 X114.947 Y103.404
G0 X114.271 Y104.29
G0 X114.059 Y104.204
G1 F1037.8 X119.551 Y102.733 E561.49957
G0 F9000 X119.414 Y102.913
G0 X118.388 Y102.475
G0 X118.416 Y102.248
G1 F1037.8 X121.287 Y105.118 E561.63459
G0 F9000 X121.061 Y105.148
G0 X120.632 Y104.122
G0 X120.813 Y103.981
G1 F1037.8 X119.341 Y109.476 E561.8238
G0 F9000 X119.252 Y109.265
G0 X120.146 Y108.6
G0 X120.325 Y108.737
G1 F1037.8 X116.403 Y109.787 E561.95884
G0 F9000 X116.602 Y109.297
G1 F1500 E555.45884
;MESH:NONMESH
G0 F300 X116.602 Y109.297 Z13.4
G0 F9000 X117.468 Y101.877
G0 X117.318 Y100.795
G0 X117.278 Y99.925
G0 X117.411 Y98.839
G0 X117.408 Y98.356
G0 X117.41 Y98.666
;TIME_ELAPSED:1120.448935
;LAYER:66
;note -- min layer time used
;TYPE:WALL-INNER
;MESH:dubelHinge.stl(1)
G1 F1500 E561.95884
G1 F1024.2 X118.438 Y98.521 E561.99337
G1 X119.401 Y98.114 E562.02814
G1 X120.22 Y97.475 E562.06269
G1 X120.849 Y96.641 E562.09744
G1 X121.242 Y95.674 E562.13215
G1 X121.374 Y94.637 E562.16692
G1 X121.228 Y93.61 E562.20142
G1 X120.822 Y92.647 E562.23618
G1 X120.183 Y91.828 E562.27073
G1 X119.348 Y91.2 E562.30548
G1 X118.382 Y90.806 E562.34018
G1 X117.345 Y90.674 E562.37495
G1 X116.318 Y90.82 E562.40945
G1 X115.351 Y91.226 E562.44434
G1 X114.536 Y91.865 E562.47878
G1 X113.906 Y92.7 E562.51357
G1 X113.51 Y93.666 E562.5483
G1 X113.382 Y94.702 E562.58301
G1 X113.528 Y95.73 E562.61755
G1 X113.935 Y96.697 E562.65244
G1 X114.573 Y97.516 E562.68697
G1 X115.407 Y98.145 E562.72172
G1 X116.373 Y98.538 E562.7564
G1 X117.382 Y98.663 E562.79022
G1 X117.41 Y98.666 E562.79116
G0 F9000 X117.414 Y99.07
;TYPE:WALL-OUTER
G1 F1024.2 X118.546 Y98.909 E562.82919
G1 X119.605 Y98.462 E562.86742
G1 X120.508 Y97.758 E562.9055
G1 X121.2 Y96.84 E562.94374
G1 X121.632 Y95.776 E562.98193
G1 X121.778 Y94.634 E563.02022
G1 X121.617 Y93.502 E563.05825
G1 X121.17 Y92.443 E563.09648
G1 X120.466 Y91.54 E563.13457
G1 X119.548 Y90.848 E563.1728
G1 X118.484 Y90.416 E563.211
G1 X117.342 Y90.27 E563.24929
G1 X116.21 Y90.431 E563.28732
G1 X115.147 Y90.878 E563.32567
G1 X114.248 Y91.582 E563.36365
G1 X113.556 Y92.5 E563.40189
G1 X113.12 Y93.564 E563.44013
G1 X112.978 Y94.706 E563.47841
G1 X113.139 Y95.838 E563.51644
G1 X113.587 Y96.901 E563.5548
G1 X114.29 Y97.804 E563.59287
G1 X115.208 Y98.496 E563.6311
G1 X116.271 Y98.928 E563.66927
G1 X117.383 Y99.066 E563.70654
G1 X117.414 Y99.07 E563.70758
G0 F9000 X117.682 Y98.547
;TYPE:FILL
G1 F1024.2 X113.503 Y94.368 E563.90414
G0 F9000 X113.734 Y94.397
G0 X113.799 Y95.43
G0 X113.57 Y95.461
G1 F1024.2 X114.477 Y92.076 E564.0207
G0 F9000 X114.659 Y92.215
G0 X114.082 Y93.085
G0 X113.87 Y92.998
G1 F1024.2 X119.574 Y91.47 E564.2171
G0 F9000 X119.437 Y91.649
G0 X118.518 Y91.194
G0 X118.604 Y90.983
G1 F1024.2 X121.077 Y93.456 E564.33343
G0 F9000 X120.866 Y93.544
G0 X120.402 Y92.611
G0 X120.583 Y92.471
G1 F1024.2 X119.054 Y98.174 E564.52981
G0 F9000 X118.967 Y97.965
G0 X119.819 Y97.4
G0 X119.958 Y97.579
G1 F1024.2 X116.581 Y98.483 E564.64608
G0 F9000 X116.647 Y97.959
G1 F1500 E558.14608
;MESH:dubelHinge.stl
G0 F9000 X117.411 Y98.839
G0 X117.562 Y99.921
G0 X117.601 Y100.791
G0 X117.468 Y101.877
G0 X117.529 Y109.728
G0 X117.53 Y110.038
;TYPE:WALL-INNER
G1 F1500 E564.64608
G1 F1024.2 X118.558 Y109.892 E564.68062
G1 X119.525 Y109.485 E564.71551
G1 X120.344 Y108.847 E564.75004
G1 X120.973 Y108.013 E564.78479
G1 X121.366 Y107.047 E564.81947
G1 X121.494 Y106.01 E564.85422
G1 X121.348 Y104.982 E564.88876
G1 X120.942 Y104.015 E564.92364
G1 X120.303 Y103.2 E564.95809
G1 X119.469 Y102.571 E564.99283
G1 X118.502 Y102.178 E565.02755
G1 X117.465 Y102.046 E565.06232
G1 X116.438 Y102.192 E565.09682
G1 X115.475 Y102.598 E565.13158
G1 X114.656 Y103.237 E565.16613
G1 X114.027 Y104.071 E565.20087
G1 X113.634 Y105.038 E565.23559
G1 X113.502 Y106.075 E565.27036
G1 X113.648 Y107.102 E565.30486
G1 X114.054 Y108.065 E565.33962
G1 X114.693 Y108.884 E565.37417
G1 X115.528 Y109.514 E565.40896
G1 X116.494 Y109.91 E565.44368
G1 X117.5 Y110.034 E565.4774
G1 X117.53 Y110.038 E565.4784
G0 F9000 X117.534 Y110.442
;TYPE:WALL-OUTER
G1 F1024.2 X118.666 Y110.281 E565.51643
G1 X119.729 Y109.833 E565.5548
G1 X120.632 Y109.13 E565.59286
G1 X121.324 Y108.212 E565.6311
G1 X121.756 Y107.149 E565.66926
G1 X121.898 Y106.006 E565.70757
G1 X121.737 Y104.874 E565.7456
G1 X121.29 Y103.811 E565.78395
G1 X120.586 Y102.912 E565.82193
G1 X119.668 Y102.22 E565.86017
G1 X118.604 Y101.788 E565.89836
G1 X117.462 Y101.642 E565.93666
G1 X116.33 Y101.803 E565.97468
G1 X115.271 Y102.25 E566.01292
G1 X114.368 Y102.954 E566.051
G1 X113.676 Y103.872 E566.08924
G1 X113.244 Y104.936 E566.12743
G1 X113.098 Y106.078 E566.16572
G1 X113.259 Y107.21 E566.20375
G1 X113.706 Y108.269 E566.24198
G1 X114.41 Y109.172 E566.28007
G1 X115.328 Y109.864 E566.3183
G1 X116.392 Y110.3 E566.35655
G1 X117.5 Y110.438 E566.39368
G1 X117.534 Y110.442 E566.39482
G0 F9000 X117.803 Y109.919
;TYPE:FILL
G1 F1024.2 X113.625 Y105.741 E566.59134
G0 F9000 X113.855 Y105.77
G0 X113.92 Y106.802
G0 X113.69 Y106.833
G1 F1024.2 X114.598 Y103.446 E566.70797
G0 F9000 X114.78 Y103.585
G0 X114.204 Y104.455
G0 X113.992 Y104.369
G1 F1024.2 X119.695 Y102.841 E566.90435
G0 F9000 X119.558 Y103.021
G0 X118.638 Y102.565
G0 X118.724 Y102.354
G1 F1024.2 X121.197 Y104.828 E567.02069
G0 F9000 X120.987 Y104.915
G0 X120.523 Y103.982
G0 X120.704 Y103.842
G1 F1024.2 X119.175 Y109.546 E567.2171
G0 F9000 X119.086 Y109.335
G0 X119.942 Y108.77
G0 X120.081 Y108.949
G1 F1024.2 X116.698 Y109.856 E567.3336
G0 F9000 X116.764 Y109.33
G1 F1500 E560.8336
;MESH:NONMESH
G0 F300 X116.764 Y109.33 Z13.6
G0 F9000 X117.468 Y101.877
G0 X117.318 Y100.795
G0 X117.278 Y99.925
G0 X117.411 Y98.839
G0 X117.408 Y98.356
G0 X117.41 Y98.666
;TIME_ELAPSED:1133.561773
;LAYER:67
;note -- min layer time used
;TYPE:WALL-INNER
;MESH:dubelHinge.stl(1)
G1 F1500 E567.3336
G1 F1002.4 X118.438 Y98.521 E567.36813
G1 X119.401 Y98.114 E567.4029
G1 X120.22 Y97.475 E567.43745
G1 X120.849 Y96.641 E567.47219
G1 X121.242 Y95.674 E567.50691
G1 X121.374 Y94.637 E567.54168
G1 X121.228 Y93.61 E567.57618
G1 X120.822 Y92.647 E567.61094
G1 X120.183 Y91.828 E567.64549
G1 X119.348 Y91.2 E567.68024
G1 X118.382 Y90.806 E567.71494
G1 X117.345 Y90.674 E567.74971
G1 X116.318 Y90.82 E567.78421
G1 X115.351 Y91.226 E567.81909
G1 X114.536 Y91.865 E567.85354
G1 X113.906 Y92.7 E567.88833
G1 X113.51 Y93.666 E567.92305
G1 X113.382 Y94.702 E567.95777
G1 X113.528 Y95.73 E567.99231
G1 X113.935 Y96.697 E568.0272
G1 X114.573 Y97.516 E568.06173
G1 X115.407 Y98.145 E568.09648
G1 X116.373 Y98.538 E568.13116
G1 X117.382 Y98.663 E568.16498
G1 X117.41 Y98.666 E568.16592
G0 F9000 X117.414 Y99.07
;TYPE:WALL-OUTER
G1 F1002.4 X118.546 Y98.909 E568.20394
G1 X119.605 Y98.462 E568.24218
G1 X120.508 Y97.758 E568.28026
G1 X121.2 Y96.84 E568.3185
G1 X121.632 Y95.776 E568.35669
G1 X121.778 Y94.634 E568.39498
G1 X121.617 Y93.502 E568.43301
G1 X121.17 Y92.443 E568.47124
G1 X120.466 Y91.54 E568.50933
G1 X119.548 Y90.848 E568.54756
G1 X118.484 Y90.416 E568.58576
G1 X117.342 Y90.27 E568.62405
G1 X116.21 Y90.431 E568.66208
G1 X115.147 Y90.878 E568.70043
G1 X114.248 Y91.582 E568.73841
G1 X113.556 Y92.5 E568.77665
G1 X113.12 Y93.564 E568.81489
G1 X112.978 Y94.706 E568.85317
G1 X113.139 Y95.838 E568.8912
G1 X113.587 Y96.901 E568.92956
G1 X114.29 Y97.804 E568.96763
G1 X115.208 Y98.496 E569.00586
G1 X116.271 Y98.928 E569.04403
G1 X117.383 Y99.066 E569.08129
G1 X117.414 Y99.07 E569.08233
G0 F9000 X117.857 Y98.522
;TYPE:FILL
G1 F1002.4 X113.525 Y94.19 E569.2861
G0 F9000 X113.519 Y95.104
G1 F1002.4 X114.25 Y92.376 E569.38003
G0 F9000 X113.803 Y93.162
G1 F1002.4 X119.717 Y91.577 E569.58367
G0 F9000 X118.942 Y91.121
G1 F1002.4 X120.931 Y93.11 E569.67723
G0 F9000 X120.474 Y92.332
G1 F1002.4 X118.89 Y98.244 E569.8808
G0 F9000 X119.672 Y97.801
G1 F1002.4 X116.953 Y98.53 E569.97443
G0 F9000 X117.019 Y98.005
G1 F1500 E563.47443
;MESH:dubelHinge.stl
G0 F9000 X117.411 Y98.839
G0 X117.562 Y99.921
G0 X117.601 Y100.791
G0 X117.468 Y101.877
G0 X117.529 Y109.728
G0 X117.53 Y110.038
;TYPE:WALL-INNER
G1 F1500 E569.97443
G1 F1002.4 X118.558 Y109.892 E570.00896
G1 X119.525 Y109.485 E570.04386
G1 X120.344 Y108.847 E570.07839
G1 X120.973 Y108.013 E570.11313
G1 X121.366 Y107.047 E570.14782
G1 X121.494 Y106.01 E570.18257
G1 X121.348 Y104.982 E570.21711
G1 X120.942 Y104.015 E570.25199
G1 X120.303 Y103.2 E570.28643
G1 X119.469 Y102.571 E570.32118
G1 X118.502 Y102.178 E570.35589
G1 X117.465 Y102.046 E570.39066
G1 X116.438 Y102.192 E570.42516
G1 X115.475 Y102.598 E570.45992
G1 X114.656 Y103.237 E570.49447
G1 X114.027 Y104.071 E570.52922
G1 X113.634 Y105.038 E570.56394
G1 X113.502 Y106.075 E570.5987
G1 X113.648 Y107.102 E570.63321
G1 X114.054 Y108.065 E570.66797
G1 X114.693 Y108.884 E570.70252
G1 X115.528 Y109.514 E570.73731
G1 X116.494 Y109.91 E570.77203
G1 X117.5 Y110.034 E570.80574
G1 X117.53 Y110.038 E570.80675
G0 F9000 X117.534 Y110.442
;TYPE:WALL-OUTER
G1 F1002.4 X118.666 Y110.281 E570.84478
G1 X119.729 Y109.833 E570.88315
G1 X120.632 Y109.13 E570.92121
G1 X121.324 Y108.212 E570.95945
G1 X121.756 Y107.149 E570.99761
G1 X121.898 Y106.006 E571.03592
G1 X121.737 Y104.874 E571.07395
G1 X121.29 Y103.811 E571.1123
G1 X120.586 Y102.912 E571.15028
G1 X119.668 Y102.22 E571.18852
G1 X118.604 Y101.788 E571.22671
G1 X117.462 Y101.642 E571.265
G1 X116.33 Y101.803 E571.30303
G1 X115.271 Y102.25 E571.34126
G1 X114.368 Y102.954 E571.37935
G1 X113.676 Y103.872 E571.41758
G1 X113.244 Y104.936 E571.45578
G1 X113.098 Y106.078 E571.49407
G1 X113.259 Y107.21 E571.5321
G1 X113.706 Y108.269 E571.57033
G1 X114.41 Y109.172 E571.60841
G1 X115.328 Y109.864 E571.64665
G1 X116.392 Y110.3 E571.68489
G1 X117.5 Y110.438 E571.72203
G1 X117.534 Y110.442 E571.72317
G0 F9000 X117.978 Y109.894
;TYPE:FILL
G1 F1002.4 X113.648 Y105.564 E571.92684
G0 F9000 X113.64 Y106.477
G1 F1002.4 X114.372 Y103.746 E572.02088
G0 F9000 X113.926 Y104.533
G1 F1002.4 X119.837 Y102.949 E572.22442
G0 F9000 X119.061 Y102.492
G1 F1002.4 X121.052 Y104.484 E572.31809
G0 F9000 X120.595 Y103.703
G1 F1002.4 X119.011 Y109.615 E572.52166
G0 F9000 X119.797 Y109.171
G1 F1002.4 X117.071 Y109.902 E572.61553
G0 F9000 X117.137 Y109.377
G1 F1500 E566.11553
;MESH:NONMESH
G0 F300 X117.137 Y109.377 Z13.8
G0 F9000 X117.468 Y101.877
G0 X117.318 Y100.795
G0 X117.278 Y99.925
G0 X117.411 Y98.839
G0 X117.408 Y98.356
G0 X117.41 Y98.666
;TIME_ELAPSED:1146.193144
;LAYER:68
;note -- min layer time used
;TYPE:WALL-INNER
;MESH:dubelHinge.stl(1)
G1 F1500 E572.61553
G1 F983.2 X118.438 Y98.521 E572.65006
G1 X119.401 Y98.114 E572.68483
G1 X120.22 Y97.475 E572.71938
G1 X120.849 Y96.641 E572.75413
G1 X121.242 Y95.674 E572.78884
G1 X121.374 Y94.637 E572.82361
G1 X121.228 Y93.61 E572.85811
G1 X120.822 Y92.647 E572.89287
G1 X120.183 Y91.828 E572.92742
G1 X119.348 Y91.2 E572.96217
G1 X118.382 Y90.806 E572.99687
G1 X117.345 Y90.674 E573.03164
G1 X116.318 Y90.82 E573.06614
G1 X115.351 Y91.226 E573.10103
G1 X114.536 Y91.865 E573.13547
G1 X113.906 Y92.7 E573.17026
G1 X113.51 Y93.666 E573.20499
G1 X113.382 Y94.702 E573.23971
G1 X113.528 Y95.73 E573.27424
G1 X113.935 Y96.697 E573.30913
G1 X114.573 Y97.516 E573.34366
G1 X115.407 Y98.145 E573.37841
G1 X116.373 Y98.538 E573.41309
G1 X117.382 Y98.663 E573.44691
G1 X117.41 Y98.666 E573.44785
G0 F9000 X117.414 Y99.07
;TYPE:WALL-OUTER
G1 F983.2 X118.546 Y98.909 E573.48588
G1 X119.605 Y98.462 E573.52411
G1 X120.508 Y97.758 E573.56219
G1 X121.2 Y96.84 E573.60043
G1 X121.632 Y95.776 E573.63862
G1 X121.778 Y94.634 E573.67691
G1 X121.617 Y93.502 E573.71494
G1 X121.17 Y92.443 E573.75317
G1 X120.466 Y91.54 E573.79126
G1 X119.548 Y90.848 E573.82949
G1 X118.484 Y90.416 E573.86769
G1 X117.342 Y90.27 E573.90598
G1 X116.21 Y90.431 E573.94401
G1 X115.147 Y90.878 E573.98236
G1 X114.248 Y91.582 E574.02034
G1 X113.556 Y92.5 E574.05858
G1 X113.12 Y93.564 E574.09682
G1 X112.978 Y94.706 E574.1351
G1 X113.139 Y95.838 E574.17313
G1 X113.587 Y96.901 E574.21149
G1 X114.29 Y97.804 E574.24956
G1 X115.208 Y98.496 E574.28779
G1 X116.271 Y98.928 E574.32596
G1 X117.383 Y99.066 E574.36323
G1 X117.414 Y99.07 E574.36427
G0 F9000 X117.328 Y98.576
;TYPE:FILL
G1 F983.2 X119.384 Y98.025 E574.43506
G0 F9000 X118.724 Y98.313
G1 F983.2 X120.365 Y92.191 E574.64587
G0 F9000 X120.784 Y92.763
G1 F983.2 X119.282 Y91.261 E574.71652
G0 F9000 X119.861 Y91.686
G1 F983.2 X113.735 Y93.327 E574.92745
G0 F9000 X114.022 Y92.678
G1 F983.2 X113.469 Y94.744 E574.99859
G0 F9000 X113.548 Y94.012
G1 F983.2 X118.033 Y98.497 E575.20955
G0 F9000 X117.962 Y97.974
G1 F1500 E568.70955
;MESH:dubelHinge.stl
G0 F9000 X117.411 Y98.839
G0 X117.562 Y99.921
G0 X117.601 Y100.791
G0 X117.468 Y101.877
G0 X117.529 Y109.728
G0 X117.53 Y110.038
;TYPE:WALL-INNER
G1 F1500 E575.20955
G1 F983.2 X118.558 Y109.892 E575.24408
G1 X119.525 Y109.485 E575.27898
G1 X120.344 Y108.847 E575.31351
G1 X120.973 Y108.013 E575.34825
G1 X121.366 Y107.047 E575.38294
G1 X121.494 Y106.01 E575.41769
G1 X121.348 Y104.982 E575.45222
G1 X120.942 Y104.015 E575.48711
G1 X120.303 Y103.2 E575.52155
G1 X119.469 Y102.571 E575.5563
G1 X118.502 Y102.178 E575.59101
G1 X117.465 Y102.046 E575.62578
G1 X116.438 Y102.192 E575.66028
G1 X115.475 Y102.598 E575.69504
G1 X114.656 Y103.237 E575.72959
G1 X114.027 Y104.071 E575.76434
G1 X113.634 Y105.038 E575.79905
G1 X113.502 Y106.075 E575.83382
G1 X113.648 Y107.102 E575.86833
G1 X114.054 Y108.065 E575.90309
G1 X114.693 Y108.884 E575.93764
G1 X115.528 Y109.514 E575.97243
G1 X116.494 Y109.91 E576.00715
G1 X117.5 Y110.034 E576.04086
G1 X117.53 Y110.038 E576.04187
G0 F9000 X117.534 Y110.442
;TYPE:WALL-OUTER
G1 F983.2 X118.666 Y110.281 E576.0799
G1 X119.729 Y109.833 E576.11827
G1 X120.632 Y109.13 E576.15633
G1 X121.324 Y108.212 E576.19456
G1 X121.756 Y107.149 E576.23273
G1 X121.898 Y106.006 E576.27104
G1 X121.737 Y104.874 E576.30907
G1 X121.29 Y103.811 E576.34742
G1 X120.586 Y102.912 E576.3854
G1 X119.668 Y102.22 E576.42363
G1 X118.604 Y101.788 E576.46183
G1 X117.462 Y101.642 E576.50012
G1 X116.33 Y101.803 E576.53815
G1 X115.271 Y102.25 E576.57638
G1 X114.368 Y102.954 E576.61446
G1 X113.676 Y103.872 E576.6527
G1 X113.244 Y104.936 E576.6909
G1 X113.098 Y106.078 E576.72919
G1 X113.259 Y107.21 E576.76722
G1 X113.706 Y108.269 E576.80545
G1 X114.41 Y109.172 E576.84353
G1 X115.328 Y109.864 E576.88177
G1 X116.392 Y110.3 E576.92001
G1 X117.5 Y110.438 E576.95715
G1 X117.534 Y110.442 E576.95829
G0 F9000 X117.447 Y109.948
;TYPE:FILL
G1 F983.2 X119.51 Y109.395 E577.02933
G0 F9000 X118.845 Y109.686
G1 F983.2 X120.485 Y103.563 E577.24016
G0 F9000 X120.906 Y104.136
G1 F983.2 X119.4 Y102.63 E577.31099
G0 F9000 X119.981 Y103.057
G1 F983.2 X113.858 Y104.698 E577.52183
G0 F9000 X114.144 Y104.049
G1 F983.2 X113.589 Y106.117 E577.59305
G0 F9000 X113.67 Y105.386
G1 F983.2 X118.153 Y109.869 E577.80391
G0 F9000 X118.082 Y109.346
G1 F1500 E571.30391
;MESH:NONMESH
G0 F300 X118.082 Y109.346 Z14
G0 F9000 X117.468 Y101.877
G0 X117.318 Y100.795
G0 X117.278 Y99.925
G0 X117.411 Y98.839
G0 X117.408 Y98.356
G0 X117.41 Y98.666
;TIME_ELAPSED:1158.759246
;LAYER:69
;note -- min layer time used
;TYPE:WALL-INNER
;MESH:dubelHinge.stl(1)
G1 F1500 E577.80391
G1 F919.2 X118.438 Y98.521 E577.83844
G1 X119.401 Y98.114 E577.87322
G1 X120.22 Y97.475 E577.90777
G1 X120.849 Y96.641 E577.94251
G1 X121.242 Y95.674 E577.97723
G1 X121.374 Y94.637 E578.012
G1 X121.228 Y93.61 E578.0465
G1 X120.822 Y92.647 E578.08126
G1 X120.183 Y91.828 E578.11581
G1 X119.348 Y91.2 E578.15056
G1 X118.382 Y90.806 E578.18526
G1 X117.345 Y90.674 E578.22003
G1 X116.318 Y90.82 E578.25453
G1 X115.351 Y91.226 E578.28941
G1 X114.536 Y91.865 E578.32386
G1 X113.906 Y92.7 E578.35865
G1 X113.51 Y93.666 E578.39337
G1 X113.382 Y94.702 E578.42809
G1 X113.528 Y95.73 E578.46263
G1 X113.935 Y96.697 E578.49752
G1 X114.573 Y97.516 E578.53205
G1 X115.407 Y98.145 E578.56679
G1 X116.373 Y98.538 E578.60148
G1 X117.382 Y98.663 E578.6353
G1 X117.41 Y98.666 E578.63623
G0 F9000 X117.414 Y99.07
;TYPE:WALL-OUTER
G1 F919.2 X118.546 Y98.909 E578.67426
G1 X119.605 Y98.462 E578.71249
G1 X120.508 Y97.758 E578.75058
G1 X121.2 Y96.84 E578.78881
G1 X121.632 Y95.776 E578.82701
G1 X121.778 Y94.634 E578.8653
G1 X121.617 Y93.502 E578.90333
G1 X121.17 Y92.443 E578.94156
G1 X120.466 Y91.54 E578.97964
G1 X119.548 Y90.848 E579.01788
G1 X118.484 Y90.416 E579.05607
G1 X117.342 Y90.27 E579.09437
G1 X116.21 Y90.431 E579.1324
G1 X115.147 Y90.878 E579.17075
G1 X114.248 Y91.582 E579.20873
G1 X113.556 Y92.5 E579.24696
G1 X113.12 Y93.564 E579.28521
G1 X112.978 Y94.706 E579.32348
G1 X113.139 Y95.838 E579.36151
G1 X113.587 Y96.901 E579.39988
G1 X114.29 Y97.804 E579.43794
G1 X115.208 Y98.496 E579.47618
G1 X116.271 Y98.928 E579.51434
G1 X117.383 Y99.066 E579.55161
G1 X117.414 Y99.07 E579.55265
G0 F9000 X118.207 Y98.472
;TYPE:FILL
G1 F919.2 X113.57 Y93.834 E579.77078
G1 X113.572 Y93.814
G1 X113.642 Y93.554 E579.77974
G1 X113.668 Y93.491
G1 X120.005 Y91.793 E579.99794
G1 X120.048 Y91.827
G1 X120.198 Y91.977 E580.005
G1 X120.256 Y92.052
G1 X118.559 Y98.383 E580.223
G1 X118.496 Y98.409
G1 X118.317 Y98.457 E580.22917
G0 F9000 X118.246 Y97.934
G1 F1500 E573.72917
;MESH:dubelHinge.stl
G0 F9000 X117.411 Y98.839
G0 X117.562 Y99.921
G0 X117.601 Y100.791
G0 X117.468 Y101.877
G0 X117.529 Y109.728
G0 X117.53 Y110.038
;TYPE:WALL-INNER
G1 F1500 E580.22917
G1 F919.2 X118.558 Y109.892 E580.2637
G1 X119.525 Y109.485 E580.2986
G1 X120.344 Y108.847 E580.33313
G1 X120.973 Y108.013 E580.36787
G1 X121.366 Y107.047 E580.40256
G1 X121.494 Y106.01 E580.43731
G1 X121.348 Y104.982 E580.47184
G1 X120.942 Y104.015 E580.50673
G1 X120.303 Y103.2 E580.54117
G1 X119.469 Y102.571 E580.57592
G1 X118.502 Y102.178 E580.61063
G1 X117.465 Y102.046 E580.6454
G1 X116.438 Y102.192 E580.6799
G1 X115.475 Y102.598 E580.71466
G1 X114.656 Y103.237 E580.74921
G1 X114.027 Y104.071 E580.78396
G1 X113.634 Y105.038 E580.81867
G1 X113.502 Y106.075 E580.85344
G1 X113.648 Y107.102 E580.88795
G1 X114.054 Y108.065 E580.9227
G1 X114.693 Y108.884 E580.95726
G1 X115.528 Y109.514 E580.99205
G1 X116.494 Y109.91 E581.02677
G1 X117.5 Y110.034 E581.06048
G1 X117.53 Y110.038 E581.06149
G0 F9000 X117.534 Y110.442
;TYPE:WALL-OUTER
G1 F919.2 X118.666 Y110.281 E581.09952
G1 X119.729 Y109.833 E581.13789
G1 X120.632 Y109.13 E581.17595
G1 X121.324 Y108.212 E581.21418
G1 X121.756 Y107.149 E581.25235
G1 X121.898 Y106.006 E581.29066
G1 X121.737 Y104.874 E581.32869
G1 X121.29 Y103.811 E581.36704
G1 X120.586 Y102.912 E581.40502
G1 X119.668 Y102.22 E581.44325
G1 X118.604 Y101.788 E581.48145
G1 X117.462 Y101.642 E581.51974
G1 X116.33 Y101.803 E581.55777
G1 X115.271 Y102.25 E581.596
G1 X114.368 Y102.954 E581.63408
G1 X113.676 Y103.872 E581.67232
G1 X113.244 Y104.936 E581.71051
G1 X113.098 Y106.078 E581.74881
G1 X113.259 Y107.21 E581.78684
G1 X113.706 Y108.269 E581.82507
G1 X114.41 Y109.172 E581.86315
G1 X115.328 Y109.864 E581.90139
G1 X116.392 Y110.3 E581.93963
G1 X117.5 Y110.438 E581.97677
G1 X117.534 Y110.442 E581.97791
G0 F9000 X118.328 Y109.844
;TYPE:FILL
G1 F919.2 X113.693 Y105.209 E582.19592
G1 X113.698 Y105.167
G1 X113.757 Y104.945 E582.20356
G1 X113.792 Y104.862
G1 X120.124 Y103.165 E582.4216
G1 X120.167 Y103.198
G1 X120.319 Y103.35 E582.42875
G1 X120.377 Y103.424
G1 X118.68 Y109.756 E582.64678
G1 X118.624 Y109.779
G1 X118.431 Y109.83 E582.65342
G0 F9000 X118.36 Y109.307
G1 F1500 E576.15342
;MESH:NONMESH
G0 F300 X118.36 Y109.307 Z14.2
G0 F9000 X117.468 Y101.877
G0 X117.318 Y100.795
G0 X117.278 Y99.925
G0 X117.411 Y98.839
G0 X117.408 Y98.356
G0 X117.41 Y98.666
;TIME_ELAPSED:1170.660633
;LAYER:70
;note -- min layer time used
;TYPE:WALL-INNER
;MESH:dubelHinge.stl(1)
G1 F1500 E582.65342
G1 F916.2 X118.438 Y98.521 E582.68795
G1 X119.401 Y98.114 E582.72273
G1 X120.22 Y97.475 E582.75728
G1 X120.849 Y96.641 E582.79202
G1 X121.242 Y95.674 E582.82674
G1 X121.374 Y94.637 E582.86151
G1 X121.228 Y93.61 E582.89601
G1 X120.822 Y92.647 E582.93077
G1 X120.183 Y91.828 E582.96532
G1 X119.348 Y91.2 E583.00007
G1 X118.382 Y90.806 E583.03477
G1 X117.345 Y90.674 E583.06954
G1 X116.318 Y90.82 E583.10404
G1 X115.351 Y91.226 E583.13892
G1 X114.536 Y91.865 E583.17337
G1 X113.906 Y92.7 E583.20816
G1 X113.51 Y93.666 E583.24288
G1 X113.382 Y94.702 E583.2776
G1 X113.528 Y95.73 E583.31213
G1 X113.935 Y96.697 E583.34703
G1 X114.573 Y97.516 E583.38156
G1 X115.407 Y98.145 E583.4163
G1 X116.373 Y98.538 E583.45099
G1 X117.382 Y98.663 E583.48481
G1 X117.41 Y98.666 E583.48574
G0 F9000 X117.414 Y99.07
;TYPE:WALL-OUTER
G1 F916.2 X118.546 Y98.909 E583.52377
G1 X119.605 Y98.462 E583.562
G1 X120.508 Y97.758 E583.60009
G1 X121.2 Y96.84 E583.63832
G1 X121.632 Y95.776 E583.67652
G1 X121.778 Y94.634 E583.71481
G1 X121.617 Y93.502 E583.75284
G1 X121.17 Y92.443 E583.79107
G1 X120.466 Y91.54 E583.82915
G1 X119.548 Y90.848 E583.86739
G1 X118.484 Y90.416 E583.90558
G1 X117.342 Y90.27 E583.94387
G1 X116.21 Y90.431 E583.9819
G1 X115.147 Y90.878 E584.02026
G1 X114.248 Y91.582 E584.05824
G1 X113.556 Y92.5 E584.09647
G1 X113.12 Y93.564 E584.13472
G1 X112.978 Y94.706 E584.17299
G1 X113.139 Y95.838 E584.21102
G1 X113.587 Y96.901 E584.24939
G1 X114.29 Y97.804 E584.28745
G1 X115.208 Y98.496 E584.32569
G1 X116.271 Y98.928 E584.36385
G1 X117.383 Y99.066 E584.40112
G1 X117.414 Y99.07 E584.40216
G0 F9000 X117.408 Y98.356
G0 X118.352 Y98.222
G0 X118.382 Y98.447
;TYPE:FILL
G1 F916.2 X113.597 Y93.663 E584.62721
G1 X113.601 Y93.655
G1 X120.141 Y91.903 E584.8524
G1 X120.147 Y91.912
G1 X118.397 Y98.446 E585.07738
G0 F9000 X118.322 Y97.912
G1 F1500 E578.57738
;MESH:dubelHinge.stl
G0 F9000 X117.411 Y98.839
G0 X117.562 Y99.921
G0 X117.601 Y100.791
G0 X117.468 Y101.877
G0 X117.529 Y109.728
G0 X117.53 Y110.038
;TYPE:WALL-INNER
G1 F1500 E585.07738
G1 F916.2 X118.558 Y109.892 E585.11192
G1 X119.525 Y109.485 E585.14681
G1 X120.344 Y108.847 E585.18134
G1 X120.973 Y108.013 E585.21608
G1 X121.366 Y107.047 E585.25077
G1 X121.494 Y106.01 E585.28552
G1 X121.348 Y104.982 E585.32006
G1 X120.942 Y104.015 E585.35494
G1 X120.303 Y103.2 E585.38938
G1 X119.469 Y102.571 E585.42413
G1 X118.502 Y102.178 E585.45885
G1 X117.465 Y102.046 E585.49361
G1 X116.438 Y102.192 E585.52812
G1 X115.475 Y102.598 E585.56288
G1 X114.656 Y103.237 E585.59743
G1 X114.027 Y104.071 E585.63217
G1 X113.634 Y105.038 E585.66689
G1 X113.502 Y106.075 E585.70166
G1 X113.648 Y107.102 E585.73616
G1 X114.054 Y108.065 E585.77092
G1 X114.693 Y108.884 E585.80547
G1 X115.528 Y109.514 E585.84026
G1 X116.494 Y109.91 E585.87498
G1 X117.5 Y110.034 E585.9087
G1 X117.53 Y110.038 E585.9097
G0 F9000 X117.534 Y110.442
;TYPE:WALL-OUTER
G1 F916.2 X118.666 Y110.281 E585.94773
G1 X119.729 Y109.833 E585.9861
G1 X120.632 Y109.13 E586.02416
G1 X121.324 Y108.212 E586.0624
G1 X121.756 Y107.149 E586.10056
G1 X121.898 Y106.006 E586.13887
G1 X121.737 Y104.874 E586.1769
G1 X121.29 Y103.811 E586.21525
G1 X120.586 Y102.912 E586.25323
G1 X119.668 Y102.22 E586.29147
G1 X118.604 Y101.788 E586.32966
G1 X117.462 Y101.642 E586.36795
G1 X116.33 Y101.803 E586.40598
G1 X115.271 Y102.25 E586.44421
G1 X114.368 Y102.954 E586.4823
G1 X113.676 Y103.872 E586.52053
G1 X113.244 Y104.936 E586.55873
G1 X113.098 Y106.078 E586.59702
G1 X113.259 Y107.21 E586.63505
G1 X113.706 Y108.269 E586.67328
G1 X114.41 Y109.172 E586.71136
G1 X115.328 Y109.864 E586.7496
G1 X116.392 Y110.3 E586.78784
G1 X117.5 Y110.438 E586.82498
G1 X117.534 Y110.442 E586.82612
G0 F9000 X117.529 Y109.728
G0 X118.473 Y109.594
G0 X118.503 Y109.819
;TYPE:FILL
G1 F916.2 X113.72 Y105.037 E587.05107
G1 X113.726 Y105.025
G1 X120.261 Y103.274 E587.2761
G1 X120.268 Y103.285
G1 X118.517 Y109.818 E587.50105
G0 F9000 X118.441 Y109.283
G1 F1500 E581.00105
;MESH:NONMESH
G0 F300 X118.441 Y109.283 Z14.4
G0 F9000 X117.468 Y101.877
G0 X117.318 Y100.795
G0 X117.278 Y99.925
G0 X117.411 Y98.839
G0 X117.408 Y98.356
G0 X117.41 Y98.666
;TIME_ELAPSED:1182.704160
;LAYER:71
;note -- min layer time used
;TYPE:WALL-INNER
;MESH:dubelHinge.stl(1)
G1 F1500 E587.50105
G1 F921.3 X118.438 Y98.521 E587.53558
G1 X119.401 Y98.114 E587.57036
G1 X120.22 Y97.475 E587.60491
G1 X120.849 Y96.641 E587.63965
G1 X121.242 Y95.674 E587.67437
G1 X121.374 Y94.637 E587.70914
G1 X121.228 Y93.61 E587.74364
G1 X120.822 Y92.647 E587.7784
G1 X120.183 Y91.828 E587.81295
G1 X119.348 Y91.2 E587.8477
G1 X118.382 Y90.806 E587.8824
G1 X117.345 Y90.674 E587.91717
G1 X116.318 Y90.82 E587.95167
G1 X115.351 Y91.226 E587.98655
G1 X114.536 Y91.865 E588.021
G1 X113.906 Y92.7 E588.05579
G1 X113.51 Y93.666 E588.09051
G1 X113.382 Y94.702 E588.12523
G1 X113.528 Y95.73 E588.15976
G1 X113.935 Y96.697 E588.19466
G1 X114.573 Y97.516 E588.22919
G1 X115.407 Y98.145 E588.26393
G1 X116.373 Y98.538 E588.29862
G1 X117.382 Y98.663 E588.33244
G1 X117.41 Y98.666 E588.33337
G0 F9000 X117.414 Y99.07
;TYPE:WALL-OUTER
G1 F921.3 X118.546 Y98.909 E588.3714
G1 X119.605 Y98.462 E588.40963
G1 X120.508 Y97.758 E588.44772
G1 X121.2 Y96.84 E588.48595
G1 X121.632 Y95.776 E588.52415
G1 X121.778 Y94.634 E588.56244
G1 X121.617 Y93.502 E588.60047
G1 X121.17 Y92.443 E588.6387
G1 X120.466 Y91.54 E588.67678
G1 X119.548 Y90.848 E588.71502
G1 X118.484 Y90.416 E588.75321
G1 X117.342 Y90.27 E588.79151
G1 X116.21 Y90.431 E588.82953
G1 X115.147 Y90.878 E588.86789
G1 X114.248 Y91.582 E588.90587
G1 X113.556 Y92.5 E588.9441
G1 X113.12 Y93.564 E588.98235
G1 X112.978 Y94.706 E589.02062
G1 X113.139 Y95.838 E589.05865
G1 X113.587 Y96.901 E589.09702
G1 X114.29 Y97.804 E589.13508
G1 X115.208 Y98.496 E589.17332
G1 X116.271 Y98.928 E589.21148
G1 X117.383 Y99.066 E589.24875
G1 X117.414 Y99.07 E589.24979
G0 F9000 X117.408 Y98.356
G0 X118.214 Y98.242
G0 X118.244 Y98.468
;TYPE:FILL
G1 F921.3 X120.027 Y91.812 E589.47898
G0 F9000 X120.236 Y92.024
G1 F921.3 X113.574 Y93.809 E589.70837
G0 F9000 X113.655 Y93.52
G1 F921.3 X118.529 Y98.394 E589.93763
G0 F9000 X118.327 Y97.91
G1 F1500 E583.43763
;MESH:dubelHinge.stl
G0 F9000 X117.411 Y98.839
G0 X117.562 Y99.921
G0 X117.601 Y100.791
G0 X117.468 Y101.877
G0 X117.529 Y109.728
G0 X117.53 Y110.038
;TYPE:WALL-INNER
G1 F1500 E589.93763
G1 F921.3 X118.558 Y109.892 E589.97216
G1 X119.525 Y109.485 E590.00706
G1 X120.344 Y108.847 E590.04159
G1 X120.973 Y108.013 E590.07633
G1 X121.366 Y107.047 E590.11102
G1 X121.494 Y106.01 E590.14577
G1 X121.348 Y104.982 E590.1803
G1 X120.942 Y104.015 E590.21519
G1 X120.303 Y103.2 E590.24963
G1 X119.469 Y102.571 E590.28438
G1 X118.502 Y102.178 E590.31909
G1 X117.465 Y102.046 E590.35386
G1 X116.438 Y102.192 E590.38836
G1 X115.475 Y102.598 E590.42312
G1 X114.656 Y103.237 E590.45767
G1 X114.027 Y104.071 E590.49242
G1 X113.634 Y105.038 E590.52713
G1 X113.502 Y106.075 E590.5619
G1 X113.648 Y107.102 E590.59641
G1 X114.054 Y108.065 E590.63117
G1 X114.693 Y108.884 E590.66572
G1 X115.528 Y109.514 E590.70051
G1 X116.494 Y109.91 E590.73523
G1 X117.5 Y110.034 E590.76894
G1 X117.53 Y110.038 E590.76995
G0 F9000 X117.534 Y110.442
;TYPE:WALL-OUTER
G1 F921.3 X118.666 Y110.281 E590.80798
G1 X119.729 Y109.833 E590.84635
G1 X120.632 Y109.13 E590.88441
G1 X121.324 Y108.212 E590.92264
G1 X121.756 Y107.149 E590.96081
G1 X121.898 Y106.006 E590.99912
G1 X121.737 Y104.874 E591.03715
G1 X121.29 Y103.811 E591.0755
G1 X120.586 Y102.912 E591.11348
G1 X119.668 Y102.22 E591.15171
G1 X118.604 Y101.788 E591.18991
G1 X117.462 Y101.642 E591.2282
G1 X116.33 Y101.803 E591.26623
G1 X115.271 Y102.25 E591.30446
G1 X114.368 Y102.954 E591.34254
G1 X113.676 Y103.872 E591.38078
G1 X113.244 Y104.936 E591.41898
G1 X113.098 Y106.078 E591.45727
G1 X113.259 Y107.21 E591.4953
G1 X113.706 Y108.269 E591.53353
G1 X114.41 Y109.172 E591.57161
G1 X115.328 Y109.864 E591.60985
G1 X116.392 Y110.3 E591.64809
G1 X117.5 Y110.438 E591.68523
G1 X117.534 Y110.442 E591.68637
G0 F9000 X117.529 Y109.728
G0 X118.334 Y109.614
G0 X118.364 Y109.841
;TYPE:FILL
G1 F921.3 X120.148 Y103.184 E591.91559
G0 F9000 X120.356 Y103.396
G1 F921.3 X113.697 Y105.18 E592.14488
G0 F9000 X113.778 Y104.894
G1 F921.3 X118.65 Y109.766 E592.37405
G0 F9000 X118.445 Y109.281
G1 F1500 E585.87405
;MESH:NONMESH
G0 F300 X118.445 Y109.281 Z14.6
G0 F9000 X117.468 Y101.877
G0 X117.318 Y100.795
G0 X117.278 Y99.925
G0 X117.411 Y98.839
G0 X117.408 Y98.356
G0 X117.41 Y98.666
;TIME_ELAPSED:1194.907482
;LAYER:72
;note -- min layer time used
;TYPE:WALL-INNER
;MESH:dubelHinge.stl(1)
G1 F1500 E592.37405
G1 F925.5 X118.438 Y98.521 E592.40858
G1 X119.401 Y98.114 E592.44335
G1 X120.22 Y97.475 E592.4779
G1 X120.849 Y96.641 E592.51264
G1 X121.242 Y95.674 E592.54736
G1 X121.374 Y94.637 E592.58213
G1 X121.228 Y93.61 E592.61663
G1 X120.822 Y92.647 E592.65139
G1 X120.183 Y91.828 E592.68594
G1 X119.348 Y91.2 E592.72069
G1 X118.382 Y90.806 E592.75539
G1 X117.345 Y90.674 E592.79016
G1 X116.318 Y90.82 E592.82466
G1 X115.351 Y91.226 E592.85954
G1 X114.536 Y91.865 E592.89399
G1 X113.906 Y92.7 E592.92878
G1 X113.51 Y93.666 E592.9635
G1 X113.382 Y94.702 E592.99822
G1 X113.528 Y95.73 E593.03276
G1 X113.935 Y96.697 E593.06765
G1 X114.573 Y97.516 E593.10218
G1 X115.407 Y98.145 E593.13693
G1 X116.373 Y98.538 E593.17161
G1 X117.382 Y98.663 E593.20543
G1 X117.41 Y98.666 E593.20636
G0 F9000 X117.414 Y99.07
;TYPE:WALL-OUTER
G1 F925.5 X118.546 Y98.909 E593.24439
G1 X119.605 Y98.462 E593.28263
G1 X120.508 Y97.758 E593.32071
G1 X121.2 Y96.84 E593.35894
G1 X121.632 Y95.776 E593.39714
G1 X121.778 Y94.634 E593.43543
G1 X121.617 Y93.502 E593.47346
G1 X121.17 Y92.443 E593.51169
G1 X120.466 Y91.54 E593.54978
G1 X119.548 Y90.848 E593.58801
G1 X118.484 Y90.416 E593.62621
G1 X117.342 Y90.27 E593.6645
G1 X116.21 Y90.431 E593.70253
G1 X115.147 Y90.878 E593.74088
G1 X114.248 Y91.582 E593.77886
G1 X113.556 Y92.5 E593.8171
G1 X113.12 Y93.564 E593.85534
G1 X112.978 Y94.706 E593.89362
G1 X113.139 Y95.838 E593.93165
G1 X113.587 Y96.901 E593.97001
G1 X114.29 Y97.804 E594.00807
G1 X115.208 Y98.496 E594.04631
G1 X116.271 Y98.928 E594.08447
G1 X117.383 Y99.066 E594.12174
G1 X117.414 Y99.07 E594.12278
G0 F9000 X118.092 Y98.489
;TYPE:FILL
G1 F925.5 X119.906 Y91.72 E594.35586
G0 F9000 X120.33 Y92.145
G1 F925.5 X113.555 Y93.96 E594.58915
G0 F9000 X113.713 Y93.378
G1 F925.5 X118.67 Y98.335 E594.82231
G0 F9000 X118.468 Y97.85
G1 F1500 E588.32231
;MESH:dubelHinge.stl
G0 F9000 X117.411 Y98.839
G0 X117.562 Y99.921
G0 X117.601 Y100.791
G0 X117.468 Y101.877
G0 X117.529 Y109.728
G0 X117.53 Y110.038
;TYPE:WALL-INNER
G1 F1500 E594.82231
G1 F925.5 X118.558 Y109.892 E594.85684
G1 X119.525 Y109.485 E594.89174
G1 X120.344 Y108.847 E594.92627
G1 X120.973 Y108.013 E594.96101
G1 X121.366 Y107.047 E594.9957
G1 X121.494 Y106.01 E595.03045
G1 X121.348 Y104.982 E595.06499
G1 X120.942 Y104.015 E595.09987
G1 X120.303 Y103.2 E595.13431
G1 X119.469 Y102.571 E595.16906
G1 X118.502 Y102.178 E595.20378
G1 X117.465 Y102.046 E595.23854
G1 X116.438 Y102.192 E595.27305
G1 X115.475 Y102.598 E595.30781
G1 X114.656 Y103.237 E595.34236
G1 X114.027 Y104.071 E595.3771
G1 X113.634 Y105.038 E595.41182
G1 X113.502 Y106.075 E595.44659
G1 X113.648 Y107.102 E595.48109
G1 X114.054 Y108.065 E595.51585
G1 X114.693 Y108.884 E595.5504
G1 X115.528 Y109.514 E595.58519
G1 X116.494 Y109.91 E595.61991
G1 X117.5 Y110.034 E595.65363
G1 X117.53 Y110.038 E595.65463
G0 F9000 X117.534 Y110.442
;TYPE:WALL-OUTER
G1 F925.5 X118.666 Y110.281 E595.69266
G1 X119.729 Y109.833 E595.73103
G1 X120.632 Y109.13 E595.76909
G1 X121.324 Y108.212 E595.80733
G1 X121.756 Y107.149 E595.84549
G1 X121.898 Y106.006 E595.8838
G1 X121.737 Y104.874 E595.92183
G1 X121.29 Y103.811 E595.96018
G1 X120.586 Y102.912 E595.99816
G1 X119.668 Y102.22 E596.0364
G1 X118.604 Y101.788 E596.07459
G1 X117.462 Y101.642 E596.11288
G1 X116.33 Y101.803 E596.15091
G1 X115.271 Y102.25 E596.18914
G1 X114.368 Y102.954 E596.22723
G1 X113.676 Y103.872 E596.26546
G1 X113.244 Y104.936 E596.30366
G1 X113.098 Y106.078 E596.34195
G1 X113.259 Y107.21 E596.37998
G1 X113.706 Y108.269 E596.41821
G1 X114.41 Y109.172 E596.45629
G1 X115.328 Y109.864 E596.49453
G1 X116.392 Y110.3 E596.53277
G1 X117.5 Y110.438 E596.56991
G1 X117.534 Y110.442 E596.57105
G0 F9000 X118.213 Y109.862
;TYPE:FILL
G1 F925.5 X120.027 Y103.092 E596.80416
G0 F9000 X120.45 Y103.516
G1 F925.5 X113.678 Y105.331 E597.03735
G0 F9000 X113.836 Y104.752
G1 F925.5 X118.79 Y109.707 E597.2704
G0 F9000 X118.585 Y109.222
G1 F1500 E590.7704
;MESH:NONMESH
G0 F300 X118.585 Y109.222 Z14.8
G0 F9000 X117.468 Y101.877
G0 X117.318 Y100.795
G0 X117.278 Y99.925
G0 X117.411 Y98.839
G0 X117.408 Y98.356
G0 X117.41 Y98.666
;TIME_ELAPSED:1207.052246
;LAYER:73
;note -- min layer time used
;TYPE:WALL-INNER
;MESH:dubelHinge.stl(1)
G1 F1500 E597.2704
G1 F930.6 X118.438 Y98.521 E597.30493
G1 X119.401 Y98.114 E597.3397
G1 X120.22 Y97.475 E597.37425
G1 X120.849 Y96.641 E597.40899
G1 X121.242 Y95.674 E597.44371
G1 X121.374 Y94.637 E597.47848
G1 X121.228 Y93.61 E597.51298
G1 X120.822 Y92.647 E597.54774
G1 X120.183 Y91.828 E597.58229
G1 X119.348 Y91.2 E597.61704
G1 X118.382 Y90.806 E597.65174
G1 X117.345 Y90.674 E597.68651
G1 X116.318 Y90.82 E597.72101
G1 X115.351 Y91.226 E597.75589
G1 X114.536 Y91.865 E597.79034
G1 X113.906 Y92.7 E597.82513
G1 X113.51 Y93.666 E597.85985
G1 X113.382 Y94.702 E597.89457
G1 X113.528 Y95.73 E597.92911
G1 X113.935 Y96.697 E597.964
G1 X114.573 Y97.516 E597.99853
G1 X115.407 Y98.145 E598.03327
G1 X116.373 Y98.538 E598.06796
G1 X117.382 Y98.663 E598.10178
G1 X117.41 Y98.666 E598.10271
G0 F9000 X117.414 Y99.07
;TYPE:WALL-OUTER
G1 F930.6 X118.546 Y98.909 E598.14074
G1 X119.605 Y98.462 E598.17897
G1 X120.508 Y97.758 E598.21706
G1 X121.2 Y96.84 E598.25529
G1 X121.632 Y95.776 E598.29349
G1 X121.778 Y94.634 E598.33178
G1 X121.617 Y93.502 E598.36981
G1 X121.17 Y92.443 E598.40804
G1 X120.466 Y91.54 E598.44612
G1 X119.548 Y90.848 E598.48436
G1 X118.484 Y90.416 E598.52255
G1 X117.342 Y90.27 E598.56085
G1 X116.21 Y90.431 E598.59888
G1 X115.147 Y90.878 E598.63723
G1 X114.248 Y91.582 E598.67521
G1 X113.556 Y92.5 E598.71344
G1 X113.12 Y93.564 E598.75169
G1 X112.978 Y94.706 E598.78996
G1 X113.139 Y95.838 E598.82799
G1 X113.587 Y96.901 E598.86636
G1 X114.29 Y97.804 E598.90442
G1 X115.208 Y98.496 E598.94266
G1 X116.271 Y98.928 E598.98082
G1 X117.383 Y99.066 E599.01809
G1 X117.414 Y99.07 E599.01913
G0 F9000 X117.939 Y98.511
;TYPE:FILL
G1 F930.6 X119.783 Y91.628 E599.25613
G0 F9000 X120.425 Y92.267
G1 F930.6 X113.536 Y94.113 E599.49335
G0 F9000 X113.772 Y93.236
G1 F930.6 X118.811 Y98.275 E599.73037
G0 F9000 X118.609 Y97.791
G1 F1500 E593.23037
;MESH:dubelHinge.stl
G0 F9000 X117.411 Y98.839
G0 X117.562 Y99.921
G0 X117.601 Y100.791
G0 X117.468 Y101.877
G0 X117.529 Y109.728
G0 X117.53 Y110.038
;TYPE:WALL-INNER
G1 F1500 E599.73037
G1 F930.6 X118.558 Y109.892 E599.7649
G1 X119.525 Y109.485 E599.7998
G1 X120.344 Y108.847 E599.83433
G1 X120.973 Y108.013 E599.86907
G1 X121.366 Y107.047 E599.90376
G1 X121.494 Y106.01 E599.93851
G1 X121.348 Y104.982 E599.97304
G1 X120.942 Y104.015 E600.00793
G1 X120.303 Y103.2 E600.04237
G1 X119.469 Y102.571 E600.07711
G1 X118.502 Y102.178 E600.11183
G1 X117.465 Y102.046 E600.1466
G1 X116.438 Y102.192 E600.1811
G1 X115.475 Y102.598 E600.21586
G1 X114.656 Y103.237 E600.25041
G1 X114.027 Y104.071 E600.28516
G1 X113.634 Y105.038 E600.31987
G1 X113.502 Y106.075 E600.35464
G1 X113.648 Y107.102 E600.38914
G1 X114.054 Y108.065 E600.4239
G1 X114.693 Y108.884 E600.45845
G1 X115.528 Y109.514 E600.49324
G1 X116.494 Y109.91 E600.52797
G1 X117.5 Y110.034 E600.56168
G1 X117.53 Y110.038 E600.56269
G0 F9000 X117.534 Y110.442
;TYPE:WALL-OUTER
G1 F930.6 X118.666 Y110.281 E600.60072
G1 X119.729 Y109.833 E600.63908
G1 X120.632 Y109.13 E600.67715
G1 X121.324 Y108.212 E600.71538
G1 X121.756 Y107.149 E600.75355
G1 X121.898 Y106.006 E600.79186
G1 X121.737 Y104.874 E600.82988
G1 X121.29 Y103.811 E600.86824
G1 X120.586 Y102.912 E600.90622
G1 X119.668 Y102.22 E600.94445
G1 X118.604 Y101.788 E600.98265
G1 X117.462 Y101.642 E601.02094
G1 X116.33 Y101.803 E601.05897
G1 X115.271 Y102.25 E601.0972
G1 X114.368 Y102.954 E601.13528
G1 X113.676 Y103.872 E601.17352
G1 X113.244 Y104.936 E601.21171
G1 X113.098 Y106.078 E601.25001
G1 X113.259 Y107.21 E601.28804
G1 X113.706 Y108.269 E601.32627
G1 X114.41 Y109.172 E601.36435
G1 X115.328 Y109.864 E601.40259
G1 X116.392 Y110.3 E601.44083
G1 X117.5 Y110.438 E601.47797
G1 X117.534 Y110.442 E601.47911
G0 F9000 X118.06 Y109.883
;TYPE:FILL
G1 F930.6 X119.904 Y103 E601.71611
G0 F9000 X120.546 Y103.638
G1 F930.6 X113.659 Y105.483 E601.95325
G0 F9000 X113.894 Y104.609
G1 F930.6 X118.932 Y109.648 E602.19024
G0 F9000 X118.727 Y109.162
G1 F1500 E595.69024
;MESH:NONMESH
G0 F300 X118.727 Y109.162 Z15
G0 F9000 X117.468 Y101.877
G0 X117.318 Y100.795
G0 X117.278 Y99.925
G0 X117.411 Y98.839
G0 X117.408 Y98.356
G0 X117.41 Y98.666
;TIME_ELAPSED:1219.244797
;LAYER:74
;note -- min layer time used
;TYPE:WALL-INNER
;MESH:dubelHinge.stl(1)
G1 F1500 E602.19024
G1 F936.8 X118.438 Y98.521 E602.22477
G1 X119.401 Y98.114 E602.25955
G1 X120.22 Y97.475 E602.2941
G1 X120.849 Y96.641 E602.32884
G1 X121.242 Y95.674 E602.36356
G1 X121.374 Y94.637 E602.39833
G1 X121.228 Y93.61 E602.43283
G1 X120.822 Y92.647 E602.46759
G1 X120.183 Y91.828 E602.50214
G1 X119.348 Y91.2 E602.53689
G1 X118.382 Y90.806 E602.57159
G1 X117.345 Y90.674 E602.60636
G1 X116.318 Y90.82 E602.64086
G1 X115.351 Y91.226 E602.67574
G1 X114.536 Y91.865 E602.71019
G1 X113.906 Y92.7 E602.74498
G1 X113.51 Y93.666 E602.7797
G1 X113.382 Y94.702 E602.81442
G1 X113.528 Y95.73 E602.84895
G1 X113.935 Y96.697 E602.88385
G1 X114.573 Y97.516 E602.91838
G1 X115.407 Y98.145 E602.95312
G1 X116.373 Y98.538 E602.98781
G1 X117.382 Y98.663 E603.02163
G1 X117.41 Y98.666 E603.02256
G0 F9000 X117.414 Y99.07
;TYPE:WALL-OUTER
G1 F936.8 X118.546 Y98.909 E603.06059
G1 X119.605 Y98.462 E603.09882
G1 X120.508 Y97.758 E603.13691
G1 X121.2 Y96.84 E603.17514
G1 X121.632 Y95.776 E603.21334
G1 X121.778 Y94.634 E603.25163
G1 X121.617 Y93.502 E603.28966
G1 X121.17 Y92.443 E603.32789
G1 X120.466 Y91.54 E603.36597
G1 X119.548 Y90.848 E603.40421
G1 X118.484 Y90.416 E603.4424
G1 X117.342 Y90.27 E603.4807
G1 X116.21 Y90.431 E603.51872
G1 X115.147 Y90.878 E603.55708
G1 X114.248 Y91.582 E603.59506
G1 X113.556 Y92.5 E603.63329
G1 X113.12 Y93.564 E603.67154
G1 X112.978 Y94.706 E603.70981
G1 X113.139 Y95.838 E603.74784
G1 X113.587 Y96.901 E603.78621
G1 X114.29 Y97.804 E603.82427
G1 X115.208 Y98.496 E603.86251
G1 X116.271 Y98.928 E603.90067
G1 X117.383 Y99.066 E603.93794
G1 X117.414 Y99.07 E603.93898
G0 F9000 X117.788 Y98.532
;TYPE:FILL
G1 F936.8 X119.662 Y91.538 E604.17981
G0 F9000 X119.526 Y91.716
G0 X120.337 Y92.528
G0 X120.518 Y92.388
G1 F936.8 X113.517 Y94.264 E604.42088
G0 F9000 X113.747 Y94.293
G0 X114.043 Y93.182
G0 X113.83 Y93.095
G1 F936.8 X118.952 Y98.216 E604.66178
G0 F9000 X118.749 Y97.731
G1 F1500 E598.16178
;MESH:dubelHinge.stl
G0 F9000 X117.411 Y98.839
G0 X117.562 Y99.921
G0 X117.601 Y100.791
G0 X117.468 Y101.877
G0 X117.529 Y109.728
G0 X117.53 Y110.038
;TYPE:WALL-INNER
G1 F1500 E604.66178
G1 F936.8 X118.558 Y109.892 E604.69631
G1 X119.525 Y109.485 E604.73121
G1 X120.344 Y108.847 E604.76574
G1 X120.973 Y108.013 E604.80048
G1 X121.366 Y107.047 E604.83517
G1 X121.494 Y106.01 E604.86992
G1 X121.348 Y104.982 E604.90445
G1 X120.942 Y104.015 E604.93934
G1 X120.303 Y103.2 E604.97378
G1 X119.469 Y102.571 E605.00852
G1 X118.502 Y102.178 E605.04324
G1 X117.465 Y102.046 E605.07801
G1 X116.438 Y102.192 E605.11251
G1 X115.475 Y102.598 E605.14727
G1 X114.656 Y103.237 E605.18182
G1 X114.027 Y104.071 E605.21657
G1 X113.634 Y105.038 E605.25128
G1 X113.502 Y106.075 E605.28605
G1 X113.648 Y107.102 E605.32055
G1 X114.054 Y108.065 E605.35531
G1 X114.693 Y108.884 E605.38986
G1 X115.528 Y109.514 E605.42465
G1 X116.494 Y109.91 E605.45938
G1 X117.5 Y110.034 E605.49309
G1 X117.53 Y110.038 E605.4941
G0 F9000 X117.534 Y110.442
;TYPE:WALL-OUTER
G1 F936.8 X118.666 Y110.281 E605.53213
G1 X119.729 Y109.833 E605.57049
G1 X120.632 Y109.13 E605.60856
G1 X121.324 Y108.212 E605.64679
G1 X121.756 Y107.149 E605.68496
G1 X121.898 Y106.006 E605.72326
G1 X121.737 Y104.874 E605.76129
G1 X121.29 Y103.811 E605.79965
G1 X120.586 Y102.912 E605.83763
G1 X119.668 Y102.22 E605.87586
G1 X118.604 Y101.788 E605.91406
G1 X117.462 Y101.642 E605.95235
G1 X116.33 Y101.803 E605.99038
G1 X115.271 Y102.25 E606.02861
G1 X114.368 Y102.954 E606.06669
G1 X113.676 Y103.872 E606.10493
G1 X113.244 Y104.936 E606.14312
G1 X113.098 Y106.078 E606.18142
G1 X113.259 Y107.21 E606.21945
G1 X113.706 Y108.269 E606.25768
G1 X114.41 Y109.172 E606.29576
G1 X115.328 Y109.864 E606.334
G1 X116.392 Y110.3 E606.37224
G1 X117.5 Y110.438 E606.40938
G1 X117.534 Y110.442 E606.41052
G0 F9000 X117.908 Y109.905
;TYPE:FILL
G1 F936.8 X119.783 Y102.909 E606.65142
G0 F9000 X119.647 Y103.088
G0 X120.458 Y103.899
G0 X120.64 Y103.758
G1 F936.8 X113.639 Y105.634 E606.89248
G0 F9000 X113.868 Y105.663
G0 X114.164 Y104.554
G0 X113.951 Y104.467
G1 F936.8 X119.072 Y109.588 E607.13336
G0 F9000 X118.867 Y109.103
G1 F1500 E600.63336
;MESH:NONMESH
G0 F300 X118.867 Y109.103 Z15.2
G0 F9000 X117.468 Y101.877
G0 X117.318 Y100.795
G0 X117.278 Y99.925
G0 X117.411 Y98.839
G0 X117.408 Y98.356
G0 X117.41 Y98.666
;TIME_ELAPSED:1231.631315
;LAYER:75
;note -- min layer time used
;TYPE:WALL-INNER
;MESH:dubelHinge.stl(1)
G1 F1500 E607.13336
G1 F942 X118.438 Y98.521 E607.16789
G1 X119.401 Y98.114 E607.20266
G1 X120.22 Y97.475 E607.23721
G1 X120.849 Y96.641 E607.27196
G1 X121.242 Y95.674 E607.30667
G1 X121.374 Y94.637 E607.34144
G1 X121.228 Y93.61 E607.37595
G1 X120.822 Y92.647 E607.41071
G1 X120.183 Y91.828 E607.44526
G1 X119.348 Y91.2 E607.48001
G1 X118.382 Y90.806 E607.5147
G1 X117.345 Y90.674 E607.54947
G1 X116.318 Y90.82 E607.58398
G1 X115.351 Y91.226 E607.61886
G1 X114.536 Y91.865 E607.6533
G1 X113.906 Y92.7 E607.68809
G1 X113.51 Y93.666 E607.72282
G1 X113.382 Y94.702 E607.75754
G1 X113.528 Y95.73 E607.79207
G1 X113.935 Y96.697 E607.82697
G1 X114.573 Y97.516 E607.8615
G1 X115.407 Y98.145 E607.89624
G1 X116.373 Y98.538 E607.93093
G1 X117.382 Y98.663 E607.96474
G1 X117.41 Y98.666 E607.96568
G0 F9000 X117.414 Y99.07
;TYPE:WALL-OUTER
G1 F942 X118.546 Y98.909 E608.00371
G1 X119.605 Y98.462 E608.04194
G1 X120.508 Y97.758 E608.08002
G1 X121.2 Y96.84 E608.11826
G1 X121.632 Y95.776 E608.15645
G1 X121.778 Y94.634 E608.19475
G1 X121.617 Y93.502 E608.23278
G1 X121.17 Y92.443 E608.27101
G1 X120.466 Y91.54 E608.30909
G1 X119.548 Y90.848 E608.34733
G1 X118.484 Y90.416 E608.38552
G1 X117.342 Y90.27 E608.42381
G1 X116.21 Y90.431 E608.46184
G1 X115.147 Y90.878 E608.5002
G1 X114.248 Y91.582 E608.53817
G1 X113.556 Y92.5 E608.57641
G1 X113.12 Y93.564 E608.61465
G1 X112.978 Y94.706 E608.65293
G1 X113.139 Y95.838 E608.69096
G1 X113.587 Y96.901 E608.72933
G1 X114.29 Y97.804 E608.76739
G1 X115.208 Y98.496 E608.80563
G1 X116.271 Y98.928 E608.84379
G1 X117.383 Y99.066 E608.88106
G1 X117.414 Y99.07 E608.8821
G0 F9000 X117.635 Y98.554
;TYPE:FILL
G1 F942 X119.539 Y91.446 E609.12685
G0 F9000 X119.403 Y91.624
G0 X120.432 Y92.649
G0 X120.613 Y92.509
G1 F942 X113.499 Y94.415 E609.3718
G0 F9000 X113.728 Y94.444
G0 X114.101 Y93.039
G0 X113.888 Y92.952
G1 F942 X119.092 Y98.156 E609.61658
G0 F9000 X118.89 Y97.672
G1 F1500 E603.11658
;MESH:dubelHinge.stl
G0 F9000 X117.411 Y98.839
G0 X117.562 Y99.921
G0 X117.601 Y100.791
G0 X117.468 Y101.877
G0 X117.529 Y109.728
G0 X117.53 Y110.038
;TYPE:WALL-INNER
G1 F1500 E609.61658
G1 F942 X118.558 Y109.892 E609.65112
G1 X119.525 Y109.485 E609.68601
G1 X120.344 Y108.847 E609.72054
G1 X120.973 Y108.013 E609.75529
G1 X121.366 Y107.047 E609.78997
G1 X121.494 Y106.01 E609.82473
G1 X121.348 Y104.982 E609.85926
G1 X120.942 Y104.015 E609.89414
G1 X120.303 Y103.2 E609.92859
G1 X119.469 Y102.571 E609.96333
G1 X118.502 Y102.178 E609.99805
G1 X117.465 Y102.046 E610.03282
G1 X116.438 Y102.192 E610.06732
G1 X115.475 Y102.598 E610.10208
G1 X114.656 Y103.237 E610.13663
G1 X114.027 Y104.071 E610.17137
G1 X113.634 Y105.038 E610.20609
G1 X113.502 Y106.075 E610.24086
G1 X113.648 Y107.102 E610.27536
G1 X114.054 Y108.065 E610.31012
G1 X114.693 Y108.884 E610.34467
G1 X115.528 Y109.514 E610.37946
G1 X116.494 Y109.91 E610.41418
G1 X117.5 Y110.034 E610.4479
G1 X117.53 Y110.038 E610.4489
G0 F9000 X117.534 Y110.442
;TYPE:WALL-OUTER
G1 F942 X118.666 Y110.281 E610.48693
G1 X119.729 Y109.833 E610.5253
G1 X120.632 Y109.13 E610.56336
G1 X121.324 Y108.212 E610.6016
G1 X121.756 Y107.149 E610.63976
G1 X121.898 Y106.006 E610.67807
G1 X121.737 Y104.874 E610.7161
G1 X121.29 Y103.811 E610.75446
G1 X120.586 Y102.912 E610.79243
G1 X119.668 Y102.22 E610.83067
G1 X118.604 Y101.788 E610.86886
G1 X117.462 Y101.642 E610.90716
G1 X116.33 Y101.803 E610.94519
G1 X115.271 Y102.25 E610.98342
G1 X114.368 Y102.954 E611.0215
G1 X113.676 Y103.872 E611.05974
G1 X113.244 Y104.936 E611.09793
G1 X113.098 Y106.078 E611.13622
G1 X113.259 Y107.21 E611.17425
G1 X113.706 Y108.269 E611.21248
G1 X114.41 Y109.172 E611.25057
G1 X115.328 Y109.864 E611.2888
G1 X116.392 Y110.3 E611.32705
G1 X117.5 Y110.438 E611.36418
G1 X117.534 Y110.442 E611.36532
G0 F9000 X117.755 Y109.927
;TYPE:FILL
G1 F942 X119.66 Y102.817 E611.61014
G0 F9000 X119.524 Y102.995
G0 X120.553 Y104.021
G0 X120.735 Y103.88
G1 F942 X113.62 Y105.787 E611.85514
G0 F9000 X113.849 Y105.816
G0 X114.222 Y104.411
G0 X114.009 Y104.324
G1 F942 X119.213 Y109.529 E612.09995
G0 F9000 X119.008 Y109.043
G1 F1500 E605.59995
;MESH:NONMESH
G0 F300 X119.008 Y109.043 Z15.4
G0 F9000 X117.468 Y101.877
G0 X117.318 Y100.795
G0 X117.278 Y99.925
G0 X117.411 Y98.839
G0 X117.408 Y98.356
G0 X117.41 Y98.666
;TIME_ELAPSED:1244.052800
;LAYER:76
;note -- min layer time used
;TYPE:WALL-INNER
;MESH:dubelHinge.stl(1)
G1 F1500 E612.09995
G1 F947.2 X118.438 Y98.521 E612.13448
G1 X119.401 Y98.114 E612.16925
G1 X120.22 Y97.475 E612.2038
G1 X120.849 Y96.641 E612.23854
G1 X121.242 Y95.674 E612.27326
G1 X121.374 Y94.637 E612.30803
G1 X121.228 Y93.61 E612.34253
G1 X120.822 Y92.647 E612.37729
G1 X120.183 Y91.828 E612.41184
G1 X119.348 Y91.2 E612.44659
G1 X118.382 Y90.806 E612.48129
G1 X117.345 Y90.674 E612.51606
G1 X116.318 Y90.82 E612.55056
G1 X115.351 Y91.226 E612.58544
G1 X114.536 Y91.865 E612.61989
G1 X113.906 Y92.7 E612.65468
G1 X113.51 Y93.666 E612.6894
G1 X113.382 Y94.702 E612.72412
G1 X113.528 Y95.73 E612.75866
G1 X113.935 Y96.697 E612.79355
G1 X114.573 Y97.516 E612.82808
G1 X115.407 Y98.145 E612.86282
G1 X116.373 Y98.538 E612.89751
G1 X117.382 Y98.663 E612.93133
G1 X117.41 Y98.666 E612.93226
G0 F9000 X117.414 Y99.07
;TYPE:WALL-OUTER
G1 F947.2 X118.546 Y98.909 E612.97029
G1 X119.605 Y98.462 E613.00852
G1 X120.508 Y97.758 E613.04661
G1 X121.2 Y96.84 E613.08484
G1 X121.632 Y95.776 E613.12304
G1 X121.778 Y94.634 E613.16133
G1 X121.617 Y93.502 E613.19936
G1 X121.17 Y92.443 E613.23759
G1 X120.466 Y91.54 E613.27567
G1 X119.548 Y90.848 E613.31391
G1 X118.484 Y90.416 E613.3521
G1 X117.342 Y90.27 E613.3904
G1 X116.21 Y90.431 E613.42843
G1 X115.147 Y90.878 E613.46678
G1 X114.248 Y91.582 E613.50476
G1 X113.556 Y92.5 E613.54299
G1 X113.12 Y93.564 E613.58124
G1 X112.978 Y94.706 E613.61951
G1 X113.139 Y95.838 E613.65754
G1 X113.587 Y96.901 E613.69591
G1 X114.29 Y97.804 E613.73397
G1 X115.208 Y98.496 E613.77221
G1 X116.271 Y98.928 E613.81037
G1 X117.383 Y99.066 E613.84764
G1 X117.414 Y99.07 E613.84868
G0 F9000 X117.483 Y98.576
;TYPE:FILL
G1 F947.2 X119.418 Y91.354 E614.09736
G0 F9000 X119.282 Y91.532
G0 X120.526 Y92.77
G0 X120.707 Y92.63
G1 F947.2 X113.479 Y94.567 E614.34625
G0 F9000 X113.709 Y94.596
G0 X114.158 Y92.898
G0 X113.946 Y92.811
G1 F947.2 X119.232 Y98.097 E614.59488
G0 F9000 X119.03 Y97.612
G1 F1500 E608.09488
;MESH:dubelHinge.stl
G0 F9000 X117.411 Y98.839
G0 X117.562 Y99.921
G0 X117.601 Y100.791
G0 X117.468 Y101.877
G0 X117.529 Y109.728
G0 X117.53 Y110.038
;TYPE:WALL-INNER
G1 F1500 E614.59488
G1 F947.2 X118.558 Y109.892 E614.62942
G1 X119.525 Y109.485 E614.66431
G1 X120.344 Y108.847 E614.69884
G1 X120.973 Y108.013 E614.73359
G1 X121.366 Y107.047 E614.76827
G1 X121.494 Y106.01 E614.80303
G1 X121.348 Y104.982 E614.83756
G1 X120.942 Y104.015 E614.87244
G1 X120.303 Y103.2 E614.90689
G1 X119.469 Y102.571 E614.94163
G1 X118.502 Y102.178 E614.97635
G1 X117.465 Y102.046 E615.01112
G1 X116.438 Y102.192 E615.04562
G1 X115.475 Y102.598 E615.08038
G1 X114.656 Y103.237 E615.11493
G1 X114.027 Y104.071 E615.14967
G1 X113.634 Y105.038 E615.18439
G1 X113.502 Y106.075 E615.21916
G1 X113.648 Y107.102 E615.25366
G1 X114.054 Y108.065 E615.28842
G1 X114.693 Y108.884 E615.32297
G1 X115.528 Y109.514 E615.35776
G1 X116.494 Y109.91 E615.39248
G1 X117.5 Y110.034 E615.4262
G1 X117.53 Y110.038 E615.4272
G0 F9000 X117.534 Y110.442
;TYPE:WALL-OUTER
G1 F947.2 X118.666 Y110.281 E615.46523
G1 X119.729 Y109.833 E615.5036
G1 X120.632 Y109.13 E615.54166
G1 X121.324 Y108.212 E615.5799
G1 X121.756 Y107.149 E615.61806
G1 X121.898 Y106.006 E615.65637
G1 X121.737 Y104.874 E615.6944
G1 X121.29 Y103.811 E615.73276
G1 X120.586 Y102.912 E615.77073
G1 X119.668 Y102.22 E615.80897
G1 X118.604 Y101.788 E615.84716
G1 X117.462 Y101.642 E615.88546
G1 X116.33 Y101.803 E615.92349
G1 X115.271 Y102.25 E615.96172
G1 X114.368 Y102.954 E615.9998
G1 X113.676 Y103.872 E616.03804
G1 X113.244 Y104.936 E616.07623
G1 X113.098 Y106.078 E616.11452
G1 X113.259 Y107.21 E616.15255
G1 X113.706 Y108.269 E616.19078
G1 X114.41 Y109.172 E616.22887
G1 X115.328 Y109.864 E616.2671
G1 X116.392 Y110.3 E616.30535
G1 X117.5 Y110.438 E616.34248
G1 X117.534 Y110.442 E616.34362
G0 F9000 X117.603 Y109.948
;TYPE:FILL
G1 F947.2 X119.539 Y102.725 E616.59234
G0 F9000 X119.403 Y102.904
G0 X120.648 Y104.142
G0 X120.83 Y104.001
G1 F947.2 X113.602 Y105.937 E616.84122
G0 F9000 X113.83 Y105.966
G0 X114.279 Y104.269
G0 X114.067 Y104.183
G1 F947.2 X119.353 Y109.469 E617.08986
G0 F9000 X119.148 Y108.984
G1 F1500 E610.58986
;MESH:NONMESH
G0 F300 X119.148 Y108.984 Z15.6
G0 F9000 X117.468 Y101.877
G0 X117.318 Y100.795
G0 X117.278 Y99.925
G0 X117.411 Y98.839
G0 X117.408 Y98.356
G0 X117.41 Y98.666
;TIME_ELAPSED:1256.507222
;LAYER:77
;note -- min layer time used
;TYPE:WALL-INNER
;MESH:dubelHinge.stl(1)
G1 F1500 E617.08986
G1 F951.2 X118.438 Y98.521 E617.12439
G1 X119.401 Y98.114 E617.15916
G1 X120.22 Y97.475 E617.19371
G1 X120.849 Y96.641 E617.22845
G1 X121.242 Y95.674 E617.26317
G1 X121.374 Y94.637 E617.29794
G1 X121.228 Y93.61 E617.33244
G1 X120.822 Y92.647 E617.3672
G1 X120.183 Y91.828 E617.40175
G1 X119.348 Y91.2 E617.4365
G1 X118.382 Y90.806 E617.4712
G1 X117.345 Y90.674 E617.50597
G1 X116.318 Y90.82 E617.54047
G1 X115.351 Y91.226 E617.57535
G1 X114.536 Y91.865 E617.6098
G1 X113.906 Y92.7 E617.64459
G1 X113.51 Y93.666 E617.67931
G1 X113.382 Y94.702 E617.71403
G1 X113.528 Y95.73 E617.74857
G1 X113.935 Y96.697 E617.78346
G1 X114.573 Y97.516 E617.81799
G1 X115.407 Y98.145 E617.85274
G1 X116.373 Y98.538 E617.88742
G1 X117.382 Y98.663 E617.92124
G1 X117.41 Y98.666 E617.92217
G0 F9000 X117.414 Y99.07
;TYPE:WALL-OUTER
G1 F951.2 X118.546 Y98.909 E617.9602
G1 X119.605 Y98.462 E617.99844
G1 X120.508 Y97.758 E618.03652
G1 X121.2 Y96.84 E618.07475
G1 X121.632 Y95.776 E618.11295
G1 X121.778 Y94.634 E618.15124
G1 X121.617 Y93.502 E618.18927
G1 X121.17 Y92.443 E618.2275
G1 X120.466 Y91.54 E618.26558
G1 X119.548 Y90.848 E618.30382
G1 X118.484 Y90.416 E618.34202
G1 X117.342 Y90.27 E618.38031
G1 X116.21 Y90.431 E618.41834
G1 X115.147 Y90.878 E618.45669
G1 X114.248 Y91.582 E618.49467
G1 X113.556 Y92.5 E618.5329
G1 X113.12 Y93.564 E618.57115
G1 X112.978 Y94.706 E618.60943
G1 X113.139 Y95.838 E618.64745
G1 X113.587 Y96.901 E618.68582
G1 X114.29 Y97.804 E618.72388
G1 X115.208 Y98.496 E618.76212
G1 X116.271 Y98.928 E618.80028
G1 X117.383 Y99.066 E618.83755
G1 X117.414 Y99.07 E618.83859
G0 F9000 X117.336 Y98.578
;TYPE:FILL
G1 F951.2 X119.295 Y91.267 E619.09034
G0 F9000 X119.211 Y91.474
G0 X120.57 Y92.844
G0 X120.782 Y92.756
G1 F951.2 X113.466 Y94.716 E619.34225
G0 F9000 X113.695 Y94.701
G0 X114.2 Y92.822
G0 X114.018 Y92.683
G1 F951.2 X119.37 Y98.035 E619.59399
G0 F9000 X119.091 Y97.587
G1 F1500 E613.09399
;MESH:dubelHinge.stl
G0 F9000 X117.411 Y98.839
G0 X117.562 Y99.921
G0 X117.601 Y100.791
G0 X117.468 Y101.877
G0 X117.529 Y109.728
G0 X117.53 Y110.038
;TYPE:WALL-INNER
G1 F1500 E619.59399
G1 F951.2 X118.558 Y109.892 E619.62852
G1 X119.525 Y109.485 E619.66342
G1 X120.344 Y108.847 E619.69795
G1 X120.973 Y108.013 E619.73269
G1 X121.366 Y107.047 E619.76738
G1 X121.494 Y106.01 E619.80213
G1 X121.348 Y104.982 E619.83667
G1 X120.942 Y104.015 E619.87155
G1 X120.303 Y103.2 E619.90599
G1 X119.469 Y102.571 E619.94074
G1 X118.502 Y102.178 E619.97545
G1 X117.465 Y102.046 E620.01022
G1 X116.438 Y102.192 E620.04473
G1 X115.475 Y102.598 E620.07948
G1 X114.656 Y103.237 E620.11404
G1 X114.027 Y104.071 E620.14878
G1 X113.634 Y105.038 E620.1835
G1 X113.502 Y106.075 E620.21827
G1 X113.648 Y107.102 E620.25277
G1 X114.054 Y108.065 E620.28753
G1 X114.693 Y108.884 E620.32208
G1 X115.528 Y109.514 E620.35687
G1 X116.494 Y109.91 E620.39159
G1 X117.5 Y110.034 E620.4253
G1 X117.53 Y110.038 E620.42631
G0 F9000 X117.534 Y110.442
;TYPE:WALL-OUTER
G1 F951.2 X118.666 Y110.281 E620.46434
G1 X119.729 Y109.833 E620.50271
G1 X120.632 Y109.13 E620.54077
G1 X121.324 Y108.212 E620.57901
G1 X121.756 Y107.149 E620.61717
G1 X121.898 Y106.006 E620.65548
G1 X121.737 Y104.874 E620.69351
G1 X121.29 Y103.811 E620.73186
G1 X120.586 Y102.912 E620.76984
G1 X119.668 Y102.22 E620.80808
G1 X118.604 Y101.788 E620.84627
G1 X117.462 Y101.642 E620.88456
G1 X116.33 Y101.803 E620.92259
G1 X115.271 Y102.25 E620.96082
G1 X114.368 Y102.954 E620.99891
G1 X113.676 Y103.872 E621.03714
G1 X113.244 Y104.936 E621.07534
G1 X113.098 Y106.078 E621.11363
G1 X113.259 Y107.21 E621.15166
G1 X113.706 Y108.269 E621.18989
G1 X114.41 Y109.172 E621.22797
G1 X115.328 Y109.864 E621.26621
G1 X116.392 Y110.3 E621.30445
G1 X117.5 Y110.438 E621.34159
G1 X117.534 Y110.442 E621.34273
G0 F9000 X117.457 Y109.951
;TYPE:FILL
G1 F951.2 X119.416 Y102.638 E621.59454
G0 F9000 X119.331 Y102.846
G0 X120.691 Y104.215
G0 X120.903 Y104.127
G1 F951.2 X113.586 Y106.088 E621.84649
G0 F9000 X113.816 Y106.073
G0 X114.32 Y104.194
G0 X114.138 Y104.055
G1 F951.2 X119.492 Y109.409 E622.09832
G0 F9000 X119.211 Y108.958
G1 F1500 E615.59832
;MESH:NONMESH
G0 F300 X119.211 Y108.958 Z15.8
G0 F9000 X117.468 Y101.877
G0 X117.318 Y100.795
G0 X117.278 Y99.925
G0 X117.411 Y98.839
G0 X117.408 Y98.356
G0 X117.41 Y98.666
;TIME_ELAPSED:1268.961097
;LAYER:78
;note -- min layer time used
;TYPE:WALL-INNER
;MESH:dubelHinge.stl(1)
G1 F1500 E622.09832
G1 F953.4 X118.438 Y98.521 E622.13285
G1 X119.401 Y98.114 E622.16763
G1 X120.22 Y97.475 E622.20218
G1 X120.849 Y96.641 E622.23692
G1 X121.242 Y95.674 E622.27164
G1 X121.374 Y94.637 E622.30641
G1 X121.228 Y93.61 E622.34091
G1 X120.822 Y92.647 E622.37567
G1 X120.183 Y91.828 E622.41022
G1 X119.348 Y91.2 E622.44497
G1 X118.382 Y90.806 E622.47967
G1 X117.345 Y90.674 E622.51444
G1 X116.318 Y90.82 E622.54894
G1 X115.351 Y91.226 E622.58382
G1 X114.536 Y91.865 E622.61827
G1 X113.906 Y92.7 E622.65306
G1 X113.51 Y93.666 E622.68778
G1 X113.382 Y94.702 E622.7225
G1 X113.528 Y95.73 E622.75704
G1 X113.935 Y96.697 E622.79193
G1 X114.573 Y97.516 E622.82646
G1 X115.407 Y98.145 E622.8612
G1 X116.373 Y98.538 E622.89589
G1 X117.382 Y98.663 E622.92971
G1 X117.41 Y98.666 E622.93064
G0 F9000 X117.414 Y99.07
;TYPE:WALL-OUTER
G1 F953.4 X118.546 Y98.909 E622.96867
G1 X119.605 Y98.462 E623.0069
G1 X120.508 Y97.758 E623.04499
G1 X121.2 Y96.84 E623.08322
G1 X121.632 Y95.776 E623.12142
G1 X121.778 Y94.634 E623.15971
G1 X121.617 Y93.502 E623.19774
G1 X121.17 Y92.443 E623.23597
G1 X120.466 Y91.54 E623.27405
G1 X119.548 Y90.848 E623.31229
G1 X118.484 Y90.416 E623.35048
G1 X117.342 Y90.27 E623.38878
G1 X116.21 Y90.431 E623.42681
G1 X115.147 Y90.878 E623.46516
G1 X114.248 Y91.582 E623.50314
G1 X113.556 Y92.5 E623.54137
G1 X113.12 Y93.564 E623.57962
G1 X112.978 Y94.706 E623.61789
G1 X113.139 Y95.838 E623.65592
G1 X113.587 Y96.901 E623.69429
G1 X114.29 Y97.804 E623.73235
G1 X115.208 Y98.496 E623.77059
G1 X116.271 Y98.928 E623.80875
G1 X117.383 Y99.066 E623.84602
G1 X117.414 Y99.07 E623.84706
G0 F9000 X117.194 Y98.559
;TYPE:FILL
G1 F953.4 X119.163 Y91.213 E624.10001
G0 F9000 X119.078 Y91.421
G0 X120.626 Y92.976
G0 X120.837 Y92.888
G1 F953.4 X113.485 Y94.858 E624.35317
G0 F9000 X113.715 Y94.827
G0 X114.286 Y92.708
G0 X114.104 Y92.569
G1 F953.4 X119.483 Y97.948 E624.60618
G0 F9000 X119.161 Y97.532
G1 F1500 E618.10618
;MESH:dubelHinge.stl
G0 F9000 X117.411 Y98.839
G0 X117.562 Y99.921
G0 X117.601 Y100.791
G0 X117.468 Y101.877
G0 X117.529 Y109.728
G0 X117.53 Y110.038
;TYPE:WALL-INNER
G1 F1500 E624.60618
G1 F953.4 X118.558 Y109.892 E624.64072
G1 X119.525 Y109.485 E624.67561
G1 X120.344 Y108.847 E624.71014
G1 X120.973 Y108.013 E624.74488
G1 X121.366 Y107.047 E624.77957
G1 X121.494 Y106.01 E624.81432
G1 X121.348 Y104.982 E624.84886
G1 X120.942 Y104.015 E624.88374
G1 X120.303 Y103.2 E624.91819
G1 X119.469 Y102.571 E624.95293
G1 X118.502 Y102.178 E624.98765
G1 X117.465 Y102.046 E625.02242
G1 X116.438 Y102.192 E625.05692
G1 X115.475 Y102.598 E625.09168
G1 X114.656 Y103.237 E625.12623
G1 X114.027 Y104.071 E625.16097
G1 X113.634 Y105.038 E625.19569
G1 X113.502 Y106.075 E625.23046
G1 X113.648 Y107.102 E625.26496
G1 X114.054 Y108.065 E625.29972
G1 X114.693 Y108.884 E625.33427
G1 X115.528 Y109.514 E625.36906
G1 X116.494 Y109.91 E625.40378
G1 X117.5 Y110.034 E625.4375
G1 X117.53 Y110.038 E625.4385
G0 F9000 X117.534 Y110.442
;TYPE:WALL-OUTER
G1 F953.4 X118.666 Y110.281 E625.47653
G1 X119.729 Y109.833 E625.5149
G1 X120.632 Y109.13 E625.55296
G1 X121.324 Y108.212 E625.5912
G1 X121.756 Y107.149 E625.62936
G1 X121.898 Y106.006 E625.66767
G1 X121.737 Y104.874 E625.7057
G1 X121.29 Y103.811 E625.74405
G1 X120.586 Y102.912 E625.78203
G1 X119.668 Y102.22 E625.82027
G1 X118.604 Y101.788 E625.85846
G1 X117.462 Y101.642 E625.89675
G1 X116.33 Y101.803 E625.93478
G1 X115.271 Y102.25 E625.97301
G1 X114.368 Y102.954 E626.0111
G1 X113.676 Y103.872 E626.04933
G1 X113.244 Y104.936 E626.08753
G1 X113.098 Y106.078 E626.12582
G1 X113.259 Y107.21 E626.16385
G1 X113.706 Y108.269 E626.20208
G1 X114.41 Y109.172 E626.24016
G1 X115.328 Y109.864 E626.2784
G1 X116.392 Y110.3 E626.31664
G1 X117.5 Y110.438 E626.35378
G1 X117.534 Y110.442 E626.35492
G0 F9000 X117.315 Y109.932
;TYPE:FILL
G1 F953.4 X119.284 Y102.583 E626.60797
G0 F9000 X119.199 Y102.792
G0 X120.747 Y104.347
G0 X120.959 Y104.259
G1 F953.4 X113.606 Y106.229 E626.86116
G0 F9000 X113.836 Y106.198
G0 X114.407 Y104.079
G0 X114.225 Y103.94
G1 F953.4 X119.604 Y109.32 E627.11419
G0 F9000 X119.281 Y108.903
G1 F1500 E620.61419
;MESH:NONMESH
G0 F300 X119.281 Y108.903 Z16
G0 F9000 X117.468 Y101.877
G0 X117.318 Y100.795
G0 X117.278 Y99.925
G0 X117.411 Y98.839
G0 X117.408 Y98.356
G0 X117.41 Y98.666
;TIME_ELAPSED:1281.445958
;LAYER:79
;note -- min layer time used
;TYPE:WALL-INNER
;MESH:dubelHinge.stl(1)
G1 F1500 E627.11419
G1 F955.7 X118.438 Y98.521 E627.14872
G1 X119.401 Y98.114 E627.1835
G1 X120.22 Y97.475 E627.21805
G1 X120.849 Y96.641 E627.25279
G1 X121.242 Y95.674 E627.28751
G1 X121.374 Y94.637 E627.32228
G1 X121.228 Y93.61 E627.35678
G1 X120.822 Y92.647 E627.39154
G1 X120.183 Y91.828 E627.42609
G1 X119.348 Y91.2 E627.46084
G1 X118.382 Y90.806 E627.49554
G1 X117.345 Y90.674 E627.53031
G1 X116.318 Y90.82 E627.56481
G1 X115.351 Y91.226 E627.59969
G1 X114.536 Y91.865 E627.63413
G1 X113.906 Y92.7 E627.66892
G1 X113.51 Y93.666 E627.70365
G1 X113.382 Y94.702 E627.73837
G1 X113.528 Y95.73 E627.7729
G1 X113.935 Y96.697 E627.8078
G1 X114.573 Y97.516 E627.84233
G1 X115.407 Y98.145 E627.87707
G1 X116.373 Y98.538 E627.91176
G1 X117.382 Y98.663 E627.94557
G1 X117.41 Y98.666 E627.94651
G0 F9000 X117.414 Y99.07
;TYPE:WALL-OUTER
G1 F955.7 X118.546 Y98.909 E627.98454
G1 X119.605 Y98.462 E628.02277
G1 X120.508 Y97.758 E628.06085
G1 X121.2 Y96.84 E628.09909
G1 X121.632 Y95.776 E628.13728
G1 X121.778 Y94.634 E628.17558
G1 X121.617 Y93.502 E628.21361
G1 X121.17 Y92.443 E628.25184
G1 X120.466 Y91.54 E628.28992
G1 X119.548 Y90.848 E628.32816
G1 X118.484 Y90.416 E628.36635
G1 X117.342 Y90.27 E628.40464
G1 X116.21 Y90.431 E628.44267
G1 X115.147 Y90.878 E628.48103
G1 X114.248 Y91.582 E628.51901
G1 X113.556 Y92.5 E628.55724
G1 X113.12 Y93.564 E628.59549
G1 X112.978 Y94.706 E628.63376
G1 X113.139 Y95.838 E628.67179
G1 X113.587 Y96.901 E628.71016
G1 X114.29 Y97.804 E628.74822
G1 X115.208 Y98.496 E628.78646
G1 X116.271 Y98.928 E628.82462
G1 X117.383 Y99.066 E628.86189
G1 X117.414 Y99.07 E628.86293
G0 F9000 X117.053 Y98.542
;TYPE:FILL
G1 F955.7 X119.031 Y91.159 E629.11715
G0 F9000 X118.946 Y91.367
G0 X120.681 Y93.107
G0 X120.892 Y93.019
G1 F955.7 X113.505 Y94.999 E629.37151
G0 F9000 X113.735 Y94.968
G0 X114.373 Y92.594
G0 X114.19 Y92.455
G1 F955.7 X119.595 Y97.86 E629.62575
G0 F9000 X119.274 Y97.444
G1 F1500 E623.12575
;MESH:dubelHinge.stl
G0 F9000 X117.411 Y98.839
G0 X117.562 Y99.921
G0 X117.601 Y100.791
G0 X117.468 Y101.877
G0 X117.529 Y109.728
G0 X117.53 Y110.038
;TYPE:WALL-INNER
G1 F1500 E629.62575
G1 F955.7 X118.558 Y109.892 E629.66028
G1 X119.525 Y109.485 E629.69518
G1 X120.344 Y108.847 E629.72971
G1 X120.973 Y108.013 E629.76445
G1 X121.366 Y107.047 E629.79914
G1 X121.494 Y106.01 E629.83389
G1 X121.348 Y104.982 E629.86843
G1 X120.942 Y104.015 E629.90331
G1 X120.303 Y103.2 E629.93775
G1 X119.469 Y102.571 E629.9725
G1 X118.502 Y102.178 E630.00721
G1 X117.465 Y102.046 E630.04198
G1 X116.438 Y102.192 E630.07648
G1 X115.475 Y102.598 E630.11124
G1 X114.656 Y103.237 E630.14579
G1 X114.027 Y104.071 E630.18054
G1 X113.634 Y105.038 E630.21526
G1 X113.502 Y106.075 E630.25002
G1 X113.648 Y107.102 E630.28453
G1 X114.054 Y108.065 E630.31929
G1 X114.693 Y108.884 E630.35384
G1 X115.528 Y109.514 E630.38863
G1 X116.494 Y109.91 E630.42335
G1 X117.5 Y110.034 E630.45706
G1 X117.53 Y110.038 E630.45807
G0 F9000 X117.534 Y110.442
;TYPE:WALL-OUTER
G1 F955.7 X118.666 Y110.281 E630.4961
G1 X119.729 Y109.833 E630.53447
G1 X120.632 Y109.13 E630.57253
G1 X121.324 Y108.212 E630.61076
G1 X121.756 Y107.149 E630.64893
G1 X121.898 Y106.006 E630.68724
G1 X121.737 Y104.874 E630.72527
G1 X121.29 Y103.811 E630.76362
G1 X120.586 Y102.912 E630.8016
G1 X119.668 Y102.22 E630.83983
G1 X118.604 Y101.788 E630.87803
G1 X117.462 Y101.642 E630.91632
G1 X116.33 Y101.803 E630.95435
G1 X115.271 Y102.25 E630.99258
G1 X114.368 Y102.954 E631.03067
G1 X113.676 Y103.872 E631.0689
G1 X113.244 Y104.936 E631.1071
G1 X113.098 Y106.078 E631.14539
G1 X113.259 Y107.21 E631.18342
G1 X113.706 Y108.269 E631.22165
G1 X114.41 Y109.172 E631.25973
G1 X115.328 Y109.864 E631.29797
G1 X116.392 Y110.3 E631.33621
G1 X117.5 Y110.438 E631.37335
G1 X117.534 Y110.442 E631.37449
G0 F9000 X117.173 Y109.915
;TYPE:FILL
G1 F955.7 X119.152 Y102.53 E631.62878
G0 F9000 X119.067 Y102.739
G0 X120.802 Y104.478
G0 X121.014 Y104.39
G1 F955.7 X113.625 Y106.37 E631.88321
G0 F9000 X113.855 Y106.339
G0 X114.492 Y103.966
G0 X114.31 Y103.827
G1 F955.7 X119.717 Y109.233 E632.13752
G0 F9000 X119.394 Y108.815
G1 F1500 E625.63752
;MESH:NONMESH
G0 F300 X119.394 Y108.815 Z16.2
G0 F9000 X117.468 Y101.877
G0 X117.318 Y100.795
G0 X117.278 Y99.925
G0 X117.411 Y98.839
G0 X117.408 Y98.356
G0 X117.41 Y98.666
;TIME_ELAPSED:1293.965434
;LAYER:80
;note -- min layer time used
;TYPE:WALL-INNER
;MESH:dubelHinge.stl(1)
G1 F1500 E632.13752
G1 F958.1 X118.438 Y98.521 E632.17205
G1 X119.401 Y98.114 E632.20682
G1 X120.22 Y97.475 E632.24137
G1 X120.849 Y96.641 E632.27611
G1 X121.242 Y95.674 E632.31083
G1 X121.374 Y94.637 E632.3456
G1 X121.228 Y93.61 E632.3801
G1 X120.822 Y92.647 E632.41486
G1 X120.183 Y91.828 E632.44941
G1 X119.348 Y91.2 E632.48416
G1 X118.382 Y90.806 E632.51886
G1 X117.345 Y90.674 E632.55363
G1 X116.318 Y90.82 E632.58813
G1 X115.351 Y91.226 E632.62301
G1 X114.536 Y91.865 E632.65746
G1 X113.906 Y92.7 E632.69225
G1 X113.51 Y93.666 E632.72697
G1 X113.382 Y94.702 E632.76169
G1 X113.528 Y95.73 E632.79623
G1 X113.935 Y96.697 E632.83112
G1 X114.573 Y97.516 E632.86565
G1 X115.407 Y98.145 E632.90039
G1 X116.373 Y98.538 E632.93508
G1 X117.382 Y98.663 E632.9689
G1 X117.41 Y98.666 E632.96983
G0 F9000 X117.414 Y99.07
;TYPE:WALL-OUTER
G1 F958.1 X118.546 Y98.909 E633.00786
G1 X119.605 Y98.462 E633.04609
G1 X120.508 Y97.758 E633.08418
G1 X121.2 Y96.84 E633.12241
G1 X121.632 Y95.776 E633.16061
G1 X121.778 Y94.634 E633.1989
G1 X121.617 Y93.502 E633.23693
G1 X121.17 Y92.443 E633.27516
G1 X120.466 Y91.54 E633.31324
G1 X119.548 Y90.848 E633.35148
G1 X118.484 Y90.416 E633.38967
G1 X117.342 Y90.27 E633.42797
G1 X116.21 Y90.431 E633.466
G1 X115.147 Y90.878 E633.50435
G1 X114.248 Y91.582 E633.54233
G1 X113.556 Y92.5 E633.58056
G1 X113.12 Y93.564 E633.61881
G1 X112.978 Y94.706 E633.65708
G1 X113.139 Y95.838 E633.69511
G1 X113.587 Y96.901 E633.73348
G1 X114.29 Y97.804 E633.77154
G1 X115.208 Y98.496 E633.80978
G1 X116.271 Y98.928 E633.84794
G1 X117.383 Y99.066 E633.88521
G1 X117.414 Y99.07 E633.88625
G0 F9000 X116.911 Y98.525
;TYPE:FILL
G1 F958.1 X118.899 Y91.105 E634.14175
G0 F9000 X118.814 Y91.313
G0 X120.737 Y93.239
G0 X120.949 Y93.151
G1 F958.1 X113.525 Y95.14 E634.39738
G0 F9000 X113.754 Y95.109
G0 X114.459 Y92.48
G0 X114.276 Y92.34
G1 F958.1 X119.708 Y97.772 E634.65288
G0 F9000 X119.387 Y97.356
G1 F1500 E628.15288
;MESH:dubelHinge.stl
G0 F9000 X117.411 Y98.839
G0 X117.562 Y99.921
G0 X117.601 Y100.791
G0 X117.468 Y101.877
G0 X117.529 Y109.728
G0 X117.53 Y110.038
;TYPE:WALL-INNER
G1 F1500 E634.65288
G1 F958.1 X118.558 Y109.892 E634.68742
G1 X119.525 Y109.485 E634.72231
G1 X120.344 Y108.847 E634.75684
G1 X120.973 Y108.013 E634.79159
G1 X121.366 Y107.047 E634.82627
G1 X121.494 Y106.01 E634.86102
G1 X121.348 Y104.982 E634.89556
G1 X120.942 Y104.015 E634.93044
G1 X120.303 Y103.2 E634.96489
G1 X119.469 Y102.571 E634.99963
G1 X118.502 Y102.178 E635.03435
G1 X117.465 Y102.046 E635.06912
G1 X116.438 Y102.192 E635.10362
G1 X115.475 Y102.598 E635.13838
G1 X114.656 Y103.237 E635.17293
G1 X114.027 Y104.071 E635.20767
G1 X113.634 Y105.038 E635.24239
G1 X113.502 Y106.075 E635.27716
G1 X113.648 Y107.102 E635.31166
G1 X114.054 Y108.065 E635.34642
G1 X114.693 Y108.884 E635.38097
G1 X115.528 Y109.514 E635.41576
G1 X116.494 Y109.91 E635.45048
G1 X117.5 Y110.034 E635.4842
G1 X117.53 Y110.038 E635.4852
G0 F9000 X117.534 Y110.442
;TYPE:WALL-OUTER
G1 F958.1 X118.666 Y110.281 E635.52323
G1 X119.729 Y109.833 E635.5616
G1 X120.632 Y109.13 E635.59966
G1 X121.324 Y108.212 E635.6379
G1 X121.756 Y107.149 E635.67606
G1 X121.898 Y106.006 E635.71437
G1 X121.737 Y104.874 E635.7524
G1 X121.29 Y103.811 E635.79075
G1 X120.586 Y102.912 E635.82873
G1 X119.668 Y102.22 E635.86697
G1 X118.604 Y101.788 E635.90516
G1 X117.462 Y101.642 E635.94346
G1 X116.33 Y101.803 E635.98148
G1 X115.271 Y102.25 E636.01972
G1 X114.368 Y102.954 E636.0578
G1 X113.676 Y103.872 E636.09603
G1 X113.244 Y104.936 E636.13423
G1 X113.098 Y106.078 E636.17252
G1 X113.259 Y107.21 E636.21055
G1 X113.706 Y108.269 E636.24878
G1 X114.41 Y109.172 E636.28687
G1 X115.328 Y109.864 E636.3251
G1 X116.392 Y110.3 E636.36335
G1 X117.5 Y110.438 E636.40048
G1 X117.534 Y110.442 E636.40162
G0 F9000 X117.031 Y109.898
;TYPE:FILL
G1 F958.1 X119.02 Y102.475 E636.65722
G0 F9000 X118.934 Y102.685
G0 X120.858 Y104.61
G0 X121.07 Y104.522
G1 F958.1 X113.646 Y106.512 E636.91286
G0 F9000 X113.875 Y106.481
G0 X114.579 Y103.851
G0 X114.396 Y103.712
G1 F958.1 X119.829 Y109.145 E637.16841
G0 F9000 X119.506 Y108.728
G1 F1500 E630.66841
;MESH:NONMESH
G0 F300 X119.506 Y108.728 Z16.4
G0 F9000 X117.468 Y101.877
G0 X117.318 Y100.795
G0 X117.278 Y99.925
G0 X117.411 Y98.839
G0 X117.408 Y98.356
G0 X117.41 Y98.666
;TIME_ELAPSED:1306.519181
;LAYER:81
;note -- min layer time used
;TYPE:WALL-INNER
;MESH:dubelHinge.stl(1)
G1 F1500 E637.16841
G1 F960.4 X118.438 Y98.521 E637.20294
G1 X119.401 Y98.114 E637.23772
G1 X120.22 Y97.475 E637.27227
G1 X120.849 Y96.641 E637.30701
G1 X121.242 Y95.674 E637.34173
G1 X121.374 Y94.637 E637.3765
G1 X121.228 Y93.61 E637.411
G1 X120.822 Y92.647 E637.44576
G1 X120.183 Y91.828 E637.48031
G1 X119.348 Y91.2 E637.51506
G1 X118.382 Y90.806 E637.54976
G1 X117.345 Y90.674 E637.58453
G1 X116.318 Y90.82 E637.61903
G1 X115.351 Y91.226 E637.65391
G1 X114.536 Y91.865 E637.68835
G1 X113.906 Y92.7 E637.72315
G1 X113.51 Y93.666 E637.75787
G1 X113.382 Y94.702 E637.79259
G1 X113.528 Y95.73 E637.82712
G1 X113.935 Y96.697 E637.86202
G1 X114.573 Y97.516 E637.89655
G1 X115.407 Y98.145 E637.93129
G1 X116.373 Y98.538 E637.96598
G1 X117.382 Y98.663 E637.99979
G1 X117.41 Y98.666 E638.00073
G0 F9000 X117.414 Y99.07
;TYPE:WALL-OUTER
G1 F960.4 X118.546 Y98.909 E638.03876
G1 X119.605 Y98.462 E638.07699
G1 X120.508 Y97.758 E638.11507
G1 X121.2 Y96.84 E638.15331
G1 X121.632 Y95.776 E638.19151
G1 X121.778 Y94.634 E638.2298
G1 X121.617 Y93.502 E638.26783
G1 X121.17 Y92.443 E638.30606
G1 X120.466 Y91.54 E638.34414
G1 X119.548 Y90.848 E638.38238
G1 X118.484 Y90.416 E638.42057
G1 X117.342 Y90.27 E638.45886
G1 X116.21 Y90.431 E638.49689
G1 X115.147 Y90.878 E638.53525
G1 X114.248 Y91.582 E638.57323
G1 X113.556 Y92.5 E638.61146
G1 X113.12 Y93.564 E638.64971
G1 X112.978 Y94.706 E638.68798
G1 X113.139 Y95.838 E638.72601
G1 X113.587 Y96.901 E638.76438
G1 X114.29 Y97.804 E638.80244
G1 X115.208 Y98.496 E638.84068
G1 X116.271 Y98.928 E638.87884
G1 X117.383 Y99.066 E638.91611
G1 X117.414 Y99.07 E638.91715
G0 F9000 X116.769 Y98.507
;TYPE:FILL
G1 F960.4 X118.767 Y91.051 E639.17389
G0 F9000 X118.682 Y91.26
G0 X120.793 Y93.37
G0 X121.003 Y93.283
G1 F960.4 X113.545 Y95.281 E639.43069
G0 F9000 X113.774 Y95.25
G0 X114.545 Y92.366
G0 X114.363 Y92.227
G1 F960.4 X119.82 Y97.685 E639.68739
G0 F9000 X119.498 Y97.269
G1 F1500 E633.18739
;MESH:dubelHinge.stl
G0 F9000 X117.411 Y98.839
G0 X117.562 Y99.921
G0 X117.601 Y100.791
G0 X117.468 Y101.877
G0 X117.529 Y109.728
G0 X117.53 Y110.038
;TYPE:WALL-INNER
G1 F1500 E639.68739
G1 F960.4 X118.558 Y109.892 E639.72193
G1 X119.525 Y109.485 E639.75682
G1 X120.344 Y108.847 E639.79135
G1 X120.973 Y108.013 E639.82609
G1 X121.366 Y107.047 E639.86078
G1 X121.494 Y106.01 E639.89553
G1 X121.348 Y104.982 E639.93007
G1 X120.942 Y104.015 E639.96495
G1 X120.303 Y103.2 E639.9994
G1 X119.469 Y102.571 E640.03414
G1 X118.502 Y102.178 E640.06886
G1 X117.465 Y102.046 E640.10363
G1 X116.438 Y102.192 E640.13813
G1 X115.475 Y102.598 E640.17289
G1 X114.656 Y103.237 E640.20744
G1 X114.027 Y104.071 E640.24218
G1 X113.634 Y105.038 E640.2769
G1 X113.502 Y106.075 E640.31167
G1 X113.648 Y107.102 E640.34617
G1 X114.054 Y108.065 E640.38093
G1 X114.693 Y108.884 E640.41548
G1 X115.528 Y109.514 E640.45027
G1 X116.494 Y109.91 E640.48499
G1 X117.5 Y110.034 E640.51871
G1 X117.53 Y110.038 E640.51971
G0 F9000 X117.534 Y110.442
;TYPE:WALL-OUTER
G1 F960.4 X118.666 Y110.281 E640.55774
G1 X119.729 Y109.833 E640.59611
G1 X120.632 Y109.13 E640.63417
G1 X121.324 Y108.212 E640.67241
G1 X121.756 Y107.149 E640.71057
G1 X121.898 Y106.006 E640.74888
G1 X121.737 Y104.874 E640.78691
G1 X121.29 Y103.811 E640.82526
G1 X120.586 Y102.912 E640.86324
G1 X119.668 Y102.22 E640.90148
G1 X118.604 Y101.788 E640.93967
G1 X117.462 Y101.642 E640.97796
G1 X116.33 Y101.803 E641.01599
G1 X115.271 Y102.25 E641.05423
G1 X114.368 Y102.954 E641.09231
G1 X113.676 Y103.872 E641.13054
G1 X113.244 Y104.936 E641.16874
G1 X113.098 Y106.078 E641.20703
G1 X113.259 Y107.21 E641.24506
G1 X113.706 Y108.269 E641.28329
G1 X114.41 Y109.172 E641.32137
G1 X115.328 Y109.864 E641.35961
G1 X116.392 Y110.3 E641.39786
G1 X117.5 Y110.438 E641.43499
G1 X117.534 Y110.442 E641.43613
G0 F9000 X116.89 Y109.879
;TYPE:FILL
G1 F960.4 X118.888 Y102.422 E641.6929
G0 F9000 X118.803 Y102.632
G0 X120.914 Y104.742
G0 X121.125 Y104.654
G1 F960.4 X113.666 Y106.652 E641.94973
G0 F9000 X113.895 Y106.622
G0 X114.665 Y103.737
G0 X114.483 Y103.599
G1 F960.4 X119.942 Y109.058 E642.20651
G0 F9000 X119.619 Y108.64
G1 F1500 E635.70651
;MESH:NONMESH
G0 F300 X119.619 Y108.64 Z16.6
G0 F9000 X117.468 Y101.877
G0 X117.318 Y100.795
G0 X117.278 Y99.925
G0 X117.411 Y98.839
G0 X117.408 Y98.356
G0 X117.41 Y98.666
;TIME_ELAPSED:1319.105815
;LAYER:82
;note -- min layer time used
;TYPE:WALL-INNER
;MESH:dubelHinge.stl(1)
G1 F1500 E642.20651
G1 F962.3 X118.438 Y98.521 E642.24104
G1 X119.401 Y98.114 E642.27581
G1 X120.22 Y97.475 E642.31036
G1 X120.849 Y96.641 E642.3451
G1 X121.242 Y95.674 E642.37982
G1 X121.374 Y94.637 E642.41459
G1 X121.228 Y93.61 E642.44909
G1 X120.822 Y92.647 E642.48385
G1 X120.183 Y91.828 E642.5184
G1 X119.348 Y91.2 E642.55315
G1 X118.382 Y90.806 E642.58785
G1 X117.345 Y90.674 E642.62262
G1 X116.318 Y90.82 E642.65712
G1 X115.351 Y91.226 E642.69201
G1 X114.536 Y91.865 E642.72645
G1 X113.906 Y92.7 E642.76124
G1 X113.51 Y93.666 E642.79596
G1 X113.382 Y94.702 E642.83068
G1 X113.528 Y95.73 E642.86522
G1 X113.935 Y96.697 E642.90011
G1 X114.573 Y97.516 E642.93464
G1 X115.407 Y98.145 E642.96939
G1 X116.373 Y98.538 E643.00407
G1 X117.382 Y98.663 E643.03789
G1 X117.41 Y98.666 E643.03883
G0 F9000 X117.414 Y99.07
;TYPE:WALL-OUTER
G1 F962.3 X118.546 Y98.909 E643.07686
G1 X119.605 Y98.462 E643.11509
G1 X120.508 Y97.758 E643.15317
G1 X121.2 Y96.84 E643.19141
G1 X121.632 Y95.776 E643.2296
G1 X121.778 Y94.634 E643.26789
G1 X121.617 Y93.502 E643.30592
G1 X121.17 Y92.443 E643.34415
G1 X120.466 Y91.54 E643.38224
G1 X119.548 Y90.848 E643.42047
G1 X118.484 Y90.416 E643.45867
G1 X117.342 Y90.27 E643.49696
G1 X116.21 Y90.431 E643.53499
G1 X115.147 Y90.878 E643.57334
G1 X114.248 Y91.582 E643.61132
G1 X113.556 Y92.5 E643.64956
G1 X113.12 Y93.564 E643.6878
G1 X112.978 Y94.706 E643.72608
G1 X113.139 Y95.838 E643.76411
G1 X113.587 Y96.901 E643.80247
G1 X114.29 Y97.804 E643.84054
G1 X115.208 Y98.496 E643.87877
G1 X116.271 Y98.928 E643.91694
G1 X117.383 Y99.066 E643.95421
G1 X117.414 Y99.07 E643.95524
G0 F9000 X116.628 Y98.49
;TYPE:FILL
G1 F962.3 X118.636 Y90.997 E644.21326
G0 F9000 X118.551 Y91.207
G0 X120.848 Y93.502
G0 X121.059 Y93.414
G1 F962.3 X113.566 Y95.421 E644.47126
G0 F9000 X113.793 Y95.391
G0 X114.631 Y92.252
G0 X114.448 Y92.113
G1 F962.3 X119.932 Y97.598 E644.72923
G0 F9000 X119.611 Y97.181
G1 F1500 E638.22923
;MESH:dubelHinge.stl
G0 F9000 X118.486 Y98.689
G0 X118.637 Y99.772
G0 X118.215 Y100.867
G0 X118.082 Y101.953
G0 X117.529 Y109.728
G0 X117.53 Y110.038
;TYPE:WALL-INNER
G1 F1500 E644.72923
G1 F962.3 X118.558 Y109.892 E644.76377
G1 X119.525 Y109.485 E644.79866
G1 X120.344 Y108.847 E644.83319
G1 X120.973 Y108.013 E644.86794
G1 X121.366 Y107.047 E644.90262
G1 X121.494 Y106.01 E644.93738
G1 X121.348 Y104.982 E644.97191
G1 X120.942 Y104.015 E645.00679
G1 X120.303 Y103.2 E645.04124
G1 X119.469 Y102.571 E645.07598
G1 X118.502 Y102.178 E645.1107
G1 X117.465 Y102.046 E645.14547
G1 X116.438 Y102.192 E645.17997
G1 X115.475 Y102.598 E645.21473
G1 X114.656 Y103.237 E645.24928
G1 X114.027 Y104.071 E645.28402
G1 X113.634 Y105.038 E645.31874
G1 X113.502 Y106.075 E645.35351
G1 X113.648 Y107.102 E645.38801
G1 X114.054 Y108.065 E645.42277
G1 X114.693 Y108.884 E645.45732
G1 X115.528 Y109.514 E645.49211
G1 X116.494 Y109.91 E645.52684
G1 X117.5 Y110.034 E645.56055
G1 X117.53 Y110.038 E645.56156
G0 F9000 X117.534 Y110.442
;TYPE:WALL-OUTER
G1 F962.3 X118.666 Y110.281 E645.59958
G1 X119.729 Y109.833 E645.63795
G1 X120.632 Y109.13 E645.67601
G1 X121.324 Y108.212 E645.71425
G1 X121.756 Y107.149 E645.75241
G1 X121.898 Y106.006 E645.79072
G1 X121.737 Y104.874 E645.82875
G1 X121.29 Y103.811 E645.86711
G1 X120.586 Y102.912 E645.90508
G1 X119.668 Y102.22 E645.94332
G1 X118.604 Y101.788 E645.98151
G1 X117.462 Y101.642 E646.01981
G1 X116.33 Y101.803 E646.05784
G1 X115.271 Y102.25 E646.09607
G1 X114.368 Y102.954 E646.13415
G1 X113.676 Y103.872 E646.17239
G1 X113.244 Y104.936 E646.21058
G1 X113.098 Y106.078 E646.24887
G1 X113.259 Y107.21 E646.2869
G1 X113.706 Y108.269 E646.32513
G1 X114.41 Y109.172 E646.36322
G1 X115.328 Y109.864 E646.40145
G1 X116.392 Y110.3 E646.4397
G1 X117.5 Y110.438 E646.47683
G1 X117.534 Y110.442 E646.47797
G0 F9000 X116.749 Y109.862
;TYPE:FILL
G1 F962.3 X118.757 Y102.369 E646.73599
G0 F9000 X118.672 Y102.579
G0 X120.969 Y104.872
G0 X121.179 Y104.785
G1 F962.3 X113.686 Y106.793 E646.994
G0 F9000 X113.914 Y106.763
G0 X114.75 Y103.624
G0 X114.568 Y103.485
G1 F962.3 X120.053 Y108.97 E647.25199
G0 F9000 X119.731 Y108.554
G1 F1500 E640.75199
;MESH:NONMESH
G0 F300 X119.731 Y108.554 Z16.8
G0 F9000 X117.468 Y101.877
G0 X117.318 Y100.795
G0 X117.278 Y99.925
G0 X117.411 Y98.839
G0 X117.408 Y98.356
G0 X117.41 Y98.666
;TIME_ELAPSED:1331.723416
;LAYER:83
;note -- min layer time used
;TYPE:WALL-INNER
;MESH:dubelHinge.stl(1)
G1 F1500 E647.25199
G1 F965.7 X118.438 Y98.521 E647.28652
G1 X119.401 Y98.114 E647.3213
G1 X120.22 Y97.475 E647.35585
G1 X120.849 Y96.641 E647.39059
G1 X121.242 Y95.674 E647.42531
G1 X121.374 Y94.637 E647.46008
G1 X121.228 Y93.61 E647.49458
G1 X120.822 Y92.647 E647.52934
G1 X120.183 Y91.828 E647.56389
G1 X119.348 Y91.2 E647.59864
G1 X118.382 Y90.806 E647.63334
G1 X117.345 Y90.674 E647.66811
G1 X116.318 Y90.82 E647.70261
G1 X115.351 Y91.226 E647.73749
G1 X114.536 Y91.865 E647.77194
G1 X113.906 Y92.7 E647.80673
G1 X113.51 Y93.666 E647.84145
G1 X113.382 Y94.702 E647.87617
G1 X113.528 Y95.73 E647.91071
G1 X113.935 Y96.697 E647.9456
G1 X114.573 Y97.516 E647.98013
G1 X115.407 Y98.145 E648.01487
G1 X116.373 Y98.538 E648.04956
G1 X117.382 Y98.663 E648.08338
G1 X117.41 Y98.666 E648.08431
G0 F9000 X117.414 Y99.07
;TYPE:WALL-OUTER
G1 F965.7 X118.546 Y98.909 E648.12234
G1 X119.605 Y98.462 E648.16057
G1 X120.508 Y97.758 E648.19866
G1 X121.2 Y96.84 E648.23689
G1 X121.632 Y95.776 E648.27509
G1 X121.778 Y94.634 E648.31338
G1 X121.617 Y93.502 E648.35141
G1 X121.17 Y92.443 E648.38964
G1 X120.466 Y91.54 E648.42772
G1 X119.548 Y90.848 E648.46596
G1 X118.484 Y90.416 E648.50415
G1 X117.342 Y90.27 E648.54245
G1 X116.21 Y90.431 E648.58048
G1 X115.147 Y90.878 E648.61883
G1 X114.248 Y91.582 E648.65681
G1 X113.556 Y92.5 E648.69504
G1 X113.12 Y93.564 E648.73329
G1 X112.978 Y94.706 E648.77156
G1 X113.139 Y95.838 E648.80959
G1 X113.587 Y96.901 E648.84796
G1 X114.29 Y97.804 E648.88602
G1 X115.208 Y98.496 E648.92426
G1 X116.271 Y98.928 E648.96242
G1 X117.383 Y99.066 E648.99969
G1 X117.414 Y99.07 E649.00073
G0 F9000 X117.408 Y98.356
G0 X116.515 Y98.244
G0 X116.486 Y98.472
;TYPE:FILL
G1 F965.7 X118.503 Y90.943 E649.25998
G0 F9000 X118.418 Y91.153
G0 X120.904 Y93.634
G0 X121.115 Y93.546
G1 F965.7 X113.585 Y95.563 E649.51925
G0 F9000 X113.813 Y95.533
G0 X114.717 Y92.139
G0 X114.534 Y91.999
G1 F965.7 X120.045 Y97.509 E649.77845
G0 F9000 X119.724 Y97.093
G1 F1500 E643.27845
;MESH:dubelHinge.stl
G0 F9000 X118.486 Y98.689
G0 X118.637 Y99.772
G0 X118.215 Y100.867
G0 X118.082 Y101.953
G0 X117.529 Y109.728
G0 X117.53 Y110.038
;TYPE:WALL-INNER
G1 F1500 E649.77845
G1 F965.7 X118.558 Y109.892 E649.81299
G1 X119.525 Y109.485 E649.84788
G1 X120.344 Y108.847 E649.88241
G1 X120.973 Y108.013 E649.91716
G1 X121.366 Y107.047 E649.95184
G1 X121.494 Y106.01 E649.98659
G1 X121.348 Y104.982 E650.02113
G1 X120.942 Y104.015 E650.05601
G1 X120.303 Y103.2 E650.09046
G1 X119.469 Y102.571 E650.1252
G1 X118.502 Y102.178 E650.15992
G1 X117.465 Y102.046 E650.19469
G1 X116.438 Y102.192 E650.22919
G1 X115.475 Y102.598 E650.26395
G1 X114.656 Y103.237 E650.2985
G1 X114.027 Y104.071 E650.33324
G1 X113.634 Y105.038 E650.36796
G1 X113.502 Y106.075 E650.40273
G1 X113.648 Y107.102 E650.43723
G1 X114.054 Y108.065 E650.47199
G1 X114.693 Y108.884 E650.50654
G1 X115.528 Y109.514 E650.54133
G1 X116.494 Y109.91 E650.57605
G1 X117.5 Y110.034 E650.60977
G1 X117.53 Y110.038 E650.61077
G0 F9000 X117.534 Y110.442
;TYPE:WALL-OUTER
G1 F965.7 X118.666 Y110.281 E650.6488
G1 X119.729 Y109.833 E650.68717
G1 X120.632 Y109.13 E650.72523
G1 X121.324 Y108.212 E650.76347
G1 X121.756 Y107.149 E650.80163
G1 X121.898 Y106.006 E650.83994
G1 X121.737 Y104.874 E650.87797
G1 X121.29 Y103.811 E650.91632
G1 X120.586 Y102.912 E650.9543
G1 X119.668 Y102.22 E650.99254
G1 X118.604 Y101.788 E651.03073
G1 X117.462 Y101.642 E651.06902
G1 X116.33 Y101.803 E651.10705
G1 X115.271 Y102.25 E651.14529
G1 X114.368 Y102.954 E651.18337
G1 X113.676 Y103.872 E651.2216
G1 X113.244 Y104.936 E651.2598
G1 X113.098 Y106.078 E651.29809
G1 X113.259 Y107.21 E651.33612
G1 X113.706 Y108.269 E651.37435
G1 X114.41 Y109.172 E651.41244
G1 X115.328 Y109.864 E651.45067
G1 X116.392 Y110.3 E651.48892
G1 X117.5 Y110.438 E651.52605
G1 X117.534 Y110.442 E651.52719
G0 F9000 X117.529 Y109.728
G0 X116.635 Y109.616
G0 X116.606 Y109.845
;TYPE:FILL
G1 F965.7 X118.624 Y102.314 E651.78651
G0 F9000 X118.538 Y102.525
G0 X121.025 Y105.004
G0 X121.235 Y104.917
G1 F965.7 X113.705 Y106.935 E652.0458
G0 F9000 X113.934 Y106.904
G0 X114.837 Y103.51
G0 X114.655 Y103.371
G1 F965.7 X120.166 Y108.882 E652.30502
G0 F9000 X119.844 Y108.466
G1 F1500 E645.80502
;MESH:NONMESH
G0 F300 X119.844 Y108.466 Z17
G0 F9000 X117.468 Y101.877
G0 X117.318 Y100.795
G0 X117.278 Y99.925
G0 X117.411 Y98.839
G0 X117.408 Y98.356
G0 X117.41 Y98.666
;TIME_ELAPSED:1344.492477
;LAYER:84
;note -- min layer time used
;TYPE:WALL-INNER
;MESH:dubelHinge.stl(1)
G1 F1500 E652.30502
G1 F968.3 X118.438 Y98.521 E652.33955
G1 X119.401 Y98.114 E652.37432
G1 X120.22 Y97.475 E652.40887
G1 X120.849 Y96.641 E652.44361
G1 X121.242 Y95.674 E652.47833
G1 X121.374 Y94.637 E652.5131
G1 X121.228 Y93.61 E652.5476
G1 X120.822 Y92.647 E652.58236
G1 X120.183 Y91.828 E652.61691
G1 X119.348 Y91.2 E652.65166
G1 X118.382 Y90.806 E652.68636
G1 X117.345 Y90.674 E652.72113
G1 X116.318 Y90.82 E652.75563
G1 X115.351 Y91.226 E652.79051
G1 X114.536 Y91.865 E652.82496
G1 X113.906 Y92.7 E652.85975
G1 X113.51 Y93.666 E652.89447
G1 X113.382 Y94.702 E652.92919
G1 X113.528 Y95.73 E652.96373
G1 X113.935 Y96.697 E652.99862
G1 X114.573 Y97.516 E653.03315
G1 X115.407 Y98.145 E653.0679
G1 X116.373 Y98.538 E653.10258
G1 X117.382 Y98.663 E653.1364
G1 X117.41 Y98.666 E653.13734
G0 F9000 X117.414 Y99.07
;TYPE:WALL-OUTER
G1 F968.3 X118.546 Y98.909 E653.17537
G1 X119.605 Y98.462 E653.2136
G1 X120.508 Y97.758 E653.25168
G1 X121.2 Y96.84 E653.28992
G1 X121.632 Y95.776 E653.32811
G1 X121.778 Y94.634 E653.3664
G1 X121.617 Y93.502 E653.40443
G1 X121.17 Y92.443 E653.44266
G1 X120.466 Y91.54 E653.48075
G1 X119.548 Y90.848 E653.51898
G1 X118.484 Y90.416 E653.55718
G1 X117.342 Y90.27 E653.59547
G1 X116.21 Y90.431 E653.6335
G1 X115.147 Y90.878 E653.67185
G1 X114.248 Y91.582 E653.70983
G1 X113.556 Y92.5 E653.74807
G1 X113.12 Y93.564 E653.78631
G1 X112.978 Y94.706 E653.82459
G1 X113.139 Y95.838 E653.86262
G1 X113.587 Y96.901 E653.90098
G1 X114.29 Y97.804 E653.93905
G1 X115.208 Y98.496 E653.97728
G1 X116.271 Y98.928 E654.01545
G1 X117.383 Y99.066 E654.05271
G1 X117.414 Y99.07 E654.05375
G0 F9000 X117.408 Y98.356
G0 X116.434 Y98.229
G0 X116.348 Y98.44
;TYPE:FILL
G1 F968.3 X118.372 Y90.889 E654.31377
G0 F9000 X118.306 Y91.107
G0 X114.77 Y92.076
G0 X114.629 Y91.894
G1 F968.3 X120.157 Y97.422 E654.57379
G0 F9000 X120.005 Y97.255
G0 X120.931 Y93.71
G0 X121.158 Y93.68
G1 F968.3 X113.605 Y95.704 E654.83386
G0 F9000 X114.121 Y95.569
G1 F1500 E648.33386
;MESH:dubelHinge.stl
G0 F9000 X115.321 Y98.296
G0 X114.91 Y99.31
G0 X115.967 Y101.019
G0 X116.394 Y102.026
G0 X117.529 Y109.728
G0 X117.53 Y110.038
;TYPE:WALL-INNER
G1 F1500 E654.83386
G1 F968.3 X118.558 Y109.892 E654.8684
G1 X119.525 Y109.485 E654.90329
G1 X120.344 Y108.847 E654.93782
G1 X120.973 Y108.013 E654.97257
G1 X121.366 Y107.047 E655.00725
G1 X121.494 Y106.01 E655.04201
G1 X121.348 Y104.982 E655.07654
G1 X120.942 Y104.015 E655.11142
G1 X120.303 Y103.2 E655.14587
G1 X119.469 Y102.571 E655.18061
G1 X118.502 Y102.178 E655.21533
G1 X117.465 Y102.046 E655.2501
G1 X116.438 Y102.192 E655.2846
G1 X115.475 Y102.598 E655.31936
G1 X114.656 Y103.237 E655.35391
G1 X114.027 Y104.071 E655.38865
G1 X113.634 Y105.038 E655.42337
G1 X113.502 Y106.075 E655.45814
G1 X113.648 Y107.102 E655.49264
G1 X114.054 Y108.065 E655.5274
G1 X114.693 Y108.884 E655.56195
G1 X115.528 Y109.514 E655.59674
G1 X116.494 Y109.91 E655.63147
G1 X117.5 Y110.034 E655.66518
G1 X117.53 Y110.038 E655.66619
G0 F9000 X117.534 Y110.442
;TYPE:WALL-OUTER
G1 F968.3 X118.666 Y110.281 E655.70421
G1 X119.729 Y109.833 E655.74258
G1 X120.632 Y109.13 E655.78064
G1 X121.324 Y108.212 E655.81888
G1 X121.756 Y107.149 E655.85704
G1 X121.898 Y106.006 E655.89535
G1 X121.737 Y104.874 E655.93338
G1 X121.29 Y103.811 E655.97174
G1 X120.586 Y102.912 E656.00971
G1 X119.668 Y102.22 E656.04795
G1 X118.604 Y101.788 E656.08614
G1 X117.462 Y101.642 E656.12444
G1 X116.33 Y101.803 E656.16247
G1 X115.271 Y102.25 E656.2007
G1 X114.368 Y102.954 E656.23878
G1 X113.676 Y103.872 E656.27702
G1 X113.244 Y104.936 E656.31521
G1 X113.098 Y106.078 E656.3535
G1 X113.259 Y107.21 E656.39153
G1 X113.706 Y108.269 E656.42976
G1 X114.41 Y109.172 E656.46785
G1 X115.328 Y109.864 E656.50608
G1 X116.392 Y110.3 E656.54433
G1 X117.5 Y110.438 E656.58146
G1 X117.534 Y110.442 E656.5826
G0 F9000 X117.529 Y109.728
G0 X116.555 Y109.602
G0 X116.469 Y109.813
;TYPE:FILL
G1 F968.3 X118.493 Y102.261 E656.84265
G0 F9000 X118.427 Y102.479
G0 X114.89 Y103.448
G0 X114.749 Y103.266
G1 F968.3 X120.278 Y108.795 E657.10272
G0 F9000 X120.126 Y108.627
G0 X121.052 Y105.082
G0 X121.277 Y105.052
G1 F968.3 X113.725 Y107.075 E657.36275
G0 F9000 X114.242 Y106.944
G1 F1500 E650.86275
;MESH:NONMESH
G0 F300 X114.242 Y106.944 Z17.2
G0 F9000 X117.468 Y101.877
G0 X117.318 Y100.795
G0 X117.278 Y99.925
G0 X117.411 Y98.839
G0 X117.408 Y98.356
G0 X117.41 Y98.666
;TIME_ELAPSED:1357.365193
;LAYER:85
;note -- min layer time used
;TYPE:WALL-INNER
;MESH:dubelHinge.stl(1)
G1 F1500 E657.36275
G1 F965.7 X118.438 Y98.521 E657.39728
G1 X119.401 Y98.114 E657.43205
G1 X120.22 Y97.475 E657.46661
G1 X120.849 Y96.641 E657.50135
G1 X121.242 Y95.674 E657.53607
G1 X121.374 Y94.637 E657.57084
G1 X121.228 Y93.61 E657.60534
G1 X120.822 Y92.647 E657.6401
G1 X120.183 Y91.828 E657.67465
G1 X119.348 Y91.2 E657.7094
G1 X118.382 Y90.806 E657.7441
G1 X117.345 Y90.674 E657.77886
G1 X116.318 Y90.82 E657.81337
G1 X115.351 Y91.226 E657.84825
G1 X114.536 Y91.865 E657.88269
G1 X113.906 Y92.7 E657.91748
G1 X113.51 Y93.666 E657.95221
G1 X113.382 Y94.702 E657.98693
G1 X113.528 Y95.73 E658.02146
G1 X113.935 Y96.697 E658.05636
G1 X114.573 Y97.516 E658.09089
G1 X115.407 Y98.145 E658.12563
G1 X116.373 Y98.538 E658.16032
G1 X117.382 Y98.663 E658.19413
G1 X117.41 Y98.666 E658.19507
G0 F9000 X117.414 Y99.07
;TYPE:WALL-OUTER
G1 F965.7 X118.546 Y98.909 E658.2331
G1 X119.605 Y98.462 E658.27133
G1 X120.508 Y97.758 E658.30941
G1 X121.2 Y96.84 E658.34765
G1 X121.632 Y95.776 E658.38584
G1 X121.778 Y94.634 E658.42414
G1 X121.617 Y93.502 E658.46217
G1 X121.17 Y92.443 E658.5004
G1 X120.466 Y91.54 E658.53848
G1 X119.548 Y90.848 E658.57672
G1 X118.484 Y90.416 E658.61491
G1 X117.342 Y90.27 E658.6532
G1 X116.21 Y90.431 E658.69123
G1 X115.147 Y90.878 E658.72959
G1 X114.248 Y91.582 E658.76757
G1 X113.556 Y92.5 E658.8058
G1 X113.12 Y93.564 E658.84405
G1 X112.978 Y94.706 E658.88232
G1 X113.139 Y95.838 E658.92035
G1 X113.587 Y96.901 E658.95872
G1 X114.29 Y97.804 E658.99678
G1 X115.208 Y98.496 E659.03502
G1 X116.271 Y98.928 E659.07318
G1 X117.383 Y99.066 E659.11045
G1 X117.414 Y99.07 E659.11149
G0 F9000 X117.408 Y98.356
G0 X116.301 Y98.175
G0 X116.215 Y98.387
;TYPE:FILL
G1 F965.7 X118.231 Y90.867 E659.37044
G0 F9000 X118.202 Y91.095
G0 X114.883 Y91.988
G0 X114.742 Y91.806
G1 F965.7 X120.245 Y97.309 E659.62928
G0 F9000 X120.067 Y97.173
G0 X120.951 Y93.852
G0 X121.177 Y93.822
G1 F965.7 X113.658 Y95.837 E659.88819
G0 F9000 X114.147 Y95.63
G1 F1500 E653.38819
;MESH:dubelHinge.stl
G0 F9000 X115.321 Y98.296
G0 X114.91 Y99.31
G0 X115.967 Y101.019
G0 X116.394 Y102.026
G0 X117.529 Y109.728
G0 X117.53 Y110.038
;TYPE:WALL-INNER
G1 F1500 E659.88819
G1 F965.7 X118.558 Y109.892 E659.92272
G1 X119.525 Y109.485 E659.95762
G1 X120.344 Y108.847 E659.99215
G1 X120.973 Y108.013 E660.02689
G1 X121.366 Y107.047 E660.06158
G1 X121.494 Y106.01 E660.09633
G1 X121.348 Y104.982 E660.13087
G1 X120.942 Y104.015 E660.16575
G1 X120.303 Y103.2 E660.20019
G1 X119.469 Y102.571 E660.23494
G1 X118.502 Y102.178 E660.26965
G1 X117.465 Y102.046 E660.30442
G1 X116.438 Y102.192 E660.33892
G1 X115.475 Y102.598 E660.37368
G1 X114.656 Y103.237 E660.40823
G1 X114.027 Y104.071 E660.44298
G1 X113.634 Y105.038 E660.4777
G1 X113.502 Y106.075 E660.51246
G1 X113.648 Y107.102 E660.54697
G1 X114.054 Y108.065 E660.58173
G1 X114.693 Y108.884 E660.61628
G1 X115.528 Y109.514 E660.65107
G1 X116.494 Y109.91 E660.68579
G1 X117.5 Y110.034 E660.7195
G1 X117.53 Y110.038 E660.72051
G0 F9000 X117.534 Y110.442
;TYPE:WALL-OUTER
G1 F965.7 X118.666 Y110.281 E660.75854
G1 X119.729 Y109.833 E660.79691
G1 X120.632 Y109.13 E660.83497
G1 X121.324 Y108.212 E660.8732
G1 X121.756 Y107.149 E660.91137
G1 X121.898 Y106.006 E660.94968
G1 X121.737 Y104.874 E660.98771
G1 X121.29 Y103.811 E661.02606
G1 X120.586 Y102.912 E661.06404
G1 X119.668 Y102.22 E661.10227
G1 X118.604 Y101.788 E661.14047
G1 X117.462 Y101.642 E661.17876
G1 X116.33 Y101.803 E661.21679
G1 X115.271 Y102.25 E661.25502
G1 X114.368 Y102.954 E661.29311
G1 X113.676 Y103.872 E661.33134
G1 X113.244 Y104.936 E661.36954
G1 X113.098 Y106.078 E661.40783
G1 X113.259 Y107.21 E661.44586
G1 X113.706 Y108.269 E661.48409
G1 X114.41 Y109.172 E661.52217
G1 X115.328 Y109.864 E661.56041
G1 X116.392 Y110.3 E661.59865
G1 X117.5 Y110.438 E661.63579
G1 X117.534 Y110.442 E661.63693
G0 F9000 X117.529 Y109.728
G0 X116.422 Y109.548
G0 X116.336 Y109.759
;TYPE:FILL
G1 F965.7 X118.352 Y102.238 E661.89591
G0 F9000 X118.323 Y102.467
G0 X115.003 Y103.36
G0 X114.862 Y103.178
G1 F965.7 X120.367 Y108.683 E662.15485
G0 F9000 X120.187 Y108.546
G0 X121.072 Y105.223
G0 X121.297 Y105.193
G1 F965.7 X113.779 Y107.208 E662.41372
G0 F9000 X114.267 Y107.004
G1 F1500 E655.91372
;MESH:NONMESH
G0 F300 X114.267 Y107.004 Z17.4
G0 F9000 X117.468 Y101.877
G0 X117.318 Y100.795
G0 X117.278 Y99.925
G0 X117.411 Y98.839
G0 X117.408 Y98.356
G0 X117.41 Y98.666
;TIME_ELAPSED:1370.251093
;LAYER:86
;note -- min layer time used
;TYPE:WALL-INNER
;MESH:dubelHinge.stl(1)
G1 F1500 E662.41372
G1 F963.7 X118.438 Y98.521 E662.44825
G1 X119.401 Y98.114 E662.48302
G1 X120.22 Y97.475 E662.51757
G1 X120.849 Y96.641 E662.55232
G1 X121.242 Y95.674 E662.58704
G1 X121.374 Y94.637 E662.6218
G1 X121.228 Y93.61 E662.65631
G1 X120.822 Y92.647 E662.69107
G1 X120.183 Y91.828 E662.72562
G1 X119.348 Y91.2 E662.76037
G1 X118.382 Y90.806 E662.79507
G1 X117.345 Y90.674 E662.82983
G1 X116.318 Y90.82 E662.86434
G1 X115.351 Y91.226 E662.89922
G1 X114.536 Y91.865 E662.93366
G1 X113.906 Y92.7 E662.96845
G1 X113.51 Y93.666 E663.00318
G1 X113.382 Y94.702 E663.0379
G1 X113.528 Y95.73 E663.07243
G1 X113.935 Y96.697 E663.10733
G1 X114.573 Y97.516 E663.14186
G1 X115.407 Y98.145 E663.1766
G1 X116.373 Y98.538 E663.21129
G1 X117.382 Y98.663 E663.2451
G1 X117.41 Y98.666 E663.24604
G0 F9000 X117.414 Y99.07
;TYPE:WALL-OUTER
G1 F963.7 X118.546 Y98.909 E663.28407
G1 X119.605 Y98.462 E663.3223
G1 X120.508 Y97.758 E663.36038
G1 X121.2 Y96.84 E663.39862
G1 X121.632 Y95.776 E663.43681
G1 X121.778 Y94.634 E663.47511
G1 X121.617 Y93.502 E663.51314
G1 X121.17 Y92.443 E663.55137
G1 X120.466 Y91.54 E663.58945
G1 X119.548 Y90.848 E663.62769
G1 X118.484 Y90.416 E663.66588
G1 X117.342 Y90.27 E663.70417
G1 X116.21 Y90.431 E663.7422
G1 X115.147 Y90.878 E663.78056
G1 X114.248 Y91.582 E663.81853
G1 X113.556 Y92.5 E663.85677
G1 X113.12 Y93.564 E663.89502
G1 X112.978 Y94.706 E663.93329
G1 X113.139 Y95.838 E663.97132
G1 X113.587 Y96.901 E664.00969
G1 X114.29 Y97.804 E664.04775
G1 X115.208 Y98.496 E664.08599
G1 X116.271 Y98.928 E664.12415
G1 X117.383 Y99.066 E664.16142
G1 X117.414 Y99.07 E664.16246
G0 F9000 X117.408 Y98.356
G0 X116.17 Y98.122
G0 X116.084 Y98.333
;TYPE:FILL
G1 F963.7 X118.09 Y90.848 E664.4202
G0 F9000 X118.061 Y91.078
G0 X114.995 Y91.901
G0 X114.853 Y91.718
G1 F963.7 X120.331 Y97.196 E664.67786
G0 F9000 X120.152 Y97.06
G0 X120.97 Y93.993
G0 X121.197 Y93.963
G1 F963.7 X113.714 Y95.968 E664.93553
G0 F9000 X114.203 Y95.762
G1 F1500 E658.43553
;MESH:dubelHinge.stl
G0 F9000 X115.321 Y98.296
G0 X114.91 Y99.31
G0 X115.967 Y101.019
G0 X116.394 Y102.026
G0 X117.529 Y109.728
G0 X117.53 Y110.038
;TYPE:WALL-INNER
G1 F1500 E664.93553
G1 F963.7 X118.558 Y109.892 E664.97006
G1 X119.525 Y109.485 E665.00496
G1 X120.344 Y108.847 E665.03949
G1 X120.973 Y108.013 E665.07423
G1 X121.366 Y107.047 E665.10892
G1 X121.494 Y106.01 E665.14367
G1 X121.348 Y104.982 E665.17821
G1 X120.942 Y104.015 E665.21309
G1 X120.303 Y103.2 E665.24753
G1 X119.469 Y102.571 E665.28228
G1 X118.502 Y102.178 E665.31699
G1 X117.465 Y102.046 E665.35176
G1 X116.438 Y102.192 E665.38626
G1 X115.475 Y102.598 E665.42102
G1 X114.656 Y103.237 E665.45557
G1 X114.027 Y104.071 E665.49032
G1 X113.634 Y105.038 E665.52504
G1 X113.502 Y106.075 E665.5598
G1 X113.648 Y107.102 E665.59431
G1 X114.054 Y108.065 E665.62907
G1 X114.693 Y108.884 E665.66362
G1 X115.528 Y109.514 E665.69841
G1 X116.494 Y109.91 E665.73313
G1 X117.5 Y110.034 E665.76684
G1 X117.53 Y110.038 E665.76785
G0 F9000 X117.534 Y110.442
;TYPE:WALL-OUTER
G1 F963.7 X118.666 Y110.281 E665.80588
G1 X119.729 Y109.833 E665.84425
G1 X120.632 Y109.13 E665.88231
G1 X121.324 Y108.212 E665.92055
G1 X121.756 Y107.149 E665.95871
G1 X121.898 Y106.006 E665.99702
G1 X121.737 Y104.874 E666.03505
G1 X121.29 Y103.811 E666.0734
G1 X120.586 Y102.912 E666.11138
G1 X119.668 Y102.22 E666.14962
G1 X118.604 Y101.788 E666.18781
G1 X117.462 Y101.642 E666.2261
G1 X116.33 Y101.803 E666.26413
G1 X115.271 Y102.25 E666.30236
G1 X114.368 Y102.954 E666.34045
G1 X113.676 Y103.872 E666.37868
G1 X113.244 Y104.936 E666.41688
G1 X113.098 Y106.078 E666.45517
G1 X113.259 Y107.21 E666.4932
G1 X113.706 Y108.269 E666.53143
G1 X114.41 Y109.172 E666.56951
G1 X115.328 Y109.864 E666.60775
G1 X116.392 Y110.3 E666.64599
G1 X117.5 Y110.438 E666.68313
G1 X117.534 Y110.442 E666.68427
G0 F9000 X117.529 Y109.728
G0 X116.291 Y109.495
G0 X116.205 Y109.705
;TYPE:FILL
G1 F963.7 X118.21 Y102.221 E666.94197
G0 F9000 X118.181 Y102.449
G0 X115.115 Y103.273
G0 X114.974 Y103.091
G1 F963.7 X120.453 Y108.569 E667.19966
G0 F9000 X120.273 Y108.432
G0 X121.091 Y105.364
G0 X121.317 Y105.334
G1 F963.7 X113.834 Y107.339 E667.45732
G0 F9000 X114.323 Y107.135
G1 F1500 E660.95732
;MESH:NONMESH
G0 F300 X114.323 Y107.135 Z17.6
G0 F9000 X117.468 Y101.877
G0 X117.318 Y100.795
G0 X117.278 Y99.925
G0 X117.411 Y98.839
G0 X117.408 Y98.356
G0 X117.41 Y98.666
;TIME_ELAPSED:1383.124769
;LAYER:87
;note -- min layer time used
;TYPE:WALL-INNER
;MESH:dubelHinge.stl(1)
G1 F1500 E667.45732
G1 F961.7 X118.438 Y98.521 E667.49185
G1 X119.401 Y98.114 E667.52662
G1 X120.22 Y97.475 E667.56117
G1 X120.849 Y96.641 E667.59592
G1 X121.242 Y95.674 E667.63064
G1 X121.374 Y94.637 E667.6654
G1 X121.228 Y93.61 E667.69991
G1 X120.822 Y92.647 E667.73467
G1 X120.183 Y91.828 E667.76922
G1 X119.348 Y91.2 E667.80397
G1 X118.382 Y90.806 E667.83867
G1 X117.345 Y90.674 E667.87343
G1 X116.318 Y90.82 E667.90794
G1 X115.351 Y91.226 E667.94282
G1 X114.536 Y91.865 E667.97726
G1 X113.906 Y92.7 E668.01205
G1 X113.51 Y93.666 E668.04678
G1 X113.382 Y94.702 E668.0815
G1 X113.528 Y95.73 E668.11603
G1 X113.935 Y96.697 E668.15093
G1 X114.573 Y97.516 E668.18546
G1 X115.407 Y98.145 E668.2202
G1 X116.373 Y98.538 E668.25489
G1 X117.382 Y98.663 E668.2887
G1 X117.41 Y98.666 E668.28964
G0 F9000 X117.414 Y99.07
;TYPE:WALL-OUTER
G1 F961.7 X118.546 Y98.909 E668.32767
G1 X119.605 Y98.462 E668.3659
G1 X120.508 Y97.758 E668.40398
G1 X121.2 Y96.84 E668.44222
G1 X121.632 Y95.776 E668.48041
G1 X121.778 Y94.634 E668.51871
G1 X121.617 Y93.502 E668.55674
G1 X121.17 Y92.443 E668.59497
G1 X120.466 Y91.54 E668.63305
G1 X119.548 Y90.848 E668.67129
G1 X118.484 Y90.416 E668.70948
G1 X117.342 Y90.27 E668.74777
G1 X116.21 Y90.431 E668.7858
G1 X115.147 Y90.878 E668.82416
G1 X114.248 Y91.582 E668.86213
G1 X113.556 Y92.5 E668.90037
G1 X113.12 Y93.564 E668.93862
G1 X112.978 Y94.706 E668.97689
G1 X113.139 Y95.838 E669.01492
G1 X113.587 Y96.901 E669.05329
G1 X114.29 Y97.804 E669.09135
G1 X115.208 Y98.496 E669.12959
G1 X116.271 Y98.928 E669.16775
G1 X117.383 Y99.066 E669.20502
G1 X117.414 Y99.07 E669.20606
G0 F9000 X117.408 Y98.356
G0 X116.037 Y98.068
G0 X115.951 Y98.279
;TYPE:FILL
G1 F961.7 X117.947 Y90.831 E669.46252
G0 F9000 X117.918 Y91.06
G0 X115.108 Y91.813
G0 X114.966 Y91.63
G1 F961.7 X120.417 Y97.082 E669.71894
G0 F9000 X120.238 Y96.946
G0 X120.99 Y94.134
G0 X121.217 Y94.104
G1 F961.7 X113.77 Y96.1 E669.97537
G0 F9000 X114.259 Y95.894
G1 F1500 E663.47537
;MESH:dubelHinge.stl
G0 F9000 X115.321 Y98.296
G0 X114.91 Y99.31
G0 X115.967 Y101.019
G0 X116.394 Y102.026
G0 X117.529 Y109.728
G0 X117.53 Y110.038
;TYPE:WALL-INNER
G1 F1500 E669.97537
G1 F961.7 X118.558 Y109.892 E670.00991
G1 X119.525 Y109.485 E670.0448
G1 X120.344 Y108.847 E670.07933
G1 X120.973 Y108.013 E670.11408
G1 X121.366 Y107.047 E670.14876
G1 X121.494 Y106.01 E670.18352
G1 X121.348 Y104.982 E670.21805
G1 X120.942 Y104.015 E670.25293
G1 X120.303 Y103.2 E670.28738
G1 X119.469 Y102.571 E670.32212
G1 X118.502 Y102.178 E670.35684
G1 X117.465 Y102.046 E670.39161
G1 X116.438 Y102.192 E670.42611
G1 X115.475 Y102.598 E670.46087
G1 X114.656 Y103.237 E670.49542
G1 X114.027 Y104.071 E670.53016
G1 X113.634 Y105.038 E670.56488
G1 X113.502 Y106.075 E670.59965
G1 X113.648 Y107.102 E670.63415
G1 X114.054 Y108.065 E670.66891
G1 X114.693 Y108.884 E670.70346
G1 X115.528 Y109.514 E670.73825
G1 X116.494 Y109.91 E670.77298
G1 X117.5 Y110.034 E670.80669
G1 X117.53 Y110.038 E670.8077
G0 F9000 X117.534 Y110.442
;TYPE:WALL-OUTER
G1 F961.7 X118.666 Y110.281 E670.84572
G1 X119.729 Y109.833 E670.88409
G1 X120.632 Y109.13 E670.92215
G1 X121.324 Y108.212 E670.96039
G1 X121.756 Y107.149 E670.99855
G1 X121.898 Y106.006 E671.03686
G1 X121.737 Y104.874 E671.07489
G1 X121.29 Y103.811 E671.11325
G1 X120.586 Y102.912 E671.15122
G1 X119.668 Y102.22 E671.18946
G1 X118.604 Y101.788 E671.22765
G1 X117.462 Y101.642 E671.26595
G1 X116.33 Y101.803 E671.30398
G1 X115.271 Y102.25 E671.34221
G1 X114.368 Y102.954 E671.38029
G1 X113.676 Y103.872 E671.41853
G1 X113.244 Y104.936 E671.45672
G1 X113.098 Y106.078 E671.49501
G1 X113.259 Y107.21 E671.53304
G1 X113.706 Y108.269 E671.57127
G1 X114.41 Y109.172 E671.60936
G1 X115.328 Y109.864 E671.64759
G1 X116.392 Y110.3 E671.68584
G1 X117.5 Y110.438 E671.72297
G1 X117.534 Y110.442 E671.72411
G0 F9000 X117.529 Y109.728
G0 X116.158 Y109.441
G0 X116.072 Y109.651
;TYPE:FILL
G1 F961.7 X118.068 Y102.203 E671.98058
G0 F9000 X118.039 Y102.432
G0 X115.228 Y103.185
G0 X115.087 Y103.003
G1 F961.7 X120.54 Y108.455 E672.23704
G0 F9000 X120.359 Y108.317
G0 X121.111 Y105.506
G0 X121.337 Y105.476
G1 F961.7 X113.89 Y107.471 E672.49347
G0 F9000 X114.379 Y107.267
G1 F1500 E665.99347
;MESH:NONMESH
G0 F300 X114.379 Y107.267 Z17.8
G0 F9000 X117.468 Y101.877
G0 X117.318 Y100.795
G0 X117.278 Y99.925
G0 X117.411 Y98.839
G0 X117.408 Y98.356
G0 X117.41 Y98.666
;TIME_ELAPSED:1395.984075
;LAYER:88
;note -- min layer time used
;TYPE:WALL-INNER
;MESH:dubelHinge.stl(1)
G1 F1500 E672.49347
G1 F959.7 X118.438 Y98.521 E672.528
G1 X119.401 Y98.114 E672.56277
G1 X120.22 Y97.475 E672.59732
G1 X120.849 Y96.641 E672.63206
G1 X121.242 Y95.674 E672.66678
G1 X121.374 Y94.637 E672.70155
G1 X121.228 Y93.61 E672.73605
G1 X120.822 Y92.647 E672.77081
G1 X120.183 Y91.828 E672.80536
G1 X119.348 Y91.2 E672.84011
G1 X118.382 Y90.806 E672.87481
G1 X117.345 Y90.674 E672.90958
G1 X116.318 Y90.82 E672.94408
G1 X115.351 Y91.226 E672.97896
G1 X114.536 Y91.865 E673.01341
G1 X113.906 Y92.7 E673.0482
G1 X113.51 Y93.666 E673.08292
G1 X113.382 Y94.702 E673.11764
G1 X113.528 Y95.73 E673.15218
G1 X113.935 Y96.697 E673.18707
G1 X114.573 Y97.516 E673.2216
G1 X115.407 Y98.145 E673.25635
G1 X116.373 Y98.538 E673.29103
G1 X117.382 Y98.663 E673.32485
G1 X117.41 Y98.666 E673.32579
G0 F9000 X117.414 Y99.07
;TYPE:WALL-OUTER
G1 F959.7 X118.546 Y98.909 E673.36381
G1 X119.605 Y98.462 E673.40205
G1 X120.508 Y97.758 E673.44013
G1 X121.2 Y96.84 E673.47836
G1 X121.632 Y95.776 E673.51656
G1 X121.778 Y94.634 E673.55485
G1 X121.617 Y93.502 E673.59288
G1 X121.17 Y92.443 E673.63111
G1 X120.466 Y91.54 E673.6692
G1 X119.548 Y90.848 E673.70743
G1 X118.484 Y90.416 E673.74563
G1 X117.342 Y90.27 E673.78392
G1 X116.21 Y90.431 E673.82195
G1 X115.147 Y90.878 E673.8603
G1 X114.248 Y91.582 E673.89828
G1 X113.556 Y92.5 E673.93652
G1 X113.12 Y93.564 E673.97476
G1 X112.978 Y94.706 E674.01304
G1 X113.139 Y95.838 E674.05107
G1 X113.587 Y96.901 E674.08943
G1 X114.29 Y97.804 E674.1275
G1 X115.208 Y98.496 E674.16573
G1 X116.271 Y98.928 E674.20389
G1 X117.383 Y99.066 E674.24116
G1 X117.414 Y99.07 E674.2422
G0 F9000 X117.408 Y98.356
G0 X115.906 Y98.015
G0 X115.82 Y98.226
;TYPE:FILL
G1 F959.7 X117.806 Y90.813 E674.49746
G0 F9000 X117.777 Y91.042
G0 X115.22 Y91.726
G0 X115.077 Y91.542
G1 F959.7 X120.503 Y96.968 E674.75268
G0 F9000 X120.324 Y96.832
G0 X121.01 Y94.275
G0 X121.237 Y94.245
G1 F959.7 X113.825 Y96.231 E675.0079
G0 F9000 X114.314 Y96.024
G1 F1500 E668.5079
;MESH:dubelHinge.stl
G0 F9000 X115.321 Y98.296
G0 X114.91 Y99.31
G0 X115.967 Y101.019
G0 X116.394 Y102.026
G0 X117.529 Y109.728
G0 X117.53 Y110.038
;TYPE:WALL-INNER
G1 F1500 E675.0079
G1 F959.7 X118.558 Y109.892 E675.04243
G1 X119.525 Y109.485 E675.07733
G1 X120.344 Y108.847 E675.11186
G1 X120.973 Y108.013 E675.1466
G1 X121.366 Y107.047 E675.18129
G1 X121.494 Y106.01 E675.21604
G1 X121.348 Y104.982 E675.25057
G1 X120.942 Y104.015 E675.28546
G1 X120.303 Y103.2 E675.3199
G1 X119.469 Y102.571 E675.35465
G1 X118.502 Y102.178 E675.38936
G1 X117.465 Y102.046 E675.42413
G1 X116.438 Y102.192 E675.45863
G1 X115.475 Y102.598 E675.49339
G1 X114.656 Y103.237 E675.52794
G1 X114.027 Y104.071 E675.56269
G1 X113.634 Y105.038 E675.59741
G1 X113.502 Y106.075 E675.63217
G1 X113.648 Y107.102 E675.66668
G1 X114.054 Y108.065 E675.70144
G1 X114.693 Y108.884 E675.73599
G1 X115.528 Y109.514 E675.77078
G1 X116.494 Y109.91 E675.8055
G1 X117.5 Y110.034 E675.83921
G1 X117.53 Y110.038 E675.84022
G0 F9000 X117.534 Y110.442
;TYPE:WALL-OUTER
G1 F959.7 X118.666 Y110.281 E675.87825
G1 X119.729 Y109.833 E675.91662
G1 X120.632 Y109.13 E675.95468
G1 X121.324 Y108.212 E675.99291
G1 X121.756 Y107.149 E676.03108
G1 X121.898 Y106.006 E676.06939
G1 X121.737 Y104.874 E676.10742
G1 X121.29 Y103.811 E676.14577
G1 X120.586 Y102.912 E676.18375
G1 X119.668 Y102.22 E676.22198
G1 X118.604 Y101.788 E676.26018
G1 X117.462 Y101.642 E676.29847
G1 X116.33 Y101.803 E676.3365
G1 X115.271 Y102.25 E676.37473
G1 X114.368 Y102.954 E676.41281
G1 X113.676 Y103.872 E676.45105
G1 X113.244 Y104.936 E676.48925
G1 X113.098 Y106.078 E676.52754
G1 X113.259 Y107.21 E676.56557
G1 X113.706 Y108.269 E676.6038
G1 X114.41 Y109.172 E676.64188
G1 X115.328 Y109.864 E676.68012
G1 X116.392 Y110.3 E676.71836
G1 X117.5 Y110.438 E676.7555
G1 X117.534 Y110.442 E676.75664
G0 F9000 X117.529 Y109.728
G0 X116.027 Y109.387
G0 X115.941 Y109.597
;TYPE:FILL
G1 F959.7 X117.927 Y102.185 E677.01186
G0 F9000 X117.898 Y102.414
G0 X115.34 Y103.098
G0 X115.199 Y102.915
G1 F959.7 X120.625 Y108.341 E677.26708
G0 F9000 X120.445 Y108.204
G0 X121.13 Y105.646
G0 X121.357 Y105.616
G1 F959.7 X113.945 Y107.602 E677.5223
G0 F9000 X114.434 Y107.398
G1 F1500 E671.0223
;MESH:NONMESH
G0 F300 X114.434 Y107.398 Z18
G0 F9000 X117.468 Y101.877
G0 X117.318 Y100.795
G0 X117.278 Y99.925
G0 X117.411 Y98.839
G0 X117.408 Y98.356
G0 X117.41 Y98.666
;TIME_ELAPSED:1408.827562
;LAYER:89
;note -- min layer time used
;TYPE:WALL-INNER
;MESH:dubelHinge.stl(1)
G1 F1500 E677.5223
G1 F957.8 X118.438 Y98.521 E677.55683
G1 X119.401 Y98.114 E677.5916
G1 X120.22 Y97.475 E677.62615
G1 X120.849 Y96.641 E677.6609
G1 X121.242 Y95.674 E677.69561
G1 X121.374 Y94.637 E677.73038
G1 X121.228 Y93.61 E677.76488
G1 X120.822 Y92.647 E677.79964
G1 X120.183 Y91.828 E677.83419
G1 X119.348 Y91.2 E677.86895
G1 X118.382 Y90.806 E677.90364
G1 X117.345 Y90.674 E677.93841
G1 X116.318 Y90.82 E677.97291
G1 X115.351 Y91.226 E678.0078
G1 X114.536 Y91.865 E678.04224
G1 X113.906 Y92.7 E678.07703
G1 X113.51 Y93.666 E678.11176
G1 X113.382 Y94.702 E678.14648
G1 X113.528 Y95.73 E678.18101
G1 X113.935 Y96.697 E678.21591
G1 X114.573 Y97.516 E678.25044
G1 X115.407 Y98.145 E678.28518
G1 X116.373 Y98.538 E678.31987
G1 X117.382 Y98.663 E678.35368
G1 X117.41 Y98.666 E678.35462
G0 F9000 X117.414 Y99.07
;TYPE:WALL-OUTER
G1 F957.8 X118.546 Y98.909 E678.39265
G1 X119.605 Y98.462 E678.43088
G1 X120.508 Y97.758 E678.46896
G1 X121.2 Y96.84 E678.5072
G1 X121.632 Y95.776 E678.54539
G1 X121.778 Y94.634 E678.58369
G1 X121.617 Y93.502 E678.62171
G1 X121.17 Y92.443 E678.65995
G1 X120.466 Y91.54 E678.69803
G1 X119.548 Y90.848 E678.73627
G1 X118.484 Y90.416 E678.77446
G1 X117.342 Y90.27 E678.81275
G1 X116.21 Y90.431 E678.85078
G1 X115.147 Y90.878 E678.88914
G1 X114.248 Y91.582 E678.92711
G1 X113.556 Y92.5 E678.96535
G1 X113.12 Y93.564 E679.00359
G1 X112.978 Y94.706 E679.04187
G1 X113.139 Y95.838 E679.0799
G1 X113.587 Y96.901 E679.11827
G1 X114.29 Y97.804 E679.15633
G1 X115.208 Y98.496 E679.19456
G1 X116.271 Y98.928 E679.23273
G1 X117.383 Y99.066 E679.27
G1 X117.414 Y99.07 E679.27104
G0 F9000 X117.408 Y98.356
G0 X115.774 Y97.961
G0 X115.688 Y98.172
;TYPE:FILL
G1 F957.8 X117.665 Y90.795 E679.52506
G0 F9000 X117.636 Y91.025
G0 X115.332 Y91.638
G0 X115.19 Y91.455
G1 F957.8 X120.589 Y96.854 E679.77901
G0 F9000 X120.41 Y96.718
G0 X121.029 Y94.416
G0 X121.257 Y94.386
G1 F957.8 X113.881 Y96.362 E680.03299
G0 F9000 X114.37 Y96.156
G1 F1500 E673.53299
;MESH:dubelHinge.stl
G0 F9000 X115.321 Y98.296
G0 X114.91 Y99.31
G0 X115.967 Y101.019
G0 X116.394 Y102.026
G0 X117.529 Y109.728
G0 X117.53 Y110.038
;TYPE:WALL-INNER
G1 F1500 E680.03299
G1 F957.8 X118.558 Y109.892 E680.06752
G1 X119.525 Y109.485 E680.10241
G1 X120.344 Y108.847 E680.13694
G1 X120.973 Y108.013 E680.17169
G1 X121.366 Y107.047 E680.20637
G1 X121.494 Y106.01 E680.24113
G1 X121.348 Y104.982 E680.27566
G1 X120.942 Y104.015 E680.31054
G1 X120.303 Y103.2 E680.34499
G1 X119.469 Y102.571 E680.37973
G1 X118.502 Y102.178 E680.41445
G1 X117.465 Y102.046 E680.44922
G1 X116.438 Y102.192 E680.48372
G1 X115.475 Y102.598 E680.51848
G1 X114.656 Y103.237 E680.55303
G1 X114.027 Y104.071 E680.58777
G1 X113.634 Y105.038 E680.62249
G1 X113.502 Y106.075 E680.65726
G1 X113.648 Y107.102 E680.69176
G1 X114.054 Y108.065 E680.72652
G1 X114.693 Y108.884 E680.76107
G1 X115.528 Y109.514 E680.79586
G1 X116.494 Y109.91 E680.83059
G1 X117.5 Y110.034 E680.8643
G1 X117.53 Y110.038 E680.86531
G0 F9000 X117.534 Y110.442
;TYPE:WALL-OUTER
G1 F957.8 X118.666 Y110.281 E680.90334
G1 X119.729 Y109.833 E680.9417
G1 X120.632 Y109.13 E680.97977
G1 X121.324 Y108.212 E681.018
G1 X121.756 Y107.149 E681.05617
G1 X121.898 Y106.006 E681.09447
G1 X121.737 Y104.874 E681.1325
G1 X121.29 Y103.811 E681.17086
G1 X120.586 Y102.912 E681.20884
G1 X119.668 Y102.22 E681.24707
G1 X118.604 Y101.788 E681.28527
G1 X117.462 Y101.642 E681.32356
G1 X116.33 Y101.803 E681.36159
G1 X115.271 Y102.25 E681.39982
G1 X114.368 Y102.954 E681.4379
G1 X113.676 Y103.872 E681.47614
G1 X113.244 Y104.936 E681.51433
G1 X113.098 Y106.078 E681.55262
G1 X113.259 Y107.21 E681.59065
G1 X113.706 Y108.269 E681.62889
G1 X114.41 Y109.172 E681.66697
G1 X115.328 Y109.864 E681.7052
G1 X116.392 Y110.3 E681.74345
G1 X117.5 Y110.438 E681.78059
G1 X117.534 Y110.442 E681.78172
G0 F9000 X117.529 Y109.728
G0 X115.894 Y109.334
G0 X115.809 Y109.543
;TYPE:FILL
G1 F957.8 X117.786 Y102.167 E682.03571
G0 F9000 X117.757 Y102.397
G0 X115.452 Y103.011
G0 X115.311 Y102.828
G1 F957.8 X120.711 Y108.228 E682.28971
G0 F9000 X120.531 Y108.091
G0 X121.15 Y105.787
G0 X121.377 Y105.757
G1 F957.8 X114.001 Y107.733 E682.54369
G0 F9000 X114.489 Y107.529
G1 F1500 E676.04369
;MESH:NONMESH
G0 F300 X114.489 Y107.529 Z18.2
G0 F9000 X117.468 Y101.877
G0 X117.318 Y100.795
G0 X117.278 Y99.925
G0 X117.411 Y98.839
G0 X117.408 Y98.356
G0 X117.41 Y98.666
;TIME_ELAPSED:1421.653212
;LAYER:90
;note -- min layer time used
;TYPE:WALL-INNER
;MESH:dubelHinge.stl(1)
G1 F1500 E682.54369
G1 F955.8 X118.438 Y98.521 E682.57822
G1 X119.401 Y98.114 E682.61299
G1 X120.22 Y97.475 E682.64754
G1 X120.849 Y96.641 E682.68228
G1 X121.242 Y95.674 E682.717
G1 X121.374 Y94.637 E682.75177
G1 X121.228 Y93.61 E682.78627
G1 X120.822 Y92.647 E682.82103
G1 X120.183 Y91.828 E682.85558
G1 X119.348 Y91.2 E682.89033
G1 X118.382 Y90.806 E682.92503
G1 X117.345 Y90.674 E682.9598
G1 X116.318 Y90.82 E682.9943
G1 X115.351 Y91.226 E683.02918
G1 X114.536 Y91.865 E683.06363
G1 X113.906 Y92.7 E683.09842
G1 X113.51 Y93.666 E683.13314
G1 X113.382 Y94.702 E683.16786
G1 X113.528 Y95.73 E683.2024
G1 X113.935 Y96.697 E683.23729
G1 X114.573 Y97.516 E683.27182
G1 X115.407 Y98.145 E683.30657
G1 X116.373 Y98.538 E683.34125
G1 X117.382 Y98.663 E683.37507
G1 X117.41 Y98.666 E683.37601
G0 F9000 X117.414 Y99.07
;TYPE:WALL-OUTER
G1 F955.8 X118.546 Y98.909 E683.41404
G1 X119.605 Y98.462 E683.45227
G1 X120.508 Y97.758 E683.49035
G1 X121.2 Y96.84 E683.52859
G1 X121.632 Y95.776 E683.56678
G1 X121.778 Y94.634 E683.60507
G1 X121.617 Y93.502 E683.6431
G1 X121.17 Y92.443 E683.68133
G1 X120.466 Y91.54 E683.71942
G1 X119.548 Y90.848 E683.75765
G1 X118.484 Y90.416 E683.79585
G1 X117.342 Y90.27 E683.83414
G1 X116.21 Y90.431 E683.87217
G1 X115.147 Y90.878 E683.91052
G1 X114.248 Y91.582 E683.9485
G1 X113.556 Y92.5 E683.98674
G1 X113.12 Y93.564 E684.02498
G1 X112.978 Y94.706 E684.06326
G1 X113.139 Y95.838 E684.10129
G1 X113.587 Y96.901 E684.13965
G1 X114.29 Y97.804 E684.17772
G1 X115.208 Y98.496 E684.21595
G1 X116.271 Y98.928 E684.25412
G1 X117.383 Y99.066 E684.29138
G1 X117.414 Y99.07 E684.29242
G0 F9000 X117.408 Y98.356
G0 X115.642 Y97.908
G0 X115.556 Y98.118
;TYPE:FILL
G1 F955.8 X117.523 Y90.776 E684.54523
G0 F9000 X117.494 Y91.007
G0 X115.445 Y91.551
G0 X115.302 Y91.367
G1 F955.8 X120.675 Y96.739 E684.79794
G0 F9000 X120.497 Y96.603
G0 X121.049 Y94.557
G0 X121.277 Y94.527
G1 F955.8 X113.936 Y96.494 E685.05071
G0 F9000 X114.425 Y96.287
G1 F1500 E678.55071
;MESH:dubelHinge.stl
G0 F9000 X115.321 Y98.296
G0 X114.91 Y99.31
G0 X115.967 Y101.019
G0 X116.394 Y102.026
G0 X117.529 Y109.728
G0 X117.53 Y110.038
;TYPE:WALL-INNER
G1 F1500 E685.05071
G1 F955.8 X118.558 Y109.892 E685.08525
G1 X119.525 Y109.485 E685.12014
G1 X120.344 Y108.847 E685.15467
G1 X120.973 Y108.013 E685.18942
G1 X121.366 Y107.047 E685.2241
G1 X121.494 Y106.01 E685.25886
G1 X121.348 Y104.982 E685.29339
G1 X120.942 Y104.015 E685.32827
G1 X120.303 Y103.2 E685.36272
G1 X119.469 Y102.571 E685.39746
G1 X118.502 Y102.178 E685.43218
G1 X117.465 Y102.046 E685.46695
G1 X116.438 Y102.192 E685.50145
G1 X115.475 Y102.598 E685.53621
G1 X114.656 Y103.237 E685.57076
G1 X114.027 Y104.071 E685.6055
G1 X113.634 Y105.038 E685.64022
G1 X113.502 Y106.075 E685.67499
G1 X113.648 Y107.102 E685.70949
G1 X114.054 Y108.065 E685.74425
G1 X114.693 Y108.884 E685.7788
G1 X115.528 Y109.514 E685.81359
G1 X116.494 Y109.91 E685.84832
G1 X117.5 Y110.034 E685.88203
G1 X117.53 Y110.038 E685.88303
G0 F9000 X117.534 Y110.442
;TYPE:WALL-OUTER
G1 F955.8 X118.666 Y110.281 E685.92106
G1 X119.729 Y109.833 E685.95943
G1 X120.632 Y109.13 E685.99749
G1 X121.324 Y108.212 E686.03573
G1 X121.756 Y107.149 E686.07389
G1 X121.898 Y106.006 E686.1122
G1 X121.737 Y104.874 E686.15023
G1 X121.29 Y103.811 E686.18859
G1 X120.586 Y102.912 E686.22656
G1 X119.668 Y102.22 E686.2648
G1 X118.604 Y101.788 E686.30299
G1 X117.462 Y101.642 E686.34129
G1 X116.33 Y101.803 E686.37932
G1 X115.271 Y102.25 E686.41755
G1 X114.368 Y102.954 E686.45563
G1 X113.676 Y103.872 E686.49387
G1 X113.244 Y104.936 E686.53206
G1 X113.098 Y106.078 E686.57035
G1 X113.259 Y107.21 E686.60838
G1 X113.706 Y108.269 E686.64661
G1 X114.41 Y109.172 E686.6847
G1 X115.328 Y109.864 E686.72293
G1 X116.392 Y110.3 E686.76118
G1 X117.5 Y110.438 E686.79831
G1 X117.534 Y110.442 E686.79945
G0 F9000 X117.529 Y109.728
G0 X115.762 Y109.28
G0 X115.677 Y109.489
;TYPE:FILL
G1 F955.8 X117.643 Y102.149 E687.05219
G0 F9000 X117.614 Y102.379
G0 X115.566 Y102.923
G0 X115.424 Y102.74
G1 F955.8 X120.798 Y108.114 E687.30496
G0 F9000 X120.617 Y107.976
G0 X121.17 Y105.929
G0 X121.396 Y105.899
G1 F955.8 X114.057 Y107.865 E687.55767
G0 F9000 X114.545 Y107.661
G1 F1500 E681.05767
;MESH:NONMESH
G0 F300 X114.545 Y107.661 Z18.4
G0 F9000 X117.468 Y101.877
G0 X117.318 Y100.795
G0 X117.278 Y99.925
G0 X117.411 Y98.839
G0 X117.408 Y98.356
G0 X117.41 Y98.666
;TIME_ELAPSED:1434.458847
;LAYER:91
;note -- min layer time used
;TYPE:WALL-INNER
;MESH:dubelHinge.stl(1)
G1 F1500 E687.55767
G1 F953.6 X118.438 Y98.521 E687.5922
G1 X119.401 Y98.114 E687.62697
G1 X120.22 Y97.475 E687.66152
G1 X120.849 Y96.641 E687.69626
G1 X121.242 Y95.674 E687.73098
G1 X121.374 Y94.637 E687.76575
G1 X121.228 Y93.61 E687.80025
G1 X120.822 Y92.647 E687.83501
G1 X120.183 Y91.828 E687.86956
G1 X119.348 Y91.2 E687.90431
G1 X118.382 Y90.806 E687.93901
G1 X117.345 Y90.674 E687.97378
G1 X116.318 Y90.82 E688.00828
G1 X115.351 Y91.226 E688.04316
G1 X114.536 Y91.865 E688.07761
G1 X113.906 Y92.7 E688.1124
G1 X113.51 Y93.666 E688.14712
G1 X113.382 Y94.702 E688.18184
G1 X113.528 Y95.73 E688.21638
G1 X113.935 Y96.697 E688.25127
G1 X114.573 Y97.516 E688.2858
G1 X115.407 Y98.145 E688.32055
G1 X116.373 Y98.538 E688.35523
G1 X117.382 Y98.663 E688.38905
G1 X117.41 Y98.666 E688.38999
G0 F9000 X117.414 Y99.07
;TYPE:WALL-OUTER
G1 F953.6 X118.546 Y98.909 E688.42801
G1 X119.605 Y98.462 E688.46625
G1 X120.508 Y97.758 E688.50433
G1 X121.2 Y96.84 E688.54257
G1 X121.632 Y95.776 E688.58076
G1 X121.778 Y94.634 E688.61905
G1 X121.617 Y93.502 E688.65708
G1 X121.17 Y92.443 E688.69531
G1 X120.466 Y91.54 E688.7334
G1 X119.548 Y90.848 E688.77163
G1 X118.484 Y90.416 E688.80983
G1 X117.342 Y90.27 E688.84812
G1 X116.21 Y90.431 E688.88615
G1 X115.147 Y90.878 E688.9245
G1 X114.248 Y91.582 E688.96248
G1 X113.556 Y92.5 E689.00072
G1 X113.12 Y93.564 E689.03896
G1 X112.978 Y94.706 E689.07724
G1 X113.139 Y95.838 E689.11527
G1 X113.587 Y96.901 E689.15363
G1 X114.29 Y97.804 E689.1917
G1 X115.208 Y98.496 E689.22993
G1 X116.271 Y98.928 E689.26809
G1 X117.383 Y99.066 E689.30536
G1 X117.414 Y99.07 E689.3064
G0 F9000 X117.408 Y98.356
G0 X115.559 Y97.875
G0 X115.426 Y98.058
;TYPE:FILL
G1 F953.6 X117.381 Y90.759 E689.55773
G0 F9000 X117.352 Y90.989
G0 X115.515 Y91.495
G0 X115.42 Y91.285
G1 F953.6 X120.761 Y96.626 E689.80895
G0 F9000 X120.582 Y96.49
G0 X121.062 Y94.642
G0 X121.288 Y94.67
G1 F953.6 X113.992 Y96.625 E690.06018
G0 F9000 X114.488 Y96.413
G1 F1500 E683.56018
;MESH:dubelHinge.stl
G0 F9000 X115.321 Y98.296
G0 X114.91 Y99.31
G0 X115.967 Y101.019
G0 X116.394 Y102.026
G0 X117.529 Y109.728
G0 X117.53 Y110.038
;TYPE:WALL-INNER
G1 F1500 E690.06018
G1 F953.6 X118.558 Y109.892 E690.09471
G1 X119.525 Y109.485 E690.12961
G1 X120.344 Y108.847 E690.16414
G1 X120.973 Y108.013 E690.19888
G1 X121.366 Y107.047 E690.23357
G1 X121.494 Y106.01 E690.26832
G1 X121.348 Y104.982 E690.30285
G1 X120.942 Y104.015 E690.33774
G1 X120.303 Y103.2 E690.37218
G1 X119.469 Y102.571 E690.40693
G1 X118.502 Y102.178 E690.44164
G1 X117.465 Y102.046 E690.47641
G1 X116.438 Y102.192 E690.51091
G1 X115.475 Y102.598 E690.54567
G1 X114.656 Y103.237 E690.58022
G1 X114.027 Y104.071 E690.61497
G1 X113.634 Y105.038 E690.64968
G1 X113.502 Y106.075 E690.68445
G1 X113.648 Y107.102 E690.71895
G1 X114.054 Y108.065 E690.75371
G1 X114.693 Y108.884 E690.78826
G1 X115.528 Y109.514 E690.82305
G1 X116.494 Y109.91 E690.85778
G1 X117.5 Y110.034 E690.89149
G1 X117.53 Y110.038 E690.8925
G0 F9000 X117.534 Y110.442
;TYPE:WALL-OUTER
G1 F953.6 X118.666 Y110.281 E690.93053
G1 X119.729 Y109.833 E690.9689
G1 X120.632 Y109.13 E691.00696
G1 X121.324 Y108.212 E691.04519
G1 X121.756 Y107.149 E691.08336
G1 X121.898 Y106.006 E691.12167
G1 X121.737 Y104.874 E691.1597
G1 X121.29 Y103.811 E691.19805
G1 X120.586 Y102.912 E691.23603
G1 X119.668 Y102.22 E691.27426
G1 X118.604 Y101.788 E691.31246
G1 X117.462 Y101.642 E691.35075
G1 X116.33 Y101.803 E691.38878
G1 X115.271 Y102.25 E691.42701
G1 X114.368 Y102.954 E691.46509
G1 X113.676 Y103.872 E691.50333
G1 X113.244 Y104.936 E691.54152
G1 X113.098 Y106.078 E691.57982
G1 X113.259 Y107.21 E691.61785
G1 X113.706 Y108.269 E691.65608
G1 X114.41 Y109.172 E691.69416
G1 X115.328 Y109.864 E691.7324
G1 X116.392 Y110.3 E691.77064
G1 X117.5 Y110.438 E691.80778
G1 X117.534 Y110.442 E691.80892
G0 F9000 X117.529 Y109.728
G0 X115.684 Y109.248
G0 X115.547 Y109.428
;TYPE:FILL
G1 F953.6 X117.502 Y102.131 E692.06018
G0 F9000 X117.473 Y102.361
G0 X115.631 Y102.871
G0 X115.541 Y102.658
G1 F953.6 X120.883 Y108 E692.31145
G0 F9000 X120.703 Y107.863
G0 X121.183 Y106.013
G0 X121.408 Y106.041
G1 F953.6 X114.112 Y107.997 E692.56268
G0 F9000 X114.61 Y107.786
G1 F1500 E686.06268
;MESH:NONMESH
G0 F300 X114.61 Y107.786 Z18.6
G0 F9000 X117.468 Y101.877
G0 X117.318 Y100.795
G0 X117.278 Y99.925
G0 X117.411 Y98.839
G0 X117.408 Y98.356
G0 X117.41 Y98.666
;TIME_ELAPSED:1447.250662
;LAYER:92
;note -- min layer time used
;TYPE:WALL-INNER
;MESH:dubelHinge.stl(1)
G1 F1500 E692.56268
G1 F949.1 X118.438 Y98.521 E692.59721
G1 X119.401 Y98.114 E692.63198
G1 X120.22 Y97.475 E692.66653
G1 X120.849 Y96.641 E692.70128
G1 X121.242 Y95.674 E692.736
G1 X121.374 Y94.637 E692.77076
G1 X121.228 Y93.61 E692.80527
G1 X120.822 Y92.647 E692.84003
G1 X120.183 Y91.828 E692.87458
G1 X119.348 Y91.2 E692.90933
G1 X118.382 Y90.806 E692.94403
G1 X117.345 Y90.674 E692.97879
G1 X116.318 Y90.82 E693.0133
G1 X115.351 Y91.226 E693.04818
G1 X114.536 Y91.865 E693.08262
G1 X113.906 Y92.7 E693.11741
G1 X113.51 Y93.666 E693.15214
G1 X113.382 Y94.702 E693.18686
G1 X113.528 Y95.73 E693.22139
G1 X113.935 Y96.697 E693.25629
G1 X114.573 Y97.516 E693.29082
G1 X115.407 Y98.145 E693.32556
G1 X116.373 Y98.538 E693.36025
G1 X117.382 Y98.663 E693.39406
G1 X117.41 Y98.666 E693.395
G0 F9000 X117.414 Y99.07
;TYPE:WALL-OUTER
G1 F949.1 X118.546 Y98.909 E693.43303
G1 X119.605 Y98.462 E693.47126
G1 X120.508 Y97.758 E693.50934
G1 X121.2 Y96.84 E693.54758
G1 X121.632 Y95.776 E693.58577
G1 X121.778 Y94.634 E693.62407
G1 X121.617 Y93.502 E693.6621
G1 X121.17 Y92.443 E693.70033
G1 X120.466 Y91.54 E693.73841
G1 X119.548 Y90.848 E693.77665
G1 X118.484 Y90.416 E693.81484
G1 X117.342 Y90.27 E693.85313
G1 X116.21 Y90.431 E693.89116
G1 X115.147 Y90.878 E693.92952
G1 X114.248 Y91.582 E693.96749
G1 X113.556 Y92.5 E694.00573
G1 X113.12 Y93.564 E694.04398
G1 X112.978 Y94.706 E694.08225
G1 X113.139 Y95.838 E694.12028
G1 X113.587 Y96.901 E694.15865
G1 X114.29 Y97.804 E694.19671
G1 X115.208 Y98.496 E694.23495
G1 X116.271 Y98.928 E694.27311
G1 X117.383 Y99.066 E694.31038
G1 X117.414 Y99.07 E694.31142
G0 F9000 X117.408 Y98.356
G0 X115.441 Y97.785
G0 X115.303 Y97.966
;TYPE:FILL
G1 F949.1 X117.231 Y90.771 E694.55917
G0 F9000 X117.262 Y91.003
G0 X115.65 Y91.439
G0 X115.561 Y91.225
G1 F949.1 X120.825 Y96.489 E694.80677
G0 F9000 X120.617 Y96.404
G0 X121.043 Y94.794
G0 X121.269 Y94.822
G1 F949.1 X114.078 Y96.749 E695.05438
G0 F9000 X114.497 Y96.425
G1 F1500 E688.55438
;MESH:dubelHinge.stl
G0 F9000 X115.321 Y98.296
G0 X114.91 Y99.31
G0 X115.967 Y101.019
G0 X116.394 Y102.026
G0 X117.529 Y109.728
G0 X117.53 Y110.038
;TYPE:WALL-INNER
G1 F1500 E695.05438
G1 F949.1 X118.558 Y109.892 E695.08892
G1 X119.525 Y109.485 E695.12381
G1 X120.344 Y108.847 E695.15834
G1 X120.973 Y108.013 E695.19309
G1 X121.366 Y107.047 E695.22777
G1 X121.494 Y106.01 E695.26252
G1 X121.348 Y104.982 E695.29706
G1 X120.942 Y104.015 E695.33194
G1 X120.303 Y103.2 E695.36639
G1 X119.469 Y102.571 E695.40113
G1 X118.502 Y102.178 E695.43585
G1 X117.465 Y102.046 E695.47062
G1 X116.438 Y102.192 E695.50512
G1 X115.475 Y102.598 E695.53988
G1 X114.656 Y103.237 E695.57443
G1 X114.027 Y104.071 E695.60917
G1 X113.634 Y105.038 E695.64389
G1 X113.502 Y106.075 E695.67866
G1 X113.648 Y107.102 E695.71316
G1 X114.054 Y108.065 E695.74792
G1 X114.693 Y108.884 E695.78247
G1 X115.528 Y109.514 E695.81726
G1 X116.494 Y109.91 E695.85198
G1 X117.5 Y110.034 E695.8857
G1 X117.53 Y110.038 E695.8867
G0 F9000 X117.534 Y110.442
;TYPE:WALL-OUTER
G1 F949.1 X118.666 Y110.281 E695.92473
G1 X119.729 Y109.833 E695.9631
G1 X120.632 Y109.13 E696.00116
G1 X121.324 Y108.212 E696.0394
G1 X121.756 Y107.149 E696.07756
G1 X121.898 Y106.006 E696.11587
G1 X121.737 Y104.874 E696.1539
G1 X121.29 Y103.811 E696.19225
G1 X120.586 Y102.912 E696.23023
G1 X119.668 Y102.22 E696.26847
G1 X118.604 Y101.788 E696.30666
G1 X117.462 Y101.642 E696.34496
G1 X116.33 Y101.803 E696.38298
G1 X115.271 Y102.25 E696.42122
G1 X114.368 Y102.954 E696.4593
G1 X113.676 Y103.872 E696.49754
G1 X113.244 Y104.936 E696.53573
G1 X113.098 Y106.078 E696.57402
G1 X113.259 Y107.21 E696.61205
G1 X113.706 Y108.269 E696.65028
G1 X114.41 Y109.172 E696.68837
G1 X115.328 Y109.864 E696.7266
G1 X116.392 Y110.3 E696.76485
G1 X117.5 Y110.438 E696.80198
G1 X117.534 Y110.442 E696.80312
G0 F9000 X117.529 Y109.728
G0 X115.562 Y109.156
G0 X115.425 Y109.336
;TYPE:FILL
G1 F949.1 X117.352 Y102.142 E697.05083
G0 F9000 X117.383 Y102.374
G0 X115.772 Y102.812
G0 X115.682 Y102.598
G1 F949.1 X120.948 Y107.863 E697.2985
G0 F9000 X120.737 Y107.777
G0 X121.164 Y106.165
G0 X121.39 Y106.193
G1 F949.1 X114.199 Y108.12 E697.54612
G0 F9000 X114.617 Y107.795
G1 F1500 E691.04612
;MESH:NONMESH
G0 F300 X114.617 Y107.795 Z18.8
G0 F9000 X117.468 Y101.877
G0 X117.318 Y100.795
G0 X117.278 Y99.925
G0 X117.411 Y98.839
G0 X117.408 Y98.356
G0 X117.41 Y98.666
;TIME_ELAPSED:1460.034195
;LAYER:93
;note -- min layer time used
;TYPE:WALL-INNER
;MESH:dubelHinge.stl(1)
G1 F1500 E697.54612
G1 F944 X118.438 Y98.521 E697.58065
G1 X119.401 Y98.114 E697.61542
G1 X120.22 Y97.475 E697.64997
G1 X120.849 Y96.641 E697.68471
G1 X121.242 Y95.674 E697.71943
G1 X121.374 Y94.637 E697.7542
G1 X121.228 Y93.61 E697.7887
G1 X120.822 Y92.647 E697.82346
G1 X120.183 Y91.828 E697.85801
G1 X119.348 Y91.2 E697.89276
G1 X118.382 Y90.806 E697.92746
G1 X117.345 Y90.674 E697.96223
G1 X116.318 Y90.82 E697.99673
G1 X115.351 Y91.226 E698.03161
G1 X114.536 Y91.865 E698.06606
G1 X113.906 Y92.7 E698.10085
G1 X113.51 Y93.666 E698.13557
G1 X113.382 Y94.702 E698.17029
G1 X113.528 Y95.73 E698.20483
G1 X113.935 Y96.697 E698.23972
G1 X114.573 Y97.516 E698.27425
G1 X115.407 Y98.145 E698.30899
G1 X116.373 Y98.538 E698.34368
G1 X117.382 Y98.663 E698.3775
G1 X117.41 Y98.666 E698.37843
G0 F9000 X117.414 Y99.07
;TYPE:WALL-OUTER
G1 F944 X118.546 Y98.909 E698.41646
G1 X119.605 Y98.462 E698.4547
G1 X120.508 Y97.758 E698.49278
G1 X121.2 Y96.84 E698.53101
G1 X121.632 Y95.776 E698.56921
G1 X121.778 Y94.634 E698.6075
G1 X121.617 Y93.502 E698.64553
G1 X121.17 Y92.443 E698.68376
G1 X120.466 Y91.54 E698.72184
G1 X119.548 Y90.848 E698.76008
G1 X118.484 Y90.416 E698.79827
G1 X117.342 Y90.27 E698.83657
G1 X116.21 Y90.431 E698.8746
G1 X115.147 Y90.878 E698.91295
G1 X114.248 Y91.582 E698.95093
G1 X113.556 Y92.5 E698.98916
G1 X113.12 Y93.564 E699.02741
G1 X112.978 Y94.706 E699.06568
G1 X113.139 Y95.838 E699.10371
G1 X113.587 Y96.901 E699.14208
G1 X114.29 Y97.804 E699.18014
G1 X115.208 Y98.496 E699.21838
G1 X116.271 Y98.928 E699.25654
G1 X117.383 Y99.066 E699.29381
G1 X117.414 Y99.07 E699.29485
G0 F9000 X117.408 Y98.356
G0 X115.32 Y97.693
G0 X115.182 Y97.874
;TYPE:FILL
G1 F944 X117.08 Y90.792 E699.53871
G0 F9000 X117.111 Y91.024
G0 X115.79 Y91.38
G0 X115.701 Y91.166
G1 F944 X120.882 Y96.347 E699.78241
G0 F9000 X120.674 Y96.262
G0 X121.024 Y94.945
G0 X121.249 Y94.973
G1 F944 X114.171 Y96.87 E700.02613
G0 F9000 X114.591 Y96.546
G1 F1500 E693.52613
;MESH:dubelHinge.stl
G0 F9000 X115.321 Y98.296
G0 X114.91 Y99.31
G0 X115.967 Y101.019
G0 X116.394 Y102.026
G0 X117.529 Y109.728
G0 X117.53 Y110.038
;TYPE:WALL-INNER
G1 F1500 E700.02613
G1 F944 X118.558 Y109.892 E700.06067
G1 X119.525 Y109.485 E700.09556
G1 X120.344 Y108.847 E700.13009
G1 X120.973 Y108.013 E700.16484
G1 X121.366 Y107.047 E700.19952
G1 X121.494 Y106.01 E700.23428
G1 X121.348 Y104.982 E700.26881
G1 X120.942 Y104.015 E700.30369
G1 X120.303 Y103.2 E700.33814
G1 X119.469 Y102.571 E700.37288
G1 X118.502 Y102.178 E700.4076
G1 X117.465 Y102.046 E700.44237
G1 X116.438 Y102.192 E700.47687
G1 X115.475 Y102.598 E700.51163
G1 X114.656 Y103.237 E700.54618
G1 X114.027 Y104.071 E700.58092
G1 X113.634 Y105.038 E700.61564
G1 X113.502 Y106.075 E700.65041
G1 X113.648 Y107.102 E700.68491
G1 X114.054 Y108.065 E700.71967
G1 X114.693 Y108.884 E700.75422
G1 X115.528 Y109.514 E700.78901
G1 X116.494 Y109.91 E700.82374
G1 X117.5 Y110.034 E700.85745
G1 X117.53 Y110.038 E700.85846
G0 F9000 X117.534 Y110.442
;TYPE:WALL-OUTER
G1 F944 X118.666 Y110.281 E700.89649
G1 X119.729 Y109.833 E700.93485
G1 X120.632 Y109.13 E700.97292
G1 X121.324 Y108.212 E701.01115
G1 X121.756 Y107.149 E701.04932
G1 X121.898 Y106.006 E701.08762
G1 X121.737 Y104.874 E701.12565
G1 X121.29 Y103.811 E701.16401
G1 X120.586 Y102.912 E701.20199
G1 X119.668 Y102.22 E701.24022
G1 X118.604 Y101.788 E701.27842
G1 X117.462 Y101.642 E701.31671
G1 X116.33 Y101.803 E701.35474
G1 X115.271 Y102.25 E701.39297
G1 X114.368 Y102.954 E701.43105
G1 X113.676 Y103.872 E701.46929
G1 X113.244 Y104.936 E701.50748
G1 X113.098 Y106.078 E701.54577
G1 X113.259 Y107.21 E701.5838
G1 X113.706 Y108.269 E701.62204
G1 X114.41 Y109.172 E701.66012
G1 X115.328 Y109.864 E701.69835
G1 X116.392 Y110.3 E701.7366
G1 X117.5 Y110.438 E701.77374
G1 X117.534 Y110.442 E701.77487
G0 F9000 X117.529 Y109.728
G0 X115.44 Y109.064
G0 X115.303 Y109.244
;TYPE:FILL
G1 F944 X117.201 Y102.164 E702.01867
G0 F9000 X117.232 Y102.395
G0 X115.913 Y102.752
G0 X115.823 Y102.539
G1 F944 X121.006 Y107.722 E702.26246
G0 F9000 X120.795 Y107.636
G0 X121.146 Y106.316
G0 X121.372 Y106.344
G1 F944 X114.293 Y108.241 E702.50622
G0 F9000 X114.711 Y107.915
G1 F1500 E696.00622
;MESH:NONMESH
G0 F300 X114.711 Y107.915 Z19
G0 F9000 X117.468 Y101.877
G0 X117.318 Y100.795
G0 X117.278 Y99.925
G0 X117.411 Y98.839
G0 X117.408 Y98.356
G0 X117.41 Y98.666
;TIME_ELAPSED:1472.783956
;LAYER:94
;note -- min layer time used
;TYPE:WALL-INNER
;MESH:dubelHinge.stl(1)
G1 F1500 E702.50622
G1 F938.9 X118.438 Y98.521 E702.54075
G1 X119.401 Y98.114 E702.57552
G1 X120.22 Y97.475 E702.61007
G1 X120.849 Y96.641 E702.64482
G1 X121.242 Y95.674 E702.67953
G1 X121.374 Y94.637 E702.7143
G1 X121.228 Y93.61 E702.7488
G1 X120.822 Y92.647 E702.78356
G1 X120.183 Y91.828 E702.81811
G1 X119.348 Y91.2 E702.85286
G1 X118.382 Y90.806 E702.88756
G1 X117.345 Y90.674 E702.92233
G1 X116.318 Y90.82 E702.95683
G1 X115.351 Y91.226 E702.99172
G1 X114.536 Y91.865 E703.02616
G1 X113.906 Y92.7 E703.06095
G1 X113.51 Y93.666 E703.09568
G1 X113.382 Y94.702 E703.1304
G1 X113.528 Y95.73 E703.16493
G1 X113.935 Y96.697 E703.19982
G1 X114.573 Y97.516 E703.23435
G1 X115.407 Y98.145 E703.2691
G1 X116.373 Y98.538 E703.30378
G1 X117.382 Y98.663 E703.3376
G1 X117.41 Y98.666 E703.33854
G0 F9000 X117.414 Y99.07
;TYPE:WALL-OUTER
G1 F938.9 X118.546 Y98.909 E703.37657
G1 X119.605 Y98.462 E703.4148
G1 X120.508 Y97.758 E703.45288
G1 X121.2 Y96.84 E703.49112
G1 X121.632 Y95.776 E703.52931
G1 X121.778 Y94.634 E703.5676
G1 X121.617 Y93.502 E703.60563
G1 X121.17 Y92.443 E703.64387
G1 X120.466 Y91.54 E703.68195
G1 X119.548 Y90.848 E703.72018
G1 X118.484 Y90.416 E703.75838
G1 X117.342 Y90.27 E703.79667
G1 X116.21 Y90.431 E703.8347
G1 X115.147 Y90.878 E703.87305
G1 X114.248 Y91.582 E703.91103
G1 X113.556 Y92.5 E703.94927
G1 X113.12 Y93.564 E703.98751
G1 X112.978 Y94.706 E704.02579
G1 X113.139 Y95.838 E704.06382
G1 X113.587 Y96.901 E704.10218
G1 X114.29 Y97.804 E704.14025
G1 X115.208 Y98.496 E704.17848
G1 X116.271 Y98.928 E704.21665
G1 X117.383 Y99.066 E704.25392
G1 X117.414 Y99.07 E704.25496
G0 F9000 X117.408 Y98.356
G0 X115.198 Y97.601
G0 X115.06 Y97.782
;TYPE:FILL
G1 F938.9 X116.927 Y90.813 E704.49492
G0 F9000 X116.958 Y91.045
G0 X115.931 Y91.32
G0 X115.842 Y91.106
G1 F938.9 X120.94 Y96.204 E704.73471
G0 F9000 X120.732 Y96.119
G0 X121.005 Y95.098
G0 X121.23 Y95.126
G1 F938.9 X114.266 Y96.992 E704.97451
G0 F9000 X114.686 Y96.668
G1 F1500 E698.47451
;MESH:dubelHinge.stl
G0 F9000 X116.33 Y98.705
G0 X116.197 Y99.791
G0 X116.631 Y100.89
G0 X116.778 Y101.954
G0 X117.529 Y109.728
G0 X117.53 Y110.038
;TYPE:WALL-INNER
G1 F1500 E704.97451
G1 F938.9 X118.558 Y109.892 E705.00904
G1 X119.525 Y109.485 E705.04394
G1 X120.344 Y108.847 E705.07847
G1 X120.973 Y108.013 E705.11321
G1 X121.366 Y107.047 E705.1479
G1 X121.494 Y106.01 E705.18265
G1 X121.348 Y104.982 E705.21718
G1 X120.942 Y104.015 E705.25207
G1 X120.303 Y103.2 E705.28651
G1 X119.469 Y102.571 E705.32126
G1 X118.502 Y102.178 E705.35597
G1 X117.465 Y102.046 E705.39074
G1 X116.438 Y102.192 E705.42524
G1 X115.475 Y102.598 E705.46
G1 X114.656 Y103.237 E705.49455
G1 X114.027 Y104.071 E705.5293
G1 X113.634 Y105.038 E705.56401
G1 X113.502 Y106.075 E705.59878
G1 X113.648 Y107.102 E705.63329
G1 X114.054 Y108.065 E705.66805
G1 X114.693 Y108.884 E705.7026
G1 X115.528 Y109.514 E705.73739
G1 X116.494 Y109.91 E705.77211
G1 X117.5 Y110.034 E705.80582
G1 X117.53 Y110.038 E705.80683
G0 F9000 X117.534 Y110.442
;TYPE:WALL-OUTER
G1 F938.9 X118.666 Y110.281 E705.84486
G1 X119.729 Y109.833 E705.88323
G1 X120.632 Y109.13 E705.92129
G1 X121.324 Y108.212 E705.95952
G1 X121.756 Y107.149 E705.99769
G1 X121.898 Y106.006 E706.036
G1 X121.737 Y104.874 E706.07403
G1 X121.29 Y103.811 E706.11238
G1 X120.586 Y102.912 E706.15036
G1 X119.668 Y102.22 E706.18859
G1 X118.604 Y101.788 E706.22679
G1 X117.462 Y101.642 E706.26508
G1 X116.33 Y101.803 E706.30311
G1 X115.271 Y102.25 E706.34134
G1 X114.368 Y102.954 E706.37942
G1 X113.676 Y103.872 E706.41766
G1 X113.244 Y104.936 E706.45586
G1 X113.098 Y106.078 E706.49415
G1 X113.259 Y107.21 E706.53218
G1 X113.706 Y108.269 E706.57041
G1 X114.41 Y109.172 E706.60849
G1 X115.328 Y109.864 E706.64673
G1 X116.392 Y110.3 E706.68497
G1 X117.5 Y110.438 E706.72211
G1 X117.534 Y110.442 E706.72325
G0 F9000 X117.529 Y109.728
G0 X115.319 Y108.972
G0 X115.181 Y109.152
;TYPE:FILL
G1 F938.9 X117.048 Y102.185 E706.96315
G0 F9000 X117.079 Y102.416
G0 X116.053 Y102.693
G0 X115.963 Y102.479
G1 F938.9 X121.064 Y107.579 E707.20306
G0 F9000 X120.853 Y107.493
G0 X121.127 Y106.468
G0 X121.352 Y106.496
G1 F938.9 X114.388 Y108.363 E707.44286
G0 F9000 X114.806 Y108.037
G1 F1500 E700.94286
;MESH:NONMESH
G0 F300 X114.806 Y108.037 Z19.2
G0 F9000 X117.468 Y101.877
G0 X117.318 Y100.795
G0 X117.278 Y99.925
G0 X117.411 Y98.839
G0 X117.408 Y98.356
G0 X117.41 Y98.666
;TIME_ELAPSED:1485.471823
;LAYER:95
;note -- min layer time used
;TYPE:WALL-INNER
;MESH:dubelHinge.stl(1)
G1 F1500 E707.44286
G1 F932.8 X118.438 Y98.521 E707.47739
G1 X119.401 Y98.114 E707.51216
G1 X120.22 Y97.475 E707.54671
G1 X120.849 Y96.641 E707.58146
G1 X121.242 Y95.674 E707.61618
G1 X121.374 Y94.637 E707.65094
G1 X121.228 Y93.61 E707.68545
G1 X120.822 Y92.647 E707.72021
G1 X120.183 Y91.828 E707.75476
G1 X119.348 Y91.2 E707.78951
G1 X118.382 Y90.806 E707.82421
G1 X117.345 Y90.674 E707.85897
G1 X116.318 Y90.82 E707.89348
G1 X115.351 Y91.226 E707.92836
G1 X114.536 Y91.865 E707.9628
G1 X113.906 Y92.7 E707.99759
G1 X113.51 Y93.666 E708.03232
G1 X113.382 Y94.702 E708.06704
G1 X113.528 Y95.73 E708.10157
G1 X113.935 Y96.697 E708.13647
G1 X114.573 Y97.516 E708.171
G1 X115.407 Y98.145 E708.20574
G1 X116.373 Y98.538 E708.24043
G1 X117.382 Y98.663 E708.27424
G1 X117.41 Y98.666 E708.27518
G0 F9000 X117.414 Y99.07
;TYPE:WALL-OUTER
G1 F932.8 X118.546 Y98.909 E708.31321
G1 X119.605 Y98.462 E708.35144
G1 X120.508 Y97.758 E708.38952
G1 X121.2 Y96.84 E708.42776
G1 X121.632 Y95.776 E708.46595
G1 X121.778 Y94.634 E708.50425
G1 X121.617 Y93.502 E708.54228
G1 X121.17 Y92.443 E708.58051
G1 X120.466 Y91.54 E708.61859
G1 X119.548 Y90.848 E708.65683
G1 X118.484 Y90.416 E708.69502
G1 X117.342 Y90.27 E708.73331
G1 X116.21 Y90.431 E708.77134
G1 X115.147 Y90.878 E708.8097
G1 X114.248 Y91.582 E708.84767
G1 X113.556 Y92.5 E708.88591
G1 X113.12 Y93.564 E708.92416
G1 X112.978 Y94.706 E708.96243
G1 X113.139 Y95.838 E709.00046
G1 X113.587 Y96.901 E709.03883
G1 X114.29 Y97.804 E709.07689
G1 X115.208 Y98.496 E709.11513
G1 X116.271 Y98.928 E709.15329
G1 X117.383 Y99.066 E709.19056
G1 X117.414 Y99.07 E709.1916
G0 F9000 X117.408 Y98.356
G0 X115.076 Y97.509
G0 X114.938 Y97.69
;TYPE:FILL
G1 F932.8 X116.775 Y90.835 E709.42764
G0 F9000 X115.983 Y91.048
G1 F932.8 X120.998 Y96.063 E709.66353
G0 F9000 X121.211 Y95.277
G1 F932.8 X114.36 Y97.112 E709.89943
G0 F9000 X114.779 Y96.787
G1 F1500 E703.39943
;MESH:dubelHinge.stl
G0 F9000 X116.33 Y98.705
G0 X116.197 Y99.791
G0 X116.631 Y100.89
G0 X116.778 Y101.954
G0 X117.529 Y109.728
G0 X117.53 Y110.038
;TYPE:WALL-INNER
G1 F1500 E709.89943
G1 F932.8 X118.558 Y109.892 E709.93396
G1 X119.525 Y109.485 E709.96886
G1 X120.344 Y108.847 E710.00339
G1 X120.973 Y108.013 E710.03813
G1 X121.366 Y107.047 E710.07282
G1 X121.494 Y106.01 E710.10757
G1 X121.348 Y104.982 E710.1421
G1 X120.942 Y104.015 E710.17699
G1 X120.303 Y103.2 E710.21143
G1 X119.469 Y102.571 E710.24618
G1 X118.502 Y102.178 E710.28089
G1 X117.465 Y102.046 E710.31566
G1 X116.438 Y102.192 E710.35016
G1 X115.475 Y102.598 E710.38492
G1 X114.656 Y103.237 E710.41947
G1 X114.027 Y104.071 E710.45422
G1 X113.634 Y105.038 E710.48894
G1 X113.502 Y106.075 E710.5237
G1 X113.648 Y107.102 E710.55821
G1 X114.054 Y108.065 E710.59297
G1 X114.693 Y108.884 E710.62752
G1 X115.528 Y109.514 E710.66231
G1 X116.494 Y109.91 E710.69703
G1 X117.5 Y110.034 E710.73074
G1 X117.53 Y110.038 E710.73175
G0 F9000 X117.534 Y110.442
;TYPE:WALL-OUTER
G1 F932.8 X118.666 Y110.281 E710.76978
G1 X119.729 Y109.833 E710.80815
G1 X120.632 Y109.13 E710.84621
G1 X121.324 Y108.212 E710.88444
G1 X121.756 Y107.149 E710.92261
G1 X121.898 Y106.006 E710.96092
G1 X121.737 Y104.874 E710.99895
G1 X121.29 Y103.811 E711.0373
G1 X120.586 Y102.912 E711.07528
G1 X119.668 Y102.22 E711.11351
G1 X118.604 Y101.788 E711.15171
G1 X117.462 Y101.642 E711.19
G1 X116.33 Y101.803 E711.22803
G1 X115.271 Y102.25 E711.26626
G1 X114.368 Y102.954 E711.30435
G1 X113.676 Y103.872 E711.34258
G1 X113.244 Y104.936 E711.38078
G1 X113.098 Y106.078 E711.41907
G1 X113.259 Y107.21 E711.4571
G1 X113.706 Y108.269 E711.49533
G1 X114.41 Y109.172 E711.53341
G1 X115.328 Y109.864 E711.57165
G1 X116.392 Y110.3 E711.60989
G1 X117.5 Y110.438 E711.64703
G1 X117.534 Y110.442 E711.64817
G0 F9000 X117.529 Y109.728
G0 X115.198 Y108.88
G0 X115.06 Y109.061
;TYPE:FILL
G1 F932.8 X116.896 Y102.207 E711.88417
G0 F9000 X116.104 Y102.42
G1 F932.8 X121.121 Y107.437 E712.12015
G0 F9000 X121.334 Y106.647
G1 F932.8 X114.481 Y108.484 E712.35613
G0 F9000 X114.901 Y108.158
G1 F1500 E705.85613
;MESH:NONMESH
G0 F300 X114.901 Y108.158 Z19.4
G0 F9000 X117.468 Y101.877
G0 X117.318 Y100.795
G0 X117.278 Y99.925
G0 X117.411 Y98.839
G0 X117.408 Y98.356
G0 X117.41 Y98.666
;TIME_ELAPSED:1497.960730
;LAYER:96
;note -- min layer time used
;TYPE:WALL-INNER
;MESH:dubelHinge.stl(1)
G1 F1500 E712.35613
G1 F927.7 X118.438 Y98.521 E712.39066
G1 X119.401 Y98.114 E712.42544
G1 X120.22 Y97.475 E712.45999
G1 X120.849 Y96.641 E712.49473
G1 X121.242 Y95.674 E712.52945
G1 X121.374 Y94.637 E712.56422
G1 X121.228 Y93.61 E712.59872
G1 X120.822 Y92.647 E712.63348
G1 X120.183 Y91.828 E712.66803
G1 X119.348 Y91.2 E712.70278
G1 X118.382 Y90.806 E712.73748
G1 X117.345 Y90.674 E712.77225
G1 X116.318 Y90.82 E712.80675
G1 X115.351 Y91.226 E712.84163
G1 X114.536 Y91.865 E712.87607
G1 X113.906 Y92.7 E712.91087
G1 X113.51 Y93.666 E712.94559
G1 X113.382 Y94.702 E712.98031
G1 X113.528 Y95.73 E713.01484
G1 X113.935 Y96.697 E713.04974
G1 X114.573 Y97.516 E713.08427
G1 X115.407 Y98.145 E713.11901
G1 X116.373 Y98.538 E713.1537
G1 X117.382 Y98.663 E713.18751
G1 X117.41 Y98.666 E713.18845
G0 F9000 X117.414 Y99.07
;TYPE:WALL-OUTER
G1 F927.7 X118.546 Y98.909 E713.22648
G1 X119.605 Y98.462 E713.26471
G1 X120.508 Y97.758 E713.3028
G1 X121.2 Y96.84 E713.34103
G1 X121.632 Y95.776 E713.37923
G1 X121.778 Y94.634 E713.41752
G1 X121.617 Y93.502 E713.45555
G1 X121.17 Y92.443 E713.49378
G1 X120.466 Y91.54 E713.53186
G1 X119.548 Y90.848 E713.5701
G1 X118.484 Y90.416 E713.60829
G1 X117.342 Y90.27 E713.64658
G1 X116.21 Y90.431 E713.68461
G1 X115.147 Y90.878 E713.72297
G1 X114.248 Y91.582 E713.76095
G1 X113.556 Y92.5 E713.79918
G1 X113.12 Y93.564 E713.83743
G1 X112.978 Y94.706 E713.8757
G1 X113.139 Y95.838 E713.91373
G1 X113.587 Y96.901 E713.9521
G1 X114.29 Y97.804 E713.99016
G1 X115.208 Y98.496 E714.0284
G1 X116.271 Y98.928 E714.06656
G1 X117.383 Y99.066 E714.10383
G1 X117.414 Y99.07 E714.10487
G0 F9000 X117.408 Y98.356
G0 X114.955 Y97.417
G0 X114.817 Y97.598
;TYPE:FILL
G1 F927.7 X116.624 Y90.856 E714.33702
G0 F9000 X116.123 Y90.988
G1 F927.7 X121.055 Y95.92 E714.56901
G0 F9000 X121.192 Y95.428
G1 F927.7 X114.454 Y97.233 E714.80102
G0 F9000 X114.873 Y96.908
G1 F1500 E708.30102
;MESH:dubelHinge.stl
G0 F9000 X116.33 Y98.705
G0 X116.197 Y99.791
G0 X116.631 Y100.89
G0 X116.778 Y101.954
G0 X117.529 Y109.728
G0 X117.53 Y110.038
;TYPE:WALL-INNER
G1 F1500 E714.80102
G1 F927.7 X118.558 Y109.892 E714.83555
G1 X119.525 Y109.485 E714.87045
G1 X120.344 Y108.847 E714.90498
G1 X120.973 Y108.013 E714.93972
G1 X121.366 Y107.047 E714.97441
G1 X121.494 Y106.01 E715.00916
G1 X121.348 Y104.982 E715.0437
G1 X120.942 Y104.015 E715.07858
G1 X120.303 Y103.2 E715.11302
G1 X119.469 Y102.571 E715.14777
G1 X118.502 Y102.178 E715.18248
G1 X117.465 Y102.046 E715.21725
G1 X116.438 Y102.192 E715.25175
G1 X115.475 Y102.598 E715.28651
G1 X114.656 Y103.237 E715.32106
G1 X114.027 Y104.071 E715.35581
G1 X113.634 Y105.038 E715.39053
G1 X113.502 Y106.075 E715.42529
G1 X113.648 Y107.102 E715.4598
G1 X114.054 Y108.065 E715.49456
G1 X114.693 Y108.884 E715.52911
G1 X115.528 Y109.514 E715.5639
G1 X116.494 Y109.91 E715.59862
G1 X117.5 Y110.034 E715.63233
G1 X117.53 Y110.038 E715.63334
G0 F9000 X117.534 Y110.442
;TYPE:WALL-OUTER
G1 F927.7 X118.666 Y110.281 E715.67137
G1 X119.729 Y109.833 E715.70974
G1 X120.632 Y109.13 E715.7478
G1 X121.324 Y108.212 E715.78603
G1 X121.756 Y107.149 E715.8242
G1 X121.898 Y106.006 E715.86251
G1 X121.737 Y104.874 E715.90054
G1 X121.29 Y103.811 E715.93889
G1 X120.586 Y102.912 E715.97687
G1 X119.668 Y102.22 E716.0151
G1 X118.604 Y101.788 E716.0533
G1 X117.462 Y101.642 E716.09159
G1 X116.33 Y101.803 E716.12962
G1 X115.271 Y102.25 E716.16785
G1 X114.368 Y102.954 E716.20594
G1 X113.676 Y103.872 E716.24417
G1 X113.244 Y104.936 E716.28237
G1 X113.098 Y106.078 E716.32066
G1 X113.259 Y107.21 E716.35869
G1 X113.706 Y108.269 E716.39692
G1 X114.41 Y109.172 E716.435
G1 X115.328 Y109.864 E716.47324
G1 X116.392 Y110.3 E716.51148
G1 X117.5 Y110.438 E716.54862
G1 X117.534 Y110.442 E716.54976
G0 F9000 X117.529 Y109.728
G0 X115.076 Y108.788
G0 X114.938 Y108.969
;TYPE:FILL
G1 F927.7 X116.744 Y102.228 E716.78187
G0 F9000 X116.244 Y102.361
G1 F927.7 X121.178 Y107.295 E717.01395
G0 F9000 X121.315 Y106.798
G1 F927.7 X114.576 Y108.604 E717.246
G0 F9000 X114.995 Y108.278
G1 F1500 E710.746
;MESH:NONMESH
G0 F300 X114.995 Y108.278 Z19.6
G0 F9000 X117.468 Y101.877
G0 X117.318 Y100.795
G0 X117.278 Y99.925
G0 X117.411 Y98.839
G0 X117.408 Y98.356
G0 X117.41 Y98.666
;TIME_ELAPSED:1510.395565
;LAYER:97
;note -- min layer time used
;TYPE:WALL-INNER
;MESH:dubelHinge.stl(1)
G1 F1500 E717.246
G1 F922.6 X118.438 Y98.521 E717.28053
G1 X119.401 Y98.114 E717.3153
G1 X120.22 Y97.475 E717.34985
G1 X120.849 Y96.641 E717.3846
G1 X121.242 Y95.674 E717.41931
G1 X121.374 Y94.637 E717.45408
G1 X121.228 Y93.61 E717.48859
G1 X120.822 Y92.647 E717.52335
G1 X120.183 Y91.828 E717.5579
G1 X119.348 Y91.2 E717.59265
G1 X118.382 Y90.806 E717.62734
G1 X117.345 Y90.674 E717.66211
G1 X116.318 Y90.82 E717.69662
G1 X115.351 Y91.226 E717.7315
G1 X114.536 Y91.865 E717.76594
G1 X113.906 Y92.7 E717.80073
G1 X113.51 Y93.666 E717.83546
G1 X113.382 Y94.702 E717.87018
G1 X113.528 Y95.73 E717.90471
G1 X113.935 Y96.697 E717.93961
G1 X114.573 Y97.516 E717.97414
G1 X115.407 Y98.145 E718.00888
G1 X116.373 Y98.538 E718.04357
G1 X117.382 Y98.663 E718.07738
G1 X117.41 Y98.666 E718.07832
G0 F9000 X117.414 Y99.07
;TYPE:WALL-OUTER
G1 F922.6 X118.546 Y98.909 E718.11635
G1 X119.605 Y98.462 E718.15458
G1 X120.508 Y97.758 E718.19266
G1 X121.2 Y96.84 E718.2309
G1 X121.632 Y95.776 E718.26909
G1 X121.778 Y94.634 E718.30739
G1 X121.617 Y93.502 E718.34542
G1 X121.17 Y92.443 E718.38365
G1 X120.466 Y91.54 E718.42173
G1 X119.548 Y90.848 E718.45997
G1 X118.484 Y90.416 E718.49816
G1 X117.342 Y90.27 E718.53645
G1 X116.21 Y90.431 E718.57448
G1 X115.147 Y90.878 E718.61284
G1 X114.248 Y91.582 E718.65081
G1 X113.556 Y92.5 E718.68905
G1 X113.12 Y93.564 E718.72729
G1 X112.978 Y94.706 E718.76557
G1 X113.139 Y95.838 E718.8036
G1 X113.587 Y96.901 E718.84197
G1 X114.29 Y97.804 E718.88003
G1 X115.208 Y98.496 E718.91827
G1 X116.271 Y98.928 E718.95643
G1 X117.383 Y99.066 E718.9937
G1 X117.414 Y99.07 E718.99474
G0 F9000 X117.408 Y98.356
G0 X114.833 Y97.326
G0 X114.695 Y97.507
;TYPE:FILL
G1 F922.6 X116.471 Y90.878 E719.22299
G0 F9000 X116.265 Y90.929
G1 F922.6 X121.113 Y95.778 E719.45105
G0 F9000 X121.173 Y95.58
G1 F922.6 X114.548 Y97.355 E719.67917
G0 F9000 X114.968 Y97.03
G1 F1500 E713.17917
;MESH:dubelHinge.stl
G0 F9000 X116.33 Y98.705
G0 X116.197 Y99.791
G0 X116.631 Y100.89
G0 X116.778 Y101.954
G0 X117.529 Y109.728
G0 X117.53 Y110.038
;TYPE:WALL-INNER
G1 F1500 E719.67917
G1 F922.6 X118.558 Y109.892 E719.71371
G1 X119.525 Y109.485 E719.7486
G1 X120.344 Y108.847 E719.78313
G1 X120.973 Y108.013 E719.81788
G1 X121.366 Y107.047 E719.85256
G1 X121.494 Y106.01 E719.88732
G1 X121.348 Y104.982 E719.92185
G1 X120.942 Y104.015 E719.95673
G1 X120.303 Y103.2 E719.99118
G1 X119.469 Y102.571 E720.02592
G1 X118.502 Y102.178 E720.06064
G1 X117.465 Y102.046 E720.09541
G1 X116.438 Y102.192 E720.12991
G1 X115.475 Y102.598 E720.16467
G1 X114.656 Y103.237 E720.19922
G1 X114.027 Y104.071 E720.23396
G1 X113.634 Y105.038 E720.26868
G1 X113.502 Y106.075 E720.30345
G1 X113.648 Y107.102 E720.33795
G1 X114.054 Y108.065 E720.37271
G1 X114.693 Y108.884 E720.40726
G1 X115.528 Y109.514 E720.44205
G1 X116.494 Y109.91 E720.47678
G1 X117.5 Y110.034 E720.51049
G1 X117.53 Y110.038 E720.51149
G0 F9000 X117.534 Y110.442
;TYPE:WALL-OUTER
G1 F922.6 X118.666 Y110.281 E720.54952
G1 X119.729 Y109.833 E720.58789
G1 X120.632 Y109.13 E720.62595
G1 X121.324 Y108.212 E720.66419
G1 X121.756 Y107.149 E720.70235
G1 X121.898 Y106.006 E720.74066
G1 X121.737 Y104.874 E720.77869
G1 X121.29 Y103.811 E720.81705
G1 X120.586 Y102.912 E720.85502
G1 X119.668 Y102.22 E720.89326
G1 X118.604 Y101.788 E720.93145
G1 X117.462 Y101.642 E720.96975
G1 X116.33 Y101.803 E721.00778
G1 X115.271 Y102.25 E721.04601
G1 X114.368 Y102.954 E721.08409
G1 X113.676 Y103.872 E721.12233
G1 X113.244 Y104.936 E721.16052
G1 X113.098 Y106.078 E721.19881
G1 X113.259 Y107.21 E721.23684
G1 X113.706 Y108.269 E721.27507
G1 X114.41 Y109.172 E721.31316
G1 X115.328 Y109.864 E721.35139
G1 X116.392 Y110.3 E721.38964
G1 X117.5 Y110.438 E721.42677
G1 X117.534 Y110.442 E721.42791
G0 F9000 X117.529 Y109.728
G0 X114.954 Y108.695
G0 X114.816 Y108.876
;TYPE:FILL
G1 F922.6 X116.591 Y102.25 E721.65606
G0 F9000 X116.386 Y102.301
G1 F922.6 X121.236 Y107.152 E721.88422
G0 F9000 X121.296 Y106.951
G1 F922.6 X114.671 Y108.726 E722.11234
G0 F9000 X115.09 Y108.4
G1 F1500 E715.61234
;MESH:NONMESH
G0 F300 X115.09 Y108.4 Z19.8
G0 F9000 X117.468 Y101.877
G0 X117.318 Y100.795
G0 X117.278 Y99.925
G0 X117.411 Y98.839
G0 X117.408 Y98.356
G0 X117.41 Y98.666
;TIME_ELAPSED:1522.756319
;LAYER:98
;note -- min layer time used
;TYPE:WALL-INNER
;MESH:dubelHinge.stl(1)
G1 F1500 E722.11234
G1 F919.3 X118.438 Y98.521 E722.14687
G1 X119.401 Y98.114 E722.18164
G1 X120.22 Y97.475 E722.21619
G1 X120.849 Y96.641 E722.25093
G1 X121.242 Y95.674 E722.28565
G1 X121.374 Y94.637 E722.32042
G1 X121.228 Y93.61 E722.35492
G1 X120.822 Y92.647 E722.38968
G1 X120.183 Y91.828 E722.42423
G1 X119.348 Y91.2 E722.45898
G1 X118.382 Y90.806 E722.49368
G1 X117.345 Y90.674 E722.52845
G1 X116.318 Y90.82 E722.56295
G1 X115.351 Y91.226 E722.59783
G1 X114.536 Y91.865 E722.63228
G1 X113.906 Y92.7 E722.66707
G1 X113.51 Y93.666 E722.70179
G1 X113.382 Y94.702 E722.73651
G1 X113.528 Y95.73 E722.77105
G1 X113.935 Y96.697 E722.80594
G1 X114.573 Y97.516 E722.84047
G1 X115.407 Y98.145 E722.87522
G1 X116.373 Y98.538 E722.9099
G1 X117.382 Y98.663 E722.94372
G1 X117.41 Y98.666 E722.94466
G0 F9000 X117.414 Y99.07
;TYPE:WALL-OUTER
G1 F919.3 X118.546 Y98.909 E722.98268
G1 X119.605 Y98.462 E723.02092
G1 X120.508 Y97.758 E723.059
G1 X121.2 Y96.84 E723.09724
G1 X121.632 Y95.776 E723.13543
G1 X121.778 Y94.634 E723.17372
G1 X121.617 Y93.502 E723.21175
G1 X121.17 Y92.443 E723.24998
G1 X120.466 Y91.54 E723.28807
G1 X119.548 Y90.848 E723.3263
G1 X118.484 Y90.416 E723.3645
G1 X117.342 Y90.27 E723.40279
G1 X116.21 Y90.431 E723.44082
G1 X115.147 Y90.878 E723.47917
G1 X114.248 Y91.582 E723.51715
G1 X113.556 Y92.5 E723.55539
G1 X113.12 Y93.564 E723.59363
G1 X112.978 Y94.706 E723.63191
G1 X113.139 Y95.838 E723.66994
G1 X113.587 Y96.901 E723.7083
G1 X114.29 Y97.804 E723.74637
G1 X115.208 Y98.496 E723.7846
G1 X116.271 Y98.928 E723.82277
G1 X117.383 Y99.066 E723.86003
G1 X117.414 Y99.07 E723.86107
G0 F9000 X117.408 Y98.356
G0 X114.796 Y97.298
G0 X114.65 Y97.474
;TYPE:FILL
G1 F919.3 X121.129 Y95.738 E724.08417
G1 X121.167 Y95.632
G1 X116.421 Y90.886 E724.3074
G1 X116.317 Y90.906
G1 X114.579 Y97.393 E724.53077
G0 F9000 X114.998 Y97.069
G1 F1500 E718.03077
;MESH:dubelHinge.stl
G0 F9000 X116.33 Y98.705
G0 X116.197 Y99.791
G0 X116.631 Y100.89
G0 X116.778 Y101.954
G0 X117.529 Y109.728
G0 X117.53 Y110.038
;TYPE:WALL-INNER
G1 F1500 E724.53077
G1 F919.3 X118.558 Y109.892 E724.56531
G1 X119.525 Y109.485 E724.6002
G1 X120.344 Y108.847 E724.63473
G1 X120.973 Y108.013 E724.66948
G1 X121.366 Y107.047 E724.70416
G1 X121.494 Y106.01 E724.73891
G1 X121.348 Y104.982 E724.77345
G1 X120.942 Y104.015 E724.80833
G1 X120.303 Y103.2 E724.84278
G1 X119.469 Y102.571 E724.87752
G1 X118.502 Y102.178 E724.91224
G1 X117.465 Y102.046 E724.94701
G1 X116.438 Y102.192 E724.98151
G1 X115.475 Y102.598 E725.01627
G1 X114.656 Y103.237 E725.05082
G1 X114.027 Y104.071 E725.08556
G1 X113.634 Y105.038 E725.12028
G1 X113.502 Y106.075 E725.15505
G1 X113.648 Y107.102 E725.18955
G1 X114.054 Y108.065 E725.22431
G1 X114.693 Y108.884 E725.25886
G1 X115.528 Y109.514 E725.29365
G1 X116.494 Y109.91 E725.32837
G1 X117.5 Y110.034 E725.36209
G1 X117.53 Y110.038 E725.36309
G0 F9000 X117.534 Y110.442
;TYPE:WALL-OUTER
G1 F919.3 X118.666 Y110.281 E725.40112
G1 X119.729 Y109.833 E725.43949
G1 X120.632 Y109.13 E725.47755
G1 X121.324 Y108.212 E725.51579
G1 X121.756 Y107.149 E725.55395
G1 X121.898 Y106.006 E725.59226
G1 X121.737 Y104.874 E725.63029
G1 X121.29 Y103.811 E725.66865
G1 X120.586 Y102.912 E725.70662
G1 X119.668 Y102.22 E725.74486
G1 X118.604 Y101.788 E725.78305
G1 X117.462 Y101.642 E725.82135
G1 X116.33 Y101.803 E725.85938
G1 X115.271 Y102.25 E725.89761
G1 X114.368 Y102.954 E725.93569
G1 X113.676 Y103.872 E725.97393
G1 X113.244 Y104.936 E726.01212
G1 X113.098 Y106.078 E726.05041
G1 X113.259 Y107.21 E726.08844
G1 X113.706 Y108.269 E726.12667
G1 X114.41 Y109.172 E726.16476
G1 X115.328 Y109.864 E726.20299
G1 X116.392 Y110.3 E726.24124
G1 X117.5 Y110.438 E726.27837
G1 X117.534 Y110.442 E726.27951
G0 F9000 X117.529 Y109.728
G0 X114.911 Y108.663
G0 X114.773 Y108.844
;TYPE:FILL
G1 F919.3 X121.254 Y107.108 E726.50267
G1 X121.29 Y107.006
G1 X116.541 Y102.258 E726.72603
G1 X116.438 Y102.277
G1 X114.7 Y108.764 E726.94939
G0 F9000 X115.12 Y108.438
G1 F1500 E720.44939
;MESH:NONMESH
G0 F300 X115.12 Y108.438 Z20
G0 F9000 X117.468 Y101.877
G0 X117.318 Y100.795
G0 X117.278 Y99.925
G0 X117.411 Y98.839
G0 X117.408 Y98.356
G0 X117.41 Y98.666
;TIME_ELAPSED:1534.970947
;LAYER:99
;note -- min layer time used
;TYPE:WALL-INNER
;MESH:dubelHinge.stl(1)
G1 F1500 E726.94939
G1 F947.3 X118.438 Y98.521 E726.98392
G1 X119.401 Y98.114 E727.0187
G1 X120.22 Y97.475 E727.05325
G1 X120.849 Y96.641 E727.08799
G1 X121.242 Y95.674 E727.12271
G1 X121.374 Y94.637 E727.15748
G1 X121.228 Y93.61 E727.19198
G1 X120.822 Y92.647 E727.22674
G1 X120.183 Y91.828 E727.26129
G1 X119.348 Y91.2 E727.29604
G1 X118.382 Y90.806 E727.33074
G1 X117.345 Y90.674 E727.36551
G1 X116.318 Y90.82 E727.40001
G1 X115.351 Y91.226 E727.43489
G1 X114.536 Y91.865 E727.46934
G1 X113.906 Y92.7 E727.50413
G1 X113.51 Y93.666 E727.53885
G1 X113.382 Y94.702 E727.57357
G1 X113.528 Y95.73 E727.6081
G1 X113.935 Y96.697 E727.643
G1 X114.573 Y97.516 E727.67753
G1 X115.407 Y98.145 E727.71227
G1 X116.373 Y98.538 E727.74696
G1 X117.382 Y98.663 E727.78077
G1 X117.41 Y98.666 E727.78171
G0 F9000 X117.414 Y99.07
;TYPE:WALL-OUTER
G1 F947.3 X118.546 Y98.909 E727.81974
G1 X119.605 Y98.462 E727.85797
G1 X120.508 Y97.758 E727.89606
G1 X121.2 Y96.84 E727.93429
G1 X121.632 Y95.776 E727.97249
G1 X121.778 Y94.634 E728.01078
G1 X121.617 Y93.502 E728.04881
G1 X121.17 Y92.443 E728.08704
G1 X120.466 Y91.54 E728.12512
G1 X119.548 Y90.848 E728.16336
G1 X118.484 Y90.416 E728.20155
G1 X117.342 Y90.27 E728.23984
G1 X116.21 Y90.431 E728.27787
G1 X115.147 Y90.878 E728.31623
G1 X114.248 Y91.582 E728.35421
G1 X113.556 Y92.5 E728.39244
G1 X113.12 Y93.564 E728.43069
G1 X112.978 Y94.706 E728.46896
G1 X113.139 Y95.838 E728.50699
G1 X113.587 Y96.901 E728.54536
G1 X114.29 Y97.804 E728.58342
G1 X115.208 Y98.496 E728.62166
G1 X116.271 Y98.928 E728.65982
G1 X117.383 Y99.066 E728.69709
G1 X117.414 Y99.07 E728.69813
G0 F9000 X117.408 Y98.356
G0 X115.09 Y97.52
G0 X114.952 Y97.701
;TYPE:FILL
G1 F947.3 X114.352 Y97.101 E728.72635
G1 X114.47 Y97.252
G1 X116.151 Y90.976 E728.94245
G0 F9000 X115.954 Y91.06
G1 F947.3 X116.806 Y90.831 E728.97179
G0 F9000 X116.597 Y90.861
G1 F947.3 X121.19 Y95.454 E729.18783
G1 X121.213 Y95.266
G1 X121.004 Y96.047 E729.21472
G1 X121.062 Y95.903
G1 X114.794 Y97.582 E729.43055
G0 F9000 X115.114 Y97.161
G1 F1500 E722.93055
;MESH:dubelHinge.stl
G0 F9000 X116.33 Y98.705
G0 X116.197 Y99.791
G0 X116.631 Y100.89
G0 X116.778 Y101.954
G0 X117.529 Y109.728
G0 X117.53 Y110.038
;TYPE:WALL-INNER
G1 F1500 E729.43055
G1 F947.3 X118.558 Y109.892 E729.46508
G1 X119.525 Y109.485 E729.49998
G1 X120.344 Y108.847 E729.53451
G1 X120.973 Y108.013 E729.56925
G1 X121.366 Y107.047 E729.60394
G1 X121.494 Y106.01 E729.63869
G1 X121.348 Y104.982 E729.67323
G1 X120.942 Y104.015 E729.70811
G1 X120.303 Y103.2 E729.74255
G1 X119.469 Y102.571 E729.7773
G1 X118.502 Y102.178 E729.81201
G1 X117.465 Y102.046 E729.84678
G1 X116.438 Y102.192 E729.88128
G1 X115.475 Y102.598 E729.91604
G1 X114.656 Y103.237 E729.95059
G1 X114.027 Y104.071 E729.98534
G1 X113.634 Y105.038 E730.02006
G1 X113.502 Y106.075 E730.05482
G1 X113.648 Y107.102 E730.08933
G1 X114.054 Y108.065 E730.12409
G1 X114.693 Y108.884 E730.15864
G1 X115.528 Y109.514 E730.19343
G1 X116.494 Y109.91 E730.22815
G1 X117.5 Y110.034 E730.26186
G1 X117.53 Y110.038 E730.26287
G0 F9000 X117.534 Y110.442
;TYPE:WALL-OUTER
G1 F947.3 X118.666 Y110.281 E730.3009
G1 X119.729 Y109.833 E730.33927
G1 X120.632 Y109.13 E730.37733
G1 X121.324 Y108.212 E730.41557
G1 X121.756 Y107.149 E730.45373
G1 X121.898 Y106.006 E730.49204
G1 X121.737 Y104.874 E730.53007
G1 X121.29 Y103.811 E730.56842
G1 X120.586 Y102.912 E730.6064
G1 X119.668 Y102.22 E730.64464
G1 X118.604 Y101.788 E730.68283
G1 X117.462 Y101.642 E730.72112
G1 X116.33 Y101.803 E730.75915
G1 X115.271 Y102.25 E730.79738
G1 X114.368 Y102.954 E730.83547
G1 X113.676 Y103.872 E730.8737
G1 X113.244 Y104.936 E730.9119
G1 X113.098 Y106.078 E730.95019
G1 X113.259 Y107.21 E730.98822
G1 X113.706 Y108.269 E731.02645
G1 X114.41 Y109.172 E731.06453
G1 X115.328 Y109.864 E731.10277
G1 X116.392 Y110.3 E731.14101
G1 X117.5 Y110.438 E731.17815
G1 X117.534 Y110.442 E731.17929
G0 F9000 X117.529 Y109.728
G0 X115.198 Y108.88
G0 X115.06 Y109.061
;TYPE:FILL
G1 F947.3 X114.478 Y108.479 E731.20666
G1 X114.591 Y108.624
G1 X116.272 Y102.348 E731.42276
G0 F9000 X116.079 Y102.43
G1 F947.3 X116.926 Y102.203 E731.45193
G0 F9000 X116.717 Y102.233
G1 F947.3 X121.312 Y106.828 E731.66806
G1 X121.336 Y106.631
G1 X121.12 Y107.44 E731.69591
G1 X121.187 Y107.273
G1 X114.917 Y108.953 E731.91181
G0 F9000 X115.237 Y108.534
G1 F1500 E725.41181
;MESH:NONMESH
G0 F300 X115.237 Y108.534 Z20.2
G0 F9000 X117.468 Y101.877
G0 X117.318 Y100.795
G0 X117.278 Y99.925
G0 X117.411 Y98.839
G0 X117.408 Y98.356
G0 X117.41 Y98.666
;TIME_ELAPSED:1547.468650
;LAYER:100
;note -- min layer time used
;TYPE:WALL-INNER
;MESH:dubelHinge.stl(1)
G1 F1500 E731.91181
G1 F992.2 X118.438 Y98.521 E731.94634
G1 X119.401 Y98.114 E731.98111
G1 X120.22 Y97.475 E732.01566
G1 X120.849 Y96.641 E732.05041
G1 X121.242 Y95.674 E732.08512
G1 X121.374 Y94.637 E732.11989
G1 X121.228 Y93.61 E732.15439
G1 X120.822 Y92.647 E732.18915
G1 X120.183 Y91.828 E732.2237
G1 X119.348 Y91.2 E732.25845
G1 X118.382 Y90.806 E732.29315
G1 X117.345 Y90.674 E732.32792
G1 X116.318 Y90.82 E732.36242
G1 X115.351 Y91.226 E732.39731
G1 X114.536 Y91.865 E732.43175
G1 X113.906 Y92.7 E732.46654
G1 X113.51 Y93.666 E732.50127
G1 X113.382 Y94.702 E732.53599
G1 X113.528 Y95.73 E732.57052
G1 X113.935 Y96.697 E732.60542
G1 X114.573 Y97.516 E732.63995
G1 X115.407 Y98.145 E732.67469
G1 X116.373 Y98.538 E732.70938
G1 X117.382 Y98.663 E732.74319
G1 X117.41 Y98.666 E732.74413
G0 F9000 X117.414 Y99.07
;TYPE:WALL-OUTER
G1 F992.2 X118.546 Y98.909 E732.78216
G1 X119.605 Y98.462 E732.82039
G1 X120.508 Y97.758 E732.85847
G1 X121.2 Y96.84 E732.89671
G1 X121.632 Y95.776 E732.9349
G1 X121.778 Y94.634 E732.97319
G1 X121.617 Y93.502 E733.01122
G1 X121.17 Y92.443 E733.04946
G1 X120.466 Y91.54 E733.08754
G1 X119.548 Y90.848 E733.12577
G1 X118.484 Y90.416 E733.16397
G1 X117.342 Y90.27 E733.20226
G1 X116.21 Y90.431 E733.24029
G1 X115.147 Y90.878 E733.27864
G1 X114.248 Y91.582 E733.31662
G1 X113.556 Y92.5 E733.35486
G1 X113.12 Y93.564 E733.3931
G1 X112.978 Y94.706 E733.43138
G1 X113.139 Y95.838 E733.46941
G1 X113.587 Y96.901 E733.50778
G1 X114.29 Y97.804 E733.54584
G1 X115.208 Y98.496 E733.58407
G1 X116.271 Y98.928 E733.62224
G1 X117.383 Y99.066 E733.65951
G1 X117.414 Y99.07 E733.66055
G0 F9000 X117.408 Y98.356
G0 X115.664 Y97.917
G0 X115.578 Y98.128
;TYPE:FILL
G1 F992.2 X113.931 Y96.481 E733.73802
G0 F9000 X114.361 Y97.113
G1 F992.2 X115.987 Y91.045 E733.94696
G0 F9000 X115.276 Y91.387
G1 F992.2 X117.542 Y90.78 E734.02498
G0 F9000 X116.772 Y90.836
G1 F992.2 X121.212 Y95.277 E734.23385
G0 F9000 X121.273 Y94.498
G1 F992.2 X120.672 Y96.743 E734.31115
G0 F9000 X120.996 Y96.066
G1 F992.2 X114.936 Y97.69 E734.51982
G0 F9000 X115.256 Y97.268
G1 F1500 E728.01982
;MESH:dubelHinge.stl
G0 F9000 X116.33 Y98.705
G0 X116.197 Y99.791
G0 X116.631 Y100.89
G0 X116.778 Y101.954
G0 X117.529 Y109.728
G0 X117.53 Y110.038
;TYPE:WALL-INNER
G1 F1500 E734.51982
G1 F992.2 X118.558 Y109.892 E734.55435
G1 X119.525 Y109.485 E734.58925
G1 X120.344 Y108.847 E734.62378
G1 X120.973 Y108.013 E734.65852
G1 X121.366 Y107.047 E734.69321
G1 X121.494 Y106.01 E734.72796
G1 X121.348 Y104.982 E734.76249
G1 X120.942 Y104.015 E734.79738
G1 X120.303 Y103.2 E734.83182
G1 X119.469 Y102.571 E734.86657
G1 X118.502 Y102.178 E734.90128
G1 X117.465 Y102.046 E734.93605
G1 X116.438 Y102.192 E734.97055
G1 X115.475 Y102.598 E735.00531
G1 X114.656 Y103.237 E735.03986
G1 X114.027 Y104.071 E735.07461
G1 X113.634 Y105.038 E735.10932
G1 X113.502 Y106.075 E735.14409
G1 X113.648 Y107.102 E735.1786
G1 X114.054 Y108.065 E735.21336
G1 X114.693 Y108.884 E735.24791
G1 X115.528 Y109.514 E735.2827
G1 X116.494 Y109.91 E735.31742
G1 X117.5 Y110.034 E735.35113
G1 X117.53 Y110.038 E735.35214
G0 F9000 X117.534 Y110.442
;TYPE:WALL-OUTER
G1 F992.2 X118.666 Y110.281 E735.39017
G1 X119.729 Y109.833 E735.42854
G1 X120.632 Y109.13 E735.4666
G1 X121.324 Y108.212 E735.50483
G1 X121.756 Y107.149 E735.543
G1 X121.898 Y106.006 E735.58131
G1 X121.737 Y104.874 E735.61934
G1 X121.29 Y103.811 E735.65769
G1 X120.586 Y102.912 E735.69567
G1 X119.668 Y102.22 E735.7339
G1 X118.604 Y101.788 E735.7721
G1 X117.462 Y101.642 E735.81039
G1 X116.33 Y101.803 E735.84842
G1 X115.271 Y102.25 E735.88665
G1 X114.368 Y102.954 E735.92473
G1 X113.676 Y103.872 E735.96297
G1 X113.244 Y104.936 E736.00116
G1 X113.098 Y106.078 E736.03946
G1 X113.259 Y107.21 E736.07749
G1 X113.706 Y108.269 E736.11572
G1 X114.41 Y109.172 E736.1538
G1 X115.328 Y109.864 E736.19204
G1 X116.392 Y110.3 E736.23028
G1 X117.5 Y110.438 E736.26742
G1 X117.534 Y110.442 E736.26856
G0 F9000 X117.529 Y109.728
G0 X115.78 Y109.287
G0 X115.695 Y109.496
;TYPE:FILL
G1 F992.2 X114.051 Y107.852 E736.34589
G0 F9000 X114.482 Y108.484
G1 F992.2 X116.108 Y102.418 E736.55476
G0 F9000 X115.401 Y102.757
G1 F992.2 X117.662 Y102.152 E736.63261
G0 F9000 X116.892 Y102.208
G1 F992.2 X121.334 Y106.65 E736.84155
G0 F9000 X121.394 Y105.872
G1 F992.2 X120.791 Y108.122 E736.91903
G0 F9000 X121.121 Y107.436
G1 F992.2 X115.06 Y109.061 E737.12773
G0 F9000 X115.38 Y108.642
G1 F1500 E730.62773
;MESH:NONMESH
G0 F300 X115.38 Y108.642 Z20.4
G0 F9000 X117.468 Y101.877
G0 X117.318 Y100.795
G0 X117.278 Y99.925
G0 X117.411 Y98.839
G0 X117.408 Y98.356
G0 X117.41 Y98.666
;TIME_ELAPSED:1560.368808
;LAYER:101
;note -- min layer time used
;TYPE:WALL-INNER
;MESH:dubelHinge.stl(1)
G1 F1500 E737.12773
G1 F1010.5 X118.438 Y98.521 E737.16226
G1 X119.401 Y98.114 E737.19704
G1 X120.22 Y97.475 E737.23159
G1 X120.849 Y96.641 E737.26633
G1 X121.242 Y95.674 E737.30105
G1 X121.374 Y94.637 E737.33582
G1 X121.228 Y93.61 E737.37032
G1 X120.822 Y92.647 E737.40508
G1 X120.183 Y91.828 E737.43963
G1 X119.348 Y91.2 E737.47438
G1 X118.382 Y90.806 E737.50908
G1 X117.345 Y90.674 E737.54385
G1 X116.318 Y90.82 E737.57835
G1 X115.351 Y91.226 E737.61323
G1 X114.536 Y91.865 E737.64768
G1 X113.906 Y92.7 E737.68247
G1 X113.51 Y93.666 E737.71719
G1 X113.382 Y94.702 E737.75191
G1 X113.528 Y95.73 E737.78645
G1 X113.935 Y96.697 E737.82134
G1 X114.573 Y97.516 E737.85587
G1 X115.407 Y98.145 E737.89061
G1 X116.373 Y98.538 E737.9253
G1 X117.382 Y98.663 E737.95912
G1 X117.41 Y98.666 E737.96005
G0 F9000 X117.414 Y99.07
;TYPE:WALL-OUTER
G1 F1010.5 X118.546 Y98.909 E737.99808
G1 X119.605 Y98.462 E738.03631
G1 X120.508 Y97.758 E738.0744
G1 X121.2 Y96.84 E738.11263
G1 X121.632 Y95.776 E738.15083
G1 X121.778 Y94.634 E738.18912
G1 X121.617 Y93.502 E738.22715
G1 X121.17 Y92.443 E738.26538
G1 X120.466 Y91.54 E738.30346
G1 X119.548 Y90.848 E738.3417
G1 X118.484 Y90.416 E738.37989
G1 X117.342 Y90.27 E738.41819
G1 X116.21 Y90.431 E738.45622
G1 X115.147 Y90.878 E738.49457
G1 X114.248 Y91.582 E738.53255
G1 X113.556 Y92.5 E738.57078
G1 X113.12 Y93.564 E738.60903
G1 X112.978 Y94.706 E738.6473
G1 X113.139 Y95.838 E738.68533
G1 X113.587 Y96.901 E738.7237
G1 X114.29 Y97.804 E738.76176
G1 X115.208 Y98.496 E738.8
G1 X116.271 Y98.928 E738.83816
G1 X117.383 Y99.066 E738.87543
G1 X117.414 Y99.07 E738.87647
G0 F9000 X117.408 Y98.356
G0 X116 Y98.053
G0 X115.914 Y98.265
;TYPE:FILL
G1 F1010.5 X113.785 Y96.135 E738.97664
G0 F9000 X114.253 Y96.973
G1 F1010.5 X115.822 Y91.115 E739.17834
G0 F9000 X114.992 Y91.609
G1 F1010.5 X117.912 Y90.827 E739.27888
G0 F9000 X116.946 Y90.812
G1 F1010.5 X121.235 Y95.1 E739.4806
G0 F9000 X121.223 Y94.141
G1 F1010.5 X120.445 Y97.043 E739.58053
G0 F9000 X120.929 Y96.23
G1 F1010.5 X115.079 Y97.798 E739.78197
G0 F9000 X115.399 Y97.376
G1 F1500 E733.28197
;MESH:dubelHinge.stl
G0 F9000 X116.33 Y98.705
G0 X116.197 Y99.791
G0 X116.631 Y100.89
G0 X116.778 Y101.954
G0 X117.529 Y109.728
G0 X117.53 Y110.038
;TYPE:WALL-INNER
G1 F1500 E739.78197
G1 F1010.5 X118.558 Y109.892 E739.81651
G1 X119.525 Y109.485 E739.8514
G1 X120.344 Y108.847 E739.88593
G1 X120.973 Y108.013 E739.92067
G1 X121.366 Y107.047 E739.95536
G1 X121.494 Y106.01 E739.99011
G1 X121.348 Y104.982 E740.02465
G1 X120.942 Y104.015 E740.05953
G1 X120.303 Y103.2 E740.09398
G1 X119.469 Y102.571 E740.12872
G1 X118.502 Y102.178 E740.16344
G1 X117.465 Y102.046 E740.19821
G1 X116.438 Y102.192 E740.23271
G1 X115.475 Y102.598 E740.26747
G1 X114.656 Y103.237 E740.30202
G1 X114.027 Y104.071 E740.33676
G1 X113.634 Y105.038 E740.37148
G1 X113.502 Y106.075 E740.40625
G1 X113.648 Y107.102 E740.44075
G1 X114.054 Y108.065 E740.47551
G1 X114.693 Y108.884 E740.51006
G1 X115.528 Y109.514 E740.54485
G1 X116.494 Y109.91 E740.57957
G1 X117.5 Y110.034 E740.61329
G1 X117.53 Y110.038 E740.61429
G0 F9000 X117.534 Y110.442
;TYPE:WALL-OUTER
G1 F1010.5 X118.666 Y110.281 E740.65232
G1 X119.729 Y109.833 E740.69069
G1 X120.632 Y109.13 E740.72875
G1 X121.324 Y108.212 E740.76699
G1 X121.756 Y107.149 E740.80515
G1 X121.898 Y106.006 E740.84346
G1 X121.737 Y104.874 E740.88149
G1 X121.29 Y103.811 E740.91984
G1 X120.586 Y102.912 E740.95782
G1 X119.668 Y102.22 E740.99606
G1 X118.604 Y101.788 E741.03425
G1 X117.462 Y101.642 E741.07254
G1 X116.33 Y101.803 E741.11057
G1 X115.271 Y102.25 E741.1488
G1 X114.368 Y102.954 E741.18689
G1 X113.676 Y103.872 E741.22512
G1 X113.244 Y104.936 E741.26332
G1 X113.098 Y106.078 E741.30161
G1 X113.259 Y107.21 E741.33964
G1 X113.706 Y108.269 E741.37787
G1 X114.41 Y109.172 E741.41595
G1 X115.328 Y109.864 E741.45419
G1 X116.392 Y110.3 E741.49243
G1 X117.5 Y110.438 E741.52957
G1 X117.534 Y110.442 E741.53071
G0 F9000 X117.529 Y109.728
G0 X116.119 Y109.425
G0 X116.033 Y109.635
;TYPE:FILL
G1 F1010.5 X113.906 Y107.508 E741.63076
G0 F9000 X114.374 Y108.344
G1 F1010.5 X115.943 Y102.486 E741.83246
G0 F9000 X115.117 Y102.98
G1 F1010.5 X118.032 Y102.198 E741.93284
G0 F9000 X117.066 Y102.183
G1 F1010.5 X121.356 Y106.473 E742.13463
G0 F9000 X121.343 Y105.515
G1 F1010.5 X120.565 Y108.422 E742.23472
G0 F9000 X121.054 Y107.6
G1 F1010.5 X115.202 Y109.168 E742.43623
G0 F9000 X115.522 Y108.749
G1 F1500 E735.93623
;MESH:NONMESH
G0 F300 X115.522 Y108.749 Z20.6
G0 F9000 X117.468 Y101.877
G0 X117.318 Y100.795
G0 X117.278 Y99.925
G0 X117.411 Y98.839
G0 X117.408 Y98.356
G0 X117.41 Y98.666
;TIME_ELAPSED:1573.323431
;LAYER:102
;note -- min layer time used
;TYPE:WALL-INNER
;MESH:dubelHinge.stl(1)
G1 F1500 E742.43623
G1 F1031.9 X118.438 Y98.521 E742.47076
G1 X119.401 Y98.114 E742.50553
G1 X120.22 Y97.475 E742.54008
G1 X120.849 Y96.641 E742.57482
G1 X121.242 Y95.674 E742.60954
G1 X121.374 Y94.637 E742.64431
G1 X121.228 Y93.61 E742.67881
G1 X120.822 Y92.647 E742.71357
G1 X120.183 Y91.828 E742.74812
G1 X119.348 Y91.2 E742.78287
G1 X118.382 Y90.806 E742.81757
G1 X117.345 Y90.674 E742.85234
G1 X116.318 Y90.82 E742.88684
G1 X115.351 Y91.226 E742.92172
G1 X114.536 Y91.865 E742.95617
G1 X113.906 Y92.7 E742.99096
G1 X113.51 Y93.666 E743.02568
G1 X113.382 Y94.702 E743.0604
G1 X113.528 Y95.73 E743.09494
G1 X113.935 Y96.697 E743.12983
G1 X114.573 Y97.516 E743.16436
G1 X115.407 Y98.145 E743.19911
G1 X116.373 Y98.538 E743.23379
G1 X117.382 Y98.663 E743.26761
G1 X117.41 Y98.666 E743.26855
G0 F9000 X117.414 Y99.07
;TYPE:WALL-OUTER
G1 F1031.9 X118.546 Y98.909 E743.30657
G1 X119.605 Y98.462 E743.34481
G1 X120.508 Y97.758 E743.38289
G1 X121.2 Y96.84 E743.42113
G1 X121.632 Y95.776 E743.45932
G1 X121.778 Y94.634 E743.49761
G1 X121.617 Y93.502 E743.53564
G1 X121.17 Y92.443 E743.57387
G1 X120.466 Y91.54 E743.61196
G1 X119.548 Y90.848 E743.65019
G1 X118.484 Y90.416 E743.68839
G1 X117.342 Y90.27 E743.72668
G1 X116.21 Y90.431 E743.76471
G1 X115.147 Y90.878 E743.80306
G1 X114.248 Y91.582 E743.84104
G1 X113.556 Y92.5 E743.87928
G1 X113.12 Y93.564 E743.91752
G1 X112.978 Y94.706 E743.9558
G1 X113.139 Y95.838 E743.99383
G1 X113.587 Y96.901 E744.03219
G1 X114.29 Y97.804 E744.07026
G1 X115.208 Y98.496 E744.10849
G1 X116.271 Y98.928 E744.14665
G1 X117.383 Y99.066 E744.18392
G1 X117.414 Y99.07 E744.18496
G0 F9000 X117.408 Y98.356
G0 X116.339 Y98.191
G0 X116.253 Y98.402
;TYPE:FILL
G1 F1031.9 X113.638 Y95.788 E744.30794
G0 F9000 X113.85 Y95.699
G0 X114.325 Y96.692
G0 X114.143 Y96.833
G1 F1031.9 X115.657 Y91.184 E744.50246
G0 F9000 X115.746 Y91.398
G0 X114.849 Y92.015
G0 X114.707 Y91.833
G1 F1031.9 X118.283 Y90.874 E744.6256
G0 F9000 X118.254 Y91.102
G0 X117.153 Y91.018
G0 X117.122 Y90.787
G1 F1031.9 X121.257 Y94.922 E744.8201
G0 F9000 X121.031 Y94.894
G0 X120.945 Y93.811
G0 X121.172 Y93.781
G1 F1031.9 X120.218 Y97.345 E744.94281
G0 F9000 X120.039 Y97.209
G0 X120.655 Y96.311
G0 X120.861 Y96.395
G1 F1031.9 X115.223 Y97.906 E745.13695
G0 F9000 X115.543 Y97.485
G1 F1500 E738.63695
;MESH:dubelHinge.stl
G0 F9000 X116.33 Y98.705
G0 X116.197 Y99.791
G0 X116.631 Y100.89
G0 X116.778 Y101.954
G0 X117.529 Y109.728
G0 X117.53 Y110.038
;TYPE:WALL-INNER
G1 F1500 E745.13695
G1 F1031.9 X118.558 Y109.892 E745.17148
G1 X119.525 Y109.485 E745.20638
G1 X120.344 Y108.847 E745.24091
G1 X120.973 Y108.013 E745.27565
G1 X121.366 Y107.047 E745.31034
G1 X121.494 Y106.01 E745.34509
G1 X121.348 Y104.982 E745.37963
G1 X120.942 Y104.015 E745.41451
G1 X120.303 Y103.2 E745.44895
G1 X119.469 Y102.571 E745.4837
G1 X118.502 Y102.178 E745.51841
G1 X117.465 Y102.046 E745.55318
G1 X116.438 Y102.192 E745.58768
G1 X115.475 Y102.598 E745.62244
G1 X114.656 Y103.237 E745.65699
G1 X114.027 Y104.071 E745.69174
G1 X113.634 Y105.038 E745.72646
G1 X113.502 Y106.075 E745.76122
G1 X113.648 Y107.102 E745.79573
G1 X114.054 Y108.065 E745.83049
G1 X114.693 Y108.884 E745.86504
G1 X115.528 Y109.514 E745.89983
G1 X116.494 Y109.91 E745.93455
G1 X117.5 Y110.034 E745.96826
G1 X117.53 Y110.038 E745.96927
G0 F9000 X117.534 Y110.442
;TYPE:WALL-OUTER
G1 F1031.9 X118.666 Y110.281 E746.0073
G1 X119.729 Y109.833 E746.04567
G1 X120.632 Y109.13 E746.08373
G1 X121.324 Y108.212 E746.12196
G1 X121.756 Y107.149 E746.16013
G1 X121.898 Y106.006 E746.19844
G1 X121.737 Y104.874 E746.23647
G1 X121.29 Y103.811 E746.27482
G1 X120.586 Y102.912 E746.3128
G1 X119.668 Y102.22 E746.35103
G1 X118.604 Y101.788 E746.38923
G1 X117.462 Y101.642 E746.42752
G1 X116.33 Y101.803 E746.46555
G1 X115.271 Y102.25 E746.50378
G1 X114.368 Y102.954 E746.54187
G1 X113.676 Y103.872 E746.5801
G1 X113.244 Y104.936 E746.6183
G1 X113.098 Y106.078 E746.65659
G1 X113.259 Y107.21 E746.69462
G1 X113.706 Y108.269 E746.73285
G1 X114.41 Y109.172 E746.77093
G1 X115.328 Y109.864 E746.80917
G1 X116.392 Y110.3 E746.84741
G1 X117.5 Y110.438 E746.88455
G1 X117.534 Y110.442 E746.88569
G0 F9000 X117.529 Y109.728
G0 X116.459 Y109.563
G0 X116.373 Y109.774
;TYPE:FILL
G1 F1031.9 X113.759 Y107.161 E747.00862
G0 F9000 X113.971 Y107.073
G0 X114.445 Y108.063
G0 X114.264 Y108.204
G1 F1031.9 X115.777 Y102.557 E747.20306
G0 F9000 X115.867 Y102.771
G0 X114.971 Y103.385
G0 X114.83 Y103.203
G1 F1031.9 X118.404 Y102.246 E747.32612
G0 F9000 X118.375 Y102.474
G0 X117.274 Y102.389
G0 X117.243 Y102.159
G1 F1031.9 X121.378 Y106.294 E747.52062
G0 F9000 X121.152 Y106.266
G0 X121.067 Y105.186
G0 X121.293 Y105.156
G1 F1031.9 X120.337 Y108.723 E747.64345
G0 F9000 X120.157 Y108.586
G0 X120.777 Y107.679
G0 X120.987 Y107.765
G1 F1031.9 X115.346 Y109.277 E747.83769
G0 F9000 X115.666 Y108.858
G1 F1500 E741.33769
;MESH:NONMESH
G0 F300 X115.666 Y108.858 Z20.8
G0 F9000 X117.468 Y101.877
G0 X117.318 Y100.795
G0 X117.278 Y99.925
G0 X117.411 Y98.839
G0 X117.408 Y98.356
G0 X117.41 Y98.666
;TIME_ELAPSED:1586.696854
;LAYER:103
;note -- min layer time used
;TYPE:WALL-INNER
;MESH:dubelHinge.stl(1)
G1 F1500 E747.83769
G1 F1041.4 X118.438 Y98.521 E747.87222
G1 X119.401 Y98.114 E747.90699
G1 X120.22 Y97.475 E747.94154
G1 X120.849 Y96.641 E747.97629
G1 X121.242 Y95.674 E748.011
G1 X121.374 Y94.637 E748.04577
G1 X121.228 Y93.61 E748.08027
G1 X120.822 Y92.647 E748.11503
G1 X120.183 Y91.828 E748.14958
G1 X119.348 Y91.2 E748.18433
G1 X118.382 Y90.806 E748.21903
G1 X117.345 Y90.674 E748.2538
G1 X116.318 Y90.82 E748.2883
G1 X115.351 Y91.226 E748.32319
G1 X114.536 Y91.865 E748.35763
G1 X113.906 Y92.7 E748.39242
G1 X113.51 Y93.666 E748.42715
G1 X113.382 Y94.702 E748.46187
G1 X113.528 Y95.73 E748.4964
G1 X113.935 Y96.697 E748.5313
G1 X114.573 Y97.516 E748.56583
G1 X115.407 Y98.145 E748.60057
G1 X116.373 Y98.538 E748.63526
G1 X117.382 Y98.663 E748.66907
G1 X117.41 Y98.666 E748.67001
G0 F9000 X117.414 Y99.07
;TYPE:WALL-OUTER
G1 F1041.4 X118.546 Y98.909 E748.70804
G1 X119.605 Y98.462 E748.74627
G1 X120.508 Y97.758 E748.78435
G1 X121.2 Y96.84 E748.82259
G1 X121.632 Y95.776 E748.86078
G1 X121.778 Y94.634 E748.89907
G1 X121.617 Y93.502 E748.9371
G1 X121.17 Y92.443 E748.97534
G1 X120.466 Y91.54 E749.01342
G1 X119.548 Y90.848 E749.05165
G1 X118.484 Y90.416 E749.08985
G1 X117.342 Y90.27 E749.12814
G1 X116.21 Y90.431 E749.16617
G1 X115.147 Y90.878 E749.20452
G1 X114.248 Y91.582 E749.2425
G1 X113.556 Y92.5 E749.28074
G1 X113.12 Y93.564 E749.31898
G1 X112.978 Y94.706 E749.35726
G1 X113.139 Y95.838 E749.39529
G1 X113.587 Y96.901 E749.43366
G1 X114.29 Y97.804 E749.47172
G1 X115.208 Y98.496 E749.50995
G1 X116.271 Y98.928 E749.54812
G1 X117.383 Y99.066 E749.58539
G1 X117.414 Y99.07 E749.58643
G0 F9000 X117.408 Y98.356
G0 X116.555 Y98.249
G0 X116.526 Y98.476
;TYPE:FILL
G1 F1041.4 X113.579 Y95.529 E749.72504
G0 F9000 X113.808 Y95.498
G0 X114.217 Y96.552
G0 X114.035 Y96.693
G1 F1041.4 X115.492 Y91.254 E749.91232
G0 F9000 X115.581 Y91.468
G0 X114.693 Y92.17
G0 X114.511 Y92.031
G1 F1041.4 X118.532 Y90.954 E750.05078
G0 F9000 X118.446 Y91.164
G0 X117.328 Y90.993
G0 X117.297 Y90.762
G1 F1041.4 X121.28 Y94.745 E750.23813
G0 F9000 X121.053 Y94.716
G0 X120.888 Y93.597
G0 X121.099 Y93.509
G1 F1041.4 X120.023 Y97.527 E750.37647
G0 F9000 X119.885 Y97.348
G0 X120.588 Y96.475
G0 X120.795 Y96.559
G1 F1041.4 X115.366 Y98.014 E750.56342
G0 F9000 X115.685 Y97.592
G1 F1500 E744.06342
;MESH:dubelHinge.stl
G0 F9000 X116.33 Y98.705
G0 X116.197 Y99.791
G0 X116.631 Y100.89
G0 X116.778 Y101.954
G0 X117.529 Y109.728
G0 X117.53 Y110.038
;TYPE:WALL-INNER
G1 F1500 E750.56342
G1 F1041.4 X118.558 Y109.892 E750.59795
G1 X119.525 Y109.485 E750.63285
G1 X120.344 Y108.847 E750.66737
G1 X120.973 Y108.013 E750.70212
G1 X121.366 Y107.047 E750.7368
G1 X121.494 Y106.01 E750.77156
G1 X121.348 Y104.982 E750.80609
G1 X120.942 Y104.015 E750.84097
G1 X120.303 Y103.2 E750.87542
G1 X119.469 Y102.571 E750.91016
G1 X118.502 Y102.178 E750.94488
G1 X117.465 Y102.046 E750.97965
G1 X116.438 Y102.192 E751.01415
G1 X115.475 Y102.598 E751.04891
G1 X114.656 Y103.237 E751.08346
G1 X114.027 Y104.071 E751.1182
G1 X113.634 Y105.038 E751.15292
G1 X113.502 Y106.075 E751.18769
G1 X113.648 Y107.102 E751.22219
G1 X114.054 Y108.065 E751.25695
G1 X114.693 Y108.884 E751.2915
G1 X115.528 Y109.514 E751.32629
G1 X116.494 Y109.91 E751.36102
G1 X117.5 Y110.034 E751.39473
G1 X117.53 Y110.038 E751.39574
G0 F9000 X117.534 Y110.442
;TYPE:WALL-OUTER
G1 F1041.4 X118.666 Y110.281 E751.43377
G1 X119.729 Y109.833 E751.47213
G1 X120.632 Y109.13 E751.5102
G1 X121.324 Y108.212 E751.54843
G1 X121.756 Y107.149 E751.5866
G1 X121.898 Y106.006 E751.6249
G1 X121.737 Y104.874 E751.66293
G1 X121.29 Y103.811 E751.70129
G1 X120.586 Y102.912 E751.73927
G1 X119.668 Y102.22 E751.7775
G1 X118.604 Y101.788 E751.8157
G1 X117.462 Y101.642 E751.85399
G1 X116.33 Y101.803 E751.89202
G1 X115.271 Y102.25 E751.93025
G1 X114.368 Y102.954 E751.96833
G1 X113.676 Y103.872 E752.00657
G1 X113.244 Y104.936 E752.04476
G1 X113.098 Y106.078 E752.08305
G1 X113.259 Y107.21 E752.12108
G1 X113.706 Y108.269 E752.15932
G1 X114.41 Y109.172 E752.1974
G1 X115.328 Y109.864 E752.23563
G1 X116.392 Y110.3 E752.27388
G1 X117.5 Y110.438 E752.31102
G1 X117.534 Y110.442 E752.31215
G0 F9000 X117.529 Y109.728
G0 X116.674 Y109.621
G0 X116.646 Y109.848
;TYPE:FILL
G1 F1041.4 X113.7 Y106.902 E752.45073
G0 F9000 X113.929 Y106.871
G0 X114.336 Y107.924
G0 X114.156 Y108.064
G1 F1041.4 X115.613 Y102.627 E752.63794
G0 F9000 X115.703 Y102.841
G0 X114.814 Y103.54
G0 X114.632 Y103.402
G1 F1041.4 X118.653 Y102.325 E752.77639
G0 F9000 X118.567 Y102.536
G0 X117.448 Y102.365
G0 X117.417 Y102.134
G1 F1041.4 X121.4 Y106.117 E752.96374
G0 F9000 X121.174 Y106.089
G0 X121.01 Y104.969
G0 X121.22 Y104.882
G1 F1041.4 X120.143 Y108.902 E753.10216
G0 F9000 X120.004 Y108.722
G0 X120.71 Y107.844
G0 X120.92 Y107.929
G1 F1041.4 X115.489 Y109.384 E753.28917
G0 F9000 X115.808 Y108.966
G1 F1500 E746.78917
;MESH:NONMESH
G0 F300 X115.808 Y108.966 Z21
G0 F9000 X117.468 Y101.877
G0 X117.318 Y100.795
G0 X117.278 Y99.925
G0 X117.411 Y98.839
G0 X117.408 Y98.356
G0 X117.41 Y98.666
;TIME_ELAPSED:1600.041535
;LAYER:104
;note -- min layer time used
;TYPE:WALL-INNER
;MESH:dubelHinge.stl(1)
G1 F1500 E753.28917
G1 F1043.1 X118.438 Y98.521 E753.3237
G1 X119.401 Y98.114 E753.35847
G1 X120.22 Y97.475 E753.39302
G1 X120.849 Y96.641 E753.42777
G1 X121.242 Y95.674 E753.46248
G1 X121.374 Y94.637 E753.49725
G1 X121.228 Y93.61 E753.53175
G1 X120.822 Y92.647 E753.56651
G1 X120.183 Y91.828 E753.60106
G1 X119.348 Y91.2 E753.63581
G1 X118.382 Y90.806 E753.67051
G1 X117.345 Y90.674 E753.70528
G1 X116.318 Y90.82 E753.73978
G1 X115.351 Y91.226 E753.77467
G1 X114.536 Y91.865 E753.80911
G1 X113.906 Y92.7 E753.8439
G1 X113.51 Y93.666 E753.87863
G1 X113.382 Y94.702 E753.91335
G1 X113.528 Y95.73 E753.94788
G1 X113.935 Y96.697 E753.98278
G1 X114.573 Y97.516 E754.01731
G1 X115.407 Y98.145 E754.05205
G1 X116.373 Y98.538 E754.08674
G1 X117.382 Y98.663 E754.12055
G1 X117.41 Y98.666 E754.12149
G0 F9000 X117.414 Y99.07
;TYPE:WALL-OUTER
G1 F1043.1 X118.546 Y98.909 E754.15952
G1 X119.605 Y98.462 E754.19775
G1 X120.508 Y97.758 E754.23583
G1 X121.2 Y96.84 E754.27407
G1 X121.632 Y95.776 E754.31226
G1 X121.778 Y94.634 E754.35055
G1 X121.617 Y93.502 E754.38858
G1 X121.17 Y92.443 E754.42682
G1 X120.466 Y91.54 E754.4649
G1 X119.548 Y90.848 E754.50313
G1 X118.484 Y90.416 E754.54133
G1 X117.342 Y90.27 E754.57962
G1 X116.21 Y90.431 E754.61765
G1 X115.147 Y90.878 E754.656
G1 X114.248 Y91.582 E754.69398
G1 X113.556 Y92.5 E754.73222
G1 X113.12 Y93.564 E754.77046
G1 X112.978 Y94.706 E754.80874
G1 X113.139 Y95.838 E754.84677
G1 X113.587 Y96.901 E754.88514
G1 X114.29 Y97.804 E754.9232
G1 X115.208 Y98.496 E754.96143
G1 X116.271 Y98.928 E754.9996
G1 X117.383 Y99.066 E755.03687
G1 X117.414 Y99.07 E755.03791
G0 F9000 X116.755 Y98.504
;TYPE:FILL
G1 F1043.1 X113.546 Y95.296 E755.18882
G0 F9000 X113.776 Y95.265
G0 X114.152 Y96.41
G0 X113.939 Y96.5
G1 F1043.1 X115.318 Y91.353 E755.36605
G0 F9000 X115.461 Y91.538
G0 X114.553 Y92.355
G0 X114.371 Y92.216
G1 F1043.1 X118.75 Y91.042 E755.51684
G0 F9000 X118.664 Y91.253
G0 X117.483 Y91.006
G0 X117.512 Y90.776
G1 F1043.1 X121.281 Y94.545 E755.69412
G0 F9000 X121.051 Y94.576
G0 X120.799 Y93.384
G0 X121.009 Y93.297
G1 F1043.1 X119.837 Y97.673 E755.8448
G0 F9000 X119.698 Y97.494
G0 X120.497 Y96.603
G0 X120.675 Y96.738
G1 F1043.1 X115.542 Y98.114 E756.02155
G0 F9000 X115.741 Y97.624
G1 F1500 E749.52155
;MESH:dubelHinge.stl
G0 F9000 X116.33 Y98.705
G0 X116.197 Y99.791
G0 X116.631 Y100.89
G0 X116.778 Y101.954
G0 X117.529 Y109.728
G0 X117.53 Y110.038
;TYPE:WALL-INNER
G1 F1500 E756.02155
G1 F1043.1 X118.558 Y109.892 E756.05609
G1 X119.525 Y109.485 E756.09098
G1 X120.344 Y108.847 E756.12551
G1 X120.973 Y108.013 E756.16025
G1 X121.366 Y107.047 E756.19494
G1 X121.494 Y106.01 E756.22969
G1 X121.348 Y104.982 E756.26423
G1 X120.942 Y104.015 E756.29911
G1 X120.303 Y103.2 E756.33356
G1 X119.469 Y102.571 E756.3683
G1 X118.502 Y102.178 E756.40302
G1 X117.465 Y102.046 E756.43779
G1 X116.438 Y102.192 E756.47229
G1 X115.475 Y102.598 E756.50705
G1 X114.656 Y103.237 E756.5416
G1 X114.027 Y104.071 E756.57634
G1 X113.634 Y105.038 E756.61106
G1 X113.502 Y106.075 E756.64583
G1 X113.648 Y107.102 E756.68033
G1 X114.054 Y108.065 E756.71509
G1 X114.693 Y108.884 E756.74964
G1 X115.528 Y109.514 E756.78443
G1 X116.494 Y109.91 E756.81915
G1 X117.5 Y110.034 E756.85287
G1 X117.53 Y110.038 E756.85387
G0 F9000 X117.534 Y110.442
;TYPE:WALL-OUTER
G1 F1043.1 X118.666 Y110.281 E756.8919
G1 X119.729 Y109.833 E756.93027
G1 X120.632 Y109.13 E756.96833
G1 X121.324 Y108.212 E757.00657
G1 X121.756 Y107.149 E757.04473
G1 X121.898 Y106.006 E757.08304
G1 X121.737 Y104.874 E757.12107
G1 X121.29 Y103.811 E757.15942
G1 X120.586 Y102.912 E757.1974
G1 X119.668 Y102.22 E757.23564
G1 X118.604 Y101.788 E757.27383
G1 X117.462 Y101.642 E757.31212
G1 X116.33 Y101.803 E757.35015
G1 X115.271 Y102.25 E757.38839
G1 X114.368 Y102.954 E757.42647
G1 X113.676 Y103.872 E757.4647
G1 X113.244 Y104.936 E757.5029
G1 X113.098 Y106.078 E757.54119
G1 X113.259 Y107.21 E757.57922
G1 X113.706 Y108.269 E757.61745
G1 X114.41 Y109.172 E757.65553
G1 X115.328 Y109.864 E757.69377
G1 X116.392 Y110.3 E757.73202
G1 X117.5 Y110.438 E757.76915
G1 X117.534 Y110.442 E757.77029
G0 F9000 X116.876 Y109.877
;TYPE:FILL
G1 F1043.1 X113.667 Y106.668 E757.92123
G0 F9000 X113.897 Y106.637
G0 X114.272 Y107.785
G0 X114.06 Y107.873
G1 F1043.1 X115.438 Y102.728 E758.09839
G0 F9000 X115.58 Y102.911
G0 X114.674 Y103.725
G0 X114.493 Y103.587
G1 F1043.1 X118.871 Y102.414 E758.24914
G0 F9000 X118.785 Y102.625
G0 X117.603 Y102.378
G0 X117.632 Y102.148
G1 F1043.1 X121.4 Y105.915 E758.42635
G0 F9000 X121.172 Y105.945
G0 X120.92 Y104.756
G0 X121.13 Y104.669
G1 F1043.1 X119.957 Y109.047 E758.5771
G0 F9000 X119.817 Y108.867
G0 X120.621 Y107.971
G0 X120.801 Y108.108
G1 F1043.1 X115.665 Y109.484 E758.75395
G0 F9000 X115.863 Y108.997
G1 F1500 E752.25395
;MESH:NONMESH
G0 F300 X115.863 Y108.997 Z21.2
G0 F9000 X117.468 Y101.877
G0 X117.318 Y100.795
G0 X117.278 Y99.925
G0 X117.411 Y98.839
G0 X117.408 Y98.356
G0 X117.41 Y98.666
;TIME_ELAPSED:1613.303430
;LAYER:105
;note -- min layer time used
;TYPE:WALL-INNER
;MESH:dubelHinge.stl(1)
G1 F1500 E758.75395
G1 F1043.1 X118.438 Y98.521 E758.78848
G1 X119.401 Y98.114 E758.82325
G1 X120.22 Y97.475 E758.8578
G1 X120.849 Y96.641 E758.89254
G1 X121.242 Y95.674 E758.92726
G1 X121.374 Y94.637 E758.96203
G1 X121.228 Y93.61 E758.99653
G1 X120.822 Y92.647 E759.03129
G1 X120.183 Y91.828 E759.06584
G1 X119.348 Y91.2 E759.10059
G1 X118.382 Y90.806 E759.13529
G1 X117.345 Y90.674 E759.17006
G1 X116.318 Y90.82 E759.20456
G1 X115.351 Y91.226 E759.23944
G1 X114.536 Y91.865 E759.27389
G1 X113.906 Y92.7 E759.30868
G1 X113.51 Y93.666 E759.3434
G1 X113.382 Y94.702 E759.37812
G1 X113.528 Y95.73 E759.41266
G1 X113.935 Y96.697 E759.44755
G1 X114.573 Y97.516 E759.48208
G1 X115.407 Y98.145 E759.51682
G1 X116.373 Y98.538 E759.55151
G1 X117.382 Y98.663 E759.58533
G1 X117.41 Y98.666 E759.58626
G0 F9000 X117.414 Y99.07
;TYPE:WALL-OUTER
G1 F1043.1 X118.546 Y98.909 E759.62429
G1 X119.605 Y98.462 E759.66252
G1 X120.508 Y97.758 E759.70061
G1 X121.2 Y96.84 E759.73884
G1 X121.632 Y95.776 E759.77704
G1 X121.778 Y94.634 E759.81533
G1 X121.617 Y93.502 E759.85336
G1 X121.17 Y92.443 E759.89159
G1 X120.466 Y91.54 E759.92967
G1 X119.548 Y90.848 E759.96791
G1 X118.484 Y90.416 E760.0061
G1 X117.342 Y90.27 E760.0444
G1 X116.21 Y90.431 E760.08243
G1 X115.147 Y90.878 E760.12078
G1 X114.248 Y91.582 E760.15876
G1 X113.556 Y92.5 E760.19699
G1 X113.12 Y93.564 E760.23524
G1 X112.978 Y94.706 E760.27351
G1 X113.139 Y95.838 E760.31154
G1 X113.587 Y96.901 E760.34991
G1 X114.29 Y97.804 E760.38797
G1 X115.208 Y98.496 E760.42621
G1 X116.271 Y98.928 E760.46437
G1 X117.383 Y99.066 E760.50164
G1 X117.414 Y99.07 E760.50268
G0 F9000 X116.982 Y98.533
;TYPE:FILL
G1 F1043.1 X113.514 Y95.064 E760.66583
G0 F9000 X113.744 Y95.033
G0 X114.063 Y96.2
G0 X113.85 Y96.289
G1 F1043.1 X115.134 Y91.498 E760.8308
G0 F9000 X115.277 Y91.682
G0 X114.416 Y92.537
G0 X114.234 Y92.398
G1 F1043.1 X118.965 Y91.131 E760.9937
G0 F9000 X118.88 Y91.34
G0 X117.711 Y91.034
G0 X117.74 Y90.805
G1 F1043.1 X121.248 Y94.313 E761.15871
G0 F9000 X121.019 Y94.344
G0 X120.709 Y93.173
G0 X120.92 Y93.085
G1 F1043.1 X119.652 Y97.817 E761.32165
G0 F9000 X119.513 Y97.638
G0 X120.359 Y96.786
G0 X120.537 Y96.921
G1 F1043.1 X115.758 Y98.202 E761.48621
G0 F9000 X115.958 Y97.712
G1 F1500 E754.98621
;MESH:dubelHinge.stl
G0 F9000 X117.411 Y98.839
G0 X117.562 Y99.921
G0 X117.601 Y100.791
G0 X117.468 Y101.877
G0 X117.529 Y109.728
G0 X117.53 Y110.038
;TYPE:WALL-INNER
G1 F1500 E761.48621
G1 F1043.1 X118.558 Y109.892 E761.52074
G1 X119.525 Y109.485 E761.55564
G1 X120.344 Y108.847 E761.59017
G1 X120.973 Y108.013 E761.62491
G1 X121.366 Y107.047 E761.6596
G1 X121.494 Y106.01 E761.69435
G1 X121.348 Y104.982 E761.72888
G1 X120.942 Y104.015 E761.76377
G1 X120.303 Y103.2 E761.79821
G1 X119.469 Y102.571 E761.83296
G1 X118.502 Y102.178 E761.86767
G1 X117.465 Y102.046 E761.90244
G1 X116.438 Y102.192 E761.93694
G1 X115.475 Y102.598 E761.9717
G1 X114.656 Y103.237 E762.00625
G1 X114.027 Y104.071 E762.041
G1 X113.634 Y105.038 E762.07571
G1 X113.502 Y106.075 E762.11048
G1 X113.648 Y107.102 E762.14498
G1 X114.054 Y108.065 E762.17974
G1 X114.693 Y108.884 E762.21429
G1 X115.528 Y109.514 E762.24908
G1 X116.494 Y109.91 E762.28381
G1 X117.5 Y110.034 E762.31752
G1 X117.53 Y110.038 E762.31853
G0 F9000 X117.534 Y110.442
;TYPE:WALL-OUTER
G1 F1043.1 X118.666 Y110.281 E762.35656
G1 X119.729 Y109.833 E762.39493
G1 X120.632 Y109.13 E762.43299
G1 X121.324 Y108.212 E762.47122
G1 X121.756 Y107.149 E762.50939
G1 X121.898 Y106.006 E762.5477
G1 X121.737 Y104.874 E762.58573
G1 X121.29 Y103.811 E762.62408
G1 X120.586 Y102.912 E762.66206
G1 X119.668 Y102.22 E762.70029
G1 X118.604 Y101.788 E762.73849
G1 X117.462 Y101.642 E762.77678
G1 X116.33 Y101.803 E762.81481
G1 X115.271 Y102.25 E762.85304
G1 X114.368 Y102.954 E762.89112
G1 X113.676 Y103.872 E762.92936
G1 X113.244 Y104.936 E762.96755
G1 X113.098 Y106.078 E763.00585
G1 X113.259 Y107.21 E763.04388
G1 X113.706 Y108.269 E763.08211
G1 X114.41 Y109.172 E763.12019
G1 X115.328 Y109.864 E763.15843
G1 X116.392 Y110.3 E763.19667
G1 X117.5 Y110.438 E763.23381
G1 X117.534 Y110.442 E763.23495
G0 F9000 X117.103 Y109.905
;TYPE:FILL
G1 F1043.1 X113.634 Y106.436 E763.39812
G0 F9000 X113.864 Y106.405
G0 X114.183 Y107.573
G0 X113.971 Y107.661
G1 F1043.1 X115.254 Y102.871 E763.56305
G0 F9000 X115.396 Y103.054
G0 X114.536 Y103.908
G0 X114.355 Y103.77
G1 F1043.1 X119.087 Y102.502 E763.72599
G0 F9000 X119.001 Y102.712
G0 X117.832 Y102.406
G0 X117.861 Y102.177
G1 F1043.1 X121.367 Y105.683 E763.8909
G0 F9000 X121.14 Y105.713
G0 X120.83 Y104.544
G0 X121.041 Y104.457
G1 F1043.1 X119.773 Y109.19 E764.05387
G0 F9000 X119.633 Y109.01
G0 X120.483 Y108.154
G0 X120.662 Y108.291
G1 F1043.1 X115.88 Y109.573 E764.21854
G0 F9000 X116.079 Y109.085
G1 F1500 E757.71854
;MESH:NONMESH
G0 F300 X116.079 Y109.085 Z21.4
G0 F9000 X117.468 Y101.877
G0 X117.318 Y100.795
G0 X117.278 Y99.925
G0 X117.411 Y98.839
G0 X117.408 Y98.356
G0 X117.41 Y98.666
;TIME_ELAPSED:1626.542596
;LAYER:106
;note -- min layer time used
;TYPE:WALL-INNER
;MESH:dubelHinge.stl(1)
G1 F1500 E764.21854
G1 F1042.8 X118.438 Y98.521 E764.25307
G1 X119.401 Y98.114 E764.28784
G1 X120.22 Y97.475 E764.32239
G1 X120.849 Y96.641 E764.35714
G1 X121.242 Y95.674 E764.39185
G1 X121.374 Y94.637 E764.42662
G1 X121.228 Y93.61 E764.46112
G1 X120.822 Y92.647 E764.49588
G1 X120.183 Y91.828 E764.53043
G1 X119.348 Y91.2 E764.56518
G1 X118.382 Y90.806 E764.59988
G1 X117.345 Y90.674 E764.63465
G1 X116.318 Y90.82 E764.66915
G1 X115.351 Y91.226 E764.70404
G1 X114.536 Y91.865 E764.73848
G1 X113.906 Y92.7 E764.77327
G1 X113.51 Y93.666 E764.808
G1 X113.382 Y94.702 E764.84271
G1 X113.528 Y95.73 E764.87725
G1 X113.935 Y96.697 E764.91214
G1 X114.573 Y97.516 E764.94667
G1 X115.407 Y98.145 E764.98142
G1 X116.373 Y98.538 E765.0161
G1 X117.382 Y98.663 E765.04992
G1 X117.41 Y98.666 E765.05086
G0 F9000 X117.414 Y99.07
;TYPE:WALL-OUTER
G1 F1042.8 X118.546 Y98.909 E765.08889
G1 X119.605 Y98.462 E765.12712
G1 X120.508 Y97.758 E765.1652
G1 X121.2 Y96.84 E765.20344
G1 X121.632 Y95.776 E765.24163
G1 X121.778 Y94.634 E765.27992
G1 X121.617 Y93.502 E765.31795
G1 X121.17 Y92.443 E765.35618
G1 X120.466 Y91.54 E765.39427
G1 X119.548 Y90.848 E765.4325
G1 X118.484 Y90.416 E765.4707
G1 X117.342 Y90.27 E765.50899
G1 X116.21 Y90.431 E765.54702
G1 X115.147 Y90.878 E765.58537
G1 X114.248 Y91.582 E765.62335
G1 X113.556 Y92.5 E765.66159
G1 X113.12 Y93.564 E765.69983
G1 X112.978 Y94.706 E765.73811
G1 X113.139 Y95.838 E765.77614
G1 X113.587 Y96.901 E765.8145
G1 X114.29 Y97.804 E765.85257
G1 X115.208 Y98.496 E765.8908
G1 X116.271 Y98.928 E765.92897
G1 X117.383 Y99.066 E765.96624
G1 X117.414 Y99.07 E765.96728
G0 F9000 X117.212 Y98.561
;TYPE:FILL
G1 F1042.8 X113.481 Y94.83 E766.14277
G0 F9000 X113.711 Y94.799
G0 X113.972 Y95.987
G0 X113.76 Y96.076
G1 F1042.8 X114.948 Y91.643 E766.29541
G0 F9000 X115.091 Y91.827
G0 X114.276 Y92.721
G0 X114.095 Y92.583
G1 F1042.8 X119.182 Y91.22 E766.47058
G0 F9000 X119.097 Y91.428
G0 X117.941 Y91.063
G0 X117.97 Y90.834
G1 F1042.8 X121.215 Y94.079 E766.62321
G0 F9000 X120.986 Y94.109
G0 X120.619 Y92.96
G0 X120.83 Y92.873
G1 F1042.8 X119.466 Y97.962 E766.79845
G0 F9000 X119.327 Y97.783
G0 X120.22 Y96.97
G0 X120.398 Y97.105
G1 F1042.8 X115.976 Y98.29 E766.95071
G0 F9000 X116.175 Y97.8
G1 F1500 E760.45071
;MESH:dubelHinge.stl
G0 F9000 X117.411 Y98.839
G0 X117.562 Y99.921
G0 X117.601 Y100.791
G0 X117.468 Y101.877
G0 X117.529 Y109.728
G0 X117.53 Y110.038
;TYPE:WALL-INNER
G1 F1500 E766.95071
G1 F1042.8 X118.558 Y109.892 E766.98525
G1 X119.525 Y109.485 E767.02014
G1 X120.344 Y108.847 E767.05467
G1 X120.973 Y108.013 E767.08942
G1 X121.366 Y107.047 E767.1241
G1 X121.494 Y106.01 E767.15886
G1 X121.348 Y104.982 E767.19339
G1 X120.942 Y104.015 E767.22827
G1 X120.303 Y103.2 E767.26272
G1 X119.469 Y102.571 E767.29746
G1 X118.502 Y102.178 E767.33218
G1 X117.465 Y102.046 E767.36695
G1 X116.438 Y102.192 E767.40145
G1 X115.475 Y102.598 E767.43621
G1 X114.656 Y103.237 E767.47076
G1 X114.027 Y104.071 E767.5055
G1 X113.634 Y105.038 E767.54022
G1 X113.502 Y106.075 E767.57499
G1 X113.648 Y107.102 E767.60949
G1 X114.054 Y108.065 E767.64425
G1 X114.693 Y108.884 E767.6788
G1 X115.528 Y109.514 E767.71359
G1 X116.494 Y109.91 E767.74831
G1 X117.5 Y110.034 E767.78203
G1 X117.53 Y110.038 E767.78303
G0 F9000 X117.534 Y110.442
;TYPE:WALL-OUTER
G1 F1042.8 X118.666 Y110.281 E767.82106
G1 X119.729 Y109.833 E767.85943
G1 X120.632 Y109.13 E767.89749
G1 X121.324 Y108.212 E767.93573
G1 X121.756 Y107.149 E767.97389
G1 X121.898 Y106.006 E768.0122
G1 X121.737 Y104.874 E768.05023
G1 X121.29 Y103.811 E768.08859
G1 X120.586 Y102.912 E768.12656
G1 X119.668 Y102.22 E768.1648
G1 X118.604 Y101.788 E768.20299
G1 X117.462 Y101.642 E768.24129
G1 X116.33 Y101.803 E768.27932
G1 X115.271 Y102.25 E768.31755
G1 X114.368 Y102.954 E768.35563
G1 X113.676 Y103.872 E768.39387
G1 X113.244 Y104.936 E768.43206
G1 X113.098 Y106.078 E768.47035
G1 X113.259 Y107.21 E768.50838
G1 X113.706 Y108.269 E768.54661
G1 X114.41 Y109.172 E768.5847
G1 X115.328 Y109.864 E768.62293
G1 X116.392 Y110.3 E768.66118
G1 X117.5 Y110.438 E768.69831
G1 X117.534 Y110.442 E768.69945
G0 F9000 X117.332 Y109.933
;TYPE:FILL
G1 F1042.8 X113.601 Y106.202 E768.87495
G0 F9000 X113.832 Y106.171
G0 X114.093 Y107.36
G0 X113.881 Y107.448
G1 F1042.8 X115.068 Y103.016 E769.02755
G0 F9000 X115.21 Y103.199
G0 X114.397 Y104.092
G0 X114.216 Y103.954
G1 F1042.8 X119.305 Y102.59 E769.20279
G0 F9000 X119.219 Y102.801
G0 X118.061 Y102.435
G0 X118.09 Y102.206
G1 F1042.8 X121.335 Y105.45 E769.3554
G0 F9000 X121.107 Y105.48
G0 X120.74 Y104.331
G0 X120.951 Y104.243
G1 F1042.8 X119.587 Y109.335 E769.53073
G0 F9000 X119.447 Y109.154
G0 X120.343 Y108.339
G0 X120.522 Y108.476
G1 F1042.8 X116.097 Y109.661 E769.68309
G0 F9000 X116.296 Y109.173
G1 F1500 E763.18309
;MESH:NONMESH
G0 F300 X116.296 Y109.173 Z21.6
G0 F9000 X117.468 Y101.877
G0 X117.318 Y100.795
G0 X117.278 Y99.925
G0 X117.411 Y98.839
G0 X117.408 Y98.356
G0 X117.41 Y98.666
;TIME_ELAPSED:1639.755624
;LAYER:107
;note -- min layer time used
;TYPE:WALL-INNER
;MESH:dubelHinge.stl(1)
G1 F1500 E769.68309
G1 F1040.4 X118.438 Y98.521 E769.71762
G1 X119.401 Y98.114 E769.75239
G1 X120.22 Y97.475 E769.78694
G1 X120.849 Y96.641 E769.82169
G1 X121.242 Y95.674 E769.85641
G1 X121.374 Y94.637 E769.89117
G1 X121.228 Y93.61 E769.92568
G1 X120.822 Y92.647 E769.96044
G1 X120.183 Y91.828 E769.99499
G1 X119.348 Y91.2 E770.02974
G1 X118.382 Y90.806 E770.06444
G1 X117.345 Y90.674 E770.0992
G1 X116.318 Y90.82 E770.13371
G1 X115.351 Y91.226 E770.16859
G1 X114.536 Y91.865 E770.20303
G1 X113.906 Y92.7 E770.23782
G1 X113.51 Y93.666 E770.27255
G1 X113.382 Y94.702 E770.30727
G1 X113.528 Y95.73 E770.3418
G1 X113.935 Y96.697 E770.3767
G1 X114.573 Y97.516 E770.41123
G1 X115.407 Y98.145 E770.44597
G1 X116.373 Y98.538 E770.48066
G1 X117.382 Y98.663 E770.51447
G1 X117.41 Y98.666 E770.51541
G0 F9000 X117.414 Y99.07
;TYPE:WALL-OUTER
G1 F1040.4 X118.546 Y98.909 E770.55344
G1 X119.605 Y98.462 E770.59167
G1 X120.508 Y97.758 E770.62975
G1 X121.2 Y96.84 E770.66799
G1 X121.632 Y95.776 E770.70618
G1 X121.778 Y94.634 E770.74448
G1 X121.617 Y93.502 E770.78251
G1 X121.17 Y92.443 E770.82074
G1 X120.466 Y91.54 E770.85882
G1 X119.548 Y90.848 E770.89706
G1 X118.484 Y90.416 E770.93525
G1 X117.342 Y90.27 E770.97354
G1 X116.21 Y90.431 E771.01157
G1 X115.147 Y90.878 E771.04993
G1 X114.248 Y91.582 E771.0879
G1 X113.556 Y92.5 E771.12614
G1 X113.12 Y93.564 E771.16439
G1 X112.978 Y94.706 E771.20266
G1 X113.139 Y95.838 E771.24069
G1 X113.587 Y96.901 E771.27906
G1 X114.29 Y97.804 E771.31712
G1 X115.208 Y98.496 E771.35536
G1 X116.271 Y98.928 E771.39352
G1 X117.383 Y99.066 E771.43079
G1 X117.414 Y99.07 E771.43183
G0 F9000 X117.433 Y98.583
;TYPE:FILL
G1 F1040.4 X113.472 Y94.622 E771.61814
G0 F9000 X113.702 Y94.651
G0 X113.883 Y95.776
G0 X113.671 Y95.865
G1 F1040.4 X114.763 Y91.788 E771.75852
G0 F9000 X114.905 Y91.971
G0 X114.178 Y92.849
G0 X113.966 Y92.763
G1 F1040.4 X119.369 Y91.316 E771.94456
G0 F9000 X119.233 Y91.495
G0 X118.17 Y91.091
G0 X118.199 Y90.863
G1 F1040.4 X121.182 Y93.847 E772.08489
G0 F9000 X120.954 Y93.877
G0 X120.558 Y92.811
G0 X120.738 Y92.671
G1 F1040.4 X119.29 Y98.074 E772.27094
G0 F9000 X119.203 Y97.865
G0 X120.082 Y97.152
G0 X120.261 Y97.288
G1 F1040.4 X116.192 Y98.378 E772.41105
G0 F9000 X116.392 Y97.888
G1 F1500 E765.91105
;MESH:dubelHinge.stl
G0 F9000 X117.411 Y98.839
G0 X117.562 Y99.921
G0 X117.601 Y100.791
G0 X117.468 Y101.877
G0 X117.529 Y109.728
G0 X117.53 Y110.038
;TYPE:WALL-INNER
G1 F1500 E772.41105
G1 F1040.4 X118.558 Y109.892 E772.44558
G1 X119.525 Y109.485 E772.48048
G1 X120.344 Y108.847 E772.51501
G1 X120.973 Y108.013 E772.54975
G1 X121.366 Y107.047 E772.58444
G1 X121.494 Y106.01 E772.61919
G1 X121.348 Y104.982 E772.65372
G1 X120.942 Y104.015 E772.68861
G1 X120.303 Y103.2 E772.72305
G1 X119.469 Y102.571 E772.7578
G1 X118.502 Y102.178 E772.79251
G1 X117.465 Y102.046 E772.82728
G1 X116.438 Y102.192 E772.86178
G1 X115.475 Y102.598 E772.89654
G1 X114.656 Y103.237 E772.93109
G1 X114.027 Y104.071 E772.96584
G1 X113.634 Y105.038 E773.00055
G1 X113.502 Y106.075 E773.03532
G1 X113.648 Y107.102 E773.06983
G1 X114.054 Y108.065 E773.10459
G1 X114.693 Y108.884 E773.13914
G1 X115.528 Y109.514 E773.17393
G1 X116.494 Y109.91 E773.20865
G1 X117.5 Y110.034 E773.24236
G1 X117.53 Y110.038 E773.24337
G0 F9000 X117.534 Y110.442
;TYPE:WALL-OUTER
G1 F1040.4 X118.666 Y110.281 E773.2814
G1 X119.729 Y109.833 E773.31977
G1 X120.632 Y109.13 E773.35783
G1 X121.324 Y108.212 E773.39606
G1 X121.756 Y107.149 E773.43423
G1 X121.898 Y106.006 E773.47254
G1 X121.737 Y104.874 E773.51057
G1 X121.29 Y103.811 E773.54892
G1 X120.586 Y102.912 E773.5869
G1 X119.668 Y102.22 E773.62513
G1 X118.604 Y101.788 E773.66333
G1 X117.462 Y101.642 E773.70162
G1 X116.33 Y101.803 E773.73965
G1 X115.271 Y102.25 E773.77788
G1 X114.368 Y102.954 E773.81596
G1 X113.676 Y103.872 E773.8542
G1 X113.244 Y104.936 E773.8924
G1 X113.098 Y106.078 E773.93069
G1 X113.259 Y107.21 E773.96872
G1 X113.706 Y108.269 E774.00695
G1 X114.41 Y109.172 E774.04503
G1 X115.328 Y109.864 E774.08327
G1 X116.392 Y110.3 E774.12151
G1 X117.5 Y110.438 E774.15865
G1 X117.534 Y110.442 E774.15979
G0 F9000 X117.553 Y109.954
;TYPE:FILL
G1 F1040.4 X113.593 Y105.995 E774.34603
G0 F9000 X113.823 Y106.024
G0 X114.003 Y107.148
G0 X113.792 Y107.236
G1 F1040.4 X114.884 Y103.16 E774.48638
G0 F9000 X115.025 Y103.343
G0 X114.299 Y104.22
G0 X114.087 Y104.134
G1 F1040.4 X119.491 Y102.686 E774.67246
G0 F9000 X119.353 Y102.867
G0 X118.29 Y102.463
G0 X118.319 Y102.235
G1 F1040.4 X121.301 Y105.217 E774.81272
G0 F9000 X121.075 Y105.247
G0 X120.678 Y104.181
G0 X120.86 Y104.04
G1 F1040.4 X119.411 Y109.446 E774.99887
G0 F9000 X119.322 Y109.235
G0 X120.205 Y108.522
G0 X120.384 Y108.659
G1 F1040.4 X116.312 Y109.75 E775.13909
G0 F9000 X116.511 Y109.26
G1 F1500 E768.63909
;MESH:NONMESH
G0 F300 X116.511 Y109.26 Z21.8
G0 F9000 X117.468 Y101.877
G0 X117.318 Y100.795
G0 X117.278 Y99.925
G0 X117.411 Y98.839
G0 X117.408 Y98.356
G0 X117.41 Y98.666
;TIME_ELAPSED:1652.897274
;LAYER:108
;note -- min layer time used
;TYPE:WALL-INNER
;MESH:dubelHinge.stl(1)
G1 F1500 E775.13909
G1 F1032.5 X118.438 Y98.521 E775.17362
G1 X119.401 Y98.114 E775.20839
G1 X120.22 Y97.475 E775.24294
G1 X120.849 Y96.641 E775.27768
G1 X121.242 Y95.674 E775.3124
G1 X121.374 Y94.637 E775.34717
G1 X121.228 Y93.61 E775.38167
G1 X120.822 Y92.647 E775.41643
G1 X120.183 Y91.828 E775.45098
G1 X119.348 Y91.2 E775.48573
G1 X118.382 Y90.806 E775.52043
G1 X117.345 Y90.674 E775.5552
G1 X116.318 Y90.82 E775.5897
G1 X115.351 Y91.226 E775.62458
G1 X114.536 Y91.865 E775.65903
G1 X113.906 Y92.7 E775.69382
G1 X113.51 Y93.666 E775.72854
G1 X113.382 Y94.702 E775.76326
G1 X113.528 Y95.73 E775.7978
G1 X113.935 Y96.697 E775.83269
G1 X114.573 Y97.516 E775.86722
G1 X115.407 Y98.145 E775.90196
G1 X116.373 Y98.538 E775.93665
G1 X117.382 Y98.663 E775.97047
G1 X117.41 Y98.666 E775.9714
G0 F9000 X117.414 Y99.07
;TYPE:WALL-OUTER
G1 F1032.5 X118.546 Y98.909 E776.00943
G1 X119.605 Y98.462 E776.04766
G1 X120.508 Y97.758 E776.08575
G1 X121.2 Y96.84 E776.12398
G1 X121.632 Y95.776 E776.16218
G1 X121.778 Y94.634 E776.20047
G1 X121.617 Y93.502 E776.2385
G1 X121.17 Y92.443 E776.27673
G1 X120.466 Y91.54 E776.31481
G1 X119.548 Y90.848 E776.35305
G1 X118.484 Y90.416 E776.39124
G1 X117.342 Y90.27 E776.42954
G1 X116.21 Y90.431 E776.46757
G1 X115.147 Y90.878 E776.50592
G1 X114.248 Y91.582 E776.5439
G1 X113.556 Y92.5 E776.58213
G1 X113.12 Y93.564 E776.62038
G1 X112.978 Y94.706 E776.65865
G1 X113.139 Y95.838 E776.69668
G1 X113.587 Y96.901 E776.73505
G1 X114.29 Y97.804 E776.77311
G1 X115.208 Y98.496 E776.81135
G1 X116.271 Y98.928 E776.84951
G1 X117.383 Y99.066 E776.88678
G1 X117.414 Y99.07 E776.88782
G0 F9000 X117.607 Y98.558
;TYPE:FILL
G1 F1032.5 X113.494 Y94.445 E777.08128
G0 F9000 X113.724 Y94.474
G0 X113.82 Y95.585
G0 X113.592 Y95.615
G1 F1032.5 X114.575 Y91.946 E777.20762
G0 F9000 X114.757 Y92.085
G0 X114.111 Y93.013
G0 X113.899 Y92.927
G1 F1032.5 X119.511 Y91.423 E777.40086
G0 F9000 X119.375 Y91.602
G0 X118.372 Y91.134
G0 X118.458 Y90.923
G1 F1032.5 X121.14 Y93.605 E777.52702
G0 F9000 X120.929 Y93.693
G0 X120.449 Y92.671
G0 X120.63 Y92.531
G1 F1032.5 X119.126 Y98.144 E777.72029
G0 F9000 X119.039 Y97.934
G0 X119.942 Y97.303
G0 X120.081 Y97.482
G1 F1032.5 X116.419 Y98.464 E777.84639
G0 F9000 X116.49 Y97.928
G1 F1500 E771.34639
;MESH:dubelHinge.stl
G0 F9000 X117.411 Y98.839
G0 X117.562 Y99.921
G0 X117.601 Y100.791
G0 X117.468 Y101.877
G0 X117.529 Y109.728
G0 X117.53 Y110.038
;TYPE:WALL-INNER
G1 F1500 E777.84639
G1 F1032.5 X118.558 Y109.892 E777.88093
G1 X119.525 Y109.485 E777.91582
G1 X120.344 Y108.847 E777.95035
G1 X120.973 Y108.013 E777.9851
G1 X121.366 Y107.047 E778.01978
G1 X121.494 Y106.01 E778.05453
G1 X121.348 Y104.982 E778.08907
G1 X120.942 Y104.015 E778.12395
G1 X120.303 Y103.2 E778.1584
G1 X119.469 Y102.571 E778.19314
G1 X118.502 Y102.178 E778.22786
G1 X117.465 Y102.046 E778.26263
G1 X116.438 Y102.192 E778.29713
G1 X115.475 Y102.598 E778.33189
G1 X114.656 Y103.237 E778.36644
G1 X114.027 Y104.071 E778.40118
G1 X113.634 Y105.038 E778.4359
G1 X113.502 Y106.075 E778.47067
G1 X113.648 Y107.102 E778.50517
G1 X114.054 Y108.065 E778.53993
G1 X114.693 Y108.884 E778.57448
G1 X115.528 Y109.514 E778.60927
G1 X116.494 Y109.91 E778.64399
G1 X117.5 Y110.034 E778.67771
G1 X117.53 Y110.038 E778.67871
G0 F9000 X117.534 Y110.442
;TYPE:WALL-OUTER
G1 F1032.5 X118.666 Y110.281 E778.71674
G1 X119.729 Y109.833 E778.75511
G1 X120.632 Y109.13 E778.79317
G1 X121.324 Y108.212 E778.83141
G1 X121.756 Y107.149 E778.86957
G1 X121.898 Y106.006 E778.90788
G1 X121.737 Y104.874 E778.94591
G1 X121.29 Y103.811 E778.98426
G1 X120.586 Y102.912 E779.02224
G1 X119.668 Y102.22 E779.06048
G1 X118.604 Y101.788 E779.09867
G1 X117.462 Y101.642 E779.13696
G1 X116.33 Y101.803 E779.17499
G1 X115.271 Y102.25 E779.21323
G1 X114.368 Y102.954 E779.25131
G1 X113.676 Y103.872 E779.28954
G1 X113.244 Y104.936 E779.32774
G1 X113.098 Y106.078 E779.36603
G1 X113.259 Y107.21 E779.40406
G1 X113.706 Y108.269 E779.44229
G1 X114.41 Y109.172 E779.48038
G1 X115.328 Y109.864 E779.51861
G1 X116.392 Y110.3 E779.55686
G1 X117.5 Y110.438 E779.59399
G1 X117.534 Y110.442 E779.59513
G0 F9000 X117.728 Y109.93
;TYPE:FILL
G1 F1032.5 X113.616 Y105.818 E779.78855
G0 F9000 X113.845 Y105.847
G0 X113.941 Y106.957
G0 X113.712 Y106.988
G1 F1032.5 X114.696 Y103.316 E779.91499
G0 F9000 X114.878 Y103.455
G0 X114.233 Y104.384
G0 X114.021 Y104.298
G1 F1032.5 X119.634 Y102.794 E780.10826
G0 F9000 X119.496 Y102.975
G0 X118.492 Y102.506
G0 X118.578 Y102.295
G1 F1032.5 X121.26 Y104.977 E780.23442
G0 F9000 X121.05 Y105.064
G0 X120.569 Y104.042
G0 X120.751 Y103.901
G1 F1032.5 X119.246 Y109.516 E780.42776
G0 F9000 X119.157 Y109.305
G0 X120.065 Y108.674
G0 X120.204 Y108.853
G1 F1032.5 X116.537 Y109.835 E780.55403
G0 F9000 X116.608 Y109.299
G1 F1500 E774.05403
;MESH:NONMESH
G0 F300 X116.608 Y109.299 Z22
G0 F9000 X117.468 Y101.877
G0 X117.318 Y100.795
G0 X117.278 Y99.925
G0 X117.411 Y98.839
G0 X117.408 Y98.356
G0 X117.41 Y98.666
;TIME_ELAPSED:1666.051574
;LAYER:109
;note -- min layer time used
;TYPE:WALL-INNER
;MESH:dubelHinge.stl(1)
G1 F1500 E780.55403
G1 F1010.4 X118.438 Y98.521 E780.58856
G1 X119.401 Y98.114 E780.62333
G1 X120.22 Y97.475 E780.65788
G1 X120.849 Y96.641 E780.69262
G1 X121.242 Y95.674 E780.72734
G1 X121.374 Y94.637 E780.76211
G1 X121.228 Y93.61 E780.79661
G1 X120.822 Y92.647 E780.83137
G1 X120.183 Y91.828 E780.86592
G1 X119.348 Y91.2 E780.90067
G1 X118.382 Y90.806 E780.93537
G1 X117.345 Y90.674 E780.97014
G1 X116.318 Y90.82 E781.00464
G1 X115.351 Y91.226 E781.03952
G1 X114.536 Y91.865 E781.07397
G1 X113.906 Y92.7 E781.10876
G1 X113.51 Y93.666 E781.14348
G1 X113.382 Y94.702 E781.1782
G1 X113.528 Y95.73 E781.21274
G1 X113.935 Y96.697 E781.24763
G1 X114.573 Y97.516 E781.28216
G1 X115.407 Y98.145 E781.3169
G1 X116.373 Y98.538 E781.35159
G1 X117.382 Y98.663 E781.38541
G1 X117.41 Y98.666 E781.38634
G0 F9000 X117.414 Y99.07
;TYPE:WALL-OUTER
G1 F1010.4 X118.546 Y98.909 E781.42437
G1 X119.605 Y98.462 E781.46261
G1 X120.508 Y97.758 E781.50069
G1 X121.2 Y96.84 E781.53892
G1 X121.632 Y95.776 E781.57712
G1 X121.778 Y94.634 E781.61541
G1 X121.617 Y93.502 E781.65344
G1 X121.17 Y92.443 E781.69167
G1 X120.466 Y91.54 E781.72975
G1 X119.548 Y90.848 E781.76799
G1 X118.484 Y90.416 E781.80618
G1 X117.342 Y90.27 E781.84448
G1 X116.21 Y90.431 E781.88251
G1 X115.147 Y90.878 E781.92086
G1 X114.248 Y91.582 E781.95884
G1 X113.556 Y92.5 E781.99707
G1 X113.12 Y93.564 E782.03532
G1 X112.978 Y94.706 E782.07359
G1 X113.139 Y95.838 E782.11162
G1 X113.587 Y96.901 E782.14999
G1 X114.29 Y97.804 E782.18805
G1 X115.208 Y98.496 E782.22629
G1 X116.271 Y98.928 E782.26445
G1 X117.383 Y99.066 E782.30172
G1 X117.414 Y99.07 E782.30276
G0 F9000 X117.783 Y98.533
;TYPE:FILL
G1 F1010.4 X113.516 Y94.266 E782.50347
G0 F9000 X113.541 Y95.255
G1 F1010.4 X114.347 Y92.248 E782.60701
G0 F9000 X113.832 Y93.092
G1 F1010.4 X119.656 Y91.532 E782.80755
G0 F9000 X118.798 Y91.063
G1 F1010.4 X120.993 Y93.257 E782.91077
G0 F9000 X120.52 Y92.391
G1 F1010.4 X118.96 Y98.214 E783.11127
G0 F9000 X119.793 Y97.707
G1 F1010.4 X116.795 Y98.51 E783.2145
G0 F9000 X116.861 Y97.985
G1 F1500 E776.7145
;MESH:dubelHinge.stl
G0 F9000 X117.411 Y98.839
G0 X117.562 Y99.921
G0 X117.601 Y100.791
G0 X117.468 Y101.877
G0 X117.529 Y109.728
G0 X117.53 Y110.038
;TYPE:WALL-INNER
G1 F1500 E783.2145
G1 F1010.4 X118.558 Y109.892 E783.24904
G1 X119.525 Y109.485 E783.28393
G1 X120.344 Y108.847 E783.31846
G1 X120.973 Y108.013 E783.35321
G1 X121.366 Y107.047 E783.38789
G1 X121.494 Y106.01 E783.42265
G1 X121.348 Y104.982 E783.45718
G1 X120.942 Y104.015 E783.49206
G1 X120.303 Y103.2 E783.52651
G1 X119.469 Y102.571 E783.56125
G1 X118.502 Y102.178 E783.59597
G1 X117.465 Y102.046 E783.63074
G1 X116.438 Y102.192 E783.66524
G1 X115.475 Y102.598 E783.7
G1 X114.656 Y103.237 E783.73455
G1 X114.027 Y104.071 E783.76929
G1 X113.634 Y105.038 E783.80401
G1 X113.502 Y106.075 E783.83878
G1 X113.648 Y107.102 E783.87328
G1 X114.054 Y108.065 E783.90804
G1 X114.693 Y108.884 E783.94259
G1 X115.528 Y109.514 E783.97738
G1 X116.494 Y109.91 E784.0121
G1 X117.5 Y110.034 E784.04582
G1 X117.53 Y110.038 E784.04682
G0 F9000 X117.534 Y110.442
;TYPE:WALL-OUTER
G1 F1010.4 X118.666 Y110.281 E784.08485
G1 X119.729 Y109.833 E784.12322
G1 X120.632 Y109.13 E784.16128
G1 X121.324 Y108.212 E784.19952
G1 X121.756 Y107.149 E784.23768
G1 X121.898 Y106.006 E784.27599
G1 X121.737 Y104.874 E784.31402
G1 X121.29 Y103.811 E784.35238
G1 X120.586 Y102.912 E784.39035
G1 X119.668 Y102.22 E784.42859
G1 X118.604 Y101.788 E784.46678
G1 X117.462 Y101.642 E784.50508
G1 X116.33 Y101.803 E784.54311
G1 X115.271 Y102.25 E784.58134
G1 X114.368 Y102.954 E784.61942
G1 X113.676 Y103.872 E784.65766
G1 X113.244 Y104.936 E784.69585
G1 X113.098 Y106.078 E784.73414
G1 X113.259 Y107.21 E784.77217
G1 X113.706 Y108.269 E784.8104
G1 X114.41 Y109.172 E784.84849
G1 X115.328 Y109.864 E784.88672
G1 X116.392 Y110.3 E784.92497
G1 X117.5 Y110.438 E784.9621
G1 X117.534 Y110.442 E784.96324
G0 F9000 X117.903 Y109.904
;TYPE:FILL
G1 F1010.4 X113.638 Y105.639 E785.16385
G0 F9000 X113.661 Y106.629
G1 F1010.4 X114.468 Y103.618 E785.26754
G0 F9000 X113.954 Y104.463
G1 F1010.4 X119.777 Y102.903 E785.46804
G0 F9000 X118.917 Y102.433
G1 F1010.4 X121.114 Y104.63 E785.57138
G0 F9000 X120.641 Y103.762
G1 F1010.4 X119.081 Y109.585 E785.77188
G0 F9000 X119.917 Y109.077
G1 F1010.4 X116.912 Y109.882 E785.87535
G0 F9000 X116.978 Y109.357
G1 F1500 E779.37535
;MESH:NONMESH
G0 F300 X116.978 Y109.357 Z22.2
G0 F9000 X117.468 Y101.877
G0 X117.318 Y100.795
G0 X117.278 Y99.925
G0 X117.411 Y98.839
G0 X117.408 Y98.356
G0 X117.41 Y98.666
;TIME_ELAPSED:1678.730960
;LAYER:110
;note -- min layer time used
;TYPE:WALL-INNER
;MESH:dubelHinge.stl(1)
G1 F1500 E785.87535
G1 F991.4 X118.438 Y98.521 E785.90988
G1 X119.401 Y98.114 E785.94466
G1 X120.22 Y97.475 E785.97921
G1 X120.849 Y96.641 E786.01395
G1 X121.242 Y95.674 E786.04867
G1 X121.374 Y94.637 E786.08344
G1 X121.228 Y93.61 E786.11794
G1 X120.822 Y92.647 E786.1527
G1 X120.183 Y91.828 E786.18725
G1 X119.348 Y91.2 E786.222
G1 X118.382 Y90.806 E786.2567
G1 X117.345 Y90.674 E786.29147
G1 X116.318 Y90.82 E786.32597
G1 X115.351 Y91.226 E786.36085
G1 X114.536 Y91.865 E786.3953
G1 X113.906 Y92.7 E786.43009
G1 X113.51 Y93.666 E786.46481
G1 X113.382 Y94.702 E786.49953
G1 X113.528 Y95.73 E786.53406
G1 X113.935 Y96.697 E786.56896
G1 X114.573 Y97.516 E786.60349
G1 X115.407 Y98.145 E786.63823
G1 X116.373 Y98.538 E786.67292
G1 X117.382 Y98.663 E786.70674
G1 X117.41 Y98.666 E786.70767
G0 F9000 X117.414 Y99.07
;TYPE:WALL-OUTER
G1 F991.4 X118.546 Y98.909 E786.7457
G1 X119.605 Y98.462 E786.78393
G1 X120.508 Y97.758 E786.82202
G1 X121.2 Y96.84 E786.86025
G1 X121.632 Y95.776 E786.89845
G1 X121.778 Y94.634 E786.93674
G1 X121.617 Y93.502 E786.97477
G1 X121.17 Y92.443 E787.013
G1 X120.466 Y91.54 E787.05108
G1 X119.548 Y90.848 E787.08932
G1 X118.484 Y90.416 E787.12751
G1 X117.342 Y90.27 E787.1658
G1 X116.21 Y90.431 E787.20383
G1 X115.147 Y90.878 E787.24219
G1 X114.248 Y91.582 E787.28017
G1 X113.556 Y92.5 E787.3184
G1 X113.12 Y93.564 E787.35665
G1 X112.978 Y94.706 E787.39492
G1 X113.139 Y95.838 E787.43295
G1 X113.587 Y96.901 E787.47132
G1 X114.29 Y97.804 E787.50938
G1 X115.208 Y98.496 E787.54762
G1 X116.271 Y98.928 E787.58578
G1 X117.383 Y99.066 E787.62305
G1 X117.414 Y99.07 E787.62409
G0 F9000 X117.168 Y98.556
;TYPE:FILL
G1 F991.4 X119.507 Y97.929 E787.70463
G0 F9000 X118.795 Y98.283
G1 F991.4 X120.412 Y92.251 E787.91234
G0 F9000 X120.847 Y92.912
G1 F991.4 X119.136 Y91.201 E787.99282
G0 F9000 X119.799 Y91.639
G1 F991.4 X113.764 Y93.256 E788.20063
G0 F9000 X114.12 Y92.548
G1 F991.4 X113.491 Y94.898 E788.28154
G0 F9000 X113.538 Y94.088
G1 F991.4 X117.957 Y98.508 E788.48942
G0 F9000 X117.886 Y97.985
G1 F1500 E781.98942
;MESH:dubelHinge.stl
G0 F9000 X117.411 Y98.839
G0 X117.562 Y99.921
G0 X117.601 Y100.791
G0 X117.468 Y101.877
G0 X117.529 Y109.728
G0 X117.53 Y110.038
;TYPE:WALL-INNER
G1 F1500 E788.48942
G1 F991.4 X118.558 Y109.892 E788.52395
G1 X119.525 Y109.485 E788.55885
G1 X120.344 Y108.847 E788.59338
G1 X120.973 Y108.013 E788.62812
G1 X121.366 Y107.047 E788.66281
G1 X121.494 Y106.01 E788.69756
G1 X121.348 Y104.982 E788.7321
G1 X120.942 Y104.015 E788.76698
G1 X120.303 Y103.2 E788.80142
G1 X119.469 Y102.571 E788.83617
G1 X118.502 Y102.178 E788.87088
G1 X117.465 Y102.046 E788.90565
G1 X116.438 Y102.192 E788.94015
G1 X115.475 Y102.598 E788.97491
G1 X114.656 Y103.237 E789.00946
G1 X114.027 Y104.071 E789.04421
G1 X113.634 Y105.038 E789.07893
G1 X113.502 Y106.075 E789.11369
G1 X113.648 Y107.102 E789.1482
G1 X114.054 Y108.065 E789.18296
G1 X114.693 Y108.884 E789.21751
G1 X115.528 Y109.514 E789.2523
G1 X116.494 Y109.91 E789.28702
G1 X117.5 Y110.034 E789.32073
G1 X117.53 Y110.038 E789.32174
G0 F9000 X117.534 Y110.442
;TYPE:WALL-OUTER
G1 F991.4 X118.666 Y110.281 E789.35977
G1 X119.729 Y109.833 E789.39814
G1 X120.632 Y109.13 E789.4362
G1 X121.324 Y108.212 E789.47443
G1 X121.756 Y107.149 E789.5126
G1 X121.898 Y106.006 E789.55091
G1 X121.737 Y104.874 E789.58894
G1 X121.29 Y103.811 E789.62729
G1 X120.586 Y102.912 E789.66527
G1 X119.668 Y102.22 E789.7035
G1 X118.604 Y101.788 E789.7417
G1 X117.462 Y101.642 E789.77999
G1 X116.33 Y101.803 E789.81802
G1 X115.271 Y102.25 E789.85625
G1 X114.368 Y102.954 E789.89434
G1 X113.676 Y103.872 E789.93257
G1 X113.244 Y104.936 E789.97077
G1 X113.098 Y106.078 E790.00906
G1 X113.259 Y107.21 E790.04709
G1 X113.706 Y108.269 E790.08532
G1 X114.41 Y109.172 E790.1234
G1 X115.328 Y109.864 E790.16164
G1 X116.392 Y110.3 E790.19988
G1 X117.5 Y110.438 E790.23702
G1 X117.534 Y110.442 E790.23816
G0 F9000 X117.285 Y109.928
;TYPE:FILL
G1 F991.4 X119.633 Y109.299 E790.31901
G0 F9000 X118.916 Y109.655
G1 F991.4 X120.532 Y103.623 E790.52671
G0 F9000 X120.969 Y104.286
G1 F991.4 X119.254 Y102.571 E790.60737
G0 F9000 X119.92 Y103.01
G1 F991.4 X113.887 Y104.627 E790.81512
G0 F9000 X114.242 Y103.919
G1 F991.4 X113.611 Y106.272 E790.89614
G0 F9000 X113.66 Y105.462
G1 F991.4 X118.078 Y109.879 E791.10393
G0 F9000 X118.007 Y109.356
G1 F1500 E784.60393
;MESH:NONMESH
G0 F300 X118.007 Y109.356 Z22.4
G0 F9000 X117.468 Y101.877
G0 X117.318 Y100.795
G0 X117.278 Y99.925
G0 X117.411 Y98.839
G0 X117.408 Y98.356
G0 X117.41 Y98.666
;TIME_ELAPSED:1691.336960
;LAYER:111
;note -- min layer time used
;TYPE:WALL-INNER
;MESH:dubelHinge.stl(1)
G1 F1500 E791.10393
G1 F947.7 X118.438 Y98.521 E791.13846
G1 X119.401 Y98.114 E791.17323
G1 X120.22 Y97.475 E791.20778
G1 X120.849 Y96.641 E791.24252
G1 X121.242 Y95.674 E791.27724
G1 X121.374 Y94.637 E791.31201
G1 X121.228 Y93.61 E791.34651
G1 X120.822 Y92.647 E791.38127
G1 X120.183 Y91.828 E791.41582
G1 X119.348 Y91.2 E791.45057
G1 X118.382 Y90.806 E791.48527
G1 X117.345 Y90.674 E791.52004
G1 X116.318 Y90.82 E791.55454
G1 X115.351 Y91.226 E791.58942
G1 X114.536 Y91.865 E791.62387
G1 X113.906 Y92.7 E791.65866
G1 X113.51 Y93.666 E791.69338
G1 X113.382 Y94.702 E791.7281
G1 X113.528 Y95.73 E791.76264
G1 X113.935 Y96.697 E791.79753
G1 X114.573 Y97.516 E791.83206
G1 X115.407 Y98.145 E791.86681
G1 X116.373 Y98.538 E791.90149
G1 X117.382 Y98.663 E791.93531
G1 X117.41 Y98.666 E791.93625
G0 F9000 X117.414 Y99.07
;TYPE:WALL-OUTER
G1 F947.7 X118.546 Y98.909 E791.97428
G1 X119.605 Y98.462 E792.01251
G1 X120.508 Y97.758 E792.05059
G1 X121.2 Y96.84 E792.08883
G1 X121.632 Y95.776 E792.12702
G1 X121.778 Y94.634 E792.16531
G1 X121.617 Y93.502 E792.20334
G1 X121.17 Y92.443 E792.24157
G1 X120.466 Y91.54 E792.27966
G1 X119.548 Y90.848 E792.31789
G1 X118.484 Y90.416 E792.35609
G1 X117.342 Y90.27 E792.39438
G1 X116.21 Y90.431 E792.43241
G1 X115.147 Y90.878 E792.47076
G1 X114.248 Y91.582 E792.50874
G1 X113.556 Y92.5 E792.54698
G1 X113.12 Y93.564 E792.58522
G1 X112.978 Y94.706 E792.6235
G1 X113.139 Y95.838 E792.66153
G1 X113.587 Y96.901 E792.69989
G1 X114.29 Y97.804 E792.73796
G1 X115.208 Y98.496 E792.77619
G1 X116.271 Y98.928 E792.81436
G1 X117.383 Y99.066 E792.85162
G1 X117.414 Y99.07 E792.85266
G0 F9000 X117.825 Y98.527
;TYPE:FILL
G1 F947.7 X118.898 Y98.239 E792.88962
G0 F9000 X118.63 Y98.353
G1 F947.7 X120.302 Y92.111 E793.10454
G0 F9000 X120.497 Y92.362
G1 F947.7 X119.706 Y91.57 E793.14177
G0 F9000 X119.944 Y91.747
G1 F947.7 X113.696 Y93.421 E793.35691
G0 F9000 X113.821 Y93.118
G1 F947.7 X113.519 Y94.243 E793.39565
G0 F9000 X113.56 Y93.909
G1 F947.7 X118.133 Y98.482 E793.61075
G0 F9000 X118.062 Y97.96
G1 F1500 E787.11075
;MESH:dubelHinge.stl
G0 F9000 X117.411 Y98.839
G0 X117.562 Y99.921
G0 X117.601 Y100.791
G0 X117.468 Y101.877
G0 X117.529 Y109.728
G0 X117.53 Y110.038
;TYPE:WALL-INNER
G1 F1500 E793.61075
G1 F947.7 X118.558 Y109.892 E793.64529
G1 X119.525 Y109.485 E793.68018
G1 X120.344 Y108.847 E793.71471
G1 X120.973 Y108.013 E793.74946
G1 X121.366 Y107.047 E793.78414
G1 X121.494 Y106.01 E793.8189
G1 X121.348 Y104.982 E793.85343
G1 X120.942 Y104.015 E793.88831
G1 X120.303 Y103.2 E793.92276
G1 X119.469 Y102.571 E793.9575
G1 X118.502 Y102.178 E793.99222
G1 X117.465 Y102.046 E794.02699
G1 X116.438 Y102.192 E794.06149
G1 X115.475 Y102.598 E794.09625
G1 X114.656 Y103.237 E794.1308
G1 X114.027 Y104.071 E794.16554
G1 X113.634 Y105.038 E794.20026
G1 X113.502 Y106.075 E794.23503
G1 X113.648 Y107.102 E794.26953
G1 X114.054 Y108.065 E794.30429
G1 X114.693 Y108.884 E794.33884
G1 X115.528 Y109.514 E794.37363
G1 X116.494 Y109.91 E794.40836
G1 X117.5 Y110.034 E794.44207
G1 X117.53 Y110.038 E794.44308
G0 F9000 X117.534 Y110.442
;TYPE:WALL-OUTER
G1 F947.7 X118.666 Y110.281 E794.48111
G1 X119.729 Y109.833 E794.51947
G1 X120.632 Y109.13 E794.55754
G1 X121.324 Y108.212 E794.59577
G1 X121.756 Y107.149 E794.63393
G1 X121.898 Y106.006 E794.67224
G1 X121.737 Y104.874 E794.71027
G1 X121.29 Y103.811 E794.74863
G1 X120.586 Y102.912 E794.78661
G1 X119.668 Y102.22 E794.82484
G1 X118.604 Y101.788 E794.86304
G1 X117.462 Y101.642 E794.90133
G1 X116.33 Y101.803 E794.93936
G1 X115.271 Y102.25 E794.97759
G1 X114.368 Y102.954 E795.01567
G1 X113.676 Y103.872 E795.05391
G1 X113.244 Y104.936 E795.0921
G1 X113.098 Y106.078 E795.13039
G1 X113.259 Y107.21 E795.16842
G1 X113.706 Y108.269 E795.20666
G1 X114.41 Y109.172 E795.24474
G1 X115.328 Y109.864 E795.28297
G1 X116.392 Y110.3 E795.32122
G1 X117.5 Y110.438 E795.35836
G1 X117.534 Y110.442 E795.35949
G0 F9000 X117.938 Y109.9
;TYPE:FILL
G1 F947.7 X119.027 Y109.608 E795.39699
G0 F9000 X118.75 Y109.726
G1 F947.7 X120.423 Y103.483 E795.61196
G0 F9000 X120.627 Y103.742
G1 F947.7 X119.822 Y102.938 E795.6498
G0 F9000 X120.063 Y103.119
G1 F947.7 X113.82 Y104.792 E795.86477
G0 F9000 X113.939 Y104.498
G1 F947.7 X113.642 Y105.606 E795.90293
G0 F9000 X113.683 Y105.284
G1 F947.7 X118.254 Y109.855 E796.11793
G0 F9000 X118.183 Y109.332
G1 F1500 E789.61793
;MESH:NONMESH
G0 F300 X118.183 Y109.332 Z22.6
G0 F9000 X117.468 Y101.877
G0 X117.318 Y100.795
G0 X117.278 Y99.925
G0 X117.411 Y98.839
G0 X117.408 Y98.356
G0 X117.41 Y98.666
;TIME_ELAPSED:1703.697744
;LAYER:112
;note -- min layer time used
;TYPE:WALL-INNER
;MESH:dubelHinge.stl(1)
G1 F1500 E796.11793
G1 F916.6 X118.438 Y98.521 E796.15246
G1 X119.401 Y98.114 E796.18724
G1 X120.22 Y97.475 E796.22179
G1 X120.849 Y96.641 E796.25653
G1 X121.242 Y95.674 E796.29125
G1 X121.374 Y94.637 E796.32602
G1 X121.228 Y93.61 E796.36052
G1 X120.822 Y92.647 E796.39528
G1 X120.183 Y91.828 E796.42983
G1 X119.348 Y91.2 E796.46458
G1 X118.382 Y90.806 E796.49928
G1 X117.345 Y90.674 E796.53405
G1 X116.318 Y90.82 E796.56855
G1 X115.351 Y91.226 E796.60343
G1 X114.536 Y91.865 E796.63788
G1 X113.906 Y92.7 E796.67267
G1 X113.51 Y93.666 E796.70739
G1 X113.382 Y94.702 E796.74211
G1 X113.528 Y95.73 E796.77664
G1 X113.935 Y96.697 E796.81154
G1 X114.573 Y97.516 E796.84607
G1 X115.407 Y98.145 E796.88081
G1 X116.373 Y98.538 E796.9155
G1 X117.382 Y98.663 E796.94931
G1 X117.41 Y98.666 E796.95025
G0 F9000 X117.414 Y99.07
;TYPE:WALL-OUTER
G1 F916.6 X118.546 Y98.909 E796.98828
G1 X119.605 Y98.462 E797.02651
G1 X120.508 Y97.758 E797.0646
G1 X121.2 Y96.84 E797.10283
G1 X121.632 Y95.776 E797.14103
G1 X121.778 Y94.634 E797.17932
G1 X121.617 Y93.502 E797.21735
G1 X121.17 Y92.443 E797.25558
G1 X120.466 Y91.54 E797.29366
G1 X119.548 Y90.848 E797.3319
G1 X118.484 Y90.416 E797.37009
G1 X117.342 Y90.27 E797.40838
G1 X116.21 Y90.431 E797.44641
G1 X115.147 Y90.878 E797.48477
G1 X114.248 Y91.582 E797.52275
G1 X113.556 Y92.5 E797.56098
G1 X113.12 Y93.564 E797.59923
G1 X112.978 Y94.706 E797.6375
G1 X113.139 Y95.838 E797.67553
G1 X113.587 Y96.901 E797.7139
G1 X114.29 Y97.804 E797.75196
G1 X115.208 Y98.496 E797.7902
G1 X116.271 Y98.928 E797.82836
G1 X117.383 Y99.066 E797.86563
G1 X117.414 Y99.07 E797.86667
G0 F9000 X117.408 Y98.356
G0 X118.277 Y98.233
G0 X118.307 Y98.458
;TYPE:FILL
G1 F916.6 X113.582 Y93.732 E798.08894
G1 X113.63 Y93.585
G1 X120.087 Y91.855 E798.31128
G1 X120.193 Y91.972
G1 X118.465 Y98.423 E798.5334
G0 F9000 X118.261 Y97.932
G1 F1500 E792.0334
;MESH:dubelHinge.stl
G0 F9000 X117.411 Y98.839
G0 X117.562 Y99.921
G0 X117.601 Y100.791
G0 X117.468 Y101.877
G0 X117.529 Y109.728
G0 X117.53 Y110.038
;TYPE:WALL-INNER
G1 F1500 E798.5334
G1 F916.6 X118.558 Y109.892 E798.56794
G1 X119.525 Y109.485 E798.60283
G1 X120.344 Y108.847 E798.63736
G1 X120.973 Y108.013 E798.67211
G1 X121.366 Y107.047 E798.70679
G1 X121.494 Y106.01 E798.74155
G1 X121.348 Y104.982 E798.77608
G1 X120.942 Y104.015 E798.81096
G1 X120.303 Y103.2 E798.84541
G1 X119.469 Y102.571 E798.88015
G1 X118.502 Y102.178 E798.91487
G1 X117.465 Y102.046 E798.94964
G1 X116.438 Y102.192 E798.98414
G1 X115.475 Y102.598 E799.0189
G1 X114.656 Y103.237 E799.05345
G1 X114.027 Y104.071 E799.08819
G1 X113.634 Y105.038 E799.12291
G1 X113.502 Y106.075 E799.15768
G1 X113.648 Y107.102 E799.19218
G1 X114.054 Y108.065 E799.22694
G1 X114.693 Y108.884 E799.26149
G1 X115.528 Y109.514 E799.29628
G1 X116.494 Y109.91 E799.33101
G1 X117.5 Y110.034 E799.36472
G1 X117.53 Y110.038 E799.36572
G0 F9000 X117.534 Y110.442
;TYPE:WALL-OUTER
G1 F916.6 X118.666 Y110.281 E799.40375
G1 X119.729 Y109.833 E799.44212
G1 X120.632 Y109.13 E799.48018
G1 X121.324 Y108.212 E799.51842
G1 X121.756 Y107.149 E799.55658
G1 X121.898 Y106.006 E799.59489
G1 X121.737 Y104.874 E799.63292
G1 X121.29 Y103.811 E799.67128
G1 X120.586 Y102.912 E799.70925
G1 X119.668 Y102.22 E799.74749
G1 X118.604 Y101.788 E799.78568
G1 X117.462 Y101.642 E799.82398
G1 X116.33 Y101.803 E799.86201
G1 X115.271 Y102.25 E799.90024
G1 X114.368 Y102.954 E799.93832
G1 X113.676 Y103.872 E799.97656
G1 X113.244 Y104.936 E800.01475
G1 X113.098 Y106.078 E800.05304
G1 X113.259 Y107.21 E800.09107
G1 X113.706 Y108.269 E800.1293
G1 X114.41 Y109.172 E800.16739
G1 X115.328 Y109.864 E800.20562
G1 X116.392 Y110.3 E800.24387
G1 X117.5 Y110.438 E800.281
G1 X117.534 Y110.442 E800.28214
G0 F9000 X117.529 Y109.728
G0 X118.398 Y109.605
G0 X118.428 Y109.83
;TYPE:FILL
G1 F916.6 X113.706 Y105.107 E800.50427
G1 X113.754 Y104.956
G1 X120.206 Y103.227 E800.72644
G1 X120.314 Y103.344
G1 X118.586 Y109.795 E800.94857
G0 F9000 X118.381 Y109.304
G1 F1500 E794.44857
;MESH:NONMESH
G0 F300 X118.381 Y109.304 Z22.8
G0 F9000 X117.468 Y101.877
G0 X117.318 Y100.795
G0 X117.278 Y99.925
G0 X117.411 Y98.839
G0 X117.408 Y98.356
G0 X117.41 Y98.666
;TIME_ELAPSED:1715.735557
;LAYER:113
;note -- min layer time used
;TYPE:WALL-INNER
;MESH:dubelHinge.stl(1)
G1 F1500 E800.94857
G1 F923 X118.438 Y98.521 E800.9831
G1 X119.401 Y98.114 E801.01787
G1 X120.22 Y97.475 E801.05242
G1 X120.849 Y96.641 E801.08716
G1 X121.242 Y95.674 E801.12188
G1 X121.374 Y94.637 E801.15665
G1 X121.228 Y93.61 E801.19115
G1 X120.822 Y92.647 E801.22591
G1 X120.183 Y91.828 E801.26046
G1 X119.348 Y91.2 E801.29521
G1 X118.382 Y90.806 E801.32991
G1 X117.345 Y90.674 E801.36468
G1 X116.318 Y90.82 E801.39918
G1 X115.351 Y91.226 E801.43406
G1 X114.536 Y91.865 E801.46851
G1 X113.906 Y92.7 E801.5033
G1 X113.51 Y93.666 E801.53802
G1 X113.382 Y94.702 E801.57274
G1 X113.528 Y95.73 E801.60728
G1 X113.935 Y96.697 E801.64217
G1 X114.573 Y97.516 E801.6767
G1 X115.407 Y98.145 E801.71145
G1 X116.373 Y98.538 E801.74613
G1 X117.382 Y98.663 E801.77995
G1 X117.41 Y98.666 E801.78088
G0 F9000 X117.414 Y99.07
;TYPE:WALL-OUTER
G1 F923 X118.546 Y98.909 E801.81891
G1 X119.605 Y98.462 E801.85715
G1 X120.508 Y97.758 E801.89523
G1 X121.2 Y96.84 E801.93346
G1 X121.632 Y95.776 E801.97166
G1 X121.778 Y94.634 E802.00995
G1 X121.617 Y93.502 E802.04798
G1 X121.17 Y92.443 E802.08621
G1 X120.466 Y91.54 E802.12429
G1 X119.548 Y90.848 E802.16253
G1 X118.484 Y90.416 E802.20073
G1 X117.342 Y90.27 E802.23902
G1 X116.21 Y90.431 E802.27705
G1 X115.147 Y90.878 E802.3154
G1 X114.248 Y91.582 E802.35338
G1 X113.556 Y92.5 E802.39162
G1 X113.12 Y93.564 E802.42986
G1 X112.978 Y94.706 E802.46814
G1 X113.139 Y95.838 E802.50616
G1 X113.587 Y96.901 E802.54453
G1 X114.29 Y97.804 E802.58259
G1 X115.208 Y98.496 E802.62083
G1 X116.271 Y98.928 E802.65899
G1 X117.383 Y99.066 E802.69626
G1 X117.414 Y99.07 E802.6973
G0 F9000 X117.408 Y98.356
G0 X118.278 Y98.233
G0 X118.308 Y98.458
;TYPE:FILL
G1 F923 X120.079 Y91.85 E802.92484
G1 X120.196 Y91.973
G1 X113.581 Y93.745 E803.15262
G1 X113.631 Y93.581
G1 X118.47 Y98.419 E803.3802
G0 F9000 X118.267 Y97.931
G1 F1500 E796.8802
;MESH:dubelHinge.stl
G0 F9000 X117.411 Y98.839
G0 X117.562 Y99.921
G0 X117.601 Y100.791
G0 X117.468 Y101.877
G0 X117.529 Y109.728
G0 X117.53 Y110.038
;TYPE:WALL-INNER
G1 F1500 E803.3802
G1 F923 X118.558 Y109.892 E803.41474
G1 X119.525 Y109.485 E803.44963
G1 X120.344 Y108.847 E803.48416
G1 X120.973 Y108.013 E803.51891
G1 X121.366 Y107.047 E803.55359
G1 X121.494 Y106.01 E803.58835
G1 X121.348 Y104.982 E803.62288
G1 X120.942 Y104.015 E803.65776
G1 X120.303 Y103.2 E803.69221
G1 X119.469 Y102.571 E803.72695
G1 X118.502 Y102.178 E803.76167
G1 X117.465 Y102.046 E803.79644
G1 X116.438 Y102.192 E803.83094
G1 X115.475 Y102.598 E803.8657
G1 X114.656 Y103.237 E803.90025
G1 X114.027 Y104.071 E803.93499
G1 X113.634 Y105.038 E803.96971
G1 X113.502 Y106.075 E804.00448
G1 X113.648 Y107.102 E804.03898
G1 X114.054 Y108.065 E804.07374
G1 X114.693 Y108.884 E804.10829
G1 X115.528 Y109.514 E804.14308
G1 X116.494 Y109.91 E804.17781
G1 X117.5 Y110.034 E804.21152
G1 X117.53 Y110.038 E804.21252
G0 F9000 X117.534 Y110.442
;TYPE:WALL-OUTER
G1 F923 X118.666 Y110.281 E804.25055
G1 X119.729 Y109.833 E804.28892
G1 X120.632 Y109.13 E804.32698
G1 X121.324 Y108.212 E804.36522
G1 X121.756 Y107.149 E804.40338
G1 X121.898 Y106.006 E804.44169
G1 X121.737 Y104.874 E804.47972
G1 X121.29 Y103.811 E804.51808
G1 X120.586 Y102.912 E804.55605
G1 X119.668 Y102.22 E804.59429
G1 X118.604 Y101.788 E804.63248
G1 X117.462 Y101.642 E804.67078
G1 X116.33 Y101.803 E804.70881
G1 X115.271 Y102.25 E804.74704
G1 X114.368 Y102.954 E804.78512
G1 X113.676 Y103.872 E804.82336
G1 X113.244 Y104.936 E804.86155
G1 X113.098 Y106.078 E804.89984
G1 X113.259 Y107.21 E804.93787
G1 X113.706 Y108.269 E804.9761
G1 X114.41 Y109.172 E805.01419
G1 X115.328 Y109.864 E805.05242
G1 X116.392 Y110.3 E805.09067
G1 X117.5 Y110.438 E805.1278
G1 X117.534 Y110.442 E805.12894
G0 F9000 X117.529 Y109.728
G0 X118.399 Y109.604
G0 X118.429 Y109.831
;TYPE:FILL
G1 F923 X120.2 Y103.222 E805.35651
G1 X120.316 Y103.344
G1 X113.704 Y105.116 E805.58419
G1 X113.754 Y104.954
G1 X118.591 Y109.792 E805.81173
G0 F9000 X118.386 Y109.303
G1 F1500 E799.31173
;MESH:NONMESH
G0 F300 X118.386 Y109.303 Z23
G0 F9000 X117.468 Y101.877
G0 X117.318 Y100.795
G0 X117.278 Y99.925
G0 X117.411 Y98.839
G0 X117.408 Y98.356
G0 X117.41 Y98.666
;TIME_ELAPSED:1727.833129
;LAYER:114
;note -- min layer time used
;TYPE:WALL-INNER
;MESH:dubelHinge.stl(1)
G1 F1500 E805.81173
G1 F923.3 X118.438 Y98.521 E805.84626
G1 X119.401 Y98.114 E805.88103
G1 X120.22 Y97.475 E805.91558
G1 X120.849 Y96.641 E805.95033
G1 X121.242 Y95.674 E805.98505
G1 X121.374 Y94.637 E806.01981
G1 X121.228 Y93.61 E806.05432
G1 X120.822 Y92.647 E806.08908
G1 X120.183 Y91.828 E806.12363
G1 X119.348 Y91.2 E806.15838
G1 X118.382 Y90.806 E806.19308
G1 X117.345 Y90.674 E806.22784
G1 X116.318 Y90.82 E806.26235
G1 X115.351 Y91.226 E806.29723
G1 X114.536 Y91.865 E806.33167
G1 X113.906 Y92.7 E806.36646
G1 X113.51 Y93.666 E806.40119
G1 X113.382 Y94.702 E806.43591
G1 X113.528 Y95.73 E806.47044
G1 X113.935 Y96.697 E806.50534
G1 X114.573 Y97.516 E806.53987
G1 X115.407 Y98.145 E806.57461
G1 X116.373 Y98.538 E806.6093
G1 X117.382 Y98.663 E806.64311
G1 X117.41 Y98.666 E806.64405
G0 F9000 X117.414 Y99.07
;TYPE:WALL-OUTER
G1 F923.3 X118.546 Y98.909 E806.68208
G1 X119.605 Y98.462 E806.72031
G1 X120.508 Y97.758 E806.75839
G1 X121.2 Y96.84 E806.79663
G1 X121.632 Y95.776 E806.83482
G1 X121.778 Y94.634 E806.87312
G1 X121.617 Y93.502 E806.91115
G1 X121.17 Y92.443 E806.94938
G1 X120.466 Y91.54 E806.98746
G1 X119.548 Y90.848 E807.0257
G1 X118.484 Y90.416 E807.06389
G1 X117.342 Y90.27 E807.10218
G1 X116.21 Y90.431 E807.14021
G1 X115.147 Y90.878 E807.17857
G1 X114.248 Y91.582 E807.21654
G1 X113.556 Y92.5 E807.25478
G1 X113.12 Y93.564 E807.29303
G1 X112.978 Y94.706 E807.3313
G1 X113.139 Y95.838 E807.36933
G1 X113.587 Y96.901 E807.4077
G1 X114.29 Y97.804 E807.44576
G1 X115.208 Y98.496 E807.484
G1 X116.271 Y98.928 E807.52216
G1 X117.383 Y99.066 E807.55943
G1 X117.414 Y99.07 E807.56047
G0 F9000 X118.157 Y98.48
;TYPE:FILL
G1 F923.3 X119.958 Y91.759 E807.7919
G0 F9000 X120.289 Y92.094
G1 F923.3 X113.563 Y93.896 E808.02349
G0 F9000 X113.689 Y93.439
G1 F923.3 X118.61 Y98.36 E808.25496
G0 F9000 X118.408 Y97.876
G1 F1500 E801.75496
;MESH:dubelHinge.stl
G0 F9000 X117.411 Y98.839
G0 X117.562 Y99.921
G0 X117.601 Y100.791
G0 X117.468 Y101.877
G0 X117.529 Y109.728
G0 X117.53 Y110.038
;TYPE:WALL-INNER
G1 F1500 E808.25496
G1 F923.3 X118.558 Y109.892 E808.2895
G1 X119.525 Y109.485 E808.32439
G1 X120.344 Y108.847 E808.35892
G1 X120.973 Y108.013 E808.39367
G1 X121.366 Y107.047 E808.42835
G1 X121.494 Y106.01 E808.4631
G1 X121.348 Y104.982 E808.49764
G1 X120.942 Y104.015 E808.53252
G1 X120.303 Y103.2 E808.56697
G1 X119.469 Y102.571 E808.60171
G1 X118.502 Y102.178 E808.63643
G1 X117.465 Y102.046 E808.6712
G1 X116.438 Y102.192 E808.7057
G1 X115.475 Y102.598 E808.74046
G1 X114.656 Y103.237 E808.77501
G1 X114.027 Y104.071 E808.80975
G1 X113.634 Y105.038 E808.84447
G1 X113.502 Y106.075 E808.87924
G1 X113.648 Y107.102 E808.91374
G1 X114.054 Y108.065 E808.9485
G1 X114.693 Y108.884 E808.98305
G1 X115.528 Y109.514 E809.01784
G1 X116.494 Y109.91 E809.05256
G1 X117.5 Y110.034 E809.08628
G1 X117.53 Y110.038 E809.08728
G0 F9000 X117.534 Y110.442
;TYPE:WALL-OUTER
G1 F923.3 X118.666 Y110.281 E809.12531
G1 X119.729 Y109.833 E809.16368
G1 X120.632 Y109.13 E809.20174
G1 X121.324 Y108.212 E809.23998
G1 X121.756 Y107.149 E809.27814
G1 X121.898 Y106.006 E809.31645
G1 X121.737 Y104.874 E809.35448
G1 X121.29 Y103.811 E809.39283
G1 X120.586 Y102.912 E809.43081
G1 X119.668 Y102.22 E809.46905
G1 X118.604 Y101.788 E809.50724
G1 X117.462 Y101.642 E809.54554
G1 X116.33 Y101.803 E809.58356
G1 X115.271 Y102.25 E809.6218
G1 X114.368 Y102.954 E809.65988
G1 X113.676 Y103.872 E809.69812
G1 X113.244 Y104.936 E809.73631
G1 X113.098 Y106.078 E809.7746
G1 X113.259 Y107.21 E809.81263
G1 X113.706 Y108.269 E809.85086
G1 X114.41 Y109.172 E809.88895
G1 X115.328 Y109.864 E809.92718
G1 X116.392 Y110.3 E809.96543
G1 X117.5 Y110.438 E810.00256
G1 X117.534 Y110.442 E810.0037
G0 F9000 X118.277 Y109.853
;TYPE:FILL
G1 F923.3 X120.078 Y103.131 E810.23516
G0 F9000 X120.411 Y103.465
G1 F923.3 X113.686 Y105.267 E810.46673
G0 F9000 X113.811 Y104.812
G1 F923.3 X118.731 Y109.732 E810.69815
G0 F9000 X118.526 Y109.247
G1 F1500 E804.19815
;MESH:NONMESH
G0 F300 X118.526 Y109.247 Z23.2
G0 F9000 X117.468 Y101.877
G0 X117.318 Y100.795
G0 X117.278 Y99.925
G0 X117.411 Y98.839
G0 X117.408 Y98.356
G0 X117.41 Y98.666
;TIME_ELAPSED:1739.953676
;LAYER:115
;note -- min layer time used
;TYPE:WALL-INNER
;MESH:dubelHinge.stl(1)
G1 F1500 E810.69815
G1 F928.4 X118.438 Y98.521 E810.73268
G1 X119.401 Y98.114 E810.76745
G1 X120.22 Y97.475 E810.802
G1 X120.849 Y96.641 E810.83675
G1 X121.242 Y95.674 E810.87146
G1 X121.374 Y94.637 E810.90623
G1 X121.228 Y93.61 E810.94073
G1 X120.822 Y92.647 E810.97549
G1 X120.183 Y91.828 E811.01004
G1 X119.348 Y91.2 E811.04479
G1 X118.382 Y90.806 E811.07949
G1 X117.345 Y90.674 E811.11426
G1 X116.318 Y90.82 E811.14876
G1 X115.351 Y91.226 E811.18365
G1 X114.536 Y91.865 E811.21809
G1 X113.906 Y92.7 E811.25288
G1 X113.51 Y93.666 E811.28761
G1 X113.382 Y94.702 E811.32232
G1 X113.528 Y95.73 E811.35686
G1 X113.935 Y96.697 E811.39175
G1 X114.573 Y97.516 E811.42628
G1 X115.407 Y98.145 E811.46103
G1 X116.373 Y98.538 E811.49571
G1 X117.382 Y98.663 E811.52953
G1 X117.41 Y98.666 E811.53047
G0 F9000 X117.414 Y99.07
;TYPE:WALL-OUTER
G1 F928.4 X118.546 Y98.909 E811.5685
G1 X119.605 Y98.462 E811.60673
G1 X120.508 Y97.758 E811.64481
G1 X121.2 Y96.84 E811.68305
G1 X121.632 Y95.776 E811.72124
G1 X121.778 Y94.634 E811.75953
G1 X121.617 Y93.502 E811.79756
G1 X121.17 Y92.443 E811.83579
G1 X120.466 Y91.54 E811.87388
G1 X119.548 Y90.848 E811.91211
G1 X118.484 Y90.416 E811.95031
G1 X117.342 Y90.27 E811.9886
G1 X116.21 Y90.431 E812.02663
G1 X115.147 Y90.878 E812.06498
G1 X114.248 Y91.582 E812.10296
G1 X113.556 Y92.5 E812.1412
G1 X113.12 Y93.564 E812.17944
G1 X112.978 Y94.706 E812.21772
G1 X113.139 Y95.838 E812.25575
G1 X113.587 Y96.901 E812.29411
G1 X114.29 Y97.804 E812.33218
G1 X115.208 Y98.496 E812.37041
G1 X116.271 Y98.928 E812.40858
G1 X117.383 Y99.066 E812.44585
G1 X117.414 Y99.07 E812.44689
G0 F9000 X118.005 Y98.501
;TYPE:FILL
G1 F928.4 X119.836 Y91.668 E812.68217
G0 F9000 X120.384 Y92.215
G1 F928.4 X113.544 Y94.047 E812.91769
G0 F9000 X113.747 Y93.297
G1 F928.4 X118.75 Y98.301 E813.15304
G0 F9000 X118.548 Y97.816
G1 F1500 E806.65304
;MESH:dubelHinge.stl
G0 F9000 X117.411 Y98.839
G0 X117.562 Y99.921
G0 X117.601 Y100.791
G0 X117.468 Y101.877
G0 X117.529 Y109.728
G0 X117.53 Y110.038
;TYPE:WALL-INNER
G1 F1500 E813.15304
G1 F928.4 X118.558 Y109.892 E813.18757
G1 X119.525 Y109.485 E813.22247
G1 X120.344 Y108.847 E813.257
G1 X120.973 Y108.013 E813.29174
G1 X121.366 Y107.047 E813.32643
G1 X121.494 Y106.01 E813.36118
G1 X121.348 Y104.982 E813.39571
G1 X120.942 Y104.015 E813.4306
G1 X120.303 Y103.2 E813.46504
G1 X119.469 Y102.571 E813.49979
G1 X118.502 Y102.178 E813.5345
G1 X117.465 Y102.046 E813.56927
G1 X116.438 Y102.192 E813.60377
G1 X115.475 Y102.598 E813.63853
G1 X114.656 Y103.237 E813.67308
G1 X114.027 Y104.071 E813.70783
G1 X113.634 Y105.038 E813.74254
G1 X113.502 Y106.075 E813.77731
G1 X113.648 Y107.102 E813.81181
G1 X114.054 Y108.065 E813.84657
G1 X114.693 Y108.884 E813.88112
G1 X115.528 Y109.514 E813.91591
G1 X116.494 Y109.91 E813.95064
G1 X117.5 Y110.034 E813.98435
G1 X117.53 Y110.038 E813.98536
G0 F9000 X117.534 Y110.442
;TYPE:WALL-OUTER
G1 F928.4 X118.666 Y110.281 E814.02339
G1 X119.729 Y109.833 E814.06175
G1 X120.632 Y109.13 E814.09982
G1 X121.324 Y108.212 E814.13805
G1 X121.756 Y107.149 E814.17622
G1 X121.898 Y106.006 E814.21453
G1 X121.737 Y104.874 E814.25255
G1 X121.29 Y103.811 E814.29091
G1 X120.586 Y102.912 E814.32889
G1 X119.668 Y102.22 E814.36712
G1 X118.604 Y101.788 E814.40532
G1 X117.462 Y101.642 E814.44361
G1 X116.33 Y101.803 E814.48164
G1 X115.271 Y102.25 E814.51987
G1 X114.368 Y102.954 E814.55795
G1 X113.676 Y103.872 E814.59619
G1 X113.244 Y104.936 E814.63438
G1 X113.098 Y106.078 E814.67268
G1 X113.259 Y107.21 E814.71071
G1 X113.706 Y108.269 E814.74894
G1 X114.41 Y109.172 E814.78702
G1 X115.328 Y109.864 E814.82526
G1 X116.392 Y110.3 E814.8635
G1 X117.5 Y110.438 E814.90064
G1 X117.534 Y110.442 E814.90178
G0 F9000 X118.126 Y109.874
;TYPE:FILL
G1 F928.4 X119.957 Y103.039 E815.13713
G0 F9000 X120.505 Y103.586
G1 F928.4 X113.666 Y105.418 E815.37261
G0 F9000 X113.869 Y104.671
G1 F928.4 X118.871 Y109.673 E815.60789
G0 F9000 X118.666 Y109.188
G1 F1500 E809.10789
;MESH:NONMESH
G0 F300 X118.666 Y109.188 Z23.4
G0 F9000 X117.468 Y101.877
G0 X117.318 Y100.795
G0 X117.278 Y99.925
G0 X117.411 Y98.839
G0 X117.408 Y98.356
G0 X117.41 Y98.666
;TIME_ELAPSED:1752.127079
;LAYER:116
;note -- min layer time used
;TYPE:WALL-INNER
;MESH:dubelHinge.stl(1)
G1 F1500 E815.60789
G1 F934.6 X118.438 Y98.521 E815.64242
G1 X119.401 Y98.114 E815.67719
G1 X120.22 Y97.475 E815.71174
G1 X120.849 Y96.641 E815.74649
G1 X121.242 Y95.674 E815.7812
G1 X121.374 Y94.637 E815.81597
G1 X121.228 Y93.61 E815.85047
G1 X120.822 Y92.647 E815.88523
G1 X120.183 Y91.828 E815.91978
G1 X119.348 Y91.2 E815.95453
G1 X118.382 Y90.806 E815.98923
G1 X117.345 Y90.674 E816.024
G1 X116.318 Y90.82 E816.0585
G1 X115.351 Y91.226 E816.09339
G1 X114.536 Y91.865 E816.12783
G1 X113.906 Y92.7 E816.16262
G1 X113.51 Y93.666 E816.19735
G1 X113.382 Y94.702 E816.23207
G1 X113.528 Y95.73 E816.2666
G1 X113.935 Y96.697 E816.3015
G1 X114.573 Y97.516 E816.33603
G1 X115.407 Y98.145 E816.37077
G1 X116.373 Y98.538 E816.40546
G1 X117.382 Y98.663 E816.43927
G1 X117.41 Y98.666 E816.44021
G0 F9000 X117.414 Y99.07
;TYPE:WALL-OUTER
G1 F934.6 X118.546 Y98.909 E816.47824
G1 X119.605 Y98.462 E816.51647
G1 X120.508 Y97.758 E816.55455
G1 X121.2 Y96.84 E816.59279
G1 X121.632 Y95.776 E816.63098
G1 X121.778 Y94.634 E816.66927
G1 X121.617 Y93.502 E816.7073
G1 X121.17 Y92.443 E816.74554
G1 X120.466 Y91.54 E816.78362
G1 X119.548 Y90.848 E816.82185
G1 X118.484 Y90.416 E816.86005
G1 X117.342 Y90.27 E816.89834
G1 X116.21 Y90.431 E816.93637
G1 X115.147 Y90.878 E816.97472
G1 X114.248 Y91.582 E817.0127
G1 X113.556 Y92.5 E817.05094
G1 X113.12 Y93.564 E817.08918
G1 X112.978 Y94.706 E817.12746
G1 X113.139 Y95.838 E817.16549
G1 X113.587 Y96.901 E817.20386
G1 X114.29 Y97.804 E817.24192
G1 X115.208 Y98.496 E817.28015
G1 X116.271 Y98.928 E817.31832
G1 X117.383 Y99.066 E817.35559
G1 X117.414 Y99.07 E817.35663
G0 F9000 X117.852 Y98.523
;TYPE:FILL
G1 F934.6 X119.713 Y91.576 E817.59583
G0 F9000 X119.577 Y91.755
G0 X120.298 Y92.477
G0 X120.479 Y92.336
G1 F934.6 X113.525 Y94.199 E817.83528
G0 F9000 X113.755 Y94.228
G0 X114.018 Y93.242
G0 X113.805 Y93.155
G1 F934.6 X118.892 Y98.241 E818.07453
G0 F9000 X118.69 Y97.756
G1 F1500 E811.57453
;MESH:dubelHinge.stl
G0 F9000 X117.411 Y98.839
G0 X117.562 Y99.921
G0 X117.601 Y100.791
G0 X117.468 Y101.877
G0 X117.529 Y109.728
G0 X117.53 Y110.038
;TYPE:WALL-INNER
G1 F1500 E818.07453
G1 F934.6 X118.558 Y109.892 E818.10907
G1 X119.525 Y109.485 E818.14396
G1 X120.344 Y108.847 E818.17849
G1 X120.973 Y108.013 E818.21324
G1 X121.366 Y107.047 E818.24792
G1 X121.494 Y106.01 E818.28267
G1 X121.348 Y104.982 E818.31721
G1 X120.942 Y104.015 E818.35209
G1 X120.303 Y103.2 E818.38654
G1 X119.469 Y102.571 E818.42128
G1 X118.502 Y102.178 E818.456
G1 X117.465 Y102.046 E818.49077
G1 X116.438 Y102.192 E818.52527
G1 X115.475 Y102.598 E818.56003
G1 X114.656 Y103.237 E818.59458
G1 X114.027 Y104.071 E818.62932
G1 X113.634 Y105.038 E818.66404
G1 X113.502 Y106.075 E818.69881
G1 X113.648 Y107.102 E818.73331
G1 X114.054 Y108.065 E818.76807
G1 X114.693 Y108.884 E818.80262
G1 X115.528 Y109.514 E818.83741
G1 X116.494 Y109.91 E818.87213
G1 X117.5 Y110.034 E818.90585
G1 X117.53 Y110.038 E818.90685
G0 F9000 X117.534 Y110.442
;TYPE:WALL-OUTER
G1 F934.6 X118.666 Y110.281 E818.94488
G1 X119.729 Y109.833 E818.98325
G1 X120.632 Y109.13 E819.02131
G1 X121.324 Y108.212 E819.05955
G1 X121.756 Y107.149 E819.09771
G1 X121.898 Y106.006 E819.13602
G1 X121.737 Y104.874 E819.17405
G1 X121.29 Y103.811 E819.2124
G1 X120.586 Y102.912 E819.25038
G1 X119.668 Y102.22 E819.28862
G1 X118.604 Y101.788 E819.32681
G1 X117.462 Y101.642 E819.3651
G1 X116.33 Y101.803 E819.40313
G1 X115.271 Y102.25 E819.44137
G1 X114.368 Y102.954 E819.47945
G1 X113.676 Y103.872 E819.51768
G1 X113.244 Y104.936 E819.55588
G1 X113.098 Y106.078 E819.59417
G1 X113.259 Y107.21 E819.6322
G1 X113.706 Y108.269 E819.67043
G1 X114.41 Y109.172 E819.70852
G1 X115.328 Y109.864 E819.74675
G1 X116.392 Y110.3 E819.785
G1 X117.5 Y110.438 E819.82213
G1 X117.534 Y110.442 E819.82327
G0 F9000 X117.973 Y109.896
;TYPE:FILL
G1 F934.6 X119.835 Y102.947 E820.06255
G0 F9000 X119.698 Y103.127
G0 X120.418 Y103.848
G0 X120.6 Y103.707
G1 F934.6 X113.648 Y105.57 E820.30193
G0 F9000 X113.876 Y105.599
G0 X114.139 Y104.614
G0 X113.927 Y104.528
G1 F934.6 X119.012 Y109.614 E820.54114
G0 F9000 X118.807 Y109.128
G1 F1500 E814.04114
;MESH:NONMESH
G0 F300 X118.807 Y109.128 Z23.6
G0 F9000 X117.468 Y101.877
G0 X117.318 Y100.795
G0 X117.278 Y99.925
G0 X117.411 Y98.839
G0 X117.408 Y98.356
G0 X117.41 Y98.666
;TIME_ELAPSED:1764.497658
;LAYER:117
;note -- min layer time used
;TYPE:WALL-INNER
;MESH:dubelHinge.stl(1)
G1 F1500 E820.54114
G1 F939.7 X118.438 Y98.521 E820.57567
G1 X119.401 Y98.114 E820.61044
G1 X120.22 Y97.475 E820.64499
G1 X120.849 Y96.641 E820.67974
G1 X121.242 Y95.674 E820.71445
G1 X121.374 Y94.637 E820.74922
G1 X121.228 Y93.61 E820.78372
G1 X120.822 Y92.647 E820.81848
G1 X120.183 Y91.828 E820.85303
G1 X119.348 Y91.2 E820.88778
G1 X118.382 Y90.806 E820.92248
G1 X117.345 Y90.674 E820.95725
G1 X116.318 Y90.82 E820.99175
G1 X115.351 Y91.226 E821.02664
G1 X114.536 Y91.865 E821.06108
G1 X113.906 Y92.7 E821.09587
G1 X113.51 Y93.666 E821.1306
G1 X113.382 Y94.702 E821.16531
G1 X113.528 Y95.73 E821.19985
G1 X113.935 Y96.697 E821.23474
G1 X114.573 Y97.516 E821.26927
G1 X115.407 Y98.145 E821.30402
G1 X116.373 Y98.538 E821.3387
G1 X117.382 Y98.663 E821.37252
G1 X117.41 Y98.666 E821.37346
G0 F9000 X117.414 Y99.07
;TYPE:WALL-OUTER
G1 F939.7 X118.546 Y98.909 E821.41149
G1 X119.605 Y98.462 E821.44972
G1 X120.508 Y97.758 E821.4878
G1 X121.2 Y96.84 E821.52604
G1 X121.632 Y95.776 E821.56423
G1 X121.778 Y94.634 E821.60252
G1 X121.617 Y93.502 E821.64055
G1 X121.17 Y92.443 E821.67878
G1 X120.466 Y91.54 E821.71687
G1 X119.548 Y90.848 E821.7551
G1 X118.484 Y90.416 E821.7933
G1 X117.342 Y90.27 E821.83159
G1 X116.21 Y90.431 E821.86962
G1 X115.147 Y90.878 E821.90797
G1 X114.248 Y91.582 E821.94595
G1 X113.556 Y92.5 E821.98419
G1 X113.12 Y93.564 E822.02243
G1 X112.978 Y94.706 E822.06071
G1 X113.139 Y95.838 E822.09874
G1 X113.587 Y96.901 E822.1371
G1 X114.29 Y97.804 E822.17517
G1 X115.208 Y98.496 E822.2134
G1 X116.271 Y98.928 E822.25157
G1 X117.383 Y99.066 E822.28884
G1 X117.414 Y99.07 E822.28988
G0 F9000 X117.7 Y98.545
;TYPE:FILL
G1 F939.7 X119.592 Y91.485 E822.53298
G0 F9000 X119.456 Y91.663
G0 X120.391 Y92.597
G0 X120.572 Y92.457
G1 F939.7 X113.506 Y94.35 E822.77628
G0 F9000 X113.736 Y94.379
G0 X114.076 Y93.101
G0 X113.863 Y93.014
G1 F939.7 X119.032 Y98.182 E823.01939
G0 F9000 X118.829 Y97.697
G1 F1500 E816.51939
;MESH:dubelHinge.stl
G0 F9000 X117.411 Y98.839
G0 X117.562 Y99.921
G0 X117.601 Y100.791
G0 X117.468 Y101.877
G0 X117.529 Y109.728
G0 X117.53 Y110.038
;TYPE:WALL-INNER
G1 F1500 E823.01939
G1 F939.7 X118.558 Y109.892 E823.05393
G1 X119.525 Y109.485 E823.08882
G1 X120.344 Y108.847 E823.12335
G1 X120.973 Y108.013 E823.15809
G1 X121.366 Y107.047 E823.19278
G1 X121.494 Y106.01 E823.22753
G1 X121.348 Y104.982 E823.26207
G1 X120.942 Y104.015 E823.29695
G1 X120.303 Y103.2 E823.3314
G1 X119.469 Y102.571 E823.36614
G1 X118.502 Y102.178 E823.40086
G1 X117.465 Y102.046 E823.43563
G1 X116.438 Y102.192 E823.47013
G1 X115.475 Y102.598 E823.50489
G1 X114.656 Y103.237 E823.53944
G1 X114.027 Y104.071 E823.57418
G1 X113.634 Y105.038 E823.6089
G1 X113.502 Y106.075 E823.64367
G1 X113.648 Y107.102 E823.67817
G1 X114.054 Y108.065 E823.71293
G1 X114.693 Y108.884 E823.74748
G1 X115.528 Y109.514 E823.78227
G1 X116.494 Y109.91 E823.81699
G1 X117.5 Y110.034 E823.85071
G1 X117.53 Y110.038 E823.85171
G0 F9000 X117.534 Y110.442
;TYPE:WALL-OUTER
G1 F939.7 X118.666 Y110.281 E823.88974
G1 X119.729 Y109.833 E823.92811
G1 X120.632 Y109.13 E823.96617
G1 X121.324 Y108.212 E824.00441
G1 X121.756 Y107.149 E824.04257
G1 X121.898 Y106.006 E824.08088
G1 X121.737 Y104.874 E824.11891
G1 X121.29 Y103.811 E824.15726
G1 X120.586 Y102.912 E824.19524
G1 X119.668 Y102.22 E824.23348
G1 X118.604 Y101.788 E824.27167
G1 X117.462 Y101.642 E824.30996
G1 X116.33 Y101.803 E824.34799
G1 X115.271 Y102.25 E824.38623
G1 X114.368 Y102.954 E824.42431
G1 X113.676 Y103.872 E824.46254
G1 X113.244 Y104.936 E824.50074
G1 X113.098 Y106.078 E824.53903
G1 X113.259 Y107.21 E824.57706
G1 X113.706 Y108.269 E824.61529
G1 X114.41 Y109.172 E824.65337
G1 X115.328 Y109.864 E824.69161
G1 X116.392 Y110.3 E824.72986
G1 X117.5 Y110.438 E824.76699
G1 X117.534 Y110.442 E824.76813
G0 F9000 X117.821 Y109.918
;TYPE:FILL
G1 F939.7 X119.713 Y102.856 E825.0113
G0 F9000 X119.577 Y103.035
G0 X120.513 Y103.969
G0 X120.694 Y103.828
G1 F939.7 X113.628 Y105.721 E825.2546
G0 F9000 X113.857 Y105.75
G0 X114.197 Y104.473
G0 X113.984 Y104.386
G1 F939.7 X119.152 Y109.554 E825.49769
G0 F9000 X118.947 Y109.069
G1 F1500 E818.99769
;MESH:NONMESH
G0 F300 X118.947 Y109.069 Z23.8
G0 F9000 X117.468 Y101.877
G0 X117.318 Y100.795
G0 X117.278 Y99.925
G0 X117.411 Y98.839
G0 X117.408 Y98.356
G0 X117.41 Y98.666
;TIME_ELAPSED:1776.904474
;LAYER:118
;note -- min layer time used
;TYPE:WALL-INNER
;MESH:dubelHinge.stl(1)
G1 F1500 E825.49769
G1 F945 X118.438 Y98.521 E825.53222
G1 X119.401 Y98.114 E825.56699
G1 X120.22 Y97.475 E825.60154
G1 X120.849 Y96.641 E825.63628
G1 X121.242 Y95.674 E825.671
G1 X121.374 Y94.637 E825.70577
G1 X121.228 Y93.61 E825.74027
G1 X120.822 Y92.647 E825.77503
G1 X120.183 Y91.828 E825.80958
G1 X119.348 Y91.2 E825.84433
G1 X118.382 Y90.806 E825.87903
G1 X117.345 Y90.674 E825.9138
G1 X116.318 Y90.82 E825.9483
G1 X115.351 Y91.226 E825.98318
G1 X114.536 Y91.865 E826.01763
G1 X113.906 Y92.7 E826.05242
G1 X113.51 Y93.666 E826.08714
G1 X113.382 Y94.702 E826.12186
G1 X113.528 Y95.73 E826.1564
G1 X113.935 Y96.697 E826.19129
G1 X114.573 Y97.516 E826.22582
G1 X115.407 Y98.145 E826.26057
G1 X116.373 Y98.538 E826.29525
G1 X117.382 Y98.663 E826.32907
G1 X117.41 Y98.666 E826.33001
G0 F9000 X117.414 Y99.07
;TYPE:WALL-OUTER
G1 F945 X118.546 Y98.909 E826.36804
G1 X119.605 Y98.462 E826.40627
G1 X120.508 Y97.758 E826.44435
G1 X121.2 Y96.84 E826.48259
G1 X121.632 Y95.776 E826.52078
G1 X121.778 Y94.634 E826.55907
G1 X121.617 Y93.502 E826.5971
G1 X121.17 Y92.443 E826.63533
G1 X120.466 Y91.54 E826.67342
G1 X119.548 Y90.848 E826.71165
G1 X118.484 Y90.416 E826.74985
G1 X117.342 Y90.27 E826.78814
G1 X116.21 Y90.431 E826.82617
G1 X115.147 Y90.878 E826.86452
G1 X114.248 Y91.582 E826.9025
G1 X113.556 Y92.5 E826.94074
G1 X113.12 Y93.564 E826.97898
G1 X112.978 Y94.706 E827.01726
G1 X113.139 Y95.838 E827.05529
G1 X113.587 Y96.901 E827.09365
G1 X114.29 Y97.804 E827.13172
G1 X115.208 Y98.496 E827.16995
G1 X116.271 Y98.928 E827.20812
G1 X117.383 Y99.066 E827.24539
G1 X117.414 Y99.07 E827.24642
G0 F9000 X117.547 Y98.567
;TYPE:FILL
G1 F945 X119.47 Y91.393 E827.49346
G0 F9000 X119.334 Y91.571
G0 X120.486 Y92.719
G0 X120.667 Y92.579
G1 F945 X113.488 Y94.502 E827.74065
G0 F9000 X113.717 Y94.531
G0 X114.134 Y92.958
G0 X113.921 Y92.871
G1 F945 X119.173 Y98.122 E827.98766
G0 F9000 X118.971 Y97.637
G1 F1500 E821.48766
;MESH:dubelHinge.stl
G0 F9000 X117.411 Y98.839
G0 X117.562 Y99.921
G0 X117.601 Y100.791
G0 X117.468 Y101.877
G0 X117.529 Y109.728
G0 X117.53 Y110.038
;TYPE:WALL-INNER
G1 F1500 E827.98766
G1 F945 X118.558 Y109.892 E828.0222
G1 X119.525 Y109.485 E828.05709
G1 X120.344 Y108.847 E828.09162
G1 X120.973 Y108.013 E828.12637
G1 X121.366 Y107.047 E828.16105
G1 X121.494 Y106.01 E828.19581
G1 X121.348 Y104.982 E828.23034
G1 X120.942 Y104.015 E828.26522
G1 X120.303 Y103.2 E828.29967
G1 X119.469 Y102.571 E828.33441
G1 X118.502 Y102.178 E828.36913
G1 X117.465 Y102.046 E828.4039
G1 X116.438 Y102.192 E828.4384
G1 X115.475 Y102.598 E828.47316
G1 X114.656 Y103.237 E828.50771
G1 X114.027 Y104.071 E828.54245
G1 X113.634 Y105.038 E828.57717
G1 X113.502 Y106.075 E828.61194
G1 X113.648 Y107.102 E828.64644
G1 X114.054 Y108.065 E828.6812
G1 X114.693 Y108.884 E828.71575
G1 X115.528 Y109.514 E828.75054
G1 X116.494 Y109.91 E828.78527
G1 X117.5 Y110.034 E828.81898
G1 X117.53 Y110.038 E828.81998
G0 F9000 X117.534 Y110.442
;TYPE:WALL-OUTER
G1 F945 X118.666 Y110.281 E828.85801
G1 X119.729 Y109.833 E828.89638
G1 X120.632 Y109.13 E828.93444
G1 X121.324 Y108.212 E828.97268
G1 X121.756 Y107.149 E829.01084
G1 X121.898 Y106.006 E829.04915
G1 X121.737 Y104.874 E829.08718
G1 X121.29 Y103.811 E829.12554
G1 X120.586 Y102.912 E829.16351
G1 X119.668 Y102.22 E829.20175
G1 X118.604 Y101.788 E829.23994
G1 X117.462 Y101.642 E829.27824
G1 X116.33 Y101.803 E829.31627
G1 X115.271 Y102.25 E829.3545
G1 X114.368 Y102.954 E829.39258
G1 X113.676 Y103.872 E829.43082
G1 X113.244 Y104.936 E829.46901
G1 X113.098 Y106.078 E829.5073
G1 X113.259 Y107.21 E829.54533
G1 X113.706 Y108.269 E829.58356
G1 X114.41 Y109.172 E829.62165
G1 X115.328 Y109.864 E829.65988
G1 X116.392 Y110.3 E829.69813
G1 X117.5 Y110.438 E829.73526
G1 X117.534 Y110.442 E829.7364
G0 F9000 X117.668 Y109.94
;TYPE:FILL
G1 F945 X119.591 Y102.764 E829.9835
G0 F9000 X119.455 Y102.943
G0 X120.607 Y104.091
G0 X120.79 Y103.949
G1 F945 X113.609 Y105.873 E830.23076
G0 F9000 X113.838 Y105.902
G0 X114.255 Y104.33
G0 X114.042 Y104.243
G1 F945 X119.294 Y109.495 E830.4778
G0 F9000 X119.089 Y109.009
G1 F1500 E823.9778
;MESH:NONMESH
G0 F300 X119.089 Y109.009 Z24
G0 F9000 X117.468 Y101.877
G0 X117.318 Y100.795
G0 X117.278 Y99.925
G0 X117.411 Y98.839
G0 X117.408 Y98.356
G0 X117.41 Y98.666
;TIME_ELAPSED:1789.345079
;LAYER:119
;note -- min layer time used
;TYPE:WALL-INNER
;MESH:dubelHinge.stl(1)
G1 F1500 E830.4778
G1 F950 X118.438 Y98.521 E830.51233
G1 X119.401 Y98.114 E830.5471
G1 X120.22 Y97.475 E830.58165
G1 X120.849 Y96.641 E830.6164
G1 X121.242 Y95.674 E830.65112
G1 X121.374 Y94.637 E830.68588
G1 X121.228 Y93.61 E830.72039
G1 X120.822 Y92.647 E830.75515
G1 X120.183 Y91.828 E830.7897
G1 X119.348 Y91.2 E830.82445
G1 X118.382 Y90.806 E830.85915
G1 X117.345 Y90.674 E830.89391
G1 X116.318 Y90.82 E830.92842
G1 X115.351 Y91.226 E830.9633
G1 X114.536 Y91.865 E830.99774
G1 X113.906 Y92.7 E831.03253
G1 X113.51 Y93.666 E831.06726
G1 X113.382 Y94.702 E831.10198
G1 X113.528 Y95.73 E831.13651
G1 X113.935 Y96.697 E831.17141
G1 X114.573 Y97.516 E831.20594
G1 X115.407 Y98.145 E831.24068
G1 X116.373 Y98.538 E831.27537
G1 X117.382 Y98.663 E831.30918
G1 X117.41 Y98.666 E831.31012
G0 F9000 X117.414 Y99.07
;TYPE:WALL-OUTER
G1 F950 X118.546 Y98.909 E831.34815
G1 X119.605 Y98.462 E831.38638
G1 X120.508 Y97.758 E831.42446
G1 X121.2 Y96.84 E831.4627
G1 X121.632 Y95.776 E831.50089
G1 X121.778 Y94.634 E831.53919
G1 X121.617 Y93.502 E831.57722
G1 X121.17 Y92.443 E831.61545
G1 X120.466 Y91.54 E831.65353
G1 X119.548 Y90.848 E831.69177
G1 X118.484 Y90.416 E831.72996
G1 X117.342 Y90.27 E831.76825
G1 X116.21 Y90.431 E831.80628
G1 X115.147 Y90.878 E831.84464
G1 X114.248 Y91.582 E831.88261
G1 X113.556 Y92.5 E831.92085
G1 X113.12 Y93.564 E831.9591
G1 X112.978 Y94.706 E831.99737
G1 X113.139 Y95.838 E832.0354
G1 X113.587 Y96.901 E832.07377
G1 X114.29 Y97.804 E832.11183
G1 X115.208 Y98.496 E832.15007
G1 X116.271 Y98.928 E832.18823
G1 X117.383 Y99.066 E832.2255
G1 X117.414 Y99.07 E832.22654
G0 F9000 X117.397 Y98.585
;TYPE:FILL
G1 F950 X119.348 Y91.302 E832.47731
G0 F9000 X119.213 Y91.48
G0 X120.556 Y92.808
G0 X120.757 Y92.7
G1 F950 X113.469 Y94.653 E832.72827
G0 F9000 X113.698 Y94.682
G0 X114.175 Y92.854
G0 X113.981 Y92.731
G1 F950 X119.313 Y98.063 E832.97907
G0 F9000 X119.107 Y97.574
G1 F1500 E826.47907
;MESH:dubelHinge.stl
G0 F9000 X117.411 Y98.839
G0 X117.562 Y99.921
G0 X117.601 Y100.791
G0 X117.468 Y101.877
G0 X117.529 Y109.728
G0 X117.53 Y110.038
;TYPE:WALL-INNER
G1 F1500 E832.97907
G1 F950 X118.558 Y109.892 E833.0136
G1 X119.525 Y109.485 E833.0485
G1 X120.344 Y108.847 E833.08303
G1 X120.973 Y108.013 E833.11777
G1 X121.366 Y107.047 E833.15246
G1 X121.494 Y106.01 E833.18721
G1 X121.348 Y104.982 E833.22174
G1 X120.942 Y104.015 E833.25662
G1 X120.303 Y103.2 E833.29107
G1 X119.469 Y102.571 E833.32581
G1 X118.502 Y102.178 E833.36053
G1 X117.465 Y102.046 E833.3953
G1 X116.438 Y102.192 E833.4298
G1 X115.475 Y102.598 E833.46456
G1 X114.656 Y103.237 E833.49911
G1 X114.027 Y104.071 E833.53386
G1 X113.634 Y105.038 E833.56857
G1 X113.502 Y106.075 E833.60334
G1 X113.648 Y107.102 E833.63784
G1 X114.054 Y108.065 E833.6726
G1 X114.693 Y108.884 E833.70715
G1 X115.528 Y109.514 E833.74194
G1 X116.494 Y109.91 E833.77667
G1 X117.5 Y110.034 E833.81038
G1 X117.53 Y110.038 E833.81139
G0 F9000 X117.534 Y110.442
;TYPE:WALL-OUTER
G1 F950 X118.666 Y110.281 E833.84942
G1 X119.729 Y109.833 E833.88778
G1 X120.632 Y109.13 E833.92585
G1 X121.324 Y108.212 E833.96408
G1 X121.756 Y107.149 E834.00225
G1 X121.898 Y106.006 E834.04055
G1 X121.737 Y104.874 E834.07858
G1 X121.29 Y103.811 E834.11694
G1 X120.586 Y102.912 E834.15492
G1 X119.668 Y102.22 E834.19315
G1 X118.604 Y101.788 E834.23135
G1 X117.462 Y101.642 E834.26964
G1 X116.33 Y101.803 E834.30767
G1 X115.271 Y102.25 E834.3459
G1 X114.368 Y102.954 E834.38398
G1 X113.676 Y103.872 E834.42222
G1 X113.244 Y104.936 E834.46041
G1 X113.098 Y106.078 E834.49871
G1 X113.259 Y107.21 E834.53673
G1 X113.706 Y108.269 E834.57497
G1 X114.41 Y109.172 E834.61305
G1 X115.328 Y109.864 E834.65129
G1 X116.392 Y110.3 E834.68953
G1 X117.5 Y110.438 E834.72667
G1 X117.534 Y110.442 E834.72781
G0 F9000 X117.517 Y109.957
;TYPE:FILL
G1 F950 X119.469 Y102.672 E834.97865
G0 F9000 X119.333 Y102.851
G0 X120.677 Y104.179
G0 X120.879 Y104.071
G1 F950 X113.591 Y106.024 E835.22961
G0 F9000 X113.82 Y106.053
G0 X114.297 Y104.223
G0 X114.102 Y104.103
G1 F950 X119.434 Y109.435 E835.48041
G0 F9000 X119.227 Y108.946
G1 F1500 E828.98041
;MESH:NONMESH
G0 F300 X119.227 Y108.946 Z24.2
G0 F9000 X117.468 Y101.877
G0 X117.318 Y100.795
G0 X117.278 Y99.925
G0 X117.411 Y98.839
G0 X117.408 Y98.356
G0 X117.41 Y98.666
;TIME_ELAPSED:1801.808112
;LAYER:120
;note -- min layer time used
;TYPE:WALL-INNER
;MESH:dubelHinge.stl(1)
G1 F1500 E835.48041
G1 F952.4 X118.438 Y98.521 E835.51494
G1 X119.401 Y98.114 E835.54971
G1 X120.22 Y97.475 E835.58426
G1 X120.849 Y96.641 E835.619
G1 X121.242 Y95.674 E835.65372
G1 X121.374 Y94.637 E835.68849
G1 X121.228 Y93.61 E835.72299
G1 X120.822 Y92.647 E835.75775
G1 X120.183 Y91.828 E835.7923
G1 X119.348 Y91.2 E835.82705
G1 X118.382 Y90.806 E835.86175
G1 X117.345 Y90.674 E835.89652
G1 X116.318 Y90.82 E835.93102
G1 X115.351 Y91.226 E835.9659
G1 X114.536 Y91.865 E836.00035
G1 X113.906 Y92.7 E836.03514
G1 X113.51 Y93.666 E836.06986
G1 X113.382 Y94.702 E836.10458
G1 X113.528 Y95.73 E836.13912
G1 X113.935 Y96.697 E836.17401
G1 X114.573 Y97.516 E836.20854
G1 X115.407 Y98.145 E836.24329
G1 X116.373 Y98.538 E836.27797
G1 X117.382 Y98.663 E836.31179
G1 X117.41 Y98.666 E836.31272
G0 F9000 X117.414 Y99.07
;TYPE:WALL-OUTER
G1 F952.4 X118.546 Y98.909 E836.35075
G1 X119.605 Y98.462 E836.38899
G1 X120.508 Y97.758 E836.42707
G1 X121.2 Y96.84 E836.4653
G1 X121.632 Y95.776 E836.5035
G1 X121.778 Y94.634 E836.54179
G1 X121.617 Y93.502 E836.57982
G1 X121.17 Y92.443 E836.61805
G1 X120.466 Y91.54 E836.65613
G1 X119.548 Y90.848 E836.69437
G1 X118.484 Y90.416 E836.73257
G1 X117.342 Y90.27 E836.77086
G1 X116.21 Y90.431 E836.80889
G1 X115.147 Y90.878 E836.84724
G1 X114.248 Y91.582 E836.88522
G1 X113.556 Y92.5 E836.92346
G1 X113.12 Y93.564 E836.9617
G1 X112.978 Y94.706 E836.99998
G1 X113.139 Y95.838 E837.038
G1 X113.587 Y96.901 E837.07637
G1 X114.29 Y97.804 E837.11443
G1 X115.208 Y98.496 E837.15267
G1 X116.271 Y98.928 E837.19083
G1 X117.383 Y99.066 E837.2281
G1 X117.414 Y99.07 E837.22914
G0 F9000 X117.255 Y98.567
;TYPE:FILL
G1 F952.4 X119.22 Y91.236 E837.48158
G0 F9000 X119.135 Y91.444
G0 X120.602 Y92.919
G0 X120.813 Y92.831
G1 F952.4 X113.477 Y94.797 E837.73419
G0 F9000 X113.706 Y94.766
G0 X114.249 Y92.757
G0 X114.067 Y92.618
G1 F952.4 X119.435 Y97.985 E837.98666
G0 F9000 X119.113 Y97.569
G1 F1500 E831.48666
;MESH:dubelHinge.stl
G0 F9000 X117.411 Y98.839
G0 X117.562 Y99.921
G0 X117.601 Y100.791
G0 X117.468 Y101.877
G0 X117.529 Y109.728
G0 X117.53 Y110.038
;TYPE:WALL-INNER
G1 F1500 E837.98666
G1 F952.4 X118.558 Y109.892 E838.02119
G1 X119.525 Y109.485 E838.05609
G1 X120.344 Y108.847 E838.09062
G1 X120.973 Y108.013 E838.12536
G1 X121.366 Y107.047 E838.16005
G1 X121.494 Y106.01 E838.1948
G1 X121.348 Y104.982 E838.22933
G1 X120.942 Y104.015 E838.26422
G1 X120.303 Y103.2 E838.29866
G1 X119.469 Y102.571 E838.3334
G1 X118.502 Y102.178 E838.36812
G1 X117.465 Y102.046 E838.40289
G1 X116.438 Y102.192 E838.43739
G1 X115.475 Y102.598 E838.47215
G1 X114.656 Y103.237 E838.5067
G1 X114.027 Y104.071 E838.54145
G1 X113.634 Y105.038 E838.57616
G1 X113.502 Y106.075 E838.61093
G1 X113.648 Y107.102 E838.64543
G1 X114.054 Y108.065 E838.68019
G1 X114.693 Y108.884 E838.71474
G1 X115.528 Y109.514 E838.74953
G1 X116.494 Y109.91 E838.78426
G1 X117.5 Y110.034 E838.81797
G1 X117.53 Y110.038 E838.81898
G0 F9000 X117.534 Y110.442
;TYPE:WALL-OUTER
G1 F952.4 X118.666 Y110.281 E838.85701
G1 X119.729 Y109.833 E838.89537
G1 X120.632 Y109.13 E838.93344
G1 X121.324 Y108.212 E838.97167
G1 X121.756 Y107.149 E839.00984
G1 X121.898 Y106.006 E839.04815
G1 X121.737 Y104.874 E839.08617
G1 X121.29 Y103.811 E839.12453
G1 X120.586 Y102.912 E839.16251
G1 X119.668 Y102.22 E839.20074
G1 X118.604 Y101.788 E839.23894
G1 X117.462 Y101.642 E839.27723
G1 X116.33 Y101.803 E839.31526
G1 X115.271 Y102.25 E839.35349
G1 X114.368 Y102.954 E839.39157
G1 X113.676 Y103.872 E839.42981
G1 X113.244 Y104.936 E839.468
G1 X113.098 Y106.078 E839.5063
G1 X113.259 Y107.21 E839.54433
G1 X113.706 Y108.269 E839.58256
G1 X114.41 Y109.172 E839.62064
G1 X115.328 Y109.864 E839.65888
G1 X116.392 Y110.3 E839.69712
G1 X117.5 Y110.438 E839.73426
G1 X117.534 Y110.442 E839.7354
G0 F9000 X117.376 Y109.94
;TYPE:FILL
G1 F952.4 X119.341 Y102.607 E839.9879
G0 F9000 X119.256 Y102.816
G0 X120.723 Y104.291
G0 X120.934 Y104.203
G1 F952.4 X113.597 Y106.168 E840.24053
G0 F9000 X113.827 Y106.137
G0 X114.37 Y104.128
G0 X114.188 Y103.99
G1 F952.4 X119.556 Y109.358 E840.49302
G0 F9000 X119.233 Y108.941
G1 F1500 E833.99302
;MESH:NONMESH
G0 F300 X119.233 Y108.941 Z24.4
G0 F9000 X117.468 Y101.877
G0 X117.318 Y100.795
G0 X117.278 Y99.925
G0 X117.411 Y98.839
G0 X117.408 Y98.356
G0 X117.41 Y98.666
;TIME_ELAPSED:1814.278094
;LAYER:121
;note -- min layer time used
;TYPE:WALL-INNER
;MESH:dubelHinge.stl(1)
G1 F1500 E840.49302
G1 F954.8 X118.438 Y98.521 E840.52755
G1 X119.401 Y98.114 E840.56232
G1 X120.22 Y97.475 E840.59687
G1 X120.849 Y96.641 E840.63162
G1 X121.242 Y95.674 E840.66634
G1 X121.374 Y94.637 E840.7011
G1 X121.228 Y93.61 E840.73561
G1 X120.822 Y92.647 E840.77037
G1 X120.183 Y91.828 E840.80492
G1 X119.348 Y91.2 E840.83967
G1 X118.382 Y90.806 E840.87437
G1 X117.345 Y90.674 E840.90913
G1 X116.318 Y90.82 E840.94364
G1 X115.351 Y91.226 E840.97852
G1 X114.536 Y91.865 E841.01296
G1 X113.906 Y92.7 E841.04775
G1 X113.51 Y93.666 E841.08248
G1 X113.382 Y94.702 E841.1172
G1 X113.528 Y95.73 E841.15173
G1 X113.935 Y96.697 E841.18663
G1 X114.573 Y97.516 E841.22116
G1 X115.407 Y98.145 E841.2559
G1 X116.373 Y98.538 E841.29059
G1 X117.382 Y98.663 E841.3244
G1 X117.41 Y98.666 E841.32534
G0 F9000 X117.414 Y99.07
;TYPE:WALL-OUTER
G1 F954.8 X118.546 Y98.909 E841.36337
G1 X119.605 Y98.462 E841.4016
G1 X120.508 Y97.758 E841.43968
G1 X121.2 Y96.84 E841.47792
G1 X121.632 Y95.776 E841.51611
G1 X121.778 Y94.634 E841.55441
G1 X121.617 Y93.502 E841.59244
G1 X121.17 Y92.443 E841.63067
G1 X120.466 Y91.54 E841.66875
G1 X119.548 Y90.848 E841.70699
G1 X118.484 Y90.416 E841.74518
G1 X117.342 Y90.27 E841.78347
G1 X116.21 Y90.431 E841.8215
G1 X115.147 Y90.878 E841.85986
G1 X114.248 Y91.582 E841.89783
G1 X113.556 Y92.5 E841.93607
G1 X113.12 Y93.564 E841.97432
G1 X112.978 Y94.706 E842.01259
G1 X113.139 Y95.838 E842.05062
G1 X113.587 Y96.901 E842.08899
G1 X114.29 Y97.804 E842.12705
G1 X115.208 Y98.496 E842.16529
G1 X116.271 Y98.928 E842.20345
G1 X117.383 Y99.066 E842.24072
G1 X117.414 Y99.07 E842.24176
G0 F9000 X117.113 Y98.55
;TYPE:FILL
G1 F954.8 X119.087 Y91.181 E842.49549
G0 F9000 X119.002 Y91.39
G0 X120.657 Y93.051
G0 X120.869 Y92.963
G1 F954.8 X113.497 Y94.939 E842.74934
G0 F9000 X113.726 Y94.908
G0 X114.336 Y92.643
G0 X114.154 Y92.504
G1 F954.8 X119.548 Y97.898 E843.00306
G0 F9000 X119.226 Y97.481
G1 F1500 E836.50306
;MESH:dubelHinge.stl
G0 F9000 X117.411 Y98.839
G0 X117.562 Y99.921
G0 X117.601 Y100.791
G0 X117.468 Y101.877
G0 X117.529 Y109.728
G0 X117.53 Y110.038
;TYPE:WALL-INNER
G1 F1500 E843.00306
G1 F954.8 X118.558 Y109.892 E843.03759
G1 X119.525 Y109.485 E843.07249
G1 X120.344 Y108.847 E843.10702
G1 X120.973 Y108.013 E843.14176
G1 X121.366 Y107.047 E843.17645
G1 X121.494 Y106.01 E843.2112
G1 X121.348 Y104.982 E843.24574
G1 X120.942 Y104.015 E843.28062
G1 X120.303 Y103.2 E843.31506
G1 X119.469 Y102.571 E843.34981
G1 X118.502 Y102.178 E843.38453
G1 X117.465 Y102.046 E843.41929
G1 X116.438 Y102.192 E843.4538
G1 X115.475 Y102.598 E843.48856
G1 X114.656 Y103.237 E843.52311
G1 X114.027 Y104.071 E843.55785
G1 X113.634 Y105.038 E843.59257
G1 X113.502 Y106.075 E843.62734
G1 X113.648 Y107.102 E843.66184
G1 X114.054 Y108.065 E843.6966
G1 X114.693 Y108.884 E843.73115
G1 X115.528 Y109.514 E843.76594
G1 X116.494 Y109.91 E843.80066
G1 X117.5 Y110.034 E843.83437
G1 X117.53 Y110.038 E843.83538
G0 F9000 X117.534 Y110.442
;TYPE:WALL-OUTER
G1 F954.8 X118.666 Y110.281 E843.87341
G1 X119.729 Y109.833 E843.91178
G1 X120.632 Y109.13 E843.94984
G1 X121.324 Y108.212 E843.98808
G1 X121.756 Y107.149 E844.02624
G1 X121.898 Y106.006 E844.06455
G1 X121.737 Y104.874 E844.10258
G1 X121.29 Y103.811 E844.14093
G1 X120.586 Y102.912 E844.17891
G1 X119.668 Y102.22 E844.21715
G1 X118.604 Y101.788 E844.25534
G1 X117.462 Y101.642 E844.29363
G1 X116.33 Y101.803 E844.33166
G1 X115.271 Y102.25 E844.36989
G1 X114.368 Y102.954 E844.40798
G1 X113.676 Y103.872 E844.44621
G1 X113.244 Y104.936 E844.48441
G1 X113.098 Y106.078 E844.5227
G1 X113.259 Y107.21 E844.56073
G1 X113.706 Y108.269 E844.59896
G1 X114.41 Y109.172 E844.63704
G1 X115.328 Y109.864 E844.67528
G1 X116.392 Y110.3 E844.71352
G1 X117.5 Y110.438 E844.75066
G1 X117.534 Y110.442 E844.7518
G0 F9000 X117.234 Y109.923
;TYPE:FILL
G1 F954.8 X119.208 Y102.553 E845.00557
G0 F9000 X119.123 Y102.762
G0 X120.778 Y104.422
G0 X120.99 Y104.334
G1 F954.8 X113.617 Y106.31 E845.25945
G0 F9000 X113.847 Y106.279
G0 X114.456 Y104.014
G0 X114.274 Y103.875
G1 F954.8 X119.669 Y109.27 E845.51321
G0 F9000 X119.347 Y108.853
G1 F1500 E839.01321
;MESH:NONMESH
G0 F300 X119.347 Y108.853 Z24.6
G0 F9000 X117.468 Y101.877
G0 X117.318 Y100.795
G0 X117.278 Y99.925
G0 X117.411 Y98.839
G0 X117.408 Y98.356
G0 X117.41 Y98.666
;TIME_ELAPSED:1826.782670
;LAYER:122
;note -- min layer time used
;TYPE:WALL-INNER
;MESH:dubelHinge.stl(1)
G1 F1500 E845.51321
G1 F957 X118.438 Y98.521 E845.54774
G1 X119.401 Y98.114 E845.58251
G1 X120.22 Y97.475 E845.61707
G1 X120.849 Y96.641 E845.65181
G1 X121.242 Y95.674 E845.68653
G1 X121.374 Y94.637 E845.7213
G1 X121.228 Y93.61 E845.7558
G1 X120.822 Y92.647 E845.79056
G1 X120.183 Y91.828 E845.82511
G1 X119.348 Y91.2 E845.85986
G1 X118.382 Y90.806 E845.89456
G1 X117.345 Y90.674 E845.92933
G1 X116.318 Y90.82 E845.96383
G1 X115.351 Y91.226 E845.99871
G1 X114.536 Y91.865 E846.03315
G1 X113.906 Y92.7 E846.06794
G1 X113.51 Y93.666 E846.10267
G1 X113.382 Y94.702 E846.13739
G1 X113.528 Y95.73 E846.17192
G1 X113.935 Y96.697 E846.20682
G1 X114.573 Y97.516 E846.24135
G1 X115.407 Y98.145 E846.27609
G1 X116.373 Y98.538 E846.31078
G1 X117.382 Y98.663 E846.34459
G1 X117.41 Y98.666 E846.34553
G0 F9000 X117.414 Y99.07
;TYPE:WALL-OUTER
G1 F957 X118.546 Y98.909 E846.38356
G1 X119.605 Y98.462 E846.42179
G1 X120.508 Y97.758 E846.45987
G1 X121.2 Y96.84 E846.49811
G1 X121.632 Y95.776 E846.5363
G1 X121.778 Y94.634 E846.5746
G1 X121.617 Y93.502 E846.61263
G1 X121.17 Y92.443 E846.65086
G1 X120.466 Y91.54 E846.68894
G1 X119.548 Y90.848 E846.72718
G1 X118.484 Y90.416 E846.76537
G1 X117.342 Y90.27 E846.80366
G1 X116.21 Y90.431 E846.84169
G1 X115.147 Y90.878 E846.88005
G1 X114.248 Y91.582 E846.91803
G1 X113.556 Y92.5 E846.95626
G1 X113.12 Y93.564 E846.99451
G1 X112.978 Y94.706 E847.03278
G1 X113.139 Y95.838 E847.07081
G1 X113.587 Y96.901 E847.10918
G1 X114.29 Y97.804 E847.14724
G1 X115.208 Y98.496 E847.18548
G1 X116.271 Y98.928 E847.22364
G1 X117.383 Y99.066 E847.26091
G1 X117.414 Y99.07 E847.26195
G0 F9000 X116.972 Y98.532
;TYPE:FILL
G1 F957 X118.956 Y91.128 E847.51689
G0 F9000 X118.871 Y91.337
G0 X120.713 Y93.183
G0 X120.924 Y93.095
G1 F957 X113.516 Y95.08 E847.77198
G0 F9000 X113.746 Y95.049
G0 X114.422 Y92.529
G0 X114.239 Y92.39
G1 F957 X119.659 Y97.81 E848.02692
G0 F9000 X119.338 Y97.394
G1 F1500 E841.52692
;MESH:dubelHinge.stl
G0 F9000 X117.411 Y98.839
G0 X117.562 Y99.921
G0 X117.601 Y100.791
G0 X117.468 Y101.877
G0 X117.529 Y109.728
G0 X117.53 Y110.038
;TYPE:WALL-INNER
G1 F1500 E848.02692
G1 F957 X118.558 Y109.892 E848.06145
G1 X119.525 Y109.485 E848.09635
G1 X120.344 Y108.847 E848.13088
G1 X120.973 Y108.013 E848.16562
G1 X121.366 Y107.047 E848.20031
G1 X121.494 Y106.01 E848.23506
G1 X121.348 Y104.982 E848.26959
G1 X120.942 Y104.015 E848.30448
G1 X120.303 Y103.2 E848.33892
G1 X119.469 Y102.571 E848.37367
G1 X118.502 Y102.178 E848.40838
G1 X117.465 Y102.046 E848.44315
G1 X116.438 Y102.192 E848.47765
G1 X115.475 Y102.598 E848.51241
G1 X114.656 Y103.237 E848.54696
G1 X114.027 Y104.071 E848.58171
G1 X113.634 Y105.038 E848.61642
G1 X113.502 Y106.075 E848.65119
G1 X113.648 Y107.102 E848.6857
G1 X114.054 Y108.065 E848.72046
G1 X114.693 Y108.884 E848.75501
G1 X115.528 Y109.514 E848.7898
G1 X116.494 Y109.91 E848.82452
G1 X117.5 Y110.034 E848.85823
G1 X117.53 Y110.038 E848.85924
G0 F9000 X117.534 Y110.442
;TYPE:WALL-OUTER
G1 F957 X118.666 Y110.281 E848.89727
G1 X119.729 Y109.833 E848.93564
G1 X120.632 Y109.13 E848.9737
G1 X121.324 Y108.212 E849.01193
G1 X121.756 Y107.149 E849.0501
G1 X121.898 Y106.006 E849.08841
G1 X121.737 Y104.874 E849.12644
G1 X121.29 Y103.811 E849.16479
G1 X120.586 Y102.912 E849.20277
G1 X119.668 Y102.22 E849.241
G1 X118.604 Y101.788 E849.2792
G1 X117.462 Y101.642 E849.31749
G1 X116.33 Y101.803 E849.35552
G1 X115.271 Y102.25 E849.39375
G1 X114.368 Y102.954 E849.43183
G1 X113.676 Y103.872 E849.47007
G1 X113.244 Y104.936 E849.50827
G1 X113.098 Y106.078 E849.54656
G1 X113.259 Y107.21 E849.58459
G1 X113.706 Y108.269 E849.62282
G1 X114.41 Y109.172 E849.6609
G1 X115.328 Y109.864 E849.69914
G1 X116.392 Y110.3 E849.73738
G1 X117.5 Y110.438 E849.77452
G1 X117.534 Y110.442 E849.77566
G0 F9000 X117.092 Y109.905
;TYPE:FILL
G1 F957 X119.077 Y102.499 E850.03068
G0 F9000 X118.992 Y102.708
G0 X120.834 Y104.554
G0 X121.045 Y104.466
G1 F957 X113.637 Y106.451 E850.28576
G0 F9000 X113.867 Y106.42
G0 X114.542 Y103.9
G0 X114.36 Y103.762
G1 F957 X119.781 Y109.183 E850.54075
G0 F9000 X119.458 Y108.766
G1 F1500 E844.04075
;MESH:NONMESH
G0 F300 X119.458 Y108.766 Z24.8
G0 F9000 X117.468 Y101.877
G0 X117.318 Y100.795
G0 X117.278 Y99.925
G0 X117.411 Y98.839
G0 X117.408 Y98.356
G0 X117.41 Y98.666
;TIME_ELAPSED:1839.321754
;LAYER:123
;note -- min layer time used
;TYPE:WALL-INNER
;MESH:dubelHinge.stl(1)
G1 F1500 E850.54075
G1 F959.4 X118.438 Y98.521 E850.57528
G1 X119.401 Y98.114 E850.61005
G1 X120.22 Y97.475 E850.6446
G1 X120.849 Y96.641 E850.67934
G1 X121.242 Y95.674 E850.71406
G1 X121.374 Y94.637 E850.74883
G1 X121.228 Y93.61 E850.78333
G1 X120.822 Y92.647 E850.81809
G1 X120.183 Y91.828 E850.85264
G1 X119.348 Y91.2 E850.88739
G1 X118.382 Y90.806 E850.92209
G1 X117.345 Y90.674 E850.95686
G1 X116.318 Y90.82 E850.99136
G1 X115.351 Y91.226 E851.02624
G1 X114.536 Y91.865 E851.06069
G1 X113.906 Y92.7 E851.09548
G1 X113.51 Y93.666 E851.1302
G1 X113.382 Y94.702 E851.16492
G1 X113.528 Y95.73 E851.19946
G1 X113.935 Y96.697 E851.23435
G1 X114.573 Y97.516 E851.26888
G1 X115.407 Y98.145 E851.30363
G1 X116.373 Y98.538 E851.33831
G1 X117.382 Y98.663 E851.37213
G1 X117.41 Y98.666 E851.37306
G0 F9000 X117.414 Y99.07
;TYPE:WALL-OUTER
G1 F959.4 X118.546 Y98.909 E851.41109
G1 X119.605 Y98.462 E851.44933
G1 X120.508 Y97.758 E851.48741
G1 X121.2 Y96.84 E851.52564
G1 X121.632 Y95.776 E851.56384
G1 X121.778 Y94.634 E851.60213
G1 X121.617 Y93.502 E851.64016
G1 X121.17 Y92.443 E851.67839
G1 X120.466 Y91.54 E851.71648
G1 X119.548 Y90.848 E851.75471
G1 X118.484 Y90.416 E851.79291
G1 X117.342 Y90.27 E851.8312
G1 X116.21 Y90.431 E851.86923
G1 X115.147 Y90.878 E851.90758
G1 X114.248 Y91.582 E851.94556
G1 X113.556 Y92.5 E851.9838
G1 X113.12 Y93.564 E852.02204
G1 X112.978 Y94.706 E852.06032
G1 X113.139 Y95.838 E852.09835
G1 X113.587 Y96.901 E852.13671
G1 X114.29 Y97.804 E852.17477
G1 X115.208 Y98.496 E852.21301
G1 X116.271 Y98.928 E852.25117
G1 X117.383 Y99.066 E852.28844
G1 X117.414 Y99.07 E852.28948
G0 F9000 X116.829 Y98.514
;TYPE:FILL
G1 F959.4 X118.823 Y91.073 E852.5457
G0 F9000 X118.738 Y91.282
G0 X120.769 Y93.315
G0 X120.98 Y93.227
G1 F959.4 X113.537 Y95.221 E852.80199
G0 F9000 X113.766 Y95.191
G0 X114.509 Y92.414
G0 X114.326 Y92.275
G1 F959.4 X119.773 Y97.722 E853.0582
G0 F9000 X119.451 Y97.306
G1 F1500 E846.5582
;MESH:dubelHinge.stl
G0 F9000 X117.411 Y98.839
G0 X117.562 Y99.921
G0 X117.601 Y100.791
G0 X117.468 Y101.877
G0 X117.529 Y109.728
G0 X117.53 Y110.038
;TYPE:WALL-INNER
G1 F1500 E853.0582
G1 F959.4 X118.558 Y109.892 E853.09273
G1 X119.525 Y109.485 E853.12763
G1 X120.344 Y108.847 E853.16216
G1 X120.973 Y108.013 E853.1969
G1 X121.366 Y107.047 E853.23159
G1 X121.494 Y106.01 E853.26634
G1 X121.348 Y104.982 E853.30088
G1 X120.942 Y104.015 E853.33576
G1 X120.303 Y103.2 E853.3702
G1 X119.469 Y102.571 E853.40495
G1 X118.502 Y102.178 E853.43966
G1 X117.465 Y102.046 E853.47443
G1 X116.438 Y102.192 E853.50893
G1 X115.475 Y102.598 E853.54369
G1 X114.656 Y103.237 E853.57824
G1 X114.027 Y104.071 E853.61299
G1 X113.634 Y105.038 E853.64771
G1 X113.502 Y106.075 E853.68247
G1 X113.648 Y107.102 E853.71698
G1 X114.054 Y108.065 E853.75174
G1 X114.693 Y108.884 E853.78629
G1 X115.528 Y109.514 E853.82108
G1 X116.494 Y109.91 E853.8558
G1 X117.5 Y110.034 E853.88951
G1 X117.53 Y110.038 E853.89052
G0 F9000 X117.534 Y110.442
;TYPE:WALL-OUTER
G1 F959.4 X118.666 Y110.281 E853.92855
G1 X119.729 Y109.833 E853.96692
G1 X120.632 Y109.13 E854.00498
G1 X121.324 Y108.212 E854.04322
G1 X121.756 Y107.149 E854.08138
G1 X121.898 Y106.006 E854.11969
G1 X121.737 Y104.874 E854.15772
G1 X121.29 Y103.811 E854.19607
G1 X120.586 Y102.912 E854.23405
G1 X119.668 Y102.22 E854.27229
G1 X118.604 Y101.788 E854.31048
G1 X117.462 Y101.642 E854.34877
G1 X116.33 Y101.803 E854.3868
G1 X115.271 Y102.25 E854.42503
G1 X114.368 Y102.954 E854.46312
G1 X113.676 Y103.872 E854.50135
G1 X113.244 Y104.936 E854.53955
G1 X113.098 Y106.078 E854.57784
G1 X113.259 Y107.21 E854.61587
G1 X113.706 Y108.269 E854.6541
G1 X114.41 Y109.172 E854.69218
G1 X115.328 Y109.864 E854.73042
G1 X116.392 Y110.3 E854.76866
G1 X117.5 Y110.438 E854.8058
G1 X117.534 Y110.442 E854.80694
G0 F9000 X116.95 Y109.887
;TYPE:FILL
G1 F959.4 X118.944 Y102.445 E855.06319
G0 F9000 X118.859 Y102.654
G0 X120.89 Y104.686
G0 X121.101 Y104.598
G1 F959.4 X113.657 Y106.592 E855.31951
G0 F9000 X113.886 Y106.561
G0 X114.628 Y103.786
G0 X114.446 Y103.647
G1 F959.4 X119.893 Y109.095 E855.57574
G0 F9000 X119.57 Y108.679
G1 F1500 E849.07574
;MESH:NONMESH
G0 F300 X119.57 Y108.679 Z25
G0 F9000 X117.468 Y101.877
G0 X117.318 Y100.795
G0 X117.278 Y99.925
G0 X117.411 Y98.839
G0 X117.408 Y98.356
G0 X117.41 Y98.666
;TIME_ELAPSED:1851.894399
;LAYER:124
;note -- min layer time used
;TYPE:WALL-INNER
;MESH:dubelHinge.stl(1)
G1 F1500 E855.57574
G1 F961.3 X118.438 Y98.521 E855.61027
G1 X119.401 Y98.114 E855.64504
G1 X120.22 Y97.475 E855.67959
G1 X120.849 Y96.641 E855.71434
G1 X121.242 Y95.674 E855.74906
G1 X121.374 Y94.637 E855.78382
G1 X121.228 Y93.61 E855.81833
G1 X120.822 Y92.647 E855.85309
G1 X120.183 Y91.828 E855.88764
G1 X119.348 Y91.2 E855.92239
G1 X118.382 Y90.806 E855.95709
G1 X117.345 Y90.674 E855.99185
G1 X116.318 Y90.82 E856.02636
G1 X115.351 Y91.226 E856.06124
G1 X114.536 Y91.865 E856.09568
G1 X113.906 Y92.7 E856.13047
G1 X113.51 Y93.666 E856.1652
G1 X113.382 Y94.702 E856.19992
G1 X113.528 Y95.73 E856.23445
G1 X113.935 Y96.697 E856.26935
G1 X114.573 Y97.516 E856.30388
G1 X115.407 Y98.145 E856.33862
G1 X116.373 Y98.538 E856.37331
G1 X117.382 Y98.663 E856.40712
G1 X117.41 Y98.666 E856.40806
G0 F9000 X117.414 Y99.07
;TYPE:WALL-OUTER
G1 F961.3 X118.546 Y98.909 E856.44609
G1 X119.605 Y98.462 E856.48432
G1 X120.508 Y97.758 E856.5224
G1 X121.2 Y96.84 E856.56064
G1 X121.632 Y95.776 E856.59883
G1 X121.778 Y94.634 E856.63713
G1 X121.617 Y93.502 E856.67516
G1 X121.17 Y92.443 E856.71339
G1 X120.466 Y91.54 E856.75147
G1 X119.548 Y90.848 E856.78971
G1 X118.484 Y90.416 E856.8279
G1 X117.342 Y90.27 E856.86619
G1 X116.21 Y90.431 E856.90422
G1 X115.147 Y90.878 E856.94258
G1 X114.248 Y91.582 E856.98055
G1 X113.556 Y92.5 E857.01879
G1 X113.12 Y93.564 E857.05704
G1 X112.978 Y94.706 E857.09531
G1 X113.139 Y95.838 E857.13334
G1 X113.587 Y96.901 E857.17171
G1 X114.29 Y97.804 E857.20977
G1 X115.208 Y98.496 E857.24801
G1 X116.271 Y98.928 E857.28617
G1 X117.383 Y99.066 E857.32344
G1 X117.414 Y99.07 E857.32448
G0 F9000 X116.688 Y98.496
;TYPE:FILL
G1 F961.3 X118.692 Y91.02 E857.58191
G0 F9000 X118.607 Y91.229
G0 X120.825 Y93.446
G0 X121.036 Y93.358
G1 F961.3 X113.557 Y95.362 E857.83944
G0 F9000 X113.785 Y95.332
G0 X114.594 Y92.301
G0 X114.411 Y92.161
G1 F961.3 X119.884 Y97.634 E858.09687
G0 F9000 X119.563 Y97.219
G1 F1500 E851.59687
;MESH:dubelHinge.stl
G0 F9000 X118.486 Y98.689
G0 X118.637 Y99.772
G0 X118.215 Y100.867
G0 X118.082 Y101.953
G0 X117.529 Y109.728
G0 X117.53 Y110.038
;TYPE:WALL-INNER
G1 F1500 E858.09687
G1 F961.3 X118.558 Y109.892 E858.1314
G1 X119.525 Y109.485 E858.1663
G1 X120.344 Y108.847 E858.20083
G1 X120.973 Y108.013 E858.23557
G1 X121.366 Y107.047 E858.27026
G1 X121.494 Y106.01 E858.30501
G1 X121.348 Y104.982 E858.33955
G1 X120.942 Y104.015 E858.37443
G1 X120.303 Y103.2 E858.40887
G1 X119.469 Y102.571 E858.44362
G1 X118.502 Y102.178 E858.47834
G1 X117.465 Y102.046 E858.5131
G1 X116.438 Y102.192 E858.54761
G1 X115.475 Y102.598 E858.58237
G1 X114.656 Y103.237 E858.61692
G1 X114.027 Y104.071 E858.65166
G1 X113.634 Y105.038 E858.68638
G1 X113.502 Y106.075 E858.72115
G1 X113.648 Y107.102 E858.75565
G1 X114.054 Y108.065 E858.79041
G1 X114.693 Y108.884 E858.82496
G1 X115.528 Y109.514 E858.85975
G1 X116.494 Y109.91 E858.89447
G1 X117.5 Y110.034 E858.92819
G1 X117.53 Y110.038 E858.92919
G0 F9000 X117.534 Y110.442
;TYPE:WALL-OUTER
G1 F961.3 X118.666 Y110.281 E858.96722
G1 X119.729 Y109.833 E859.00559
G1 X120.632 Y109.13 E859.04365
G1 X121.324 Y108.212 E859.08189
G1 X121.756 Y107.149 E859.12005
G1 X121.898 Y106.006 E859.15836
G1 X121.737 Y104.874 E859.19639
G1 X121.29 Y103.811 E859.23474
G1 X120.586 Y102.912 E859.27272
G1 X119.668 Y102.22 E859.31096
G1 X118.604 Y101.788 E859.34915
G1 X117.462 Y101.642 E859.38744
G1 X116.33 Y101.803 E859.42547
G1 X115.271 Y102.25 E859.4637
G1 X114.368 Y102.954 E859.50179
G1 X113.676 Y103.872 E859.54002
G1 X113.244 Y104.936 E859.57822
G1 X113.098 Y106.078 E859.61651
G1 X113.259 Y107.21 E859.65454
G1 X113.706 Y108.269 E859.69277
G1 X114.41 Y109.172 E859.73085
G1 X115.328 Y109.864 E859.76909
G1 X116.392 Y110.3 E859.80733
G1 X117.5 Y110.438 E859.84447
G1 X117.534 Y110.442 E859.84561
G0 F9000 X116.809 Y109.869
;TYPE:FILL
G1 F961.3 X118.813 Y102.391 E860.10311
G0 F9000 X118.727 Y102.601
G0 X120.945 Y104.816
G0 X121.156 Y104.729
G1 F961.3 X113.677 Y106.733 E860.36063
G0 F9000 X113.906 Y106.702
G0 X114.714 Y103.672
G0 X114.531 Y103.533
G1 F961.3 X120.006 Y109.008 E860.61816
G0 F9000 X119.684 Y108.591
G1 F1500 E854.11816
;MESH:NONMESH
G0 F300 X119.684 Y108.591 Z25.2
G0 F9000 X117.468 Y101.877
G0 X117.318 Y100.795
G0 X117.278 Y99.925
G0 X117.411 Y98.839
G0 X117.408 Y98.356
G0 X117.41 Y98.666
;TIME_ELAPSED:1864.497185
;LAYER:125
;note -- min layer time used
;TYPE:WALL-INNER
;MESH:dubelHinge.stl(1)
G1 F1500 E860.61816
G1 F964.7 X118.438 Y98.521 E860.65269
G1 X119.401 Y98.114 E860.68746
G1 X120.22 Y97.475 E860.72201
G1 X120.849 Y96.641 E860.75676
G1 X121.242 Y95.674 E860.79147
G1 X121.374 Y94.637 E860.82624
G1 X121.228 Y93.61 E860.86074
G1 X120.822 Y92.647 E860.8955
G1 X120.183 Y91.828 E860.93005
G1 X119.348 Y91.2 E860.9648
G1 X118.382 Y90.806 E860.9995
G1 X117.345 Y90.674 E861.03427
G1 X116.318 Y90.82 E861.06877
G1 X115.351 Y91.226 E861.10366
G1 X114.536 Y91.865 E861.1381
G1 X113.906 Y92.7 E861.17289
G1 X113.51 Y93.666 E861.20762
G1 X113.382 Y94.702 E861.24234
G1 X113.528 Y95.73 E861.27687
G1 X113.935 Y96.697 E861.31177
G1 X114.573 Y97.516 E861.3463
G1 X115.407 Y98.145 E861.38104
G1 X116.373 Y98.538 E861.41573
G1 X117.382 Y98.663 E861.44954
G1 X117.41 Y98.666 E861.45048
G0 F9000 X117.414 Y99.07
;TYPE:WALL-OUTER
G1 F964.7 X118.546 Y98.909 E861.48851
G1 X119.605 Y98.462 E861.52674
G1 X120.508 Y97.758 E861.56482
G1 X121.2 Y96.84 E861.60306
G1 X121.632 Y95.776 E861.64125
G1 X121.778 Y94.634 E861.67954
G1 X121.617 Y93.502 E861.71757
G1 X121.17 Y92.443 E861.75581
G1 X120.466 Y91.54 E861.79389
G1 X119.548 Y90.848 E861.83212
G1 X118.484 Y90.416 E861.87032
G1 X117.342 Y90.27 E861.90861
G1 X116.21 Y90.431 E861.94664
G1 X115.147 Y90.878 E861.985
G1 X114.248 Y91.582 E862.02297
G1 X113.556 Y92.5 E862.06121
G1 X113.12 Y93.564 E862.09945
G1 X112.978 Y94.706 E862.13773
G1 X113.139 Y95.838 E862.17576
G1 X113.587 Y96.901 E862.21413
G1 X114.29 Y97.804 E862.25219
G1 X115.208 Y98.496 E862.29042
G1 X116.271 Y98.928 E862.32859
G1 X117.383 Y99.066 E862.36586
G1 X117.414 Y99.07 E862.3669
G0 F9000 X117.408 Y98.356
G0 X116.575 Y98.251
G0 X116.546 Y98.479
;TYPE:FILL
G1 F964.7 X118.559 Y90.965 E862.62563
G0 F9000 X118.473 Y91.175
G0 X120.88 Y93.578
G0 X121.091 Y93.49
G1 F964.7 X113.577 Y95.503 E862.88436
G0 F9000 X113.805 Y95.473
G0 X114.681 Y92.186
G0 X114.498 Y92.047
G1 F964.7 X119.997 Y97.547 E863.14304
G0 F9000 X119.676 Y97.131
G1 F1500 E856.64304
;MESH:dubelHinge.stl
G0 F9000 X118.486 Y98.689
G0 X118.637 Y99.772
G0 X118.215 Y100.867
G0 X118.082 Y101.953
G0 X117.529 Y109.728
G0 X117.53 Y110.038
;TYPE:WALL-INNER
G1 F1500 E863.14304
G1 F964.7 X118.558 Y109.892 E863.17757
G1 X119.525 Y109.485 E863.21247
G1 X120.344 Y108.847 E863.24699
G1 X120.973 Y108.013 E863.28174
G1 X121.366 Y107.047 E863.31642
G1 X121.494 Y106.01 E863.35118
G1 X121.348 Y104.982 E863.38571
G1 X120.942 Y104.015 E863.42059
G1 X120.303 Y103.2 E863.45504
G1 X119.469 Y102.571 E863.48978
G1 X118.502 Y102.178 E863.5245
G1 X117.465 Y102.046 E863.55927
G1 X116.438 Y102.192 E863.59377
G1 X115.475 Y102.598 E863.62853
G1 X114.656 Y103.237 E863.66308
G1 X114.027 Y104.071 E863.69782
G1 X113.634 Y105.038 E863.73254
G1 X113.502 Y106.075 E863.76731
G1 X113.648 Y107.102 E863.80181
G1 X114.054 Y108.065 E863.83657
G1 X114.693 Y108.884 E863.87112
G1 X115.528 Y109.514 E863.90591
G1 X116.494 Y109.91 E863.94064
G1 X117.5 Y110.034 E863.97435
G1 X117.53 Y110.038 E863.97536
G0 F9000 X117.534 Y110.442
;TYPE:WALL-OUTER
G1 F964.7 X118.666 Y110.281 E864.01339
G1 X119.729 Y109.833 E864.05175
G1 X120.632 Y109.13 E864.08982
G1 X121.324 Y108.212 E864.12805
G1 X121.756 Y107.149 E864.16622
G1 X121.898 Y106.006 E864.20452
G1 X121.737 Y104.874 E864.24255
G1 X121.29 Y103.811 E864.28091
G1 X120.586 Y102.912 E864.31889
G1 X119.668 Y102.22 E864.35712
G1 X118.604 Y101.788 E864.39532
G1 X117.462 Y101.642 E864.43361
G1 X116.33 Y101.803 E864.47164
G1 X115.271 Y102.25 E864.50987
G1 X114.368 Y102.954 E864.54795
G1 X113.676 Y103.872 E864.58619
G1 X113.244 Y104.936 E864.62438
G1 X113.098 Y106.078 E864.66267
G1 X113.259 Y107.21 E864.7007
G1 X113.706 Y108.269 E864.73894
G1 X114.41 Y109.172 E864.77702
G1 X115.328 Y109.864 E864.81525
G1 X116.392 Y110.3 E864.8535
G1 X117.5 Y110.438 E864.89064
G1 X117.534 Y110.442 E864.89177
G0 F9000 X117.529 Y109.728
G0 X116.696 Y109.624
G0 X116.667 Y109.852
;TYPE:FILL
G1 F964.7 X118.68 Y102.337 E865.15054
G0 F9000 X118.594 Y102.547
G0 X121.001 Y104.949
G0 X121.212 Y104.861
G1 F964.7 X113.697 Y106.875 E865.40931
G0 F9000 X113.926 Y106.845
G0 X114.8 Y103.558
G0 X114.618 Y103.419
G1 F964.7 X120.118 Y108.919 E865.66801
G0 F9000 X119.797 Y108.503
G1 F1500 E859.16801
;MESH:NONMESH
G0 F300 X119.797 Y108.503 Z25.4
G0 F9000 X117.468 Y101.877
G0 X117.318 Y100.795
G0 X117.278 Y99.925
G0 X117.411 Y98.839
G0 X117.408 Y98.356
G0 X117.41 Y98.666
;TIME_ELAPSED:1877.250934
;LAYER:126
;note -- min layer time used
;TYPE:WALL-INNER
;MESH:dubelHinge.stl(1)
G1 F1500 E865.66801
G1 F967 X118.438 Y98.521 E865.70254
G1 X119.401 Y98.114 E865.73731
G1 X120.22 Y97.475 E865.77186
G1 X120.849 Y96.641 E865.80661
G1 X121.242 Y95.674 E865.84132
G1 X121.374 Y94.637 E865.87609
G1 X121.228 Y93.61 E865.91059
G1 X120.822 Y92.647 E865.94535
G1 X120.183 Y91.828 E865.9799
G1 X119.348 Y91.2 E866.01465
G1 X118.382 Y90.806 E866.04935
G1 X117.345 Y90.674 E866.08412
G1 X116.318 Y90.82 E866.11862
G1 X115.351 Y91.226 E866.15351
G1 X114.536 Y91.865 E866.18795
G1 X113.906 Y92.7 E866.22274
G1 X113.51 Y93.666 E866.25747
G1 X113.382 Y94.702 E866.29219
G1 X113.528 Y95.73 E866.32672
G1 X113.935 Y96.697 E866.36162
G1 X114.573 Y97.516 E866.39615
G1 X115.407 Y98.145 E866.43089
G1 X116.373 Y98.538 E866.46558
G1 X117.382 Y98.663 E866.49939
G1 X117.41 Y98.666 E866.50033
G0 F9000 X117.414 Y99.07
;TYPE:WALL-OUTER
G1 F967 X118.546 Y98.909 E866.53836
G1 X119.605 Y98.462 E866.57659
G1 X120.508 Y97.758 E866.61467
G1 X121.2 Y96.84 E866.65291
G1 X121.632 Y95.776 E866.6911
G1 X121.778 Y94.634 E866.72939
G1 X121.617 Y93.502 E866.76742
G1 X121.17 Y92.443 E866.80566
G1 X120.466 Y91.54 E866.84374
G1 X119.548 Y90.848 E866.88197
G1 X118.484 Y90.416 E866.92017
G1 X117.342 Y90.27 E866.95846
G1 X116.21 Y90.431 E866.99649
G1 X115.147 Y90.878 E867.03484
G1 X114.248 Y91.582 E867.07282
G1 X113.556 Y92.5 E867.11106
G1 X113.12 Y93.564 E867.1493
G1 X112.978 Y94.706 E867.18758
G1 X113.139 Y95.838 E867.22561
G1 X113.587 Y96.901 E867.26398
G1 X114.29 Y97.804 E867.30204
G1 X115.208 Y98.496 E867.34027
G1 X116.271 Y98.928 E867.37844
G1 X117.383 Y99.066 E867.41571
G1 X117.414 Y99.07 E867.41675
G0 F9000 X117.408 Y98.356
G0 X116.452 Y98.237
G0 X116.405 Y98.462
;TYPE:FILL
G1 F967 X118.428 Y90.912 E867.67672
G0 F9000 X118.342 Y91.122
G0 X120.93 Y93.692
G0 X121.147 Y93.621
G1 F967 X113.596 Y95.644 E867.93672
G0 F9000 X113.825 Y95.614
G0 X114.755 Y92.088
G0 X114.584 Y91.934
G1 F967 X120.109 Y97.459 E868.1966
G0 F9000 X119.788 Y97.043
G1 F1500 E861.6966
;MESH:dubelHinge.stl
G0 F9000 X118.486 Y98.689
G0 X118.637 Y99.772
G0 X118.215 Y100.867
G0 X118.082 Y101.953
G0 X117.529 Y109.728
G0 X117.53 Y110.038
;TYPE:WALL-INNER
G1 F1500 E868.1966
G1 F967 X118.558 Y109.892 E868.23114
G1 X119.525 Y109.485 E868.26603
G1 X120.344 Y108.847 E868.30056
G1 X120.973 Y108.013 E868.33531
G1 X121.366 Y107.047 E868.36999
G1 X121.494 Y106.01 E868.40474
G1 X121.348 Y104.982 E868.43928
G1 X120.942 Y104.015 E868.47416
G1 X120.303 Y103.2 E868.50861
G1 X119.469 Y102.571 E868.54335
G1 X118.502 Y102.178 E868.57807
G1 X117.465 Y102.046 E868.61284
G1 X116.438 Y102.192 E868.64734
G1 X115.475 Y102.598 E868.6821
G1 X114.656 Y103.237 E868.71665
G1 X114.027 Y104.071 E868.75139
G1 X113.634 Y105.038 E868.78611
G1 X113.502 Y106.075 E868.82088
G1 X113.648 Y107.102 E868.85538
G1 X114.054 Y108.065 E868.89014
G1 X114.693 Y108.884 E868.92469
G1 X115.528 Y109.514 E868.95948
G1 X116.494 Y109.91 E868.9942
G1 X117.5 Y110.034 E869.02792
G1 X117.53 Y110.038 E869.02892
G0 F9000 X117.534 Y110.442
;TYPE:WALL-OUTER
G1 F967 X118.666 Y110.281 E869.06695
G1 X119.729 Y109.833 E869.10532
G1 X120.632 Y109.13 E869.14338
G1 X121.324 Y108.212 E869.18162
G1 X121.756 Y107.149 E869.21978
G1 X121.898 Y106.006 E869.25809
G1 X121.737 Y104.874 E869.29612
G1 X121.29 Y103.811 E869.33447
G1 X120.586 Y102.912 E869.37245
G1 X119.668 Y102.22 E869.41069
G1 X118.604 Y101.788 E869.44888
G1 X117.462 Y101.642 E869.48717
G1 X116.33 Y101.803 E869.5252
G1 X115.271 Y102.25 E869.56344
G1 X114.368 Y102.954 E869.60152
G1 X113.676 Y103.872 E869.63975
G1 X113.244 Y104.936 E869.67795
G1 X113.098 Y106.078 E869.71624
G1 X113.259 Y107.21 E869.75427
G1 X113.706 Y108.269 E869.7925
G1 X114.41 Y109.172 E869.83059
G1 X115.328 Y109.864 E869.86882
G1 X116.392 Y110.3 E869.90707
G1 X117.5 Y110.438 E869.9442
G1 X117.534 Y110.442 E869.94534
G0 F9000 X117.529 Y109.728
G0 X116.571 Y109.609
G0 X116.525 Y109.834
;TYPE:FILL
G1 F967 X118.549 Y102.283 E870.20535
G0 F9000 X118.463 Y102.494
G0 X121.051 Y105.063
G0 X121.267 Y104.992
G1 F967 X113.716 Y107.015 E870.46536
G0 F9000 X113.945 Y106.984
G0 X114.874 Y103.46
G0 X114.704 Y103.305
G1 F967 X120.231 Y108.832 E870.72533
G0 F9000 X119.909 Y108.416
G1 F1500 E864.22533
;MESH:NONMESH
G0 F300 X119.909 Y108.416 Z25.6
G0 F9000 X117.468 Y101.877
G0 X117.318 Y100.795
G0 X117.278 Y99.925
G0 X117.411 Y98.839
G0 X117.408 Y98.356
G0 X117.41 Y98.666
;TIME_ELAPSED:1890.031975
;LAYER:127
;note -- min layer time used
;TYPE:WALL-INNER
;MESH:dubelHinge.stl(1)
G1 F1500 E870.72533
G1 F967.4 X118.438 Y98.521 E870.75986
G1 X119.401 Y98.114 E870.79463
G1 X120.22 Y97.475 E870.82918
G1 X120.849 Y96.641 E870.86393
G1 X121.242 Y95.674 E870.89865
G1 X121.374 Y94.637 E870.93341
G1 X121.228 Y93.61 E870.96792
G1 X120.822 Y92.647 E871.00268
G1 X120.183 Y91.828 E871.03723
G1 X119.348 Y91.2 E871.07198
G1 X118.382 Y90.806 E871.10668
G1 X117.345 Y90.674 E871.14144
G1 X116.318 Y90.82 E871.17595
G1 X115.351 Y91.226 E871.21083
G1 X114.536 Y91.865 E871.24527
G1 X113.906 Y92.7 E871.28006
G1 X113.51 Y93.666 E871.31479
G1 X113.382 Y94.702 E871.34951
G1 X113.528 Y95.73 E871.38404
G1 X113.935 Y96.697 E871.41894
G1 X114.573 Y97.516 E871.45347
G1 X115.407 Y98.145 E871.48821
G1 X116.373 Y98.538 E871.5229
G1 X117.382 Y98.663 E871.55671
G1 X117.41 Y98.666 E871.55765
G0 F9000 X117.414 Y99.07
;TYPE:WALL-OUTER
G1 F967.4 X118.546 Y98.909 E871.59568
G1 X119.605 Y98.462 E871.63391
G1 X120.508 Y97.758 E871.67199
G1 X121.2 Y96.84 E871.71023
G1 X121.632 Y95.776 E871.74842
G1 X121.778 Y94.634 E871.78672
G1 X121.617 Y93.502 E871.82475
G1 X121.17 Y92.443 E871.86298
G1 X120.466 Y91.54 E871.90106
G1 X119.548 Y90.848 E871.9393
G1 X118.484 Y90.416 E871.97749
G1 X117.342 Y90.27 E872.01578
G1 X116.21 Y90.431 E872.05381
G1 X115.147 Y90.878 E872.09217
G1 X114.248 Y91.582 E872.13014
G1 X113.556 Y92.5 E872.16838
G1 X113.12 Y93.564 E872.20663
G1 X112.978 Y94.706 E872.2449
G1 X113.139 Y95.838 E872.28293
G1 X113.587 Y96.901 E872.3213
G1 X114.29 Y97.804 E872.35936
G1 X115.208 Y98.496 E872.3976
G1 X116.271 Y98.928 E872.43576
G1 X117.383 Y99.066 E872.47303
G1 X117.414 Y99.07 E872.47407
G0 F9000 X117.408 Y98.356
G0 X116.359 Y98.199
G0 X116.273 Y98.41
;TYPE:FILL
G1 F967.4 X118.292 Y90.875 E872.73352
G0 F9000 X118.263 Y91.103
G0 X114.834 Y92.026
G0 X114.693 Y91.844
G1 F967.4 X120.208 Y97.359 E872.99293
G0 F9000 X120.029 Y97.223
G0 X120.942 Y93.791
G0 X121.169 Y93.761
G1 F967.4 X113.635 Y95.78 E873.25236
G0 F9000 X114.123 Y95.574
G1 F1500 E866.75236
;MESH:dubelHinge.stl
G0 F9000 X115.321 Y98.296
G0 X114.91 Y99.31
G0 X115.967 Y101.019
G0 X116.394 Y102.026
G0 X117.529 Y109.728
G0 X117.53 Y110.038
;TYPE:WALL-INNER
G1 F1500 E873.25236
G1 F967.4 X118.558 Y109.892 E873.28689
G1 X119.525 Y109.485 E873.32179
G1 X120.344 Y108.847 E873.35632
G1 X120.973 Y108.013 E873.39106
G1 X121.366 Y107.047 E873.42575
G1 X121.494 Y106.01 E873.4605
G1 X121.348 Y104.982 E873.49503
G1 X120.942 Y104.015 E873.52992
G1 X120.303 Y103.2 E873.56436
G1 X119.469 Y102.571 E873.5991
G1 X118.502 Y102.178 E873.63382
G1 X117.465 Y102.046 E873.66859
G1 X116.438 Y102.192 E873.70309
G1 X115.475 Y102.598 E873.73785
G1 X114.656 Y103.237 E873.7724
G1 X114.027 Y104.071 E873.80715
G1 X113.634 Y105.038 E873.84186
G1 X113.502 Y106.075 E873.87663
G1 X113.648 Y107.102 E873.91113
G1 X114.054 Y108.065 E873.94589
G1 X114.693 Y108.884 E873.98044
G1 X115.528 Y109.514 E874.01523
G1 X116.494 Y109.91 E874.04996
G1 X117.5 Y110.034 E874.08367
G1 X117.53 Y110.038 E874.08468
G0 F9000 X117.534 Y110.442
;TYPE:WALL-OUTER
G1 F967.4 X118.666 Y110.281 E874.12271
G1 X119.729 Y109.833 E874.16107
G1 X120.632 Y109.13 E874.19914
G1 X121.324 Y108.212 E874.23737
G1 X121.756 Y107.149 E874.27554
G1 X121.898 Y106.006 E874.31385
G1 X121.737 Y104.874 E874.35187
G1 X121.29 Y103.811 E874.39023
G1 X120.586 Y102.912 E874.42821
G1 X119.668 Y102.22 E874.46644
G1 X118.604 Y101.788 E874.50464
G1 X117.462 Y101.642 E874.54293
G1 X116.33 Y101.803 E874.58096
G1 X115.271 Y102.25 E874.61919
G1 X114.368 Y102.954 E874.65727
G1 X113.676 Y103.872 E874.69551
G1 X113.244 Y104.936 E874.7337
G1 X113.098 Y106.078 E874.772
G1 X113.259 Y107.21 E874.81003
G1 X113.706 Y108.269 E874.84826
G1 X114.41 Y109.172 E874.88634
G1 X115.328 Y109.864 E874.92458
G1 X116.392 Y110.3 E874.96282
G1 X117.5 Y110.438 E874.99996
G1 X117.534 Y110.442 E875.0011
G0 F9000 X117.529 Y109.728
G0 X116.479 Y109.571
G0 X116.393 Y109.783
;TYPE:FILL
G1 F967.4 X118.413 Y102.246 E875.26062
G0 F9000 X118.384 Y102.475
G0 X114.955 Y103.398
G0 X114.814 Y103.216
G1 F967.4 X120.33 Y108.732 E875.52008
G0 F9000 X120.15 Y108.595
G0 X121.063 Y105.162
G0 X121.289 Y105.132
G1 F967.4 X113.755 Y107.151 E875.7795
G0 F9000 X114.243 Y106.947
G1 F1500 E869.2795
;MESH:NONMESH
G0 F300 X114.243 Y106.947 Z25.8
G0 F9000 X117.468 Y101.877
G0 X117.318 Y100.795
G0 X117.278 Y99.925
G0 X117.411 Y98.839
G0 X117.408 Y98.356
G0 X117.41 Y98.666
;TIME_ELAPSED:1902.914957
;LAYER:128
;note -- min layer time used
;TYPE:WALL-INNER
;MESH:dubelHinge.stl(1)
G1 F1500 E875.7795
G1 F964.5 X118.438 Y98.521 E875.81403
G1 X119.401 Y98.114 E875.84881
G1 X120.22 Y97.475 E875.88336
G1 X120.849 Y96.641 E875.9181
G1 X121.242 Y95.674 E875.95282
G1 X121.374 Y94.637 E875.98759
G1 X121.228 Y93.61 E876.02209
G1 X120.822 Y92.647 E876.05685
G1 X120.183 Y91.828 E876.0914
G1 X119.348 Y91.2 E876.12615
G1 X118.382 Y90.806 E876.16085
G1 X117.345 Y90.674 E876.19562
G1 X116.318 Y90.82 E876.23012
G1 X115.351 Y91.226 E876.265
G1 X114.536 Y91.865 E876.29945
G1 X113.906 Y92.7 E876.33424
G1 X113.51 Y93.666 E876.36896
G1 X113.382 Y94.702 E876.40368
G1 X113.528 Y95.73 E876.43821
G1 X113.935 Y96.697 E876.47311
G1 X114.573 Y97.516 E876.50764
G1 X115.407 Y98.145 E876.54238
G1 X116.373 Y98.538 E876.57707
G1 X117.382 Y98.663 E876.61089
G1 X117.41 Y98.666 E876.61182
G0 F9000 X117.414 Y99.07
;TYPE:WALL-OUTER
G1 F964.5 X118.546 Y98.909 E876.64985
G1 X119.605 Y98.462 E876.68808
G1 X120.508 Y97.758 E876.72617
G1 X121.2 Y96.84 E876.7644
G1 X121.632 Y95.776 E876.8026
G1 X121.778 Y94.634 E876.84089
G1 X121.617 Y93.502 E876.87892
G1 X121.17 Y92.443 E876.91715
G1 X120.466 Y91.54 E876.95523
G1 X119.548 Y90.848 E876.99347
G1 X118.484 Y90.416 E877.03166
G1 X117.342 Y90.27 E877.06996
G1 X116.21 Y90.431 E877.10798
G1 X115.147 Y90.878 E877.14634
G1 X114.248 Y91.582 E877.18432
G1 X113.556 Y92.5 E877.22255
G1 X113.12 Y93.564 E877.2608
G1 X112.978 Y94.706 E877.29907
G1 X113.139 Y95.838 E877.3371
G1 X113.587 Y96.901 E877.37547
G1 X114.29 Y97.804 E877.41353
G1 X115.208 Y98.496 E877.45177
G1 X116.271 Y98.928 E877.48993
G1 X117.383 Y99.066 E877.5272
G1 X117.414 Y99.07 E877.52824
G0 F9000 X117.408 Y98.356
G0 X116.226 Y98.145
G0 X116.14 Y98.357
;TYPE:FILL
G1 F964.5 X118.15 Y90.856 E877.78653
G0 F9000 X118.121 Y91.085
G0 X114.947 Y91.938
G0 X114.806 Y91.756
G1 F964.5 X120.294 Y97.244 E878.04467
G0 F9000 X120.116 Y97.108
G0 X120.962 Y93.933
G0 X121.188 Y93.903
G1 F964.5 X113.691 Y95.912 E878.30281
G0 F9000 X114.179 Y95.706
G1 F1500 E871.80281
;MESH:dubelHinge.stl
G0 F9000 X115.321 Y98.296
G0 X114.91 Y99.31
G0 X115.967 Y101.019
G0 X116.394 Y102.026
G0 X117.529 Y109.728
G0 X117.53 Y110.038
;TYPE:WALL-INNER
G1 F1500 E878.30281
G1 F964.5 X118.558 Y109.892 E878.33735
G1 X119.525 Y109.485 E878.37224
G1 X120.344 Y108.847 E878.40677
G1 X120.973 Y108.013 E878.44152
G1 X121.366 Y107.047 E878.4762
G1 X121.494 Y106.01 E878.51096
G1 X121.348 Y104.982 E878.54549
G1 X120.942 Y104.015 E878.58037
G1 X120.303 Y103.2 E878.61482
G1 X119.469 Y102.571 E878.64956
G1 X118.502 Y102.178 E878.68428
G1 X117.465 Y102.046 E878.71905
G1 X116.438 Y102.192 E878.75355
G1 X115.475 Y102.598 E878.78831
G1 X114.656 Y103.237 E878.82286
G1 X114.027 Y104.071 E878.8576
G1 X113.634 Y105.038 E878.89232
G1 X113.502 Y106.075 E878.92709
G1 X113.648 Y107.102 E878.96159
G1 X114.054 Y108.065 E878.99635
G1 X114.693 Y108.884 E879.0309
G1 X115.528 Y109.514 E879.06569
G1 X116.494 Y109.91 E879.10042
G1 X117.5 Y110.034 E879.13413
G1 X117.53 Y110.038 E879.13514
G0 F9000 X117.534 Y110.442
;TYPE:WALL-OUTER
G1 F964.5 X118.666 Y110.281 E879.17317
G1 X119.729 Y109.833 E879.21153
G1 X120.632 Y109.13 E879.24959
G1 X121.324 Y108.212 E879.28783
G1 X121.756 Y107.149 E879.32599
G1 X121.898 Y106.006 E879.3643
G1 X121.737 Y104.874 E879.40233
G1 X121.29 Y103.811 E879.44069
G1 X120.586 Y102.912 E879.47866
G1 X119.668 Y102.22 E879.5169
G1 X118.604 Y101.788 E879.55509
G1 X117.462 Y101.642 E879.59339
G1 X116.33 Y101.803 E879.63142
G1 X115.271 Y102.25 E879.66965
G1 X114.368 Y102.954 E879.70773
G1 X113.676 Y103.872 E879.74597
G1 X113.244 Y104.936 E879.78416
G1 X113.098 Y106.078 E879.82245
G1 X113.259 Y107.21 E879.86048
G1 X113.706 Y108.269 E879.89871
G1 X114.41 Y109.172 E879.9368
G1 X115.328 Y109.864 E879.97503
G1 X116.392 Y110.3 E880.01328
G1 X117.5 Y110.438 E880.05042
G1 X117.534 Y110.442 E880.05155
G0 F9000 X117.529 Y109.728
G0 X116.347 Y109.517
G0 X116.261 Y109.728
;TYPE:FILL
G1 F964.5 X118.27 Y102.229 E880.30977
G0 F9000 X118.241 Y102.457
G0 X115.068 Y103.31
G0 X114.927 Y103.128
G1 F964.5 X120.417 Y108.618 E880.568
G0 F9000 X120.236 Y108.48
G0 X121.083 Y105.304
G0 X121.308 Y105.274
G1 F964.5 X113.811 Y107.283 E880.82615
G0 F9000 X114.299 Y107.079
G1 F1500 E874.32615
;MESH:NONMESH
G0 F300 X114.299 Y107.079 Z26
G0 F9000 X117.468 Y101.877
G0 X117.318 Y100.795
G0 X117.278 Y99.925
G0 X117.411 Y98.839
G0 X117.408 Y98.356
G0 X117.41 Y98.666
;TIME_ELAPSED:1915.794002
;LAYER:129
;note -- min layer time used
;TYPE:WALL-INNER
;MESH:dubelHinge.stl(1)
G1 F1500 E880.82615
G1 F962.5 X118.438 Y98.521 E880.86068
G1 X119.401 Y98.114 E880.89545
G1 X120.22 Y97.475 E880.93
G1 X120.849 Y96.641 E880.96475
G1 X121.242 Y95.674 E880.99946
G1 X121.374 Y94.637 E881.03423
G1 X121.228 Y93.61 E881.06873
G1 X120.822 Y92.647 E881.10349
G1 X120.183 Y91.828 E881.13804
G1 X119.348 Y91.2 E881.17279
G1 X118.382 Y90.806 E881.20749
G1 X117.345 Y90.674 E881.24226
G1 X116.318 Y90.82 E881.27676
G1 X115.351 Y91.226 E881.31165
G1 X114.536 Y91.865 E881.34609
G1 X113.906 Y92.7 E881.38088
G1 X113.51 Y93.666 E881.41561
G1 X113.382 Y94.702 E881.45032
G1 X113.528 Y95.73 E881.48486
G1 X113.935 Y96.697 E881.51975
G1 X114.573 Y97.516 E881.55428
G1 X115.407 Y98.145 E881.58903
G1 X116.373 Y98.538 E881.62371
G1 X117.382 Y98.663 E881.65753
G1 X117.41 Y98.666 E881.65847
G0 F9000 X117.414 Y99.07
;TYPE:WALL-OUTER
G1 F962.5 X118.546 Y98.909 E881.6965
G1 X119.605 Y98.462 E881.73473
G1 X120.508 Y97.758 E881.77281
G1 X121.2 Y96.84 E881.81105
G1 X121.632 Y95.776 E881.84924
G1 X121.778 Y94.634 E881.88753
G1 X121.617 Y93.502 E881.92556
G1 X121.17 Y92.443 E881.96379
G1 X120.466 Y91.54 E882.00188
G1 X119.548 Y90.848 E882.04011
G1 X118.484 Y90.416 E882.07831
G1 X117.342 Y90.27 E882.1166
G1 X116.21 Y90.431 E882.15463
G1 X115.147 Y90.878 E882.19298
G1 X114.248 Y91.582 E882.23096
G1 X113.556 Y92.5 E882.2692
G1 X113.12 Y93.564 E882.30744
G1 X112.978 Y94.706 E882.34572
G1 X113.139 Y95.838 E882.38375
G1 X113.587 Y96.901 E882.42211
G1 X114.29 Y97.804 E882.46018
G1 X115.208 Y98.496 E882.49841
G1 X116.271 Y98.928 E882.53658
G1 X117.383 Y99.066 E882.57385
G1 X117.414 Y99.07 E882.57488
G0 F9000 X117.408 Y98.356
G0 X116.094 Y98.091
G0 X116.008 Y98.303
;TYPE:FILL
G1 F962.5 X118.008 Y90.838 E882.83193
G0 F9000 X117.979 Y91.067
G0 X115.06 Y91.851
G0 X114.918 Y91.668
G1 F962.5 X120.38 Y97.13 E883.08884
G0 F9000 X120.202 Y96.994
G0 X120.981 Y94.073
G0 X121.208 Y94.043
G1 F962.5 X113.746 Y96.043 E883.34579
G0 F9000 X114.235 Y95.837
G1 F1500 E876.84579
;MESH:dubelHinge.stl
G0 F9000 X115.321 Y98.296
G0 X114.91 Y99.31
G0 X115.967 Y101.019
G0 X116.394 Y102.026
G0 X117.529 Y109.728
G0 X117.53 Y110.038
;TYPE:WALL-INNER
G1 F1500 E883.34579
G1 F962.5 X118.558 Y109.892 E883.38033
G1 X119.525 Y109.485 E883.41522
G1 X120.344 Y108.847 E883.44975
G1 X120.973 Y108.013 E883.48449
G1 X121.366 Y107.047 E883.51918
G1 X121.494 Y106.01 E883.55393
G1 X121.348 Y104.982 E883.58847
G1 X120.942 Y104.015 E883.62335
G1 X120.303 Y103.2 E883.6578
G1 X119.469 Y102.571 E883.69254
G1 X118.502 Y102.178 E883.72726
G1 X117.465 Y102.046 E883.76203
G1 X116.438 Y102.192 E883.79653
G1 X115.475 Y102.598 E883.83129
G1 X114.656 Y103.237 E883.86584
G1 X114.027 Y104.071 E883.90058
G1 X113.634 Y105.038 E883.9353
G1 X113.502 Y106.075 E883.97007
G1 X113.648 Y107.102 E884.00457
G1 X114.054 Y108.065 E884.03933
G1 X114.693 Y108.884 E884.07388
G1 X115.528 Y109.514 E884.10867
G1 X116.494 Y109.91 E884.14339
G1 X117.5 Y110.034 E884.17711
G1 X117.53 Y110.038 E884.17811
G0 F9000 X117.534 Y110.442
;TYPE:WALL-OUTER
G1 F962.5 X118.666 Y110.281 E884.21614
G1 X119.729 Y109.833 E884.25451
G1 X120.632 Y109.13 E884.29257
G1 X121.324 Y108.212 E884.33081
G1 X121.756 Y107.149 E884.36897
G1 X121.898 Y106.006 E884.40728
G1 X121.737 Y104.874 E884.44531
G1 X121.29 Y103.811 E884.48366
G1 X120.586 Y102.912 E884.52164
G1 X119.668 Y102.22 E884.55988
G1 X118.604 Y101.788 E884.59807
G1 X117.462 Y101.642 E884.63636
G1 X116.33 Y101.803 E884.67439
G1 X115.271 Y102.25 E884.71263
G1 X114.368 Y102.954 E884.75071
G1 X113.676 Y103.872 E884.78894
G1 X113.244 Y104.936 E884.82714
G1 X113.098 Y106.078 E884.86543
G1 X113.259 Y107.21 E884.90346
G1 X113.706 Y108.269 E884.94169
G1 X114.41 Y109.172 E884.97977
G1 X115.328 Y109.864 E885.01801
G1 X116.392 Y110.3 E885.05626
G1 X117.5 Y110.438 E885.09339
G1 X117.534 Y110.442 E885.09453
G0 F9000 X117.529 Y109.728
G0 X116.215 Y109.464
G0 X116.129 Y109.675
;TYPE:FILL
G1 F962.5 X118.129 Y102.211 E885.35154
G0 F9000 X118.1 Y102.439
G0 X115.18 Y103.223
G0 X115.038 Y103.04
G1 F962.5 X120.502 Y108.504 E885.60855
G0 F9000 X120.322 Y108.367
G0 X121.103 Y105.445
G0 X121.329 Y105.415
G1 F962.5 X113.866 Y107.414 E885.86552
G0 F9000 X114.355 Y107.21
G1 F1500 E879.36552
;MESH:NONMESH
G0 F300 X114.355 Y107.21 Z26.2
G0 F9000 X117.468 Y101.877
G0 X117.318 Y100.795
G0 X117.278 Y99.925
G0 X117.411 Y98.839
G0 X117.408 Y98.356
G0 X117.41 Y98.666
;TIME_ELAPSED:1928.659726
;LAYER:130
;note -- min layer time used
;TYPE:WALL-INNER
;MESH:dubelHinge.stl(1)
G1 F1500 E885.86552
G1 F960.6 X118.438 Y98.521 E885.90005
G1 X119.401 Y98.114 E885.93482
G1 X120.22 Y97.475 E885.96938
G1 X120.849 Y96.641 E886.00412
G1 X121.242 Y95.674 E886.03884
G1 X121.374 Y94.637 E886.07361
G1 X121.228 Y93.61 E886.10811
G1 X120.822 Y92.647 E886.14287
G1 X120.183 Y91.828 E886.17742
G1 X119.348 Y91.2 E886.21217
G1 X118.382 Y90.806 E886.24687
G1 X117.345 Y90.674 E886.28164
G1 X116.318 Y90.82 E886.31614
G1 X115.351 Y91.226 E886.35102
G1 X114.536 Y91.865 E886.38546
G1 X113.906 Y92.7 E886.42025
G1 X113.51 Y93.666 E886.45498
G1 X113.382 Y94.702 E886.4897
G1 X113.528 Y95.73 E886.52423
G1 X113.935 Y96.697 E886.55913
G1 X114.573 Y97.516 E886.59366
G1 X115.407 Y98.145 E886.6284
G1 X116.373 Y98.538 E886.66309
G1 X117.382 Y98.663 E886.6969
G1 X117.41 Y98.666 E886.69784
G0 F9000 X117.414 Y99.07
;TYPE:WALL-OUTER
G1 F960.6 X118.546 Y98.909 E886.73587
G1 X119.605 Y98.462 E886.7741
G1 X120.508 Y97.758 E886.81218
G1 X121.2 Y96.84 E886.85042
G1 X121.632 Y95.776 E886.88861
G1 X121.778 Y94.634 E886.92691
G1 X121.617 Y93.502 E886.96494
G1 X121.17 Y92.443 E887.00317
G1 X120.466 Y91.54 E887.04125
G1 X119.548 Y90.848 E887.07949
G1 X118.484 Y90.416 E887.11768
G1 X117.342 Y90.27 E887.15597
G1 X116.21 Y90.431 E887.194
G1 X115.147 Y90.878 E887.23236
G1 X114.248 Y91.582 E887.27034
G1 X113.556 Y92.5 E887.30857
G1 X113.12 Y93.564 E887.34682
G1 X112.978 Y94.706 E887.38509
G1 X113.139 Y95.838 E887.42312
G1 X113.587 Y96.901 E887.46149
G1 X114.29 Y97.804 E887.49955
G1 X115.208 Y98.496 E887.53779
G1 X116.271 Y98.928 E887.57595
G1 X117.383 Y99.066 E887.61322
G1 X117.414 Y99.07 E887.61426
G0 F9000 X117.408 Y98.356
G0 X115.962 Y98.038
G0 X115.876 Y98.249
;TYPE:FILL
G1 F960.6 X117.866 Y90.821 E887.87003
G0 F9000 X117.837 Y91.05
G0 X115.172 Y91.763
G0 X115.03 Y91.58
G1 F960.6 X120.466 Y97.016 E888.12572
G0 F9000 X120.288 Y96.88
G0 X121.001 Y94.215
G0 X121.229 Y94.185
G1 F960.6 X113.802 Y96.175 E888.38146
G0 F9000 X114.291 Y95.969
G1 F1500 E881.88146
;MESH:dubelHinge.stl
G0 F9000 X115.321 Y98.296
G0 X114.91 Y99.31
G0 X115.967 Y101.019
G0 X116.394 Y102.026
G0 X117.529 Y109.728
G0 X117.53 Y110.038
;TYPE:WALL-INNER
G1 F1500 E888.38146
G1 F960.6 X118.558 Y109.892 E888.41599
G1 X119.525 Y109.485 E888.45089
G1 X120.344 Y108.847 E888.48542
G1 X120.973 Y108.013 E888.52016
G1 X121.366 Y107.047 E888.55485
G1 X121.494 Y106.01 E888.5896
G1 X121.348 Y104.982 E888.62413
G1 X120.942 Y104.015 E888.65902
G1 X120.303 Y103.2 E888.69346
G1 X119.469 Y102.571 E888.7282
G1 X118.502 Y102.178 E888.76292
G1 X117.465 Y102.046 E888.79769
G1 X116.438 Y102.192 E888.83219
G1 X115.475 Y102.598 E888.86695
G1 X114.656 Y103.237 E888.9015
G1 X114.027 Y104.071 E888.93625
G1 X113.634 Y105.038 E888.97096
G1 X113.502 Y106.075 E889.00573
G1 X113.648 Y107.102 E889.04023
G1 X114.054 Y108.065 E889.07499
G1 X114.693 Y108.884 E889.10954
G1 X115.528 Y109.514 E889.14433
G1 X116.494 Y109.91 E889.17906
G1 X117.5 Y110.034 E889.21277
G1 X117.53 Y110.038 E889.21378
G0 F9000 X117.534 Y110.442
;TYPE:WALL-OUTER
G1 F960.6 X118.666 Y110.281 E889.25181
G1 X119.729 Y109.833 E889.29017
G1 X120.632 Y109.13 E889.32824
G1 X121.324 Y108.212 E889.36647
G1 X121.756 Y107.149 E889.40464
G1 X121.898 Y106.006 E889.44295
G1 X121.737 Y104.874 E889.48097
G1 X121.29 Y103.811 E889.51933
G1 X120.586 Y102.912 E889.55731
G1 X119.668 Y102.22 E889.59554
G1 X118.604 Y101.788 E889.63374
G1 X117.462 Y101.642 E889.67203
G1 X116.33 Y101.803 E889.71006
G1 X115.271 Y102.25 E889.74829
G1 X114.368 Y102.954 E889.78637
G1 X113.676 Y103.872 E889.82461
G1 X113.244 Y104.936 E889.8628
G1 X113.098 Y106.078 E889.9011
G1 X113.259 Y107.21 E889.93913
G1 X113.706 Y108.269 E889.97736
G1 X114.41 Y109.172 E890.01544
G1 X115.328 Y109.864 E890.05368
G1 X116.392 Y110.3 E890.09192
G1 X117.5 Y110.438 E890.12906
G1 X117.534 Y110.442 E890.1302
G0 F9000 X117.529 Y109.728
G0 X116.082 Y109.41
G0 X115.997 Y109.619
;TYPE:FILL
G1 F960.6 X117.987 Y102.192 E890.38593
G0 F9000 X117.958 Y102.422
G0 X115.293 Y103.135
G0 X115.152 Y102.953
G1 F960.6 X120.589 Y108.39 E890.64167
G0 F9000 X120.408 Y108.252
G0 X121.122 Y105.587
G0 X121.348 Y105.557
G1 F960.6 X113.922 Y107.546 E890.89737
G0 F9000 X114.41 Y107.342
G1 F1500 E884.39737
;MESH:NONMESH
G0 F300 X114.41 Y107.342 Z26.4
G0 F9000 X117.468 Y101.877
G0 X117.318 Y100.795
G0 X117.278 Y99.925
G0 X117.411 Y98.839
G0 X117.408 Y98.356
G0 X117.41 Y98.666
;TIME_ELAPSED:1941.509947
;LAYER:131
;note -- min layer time used
;TYPE:WALL-INNER
;MESH:dubelHinge.stl(1)
G1 F1500 E890.89737
G1 F958.6 X118.438 Y98.521 E890.9319
G1 X119.401 Y98.114 E890.96667
G1 X120.22 Y97.475 E891.00122
G1 X120.849 Y96.641 E891.03596
G1 X121.242 Y95.674 E891.07068
G1 X121.374 Y94.637 E891.10545
G1 X121.228 Y93.61 E891.13995
G1 X120.822 Y92.647 E891.17471
G1 X120.183 Y91.828 E891.20926
G1 X119.348 Y91.2 E891.24401
G1 X118.382 Y90.806 E891.27871
G1 X117.345 Y90.674 E891.31348
G1 X116.318 Y90.82 E891.34798
G1 X115.351 Y91.226 E891.38286
G1 X114.536 Y91.865 E891.41731
G1 X113.906 Y92.7 E891.4521
G1 X113.51 Y93.666 E891.48682
G1 X113.382 Y94.702 E891.52154
G1 X113.528 Y95.73 E891.55608
G1 X113.935 Y96.697 E891.59097
G1 X114.573 Y97.516 E891.6255
G1 X115.407 Y98.145 E891.66025
G1 X116.373 Y98.538 E891.69493
G1 X117.382 Y98.663 E891.72875
G1 X117.41 Y98.666 E891.72969
G0 F9000 X117.414 Y99.07
;TYPE:WALL-OUTER
G1 F958.6 X118.546 Y98.909 E891.76772
G1 X119.605 Y98.462 E891.80595
G1 X120.508 Y97.758 E891.84403
G1 X121.2 Y96.84 E891.88227
G1 X121.632 Y95.776 E891.92046
G1 X121.778 Y94.634 E891.95875
G1 X121.617 Y93.502 E891.99678
G1 X121.17 Y92.443 E892.03501
G1 X120.466 Y91.54 E892.0731
G1 X119.548 Y90.848 E892.11133
G1 X118.484 Y90.416 E892.14953
G1 X117.342 Y90.27 E892.18782
G1 X116.21 Y90.431 E892.22585
G1 X115.147 Y90.878 E892.2642
G1 X114.248 Y91.582 E892.30218
G1 X113.556 Y92.5 E892.34042
G1 X113.12 Y93.564 E892.37866
G1 X112.978 Y94.706 E892.41694
G1 X113.139 Y95.838 E892.45497
G1 X113.587 Y96.901 E892.49333
G1 X114.29 Y97.804 E892.5314
G1 X115.208 Y98.496 E892.56963
G1 X116.271 Y98.928 E892.6078
G1 X117.383 Y99.066 E892.64506
G1 X117.414 Y99.07 E892.6461
G0 F9000 X117.408 Y98.356
G0 X115.83 Y97.984
G0 X115.744 Y98.195
;TYPE:FILL
G1 F958.6 X117.725 Y90.802 E892.90067
G0 F9000 X117.696 Y91.032
G0 X115.284 Y91.676
G0 X115.142 Y91.492
G1 F958.6 X120.553 Y96.903 E893.15519
G0 F9000 X120.374 Y96.766
G0 X121.021 Y94.356
G0 X121.249 Y94.326
G1 F958.6 X113.856 Y96.306 E893.40975
G0 F9000 X114.346 Y96.099
G1 F1500 E886.90975
;MESH:dubelHinge.stl
G0 F9000 X115.321 Y98.296
G0 X114.91 Y99.31
G0 X115.967 Y101.019
G0 X116.394 Y102.026
G0 X117.529 Y109.728
G0 X117.53 Y110.038
;TYPE:WALL-INNER
G1 F1500 E893.40975
G1 F958.6 X118.558 Y109.892 E893.44428
G1 X119.525 Y109.485 E893.47918
G1 X120.344 Y108.847 E893.51371
G1 X120.973 Y108.013 E893.54845
G1 X121.366 Y107.047 E893.58314
G1 X121.494 Y106.01 E893.61789
G1 X121.348 Y104.982 E893.65242
G1 X120.942 Y104.015 E893.68731
G1 X120.303 Y103.2 E893.72175
G1 X119.469 Y102.571 E893.75649
G1 X118.502 Y102.178 E893.79121
G1 X117.465 Y102.046 E893.82598
G1 X116.438 Y102.192 E893.86048
G1 X115.475 Y102.598 E893.89524
G1 X114.656 Y103.237 E893.92979
G1 X114.027 Y104.071 E893.96454
G1 X113.634 Y105.038 E893.99925
G1 X113.502 Y106.075 E894.03402
G1 X113.648 Y107.102 E894.06852
G1 X114.054 Y108.065 E894.10328
G1 X114.693 Y108.884 E894.13783
G1 X115.528 Y109.514 E894.17262
G1 X116.494 Y109.91 E894.20735
G1 X117.5 Y110.034 E894.24106
G1 X117.53 Y110.038 E894.24207
G0 F9000 X117.534 Y110.442
;TYPE:WALL-OUTER
G1 F958.6 X118.666 Y110.281 E894.2801
G1 X119.729 Y109.833 E894.31846
G1 X120.632 Y109.13 E894.35653
G1 X121.324 Y108.212 E894.39476
G1 X121.756 Y107.149 E894.43293
G1 X121.898 Y106.006 E894.47123
G1 X121.737 Y104.874 E894.50926
G1 X121.29 Y103.811 E894.54762
G1 X120.586 Y102.912 E894.5856
G1 X119.668 Y102.22 E894.62383
G1 X118.604 Y101.788 E894.66203
G1 X117.462 Y101.642 E894.70032
G1 X116.33 Y101.803 E894.73835
G1 X115.271 Y102.25 E894.77658
G1 X114.368 Y102.954 E894.81466
G1 X113.676 Y103.872 E894.8529
G1 X113.244 Y104.936 E894.89109
G1 X113.098 Y106.078 E894.92939
G1 X113.259 Y107.21 E894.96742
G1 X113.706 Y108.269 E895.00565
G1 X114.41 Y109.172 E895.04373
G1 X115.328 Y109.864 E895.08197
G1 X116.392 Y110.3 E895.12021
G1 X117.5 Y110.438 E895.15735
G1 X117.534 Y110.442 E895.15849
G0 F9000 X117.529 Y109.728
G0 X115.951 Y109.356
G0 X115.865 Y109.566
;TYPE:FILL
G1 F958.6 X117.846 Y102.175 E895.41299
G0 F9000 X117.817 Y102.404
G0 X115.405 Y103.048
G0 X115.263 Y102.865
G1 F958.6 X120.675 Y108.276 E895.66753
G0 F9000 X120.495 Y108.139
G0 X121.142 Y105.727
G0 X121.368 Y105.697
G1 F958.6 X113.978 Y107.677 E895.92199
G0 F9000 X114.466 Y107.473
G1 F1500 E889.42199
;MESH:NONMESH
G0 F300 X114.466 Y107.473 Z26.6
G0 F9000 X117.468 Y101.877
G0 X117.318 Y100.795
G0 X117.278 Y99.925
G0 X117.411 Y98.839
G0 X117.408 Y98.356
G0 X117.41 Y98.666
;TIME_ELAPSED:1954.343470
;LAYER:132
;note -- min layer time used
;TYPE:WALL-INNER
;MESH:dubelHinge.stl(1)
G1 F1500 E895.92199
G1 F956.7 X118.438 Y98.521 E895.95652
G1 X119.401 Y98.114 E895.99129
G1 X120.22 Y97.475 E896.02584
G1 X120.849 Y96.641 E896.06059
G1 X121.242 Y95.674 E896.0953
G1 X121.374 Y94.637 E896.13007
G1 X121.228 Y93.61 E896.16457
G1 X120.822 Y92.647 E896.19933
G1 X120.183 Y91.828 E896.23388
G1 X119.348 Y91.2 E896.26864
G1 X118.382 Y90.806 E896.30333
G1 X117.345 Y90.674 E896.3381
G1 X116.318 Y90.82 E896.3726
G1 X115.351 Y91.226 E896.40749
G1 X114.536 Y91.865 E896.44193
G1 X113.906 Y92.7 E896.47672
G1 X113.51 Y93.666 E896.51145
G1 X113.382 Y94.702 E896.54617
G1 X113.528 Y95.73 E896.5807
G1 X113.935 Y96.697 E896.6156
G1 X114.573 Y97.516 E896.65013
G1 X115.407 Y98.145 E896.68487
G1 X116.373 Y98.538 E896.71956
G1 X117.382 Y98.663 E896.75337
G1 X117.41 Y98.666 E896.75431
G0 F9000 X117.414 Y99.07
;TYPE:WALL-OUTER
G1 F956.7 X118.546 Y98.909 E896.79234
G1 X119.605 Y98.462 E896.83057
G1 X120.508 Y97.758 E896.86865
G1 X121.2 Y96.84 E896.90689
G1 X121.632 Y95.776 E896.94508
G1 X121.778 Y94.634 E896.98338
G1 X121.617 Y93.502 E897.0214
G1 X121.17 Y92.443 E897.05964
G1 X120.466 Y91.54 E897.09772
G1 X119.548 Y90.848 E897.13596
G1 X118.484 Y90.416 E897.17415
G1 X117.342 Y90.27 E897.21244
G1 X116.21 Y90.431 E897.25047
G1 X115.147 Y90.878 E897.28883
G1 X114.248 Y91.582 E897.3268
G1 X113.556 Y92.5 E897.36504
G1 X113.12 Y93.564 E897.40328
G1 X112.978 Y94.706 E897.44156
G1 X113.139 Y95.838 E897.47959
G1 X113.587 Y96.901 E897.51796
G1 X114.29 Y97.804 E897.55602
G1 X115.208 Y98.496 E897.59425
G1 X116.271 Y98.928 E897.63242
G1 X117.383 Y99.066 E897.66969
G1 X117.414 Y99.07 E897.67073
G0 F9000 X117.408 Y98.356
G0 X115.697 Y97.93
G0 X115.611 Y98.142
;TYPE:FILL
G1 F956.7 X117.583 Y90.784 E897.92409
G0 F9000 X117.554 Y91.014
G0 X115.397 Y91.587
G0 X115.255 Y91.404
G1 F956.7 X120.639 Y96.788 E898.17734
G0 F9000 X120.46 Y96.652
G0 X121.04 Y94.497
G0 X121.268 Y94.467
G1 F956.7 X113.913 Y96.438 E898.4306
G0 F9000 X114.402 Y96.232
G1 F1500 E891.9306
;MESH:dubelHinge.stl
G0 F9000 X115.321 Y98.296
G0 X114.91 Y99.31
G0 X115.967 Y101.019
G0 X116.394 Y102.026
G0 X117.529 Y109.728
G0 X117.53 Y110.038
;TYPE:WALL-INNER
G1 F1500 E898.4306
G1 F956.7 X118.558 Y109.892 E898.46513
G1 X119.525 Y109.485 E898.50003
G1 X120.344 Y108.847 E898.53456
G1 X120.973 Y108.013 E898.5693
G1 X121.366 Y107.047 E898.60399
G1 X121.494 Y106.01 E898.63874
G1 X121.348 Y104.982 E898.67328
G1 X120.942 Y104.015 E898.70816
G1 X120.303 Y103.2 E898.7426
G1 X119.469 Y102.571 E898.77735
G1 X118.502 Y102.178 E898.81206
G1 X117.465 Y102.046 E898.84683
G1 X116.438 Y102.192 E898.88133
G1 X115.475 Y102.598 E898.91609
G1 X114.656 Y103.237 E898.95064
G1 X114.027 Y104.071 E898.98539
G1 X113.634 Y105.038 E899.02011
G1 X113.502 Y106.075 E899.05487
G1 X113.648 Y107.102 E899.08938
G1 X114.054 Y108.065 E899.12414
G1 X114.693 Y108.884 E899.15869
G1 X115.528 Y109.514 E899.19348
G1 X116.494 Y109.91 E899.2282
G1 X117.5 Y110.034 E899.26191
G1 X117.53 Y110.038 E899.26292
G0 F9000 X117.534 Y110.442
;TYPE:WALL-OUTER
G1 F956.7 X118.666 Y110.281 E899.30095
G1 X119.729 Y109.833 E899.33932
G1 X120.632 Y109.13 E899.37738
G1 X121.324 Y108.212 E899.41561
G1 X121.756 Y107.149 E899.45378
G1 X121.898 Y106.006 E899.49209
G1 X121.737 Y104.874 E899.53012
G1 X121.29 Y103.811 E899.56847
G1 X120.586 Y102.912 E899.60645
G1 X119.668 Y102.22 E899.64468
G1 X118.604 Y101.788 E899.68288
G1 X117.462 Y101.642 E899.72117
G1 X116.33 Y101.803 E899.7592
G1 X115.271 Y102.25 E899.79743
G1 X114.368 Y102.954 E899.83552
G1 X113.676 Y103.872 E899.87375
G1 X113.244 Y104.936 E899.91195
G1 X113.098 Y106.078 E899.95024
G1 X113.259 Y107.21 E899.98827
G1 X113.706 Y108.269 E900.0265
G1 X114.41 Y109.172 E900.06458
G1 X115.328 Y109.864 E900.10282
G1 X116.392 Y110.3 E900.14106
G1 X117.5 Y110.438 E900.1782
G1 X117.534 Y110.442 E900.17934
G0 F9000 X117.529 Y109.728
G0 X115.818 Y109.302
G0 X115.733 Y109.511
;TYPE:FILL
G1 F956.7 X117.704 Y102.157 E900.43257
G0 F9000 X117.675 Y102.387
G0 X115.518 Y102.96
G0 X115.376 Y102.777
G1 F956.7 X120.761 Y108.162 E900.68586
G0 F9000 X120.581 Y108.025
G0 X121.161 Y105.869
G0 X121.388 Y105.839
G1 F956.7 X114.033 Y107.81 E900.93912
G0 F9000 X114.522 Y107.606
G1 F1500 E894.43912
;MESH:NONMESH
G0 F300 X114.522 Y107.606 Z26.8
G0 F9000 X117.468 Y101.877
G0 X117.318 Y100.795
G0 X117.278 Y99.925
G0 X117.411 Y98.839
G0 X117.408 Y98.356
G0 X117.41 Y98.666
;TIME_ELAPSED:1967.157992
;LAYER:133
;note -- min layer time used
;TYPE:WALL-INNER
;MESH:dubelHinge.stl(1)
G1 F1500 E900.93912
G1 F954.7 X118.438 Y98.521 E900.97365
G1 X119.401 Y98.114 E901.00842
G1 X120.22 Y97.475 E901.04297
G1 X120.849 Y96.641 E901.07772
G1 X121.242 Y95.674 E901.11243
G1 X121.374 Y94.637 E901.1472
G1 X121.228 Y93.61 E901.1817
G1 X120.822 Y92.647 E901.21646
G1 X120.183 Y91.828 E901.25101
G1 X119.348 Y91.2 E901.28576
G1 X118.382 Y90.806 E901.32046
G1 X117.345 Y90.674 E901.35523
G1 X116.318 Y90.82 E901.38973
G1 X115.351 Y91.226 E901.42462
G1 X114.536 Y91.865 E901.45906
G1 X113.906 Y92.7 E901.49385
G1 X113.51 Y93.666 E901.52858
G1 X113.382 Y94.702 E901.5633
G1 X113.528 Y95.73 E901.59783
G1 X113.935 Y96.697 E901.63272
G1 X114.573 Y97.516 E901.66725
G1 X115.407 Y98.145 E901.702
G1 X116.373 Y98.538 E901.73668
G1 X117.382 Y98.663 E901.7705
G1 X117.41 Y98.666 E901.77144
G0 F9000 X117.414 Y99.07
;TYPE:WALL-OUTER
G1 F954.7 X118.546 Y98.909 E901.80947
G1 X119.605 Y98.462 E901.8477
G1 X120.508 Y97.758 E901.88578
G1 X121.2 Y96.84 E901.92402
G1 X121.632 Y95.776 E901.96221
G1 X121.778 Y94.634 E902.0005
G1 X121.617 Y93.502 E902.03853
G1 X121.17 Y92.443 E902.07677
G1 X120.466 Y91.54 E902.11485
G1 X119.548 Y90.848 E902.15308
G1 X118.484 Y90.416 E902.19128
G1 X117.342 Y90.27 E902.22957
G1 X116.21 Y90.431 E902.2676
G1 X115.147 Y90.878 E902.30595
G1 X114.248 Y91.582 E902.34393
G1 X113.556 Y92.5 E902.38217
G1 X113.12 Y93.564 E902.42041
G1 X112.978 Y94.706 E902.45869
G1 X113.139 Y95.838 E902.49672
G1 X113.587 Y96.901 E902.53508
G1 X114.29 Y97.804 E902.57315
G1 X115.208 Y98.496 E902.61138
G1 X116.271 Y98.928 E902.64955
G1 X117.383 Y99.066 E902.68682
G1 X117.414 Y99.07 E902.68786
G0 F9000 X117.408 Y98.356
G0 X115.566 Y97.877
G0 X115.48 Y98.088
;TYPE:FILL
G1 F954.7 X117.442 Y90.766 E902.93998
G0 F9000 X117.413 Y90.997
G0 X115.51 Y91.5
G0 X115.367 Y91.316
G1 F954.7 X120.724 Y96.674 E903.19198
G0 F9000 X120.546 Y96.538
G0 X121.06 Y94.638
G0 X121.288 Y94.608
G1 F954.7 X113.968 Y96.569 E903.44403
G0 F9000 X114.457 Y96.362
G1 F1500 E896.94403
;MESH:dubelHinge.stl
G0 F9000 X115.321 Y98.296
G0 X114.91 Y99.31
G0 X115.967 Y101.019
G0 X116.394 Y102.026
G0 X117.529 Y109.728
G0 X117.53 Y110.038
;TYPE:WALL-INNER
G1 F1500 E903.44403
G1 F954.7 X118.558 Y109.892 E903.47856
G1 X119.525 Y109.485 E903.51346
G1 X120.344 Y108.847 E903.54799
G1 X120.973 Y108.013 E903.58273
G1 X121.366 Y107.047 E903.61742
G1 X121.494 Y106.01 E903.65217
G1 X121.348 Y104.982 E903.6867
G1 X120.942 Y104.015 E903.72159
G1 X120.303 Y103.2 E903.75603
G1 X119.469 Y102.571 E903.79078
G1 X118.502 Y102.178 E903.82549
G1 X117.465 Y102.046 E903.86026
G1 X116.438 Y102.192 E903.89476
G1 X115.475 Y102.598 E903.92952
G1 X114.656 Y103.237 E903.96407
G1 X114.027 Y104.071 E903.99882
G1 X113.634 Y105.038 E904.03353
G1 X113.502 Y106.075 E904.0683
G1 X113.648 Y107.102 E904.10281
G1 X114.054 Y108.065 E904.13756
G1 X114.693 Y108.884 E904.17212
G1 X115.528 Y109.514 E904.20691
G1 X116.494 Y109.91 E904.24163
G1 X117.5 Y110.034 E904.27534
G1 X117.53 Y110.038 E904.27635
G0 F9000 X117.534 Y110.442
;TYPE:WALL-OUTER
G1 F954.7 X118.666 Y110.281 E904.31438
G1 X119.729 Y109.833 E904.35275
G1 X120.632 Y109.13 E904.39081
G1 X121.324 Y108.212 E904.42904
G1 X121.756 Y107.149 E904.46721
G1 X121.898 Y106.006 E904.50552
G1 X121.737 Y104.874 E904.54355
G1 X121.29 Y103.811 E904.5819
G1 X120.586 Y102.912 E904.61988
G1 X119.668 Y102.22 E904.65811
G1 X118.604 Y101.788 E904.69631
G1 X117.462 Y101.642 E904.7346
G1 X116.33 Y101.803 E904.77263
G1 X115.271 Y102.25 E904.81086
G1 X114.368 Y102.954 E904.84894
G1 X113.676 Y103.872 E904.88718
G1 X113.244 Y104.936 E904.92537
G1 X113.098 Y106.078 E904.96367
G1 X113.259 Y107.21 E905.0017
G1 X113.706 Y108.269 E905.03993
G1 X114.41 Y109.172 E905.07801
G1 X115.328 Y109.864 E905.11625
G1 X116.392 Y110.3 E905.15449
G1 X117.5 Y110.438 E905.19163
G1 X117.534 Y110.442 E905.19277
G0 F9000 X117.529 Y109.728
G0 X115.686 Y109.249
G0 X115.601 Y109.458
;TYPE:FILL
G1 F954.7 X117.562 Y102.139 E905.44478
G0 F9000 X117.533 Y102.369
G0 X115.63 Y102.873
G0 X115.488 Y102.69
G1 F954.7 X120.847 Y108.048 E905.69683
G0 F9000 X120.667 Y107.911
G0 X121.181 Y106.01
G0 X121.407 Y105.98
G1 F954.7 X114.089 Y107.941 E905.94882
G0 F9000 X114.577 Y107.737
G1 F1500 E899.44882
;MESH:NONMESH
G0 F300 X114.577 Y107.737 Z27
G0 F9000 X117.468 Y101.877
G0 X117.318 Y100.795
G0 X117.278 Y99.925
G0 X117.411 Y98.839
G0 X117.408 Y98.356
G0 X117.41 Y98.666
;TIME_ELAPSED:1979.951261
;LAYER:134
;note -- min layer time used
;TYPE:WALL-INNER
;MESH:dubelHinge.stl(1)
G1 F1500 E905.94882
G1 F951.3 X118.438 Y98.521 E905.98335
G1 X119.401 Y98.114 E906.01812
G1 X120.22 Y97.475 E906.05267
G1 X120.849 Y96.641 E906.08741
G1 X121.242 Y95.674 E906.12213
G1 X121.374 Y94.637 E906.1569
G1 X121.228 Y93.61 E906.1914
G1 X120.822 Y92.647 E906.22616
G1 X120.183 Y91.828 E906.26071
G1 X119.348 Y91.2 E906.29546
G1 X118.382 Y90.806 E906.33016
G1 X117.345 Y90.674 E906.36493
G1 X116.318 Y90.82 E906.39943
G1 X115.351 Y91.226 E906.43431
G1 X114.536 Y91.865 E906.46876
G1 X113.906 Y92.7 E906.50355
G1 X113.51 Y93.666 E906.53827
G1 X113.382 Y94.702 E906.57299
G1 X113.528 Y95.73 E906.60753
G1 X113.935 Y96.697 E906.64242
G1 X114.573 Y97.516 E906.67695
G1 X115.407 Y98.145 E906.7117
G1 X116.373 Y98.538 E906.74638
G1 X117.382 Y98.663 E906.7802
G1 X117.41 Y98.666 E906.78113
G0 F9000 X117.414 Y99.07
;TYPE:WALL-OUTER
G1 F951.3 X118.546 Y98.909 E906.81916
G1 X119.605 Y98.462 E906.8574
G1 X120.508 Y97.758 E906.89548
G1 X121.2 Y96.84 E906.93371
G1 X121.632 Y95.776 E906.97191
G1 X121.778 Y94.634 E907.0102
G1 X121.617 Y93.502 E907.04823
G1 X121.17 Y92.443 E907.08646
G1 X120.466 Y91.54 E907.12455
G1 X119.548 Y90.848 E907.16278
G1 X118.484 Y90.416 E907.20098
G1 X117.342 Y90.27 E907.23927
G1 X116.21 Y90.431 E907.2773
G1 X115.147 Y90.878 E907.31565
G1 X114.248 Y91.582 E907.35363
G1 X113.556 Y92.5 E907.39187
G1 X113.12 Y93.564 E907.43011
G1 X112.978 Y94.706 E907.46839
G1 X113.139 Y95.838 E907.50642
G1 X113.587 Y96.901 E907.54478
G1 X114.29 Y97.804 E907.58284
G1 X115.208 Y98.496 E907.62108
G1 X116.271 Y98.928 E907.65924
G1 X117.383 Y99.066 E907.69651
G1 X117.414 Y99.07 E907.69755
G0 F9000 X117.408 Y98.356
G0 X115.494 Y97.825
G0 X115.356 Y98.006
;TYPE:FILL
G1 F951.3 X117.297 Y90.761 E907.94702
G0 F9000 X117.328 Y90.993
G0 X115.589 Y91.465
G0 X115.5 Y91.251
G1 F951.3 X120.8 Y96.55 E908.19629
G0 F9000 X120.592 Y96.465
G0 X121.051 Y94.729
G0 X121.277 Y94.757
G1 F951.3 X114.037 Y96.697 E908.44559
G0 F9000 X114.461 Y96.371
G1 F1500 E901.94559
;MESH:dubelHinge.stl
G0 F9000 X115.321 Y98.296
G0 X114.91 Y99.31
G0 X115.967 Y101.019
G0 X116.394 Y102.026
G0 X117.529 Y109.728
G0 X117.53 Y110.038
;TYPE:WALL-INNER
G1 F1500 E908.44559
G1 F951.3 X118.558 Y109.892 E908.48013
G1 X119.525 Y109.485 E908.51502
G1 X120.344 Y108.847 E908.54955
G1 X120.973 Y108.013 E908.58429
G1 X121.366 Y107.047 E908.61898
G1 X121.494 Y106.01 E908.65373
G1 X121.348 Y104.982 E908.68827
G1 X120.942 Y104.015 E908.72315
G1 X120.303 Y103.2 E908.7576
G1 X119.469 Y102.571 E908.79234
G1 X118.502 Y102.178 E908.82706
G1 X117.465 Y102.046 E908.86183
G1 X116.438 Y102.192 E908.89633
G1 X115.475 Y102.598 E908.93109
G1 X114.656 Y103.237 E908.96564
G1 X114.027 Y104.071 E909.00038
G1 X113.634 Y105.038 E909.0351
G1 X113.502 Y106.075 E909.06987
G1 X113.648 Y107.102 E909.10437
G1 X114.054 Y108.065 E909.13913
G1 X114.693 Y108.884 E909.17368
G1 X115.528 Y109.514 E909.20847
G1 X116.494 Y109.91 E909.24319
G1 X117.5 Y110.034 E909.27691
G1 X117.53 Y110.038 E909.27791
G0 F9000 X117.534 Y110.442
;TYPE:WALL-OUTER
G1 F951.3 X118.666 Y110.281 E909.31594
G1 X119.729 Y109.833 E909.35431
G1 X120.632 Y109.13 E909.39237
G1 X121.324 Y108.212 E909.43061
G1 X121.756 Y107.149 E909.46877
G1 X121.898 Y106.006 E909.50708
G1 X121.737 Y104.874 E909.54511
G1 X121.29 Y103.811 E909.58346
G1 X120.586 Y102.912 E909.62144
G1 X119.668 Y102.22 E909.65968
G1 X118.604 Y101.788 E909.69787
G1 X117.462 Y101.642 E909.73616
G1 X116.33 Y101.803 E909.77419
G1 X115.271 Y102.25 E909.81243
G1 X114.368 Y102.954 E909.85051
G1 X113.676 Y103.872 E909.88874
G1 X113.244 Y104.936 E909.92694
G1 X113.098 Y106.078 E909.96523
G1 X113.259 Y107.21 E910.00326
G1 X113.706 Y108.269 E910.04149
G1 X114.41 Y109.172 E910.07957
G1 X115.328 Y109.864 E910.11781
G1 X116.392 Y110.3 E910.15606
G1 X117.5 Y110.438 E910.19319
G1 X117.534 Y110.442 E910.19433
G0 F9000 X117.529 Y109.728
G0 X115.615 Y109.196
G0 X115.477 Y109.376
;TYPE:FILL
G1 F951.3 X117.418 Y102.133 E910.44373
G0 F9000 X117.449 Y102.365
G0 X115.712 Y102.837
G0 X115.622 Y102.624
G1 F951.3 X120.923 Y107.925 E910.69308
G0 F9000 X120.712 Y107.839
G0 X121.172 Y106.1
G0 X121.398 Y106.128
G1 F951.3 X114.158 Y108.068 E910.94238
G0 F9000 X114.579 Y107.742
G1 F1500 E904.44238
;MESH:NONMESH
G0 F300 X114.579 Y107.742 Z27.2
G0 F9000 X117.468 Y101.877
G0 X117.318 Y100.795
G0 X117.278 Y99.925
G0 X117.411 Y98.839
G0 X117.408 Y98.356
G0 X117.41 Y98.666
;TIME_ELAPSED:1992.748469
;LAYER:135
;note -- min layer time used
;TYPE:WALL-INNER
;MESH:dubelHinge.stl(1)
G1 F1500 E910.94238
G1 F946.1 X118.438 Y98.521 E910.97691
G1 X119.401 Y98.114 E911.01168
G1 X120.22 Y97.475 E911.04623
G1 X120.849 Y96.641 E911.08097
G1 X121.242 Y95.674 E911.11569
G1 X121.374 Y94.637 E911.15046
G1 X121.228 Y93.61 E911.18496
G1 X120.822 Y92.647 E911.21972
G1 X120.183 Y91.828 E911.25427
G1 X119.348 Y91.2 E911.28902
G1 X118.382 Y90.806 E911.32372
G1 X117.345 Y90.674 E911.35849
G1 X116.318 Y90.82 E911.39299
G1 X115.351 Y91.226 E911.42787
G1 X114.536 Y91.865 E911.46232
G1 X113.906 Y92.7 E911.49711
G1 X113.51 Y93.666 E911.53183
G1 X113.382 Y94.702 E911.56655
G1 X113.528 Y95.73 E911.60109
G1 X113.935 Y96.697 E911.63598
G1 X114.573 Y97.516 E911.67051
G1 X115.407 Y98.145 E911.70525
G1 X116.373 Y98.538 E911.73994
G1 X117.382 Y98.663 E911.77376
G1 X117.41 Y98.666 E911.77469
G0 F9000 X117.414 Y99.07
;TYPE:WALL-OUTER
G1 F946.1 X118.546 Y98.909 E911.81272
G1 X119.605 Y98.462 E911.85095
G1 X120.508 Y97.758 E911.88904
G1 X121.2 Y96.84 E911.92727
G1 X121.632 Y95.776 E911.96547
G1 X121.778 Y94.634 E912.00376
G1 X121.617 Y93.502 E912.04179
G1 X121.17 Y92.443 E912.08002
G1 X120.466 Y91.54 E912.1181
G1 X119.548 Y90.848 E912.15634
G1 X118.484 Y90.416 E912.19453
G1 X117.342 Y90.27 E912.23283
G1 X116.21 Y90.431 E912.27086
G1 X115.147 Y90.878 E912.30921
G1 X114.248 Y91.582 E912.34719
G1 X113.556 Y92.5 E912.38542
G1 X113.12 Y93.564 E912.42367
G1 X112.978 Y94.706 E912.46194
G1 X113.139 Y95.838 E912.49997
G1 X113.587 Y96.901 E912.53834
G1 X114.29 Y97.804 E912.5764
G1 X115.208 Y98.496 E912.61464
G1 X116.271 Y98.928 E912.6528
G1 X117.383 Y99.066 E912.69007
G1 X117.414 Y99.07 E912.69111
G0 F9000 X117.408 Y98.356
G0 X115.372 Y97.732
G0 X115.234 Y97.913
;TYPE:FILL
G1 F946.1 X117.144 Y90.783 E912.93662
G0 F9000 X117.175 Y91.015
G0 X115.731 Y91.405
G0 X115.642 Y91.191
G1 F946.1 X120.858 Y96.408 E913.18199
G0 F9000 X120.65 Y96.323
G0 X121.032 Y94.881
G0 X121.258 Y94.909
G1 F946.1 X114.131 Y96.819 E913.4274
G0 F9000 X114.551 Y96.494
G1 F1500 E906.9274
;MESH:dubelHinge.stl
G0 F9000 X115.321 Y98.296
G0 X114.91 Y99.31
G0 X115.967 Y101.019
G0 X116.394 Y102.026
G0 X117.529 Y109.728
G0 X117.53 Y110.038
;TYPE:WALL-INNER
G1 F1500 E913.4274
G1 F946.1 X118.558 Y109.892 E913.46193
G1 X119.525 Y109.485 E913.49683
G1 X120.344 Y108.847 E913.53136
G1 X120.973 Y108.013 E913.5661
G1 X121.366 Y107.047 E913.60079
G1 X121.494 Y106.01 E913.63554
G1 X121.348 Y104.982 E913.67007
G1 X120.942 Y104.015 E913.70495
G1 X120.303 Y103.2 E913.7394
G1 X119.469 Y102.571 E913.77414
G1 X118.502 Y102.178 E913.80886
G1 X117.465 Y102.046 E913.84363
G1 X116.438 Y102.192 E913.87813
G1 X115.475 Y102.598 E913.91289
G1 X114.656 Y103.237 E913.94744
G1 X114.027 Y104.071 E913.98219
G1 X113.634 Y105.038 E914.0169
G1 X113.502 Y106.075 E914.05167
G1 X113.648 Y107.102 E914.08617
G1 X114.054 Y108.065 E914.12093
G1 X114.693 Y108.884 E914.15548
G1 X115.528 Y109.514 E914.19027
G1 X116.494 Y109.91 E914.225
G1 X117.5 Y110.034 E914.25871
G1 X117.53 Y110.038 E914.25972
G0 F9000 X117.534 Y110.442
;TYPE:WALL-OUTER
G1 F946.1 X118.666 Y110.281 E914.29775
G1 X119.729 Y109.833 E914.33611
G1 X120.632 Y109.13 E914.37418
G1 X121.324 Y108.212 E914.41241
G1 X121.756 Y107.149 E914.45058
G1 X121.898 Y106.006 E914.48888
G1 X121.737 Y104.874 E914.52691
G1 X121.29 Y103.811 E914.56527
G1 X120.586 Y102.912 E914.60325
G1 X119.668 Y102.22 E914.64148
G1 X118.604 Y101.788 E914.67968
G1 X117.462 Y101.642 E914.71797
G1 X116.33 Y101.803 E914.756
G1 X115.271 Y102.25 E914.79423
G1 X114.368 Y102.954 E914.83231
G1 X113.676 Y103.872 E914.87055
G1 X113.244 Y104.936 E914.90874
G1 X113.098 Y106.078 E914.94704
G1 X113.259 Y107.21 E914.98506
G1 X113.706 Y108.269 E915.0233
G1 X114.41 Y109.172 E915.06138
G1 X115.328 Y109.864 E915.09962
G1 X116.392 Y110.3 E915.13786
G1 X117.5 Y110.438 E915.175
G1 X117.534 Y110.442 E915.17614
G0 F9000 X117.529 Y109.728
G0 X115.493 Y109.104
G0 X115.355 Y109.284
;TYPE:FILL
G1 F946.1 X117.265 Y102.155 E915.42161
G0 F9000 X117.296 Y102.386
G0 X115.853 Y102.777
G0 X115.763 Y102.564
G1 F946.1 X120.981 Y107.782 E915.66705
G0 F9000 X120.77 Y107.696
G0 X121.153 Y106.252
G0 X121.379 Y106.28
G1 F946.1 X114.253 Y108.19 E915.91243
G0 F9000 X114.671 Y107.864
G1 F1500 E909.41243
;MESH:NONMESH
G0 F300 X114.671 Y107.864 Z27.4
G0 F9000 X117.468 Y101.877
G0 X117.318 Y100.795
G0 X117.278 Y99.925
G0 X117.411 Y98.839
G0 X117.408 Y98.356
G0 X117.41 Y98.666
;TIME_ELAPSED:2005.513352
;LAYER:136
;note -- min layer time used
;TYPE:WALL-INNER
;MESH:dubelHinge.stl(1)
G1 F1500 E915.91243
G1 F941.1 X118.438 Y98.521 E915.94696
G1 X119.401 Y98.114 E915.98173
G1 X120.22 Y97.475 E916.01628
G1 X120.849 Y96.641 E916.05102
G1 X121.242 Y95.674 E916.08574
G1 X121.374 Y94.637 E916.12051
G1 X121.228 Y93.61 E916.15501
G1 X120.822 Y92.647 E916.18977
G1 X120.183 Y91.828 E916.22432
G1 X119.348 Y91.2 E916.25907
G1 X118.382 Y90.806 E916.29377
G1 X117.345 Y90.674 E916.32854
G1 X116.318 Y90.82 E916.36304
G1 X115.351 Y91.226 E916.39792
G1 X114.536 Y91.865 E916.43237
G1 X113.906 Y92.7 E916.46716
G1 X113.51 Y93.666 E916.50188
G1 X113.382 Y94.702 E916.5366
G1 X113.528 Y95.73 E916.57114
G1 X113.935 Y96.697 E916.60603
G1 X114.573 Y97.516 E916.64056
G1 X115.407 Y98.145 E916.6753
G1 X116.373 Y98.538 E916.70999
G1 X117.382 Y98.663 E916.74381
G1 X117.41 Y98.666 E916.74474
G0 F9000 X117.414 Y99.07
;TYPE:WALL-OUTER
G1 F941.1 X118.546 Y98.909 E916.78277
G1 X119.605 Y98.462 E916.82101
G1 X120.508 Y97.758 E916.85909
G1 X121.2 Y96.84 E916.89732
G1 X121.632 Y95.776 E916.93552
G1 X121.778 Y94.634 E916.97381
G1 X121.617 Y93.502 E917.01184
G1 X121.17 Y92.443 E917.05007
G1 X120.466 Y91.54 E917.08815
G1 X119.548 Y90.848 E917.12639
G1 X118.484 Y90.416 E917.16458
G1 X117.342 Y90.27 E917.20288
G1 X116.21 Y90.431 E917.24091
G1 X115.147 Y90.878 E917.27926
G1 X114.248 Y91.582 E917.31724
G1 X113.556 Y92.5 E917.35547
G1 X113.12 Y93.564 E917.39372
G1 X112.978 Y94.706 E917.43199
G1 X113.139 Y95.838 E917.47002
G1 X113.587 Y96.901 E917.50839
G1 X114.29 Y97.804 E917.54645
G1 X115.208 Y98.496 E917.58469
G1 X116.271 Y98.928 E917.62285
G1 X117.383 Y99.066 E917.66012
G1 X117.414 Y99.07 E917.66116
G0 F9000 X117.408 Y98.356
G0 X115.25 Y97.64
G0 X115.112 Y97.821
;TYPE:FILL
G1 F941.1 X116.993 Y90.804 E917.90279
G0 F9000 X117.024 Y91.036
G0 X115.871 Y91.346
G0 X115.782 Y91.132
G1 F941.1 X120.915 Y96.266 E918.14425
G0 F9000 X120.707 Y96.181
G0 X121.014 Y95.032
G0 X121.239 Y95.06
G1 F941.1 X114.225 Y96.94 E918.38577
G0 F9000 X114.645 Y96.615
G1 F1500 E911.88577
;MESH:dubelHinge.stl
G0 F9000 X116.33 Y98.705
G0 X116.197 Y99.791
G0 X116.631 Y100.89
G0 X116.778 Y101.954
G0 X117.529 Y109.728
G0 X117.53 Y110.038
;TYPE:WALL-INNER
G1 F1500 E918.38577
G1 F941.1 X118.558 Y109.892 E918.42031
G1 X119.525 Y109.485 E918.4552
G1 X120.344 Y108.847 E918.48973
G1 X120.973 Y108.013 E918.52448
G1 X121.366 Y107.047 E918.55916
G1 X121.494 Y106.01 E918.59392
G1 X121.348 Y104.982 E918.62845
G1 X120.942 Y104.015 E918.66333
G1 X120.303 Y103.2 E918.69778
G1 X119.469 Y102.571 E918.73252
G1 X118.502 Y102.178 E918.76724
G1 X117.465 Y102.046 E918.80201
G1 X116.438 Y102.192 E918.83651
G1 X115.475 Y102.598 E918.87127
G1 X114.656 Y103.237 E918.90582
G1 X114.027 Y104.071 E918.94056
G1 X113.634 Y105.038 E918.97528
G1 X113.502 Y106.075 E919.01005
G1 X113.648 Y107.102 E919.04455
G1 X114.054 Y108.065 E919.07931
G1 X114.693 Y108.884 E919.11386
G1 X115.528 Y109.514 E919.14865
G1 X116.494 Y109.91 E919.18338
G1 X117.5 Y110.034 E919.21709
G1 X117.53 Y110.038 E919.2181
G0 F9000 X117.534 Y110.442
;TYPE:WALL-OUTER
G1 F941.1 X118.666 Y110.281 E919.25612
G1 X119.729 Y109.833 E919.29449
G1 X120.632 Y109.13 E919.33255
G1 X121.324 Y108.212 E919.37079
G1 X121.756 Y107.149 E919.40895
G1 X121.898 Y106.006 E919.44726
G1 X121.737 Y104.874 E919.48529
G1 X121.29 Y103.811 E919.52365
G1 X120.586 Y102.912 E919.56162
G1 X119.668 Y102.22 E919.59986
G1 X118.604 Y101.788 E919.63805
G1 X117.462 Y101.642 E919.67635
G1 X116.33 Y101.803 E919.71438
G1 X115.271 Y102.25 E919.75261
G1 X114.368 Y102.954 E919.79069
G1 X113.676 Y103.872 E919.82893
G1 X113.244 Y104.936 E919.86712
G1 X113.098 Y106.078 E919.90541
G1 X113.259 Y107.21 E919.94344
G1 X113.706 Y108.269 E919.98167
G1 X114.41 Y109.172 E920.01976
G1 X115.328 Y109.864 E920.05799
G1 X116.392 Y110.3 E920.09624
G1 X117.5 Y110.438 E920.13337
G1 X117.534 Y110.442 E920.13451
G0 F9000 X117.529 Y109.728
G0 X115.371 Y109.011
G0 X115.234 Y109.191
;TYPE:FILL
G1 F941.1 X117.114 Y102.176 E920.37607
G0 F9000 X117.145 Y102.407
G0 X115.993 Y102.718
G0 X115.903 Y102.505
G1 F941.1 X121.039 Y107.641 E920.61765
G0 F9000 X120.827 Y107.555
G0 X121.135 Y106.403
G0 X121.361 Y106.431
G1 F941.1 X114.347 Y108.31 E920.85916
G0 F9000 X114.765 Y107.984
G1 F1500 E914.35916
;MESH:NONMESH
G0 F300 X114.765 Y107.984 Z27.6
G0 F9000 X117.468 Y101.877
G0 X117.318 Y100.795
G0 X117.278 Y99.925
G0 X117.411 Y98.839
G0 X117.408 Y98.356
G0 X117.41 Y98.666
;TIME_ELAPSED:2018.218488
;LAYER:137
;note -- min layer time used
;TYPE:WALL-INNER
;MESH:dubelHinge.stl(1)
G1 F1500 E920.85916
G1 F934.9 X118.438 Y98.521 E920.89369
G1 X119.401 Y98.114 E920.92846
G1 X120.22 Y97.475 E920.96301
G1 X120.849 Y96.641 E920.99776
G1 X121.242 Y95.674 E921.03247
G1 X121.374 Y94.637 E921.06724
G1 X121.228 Y93.61 E921.10175
G1 X120.822 Y92.647 E921.13651
G1 X120.183 Y91.828 E921.17106
G1 X119.348 Y91.2 E921.20581
G1 X118.382 Y90.806 E921.2405
G1 X117.345 Y90.674 E921.27527
G1 X116.318 Y90.82 E921.30978
G1 X115.351 Y91.226 E921.34466
G1 X114.536 Y91.865 E921.3791
G1 X113.906 Y92.7 E921.41389
G1 X113.51 Y93.666 E921.44862
G1 X113.382 Y94.702 E921.48334
G1 X113.528 Y95.73 E921.51787
G1 X113.935 Y96.697 E921.55277
G1 X114.573 Y97.516 E921.5873
G1 X115.407 Y98.145 E921.62204
G1 X116.373 Y98.538 E921.65673
G1 X117.382 Y98.663 E921.69054
G1 X117.41 Y98.666 E921.69148
G0 F9000 X117.414 Y99.07
;TYPE:WALL-OUTER
G1 F934.9 X118.546 Y98.909 E921.72951
G1 X119.605 Y98.462 E921.76774
G1 X120.508 Y97.758 E921.80582
G1 X121.2 Y96.84 E921.84406
G1 X121.632 Y95.776 E921.88225
G1 X121.778 Y94.634 E921.92055
G1 X121.617 Y93.502 E921.95857
G1 X121.17 Y92.443 E921.99681
G1 X120.466 Y91.54 E922.03489
G1 X119.548 Y90.848 E922.07313
G1 X118.484 Y90.416 E922.11132
G1 X117.342 Y90.27 E922.14961
G1 X116.21 Y90.431 E922.18764
G1 X115.147 Y90.878 E922.226
G1 X114.248 Y91.582 E922.26397
G1 X113.556 Y92.5 E922.30221
G1 X113.12 Y93.564 E922.34045
G1 X112.978 Y94.706 E922.37873
G1 X113.139 Y95.838 E922.41676
G1 X113.587 Y96.901 E922.45513
G1 X114.29 Y97.804 E922.49319
G1 X115.208 Y98.496 E922.53142
G1 X116.271 Y98.928 E922.56959
G1 X117.383 Y99.066 E922.60686
G1 X117.414 Y99.07 E922.6079
G0 F9000 X117.408 Y98.356
G0 X115.128 Y97.549
G0 X114.99 Y97.73
;TYPE:FILL
G1 F934.9 X116.84 Y90.826 E922.84563
G0 F9000 X115.923 Y91.073
G1 F934.9 X120.973 Y96.123 E923.08316
G0 F9000 X121.219 Y95.212
G1 F934.9 X114.32 Y97.061 E923.32072
G0 F9000 X114.74 Y96.736
G1 F1500 E916.82072
;MESH:dubelHinge.stl
G0 F9000 X116.33 Y98.705
G0 X116.197 Y99.791
G0 X116.631 Y100.89
G0 X116.778 Y101.954
G0 X117.529 Y109.728
G0 X117.53 Y110.038
;TYPE:WALL-INNER
G1 F1500 E923.32072
G1 F934.9 X118.558 Y109.892 E923.35526
G1 X119.525 Y109.485 E923.39015
G1 X120.344 Y108.847 E923.42468
G1 X120.973 Y108.013 E923.45943
G1 X121.366 Y107.047 E923.49411
G1 X121.494 Y106.01 E923.52886
G1 X121.348 Y104.982 E923.5634
G1 X120.942 Y104.015 E923.59828
G1 X120.303 Y103.2 E923.63273
G1 X119.469 Y102.571 E923.66747
G1 X118.502 Y102.178 E923.70219
G1 X117.465 Y102.046 E923.73696
G1 X116.438 Y102.192 E923.77146
G1 X115.475 Y102.598 E923.80622
G1 X114.656 Y103.237 E923.84077
G1 X114.027 Y104.071 E923.87551
G1 X113.634 Y105.038 E923.91023
G1 X113.502 Y106.075 E923.945
G1 X113.648 Y107.102 E923.9795
G1 X114.054 Y108.065 E924.01426
G1 X114.693 Y108.884 E924.04881
G1 X115.528 Y109.514 E924.0836
G1 X116.494 Y109.91 E924.11832
G1 X117.5 Y110.034 E924.15204
G1 X117.53 Y110.038 E924.15304
G0 F9000 X117.534 Y110.442
;TYPE:WALL-OUTER
G1 F934.9 X118.666 Y110.281 E924.19107
G1 X119.729 Y109.833 E924.22944
G1 X120.632 Y109.13 E924.2675
G1 X121.324 Y108.212 E924.30574
G1 X121.756 Y107.149 E924.3439
G1 X121.898 Y106.006 E924.38221
G1 X121.737 Y104.874 E924.42024
G1 X121.29 Y103.811 E924.45859
G1 X120.586 Y102.912 E924.49657
G1 X119.668 Y102.22 E924.53481
G1 X118.604 Y101.788 E924.573
G1 X117.462 Y101.642 E924.6113
G1 X116.33 Y101.803 E924.64932
G1 X115.271 Y102.25 E924.68756
G1 X114.368 Y102.954 E924.72564
G1 X113.676 Y103.872 E924.76388
G1 X113.244 Y104.936 E924.80207
G1 X113.098 Y106.078 E924.84036
G1 X113.259 Y107.21 E924.87839
G1 X113.706 Y108.269 E924.91662
G1 X114.41 Y109.172 E924.95471
G1 X115.328 Y109.864 E924.99294
G1 X116.392 Y110.3 E925.03119
G1 X117.5 Y110.438 E925.06832
G1 X117.534 Y110.442 E925.06946
G0 F9000 X117.529 Y109.728
G0 X115.249 Y108.919
G0 X115.111 Y109.099
;TYPE:FILL
G1 F934.9 X116.961 Y102.198 E925.30709
G0 F9000 X116.044 Y102.445
G1 F934.9 X121.096 Y107.497 E925.54473
G0 F9000 X121.341 Y106.583
G1 F934.9 X114.442 Y108.432 E925.78229
G0 F9000 X114.86 Y108.106
G1 F1500 E919.28229
;MESH:NONMESH
G0 F300 X114.86 Y108.106 Z27.8
G0 F9000 X117.468 Y101.877
G0 X117.318 Y100.795
G0 X117.278 Y99.925
G0 X117.411 Y98.839
G0 X117.408 Y98.356
G0 X117.41 Y98.666
;TIME_ELAPSED:2030.726935
;LAYER:138
;note -- min layer time used
;TYPE:WALL-INNER
;MESH:dubelHinge.stl(1)
G1 F1500 E925.78229
G1 F929.8 X118.438 Y98.521 E925.81682
G1 X119.401 Y98.114 E925.85159
G1 X120.22 Y97.475 E925.88614
G1 X120.849 Y96.641 E925.92088
G1 X121.242 Y95.674 E925.9556
G1 X121.374 Y94.637 E925.99037
G1 X121.228 Y93.61 E926.02487
G1 X120.822 Y92.647 E926.05963
G1 X120.183 Y91.828 E926.09418
G1 X119.348 Y91.2 E926.12893
G1 X118.382 Y90.806 E926.16363
G1 X117.345 Y90.674 E926.1984
G1 X116.318 Y90.82 E926.2329
G1 X115.351 Y91.226 E926.26778
G1 X114.536 Y91.865 E926.30223
G1 X113.906 Y92.7 E926.33702
G1 X113.51 Y93.666 E926.37174
G1 X113.382 Y94.702 E926.40646
G1 X113.528 Y95.73 E926.441
G1 X113.935 Y96.697 E926.47589
G1 X114.573 Y97.516 E926.51042
G1 X115.407 Y98.145 E926.54516
G1 X116.373 Y98.538 E926.57985
G1 X117.382 Y98.663 E926.61367
G1 X117.41 Y98.666 E926.6146
G0 F9000 X117.414 Y99.07
;TYPE:WALL-OUTER
G1 F929.8 X118.546 Y98.909 E926.65263
G1 X119.605 Y98.462 E926.69086
G1 X120.508 Y97.758 E926.72895
G1 X121.2 Y96.84 E926.76718
G1 X121.632 Y95.776 E926.80538
G1 X121.778 Y94.634 E926.84367
G1 X121.617 Y93.502 E926.8817
G1 X121.17 Y92.443 E926.91993
G1 X120.466 Y91.54 E926.95801
G1 X119.548 Y90.848 E926.99625
G1 X118.484 Y90.416 E927.03444
G1 X117.342 Y90.27 E927.07274
G1 X116.21 Y90.431 E927.11077
G1 X115.147 Y90.878 E927.14912
G1 X114.248 Y91.582 E927.1871
G1 X113.556 Y92.5 E927.22533
G1 X113.12 Y93.564 E927.26358
G1 X112.978 Y94.706 E927.30185
G1 X113.139 Y95.838 E927.33988
G1 X113.587 Y96.901 E927.37825
G1 X114.29 Y97.804 E927.41631
G1 X115.208 Y98.496 E927.45455
G1 X116.271 Y98.928 E927.49271
G1 X117.383 Y99.066 E927.52998
G1 X117.414 Y99.07 E927.53102
G0 F9000 X117.408 Y98.356
G0 X115.006 Y97.456
G0 X114.868 Y97.638
;TYPE:FILL
G1 F929.8 X116.688 Y90.848 E927.76483
G0 F9000 X116.064 Y91.014
G1 F929.8 X121.031 Y95.981 E927.99846
G0 F9000 X121.2 Y95.364
G1 F929.8 X114.414 Y97.182 E928.23212
G0 F9000 X114.834 Y96.857
G1 F1500 E921.73212
;MESH:dubelHinge.stl
G0 F9000 X116.33 Y98.705
G0 X116.197 Y99.791
G0 X116.631 Y100.89
G0 X116.778 Y101.954
G0 X117.529 Y109.728
G0 X117.53 Y110.038
;TYPE:WALL-INNER
G1 F1500 E928.23212
G1 F929.8 X118.558 Y109.892 E928.26666
G1 X119.525 Y109.485 E928.30155
G1 X120.344 Y108.847 E928.33608
G1 X120.973 Y108.013 E928.37083
G1 X121.366 Y107.047 E928.40551
G1 X121.494 Y106.01 E928.44027
G1 X121.348 Y104.982 E928.4748
G1 X120.942 Y104.015 E928.50968
G1 X120.303 Y103.2 E928.54413
G1 X119.469 Y102.571 E928.57887
G1 X118.502 Y102.178 E928.61359
G1 X117.465 Y102.046 E928.64836
G1 X116.438 Y102.192 E928.68286
G1 X115.475 Y102.598 E928.71762
G1 X114.656 Y103.237 E928.75217
G1 X114.027 Y104.071 E928.78691
G1 X113.634 Y105.038 E928.82163
G1 X113.502 Y106.075 E928.8564
G1 X113.648 Y107.102 E928.8909
G1 X114.054 Y108.065 E928.92566
G1 X114.693 Y108.884 E928.96021
G1 X115.528 Y109.514 E928.995
G1 X116.494 Y109.91 E929.02973
G1 X117.5 Y110.034 E929.06344
G1 X117.53 Y110.038 E929.06445
G0 F9000 X117.534 Y110.442
;TYPE:WALL-OUTER
G1 F929.8 X118.666 Y110.281 E929.10248
G1 X119.729 Y109.833 E929.14084
G1 X120.632 Y109.13 E929.17891
G1 X121.324 Y108.212 E929.21714
G1 X121.756 Y107.149 E929.2553
G1 X121.898 Y106.006 E929.29361
G1 X121.737 Y104.874 E929.33164
G1 X121.29 Y103.811 E929.37
G1 X120.586 Y102.912 E929.40798
G1 X119.668 Y102.22 E929.44621
G1 X118.604 Y101.788 E929.48441
G1 X117.462 Y101.642 E929.5227
G1 X116.33 Y101.803 E929.56073
G1 X115.271 Y102.25 E929.59896
G1 X114.368 Y102.954 E929.63704
G1 X113.676 Y103.872 E929.67528
G1 X113.244 Y104.936 E929.71347
G1 X113.098 Y106.078 E929.75176
G1 X113.259 Y107.21 E929.78979
G1 X113.706 Y108.269 E929.82803
G1 X114.41 Y109.172 E929.86611
G1 X115.328 Y109.864 E929.90434
G1 X116.392 Y110.3 E929.94259
G1 X117.5 Y110.438 E929.97973
G1 X117.534 Y110.442 E929.98086
G0 F9000 X117.529 Y109.728
G0 X115.128 Y108.827
G0 X114.99 Y109.008
;TYPE:FILL
G1 F929.8 X116.809 Y102.219 E930.21463
G0 F9000 X116.185 Y102.386
G1 F929.8 X121.154 Y107.356 E930.44838
G0 F9000 X121.323 Y106.734
G1 F929.8 X114.536 Y108.553 E930.68209
G0 F9000 X114.955 Y108.227
G1 F1500 E924.18209
;MESH:NONMESH
G0 F300 X114.955 Y108.227 Z28
G0 F9000 X117.468 Y101.877
G0 X117.318 Y100.795
G0 X117.278 Y99.925
G0 X117.411 Y98.839
G0 X117.408 Y98.356
G0 X117.41 Y98.666
;TIME_ELAPSED:2043.186432
;LAYER:139
;note -- min layer time used
;TYPE:WALL-INNER
;MESH:dubelHinge.stl(1)
G1 F1500 E930.68209
G1 F924.8 X118.438 Y98.521 E930.71662
G1 X119.401 Y98.114 E930.75139
G1 X120.22 Y97.475 E930.78594
G1 X120.849 Y96.641 E930.82068
G1 X121.242 Y95.674 E930.8554
G1 X121.374 Y94.637 E930.89017
G1 X121.228 Y93.61 E930.92467
G1 X120.822 Y92.647 E930.95943
G1 X120.183 Y91.828 E930.99398
G1 X119.348 Y91.2 E931.02873
G1 X118.382 Y90.806 E931.06343
G1 X117.345 Y90.674 E931.0982
G1 X116.318 Y90.82 E931.1327
G1 X115.351 Y91.226 E931.16758
G1 X114.536 Y91.865 E931.20203
G1 X113.906 Y92.7 E931.23682
G1 X113.51 Y93.666 E931.27154
G1 X113.382 Y94.702 E931.30626
G1 X113.528 Y95.73 E931.3408
G1 X113.935 Y96.697 E931.37569
G1 X114.573 Y97.516 E931.41022
G1 X115.407 Y98.145 E931.44496
G1 X116.373 Y98.538 E931.47965
G1 X117.382 Y98.663 E931.51347
G1 X117.41 Y98.666 E931.5144
G0 F9000 X117.414 Y99.07
;TYPE:WALL-OUTER
G1 F924.8 X118.546 Y98.909 E931.55243
G1 X119.605 Y98.462 E931.59066
G1 X120.508 Y97.758 E931.62875
G1 X121.2 Y96.84 E931.66698
G1 X121.632 Y95.776 E931.70518
G1 X121.778 Y94.634 E931.74347
G1 X121.617 Y93.502 E931.7815
G1 X121.17 Y92.443 E931.81973
G1 X120.466 Y91.54 E931.85781
G1 X119.548 Y90.848 E931.89605
G1 X118.484 Y90.416 E931.93424
G1 X117.342 Y90.27 E931.97254
G1 X116.21 Y90.431 E932.01057
G1 X115.147 Y90.878 E932.04892
G1 X114.248 Y91.582 E932.0869
G1 X113.556 Y92.5 E932.12513
G1 X113.12 Y93.564 E932.16338
G1 X112.978 Y94.706 E932.20165
G1 X113.139 Y95.838 E932.23968
G1 X113.587 Y96.901 E932.27805
G1 X114.29 Y97.804 E932.31611
G1 X115.208 Y98.496 E932.35435
G1 X116.271 Y98.928 E932.39251
G1 X117.383 Y99.066 E932.42978
G1 X117.414 Y99.07 E932.43082
G0 F9000 X117.408 Y98.356
G0 X114.885 Y97.365
G0 X114.747 Y97.547
;TYPE:FILL
G1 F924.8 X116.536 Y90.869 E932.66076
G0 F9000 X116.204 Y90.954
G1 F924.8 X121.089 Y95.839 E932.89054
G0 F9000 X121.181 Y95.515
G1 F924.8 X114.509 Y97.303 E933.12028
G0 F9000 X114.928 Y96.979
G1 F1500 E926.62028
;MESH:dubelHinge.stl
G0 F9000 X116.33 Y98.705
G0 X116.197 Y99.791
G0 X116.631 Y100.89
G0 X116.778 Y101.954
G0 X117.529 Y109.728
G0 X117.53 Y110.038
;TYPE:WALL-INNER
G1 F1500 E933.12028
G1 F924.8 X118.558 Y109.892 E933.15482
G1 X119.525 Y109.485 E933.18971
G1 X120.344 Y108.847 E933.22424
G1 X120.973 Y108.013 E933.25899
G1 X121.366 Y107.047 E933.29367
G1 X121.494 Y106.01 E933.32842
G1 X121.348 Y104.982 E933.36296
G1 X120.942 Y104.015 E933.39784
G1 X120.303 Y103.2 E933.43229
G1 X119.469 Y102.571 E933.46703
G1 X118.502 Y102.178 E933.50175
G1 X117.465 Y102.046 E933.53652
G1 X116.438 Y102.192 E933.57102
G1 X115.475 Y102.598 E933.60578
G1 X114.656 Y103.237 E933.64033
G1 X114.027 Y104.071 E933.67507
G1 X113.634 Y105.038 E933.70979
G1 X113.502 Y106.075 E933.74456
G1 X113.648 Y107.102 E933.77906
G1 X114.054 Y108.065 E933.81382
G1 X114.693 Y108.884 E933.84837
G1 X115.528 Y109.514 E933.88316
G1 X116.494 Y109.91 E933.91788
G1 X117.5 Y110.034 E933.9516
G1 X117.53 Y110.038 E933.9526
G0 F9000 X117.534 Y110.442
;TYPE:WALL-OUTER
G1 F924.8 X118.666 Y110.281 E933.99063
G1 X119.729 Y109.833 E934.029
G1 X120.632 Y109.13 E934.06706
G1 X121.324 Y108.212 E934.1053
G1 X121.756 Y107.149 E934.14346
G1 X121.898 Y106.006 E934.18177
G1 X121.737 Y104.874 E934.2198
G1 X121.29 Y103.811 E934.25815
G1 X120.586 Y102.912 E934.29613
G1 X119.668 Y102.22 E934.33437
G1 X118.604 Y101.788 E934.37256
G1 X117.462 Y101.642 E934.41086
G1 X116.33 Y101.803 E934.44888
G1 X115.271 Y102.25 E934.48712
G1 X114.368 Y102.954 E934.5252
G1 X113.676 Y103.872 E934.56343
G1 X113.244 Y104.936 E934.60163
G1 X113.098 Y106.078 E934.63992
G1 X113.259 Y107.21 E934.67795
G1 X113.706 Y108.269 E934.71618
G1 X114.41 Y109.172 E934.75427
G1 X115.328 Y109.864 E934.7925
G1 X116.392 Y110.3 E934.83075
G1 X117.5 Y110.438 E934.86788
G1 X117.534 Y110.442 E934.86902
G0 F9000 X117.529 Y109.728
G0 X115.006 Y108.735
G0 X114.868 Y108.916
;TYPE:FILL
G1 F924.8 X116.657 Y102.241 E935.09887
G0 F9000 X116.325 Y102.327
G1 F924.8 X121.212 Y107.214 E935.32874
G0 F9000 X121.304 Y106.885
G1 F924.8 X114.63 Y108.674 E935.55855
G0 F9000 X115.049 Y108.348
G1 F1500 E929.05855
;MESH:NONMESH
G0 F300 X115.049 Y108.348 Z28.2
G0 F9000 X117.468 Y101.877
G0 X117.318 Y100.795
G0 X117.278 Y99.925
G0 X117.411 Y98.839
G0 X117.408 Y98.356
G0 X117.41 Y98.666
;TIME_ELAPSED:2055.582598
;LAYER:140
;note -- min layer time used
;TYPE:WALL-INNER
;MESH:dubelHinge.stl(1)
G1 F1500 E935.55855
G1 F920.3 X118.438 Y98.521 E935.59308
G1 X119.401 Y98.114 E935.62786
G1 X120.22 Y97.475 E935.66241
G1 X120.849 Y96.641 E935.69715
G1 X121.242 Y95.674 E935.73187
G1 X121.374 Y94.637 E935.76664
G1 X121.228 Y93.61 E935.80114
G1 X120.822 Y92.647 E935.8359
G1 X120.183 Y91.828 E935.87045
G1 X119.348 Y91.2 E935.9052
G1 X118.382 Y90.806 E935.9399
G1 X117.345 Y90.674 E935.97467
G1 X116.318 Y90.82 E936.00917
G1 X115.351 Y91.226 E936.04405
G1 X114.536 Y91.865 E936.07849
G1 X113.906 Y92.7 E936.11329
G1 X113.51 Y93.666 E936.14801
G1 X113.382 Y94.702 E936.18273
G1 X113.528 Y95.73 E936.21726
G1 X113.935 Y96.697 E936.25216
G1 X114.573 Y97.516 E936.28669
G1 X115.407 Y98.145 E936.32143
G1 X116.373 Y98.538 E936.35612
G1 X117.382 Y98.663 E936.38993
G1 X117.41 Y98.666 E936.39087
G0 F9000 X117.414 Y99.07
;TYPE:WALL-OUTER
G1 F920.3 X118.546 Y98.909 E936.4289
G1 X119.605 Y98.462 E936.46713
G1 X120.508 Y97.758 E936.50521
G1 X121.2 Y96.84 E936.54345
G1 X121.632 Y95.776 E936.58165
G1 X121.778 Y94.634 E936.61994
G1 X121.617 Y93.502 E936.65797
G1 X121.17 Y92.443 E936.6962
G1 X120.466 Y91.54 E936.73428
G1 X119.548 Y90.848 E936.77252
G1 X118.484 Y90.416 E936.81071
G1 X117.342 Y90.27 E936.849
G1 X116.21 Y90.431 E936.88703
G1 X115.147 Y90.878 E936.92539
G1 X114.248 Y91.582 E936.96337
G1 X113.556 Y92.5 E937.0016
G1 X113.12 Y93.564 E937.03985
G1 X112.978 Y94.706 E937.07812
G1 X113.139 Y95.838 E937.11615
G1 X113.587 Y96.901 E937.15452
G1 X114.29 Y97.804 E937.19258
G1 X115.208 Y98.496 E937.23082
G1 X116.271 Y98.928 E937.26898
G1 X117.383 Y99.066 E937.30625
G1 X117.414 Y99.07 E937.30729
G0 F9000 X117.408 Y98.356
G0 X114.796 Y97.298
G0 X114.625 Y97.452
;TYPE:FILL
G1 F920.3 X116.384 Y90.89 E937.53325
G1 X116.347 Y90.896
G1 X121.146 Y95.696 E937.759
G1 X121.157 Y95.668
G1 X114.603 Y97.424 E937.98468
G0 F9000 X115.026 Y97.095
G1 F1500 E931.48468
;MESH:dubelHinge.stl
G0 F9000 X116.33 Y98.705
G0 X116.197 Y99.791
G0 X116.631 Y100.89
G0 X116.778 Y101.954
G0 X117.529 Y109.728
G0 X117.53 Y110.038
;TYPE:WALL-INNER
G1 F1500 E937.98468
G1 F920.3 X118.558 Y109.892 E938.01921
G1 X119.525 Y109.485 E938.05411
G1 X120.344 Y108.847 E938.08864
G1 X120.973 Y108.013 E938.12338
G1 X121.366 Y107.047 E938.15807
G1 X121.494 Y106.01 E938.19282
G1 X121.348 Y104.982 E938.22735
G1 X120.942 Y104.015 E938.26224
G1 X120.303 Y103.2 E938.29668
G1 X119.469 Y102.571 E938.33142
G1 X118.502 Y102.178 E938.36614
G1 X117.465 Y102.046 E938.40091
G1 X116.438 Y102.192 E938.43541
G1 X115.475 Y102.598 E938.47017
G1 X114.656 Y103.237 E938.50472
G1 X114.027 Y104.071 E938.53947
G1 X113.634 Y105.038 E938.57418
G1 X113.502 Y106.075 E938.60895
G1 X113.648 Y107.102 E938.64345
G1 X114.054 Y108.065 E938.67821
G1 X114.693 Y108.884 E938.71276
G1 X115.528 Y109.514 E938.74755
G1 X116.494 Y109.91 E938.78228
G1 X117.5 Y110.034 E938.81599
G1 X117.53 Y110.038 E938.817
G0 F9000 X117.534 Y110.442
;TYPE:WALL-OUTER
G1 F920.3 X118.666 Y110.281 E938.85503
G1 X119.729 Y109.833 E938.89339
G1 X120.632 Y109.13 E938.93146
G1 X121.324 Y108.212 E938.96969
G1 X121.756 Y107.149 E939.00786
G1 X121.898 Y106.006 E939.04617
G1 X121.737 Y104.874 E939.08419
G1 X121.29 Y103.811 E939.12255
G1 X120.586 Y102.912 E939.16053
G1 X119.668 Y102.22 E939.19876
G1 X118.604 Y101.788 E939.23696
G1 X117.462 Y101.642 E939.27525
G1 X116.33 Y101.803 E939.31328
G1 X115.271 Y102.25 E939.35151
G1 X114.368 Y102.954 E939.38959
G1 X113.676 Y103.872 E939.42783
G1 X113.244 Y104.936 E939.46602
G1 X113.098 Y106.078 E939.50432
G1 X113.259 Y107.21 E939.54235
G1 X113.706 Y108.269 E939.58058
G1 X114.41 Y109.172 E939.61866
G1 X115.328 Y109.864 E939.6569
G1 X116.392 Y110.3 E939.69514
G1 X117.5 Y110.438 E939.73228
G1 X117.534 Y110.442 E939.73342
G0 F9000 X117.529 Y109.728
G0 X114.917 Y108.668
G0 X114.747 Y108.823
;TYPE:FILL
G1 F920.3 X116.504 Y102.262 E939.95933
G1 X116.467 Y102.268
G1 X121.27 Y107.071 E940.18524
G1 X121.282 Y107.038
G1 X114.724 Y108.795 E940.41106
G0 F9000 X115.147 Y108.466
G1 F1500 E933.91106
;MESH:NONMESH
G0 F300 X115.147 Y108.466 Z28.4
G0 F9000 X117.468 Y101.877
G0 X117.318 Y100.795
G0 X117.278 Y99.925
G0 X117.411 Y98.839
G0 X117.408 Y98.356
G0 X117.41 Y98.666
;TIME_ELAPSED:2067.828035
;LAYER:141
;note -- min layer time used
;TYPE:WALL-INNER
;MESH:dubelHinge.stl(1)
G1 F1500 E940.41106
G1 F912.6 X118.438 Y98.521 E940.44559
G1 X119.401 Y98.114 E940.48036
G1 X120.22 Y97.475 E940.51491
G1 X120.849 Y96.641 E940.54965
G1 X121.242 Y95.674 E940.58437
G1 X121.374 Y94.637 E940.61914
G1 X121.228 Y93.61 E940.65364
G1 X120.822 Y92.647 E940.6884
G1 X120.183 Y91.828 E940.72295
G1 X119.348 Y91.2 E940.7577
G1 X118.382 Y90.806 E940.7924
G1 X117.345 Y90.674 E940.82717
G1 X116.318 Y90.82 E940.86167
G1 X115.351 Y91.226 E940.89655
G1 X114.536 Y91.865 E940.931
G1 X113.906 Y92.7 E940.96579
G1 X113.51 Y93.666 E941.00051
G1 X113.382 Y94.702 E941.03523
G1 X113.528 Y95.73 E941.06977
G1 X113.935 Y96.697 E941.10466
G1 X114.573 Y97.516 E941.13919
G1 X115.407 Y98.145 E941.17394
G1 X116.373 Y98.538 E941.20862
G1 X117.382 Y98.663 E941.24244
G1 X117.41 Y98.666 E941.24337
G0 F9000 X117.414 Y99.07
;TYPE:WALL-OUTER
G1 F912.6 X118.546 Y98.909 E941.2814
G1 X119.605 Y98.462 E941.31964
G1 X120.508 Y97.758 E941.35772
G1 X121.2 Y96.84 E941.39595
G1 X121.632 Y95.776 E941.43415
G1 X121.778 Y94.634 E941.47244
G1 X121.617 Y93.502 E941.51047
G1 X121.17 Y92.443 E941.5487
G1 X120.466 Y91.54 E941.58678
G1 X119.548 Y90.848 E941.62502
G1 X118.484 Y90.416 E941.66322
G1 X117.342 Y90.27 E941.70151
G1 X116.21 Y90.431 E941.73954
G1 X115.147 Y90.878 E941.77789
G1 X114.248 Y91.582 E941.81587
G1 X113.556 Y92.5 E941.8541
G1 X113.12 Y93.564 E941.89235
G1 X112.978 Y94.706 E941.93063
G1 X113.139 Y95.838 E941.96865
G1 X113.587 Y96.901 E942.00702
G1 X114.29 Y97.804 E942.04508
G1 X115.208 Y98.496 E942.08332
G1 X116.271 Y98.928 E942.12148
G1 X117.383 Y99.066 E942.15875
G1 X117.414 Y99.07 E942.15979
G0 F9000 X117.408 Y98.356
G0 X114.87 Y97.354
G0 X114.731 Y97.536
;TYPE:FILL
G1 F912.6 X121.091 Y95.832 E942.37879
G0 F9000 X121.18 Y95.53
G1 F912.6 X116.521 Y90.872 E942.59791
G0 F9000 X116.223 Y90.946
G1 F912.6 X114.517 Y97.312 E942.81711
G0 F9000 X114.936 Y96.988
G1 F1500 E936.31711
;MESH:dubelHinge.stl
G0 F9000 X116.33 Y98.705
G0 X116.197 Y99.791
G0 X116.631 Y100.89
G0 X116.778 Y101.954
G0 X117.529 Y109.728
G0 X117.53 Y110.038
;TYPE:WALL-INNER
G1 F1500 E942.81711
G1 F912.6 X118.558 Y109.892 E942.85165
G1 X119.525 Y109.485 E942.88654
G1 X120.344 Y108.847 E942.92107
G1 X120.973 Y108.013 E942.95582
G1 X121.366 Y107.047 E942.9905
G1 X121.494 Y106.01 E943.02526
G1 X121.348 Y104.982 E943.05979
G1 X120.942 Y104.015 E943.09467
G1 X120.303 Y103.2 E943.12912
G1 X119.469 Y102.571 E943.16386
G1 X118.502 Y102.178 E943.19858
G1 X117.465 Y102.046 E943.23335
G1 X116.438 Y102.192 E943.26785
G1 X115.475 Y102.598 E943.30261
G1 X114.656 Y103.237 E943.33716
G1 X114.027 Y104.071 E943.3719
G1 X113.634 Y105.038 E943.40662
G1 X113.502 Y106.075 E943.44139
G1 X113.648 Y107.102 E943.47589
G1 X114.054 Y108.065 E943.51065
G1 X114.693 Y108.884 E943.5452
G1 X115.528 Y109.514 E943.57999
G1 X116.494 Y109.91 E943.61472
G1 X117.5 Y110.034 E943.64843
G1 X117.53 Y110.038 E943.64944
G0 F9000 X117.534 Y110.442
;TYPE:WALL-OUTER
G1 F912.6 X118.666 Y110.281 E943.68747
G1 X119.729 Y109.833 E943.72583
G1 X120.632 Y109.13 E943.76389
G1 X121.324 Y108.212 E943.80213
G1 X121.756 Y107.149 E943.84029
G1 X121.898 Y106.006 E943.8786
G1 X121.737 Y104.874 E943.91663
G1 X121.29 Y103.811 E943.95499
G1 X120.586 Y102.912 E943.99296
G1 X119.668 Y102.22 E944.0312
G1 X118.604 Y101.788 E944.0694
G1 X117.462 Y101.642 E944.10769
G1 X116.33 Y101.803 E944.14572
G1 X115.271 Y102.25 E944.18395
G1 X114.368 Y102.954 E944.22203
G1 X113.676 Y103.872 E944.26027
G1 X113.244 Y104.936 E944.29846
G1 X113.098 Y106.078 E944.33675
G1 X113.259 Y107.21 E944.37478
G1 X113.706 Y108.269 E944.41301
G1 X114.41 Y109.172 E944.4511
G1 X115.328 Y109.864 E944.48933
G1 X116.392 Y110.3 E944.52758
G1 X117.5 Y110.438 E944.56472
G1 X117.534 Y110.442 E944.56585
G0 F9000 X117.529 Y109.728
G0 X114.993 Y108.725
G0 X114.855 Y108.906
;TYPE:FILL
G1 F912.6 X121.215 Y107.202 E944.78485
G0 F9000 X121.303 Y106.905
G1 F912.6 X116.642 Y102.243 E945.00411
G0 F9000 X116.344 Y102.317
G1 F912.6 X114.638 Y108.684 E945.22335
G0 F9000 X115.057 Y108.358
G1 F1500 E938.72335
;MESH:NONMESH
G0 F300 X115.057 Y108.358 Z28.6
G0 F9000 X117.468 Y101.877
G0 X117.318 Y100.795
G0 X117.278 Y99.925
G0 X117.411 Y98.839
G0 X117.408 Y98.356
G0 X117.41 Y98.666
;TIME_ELAPSED:2080.205593
;LAYER:142
;note -- min layer time used
;TYPE:WALL-INNER
;MESH:dubelHinge.stl(1)
G1 F1500 E945.22335
G1 F1001.6 X118.438 Y98.521 E945.25788
G1 X119.401 Y98.114 E945.29265
G1 X120.22 Y97.475 E945.3272
G1 X120.849 Y96.641 E945.36195
G1 X121.242 Y95.674 E945.39666
G1 X121.374 Y94.637 E945.43143
G1 X121.228 Y93.61 E945.46593
G1 X120.822 Y92.647 E945.50069
G1 X120.183 Y91.828 E945.53524
G1 X119.348 Y91.2 E945.56999
G1 X118.382 Y90.806 E945.60469
G1 X117.345 Y90.674 E945.63946
G1 X116.318 Y90.82 E945.67396
G1 X115.351 Y91.226 E945.70885
G1 X114.536 Y91.865 E945.74329
G1 X113.906 Y92.7 E945.77808
G1 X113.51 Y93.666 E945.81281
G1 X113.382 Y94.702 E945.84753
G1 X113.528 Y95.73 E945.88206
G1 X113.935 Y96.697 E945.91695
G1 X114.573 Y97.516 E945.95148
G1 X115.407 Y98.145 E945.98623
G1 X116.373 Y98.538 E946.02091
G1 X117.382 Y98.663 E946.05473
G1 X117.41 Y98.666 E946.05567
G0 F9000 X117.414 Y99.07
;TYPE:WALL-OUTER
G1 F1001.6 X118.546 Y98.909 E946.0937
G1 X119.605 Y98.462 E946.13193
G1 X120.508 Y97.758 E946.17001
G1 X121.2 Y96.84 E946.20825
G1 X121.632 Y95.776 E946.24644
G1 X121.778 Y94.634 E946.28473
G1 X121.617 Y93.502 E946.32276
G1 X121.17 Y92.443 E946.36099
G1 X120.466 Y91.54 E946.39908
G1 X119.548 Y90.848 E946.43731
G1 X118.484 Y90.416 E946.47551
G1 X117.342 Y90.27 E946.5138
G1 X116.21 Y90.431 E946.55183
G1 X115.147 Y90.878 E946.59018
G1 X114.248 Y91.582 E946.62816
G1 X113.556 Y92.5 E946.6664
G1 X113.12 Y93.564 E946.70464
G1 X112.978 Y94.706 E946.74292
G1 X113.139 Y95.838 E946.78095
G1 X113.587 Y96.901 E946.81931
G1 X114.29 Y97.804 E946.85738
G1 X115.208 Y98.496 E946.89561
G1 X116.271 Y98.928 E946.93378
G1 X117.383 Y99.066 E946.97105
G1 X117.414 Y99.07 E946.97209
G0 F9000 X117.408 Y98.356
G0 X115.556 Y97.872
G0 X115.418 Y98.053
;TYPE:FILL
G1 F1001.6 X113.993 Y96.628 E947.03911
G0 F9000 X114.407 Y97.172
G1 F1001.6 X116.057 Y91.016 E947.25109
G0 F9000 X116.697 Y90.847
G1 F1001.6 X121.202 Y95.352 E947.46299
G0 F9000 X121.024 Y95.997
G1 F1001.6 X114.875 Y97.644 E947.67472
G0 F9000 X115.014 Y97.462
G0 X120.582 Y96.492
G0 X120.768 Y96.615
G1 F1001.6 X121.288 Y94.674 E947.74155
G0 F9000 X121.062 Y94.646
G0 X117.355 Y90.99
G0 X117.384 Y90.76
G1 F1001.6 X115.406 Y91.29 E947.80966
G0 F9000 X115.669 Y91.757
G1 F1500 E941.30966
;MESH:dubelHinge.stl
G0 F9000 X117.411 Y98.839
G0 X117.562 Y99.921
G0 X117.601 Y100.791
G0 X117.468 Y101.877
G0 X117.529 Y109.728
G0 X117.53 Y110.038
;TYPE:WALL-INNER
G1 F1500 E947.80966
G1 F1001.6 X118.558 Y109.892 E947.8442
G1 X119.525 Y109.485 E947.87909
G1 X120.344 Y108.847 E947.91362
G1 X120.973 Y108.013 E947.94836
G1 X121.366 Y107.047 E947.98305
G1 X121.494 Y106.01 E948.0178
G1 X121.348 Y104.982 E948.05234
G1 X120.942 Y104.015 E948.08722
G1 X120.303 Y103.2 E948.12167
G1 X119.469 Y102.571 E948.15641
G1 X118.502 Y102.178 E948.19113
G1 X117.465 Y102.046 E948.22589
G1 X116.438 Y102.192 E948.2604
G1 X115.475 Y102.598 E948.29516
G1 X114.656 Y103.237 E948.32971
G1 X114.027 Y104.071 E948.36445
G1 X113.634 Y105.038 E948.39917
G1 X113.502 Y106.075 E948.43394
G1 X113.648 Y107.102 E948.46844
G1 X114.054 Y108.065 E948.5032
G1 X114.693 Y108.884 E948.53775
G1 X115.528 Y109.514 E948.57254
G1 X116.494 Y109.91 E948.60726
G1 X117.5 Y110.034 E948.64098
G1 X117.53 Y110.038 E948.64198
G0 F9000 X117.534 Y110.442
;TYPE:WALL-OUTER
G1 F1001.6 X118.666 Y110.281 E948.68001
G1 X119.729 Y109.833 E948.71838
G1 X120.632 Y109.13 E948.75644
G1 X121.324 Y108.212 E948.79468
G1 X121.756 Y107.149 E948.83284
G1 X121.898 Y106.006 E948.87115
G1 X121.737 Y104.874 E948.90918
G1 X121.29 Y103.811 E948.94753
G1 X120.586 Y102.912 E948.98551
G1 X119.668 Y102.22 E949.02375
G1 X118.604 Y101.788 E949.06194
G1 X117.462 Y101.642 E949.10023
G1 X116.33 Y101.803 E949.13826
G1 X115.271 Y102.25 E949.17649
G1 X114.368 Y102.954 E949.21458
G1 X113.676 Y103.872 E949.25281
G1 X113.244 Y104.936 E949.29101
G1 X113.098 Y106.078 E949.3293
G1 X113.259 Y107.21 E949.36733
G1 X113.706 Y108.269 E949.40556
G1 X114.41 Y109.172 E949.44364
G1 X115.328 Y109.864 E949.48188
G1 X116.392 Y110.3 E949.52012
G1 X117.5 Y110.438 E949.55726
G1 X117.534 Y110.442 E949.5584
G0 F9000 X117.529 Y109.728
G0 X115.664 Y109.233
G0 X115.527 Y109.413
;TYPE:FILL
G1 F1001.6 X114.113 Y107.999 E949.62491
G0 F9000 X114.529 Y108.543
G1 F1001.6 X116.178 Y102.388 E949.83685
G0 F9000 X116.818 Y102.219
G1 F1001.6 X121.325 Y106.726 E950.04884
G0 F9000 X121.149 Y107.367
G1 F1001.6 X114.999 Y109.015 E950.26061
G0 F9000 X115.137 Y108.834
G0 X120.707 Y107.858
G0 X120.887 Y107.995
G1 F1001.6 X121.409 Y106.047 E950.32768
G0 F9000 X121.183 Y106.019
G0 X117.475 Y102.362
G0 X117.504 Y102.132
G1 F1001.6 X115.536 Y102.659 E950.39545
G0 F9000 X115.75 Y103.159
G1 F1500 E943.89545
;MESH:NONMESH
G0 F300 X115.75 Y103.159 Z28.8
G0 F9000 X117.468 Y101.877
G0 X117.318 Y100.795
G0 X117.278 Y99.925
G0 X117.411 Y98.839
G0 X117.408 Y98.356
G0 X117.41 Y98.666
;TIME_ELAPSED:2093.406304
;LAYER:143
;note -- min layer time used
;TYPE:WALL-INNER
;MESH:dubelHinge.stl(1)
G1 F1500 E950.39545
G1 F998.9 X118.438 Y98.521 E950.42998
G1 X119.401 Y98.114 E950.46475
G1 X120.22 Y97.475 E950.4993
G1 X120.849 Y96.641 E950.53404
G1 X121.242 Y95.674 E950.56876
G1 X121.374 Y94.637 E950.60353
G1 X121.228 Y93.61 E950.63803
G1 X120.822 Y92.647 E950.67279
G1 X120.183 Y91.828 E950.70734
G1 X119.348 Y91.2 E950.74209
G1 X118.382 Y90.806 E950.77679
G1 X117.345 Y90.674 E950.81156
G1 X116.318 Y90.82 E950.84606
G1 X115.351 Y91.226 E950.88094
G1 X114.536 Y91.865 E950.91539
G1 X113.906 Y92.7 E950.95018
G1 X113.51 Y93.666 E950.9849
G1 X113.382 Y94.702 E951.01962
G1 X113.528 Y95.73 E951.05416
G1 X113.935 Y96.697 E951.08905
G1 X114.573 Y97.516 E951.12358
G1 X115.407 Y98.145 E951.15833
G1 X116.373 Y98.538 E951.19301
G1 X117.382 Y98.663 E951.22683
G1 X117.41 Y98.666 E951.22777
G0 F9000 X117.414 Y99.07
;TYPE:WALL-OUTER
G1 F998.9 X118.546 Y98.909 E951.26579
G1 X119.605 Y98.462 E951.30403
G1 X120.508 Y97.758 E951.34211
G1 X121.2 Y96.84 E951.38034
G1 X121.632 Y95.776 E951.41854
G1 X121.778 Y94.634 E951.45683
G1 X121.617 Y93.502 E951.49486
G1 X121.17 Y92.443 E951.53309
G1 X120.466 Y91.54 E951.57118
G1 X119.548 Y90.848 E951.60941
G1 X118.484 Y90.416 E951.64761
G1 X117.342 Y90.27 E951.6859
G1 X116.21 Y90.431 E951.72393
G1 X115.147 Y90.878 E951.76228
G1 X114.248 Y91.582 E951.80026
G1 X113.556 Y92.5 E951.8385
G1 X113.12 Y93.564 E951.87674
G1 X112.978 Y94.706 E951.91502
G1 X113.139 Y95.838 E951.95305
G1 X113.587 Y96.901 E951.99141
G1 X114.29 Y97.804 E952.02947
G1 X115.208 Y98.496 E952.06771
G1 X116.271 Y98.928 E952.10587
G1 X117.383 Y99.066 E952.14314
G1 X117.414 Y99.07 E952.14418
G0 F9000 X117.408 Y98.356
G0 X115.857 Y97.995
G0 X115.771 Y98.207
;TYPE:FILL
G1 F998.9 X113.847 Y96.282 E952.23471
G0 F9000 X114.299 Y97.032
G1 F998.9 X115.892 Y91.085 E952.43948
G0 F9000 X115.113 Y91.515
G1 F998.9 X117.754 Y90.807 E952.53042
G0 F9000 X116.872 Y90.822
G1 F998.9 X121.225 Y95.175 E952.73517
G0 F9000 X121.244 Y94.293
G1 F998.9 X120.542 Y96.915 E952.82545
G0 F9000 X120.957 Y96.161
G1 F998.9 X115.018 Y97.752 E953.02995
G0 F9000 X115.338 Y97.33
G1 F1500 E946.52995
;MESH:dubelHinge.stl
G0 F9000 X116.33 Y98.705
G0 X116.197 Y99.791
G0 X116.631 Y100.89
G0 X116.778 Y101.954
G0 X117.529 Y109.728
G0 X117.53 Y110.038
;TYPE:WALL-INNER
G1 F1500 E953.02995
G1 F998.9 X118.558 Y109.892 E953.06448
G1 X119.525 Y109.485 E953.09938
G1 X120.344 Y108.847 E953.13391
G1 X120.973 Y108.013 E953.16865
G1 X121.366 Y107.047 E953.20334
G1 X121.494 Y106.01 E953.23809
G1 X121.348 Y104.982 E953.27262
G1 X120.942 Y104.015 E953.30751
G1 X120.303 Y103.2 E953.34195
G1 X119.469 Y102.571 E953.3767
G1 X118.502 Y102.178 E953.41141
G1 X117.465 Y102.046 E953.44618
G1 X116.438 Y102.192 E953.48068
G1 X115.475 Y102.598 E953.51544
G1 X114.656 Y103.237 E953.54999
G1 X114.027 Y104.071 E953.58474
G1 X113.634 Y105.038 E953.61945
G1 X113.502 Y106.075 E953.65422
G1 X113.648 Y107.102 E953.68872
G1 X114.054 Y108.065 E953.72348
G1 X114.693 Y108.884 E953.75803
G1 X115.528 Y109.514 E953.79282
G1 X116.494 Y109.91 E953.82755
G1 X117.5 Y110.034 E953.86126
G1 X117.53 Y110.038 E953.86227
G0 F9000 X117.534 Y110.442
;TYPE:WALL-OUTER
G1 F998.9 X118.666 Y110.281 E953.9003
G1 X119.729 Y109.833 E953.93867
G1 X120.632 Y109.13 E953.97673
G1 X121.324 Y108.212 E954.01496
G1 X121.756 Y107.149 E954.05313
G1 X121.898 Y106.006 E954.09144
G1 X121.737 Y104.874 E954.12947
G1 X121.29 Y103.811 E954.16782
G1 X120.586 Y102.912 E954.2058
G1 X119.668 Y102.22 E954.24403
G1 X118.604 Y101.788 E954.28223
G1 X117.462 Y101.642 E954.32052
G1 X116.33 Y101.803 E954.35855
G1 X115.271 Y102.25 E954.39678
G1 X114.368 Y102.954 E954.43486
G1 X113.676 Y103.872 E954.4731
G1 X113.244 Y104.936 E954.51129
G1 X113.098 Y106.078 E954.54959
G1 X113.259 Y107.21 E954.58762
G1 X113.706 Y108.269 E954.62585
G1 X114.41 Y109.172 E954.66393
G1 X115.328 Y109.864 E954.70217
G1 X116.392 Y110.3 E954.74041
G1 X117.5 Y110.438 E954.77755
G1 X117.534 Y110.442 E954.77869
G0 F9000 X117.529 Y109.728
G0 X115.973 Y109.366
G0 X115.888 Y109.575
;TYPE:FILL
G1 F998.9 X113.967 Y107.654 E954.86904
G0 F9000 X114.42 Y108.404
G1 F998.9 X116.013 Y102.458 E955.07378
G0 F9000 X115.237 Y102.885
G1 F998.9 X117.874 Y102.179 E955.16458
G0 F9000 X116.992 Y102.194
G1 F998.9 X121.347 Y106.548 E955.3694
G0 F9000 X121.365 Y105.667
G1 F998.9 X120.661 Y108.294 E955.45986
G0 F9000 X121.082 Y107.531
G1 F998.9 X115.141 Y109.122 E955.66442
G0 F9000 X115.461 Y108.703
G1 F1500 E949.16442
;MESH:NONMESH
G0 F300 X115.461 Y108.703 Z29
G0 F9000 X117.468 Y101.877
G0 X117.318 Y100.795
G0 X117.278 Y99.925
G0 X117.411 Y98.839
G0 X117.408 Y98.356
G0 X117.41 Y98.666
;TIME_ELAPSED:2106.372987
;LAYER:144
;note -- min layer time used
;TYPE:WALL-INNER
;MESH:dubelHinge.stl(1)
G1 F1500 E955.66442
G1 F1024.1 X118.438 Y98.521 E955.69895
G1 X119.401 Y98.114 E955.73372
G1 X120.22 Y97.475 E955.76827
G1 X120.849 Y96.641 E955.80302
G1 X121.242 Y95.674 E955.83773
G1 X121.374 Y94.637 E955.8725
G1 X121.228 Y93.61 E955.90701
G1 X120.822 Y92.647 E955.94176
G1 X120.183 Y91.828 E955.97632
G1 X119.348 Y91.2 E956.01107
G1 X118.382 Y90.806 E956.04576
G1 X117.345 Y90.674 E956.08053
G1 X116.318 Y90.82 E956.11504
G1 X115.351 Y91.226 E956.14992
G1 X114.536 Y91.865 E956.18436
G1 X113.906 Y92.7 E956.21915
G1 X113.51 Y93.666 E956.25388
G1 X113.382 Y94.702 E956.2886
G1 X113.528 Y95.73 E956.32313
G1 X113.935 Y96.697 E956.35803
G1 X114.573 Y97.516 E956.39256
G1 X115.407 Y98.145 E956.4273
G1 X116.373 Y98.538 E956.46199
G1 X117.382 Y98.663 E956.4958
G1 X117.41 Y98.666 E956.49674
G0 F9000 X117.414 Y99.07
;TYPE:WALL-OUTER
G1 F1024.1 X118.546 Y98.909 E956.53477
G1 X119.605 Y98.462 E956.573
G1 X120.508 Y97.758 E956.61108
G1 X121.2 Y96.84 E956.64932
G1 X121.632 Y95.776 E956.68751
G1 X121.778 Y94.634 E956.72581
G1 X121.617 Y93.502 E956.76383
G1 X121.17 Y92.443 E956.80207
G1 X120.466 Y91.54 E956.84015
G1 X119.548 Y90.848 E956.87839
G1 X118.484 Y90.416 E956.91658
G1 X117.342 Y90.27 E956.95487
G1 X116.21 Y90.431 E956.9929
G1 X115.147 Y90.878 E957.03126
G1 X114.248 Y91.582 E957.06923
G1 X113.556 Y92.5 E957.10747
G1 X113.12 Y93.564 E957.14571
G1 X112.978 Y94.706 E957.18399
G1 X113.139 Y95.838 E957.22202
G1 X113.587 Y96.901 E957.26039
G1 X114.29 Y97.804 E957.29845
G1 X115.208 Y98.496 E957.33668
G1 X116.271 Y98.928 E957.37485
G1 X117.383 Y99.066 E957.41212
G1 X117.414 Y99.07 E957.41316
G0 F9000 X117.408 Y98.356
G0 X116.195 Y98.132
G0 X116.109 Y98.344
;TYPE:FILL
G1 F1024.1 X113.7 Y95.935 E957.52647
G0 F9000 X113.913 Y95.846
G0 X114.371 Y96.751
G0 X114.189 Y96.892
G1 F1024.1 X115.727 Y91.154 E957.72405
G0 F9000 X115.816 Y91.369
G0 X114.969 Y91.921
G0 X114.827 Y91.738
G1 F1024.1 X118.126 Y90.855 E957.83764
G0 F9000 X118.098 Y91.082
G0 X117.079 Y91.028
G0 X117.048 Y90.797
G1 F1024.1 X121.248 Y94.997 E958.0352
G0 F9000 X121.021 Y94.969
G0 X120.966 Y93.963
G0 X121.194 Y93.933
G1 F1024.1 X120.314 Y97.217 E958.14828
G0 F9000 X120.136 Y97.081
G0 X120.683 Y96.242
G0 X120.89 Y96.326
G1 F1024.1 X115.162 Y97.86 E958.3455
G0 F9000 X115.481 Y97.438
G1 F1500 E951.8455
;MESH:dubelHinge.stl
G0 F9000 X116.33 Y98.705
G0 X116.197 Y99.791
G0 X116.631 Y100.89
G0 X116.778 Y101.954
G0 X117.529 Y109.728
G0 X117.53 Y110.038
;TYPE:WALL-INNER
G1 F1500 E958.3455
G1 F1024.1 X118.558 Y109.892 E958.38004
G1 X119.525 Y109.485 E958.41493
G1 X120.344 Y108.847 E958.44946
G1 X120.973 Y108.013 E958.48421
G1 X121.366 Y107.047 E958.51889
G1 X121.494 Y106.01 E958.55364
G1 X121.348 Y104.982 E958.58818
G1 X120.942 Y104.015 E958.62306
G1 X120.303 Y103.2 E958.65751
G1 X119.469 Y102.571 E958.69225
G1 X118.502 Y102.178 E958.72697
G1 X117.465 Y102.046 E958.76174
G1 X116.438 Y102.192 E958.79624
G1 X115.475 Y102.598 E958.831
G1 X114.656 Y103.237 E958.86555
G1 X114.027 Y104.071 E958.90029
G1 X113.634 Y105.038 E958.93501
G1 X113.502 Y106.075 E958.96978
G1 X113.648 Y107.102 E959.00428
G1 X114.054 Y108.065 E959.03904
G1 X114.693 Y108.884 E959.07359
G1 X115.528 Y109.514 E959.10838
G1 X116.494 Y109.91 E959.1431
G1 X117.5 Y110.034 E959.17682
G1 X117.53 Y110.038 E959.17782
G0 F9000 X117.534 Y110.442
;TYPE:WALL-OUTER
G1 F1024.1 X118.666 Y110.281 E959.21585
G1 X119.729 Y109.833 E959.25422
G1 X120.632 Y109.13 E959.29228
G1 X121.324 Y108.212 E959.33052
G1 X121.756 Y107.149 E959.36868
G1 X121.898 Y106.006 E959.40699
G1 X121.737 Y104.874 E959.44502
G1 X121.29 Y103.811 E959.48337
G1 X120.586 Y102.912 E959.52135
G1 X119.668 Y102.22 E959.55959
G1 X118.604 Y101.788 E959.59778
G1 X117.462 Y101.642 E959.63608
G1 X116.33 Y101.803 E959.6741
G1 X115.271 Y102.25 E959.71234
G1 X114.368 Y102.954 E959.75042
G1 X113.676 Y103.872 E959.78866
G1 X113.244 Y104.936 E959.82685
G1 X113.098 Y106.078 E959.86514
G1 X113.259 Y107.21 E959.90317
G1 X113.706 Y108.269 E959.9414
G1 X114.41 Y109.172 E959.97949
G1 X115.328 Y109.864 E960.01772
G1 X116.392 Y110.3 E960.05597
G1 X117.5 Y110.438 E960.0931
G1 X117.534 Y110.442 E960.09424
G0 F9000 X117.529 Y109.728
G0 X116.315 Y109.504
G0 X116.229 Y109.715
;TYPE:FILL
G1 F1024.1 X113.821 Y107.307 E960.20751
G0 F9000 X114.033 Y107.219
G0 X114.491 Y108.123
G0 X114.311 Y108.263
G1 F1024.1 X115.847 Y102.527 E960.40501
G0 F9000 X115.937 Y102.742
G0 X115.091 Y103.291
G0 X114.95 Y103.109
G1 F1024.1 X118.246 Y102.226 E960.5185
G0 F9000 X118.217 Y102.454
G0 X117.199 Y102.4
G0 X117.168 Y102.169
G1 F1024.1 X121.369 Y106.37 E960.7161
G0 F9000 X121.142 Y106.342
G0 X121.088 Y105.338
G0 X121.314 Y105.308
G1 F1024.1 X120.433 Y108.596 E960.82932
G0 F9000 X120.253 Y108.459
G0 X120.805 Y107.61
G0 X121.015 Y107.696
G1 F1024.1 X115.285 Y109.231 E961.02662
G0 F9000 X115.605 Y108.812
G1 F1500 E954.52662
;MESH:NONMESH
G0 F300 X115.605 Y108.812 Z29.2
G0 F9000 X117.468 Y101.877
G0 X117.318 Y100.795
G0 X117.278 Y99.925
G0 X117.411 Y98.839
G0 X117.408 Y98.356
G0 X117.41 Y98.666
;TIME_ELAPSED:2119.729077
;LAYER:145
;note -- min layer time used
;TYPE:WALL-INNER
;MESH:dubelHinge.stl(1)
G1 F1500 E961.02662
G1 F1483.5 X118.438 Y98.521 E961.06115
G1 X119.401 Y98.114 E961.09592
G1 X120.22 Y97.475 E961.13047
G1 X120.849 Y96.641 E961.16522
G1 X121.242 Y95.674 E961.19993
G1 X121.374 Y94.637 E961.2347
G1 X121.228 Y93.61 E961.2692
G1 X120.822 Y92.647 E961.30396
G1 X120.183 Y91.828 E961.33851
G1 X119.348 Y91.2 E961.37326
G1 X118.382 Y90.806 E961.40796
G1 X117.345 Y90.674 E961.44273
G1 X116.318 Y90.82 E961.47723
G1 X115.351 Y91.226 E961.51212
G1 X114.536 Y91.865 E961.54656
G1 X113.906 Y92.7 E961.58135
G1 X113.51 Y93.666 E961.61608
G1 X113.382 Y94.702 E961.6508
G1 X113.528 Y95.73 E961.68533
G1 X113.935 Y96.697 E961.72023
G1 X114.573 Y97.516 E961.75476
G1 X115.407 Y98.145 E961.7895
G1 X116.373 Y98.538 E961.82419
G1 X117.382 Y98.663 E961.858
G1 X117.41 Y98.666 E961.85894
G0 F9000 X117.414 Y99.07
;TYPE:WALL-OUTER
G1 F1483.5 X118.546 Y98.909 E961.89697
G1 X119.605 Y98.462 E961.9352
G1 X120.508 Y97.758 E961.97328
G1 X121.2 Y96.84 E962.01152
G1 X121.632 Y95.776 E962.04971
G1 X121.778 Y94.634 E962.088
G1 X121.617 Y93.502 E962.12603
G1 X121.17 Y92.443 E962.16427
G1 X120.466 Y91.54 E962.20235
G1 X119.548 Y90.848 E962.24058
G1 X118.484 Y90.416 E962.27878
G1 X117.342 Y90.27 E962.31707
G1 X116.21 Y90.431 E962.3551
G1 X115.147 Y90.878 E962.39345
G1 X114.248 Y91.582 E962.43143
G1 X113.556 Y92.5 E962.46967
G1 X113.12 Y93.564 E962.50791
G1 X112.978 Y94.706 E962.54619
G1 X113.139 Y95.838 E962.58422
G1 X113.587 Y96.901 E962.62259
G1 X114.29 Y97.804 E962.66065
G1 X115.208 Y98.496 E962.69888
G1 X116.271 Y98.928 E962.73705
G1 X117.383 Y99.066 E962.77432
G1 X117.414 Y99.07 E962.77536
G0 F9000 X117.6 Y98.438
;TYPE:FILL
G1 F1483.5 X117.6 Y97.352 E962.81148
G0 F9000 X117.2 Y97.459
G1 F1483.5 X117.2 Y98.439 E962.84407
G0 F9000 X116.429 Y98.464
G1 F1483.5 X113.593 Y95.628 E962.97747
G0 F9000 X113.598 Y94.8
G1 F1483.5 X114.604 Y94.8 E963.01093
G0 F9000 X114.711 Y94.4
G1 F1483.5 X113.622 Y94.4 E963.04715
G0 F9000 X113.671 Y94
G1 F1483.5 X114.819 Y94 E963.08533
G0 F9000 X114.926 Y93.6
G1 F1483.5 X113.754 Y93.6 E963.12431
G0 F9000 X113.918 Y93.2
G1 F1483.5 X115.033 Y93.2 E963.1614
G0 F9000 X115.14 Y92.8
G1 F1483.5 X114.081 Y92.8 E963.19662
G0 F9000 X114.569 Y91.954
G1 F1483.5 X115.471 Y91.712 E963.22768
G0 F9000 X115.917 Y91.593
G1 F1483.5 X115.471 Y91.712 E963.24303
G1 X120.338 Y96.579 E963.47196
G1 X120.458 Y96.133 E963.48732
G1 X115.917 Y91.593 E963.7009
G1 X117.255 Y91.234 E963.74697
G0 F9000 X117.223 Y90.773
G1 F1483.5 X121.27 Y94.82 E963.93733
G0 F9000 X120.817 Y94.795
G1 F1483.5 X120.458 Y96.133 E963.98341
G0 F9000 X120.338 Y96.579
G1 F1483.5 X120.101 Y97.467 E964.01397
G0 F9000 X119.962 Y97.288
G0 X119.16 Y97.883
G0 X119.2 Y97.982
G1 F1483.5 X119.2 Y96.923 E964.0492
G0 F9000 X118.8 Y97.03
G1 F1483.5 X118.8 Y98.151 E964.08648
G0 F9000 X118.4 Y98.319
G1 F1483.5 X118.4 Y97.138 E964.12576
G0 F9000 X118 Y97.245
G1 F1483.5 X118 Y98.381 E964.16355
G0 F9000 X117.986 Y98.273
G0 X115.443 Y97.786
G0 X115.305 Y97.968
G1 F1483.5 X120.823 Y96.489 E964.35355
G0 F9000 X120.617 Y96.405
G0 X120.926 Y93.686
G0 X121.137 Y93.599
G1 F1483.5 X120.817 Y94.795 E964.39473
G1 X117.255 Y91.234 E964.56225
G1 X118.441 Y90.916 E964.60309
G0 F9000 X119.201 Y91.357
G1 F1483.5 X118.754 Y92.303 E964.63789
G0 F9000 X120.353 Y92.548
G0 X120.439 Y92.482
G1 F1483.5 X119.956 Y93.505 E964.67552
G0 F9000 X115.651 Y91.439
G0 X115.562 Y91.224
G1 F1483.5 X114.081 Y96.753 E964.8659
G0 F9000 X114.5 Y96.429
G1 F1500 E958.3659
;MESH:dubelHinge.stl
G0 F9000 X115.321 Y98.296
G0 X114.91 Y99.31
G0 X115.967 Y101.019
G0 X116.394 Y102.026
G0 X117.529 Y109.728
G0 X117.53 Y110.038
;TYPE:WALL-INNER
G1 F1500 E964.8659
G1 F1483.5 X118.558 Y109.892 E964.90043
G1 X119.525 Y109.485 E964.93533
G1 X120.344 Y108.847 E964.96986
G1 X120.973 Y108.013 E965.0046
G1 X121.366 Y107.047 E965.03929
G1 X121.494 Y106.01 E965.07404
G1 X121.348 Y104.982 E965.10858
G1 X120.942 Y104.015 E965.14346
G1 X120.303 Y103.2 E965.1779
G1 X119.469 Y102.571 E965.21265
G1 X118.502 Y102.178 E965.24736
G1 X117.465 Y102.046 E965.28213
G1 X116.438 Y102.192 E965.31663
G1 X115.475 Y102.598 E965.35139
G1 X114.656 Y103.237 E965.38594
G1 X114.027 Y104.071 E965.42069
G1 X113.634 Y105.038 E965.45541
G1 X113.502 Y106.075 E965.49017
G1 X113.648 Y107.102 E965.52468
G1 X114.054 Y108.065 E965.55944
G1 X114.693 Y108.884 E965.59399
G1 X115.528 Y109.514 E965.62878
G1 X116.494 Y109.91 E965.6635
G1 X117.5 Y110.034 E965.69721
G1 X117.53 Y110.038 E965.69822
G0 F9000 X117.534 Y110.442
;TYPE:WALL-OUTER
G1 F1483.5 X118.666 Y110.281 E965.73625
G1 X119.729 Y109.833 E965.77462
G1 X120.632 Y109.13 E965.81268
G1 X121.324 Y108.212 E965.85091
G1 X121.756 Y107.149 E965.88908
G1 X121.898 Y106.006 E965.92739
G1 X121.737 Y104.874 E965.96542
G1 X121.29 Y103.811 E966.00377
G1 X120.586 Y102.912 E966.04175
G1 X119.668 Y102.22 E966.07998
G1 X118.604 Y101.788 E966.11818
G1 X117.462 Y101.642 E966.15647
G1 X116.33 Y101.803 E966.1945
G1 X115.271 Y102.25 E966.23273
G1 X114.368 Y102.954 E966.27082
G1 X113.676 Y103.872 E966.30905
G1 X113.244 Y104.936 E966.34725
G1 X113.098 Y106.078 E966.38554
G1 X113.259 Y107.21 E966.42357
G1 X113.706 Y108.269 E966.4618
G1 X114.41 Y109.172 E966.49988
G1 X115.328 Y109.864 E966.53812
G1 X116.392 Y110.3 E966.57636
G1 X117.5 Y110.438 E966.6135
G1 X117.534 Y110.442 E966.61464
G0 F9000 X117.6 Y109.827
;TYPE:FILL
G1 F1483.5 X117.6 Y108.755 E966.65029
G0 F9000 X117.2 Y108.862
G1 F1483.5 X117.2 Y109.796 E966.68136
G0 F9000 X116.55 Y109.836
G1 F1483.5 X113.714 Y107.001 E966.81473
G0 F9000 X114.4 Y107.387
G1 F1483.5 X114.4 Y103.908 E966.93044
G0 F9000 X114.691 Y103.324
G1 F1483.5 X115.988 Y102.977 E966.9751
G0 F9000 X115.548 Y103.103
G1 F1483.5 X115.683 Y102.597 E966.99252
G0 F9000 X115.773 Y102.811
G0 X114.867 Y103.465
G0 X114.8 Y103.378
G1 F1483.5 X114.8 Y105.894 E967.0762
G0 F9000 X114.383 Y107.984
G0 X114.202 Y108.124
G1 F1483.5 X115.548 Y103.103 E967.2491
G1 X120.44 Y107.995 E967.4792
G1 X115.428 Y109.339 E967.65179
G0 F9000 X115.566 Y109.159
G0 X118.386 Y109.606
G0 X118.4 Y109.713
G1 F1483.5 X118.4 Y108.541 E967.69077
G0 F9000 X118.8 Y108.434
G1 F1483.5 X118.8 Y109.574 E967.72869
G0 F9000 X119.2 Y109.405
G1 F1483.5 X119.2 Y108.327 E967.76454
G0 F9000 X120.083 Y108.66
G0 X120.222 Y108.84
G1 F1483.5 X120.567 Y107.556 E967.80876
G0 F9000 X120.44 Y107.995
G1 F1483.5 X120.949 Y107.859 E967.82628
G0 F9000 X120.739 Y107.773
G0 X120.925 Y106.217
G1 F1483.5 X121.258 Y104.972 E967.86915
G0 F9000 X120.301 Y105.101
G1 F1483.5 X120.571 Y103.866 E967.9112
G0 F9000 X120.485 Y103.933
G0 X118.957 Y103.757
G1 F1483.5 X119.194 Y102.676 E967.948
G0 F9000 X118.561 Y102.288
G1 F1483.5 X117.327 Y102.619 E967.9905
G1 X120.925 Y106.217 E968.15974
G1 X120.567 Y107.556 E968.20584
G1 X115.988 Y102.977 E968.42122
G1 X117.327 Y102.619 E968.46732
G0 F9000 X117.343 Y102.144
G1 F1483.5 X121.391 Y106.193 E968.65775
G0 F9000 X120.867 Y106.128
G1 F1500 E962.15775
;MESH:NONMESH
G0 F300 X120.867 Y106.128 Z29.4
G0 F9000 X117.468 Y101.877
G0 X117.318 Y100.795
G0 X117.278 Y99.925
G0 X117.411 Y98.839
G0 X117.408 Y98.356
G0 X117.41 Y98.666
;TIME_ELAPSED:2135.725213
;LAYER:146
;TYPE:WALL-INNER
;MESH:dubelHinge.stl(1)
G1 F1500 E968.65775
G1 X118.438 Y98.521 E968.69228
G1 X119.401 Y98.114 E968.72705
G1 X120.22 Y97.475 E968.7616
G1 X120.849 Y96.641 E968.79634
G1 X121.242 Y95.674 E968.83106
G1 X121.374 Y94.637 E968.86583
G1 X121.228 Y93.61 E968.90033
G1 X120.822 Y92.647 E968.93509
G1 X120.183 Y91.828 E968.96964
G1 X119.348 Y91.2 E969.00439
G1 X118.382 Y90.806 E969.03909
G1 X117.345 Y90.674 E969.07386
G1 X116.318 Y90.82 E969.10836
G1 X115.351 Y91.226 E969.14324
G1 X114.536 Y91.865 E969.17769
G1 X113.906 Y92.7 E969.21248
G1 X113.51 Y93.666 E969.2472
G1 X113.382 Y94.702 E969.28192
G1 X113.528 Y95.73 E969.31646
G1 X113.935 Y96.697 E969.35135
G1 X114.573 Y97.516 E969.38588
G1 X115.407 Y98.145 E969.42063
G1 X116.373 Y98.538 E969.45531
G1 X117.382 Y98.663 E969.48913
G1 X117.41 Y98.666 E969.49007
G0 F9000 X117.414 Y99.07
;TYPE:WALL-OUTER
G1 F1500 X118.546 Y98.909 E969.52809
G1 X119.605 Y98.462 E969.56633
G1 X120.508 Y97.758 E969.60441
G1 X121.2 Y96.84 E969.64265
G1 X121.632 Y95.776 E969.68084
G1 X121.778 Y94.634 E969.71913
G1 X121.617 Y93.502 E969.75716
G1 X121.17 Y92.443 E969.79539
G1 X120.466 Y91.54 E969.83348
G1 X119.548 Y90.848 E969.87171
G1 X118.484 Y90.416 E969.90991
G1 X117.342 Y90.27 E969.9482
G1 X116.21 Y90.431 E969.98623
G1 X115.147 Y90.878 E970.02458
G1 X114.248 Y91.582 E970.06256
G1 X113.556 Y92.5 E970.1008
G1 X113.12 Y93.564 E970.13904
G1 X112.978 Y94.706 E970.17732
G1 X113.139 Y95.838 E970.21535
G1 X113.587 Y96.901 E970.25371
G1 X114.29 Y97.804 E970.29178
G1 X115.208 Y98.496 E970.33001
G1 X116.271 Y98.928 E970.36817
G1 X117.383 Y99.066 E970.40544
G1 X117.414 Y99.07 E970.40648
G0 F9000 X117.41 Y98.302
;TYPE:SKIN
G1 F1500 X117.382 Y98.299 E970.40742
G1 X116.463 Y98.184 E970.43822
G1 X115.584 Y97.828 E970.46977
G1 X114.826 Y97.256 E970.50135
G1 X114.247 Y96.513 E970.53268
G1 X113.875 Y95.63 E970.56455
G1 X113.742 Y94.698 E970.59586
G1 X113.86 Y93.76 E970.62731
G1 X114.224 Y92.877 E970.65907
G1 X114.793 Y92.118 E970.69062
G1 X115.535 Y91.538 E970.72195
G1 X116.414 Y91.167 E970.75368
G1 X117.342 Y91.034 E970.78486
G1 X118.288 Y91.156 E970.81658
G1 X119.167 Y91.516 E970.84818
G1 X119.93 Y92.088 E970.87989
G1 X120.506 Y92.827 E970.91106
G1 X120.877 Y93.706 E970.94279
G1 X121.01 Y94.634 E970.97397
G1 X120.888 Y95.58 E971.0057
G1 X120.528 Y96.46 E971.03732
G1 X119.959 Y97.218 E971.06884
G1 X119.217 Y97.798 E971.10017
G1 X118.338 Y98.169 E971.1319
G1 X117.41 Y98.302 E971.16308
G0 F9000 X117.378 Y98.561
G0 X116.831 Y98.459
G0 X115.631 Y98.127
G0 X115.804 Y97.702
G1 F1500 X114.354 Y96.252 E971.23128
G0 F9000 X114.04 Y95.372
G1 F1500 X116.677 Y98.009 E971.35532
G0 F9000 X117.322 Y98.089
G1 F1500 X113.946 Y94.713 E971.51412
G0 F9000 X114.005 Y94.206
G1 F1500 X117.837 Y98.038 E971.69436
G0 F9000 X118.322 Y97.958
G1 F1500 X114.09 Y93.725 E971.89345
G0 F9000 X114.255 Y93.325
G1 F1500 X118.72 Y97.79 E972.10347
G0 F9000 X119.118 Y97.622
G1 F1500 X114.43 Y92.934 E972.32398
G0 F9000 X114.673 Y92.611
G1 F1500 X119.435 Y97.374 E972.54799
G0 F9000 X119.753 Y97.125
G1 F1500 X114.915 Y92.288 E972.77553
G0 F9000 X115.227 Y92.033
G1 F1500 X120.01 Y96.817 E973.00053
G0 F9000 X120.253 Y96.494
G1 F1500 X115.544 Y91.785 E973.22203
G0 F9000 X115.918 Y91.594
G1 F1500 X120.449 Y96.125 E973.43515
G0 F9000 X120.614 Y95.724
G1 F1500 X116.316 Y91.425 E973.63734
G0 F9000 X116.774 Y91.318
G1 F1500 X120.726 Y95.271 E973.82326
G0 F9000 X120.791 Y94.769
G1 F1500 X117.269 Y91.247 E973.98892
G0 F9000 X117.894 Y91.307
G1 F1500 X120.739 Y94.152 E974.12274
G0 F9000 X120.515 Y93.362
G1 F1500 X118.691 Y91.538 E974.20853
G1 F1500 E967.70853
;MESH:dubelHinge.stl
G0 F9000 X118.865 Y91.113
G0 X119.267 Y91.342
G0 X120.07 Y91.944
G0 X120.682 Y92.729
G0 X121.072 Y93.654
G0 X121.211 Y94.638
G0 X121.085 Y95.633
G0 X120.707 Y96.561
G0 X120.104 Y97.362
G0 X119.398 Y97.913
G0 X117.411 Y98.839
G0 X117.562 Y99.921
G0 X117.601 Y100.791
G0 X117.53 Y110.038
;TYPE:WALL-INNER
G1 F1500 E974.20853
G1 X118.558 Y109.892 E974.24307
G1 X119.525 Y109.485 E974.27796
G1 X120.344 Y108.847 E974.31249
G1 X120.973 Y108.013 E974.34724
G1 X121.366 Y107.047 E974.38192
G1 X121.494 Y106.01 E974.41668
G1 X121.348 Y104.982 E974.45121
G1 X120.942 Y104.015 E974.48609
G1 X120.303 Y103.2 E974.52054
G1 X119.469 Y102.571 E974.55528
G1 X118.502 Y102.178 E974.59
G1 X117.465 Y102.046 E974.62477
G1 X116.438 Y102.192 E974.65927
G1 X115.475 Y102.598 E974.69403
G1 X114.656 Y103.237 E974.72858
G1 X114.027 Y104.071 E974.76332
G1 X113.634 Y105.038 E974.79804
G1 X113.502 Y106.075 E974.83281
G1 X113.648 Y107.102 E974.86731
G1 X114.054 Y108.065 E974.90207
G1 X114.693 Y108.884 E974.93662
G1 X115.528 Y109.514 E974.97141
G1 X116.494 Y109.91 E975.00614
G1 X117.5 Y110.034 E975.03985
G1 X117.53 Y110.038 E975.04086
G0 F9000 X117.534 Y110.442
;TYPE:WALL-OUTER
G1 F1500 X118.666 Y110.281 E975.07889
G1 X119.729 Y109.833 E975.11725
G1 X120.632 Y109.13 E975.15532
G1 X121.324 Y108.212 E975.19355
G1 X121.756 Y107.149 E975.23171
G1 X121.898 Y106.006 E975.27002
G1 X121.737 Y104.874 E975.30805
G1 X121.29 Y103.811 E975.34641
G1 X120.586 Y102.912 E975.38438
G1 X119.668 Y102.22 E975.42262
G1 X118.604 Y101.788 E975.46082
G1 X117.462 Y101.642 E975.49911
G1 X116.33 Y101.803 E975.53714
G1 X115.271 Y102.25 E975.57537
G1 X114.368 Y102.954 E975.61345
G1 X113.676 Y103.872 E975.65169
G1 X113.244 Y104.936 E975.68988
G1 X113.098 Y106.078 E975.72817
G1 X113.259 Y107.21 E975.7662
G1 X113.706 Y108.269 E975.80444
G1 X114.41 Y109.172 E975.84252
G1 X115.328 Y109.864 E975.88075
G1 X116.392 Y110.3 E975.919
G1 X117.5 Y110.438 E975.95614
G1 X117.534 Y110.442 E975.95727
G0 F9000 X117.53 Y109.674
;TYPE:SKIN
G1 F1500 X117.5 Y109.67 E975.95828
G1 X116.588 Y109.556 E975.98885
G1 X115.704 Y109.192 E976.02065
G1 X114.946 Y108.623 E976.05217
G1 X114.366 Y107.881 E976.0835
G1 X113.995 Y107.002 E976.11523
G1 X113.862 Y106.078 E976.14628
G1 X113.984 Y105.128 E976.17813
G1 X114.344 Y104.248 E976.20976
G1 X114.916 Y103.49 E976.24134
G1 X115.659 Y102.91 E976.27269
G1 X116.535 Y102.539 E976.30433
G1 X117.462 Y102.406 E976.33548
G1 X118.408 Y102.528 E976.36721
G1 X119.288 Y102.888 E976.39883
G1 X120.046 Y103.457 E976.43035
G1 X120.629 Y104.199 E976.46174
G1 X120.997 Y105.078 E976.49343
G1 X121.13 Y106.006 E976.52461
G1 X121.012 Y106.953 E976.55635
G1 X120.656 Y107.832 E976.5879
G1 X120.084 Y108.59 E976.61948
G1 X119.341 Y109.169 E976.65081
G1 X118.458 Y109.541 E976.68268
G1 X117.53 Y109.674 E976.71386
G0 F9000 X117.498 Y109.933
G0 X116.718 Y109.787
G0 X115.526 Y109.386
G0 X115.806 Y109.017
G1 F1500 X114.52 Y107.732 E976.77433
G0 F9000 X114.169 Y106.816
G1 F1500 X116.726 Y109.372 E976.89458
G0 F9000 X117.372 Y109.452
G1 F1500 X114.075 Y106.155 E977.04966
G0 F9000 X114.12 Y105.635
G1 F1500 X117.904 Y109.418 E977.22762
G0 F9000 X118.399 Y109.348
G1 F1500 X114.194 Y105.143 E977.42541
G0 F9000 X114.358 Y104.741
G1 F1500 X118.797 Y109.181 E977.63423
G0 F9000 X119.196 Y109.013
G1 F1500 X114.523 Y104.341 E977.85401
G0 F9000 X114.767 Y104.019
G1 F1500 X119.522 Y108.774 E978.07767
G0 F9000 X119.84 Y108.526
G1 F1500 X115.011 Y103.697 E978.30481
G0 F9000 X115.314 Y103.435
G1 F1500 X120.107 Y108.228 E978.53026
G0 F9000 X120.351 Y107.906
G1 F1500 X115.631 Y103.186 E978.75228
G0 F9000 X115.996 Y102.985
G1 F1500 X120.557 Y107.547 E978.96683
G0 F9000 X120.72 Y107.144
G1 F1500 X116.393 Y102.816 E979.17039
G0 F9000 X116.839 Y102.697
G1 F1500 X120.842 Y106.7 E979.35868
G0 F9000 X120.905 Y106.197
G1 F1500 X117.334 Y102.627 E979.52662
G0 F9000 X117.944 Y102.67
G1 F1500 X120.869 Y105.596 E979.66423
G0 F9000 X120.682 Y104.843
G1 F1500 X118.705 Y102.866 E979.75722
G1 F1500 E973.25722
;MESH:NONMESH
G0 F300 X118.705 Y102.866 Z29.6
G0 F9000 X118.879 Y102.44
G0 X117.468 Y101.877
G0 X117.318 Y100.795
G0 X117.278 Y99.925
G0 X117.41 Y98.666
;TIME_ELAPSED:2154.483508
;LAYER:147
;TYPE:WALL-INNER
;MESH:dubelHinge.stl(1)
G1 F1500 E979.75722
G1 X118.438 Y98.521 E979.79175
G1 X119.401 Y98.114 E979.82652
G1 X120.22 Y97.475 E979.86107
G1 X120.849 Y96.641 E979.89582
G1 X121.242 Y95.674 E979.93053
G1 X121.374 Y94.637 E979.9653
G1 X121.228 Y93.61 E979.9998
G1 X120.822 Y92.647 E980.03456
G1 X120.183 Y91.828 E980.06911
G1 X119.348 Y91.2 E980.10386
G1 X118.382 Y90.806 E980.13856
G1 X117.345 Y90.674 E980.17333
G1 X116.318 Y90.82 E980.20783
G1 X115.351 Y91.226 E980.24272
G1 X114.536 Y91.865 E980.27716
G1 X113.906 Y92.7 E980.31195
G1 X113.51 Y93.666 E980.34668
G1 X113.382 Y94.702 E980.3814
G1 X113.528 Y95.73 E980.41593
G1 X113.935 Y96.697 E980.45083
G1 X114.573 Y97.516 E980.48536
G1 X115.407 Y98.145 E980.5201
G1 X116.373 Y98.538 E980.55479
G1 X117.382 Y98.663 E980.5886
G1 X117.41 Y98.666 E980.58954
G0 F9000 X117.414 Y99.07
;TYPE:WALL-OUTER
G1 F1500 X118.546 Y98.909 E980.62757
G1 X119.605 Y98.462 E980.6658
G1 X120.508 Y97.758 E980.70388
G1 X121.2 Y96.84 E980.74212
G1 X121.632 Y95.776 E980.78031
G1 X121.778 Y94.634 E980.8186
G1 X121.617 Y93.502 E980.85663
G1 X121.17 Y92.443 E980.89487
G1 X120.466 Y91.54 E980.93295
G1 X119.548 Y90.848 E980.97118
G1 X118.484 Y90.416 E981.00938
G1 X117.342 Y90.27 E981.04767
G1 X116.21 Y90.431 E981.0857
G1 X115.147 Y90.878 E981.12405
G1 X114.248 Y91.582 E981.16203
G1 X113.556 Y92.5 E981.20027
G1 X113.12 Y93.564 E981.23851
G1 X112.978 Y94.706 E981.27679
G1 X113.139 Y95.838 E981.31482
G1 X113.587 Y96.901 E981.35319
G1 X114.29 Y97.804 E981.39125
G1 X115.208 Y98.496 E981.42948
G1 X116.271 Y98.928 E981.46765
G1 X117.383 Y99.066 E981.50492
G1 X117.414 Y99.07 E981.50596
G0 F9000 X117.41 Y98.302
;TYPE:SKIN
G1 F1500 X117.382 Y98.299 E981.50689
G1 X116.463 Y98.184 E981.5377
G1 X115.584 Y97.828 E981.56924
G1 X114.826 Y97.256 E981.60082
G1 X114.247 Y96.513 E981.63215
G1 X113.875 Y95.63 E981.66402
G1 X113.742 Y94.698 E981.69533
G1 X113.86 Y93.76 E981.72678
G1 X114.224 Y92.877 E981.75854
G1 X114.793 Y92.118 E981.79009
G1 X115.535 Y91.538 E981.82142
G1 X116.414 Y91.167 E981.85315
G1 X117.342 Y91.034 E981.88433
G1 X118.288 Y91.156 E981.91606
G1 X119.167 Y91.516 E981.94765
G1 X119.93 Y92.088 E981.97937
G1 X120.506 Y92.827 E982.01053
G1 X120.877 Y93.706 E982.04226
G1 X121.01 Y94.634 E982.07344
G1 X120.888 Y95.58 E982.10517
G1 X120.528 Y96.46 E982.13679
G1 X119.959 Y97.218 E982.16832
G1 X119.217 Y97.798 E982.19964
G1 X118.338 Y98.169 E982.23137
G1 X117.41 Y98.302 E982.26255
G0 F9000 X117.378 Y98.561
G0 X118.394 Y98.364
G0 X119.319 Y97.974
G0 X120.025 Y97.423
G0 X120.82 Y96.443
G0 X120.39 Y96.268
G1 F1500 X118.973 Y97.685 E982.32921
G0 F9000 X118.089 Y98.003
G1 F1500 X120.712 Y95.38 E982.45258
G0 F9000 X120.795 Y94.731
G1 F1500 X117.429 Y98.097 E982.61091
G0 F9000 X116.921 Y98.04
G1 F1500 X120.747 Y94.213 E982.7909
G0 F9000 X120.668 Y93.727
G1 F1500 X116.436 Y97.958 E982.98993
G0 F9000 X116.033 Y97.796
G1 F1500 X120.5 Y93.329 E983.20005
G0 F9000 X120.332 Y92.932
G1 F1500 X115.641 Y97.622 E983.42067
G0 F9000 X115.319 Y97.379
G1 F1500 X120.084 Y92.613 E983.64483
G0 F9000 X119.837 Y92.295
G1 F1500 X114.997 Y97.135 E983.87249
G0 F9000 X114.743 Y96.823
G1 F1500 X119.529 Y92.037 E984.09761
G0 F9000 X119.205 Y91.795
G1 F1500 X114.495 Y96.505 E984.31915
G0 F9000 X114.304 Y96.131
G1 F1500 X118.838 Y91.597 E984.53242
G0 F9000 X118.437 Y91.432
G1 F1500 X114.136 Y95.733 E984.73472
G0 F9000 X114.027 Y95.276
G1 F1500 X117.985 Y91.319 E984.92087
G0 F9000 X117.484 Y91.254
G1 F1500 X113.957 Y94.781 E985.08677
G0 F9000 X114.012 Y94.16
G1 F1500 X116.868 Y91.304 E985.22111
G0 F9000 X116.084 Y91.523
G1 F1500 X114.237 Y93.369 E985.30796
G1 F1500 E978.80796
;MESH:dubelHinge.stl
G0 F9000 X113.812 Y93.195
G0 X113.667 Y93.707
G0 X113.545 Y94.7
G0 X113.684 Y95.687
G0 X114.036 Y96.522
G0 X115.321 Y98.296
G0 X114.91 Y99.31
G0 X115.967 Y101.019
G0 X117.53 Y110.038
;TYPE:WALL-INNER
G1 F1500 E985.30796
G1 X118.558 Y109.892 E985.34249
G1 X119.525 Y109.485 E985.37739
G1 X120.344 Y108.847 E985.41192
G1 X120.973 Y108.013 E985.44666
G1 X121.366 Y107.047 E985.48135
G1 X121.494 Y106.01 E985.5161
G1 X121.348 Y104.982 E985.55064
G1 X120.942 Y104.015 E985.58552
G1 X120.303 Y103.2 E985.61996
G1 X119.469 Y102.571 E985.65471
G1 X118.502 Y102.178 E985.68943
G1 X117.465 Y102.046 E985.72419
G1 X116.438 Y102.192 E985.7587
G1 X115.475 Y102.598 E985.79346
G1 X114.656 Y103.237 E985.82801
G1 X114.027 Y104.071 E985.86275
G1 X113.634 Y105.038 E985.89747
G1 X113.502 Y106.075 E985.93224
G1 X113.648 Y107.102 E985.96674
G1 X114.054 Y108.065 E986.0015
G1 X114.693 Y108.884 E986.03605
G1 X115.528 Y109.514 E986.07084
G1 X116.494 Y109.91 E986.10556
G1 X117.5 Y110.034 E986.13928
G1 X117.53 Y110.038 E986.14028
G0 F9000 X117.534 Y110.442
;TYPE:WALL-OUTER
G1 F1500 X118.666 Y110.281 E986.17831
G1 X119.729 Y109.833 E986.21668
G1 X120.632 Y109.13 E986.25474
G1 X121.324 Y108.212 E986.29298
G1 X121.756 Y107.149 E986.33114
G1 X121.898 Y106.006 E986.36945
G1 X121.737 Y104.874 E986.40748
G1 X121.29 Y103.811 E986.44583
G1 X120.586 Y102.912 E986.48381
G1 X119.668 Y102.22 E986.52205
G1 X118.604 Y101.788 E986.56024
G1 X117.462 Y101.642 E986.59853
G1 X116.33 Y101.803 E986.63656
G1 X115.271 Y102.25 E986.67479
G1 X114.368 Y102.954 E986.71288
G1 X113.676 Y103.872 E986.75111
G1 X113.244 Y104.936 E986.78931
G1 X113.098 Y106.078 E986.8276
G1 X113.259 Y107.21 E986.86563
G1 X113.706 Y108.269 E986.90386
G1 X114.41 Y109.172 E986.94194
G1 X115.328 Y109.864 E986.98018
G1 X116.392 Y110.3 E987.01842
G1 X117.5 Y110.438 E987.05556
G1 X117.534 Y110.442 E987.0567
G0 F9000 X117.53 Y109.674
;TYPE:SKIN
G1 F1500 X117.5 Y109.67 E987.05771
G1 X116.588 Y109.556 E987.08828
G1 X115.704 Y109.192 E987.12007
G1 X114.946 Y108.623 E987.1516
G1 X114.366 Y107.881 E987.18292
G1 X113.995 Y107.002 E987.21465
G1 X113.862 Y106.078 E987.2457
G1 X113.984 Y105.128 E987.27756
G1 X114.344 Y104.248 E987.30918
G1 X114.916 Y103.49 E987.34077
G1 X115.659 Y102.91 E987.37212
G1 X116.535 Y102.539 E987.40376
G1 X117.462 Y102.406 E987.43491
G1 X118.408 Y102.528 E987.46663
G1 X119.288 Y102.888 E987.49825
G1 X120.046 Y103.457 E987.52978
G1 X120.629 Y104.199 E987.56116
G1 X120.997 Y105.078 E987.59286
G1 X121.13 Y106.006 E987.62404
G1 X121.012 Y106.953 E987.65578
G1 X120.656 Y107.832 E987.68732
G1 X120.084 Y108.59 E987.71891
G1 X119.341 Y109.169 E987.75024
G1 X118.458 Y109.541 E987.7821
G1 X117.53 Y109.674 E987.81329
G0 F9000 X117.498 Y109.933
G0 X118.515 Y109.736
G0 X119.443 Y109.345
G0 X120.228 Y108.733
G0 X120.571 Y108.279
G0 X121.073 Y107.499
G0 X120.646 Y107.325
G1 F1500 X118.785 Y109.186 E987.90082
G0 F9000 X118.001 Y109.405
G1 F1500 X120.861 Y106.545 E988.03535
G0 F9000 X120.916 Y105.924
G1 F1500 X117.385 Y109.454 E988.20141
G0 F9000 X116.882 Y109.392
G1 F1500 X120.845 Y105.429 E988.38782
G0 F9000 X120.736 Y104.973
G1 F1500 X116.432 Y109.276 E988.59024
G0 F9000 X116.031 Y109.112
G1 F1500 X120.569 Y104.574 E988.80369
G0 F9000 X120.376 Y104.201
G1 F1500 X115.664 Y108.913 E989.02533
G0 F9000 X115.341 Y108.67
G1 F1500 X120.128 Y103.884 E989.25048
G0 F9000 X119.871 Y103.575
G1 F1500 X115.035 Y108.411 E989.47795
G0 F9000 X114.787 Y108.093
G1 F1500 X119.548 Y103.332 E989.70189
G0 F9000 X119.225 Y103.09
G1 F1500 X114.539 Y107.775 E989.92228
G0 F9000 X114.371 Y107.378
G1 F1500 X118.831 Y102.917 E990.13209
G0 F9000 X118.43 Y102.753
G1 F1500 X114.203 Y106.98 E990.33091
G0 F9000 X114.123 Y106.494
G1 F1500 X117.948 Y102.67 E990.51081
G0 F9000 X117.441 Y102.611
G1 F1500 X114.077 Y105.975 E990.66904
G0 F9000 X114.161 Y105.325
G1 F1500 X116.781 Y102.705 E990.79228
G0 F9000 X115.892 Y103.028
G1 F1500 X114.482 Y104.438 E990.8586
G1 F1500 E984.3586
;MESH:NONMESH
G0 F300 X114.482 Y104.438 Z29.8
G0 F9000 X114.057 Y104.265
G0 X114.701 Y103.441
G0 X116.394 Y102.026
G0 X116.244 Y100.943
G0 X116.665 Y99.849
G0 X117.41 Y98.666
;TIME_ELAPSED:2173.409657
;LAYER:148
;TYPE:WALL-INNER
;MESH:dubelHinge.stl(1)
G1 F1500 E990.8586
G1 X118.438 Y98.521 E990.89313
G1 X119.401 Y98.114 E990.9279
G1 X120.22 Y97.475 E990.96245
G1 X120.849 Y96.641 E990.99719
G1 X121.242 Y95.674 E991.03191
G1 X121.374 Y94.637 E991.06668
G1 X121.228 Y93.61 E991.10118
G1 X120.822 Y92.647 E991.13594
G1 X120.183 Y91.828 E991.17049
G1 X119.348 Y91.2 E991.20524
G1 X118.382 Y90.806 E991.23994
G1 X117.345 Y90.674 E991.27471
G1 X116.318 Y90.82 E991.30921
G1 X115.351 Y91.226 E991.34409
G1 X114.536 Y91.865 E991.37854
G1 X113.906 Y92.7 E991.41333
G1 X113.51 Y93.666 E991.44805
G1 X113.382 Y94.702 E991.48277
G1 X113.528 Y95.73 E991.51731
G1 X113.935 Y96.697 E991.5522
G1 X114.573 Y97.516 E991.58673
G1 X115.407 Y98.145 E991.62148
G1 X116.373 Y98.538 E991.65616
G1 X117.382 Y98.663 E991.68998
G1 X117.41 Y98.666 E991.69092
G0 F9000 X117.414 Y99.07
;TYPE:WALL-OUTER
G1 F1500 X118.546 Y98.909 E991.72894
G1 X119.605 Y98.462 E991.76718
G1 X120.508 Y97.758 E991.80526
G1 X121.2 Y96.84 E991.8435
G1 X121.632 Y95.776 E991.88169
G1 X121.778 Y94.634 E991.91998
G1 X121.617 Y93.502 E991.95801
G1 X121.17 Y92.443 E991.99624
G1 X120.466 Y91.54 E992.03433
G1 X119.548 Y90.848 E992.07256
G1 X118.484 Y90.416 E992.11076
G1 X117.342 Y90.27 E992.14905
G1 X116.21 Y90.431 E992.18708
G1 X115.147 Y90.878 E992.22543
G1 X114.248 Y91.582 E992.26341
G1 X113.556 Y92.5 E992.30165
G1 X113.12 Y93.564 E992.33989
G1 X112.978 Y94.706 E992.37817
G1 X113.139 Y95.838 E992.4162
G1 X113.587 Y96.901 E992.45456
G1 X114.29 Y97.804 E992.49263
G1 X115.208 Y98.496 E992.53086
G1 X116.271 Y98.928 E992.56902
G1 X117.383 Y99.066 E992.60629
G1 X117.414 Y99.07 E992.60733
G0 F9000 X117.41 Y98.302
;TYPE:SKIN
G1 F1500 X117.382 Y98.299 E992.60827
G1 X116.463 Y98.184 E992.63907
G1 X115.584 Y97.828 E992.67062
G1 X114.826 Y97.256 E992.7022
G1 X114.247 Y96.513 E992.73353
G1 X113.875 Y95.63 E992.7654
G1 X113.742 Y94.698 E992.79671
G1 X113.86 Y93.76 E992.82816
G1 X114.224 Y92.877 E992.85992
G1 X114.793 Y92.118 E992.89147
G1 X115.535 Y91.538 E992.9228
G1 X116.414 Y91.167 E992.95453
G1 X117.342 Y91.034 E992.98571
G1 X118.288 Y91.156 E993.01744
G1 X119.167 Y91.516 E993.04903
G1 X119.93 Y92.088 E993.08074
G1 X120.506 Y92.827 E993.11191
G1 X120.877 Y93.706 E993.14364
G1 X121.01 Y94.634 E993.17482
G1 X120.888 Y95.58 E993.20655
G1 X120.528 Y96.46 E993.23817
G1 X119.959 Y97.218 E993.26969
G1 X119.217 Y97.798 E993.30102
G1 X118.338 Y98.169 E993.33275
G1 X117.41 Y98.302 E993.36393
G0 F9000 X117.378 Y98.561
G0 X116.831 Y98.459
G0 X115.631 Y98.127
G0 X115.804 Y97.702
G1 F1500 X114.354 Y96.252 E993.43214
G0 F9000 X114.04 Y95.372
G1 F1500 X116.677 Y98.009 E993.55617
G0 F9000 X117.322 Y98.089
G1 F1500 X113.946 Y94.713 E993.71497
G0 F9000 X114.005 Y94.206
G1 F1500 X117.837 Y98.038 E993.89521
G0 F9000 X118.322 Y97.958
G1 F1500 X114.09 Y93.725 E994.0943
G0 F9000 X114.255 Y93.325
G1 F1500 X118.72 Y97.79 E994.30432
G0 F9000 X119.118 Y97.622
G1 F1500 X114.43 Y92.934 E994.52483
G0 F9000 X114.673 Y92.611
G1 F1500 X119.435 Y97.374 E994.74884
G0 F9000 X119.753 Y97.125
G1 F1500 X114.915 Y92.288 E994.97638
G0 F9000 X115.227 Y92.033
G1 F1500 X120.01 Y96.817 E995.20138
G0 F9000 X120.253 Y96.494
G1 F1500 X115.544 Y91.785 E995.42288
G0 F9000 X115.918 Y91.594
G1 F1500 X120.449 Y96.125 E995.636
G0 F9000 X120.614 Y95.724
G1 F1500 X116.316 Y91.425 E995.83819
G0 F9000 X116.774 Y91.318
G1 F1500 X120.726 Y95.271 E996.02411
G0 F9000 X120.791 Y94.769
G1 F1500 X117.269 Y91.247 E996.18977
G0 F9000 X117.894 Y91.307
G1 F1500 X120.739 Y94.152 E996.32359
G0 F9000 X120.515 Y93.362
G1 F1500 X118.691 Y91.538 E996.40938
G1 F1500 E989.90938
;MESH:dubelHinge.stl
G0 F9000 X118.865 Y91.113
G0 X119.267 Y91.342
G0 X120.07 Y91.944
G0 X120.682 Y92.729
G0 X121.072 Y93.654
G0 X121.211 Y94.638
G0 X121.085 Y95.633
G0 X120.707 Y96.561
G0 X120.104 Y97.362
G0 X119.398 Y97.913
G0 X117.411 Y98.839
G0 X117.562 Y99.921
G0 X117.601 Y100.791
G0 X117.53 Y110.038
;TYPE:WALL-INNER
G1 F1500 E996.40938
G1 X118.558 Y109.892 E996.44392
G1 X119.525 Y109.485 E996.47881
G1 X120.344 Y108.847 E996.51334
G1 X120.973 Y108.013 E996.54809
G1 X121.366 Y107.047 E996.58277
G1 X121.494 Y106.01 E996.61753
G1 X121.348 Y104.982 E996.65206
G1 X120.942 Y104.015 E996.68694
G1 X120.303 Y103.2 E996.72139
G1 X119.469 Y102.571 E996.75613
G1 X118.502 Y102.178 E996.79085
G1 X117.465 Y102.046 E996.82562
G1 X116.438 Y102.192 E996.86012
G1 X115.475 Y102.598 E996.89488
G1 X114.656 Y103.237 E996.92943
G1 X114.027 Y104.071 E996.96417
G1 X113.634 Y105.038 E996.99889
G1 X113.502 Y106.075 E997.03366
G1 X113.648 Y107.102 E997.06816
G1 X114.054 Y108.065 E997.10292
G1 X114.693 Y108.884 E997.13747
G1 X115.528 Y109.514 E997.17226
G1 X116.494 Y109.91 E997.20699
G1 X117.5 Y110.034 E997.2407
G1 X117.53 Y110.038 E997.24171
G0 F9000 X117.534 Y110.442
;TYPE:WALL-OUTER
G1 F1500 X118.666 Y110.281 E997.27974
G1 X119.729 Y109.833 E997.3181
G1 X120.632 Y109.13 E997.35617
G1 X121.324 Y108.212 E997.3944
G1 X121.756 Y107.149 E997.43256
G1 X121.898 Y106.006 E997.47087
G1 X121.737 Y104.874 E997.5089
G1 X121.29 Y103.811 E997.54726
G1 X120.586 Y102.912 E997.58524
G1 X119.668 Y102.22 E997.62347
G1 X118.604 Y101.788 E997.66167
G1 X117.462 Y101.642 E997.69996
G1 X116.33 Y101.803 E997.73799
G1 X115.271 Y102.25 E997.77622
G1 X114.368 Y102.954 E997.8143
G1 X113.676 Y103.872 E997.85254
G1 X113.244 Y104.936 E997.89073
G1 X113.098 Y106.078 E997.92902
G1 X113.259 Y107.21 E997.96705
G1 X113.706 Y108.269 E998.00529
G1 X114.41 Y109.172 E998.04337
G1 X115.328 Y109.864 E998.0816
G1 X116.392 Y110.3 E998.11985
G1 X117.5 Y110.438 E998.15699
G1 X117.534 Y110.442 E998.15812
G0 F9000 X117.53 Y109.674
;TYPE:SKIN
G1 F1500 X117.5 Y109.67 E998.15913
G1 X116.588 Y109.556 E998.1897
G1 X115.704 Y109.192 E998.2215
G1 X114.946 Y108.623 E998.25302
G1 X114.366 Y107.881 E998.28435
G1 X113.995 Y107.002 E998.31608
G1 X113.862 Y106.078 E998.34713
G1 X113.984 Y105.128 E998.37898
G1 X114.344 Y104.248 E998.41061
G1 X114.916 Y103.49 E998.44219
G1 X115.659 Y102.91 E998.47354
G1 X116.535 Y102.539 E998.50518
G1 X117.462 Y102.406 E998.53633
G1 X118.408 Y102.528 E998.56806
G1 X119.288 Y102.888 E998.59968
G1 X120.046 Y103.457 E998.6312
G1 X120.629 Y104.199 E998.66259
G1 X120.997 Y105.078 E998.69428
G1 X121.13 Y106.006 E998.72546
G1 X121.012 Y106.953 E998.7572
G1 X120.656 Y107.832 E998.78875
G1 X120.084 Y108.59 E998.82033
G1 X119.341 Y109.169 E998.85166
G1 X118.458 Y109.541 E998.88353
G1 X117.53 Y109.674 E998.91471
G0 F9000 X117.498 Y109.933
G0 X116.718 Y109.787
G0 X115.526 Y109.386
G0 X115.806 Y109.017
G1 F1500 X114.52 Y107.732 E998.97518
G0 F9000 X114.169 Y106.816
G1 F1500 X116.726 Y109.372 E999.09543
G0 F9000 X117.372 Y109.452
G1 F1500 X114.075 Y106.155 E999.25051
G0 F9000 X114.12 Y105.635
G1 F1500 X117.904 Y109.418 E999.42847
G0 F9000 X118.399 Y109.348
G1 F1500 X114.194 Y105.143 E999.62626
G0 F9000 X114.358 Y104.741
G1 F1500 X118.797 Y109.181 E999.83508
G0 F9000 X119.196 Y109.013
G1 F1500 X114.523 Y104.341 E1000.05486
G0 F9000 X114.767 Y104.019
G1 F1500 X119.522 Y108.774 E1000.27852
G0 F9000 X119.84 Y108.526
G1 F1500 X115.011 Y103.697 E1000.50566
G0 F9000 X115.314 Y103.435
G1 F1500 X120.107 Y108.228 E1000.73111
G0 F9000 X120.351 Y107.906
G1 F1500 X115.631 Y103.186 E1000.95313
G0 F9000 X115.996 Y102.985
G1 F1500 X120.557 Y107.547 E1001.16768
G0 F9000 X120.72 Y107.144
G1 F1500 X116.393 Y102.816 E1001.37124
G0 F9000 X116.839 Y102.697
G1 F1500 X120.842 Y106.7 E1001.55953
G0 F9000 X120.905 Y106.197
G1 F1500 X117.334 Y102.627 E1001.72747
G0 F9000 X117.944 Y102.67
G1 F1500 X120.869 Y105.596 E1001.86508
G0 F9000 X120.682 Y104.843
G1 F1500 X118.705 Y102.866 E1001.95807
G1 F1500 E995.45807
;MESH:NONMESH
G0 F300 X118.705 Y102.866 Z30
G0 F9000 X118.879 Y102.44
G0 X117.468 Y101.877
G0 X117.318 Y100.795
G0 X117.278 Y99.925
G0 X117.41 Y98.666
;TIME_ELAPSED:2192.167953
;LAYER:149
;TYPE:WALL-INNER
;MESH:dubelHinge.stl(1)
G1 F1500 E1001.95807
G1 X118.438 Y98.521 E1001.9926
G1 X119.401 Y98.114 E1002.02737
G1 X120.22 Y97.475 E1002.06192
G1 X120.848 Y96.642 E1002.09662
G1 X121.242 Y95.678 E1002.13126
G1 X121.374 Y94.641 E1002.16603
G1 X121.228 Y93.61 E1002.20066
G1 X120.822 Y92.647 E1002.23542
G1 X120.186 Y91.831 E1002.26983
G1 X119.349 Y91.195 E1002.30479
G1 X118.383 Y90.806 E1002.33943
G1 X117.345 Y90.674 E1002.37423
G1 X116.318 Y90.82 E1002.40873
G1 X115.351 Y91.226 E1002.44362
G1 X114.536 Y91.865 E1002.47806
G1 X113.907 Y92.699 E1002.5128
G1 X113.514 Y93.662 E1002.5474
G1 X113.382 Y94.703 E1002.5823
G1 X113.528 Y95.73 E1002.6168
G1 X113.935 Y96.694 E1002.6516
G1 X114.57 Y97.513 E1002.68607
G1 X115.408 Y98.146 E1002.721
G1 X116.373 Y98.538 E1002.75565
G1 X117.382 Y98.663 E1002.78946
G1 X117.41 Y98.666 E1002.7904
G0 F9000 X117.414 Y99.07
;TYPE:WALL-OUTER
G1 F1500 X118.546 Y98.909 E1002.82843
G1 X119.605 Y98.462 E1002.86666
G1 X120.508 Y97.758 E1002.90474
G1 X121.2 Y96.84 E1002.94298
G1 X121.632 Y95.78 E1002.98105
G1 X121.778 Y94.638 E1003.01934
G1 X121.617 Y93.502 E1003.0575
G1 X121.17 Y92.443 E1003.09574
G1 X120.47 Y91.544 E1003.13363
G1 X119.548 Y90.844 E1003.17213
G1 X118.485 Y90.416 E1003.21025
G1 X117.342 Y90.27 E1003.24857
G1 X116.21 Y90.431 E1003.2866
G1 X115.147 Y90.878 E1003.32496
G1 X114.248 Y91.582 E1003.36293
G1 X113.556 Y92.5 E1003.40117
G1 X113.124 Y93.56 E1003.43924
G1 X112.978 Y94.706 E1003.47767
G1 X113.139 Y95.838 E1003.5157
G1 X113.587 Y96.898 E1003.55397
G1 X114.286 Y97.8 E1003.59193
G1 X115.208 Y98.496 E1003.63035
G1 X116.271 Y98.928 E1003.66851
G1 X117.383 Y99.066 E1003.70578
G1 X117.414 Y99.07 E1003.70682
G0 F9000 X117.41 Y98.302
;TYPE:SKIN
G1 F1500 X117.382 Y98.299 E1003.70776
G1 X116.463 Y98.184 E1003.73856
G1 X115.584 Y97.828 E1003.7701
G1 X114.822 Y97.252 E1003.80187
G1 X114.247 Y96.51 E1003.8331
G1 X113.875 Y95.63 E1003.86487
G1 X113.742 Y94.702 E1003.89605
G1 X113.864 Y93.752 E1003.92791
G1 X114.224 Y92.877 E1003.95938
G1 X114.793 Y92.118 E1003.99093
G1 X115.535 Y91.538 E1004.02225
G1 X116.414 Y91.167 E1004.05399
G1 X117.342 Y91.034 E1004.08517
G1 X118.293 Y91.156 E1004.11706
G1 X119.164 Y91.508 E1004.1483
G1 X119.934 Y92.092 E1004.18045
G1 X120.506 Y92.827 E1004.21142
G1 X120.877 Y93.706 E1004.24316
G1 X121.01 Y94.638 E1004.27447
G1 X120.888 Y95.584 E1004.30619
G1 X120.528 Y96.464 E1004.33782
G1 X119.96 Y97.218 E1004.36921
G1 X119.217 Y97.798 E1004.40056
G1 X118.338 Y98.169 E1004.4323
G1 X117.41 Y98.302 E1004.46348
G0 F9000 X117.378 Y98.561
G0 X118.394 Y98.364
G0 X119.319 Y97.974
G0 X120.025 Y97.423
G0 X120.821 Y96.44
G0 X120.393 Y96.265
G1 F1500 X118.973 Y97.685 E1004.53027
G0 F9000 X118.089 Y98.003
G1 F1500 X120.712 Y95.38 E1004.65365
G0 F9000 X120.796 Y94.73
G1 F1500 X117.429 Y98.097 E1004.81202
G0 F9000 X116.921 Y98.04
G1 F1500 X120.747 Y94.213 E1004.99201
G0 F9000 X120.668 Y93.727
G1 F1500 X116.436 Y97.958 E1005.19105
G0 F9000 X116.034 Y97.795
G1 F1500 X120.5 Y93.329 E1005.40111
G0 F9000 X120.333 Y92.931
G1 F1500 X115.642 Y97.622 E1005.62176
G0 F9000 X115.32 Y97.378
G1 F1500 X120.085 Y92.613 E1005.84589
G0 F9000 X119.838 Y92.294
G1 F1500 X114.997 Y97.135 E1006.0736
G0 F9000 X114.744 Y96.823
G1 F1500 X119.53 Y92.036 E1006.29874
G0 F9000 X119.208 Y91.792
G1 F1500 X114.496 Y96.505 E1006.5204
G0 F9000 X114.305 Y96.13
G1 F1500 X118.842 Y91.593 E1006.73381
G0 F9000 X118.439 Y91.43
G1 F1500 X114.136 Y95.733 E1006.93621
G0 F9000 X114.027 Y95.277
G1 F1500 X117.986 Y91.318 E1007.12243
G0 F9000 X117.484 Y91.254
G1 F1500 X113.956 Y94.782 E1007.28837
G0 F9000 X114.013 Y94.159
G1 F1500 X116.868 Y91.304 E1007.42267
G0 F9000 X116.084 Y91.523
G1 F1500 X114.238 Y93.369 E1007.5095
G1 F1500 E1001.0095
;MESH:dubelHinge.stl
G0 F9000 X113.813 Y93.196
G0 X113.671 Y93.703
G0 X113.545 Y94.701
G0 X113.684 Y95.686
G0 X114.036 Y96.519
G0 X115.321 Y98.296
G0 X114.91 Y99.31
G0 X115.967 Y101.019
G0 X117.53 Y110.038
;TYPE:WALL-INNER
G1 F1500 E1007.5095
G1 X118.558 Y109.892 E1007.54403
G1 X119.525 Y109.485 E1007.57893
G1 X120.344 Y108.847 E1007.61346
G1 X120.973 Y108.013 E1007.6482
G1 X121.362 Y107.051 E1007.68271
G1 X121.494 Y106.013 E1007.71751
G1 X121.348 Y104.982 E1007.75215
G1 X120.942 Y104.019 E1007.78691
G1 X120.306 Y103.203 E1007.82132
G1 X119.468 Y102.567 E1007.85631
G1 X118.507 Y102.178 E1007.89079
G1 X117.465 Y102.046 E1007.92572
G1 X116.438 Y102.192 E1007.96023
G1 X115.475 Y102.598 E1007.99499
G1 X114.656 Y103.237 E1008.02954
G1 X114.027 Y104.071 E1008.06428
G1 X113.634 Y105.034 E1008.09887
G1 X113.502 Y106.071 E1008.13364
G1 X113.648 Y107.102 E1008.16828
G1 X114.054 Y108.069 E1008.20316
G1 X114.689 Y108.88 E1008.23742
G1 X115.532 Y109.518 E1008.27258
G1 X116.493 Y109.91 E1008.3071
G1 X117.5 Y110.034 E1008.34085
G1 X117.53 Y110.038 E1008.34185
G0 F9000 X117.534 Y110.442
;TYPE:WALL-OUTER
G1 F1500 X118.666 Y110.281 E1008.37988
G1 X119.729 Y109.833 E1008.41825
G1 X120.632 Y109.13 E1008.45631
G1 X121.324 Y108.212 E1008.49455
G1 X121.752 Y107.153 E1008.53254
G1 X121.898 Y106.01 E1008.57086
G1 X121.737 Y104.874 E1008.60902
G1 X121.29 Y103.815 E1008.64725
G1 X120.59 Y102.916 E1008.68515
G1 X119.668 Y102.216 E1008.72365
G1 X118.609 Y101.788 E1008.76164
G1 X117.462 Y101.642 E1008.8001
G1 X116.33 Y101.803 E1008.83813
G1 X115.271 Y102.25 E1008.87636
G1 X114.368 Y102.954 E1008.91445
G1 X113.676 Y103.872 E1008.95268
G1 X113.244 Y104.932 E1008.99075
G1 X113.098 Y106.074 E1009.02904
G1 X113.259 Y107.21 E1009.06721
G1 X113.706 Y108.273 E1009.10556
G1 X114.406 Y109.168 E1009.14335
G1 X115.332 Y109.868 E1009.18196
G1 X116.391 Y110.3 E1009.22
G1 X117.5 Y110.438 E1009.25717
G1 X117.534 Y110.442 E1009.25831
G0 F9000 X117.53 Y109.674
;TYPE:SKIN
G1 F1500 X117.5 Y109.67 E1009.25932
G1 X116.583 Y109.556 E1009.29005
G1 X115.708 Y109.2 E1009.32147
G1 X114.942 Y108.62 E1009.35343
G1 X114.366 Y107.881 E1009.38459
G1 X113.995 Y107.002 E1009.41632
G1 X113.862 Y106.074 E1009.4475
G1 X113.984 Y105.124 E1009.47936
G1 X114.344 Y104.248 E1009.51086
G1 X114.916 Y103.49 E1009.54244
G1 X115.659 Y102.91 E1009.57379
G1 X116.535 Y102.539 E1009.60544
G1 X117.462 Y102.406 E1009.63658
G1 X118.416 Y102.528 E1009.66857
G1 X119.292 Y102.884 E1009.70002
G1 X120.05 Y103.46 E1009.73169
G1 X120.626 Y104.199 E1009.76285
G1 X120.997 Y105.078 E1009.79458
G1 X121.13 Y106.01 E1009.82589
G1 X121.008 Y106.961 E1009.85778
G1 X120.656 Y107.832 E1009.88903
G1 X120.084 Y108.59 E1009.92061
G1 X119.341 Y109.169 E1009.95194
G1 X118.458 Y109.541 E1009.98381
G1 X117.53 Y109.674 E1010.01499
G0 F9000 X117.498 Y109.933
G0 X118.515 Y109.736
G0 X119.443 Y109.345
G0 X120.228 Y108.733
G0 X120.57 Y108.279
G0 X121.071 Y107.5
G0 X120.644 Y107.327
G1 F1500 X118.785 Y109.186 E1010.10244
G0 F9000 X118.001 Y109.405
G1 F1500 X120.859 Y106.547 E1010.23687
G0 F9000 X120.915 Y105.925
G1 F1500 X117.385 Y109.455 E1010.40291
G0 F9000 X116.882 Y109.392
G1 F1500 X120.845 Y105.43 E1010.58929
G0 F9000 X120.735 Y104.974
G1 F1500 X116.43 Y109.278 E1010.79176
G0 F9000 X116.028 Y109.115
G1 F1500 X120.567 Y104.575 E1011.00529
G0 F9000 X120.374 Y104.203
G1 F1500 X115.662 Y108.915 E1011.22692
G0 F9000 X115.34 Y108.671
G1 F1500 X120.127 Y103.885 E1011.45207
G0 F9000 X119.871 Y103.575
G1 F1500 X115.034 Y108.411 E1011.67956
G0 F9000 X114.787 Y108.093
G1 F1500 X119.55 Y103.33 E1011.9036
G0 F9000 X119.229 Y103.086
G1 F1500 X114.539 Y107.775 E1012.12418
G0 F9000 X114.371 Y107.378
G1 F1500 X118.836 Y102.913 E1012.3342
G0 F9000 X118.433 Y102.75
G1 F1500 X114.203 Y106.98 E1012.53316
G0 F9000 X114.124 Y106.493
G1 F1500 X117.948 Y102.669 E1012.71303
G0 F9000 X117.441 Y102.61
G1 F1500 X114.076 Y105.976 E1012.87133
G0 F9000 X114.16 Y105.326
G1 F1500 X116.781 Y102.705 E1012.99462
G0 F9000 X115.892 Y103.028
G1 F1500 X114.482 Y104.438 E1013.06094
;TIME_ELAPSED:2210.402981
G1 F1500 E1006.56094
M140 S0
M107
G91 ;Relative positioning
G1 E-2 F2700 ;Retract a bit
G1 E-2 Z0.2 F2400 ;Retract and raise Z
G1 X5 Y5 F3000 ;Wipe out
G1 Z10 ;Raise Z more
G90 ;Absolute positioning

G1 X0 Y235 ;Present print
M106 S0 ;Turn-off fan
M104 S0 ;Turn-off hotend
M140 S0 ;Turn-off bed

M84 X Y E ;Disable all steppers but Z

M82 ;absolute extrusion mode
M104 S0
;End of Gcode
