;FLAVOR:Marlin
;TIME:6778
;Filament used: 5.25671m
;Layer height: 0.2
;MINX:44.95
;MINY:17.877
;MINZ:0.2
;MAXX:189.95
;MAXY:216.166
;MAXZ:5
;TARGET_MACHINE.NAME:Creality CR-6 SE
;Generated with Cura_SteamEngine 5.9.1
M140 S60
M105
M190 S60
M104 S220
M105
M109 S220
M82 ;absolute extrusion mode
M201 X500.00 Y500.00 Z100.00 E5000.00 ;Setup machine max acceleration
M203 X500.00 Y500.00 Z10.00 E50.00 ;Setup machine max feedrate
M204 P500.00 R1000.00 T500.00 ;Setup Print/Retract/Travel acceleration
M205 X8.00 Y8.00 Z0.40 E5.00 ;Setup Jerk
M220 S100 ;Reset Feedrate
M221 S100 ;Reset Flowrate

G28 ;Home

G92 E0 ;Reset Extruder
G1 Z2.0 F3000 ;Move Z Axis up
G1 X10.1 Y20 Z0.28 F5000.0 ;Move to start position
G1 X10.1 Y200.0 Z0.28 F1500.0 E15 ;Draw the first line
G1 X10.4 Y200.0 Z0.28 F5000.0 ;Move to side a little
G1 X10.4 Y20 Z0.28 F1500.0 E30 ;Draw the second line
G92 E0 ;Reset Extruder
G1 Z2.0 F3000 ;Move Z Axis up

G92 E0
G92 E0
G1 F1500 E-6.5
;LAYER_COUNT:25
;LAYER:0
M107
G0 F6000 X45.035 Y129.781 Z0.2
;TYPE:SKIRT
G1 F1500 E0
G1 F1200 X44.963 Y128.794 E0.03291
G1 X44.95 Y128.17 E0.05367
G1 X44.951 Y107.05 E0.75613
G1 X44.963 Y106.313 E0.78064
G1 X45.022 Y105.341 E0.81303
G1 X45.168 Y104.378 E0.84543
G1 X45.399 Y103.431 E0.87785
G1 X45.712 Y102.51 E0.9102
G1 X46.106 Y101.618 E0.94264
G1 X46.577 Y100.765 E0.97504
G1 X47.121 Y99.959 E1.00739
G1 X47.735 Y99.202 E1.0398
G1 X48.415 Y98.502 E1.07226
G1 X49.177 Y97.845 E1.10573
G1 X51.391 Y96.111 E1.19926
G1 X53.352 Y94.48 E1.2841
G1 X55.226 Y92.828 E1.36719
G1 X57.066 Y91.112 E1.45087
G1 X58.858 Y89.347 E1.53453
G1 X60.618 Y87.507 E1.61921
G1 X62.296 Y85.653 E1.70238
G1 X63.945 Y83.724 E1.78679
G1 X65.494 Y81.805 E1.86882
G1 X67.033 Y79.783 E1.95333
G1 X68.5 Y77.739 E2.03701
G1 X69.901 Y75.665 E2.12026
G1 X71.265 Y73.517 E2.20489
G1 X72.545 Y71.37 E2.28803
G1 X73.764 Y69.188 E2.37116
G1 X74.951 Y66.913 E2.4565
G1 X76.045 Y64.664 E2.53969
G1 X77.08 Y62.377 E2.62318
G1 X78.056 Y60.038 E2.70747
G1 X78.966 Y57.676 E2.79166
G1 X79.786 Y55.351 E2.87366
G1 X80.565 Y52.932 E2.95819
G1 X81.277 Y50.484 E3.04298
G1 X81.909 Y48.051 E3.12659
G1 X82.151 Y47.032 E3.16142
G1 X82.295 Y46.493 E3.17998
G1 X82.644 Y45.311 E3.22097
G1 X84.171 Y40.445 E3.3906
G1 X84.388 Y39.788 E3.41361
G1 X84.736 Y38.879 E3.44598
G1 X85.142 Y38.04 E3.47698
G1 X85.438 Y37.526 E3.49671
G1 X86.006 Y36.598 E3.5329
G1 X88.675 Y32.393 E3.69855
G1 X89.12 Y31.711 E3.72564
G1 X89.668 Y30.949 E3.75686
G1 X90.318 Y30.196 E3.78994
G1 X90.727 Y29.784 E3.80925
G1 X91.382 Y29.162 E3.83929
G1 X95.319 Y25.54 E4.01722
G1 X95.816 Y25.098 E4.03935
G1 X96.545 Y24.507 E4.07056
G1 X97.344 Y23.965 E4.10267
G1 X97.835 Y23.681 E4.12154
G1 X98.818 Y23.146 E4.15876
G1 X103.191 Y20.859 E4.3229
G1 X103.973 Y20.464 E4.35204
G1 X104.862 Y20.067 E4.38442
G1 X105.742 Y19.763 E4.41538
G1 X106.305 Y19.61 E4.43479
G1 X107.374 Y19.354 E4.47135
G1 X112.209 Y18.274 E4.63613
G1 X113.04 Y18.099 E4.66437
G1 X114.001 Y17.946 E4.69674
G1 X114.902 Y17.88 E4.72678
G1 X115.522 Y17.877 E4.74741
G1 X116.615 Y17.905 E4.78377
G1 X121.522 Y18.112 E4.94712
G1 X122.417 Y18.161 E4.97694
G1 X123.386 Y18.261 E5.00934
G1 X124.327 Y18.442 E5.04121
G1 X124.874 Y18.587 E5.06003
G1 X125.932 Y18.899 E5.09672
G1 X130.645 Y20.376 E5.26099
G1 X131.463 Y20.645 E5.28963
G1 X132.372 Y20.993 E5.322
G1 X133.236 Y21.412 E5.35394
G1 X133.721 Y21.692 E5.37257
G1 X134.7 Y22.29 E5.41072
G1 X138.825 Y24.908 E5.57322
G1 X139.553 Y25.384 E5.60215
G1 X140.315 Y25.933 E5.63339
G1 X141.047 Y26.563 E5.66551
G1 X141.478 Y26.993 E5.68576
G1 X142.233 Y27.788 E5.72222
G1 X145.552 Y31.397 E5.8853
G1 X146.153 Y32.069 E5.91529
G1 X146.767 Y32.824 E5.94765
G1 X147.274 Y33.571 E5.97768
G1 X147.58 Y34.096 E5.99789
G1 X148.101 Y35.054 E6.03416
G1 X150.38 Y39.41 E6.19768
G1 X150.793 Y40.228 E6.22815
G1 X151.19 Y41.116 E6.26051
G1 X151.487 Y41.969 E6.29055
G1 X151.648 Y42.563 E6.31102
G1 X151.907 Y43.644 E6.34799
G1 X152.445 Y46.05 E6.42999
G1 X153.066 Y48.658 E6.51916
G1 X153.712 Y51.065 E6.60205
G1 X154.431 Y53.47 E6.68553
G1 X155.237 Y55.909 E6.77097
G1 X156.076 Y58.231 E6.85309
G1 X157.007 Y60.594 E6.93756
G1 X157.995 Y62.91 E7.02131
G1 X159.043 Y65.184 E7.10459
G1 X160.15 Y67.416 E7.18745
G1 X161.359 Y69.693 E7.2732
G1 X162.587 Y71.851 E7.35578
G1 X163.894 Y74.008 E7.43967
G1 X165.249 Y76.108 E7.52279
G1 X166.697 Y78.217 E7.60788
G1 X168.165 Y80.233 E7.69082
G1 X169.709 Y82.229 E7.77476
G1 X171.294 Y84.164 E7.85795
G1 X172.94 Y86.058 E7.94141
G1 X174.681 Y87.954 E8.02702
G1 X176.395 Y89.718 E8.10883
G1 X178.203 Y91.476 E8.1927
G1 X180.083 Y93.203 E8.27761
G1 X181.956 Y94.828 E8.36009
G1 X183.89 Y96.413 E8.44325
G1 X184.53 Y96.902 E8.47004
G1 X185.753 Y97.871 E8.52194
G1 X186.491 Y98.508 E8.55436
G1 X187.169 Y99.207 E8.58675
G1 X187.74 Y99.906 E8.61677
G1 X188.327 Y100.773 E8.6516
G1 X188.796 Y101.624 E8.68391
G1 X189.19 Y102.515 E8.71632
G1 X189.503 Y103.437 E8.7487
G1 X189.726 Y104.349 E8.77993
G1 X189.878 Y105.342 E8.81334
G1 X189.935 Y106.173 E8.84105
G1 X189.95 Y106.83 E8.8629
G1 X189.949 Y127.928 E9.56463
G1 X189.937 Y128.682 E9.58971
G1 X189.879 Y129.656 E9.62216
G1 X189.732 Y130.618 E9.65453
G1 X189.502 Y131.565 E9.68694
G1 X189.214 Y132.421 E9.71698
G1 X188.796 Y133.376 E9.75165
G1 X188.327 Y134.228 E9.784
G1 X187.825 Y134.979 E9.81404
G1 X187.168 Y135.793 E9.84884
G1 X186.493 Y136.491 E9.88113
G1 X185.86 Y137.045 E9.90911
G1 X185.165 Y137.607 E9.93884
G1 X184.189 Y138.373 E9.9801
G1 X182.285 Y139.956 E10.06246
G1 X180.37 Y141.644 E10.14736
G1 X178.538 Y143.351 E10.23065
G1 X176.75 Y145.113 E10.31414
G1 X174.99 Y146.953 E10.39883
G1 X173.309 Y148.81 E10.48214
G1 X171.665 Y150.732 E10.56626
G1 X170.105 Y152.664 E10.64885
G1 X168.584 Y154.664 E10.73242
G1 X167.101 Y156.73 E10.81701
G1 X165.708 Y158.793 E10.8998
G1 X164.35 Y160.932 E10.98407
G1 X163.06 Y163.095 E11.06784
G1 X161.837 Y165.285 E11.15126
G1 X160.663 Y167.533 E11.23562
G1 X159.565 Y169.792 E11.31916
G1 X158.527 Y172.085 E11.40287
G1 X157.545 Y174.439 E11.4877
G1 X156.653 Y176.75 E11.5701
G1 X155.811 Y179.136 E11.65425
G1 X155.04 Y181.536 E11.73809
G1 X154.342 Y183.936 E11.82122
G1 X153.69 Y186.441 E11.90732
G1 X153.557 Y186.994 E11.92623
G1 X153.418 Y187.517 E11.94423
G1 X153.116 Y188.543 E11.97981
G1 X151.542 Y193.563 E12.15479
G1 X151.317 Y194.245 E12.17867
G1 X150.97 Y195.154 E12.21103
G1 X150.551 Y196.018 E12.24297
G1 X150.266 Y196.513 E12.26197
G1 X149.685 Y197.462 E12.29898
G1 X146.978 Y201.725 E12.46694
G1 X146.601 Y202.304 E12.48992
G1 X146.022 Y203.11 E12.52293
G1 X145.395 Y203.837 E12.55486
G1 X144.975 Y204.26 E12.57468
G1 X144.307 Y204.894 E12.60531
G1 X140.398 Y208.488 E12.78193
G1 X139.894 Y208.938 E12.8044
G1 X139.167 Y209.53 E12.83558
G1 X138.367 Y210.073 E12.86774
G1 X137.868 Y210.362 E12.88692
G1 X136.885 Y210.897 E12.92415
G1 X132.513 Y213.184 E13.08825
G1 X131.735 Y213.577 E13.11724
G1 X130.848 Y213.974 E13.14956
G1 X129.995 Y214.271 E13.17961
G1 X129.398 Y214.433 E13.20018
G1 X128.342 Y214.686 E13.2363
G1 X123.326 Y215.808 E13.40725
G1 X122.667 Y215.944 E13.42963
G1 X121.706 Y216.097 E13.462
G1 X120.777 Y216.164 E13.49298
G1 X120.19 Y216.166 E13.5125
G1 X119.041 Y216.137 E13.55073
G1 X114.181 Y215.932 E13.71252
G1 X113.286 Y215.883 E13.74233
G1 X112.317 Y215.783 E13.77473
G1 X111.376 Y215.602 E13.8066
G1 X110.824 Y215.456 E13.82559
G1 X109.944 Y215.197 E13.8561
G1 X104.924 Y213.623 E14.03108
G1 X104.242 Y213.398 E14.05497
G1 X103.333 Y213.051 E14.08733
G1 X102.468 Y212.632 E14.1193
G1 X101.969 Y212.344 E14.13846
G1 X101.021 Y211.763 E14.17544
G1 X96.77 Y209.065 E14.3429
G1 X96.151 Y208.66 E14.36751
G1 X95.389 Y208.112 E14.39872
G1 X94.636 Y207.462 E14.43181
G1 X94.222 Y207.049 E14.45126
G1 X93.491 Y206.279 E14.48657
G1 X90.141 Y202.637 E14.65116
G1 X89.549 Y201.974 E14.68072
G1 X88.935 Y201.219 E14.71309
G1 X88.428 Y200.472 E14.74311
G1 X88.121 Y199.944 E14.76343
G1 X87.601 Y198.991 E14.79954
G1 X85.224 Y194.44 E14.97031
G1 X84.907 Y193.81 E14.99376
G1 X84.511 Y192.923 E15.02607
G1 X84.214 Y192.07 E15.05611
G1 X84.053 Y191.477 E15.07655
G1 X83.796 Y190.404 E15.11325
G1 X83.651 Y189.753 E15.13543
G1 X83.051 Y187.243 E15.22127
G1 X82.396 Y184.804 E15.30526
G1 X81.676 Y182.397 E15.38882
G1 X80.881 Y179.992 E15.47307
G1 X80.021 Y177.613 E15.55721
G1 X79.113 Y175.311 E15.63951
G1 X78.119 Y172.985 E15.72365
G1 X77.059 Y170.683 E15.80794
G1 X75.952 Y168.452 E15.89077
G1 X74.759 Y166.21 E15.97524
G1 X73.518 Y164.027 E16.05876
G1 X72.222 Y161.888 E16.14194
G1 X70.846 Y159.76 E16.22623
G1 X69.419 Y157.683 E16.31004
G1 X67.943 Y155.657 E16.39342
G1 X66.395 Y153.655 E16.47759
G1 X64.795 Y151.704 E16.56151
G1 X63.172 Y149.837 E16.64379
G1 X61.453 Y147.966 E16.72829
G1 X59.702 Y146.162 E16.81191
G1 X57.891 Y144.404 E16.89586
G1 X56.029 Y142.693 E16.97996
G1 X54.144 Y141.058 E17.06296
G1 X52.238 Y139.496 E17.14492
G1 X49.262 Y137.22 E17.26953
G1 X48.504 Y136.58 E17.30253
G1 X47.818 Y135.89 E17.33489
G1 X47.216 Y135.168 E17.36616
G1 X46.661 Y134.369 E17.39851
G1 X46.16 Y133.491 E17.43213
G1 X45.757 Y132.605 E17.46451
G1 X45.434 Y131.687 E17.49688
G1 X45.192 Y130.743 E17.52929
G1 X45.035 Y129.781 E17.56171
G0 F6000 X45.587 Y130.678
G1 F1200 X45.434 Y129.752 E17.59292
G1 X45.363 Y128.786 E17.62514
G1 X45.35 Y128.17 E17.64563
G1 X45.351 Y107.056 E18.34789
G1 X45.362 Y106.337 E18.3718
G1 X45.418 Y105.4 E18.40302
G1 X45.557 Y104.472 E18.43423
G1 X45.778 Y103.559 E18.46548
G1 X46.078 Y102.671 E18.49665
G1 X46.456 Y101.811 E18.5279
G1 X46.909 Y100.988 E18.55914
G1 X47.432 Y100.21 E18.59032
G1 X48.022 Y99.48 E18.62154
G1 X48.676 Y98.805 E18.6528
G1 X49.424 Y98.16 E18.68565
G1 X51.647 Y96.419 E18.77957
G1 X53.608 Y94.788 E18.8644
G1 X55.491 Y93.128 E18.94789
G1 X57.339 Y91.405 E19.03193
G1 X59.139 Y89.632 E19.11596
G1 X60.907 Y87.784 E19.20102
G1 X62.593 Y85.921 E19.2846
G1 X64.249 Y83.984 E19.36936
G1 X65.805 Y82.056 E19.45176
G1 X67.358 Y80.016 E19.53703
G1 X68.825 Y77.972 E19.62071
G1 X70.239 Y75.879 E19.70473
G1 X71.609 Y73.722 E19.78972
G1 X72.889 Y71.575 E19.87285
G1 X74.119 Y69.373 E19.95674
G1 X75.306 Y67.098 E20.04209
G1 X76.405 Y64.839 E20.12564
G1 X77.444 Y62.542 E20.20949
G1 X78.425 Y60.192 E20.29419
G1 X79.339 Y57.82 E20.37874
G1 X80.167 Y55.474 E20.46149
G1 X80.946 Y53.055 E20.54601
G1 X81.661 Y50.596 E20.63118
G1 X82.296 Y48.152 E20.71517
G1 X82.538 Y47.135 E20.74994
G1 X82.679 Y46.606 E20.76815
G1 X83.026 Y45.431 E20.8089
G1 X84.551 Y40.57 E20.97835
G1 X84.762 Y39.93 E21.00076
G1 X85.096 Y39.053 E21.03197
G1 X85.502 Y38.214 E21.06297
G1 X85.779 Y37.735 E21.08138
G1 X86.344 Y36.812 E21.11737
G1 X89.01 Y32.612 E21.28283
G1 X89.445 Y31.945 E21.30932
G1 X89.993 Y31.183 E21.34053
G1 X90.602 Y30.478 E21.37152
G1 X91.003 Y30.074 E21.39045
G1 X91.653 Y29.456 E21.42028
G1 X95.585 Y25.839 E21.59798
G1 X96.068 Y25.409 E21.61949
G1 X96.797 Y24.818 E21.6507
G1 X97.545 Y24.311 E21.68076
G1 X98.026 Y24.032 E21.69925
G1 X99.003 Y23.5 E21.73625
G1 X103.371 Y21.216 E21.90019
G1 X104.137 Y20.829 E21.92874
G1 X104.993 Y20.445 E21.95994
G1 X105.847 Y20.149 E21.99
G1 X106.398 Y19.999 E22.009
G1 X107.461 Y19.744 E22.04535
G1 X112.291 Y18.665 E22.20996
G1 X113.104 Y18.494 E22.23759
G1 X114.03 Y18.345 E22.26879
G1 X114.931 Y18.279 E22.29884
G1 X115.512 Y18.277 E22.31816
G1 X116.598 Y18.305 E22.35429
G1 X121.5 Y18.511 E22.51748
G1 X122.377 Y18.559 E22.54669
G1 X123.311 Y18.654 E22.57792
G1 X124.225 Y18.829 E22.60887
G1 X124.761 Y18.971 E22.62731
G1 X125.812 Y19.281 E22.66376
G1 X130.52 Y20.756 E22.82785
G1 X131.321 Y21.019 E22.85589
G1 X132.198 Y21.353 E22.8871
G1 X133.036 Y21.759 E22.91807
G1 X133.512 Y22.033 E22.93634
G1 X134.486 Y22.628 E22.9743
G1 X138.606 Y25.243 E23.13661
G1 X139.319 Y25.709 E23.16494
G1 X140.081 Y26.258 E23.19617
G1 X140.765 Y26.847 E23.2262
G1 X141.188 Y27.268 E23.24605
G1 X141.939 Y28.059 E23.28232
G1 X145.254 Y31.664 E23.44521
G1 X145.843 Y32.322 E23.47459
G1 X146.436 Y33.049 E23.50579
G1 X146.943 Y33.796 E23.53582
G1 X147.229 Y34.287 E23.55472
G1 X147.747 Y35.239 E23.59076
G1 X150.023 Y39.59 E23.75408
G1 X150.428 Y40.392 E23.78397
G1 X150.812 Y41.248 E23.81517
G1 X151.109 Y42.101 E23.84521
G1 X151.259 Y42.656 E23.86433
G1 X151.517 Y43.731 E23.9011
G1 X152.056 Y46.143 E23.9833
G1 X152.68 Y48.762 E24.07285
G1 X153.329 Y51.179 E24.15609
G1 X154.051 Y53.596 E24.23999
G1 X154.857 Y56.035 E24.32542
G1 X155.704 Y58.378 E24.40829
G1 X156.639 Y60.751 E24.49312
G1 X157.627 Y63.067 E24.57687
G1 X158.685 Y65.362 E24.66092
G1 X159.797 Y67.604 E24.74416
G1 X161.011 Y69.891 E24.83028
G1 X162.239 Y72.049 E24.91286
G1 X163.558 Y74.225 E24.99749
G1 X164.919 Y76.334 E25.08097
G1 X166.367 Y78.443 E25.16606
G1 X167.849 Y80.478 E25.24979
G1 X169.393 Y82.474 E25.33372
G1 X170.992 Y84.426 E25.41765
G1 X172.645 Y86.329 E25.50149
G1 X174.386 Y88.225 E25.5871
G1 X176.116 Y90.005 E25.66966
G1 X177.932 Y91.771 E25.75391
G1 X179.812 Y93.498 E25.83882
G1 X181.702 Y95.137 E25.92203
G1 X183.647 Y96.731 E26.00567
G1 X184.282 Y97.216 E26.03224
G1 X185.492 Y98.174 E26.08357
G1 X186.204 Y98.787 E26.11482
G1 X186.859 Y99.46 E26.14606
G1 X187.43 Y100.159 E26.17608
G1 X187.977 Y100.966 E26.2085
G1 X188.43 Y101.786 E26.23966
G1 X188.811 Y102.644 E26.27089
G1 X189.114 Y103.532 E26.30209
G1 X189.337 Y104.444 E26.33332
G1 X189.479 Y105.37 E26.36448
G1 X189.535 Y106.182 E26.39155
G1 X189.55 Y106.83 E26.41311
G1 X189.549 Y127.922 E27.11463
G1 X189.538 Y128.659 E27.13915
G1 X189.483 Y129.596 E27.17036
G1 X189.343 Y130.524 E27.20158
G1 X189.123 Y131.437 E27.23281
G1 X188.835 Y132.293 E27.26285
G1 X188.445 Y133.184 E27.2952
G1 X187.994 Y134.006 E27.32639
G1 X187.492 Y134.757 E27.35643
G1 X186.88 Y135.515 E27.38884
G1 X186.229 Y136.19 E27.42003
G1 X185.608 Y136.734 E27.44748
G1 X184.918 Y137.292 E27.477
G1 X183.933 Y138.065 E27.51864
G1 X182.029 Y139.648 E27.601
G1 X180.105 Y141.344 E27.68631
G1 X178.265 Y143.058 E27.76994
G1 X176.469 Y144.828 E27.85381
G1 X174.701 Y146.676 E27.93888
G1 X173.012 Y148.542 E28.02259
G1 X171.361 Y150.472 E28.10706
G1 X169.794 Y152.413 E28.19003
G1 X168.259 Y154.431 E28.27436
G1 X166.776 Y156.497 E28.35895
G1 X165.37 Y158.579 E28.44251
G1 X164.006 Y160.727 E28.52714
G1 X162.716 Y162.89 E28.6109
G1 X161.482 Y165.1 E28.69509
G1 X160.308 Y167.348 E28.77944
G1 X159.205 Y169.617 E28.86335
G1 X158.163 Y171.92 E28.94742
G1 X157.176 Y174.285 E29.03266
G1 X156.28 Y176.606 E29.11541
G1 X155.434 Y179.003 E29.19995
G1 X154.659 Y181.414 E29.28418
G1 X153.958 Y183.824 E29.36766
G1 X153.303 Y186.34 E29.45414
G1 X153.171 Y186.891 E29.47298
G1 X153.034 Y187.404 E29.49064
G1 X152.734 Y188.423 E29.52597
G1 X151.162 Y193.438 E29.70077
G1 X150.943 Y194.103 E29.72406
G1 X150.61 Y194.98 E29.75526
G1 X150.204 Y195.819 E29.78626
G1 X149.925 Y196.304 E29.80487
G1 X149.347 Y197.248 E29.84169
G1 X146.643 Y201.507 E30.00948
G1 X146.276 Y202.071 E30.03186
G1 X145.719 Y202.849 E30.06369
G1 X145.111 Y203.555 E30.09467
G1 X144.699 Y203.97 E30.11412
G1 X144.036 Y204.6 E30.14454
G1 X140.131 Y208.19 E30.32097
G1 X139.641 Y208.628 E30.34283
G1 X138.942 Y209.199 E30.37285
G1 X138.142 Y209.742 E30.40501
G1 X137.677 Y210.011 E30.42288
G1 X136.7 Y210.543 E30.45988
G1 X132.333 Y212.827 E30.62379
G1 X131.571 Y213.212 E30.65218
G1 X130.716 Y213.596 E30.68336
G1 X129.863 Y213.893 E30.7134
G1 X129.305 Y214.044 E30.73263
G1 X128.255 Y214.296 E30.76854
G1 X123.245 Y215.416 E30.93929
G1 X122.604 Y215.549 E30.96106
G1 X121.677 Y215.698 E30.99229
G1 X120.776 Y215.764 E31.02234
G1 X120.2 Y215.766 E31.04149
G1 X119.058 Y215.737 E31.07949
G1 X114.203 Y215.533 E31.24111
G1 X113.326 Y215.485 E31.27032
G1 X112.392 Y215.39 E31.30155
G1 X111.478 Y215.215 E31.3325
G1 X110.937 Y215.072 E31.35111
G1 X110.064 Y214.815 E31.38138
G1 X105.049 Y213.243 E31.55618
G1 X104.384 Y213.024 E31.57947
G1 X103.507 Y212.691 E31.61067
G1 X102.668 Y212.285 E31.64167
G1 X102.178 Y212.003 E31.66047
G1 X101.235 Y211.425 E31.69726
G1 X96.989 Y208.73 E31.86453
G1 X96.385 Y208.335 E31.88853
G1 X95.623 Y207.787 E31.91975
G1 X94.918 Y207.178 E31.95074
G1 X94.512 Y206.774 E31.96979
G1 X93.785 Y206.008 E32.00491
G1 X90.439 Y202.37 E32.16931
G1 X89.859 Y201.721 E32.19826
G1 X89.266 Y200.994 E32.22946
G1 X88.759 Y200.247 E32.25949
G1 X88.472 Y199.753 E32.27849
G1 X87.956 Y198.806 E32.31436
G1 X85.581 Y194.26 E32.48495
G1 X85.272 Y193.647 E32.50778
G1 X84.889 Y192.791 E32.53897
G1 X84.592 Y191.938 E32.56902
G1 X84.442 Y191.384 E32.58811
G1 X84.186 Y190.317 E32.6246
G1 X84.041 Y189.666 E32.64678
G1 X83.44 Y187.15 E32.73282
G1 X82.782 Y184.7 E32.8172
G1 X82.056 Y182.271 E32.90152
G1 X81.261 Y179.866 E32.98576
G1 X80.397 Y177.477 E33.07026
G1 X79.485 Y175.164 E33.15295
G1 X78.487 Y172.828 E33.23744
G1 X77.422 Y170.516 E33.32211
G1 X76.31 Y168.274 E33.40534
G1 X75.107 Y166.012 E33.49056
G1 X73.866 Y163.829 E33.57408
G1 X72.564 Y161.681 E33.65762
G1 X71.176 Y159.533 E33.74268
G1 X69.749 Y157.456 E33.82649
G1 X68.266 Y155.421 E33.91024
G1 X66.711 Y153.41 E33.99479
G1 X65.104 Y151.45 E34.07909
G1 X63.467 Y149.566 E34.16211
G1 X61.748 Y147.695 E34.24661
G1 X59.989 Y145.883 E34.33061
G1 X58.162 Y144.109 E34.41531
G1 X56.3 Y142.398 E34.49941
G1 X54.398 Y140.749 E34.58314
G1 X52.481 Y139.178 E34.66557
G1 X49.505 Y136.902 E34.79018
G1 X48.787 Y136.298 E34.82139
G1 X48.125 Y135.633 E34.8526
G1 X47.545 Y134.94 E34.88266
G1 X46.99 Y134.141 E34.91501
G1 X46.524 Y133.325 E34.94627
G1 X46.134 Y132.471 E34.97749
G1 X45.821 Y131.587 E35.00868
G1 X45.587 Y130.678 E35.0399
G0 F6000 X46.208 Y131.487
G1 F1200 X45.982 Y130.612 E35.06996
G1 X45.833 Y129.722 E35.09998
G1 X45.763 Y128.777 E35.13149
G1 X45.75 Y128.17 E35.15169
G1 X45.751 Y107.062 E35.85374
G1 X45.761 Y106.36 E35.87709
G1 X45.814 Y105.458 E35.90714
G1 X45.946 Y104.565 E35.93717
G1 X46.157 Y103.687 E35.9672
G1 X46.445 Y102.831 E35.99724
G1 X46.807 Y102.003 E36.0273
G1 X47.241 Y101.211 E36.05733
G1 X47.744 Y100.461 E36.08737
G1 X48.31 Y99.758 E36.11739
G1 X48.937 Y99.108 E36.14743
G1 X49.671 Y98.475 E36.17966
G1 X51.894 Y96.734 E36.27358
G1 X53.864 Y95.095 E36.35881
G1 X55.764 Y93.421 E36.44304
G1 X57.612 Y91.698 E36.52707
G1 X59.42 Y89.917 E36.61148
G1 X61.196 Y88.061 E36.69692
G1 X62.89 Y86.189 E36.78089
G1 X64.553 Y84.244 E36.86601
G1 X66.116 Y82.307 E36.94879
G1 X67.683 Y80.249 E37.03482
G1 X69.15 Y78.205 E37.1185
G1 X70.577 Y76.093 E37.20328
G1 X71.953 Y73.927 E37.28863
G1 X73.233 Y71.78 E37.37177
G1 X74.474 Y69.558 E37.45642
G1 X75.661 Y67.283 E37.54176
G1 X76.765 Y65.014 E37.62569
G1 X77.808 Y62.707 E37.7099
G1 X78.794 Y60.346 E37.795
G1 X79.712 Y57.964 E37.8799
G1 X80.548 Y55.597 E37.9634
G1 X81.327 Y53.178 E38.04792
G1 X82.045 Y50.708 E38.13347
G1 X82.683 Y48.253 E38.21784
G1 X82.925 Y47.238 E38.25254
G1 X83.063 Y46.719 E38.27041
G1 X83.408 Y45.551 E38.31091
G1 X84.931 Y40.695 E38.48018
G1 X85.136 Y40.072 E38.502
G1 X85.456 Y39.227 E38.53205
G1 X85.849 Y38.414 E38.56208
G1 X86.12 Y37.944 E38.58013
G1 X86.682 Y37.026 E38.61593
G1 X89.345 Y32.83 E38.78122
G1 X89.77 Y32.178 E38.80711
G1 X90.296 Y31.444 E38.83714
G1 X90.886 Y30.76 E38.86719
G1 X91.279 Y30.364 E38.88574
G1 X91.924 Y29.75 E38.91536
G1 X95.851 Y26.138 E39.09282
G1 X96.321 Y25.719 E39.11376
G1 X97.021 Y25.149 E39.14379
G1 X97.769 Y24.642 E39.17384
G1 X98.217 Y24.383 E39.19105
G1 X99.188 Y23.854 E39.22783
G1 X103.551 Y21.573 E39.39158
G1 X104.301 Y21.194 E39.41953
G1 X105.124 Y20.823 E39.44956
G1 X105.978 Y20.527 E39.47962
G1 X106.492 Y20.388 E39.49733
G1 X107.548 Y20.134 E39.53345
G1 X112.373 Y19.056 E39.69789
G1 X113.168 Y18.889 E39.72491
G1 X114.059 Y18.744 E39.75493
G1 X114.96 Y18.678 E39.78498
G1 X115.502 Y18.677 E39.80301
G1 X116.581 Y18.705 E39.83891
G1 X121.478 Y18.91 E40.00192
G1 X122.337 Y18.957 E40.03054
G1 X123.236 Y19.047 E40.06059
G1 X124.123 Y19.216 E40.09062
G1 X124.648 Y19.355 E40.10868
G1 X125.692 Y19.663 E40.14489
G1 X130.395 Y21.136 E40.3088
G1 X131.179 Y21.393 E40.33624
G1 X132.024 Y21.713 E40.3663
G1 X132.837 Y22.106 E40.39633
G1 X133.303 Y22.374 E40.41421
G1 X134.272 Y22.966 E40.45198
G1 X138.387 Y25.578 E40.61409
G1 X139.086 Y26.034 E40.64184
G1 X139.82 Y26.561 E40.6719
G1 X140.504 Y27.15 E40.70192
G1 X140.898 Y27.543 E40.72043
G1 X141.645 Y28.33 E40.75652
G1 X144.956 Y31.931 E40.91922
G1 X145.533 Y32.575 E40.94798
G1 X146.105 Y33.274 E40.97802
G1 X146.612 Y34.021 E41.00805
G1 X146.878 Y34.478 E41.02564
G1 X147.393 Y35.424 E41.06146
G1 X149.666 Y39.771 E41.22462
G1 X150.063 Y40.556 E41.25387
G1 X150.434 Y41.38 E41.28393
G1 X150.731 Y42.233 E41.31397
G1 X150.87 Y42.75 E41.33178
G1 X151.127 Y43.818 E41.36831
G1 X151.667 Y46.236 E41.45072
G1 X152.294 Y48.866 E41.54064
G1 X152.946 Y51.293 E41.62423
G1 X153.671 Y53.722 E41.70854
G1 X154.477 Y56.161 E41.79397
G1 X155.332 Y58.525 E41.87759
G1 X156.271 Y60.908 E41.96278
G1 X157.264 Y63.235 E42.04692
G1 X158.327 Y65.54 E42.13135
G1 X159.444 Y67.792 E42.21496
G1 X160.663 Y70.089 E42.30145
G1 X161.891 Y72.247 E42.38403
G1 X163.222 Y74.442 E42.46941
G1 X164.589 Y76.56 E42.55325
G1 X166.044 Y78.679 E42.63875
G1 X167.533 Y80.723 E42.72286
G1 X169.084 Y82.728 E42.80717
G1 X170.69 Y84.688 E42.89145
G1 X172.35 Y86.6 E42.97566
G1 X174.091 Y88.496 E43.06128
G1 X175.837 Y90.292 E43.14459
G1 X177.661 Y92.066 E43.22922
G1 X179.541 Y93.793 E43.31412
G1 X181.448 Y95.446 E43.39806
G1 X183.404 Y97.049 E43.48217
G1 X184.034 Y97.53 E43.50854
G1 X185.232 Y98.478 E43.55935
G1 X185.918 Y99.066 E43.5894
G1 X186.549 Y99.713 E43.61946
G1 X187.12 Y100.412 E43.64948
G1 X187.627 Y101.16 E43.67953
G1 X188.065 Y101.949 E43.70955
G1 X188.433 Y102.774 E43.73959
G1 X188.726 Y103.628 E43.76962
G1 X188.942 Y104.505 E43.79967
G1 X189.08 Y105.398 E43.82972
G1 X189.135 Y106.191 E43.85616
G1 X189.15 Y106.83 E43.87742
G1 X189.149 Y127.916 E44.57874
G1 X189.139 Y128.636 E44.60269
G1 X189.087 Y129.537 E44.63271
G1 X188.954 Y130.431 E44.66277
G1 X188.744 Y131.309 E44.69279
G1 X188.456 Y132.165 E44.72283
G1 X188.094 Y132.992 E44.75286
G1 X187.661 Y133.784 E44.78288
G1 X187.159 Y134.535 E44.81293
G1 X186.592 Y135.238 E44.84297
G1 X185.965 Y135.889 E44.87303
G1 X185.356 Y136.423 E44.89997
G1 X184.671 Y136.977 E44.92927
G1 X183.677 Y137.757 E44.97129
G1 X181.773 Y139.341 E45.05367
G1 X179.832 Y141.051 E45.13971
G1 X177.992 Y142.765 E45.22334
G1 X176.188 Y144.543 E45.30759
G1 X174.412 Y146.399 E45.39303
G1 X172.715 Y148.274 E45.47714
G1 X171.057 Y150.212 E45.56197
G1 X169.483 Y152.162 E45.64532
G1 X167.934 Y154.198 E45.73041
G1 X166.451 Y156.264 E45.81499
G1 X165.032 Y158.365 E45.89932
G1 X163.662 Y160.522 E45.98431
G1 X162.372 Y162.685 E46.06807
G1 X161.127 Y164.915 E46.15302
G1 X159.953 Y167.163 E46.23737
G1 X158.845 Y169.442 E46.32165
G1 X157.799 Y171.755 E46.40608
G1 X156.807 Y174.131 E46.49172
G1 X155.907 Y176.462 E46.57483
G1 X155.057 Y178.87 E46.65976
G1 X154.278 Y181.292 E46.74438
G1 X153.574 Y183.712 E46.82821
G1 X152.916 Y186.239 E46.91506
G1 X152.784 Y186.788 E46.93384
G1 X152.65 Y187.291 E46.95115
G1 X152.352 Y188.303 E46.98624
G1 X150.782 Y193.313 E47.16087
G1 X150.569 Y193.962 E47.18358
G1 X150.25 Y194.806 E47.21359
G1 X149.857 Y195.62 E47.24366
G1 X149.584 Y196.095 E47.26188
G1 X149.009 Y197.034 E47.2985
G1 X146.308 Y201.289 E47.46613
G1 X145.941 Y201.853 E47.48851
G1 X145.416 Y202.588 E47.51855
G1 X144.827 Y203.273 E47.5486
G1 X144.423 Y203.68 E47.56767
G1 X143.765 Y204.306 E47.59788
G1 X139.865 Y207.892 E47.77409
G1 X139.388 Y208.318 E47.79536
G1 X138.689 Y208.889 E47.82538
G1 X137.941 Y209.396 E47.85544
G1 X137.486 Y209.66 E47.87294
G1 X136.515 Y210.189 E47.90971
G1 X132.152 Y212.47 E48.07346
G1 X131.407 Y212.847 E48.10123
G1 X130.584 Y213.218 E48.13126
G1 X129.731 Y213.515 E48.1613
G1 X129.211 Y213.655 E48.17921
G1 X128.168 Y213.906 E48.21489
G1 X123.163 Y215.024 E48.38546
G1 X122.54 Y215.154 E48.40663
G1 X121.648 Y215.299 E48.43669
G1 X120.747 Y215.365 E48.46673
G1 X120.21 Y215.366 E48.48459
G1 X119.075 Y215.337 E48.52236
G1 X114.225 Y215.134 E48.68381
G1 X113.366 Y215.087 E48.71242
G1 X112.467 Y214.997 E48.74247
G1 X111.58 Y214.828 E48.77251
G1 X111.05 Y214.688 E48.79074
G1 X110.184 Y214.433 E48.82076
G1 X105.174 Y212.863 E48.99539
G1 X104.525 Y212.65 E49.01811
G1 X103.681 Y212.331 E49.04812
G1 X102.867 Y211.938 E49.07818
G1 X102.387 Y211.662 E49.0966
G1 X101.449 Y211.087 E49.13319
G1 X97.208 Y208.395 E49.30026
G1 X96.618 Y208.01 E49.3237
G1 X95.884 Y207.484 E49.35373
G1 X95.2 Y206.894 E49.38377
G1 X94.802 Y206.498 E49.40245
G1 X94.079 Y205.737 E49.43736
G1 X90.737 Y202.103 E49.60157
G1 X90.169 Y201.468 E49.62991
G1 X89.597 Y200.769 E49.65995
G1 X89.09 Y200.022 E49.68997
G1 X88.823 Y199.562 E49.70766
G1 X88.311 Y198.621 E49.74329
G1 X85.938 Y194.08 E49.91371
G1 X85.637 Y193.483 E49.93594
G1 X85.267 Y192.659 E49.96599
G1 X84.97 Y191.806 E49.99603
G1 X84.831 Y191.291 E50.01377
G1 X84.576 Y190.23 E50.05006
G1 X84.431 Y189.579 E50.07225
G1 X83.829 Y187.057 E50.15849
G1 X83.168 Y184.596 E50.24324
G1 X82.439 Y182.156 E50.32794
G1 X81.641 Y179.741 E50.41253
G1 X80.773 Y177.341 E50.49742
G1 X79.857 Y175.017 E50.5805
G1 X78.855 Y172.671 E50.66535
G1 X77.785 Y170.349 E50.75039
G1 X76.668 Y168.096 E50.83403
G1 X75.455 Y165.814 E50.91998
G1 X74.214 Y163.631 E51.0035
G1 X72.906 Y161.474 E51.0874
G1 X71.512 Y159.316 E51.17285
G1 X70.079 Y157.23 E51.25702
G1 X68.589 Y155.185 E51.34118
G1 X67.027 Y153.165 E51.42611
G1 X65.413 Y151.196 E51.51079
G1 X63.762 Y149.295 E51.59453
G1 X62.043 Y147.424 E51.67904
G1 X60.276 Y145.604 E51.76341
G1 X58.433 Y143.814 E51.84886
G1 X56.571 Y142.103 E51.93297
G1 X54.652 Y140.44 E52.01743
G1 X52.724 Y138.86 E52.10033
G1 X49.762 Y136.595 E52.22435
G1 X49.07 Y136.015 E52.25438
G1 X48.432 Y135.376 E52.28442
G1 X47.852 Y134.683 E52.31447
G1 X47.337 Y133.942 E52.34449
G1 X46.888 Y133.158 E52.37454
G1 X46.511 Y132.337 E52.40459
G1 X46.208 Y131.487 E52.4346
G1 F1500 E45.9346
;MESH:wheel(3).stl
G0 F6000 X55.297 Y105.847
G0 X88.297 Y80.847
G0 X112.949 Y79.004
G0 X117.5 Y77.965
;TYPE:WALL-INNER
G1 F1500 E52.4346
G1 F1200 X119.67 Y78.057 E52.50684
G1 X125.883 Y76.667 E52.71859
G1 X131.523 Y73.716 E52.93031
G1 X136.215 Y69.403 E53.14228
G1 X139.627 Y64.029 E53.354
G1 X141.531 Y57.955 E53.56571
G1 X141.797 Y51.586 E53.77773
G1 X140.407 Y45.373 E53.98949
G1 X137.456 Y39.732 E54.20123
G1 X133.143 Y35.041 E54.41318
G1 X127.769 Y31.629 E54.6249
G1 X121.695 Y29.729 E54.83657
G1 X115.326 Y29.459 E55.0486
G1 X109.113 Y30.849 E55.26035
G1 X103.473 Y33.8 E55.47206
G1 X98.781 Y38.113 E55.68404
G1 X95.369 Y43.487 E55.89576
G1 X93.469 Y49.561 E56.10743
G1 X93.199 Y55.93 E56.31946
G1 X94.593 Y62.143 E56.53124
G1 X97.54 Y67.784 E56.74292
G1 X101.853 Y72.475 E56.95487
G1 X107.227 Y75.887 E57.16659
G1 X113.301 Y77.787 E57.37827
G1 X117.5 Y77.965 E57.51805
G0 F6000 X117.5 Y78.366
;TYPE:WALL-OUTER
G1 F1200 X119.706 Y78.459 E57.59149
G1 X126.022 Y77.046 E57.80675
G1 X131.755 Y74.046 E58.02196
G1 X136.525 Y69.662 E58.23744
G1 X139.993 Y64.199 E58.45266
G1 X141.929 Y58.025 E58.66787
G1 X142.199 Y51.55 E58.88341
G1 X140.786 Y45.234 E59.09868
G1 X137.786 Y39.5 E59.31392
G1 X133.402 Y34.731 E59.52937
G1 X127.939 Y31.263 E59.74459
G1 X121.765 Y29.331 E59.95976
G1 X115.29 Y29.057 E60.17531
G1 X108.974 Y30.47 E60.39058
G1 X103.241 Y33.47 E60.60579
G1 X98.471 Y37.854 E60.82126
G1 X95.003 Y43.317 E61.03648
G1 X93.071 Y49.491 E61.25165
G1 X92.797 Y55.966 E61.4672
G1 X94.214 Y62.282 E61.6825
G1 X97.21 Y68.016 E61.89767
G1 X101.594 Y72.785 E62.11313
G1 X107.057 Y76.253 E62.32835
G1 X113.231 Y78.185 E62.54352
G1 X117.5 Y78.366 E62.68563
G0 F6000 X117.5 Y77.604
;TYPE:SKIN
G1 F1200 X113.355 Y77.429 E62.82362
G1 X107.377 Y75.557 E63.03197
G1 X102.086 Y72.197 E63.24043
G1 X97.834 Y67.572 E63.44939
G1 X94.934 Y62.018 E63.65778
G1 X93.561 Y55.897 E63.86643
G1 X93.823 Y49.615 E64.07555
G1 X95.695 Y43.637 E64.2839
G1 X99.055 Y38.346 E64.49236
G1 X103.681 Y34.098 E64.70126
G1 X109.238 Y31.186 E64.90992
G1 X115.354 Y29.821 E65.11835
G1 X121.637 Y30.083 E65.3275
G1 X127.615 Y31.955 E65.53585
G1 X132.906 Y35.315 E65.74432
G1 X137.154 Y39.941 E65.95321
G1 X140.066 Y45.498 E66.16187
G1 X141.435 Y51.614 E66.37033
G1 X141.173 Y57.897 E66.57948
G1 X139.297 Y63.875 E66.78787
G1 X135.937 Y69.166 E66.99634
G1 X131.311 Y73.415 E67.20525
G1 X125.754 Y76.326 E67.4139
G1 X119.638 Y77.695 E67.62235
G1 X117.5 Y77.604 E67.69353
G0 F6000 X117.489 Y77.863
G0 X113.329 Y77.628
G0 X107.296 Y75.74
G0 X102.992 Y73.078
G0 X103.238 Y72.691
G1 F1200 X97.994 Y67.447 E67.94019
G0 F6000 X97.588 Y67.659
G0 X96.969 Y66.475
G0 X97.376 Y66.263
G1 F1200 X104.788 Y73.676 E68.28885
G0 F6000 X104.542 Y74.063
G0 X106.092 Y75.047
G0 X106.338 Y74.66
G1 F1200 X96.758 Y65.079 E68.73949
G0 F6000 X96.351 Y65.291
G0 X95.733 Y64.108
G0 X96.14 Y63.896
G1 F1200 X107.689 Y75.445 E69.28272
G0 F6000 X108.513 Y75.703
G1 F1200 X95.522 Y62.712 E69.89378
G0 F6000 X95.114 Y62.924
G0 X94.616 Y61.788
G0 X95.065 Y61.689
G1 F1200 X109.336 Y75.96 E70.56504
G0 F6000 X110.159 Y76.218
G1 F1200 X94.902 Y60.96 E71.28271
G0 F6000 X94.738 Y60.231
G1 F1200 X110.983 Y76.476 E72.04682
G0 F6000 X111.806 Y76.734
G1 F1200 X94.574 Y59.502 E72.85736
G0 F6000 X94.411 Y58.773
G1 F1200 X112.63 Y76.992 E73.71433
G0 F6000 X113.435 Y77.232
G1 F1200 X94.247 Y58.043 E74.6169
G0 F6000 X94.083 Y57.314
G1 F1200 X114.027 Y77.257 E75.55498
G0 F6000 X114.617 Y77.282
G1 F1200 X93.919 Y56.584 E76.52855
G0 F6000 X93.762 Y55.861
G1 F1200 X115.207 Y77.307 E77.53728
G0 F6000 X115.799 Y77.332
G1 F1200 X93.785 Y55.318 E78.57275
G0 F6000 X93.808 Y54.775
G1 F1200 X116.389 Y77.357 E79.63491
G0 F6000 X116.98 Y77.382
G1 F1200 X93.83 Y54.232 E80.72382
G0 F6000 X93.853 Y53.689
G1 F1200 X117.571 Y77.407 E81.83944
G0 F6000 X118.161 Y77.432
G1 F1200 X93.875 Y53.146 E82.98178
G0 F6000 X93.898 Y52.603
G1 F1200 X118.752 Y77.457 E84.15084
G0 F6000 X119.343 Y77.482
G1 F1200 X93.921 Y52.06 E85.34661
G0 F6000 X93.943 Y51.517
G1 F1200 X119.865 Y77.439 E86.5659
G0 F6000 X120.328 Y77.336
G1 F1200 X93.966 Y50.974 E87.80589
G0 F6000 X93.989 Y50.431
G1 F1200 X120.789 Y77.232 E89.0665
G0 F6000 X121.252 Y77.128
G1 F1200 X94.011 Y49.888 E90.34781
G0 F6000 X94.097 Y49.408
G1 F1200 X121.714 Y77.025 E91.64683
G0 F6000 X122.177 Y76.922
G1 F1200 X94.232 Y48.977 E92.96128
G0 F6000 X94.367 Y48.546
G1 F1200 X122.638 Y76.818 E94.29108
G0 F6000 X123.101 Y76.715
G1 F1200 X94.502 Y48.116 E95.63629
G0 F6000 X94.636 Y47.684
G1 F1200 X123.563 Y76.611 E96.99693
G0 F6000 X124.026 Y76.508
G1 F1200 X94.771 Y47.254 E98.37297
G0 F6000 X94.906 Y46.823
G1 F1200 X124.488 Y76.404 E99.76439
G0 F6000 X124.95 Y76.301
G1 F1200 X95.042 Y46.393 E101.17117
G0 F6000 X95.176 Y45.961
G1 F1200 X125.412 Y76.198 E102.59341
G0 F6000 X125.837 Y76.057
G1 F1200 X95.311 Y45.531 E104.02925
G0 F6000 X95.446 Y45.1
G1 F1200 X126.209 Y75.863 E105.47625
G0 F6000 X126.58 Y75.668
G1 F1200 X95.581 Y44.669 E106.93435
G0 F6000 X95.716 Y44.239
G1 F1200 X126.95 Y75.473 E108.4035
G0 F6000 X127.322 Y75.279
G1 F1200 X95.85 Y43.807 E109.88385
G0 F6000 X96.053 Y43.445
G1 F1200 X127.693 Y75.084 E111.37207
G0 F6000 X128.064 Y74.89
G1 F1200 X96.273 Y43.099 E112.86742
G0 F6000 X96.493 Y42.753
G1 F1200 X128.435 Y74.695 E114.36988
G0 F6000 X128.807 Y74.501
G1 F1200 X96.712 Y42.407 E115.8795
G0 F6000 X96.932 Y42.061
G1 F1200 X129.178 Y74.306 E117.39623
G0 F6000 X129.549 Y74.112
G1 F1200 X97.152 Y41.715 E118.92009
G0 F6000 X97.371 Y41.369
G1 F1200 X129.92 Y73.917 E120.45107
G0 F6000 X130.291 Y73.723
G1 F1200 X97.591 Y41.023 E121.98918
G0 F6000 X97.811 Y40.677
G1 F1200 X130.663 Y73.528 E123.53441
G0 F6000 X131.033 Y73.333
G1 F1200 X98.031 Y40.331 E125.08673
G0 F6000 X98.25 Y39.985
G1 F1200 X131.361 Y73.096 E126.64417
G0 F6000 X131.656 Y72.825
G1 F1200 X98.47 Y39.639 E128.20513
G0 F6000 X98.69 Y39.293
G1 F1200 X131.951 Y72.554 E129.76963
G0 F6000 X132.246 Y72.283
G1 F1200 X98.909 Y38.947 E131.33768
G0 F6000 X99.129 Y38.601
G1 F1200 X132.541 Y72.012 E132.90925
G0 F6000 X132.836 Y71.742
G1 F1200 X99.397 Y38.303 E134.48212
G0 F6000 X99.692 Y38.032
G1 F1200 X133.131 Y71.471 E136.05499
G0 F6000 X133.425 Y71.2
G1 F1200 X99.987 Y37.762 E137.62781
G0 F6000 X100.282 Y37.491
G1 F1200 X133.72 Y70.929 E139.20063
G0 F6000 X134.015 Y70.658
G1 F1200 X100.577 Y37.22 E140.77345
G0 F6000 X100.872 Y36.949
G1 F1200 X134.311 Y70.388 E142.34632
G0 F6000 X134.606 Y70.117
G1 F1200 X101.167 Y36.679 E143.91916
G0 F6000 X101.462 Y36.408
G1 F1200 X134.9 Y69.847 E145.49201
G0 F6000 X135.195 Y69.576
G1 F1200 X101.757 Y36.137 E147.06485
G0 F6000 X102.052 Y35.867
G1 F1200 X135.49 Y69.305 E148.63767
G0 F6000 X135.785 Y69.034
G1 F1200 X102.347 Y35.596 E150.21049
G0 F6000 X102.641 Y35.325
G1 F1200 X136.004 Y68.688 E151.77979
G0 F6000 X136.224 Y68.342
G1 F1200 X102.936 Y35.054 E153.34555
G0 F6000 X103.231 Y34.783
G1 F1200 X136.444 Y67.996 E154.90779
G0 F6000 X136.663 Y67.65
G1 F1200 X103.526 Y34.512 E156.46648
G0 F6000 X103.827 Y34.247
G1 F1200 X136.883 Y67.304 E158.02135
G0 F6000 X137.103 Y66.958
G1 F1200 X104.198 Y34.053 E159.5691
G0 F6000 X104.569 Y33.858
G1 F1200 X137.323 Y66.612 E161.10975
G0 F6000 X137.542 Y66.266
G1 F1200 X104.94 Y33.664 E162.64325
G0 F6000 X105.312 Y33.469
G1 F1200 X137.762 Y65.92 E164.16962
G0 F6000 X137.982 Y65.574
G1 F1200 X105.683 Y33.275 E165.68887
G0 F6000 X106.054 Y33.081
G1 F1200 X138.201 Y65.228 E167.20096
G0 F6000 X138.421 Y64.882
G1 F1200 X106.425 Y32.886 E168.70596
G0 F6000 X106.796 Y32.692
G1 F1200 X138.641 Y64.536 E170.20382
G0 F6000 X138.861 Y64.19
G1 F1200 X107.168 Y32.497 E171.69457
G0 F6000 X107.538 Y32.302
G1 F1200 X139.08 Y63.844 E173.1782
G0 F6000 X139.229 Y63.427
G1 F1200 X107.909 Y32.108 E174.65138
G0 F6000 X108.281 Y31.913
G1 F1200 X139.364 Y62.996 E176.11343
G0 F6000 X139.499 Y62.566
G1 F1200 X108.652 Y31.719 E177.56438
G0 F6000 X109.023 Y31.524
G1 F1200 X139.634 Y62.135 E179.00422
G0 F6000 X139.769 Y61.704
G1 F1200 X109.416 Y31.351 E180.43193
G0 F6000 X109.878 Y31.248
G1 F1200 X139.904 Y61.274 E181.84427
G0 F6000 X140.039 Y60.843
G1 F1200 X110.34 Y31.145 E183.24119
G0 F6000 X110.803 Y31.041
G1 F1200 X140.174 Y60.412 E184.62271
G0 F6000 X140.309 Y59.982
G1 F1200 X111.265 Y30.938 E185.98885
G0 F6000 X111.729 Y30.836
G1 F1200 X140.444 Y59.551 E187.33952
G0 F6000 X140.579 Y59.12
G1 F1200 X112.191 Y30.732 E188.6748
G0 F6000 X112.653 Y30.629
G1 F1200 X140.714 Y58.69 E189.99471
G0 F6000 X140.849 Y58.259
G1 F1200 X113.116 Y30.526 E191.29918
G0 F6000 X113.578 Y30.423
G1 F1200 X140.976 Y57.82 E192.58788
G0 F6000 X140.999 Y57.277
G1 F1200 X114.041 Y30.319 E193.8559
G0 F6000 X114.503 Y30.216
G1 F1200 X141.021 Y56.734 E195.10322
G0 F6000 X141.044 Y56.191
G1 F1200 X114.966 Y30.113 E196.32985
G0 F6000 X115.444 Y30.025
G1 F1200 X141.066 Y55.648 E197.53506
G0 F6000 X141.089 Y55.105
G1 F1200 X116.034 Y30.05 E198.71357
G0 F6000 X116.624 Y30.074
G1 F1200 X141.112 Y54.562 E199.86541
G0 F6000 X141.135 Y54.019
G1 F1200 X117.214 Y30.099 E200.99056
G0 F6000 X117.805 Y30.123
G1 F1200 X141.158 Y53.476 E202.08901
G0 F6000 X141.18 Y52.933
G1 F1200 X118.395 Y30.148 E203.16075
G0 F6000 X118.986 Y30.173
G1 F1200 X141.203 Y52.39 E204.20577
G0 F6000 X141.225 Y51.847
G1 F1200 X119.576 Y30.198 E205.22407
G0 F6000 X120.166 Y30.222
G1 F1200 X141.136 Y51.192 E206.21043
G0 F6000 X140.972 Y50.463
G1 F1200 X120.757 Y30.247 E207.16131
G0 F6000 X121.347 Y30.271
G1 F1200 X140.81 Y49.734 E208.07679
G0 F6000 X140.646 Y49.005
G1 F1200 X122.069 Y30.428 E208.95059
G0 F6000 X122.893 Y30.686
G1 F1200 X140.484 Y48.277 E209.77802
G0 F6000 X140.32 Y47.548
G1 F1200 X123.717 Y30.944 E210.559
G0 F6000 X124.541 Y31.203
G1 F1200 X140.158 Y46.82 E211.29357
G0 F6000 X139.994 Y46.091
G1 F1200 X125.364 Y31.46 E211.98175
G0 F6000 X126.187 Y31.718
G1 F1200 X139.702 Y45.232 E212.61743
G0 F6000 X140.109 Y45.02
G0 X139.487 Y43.83
G0 X139.078 Y44.043
G1 F1200 X127.011 Y31.976 E213.18502
G0 F6000 X127.147 Y31.54
G0 X128.35 Y32.117
G0 X128.104 Y32.503
G1 F1200 X138.455 Y42.854 E213.6719
G0 F6000 X138.864 Y42.641
G0 X138.243 Y41.452
G0 X137.832 Y41.666
G1 F1200 X129.654 Y33.487 E214.05659
G0 F6000 X129.9 Y33.101
G0 X131.45 Y34.085
G0 X131.204 Y34.471
G1 F1200 X137.208 Y40.476 E214.33903
G0 F6000 X137.62 Y40.261
G0 X137.452 Y40.014
G0 X133.212 Y35.264
G0 X132.872 Y35.575
G1 F1200 X132.754 Y35.456 E214.3446
G1 F1500 E207.8446
;MESH:MotorCar(1).stl
G0 F6000 X133 Y35.069
G0 X137.323 Y39.825
G0 X140.255 Y45.429
G0 X141.635 Y51.601
G0 X141.372 Y57.927
G0 X139.48 Y63.96
G0 X136.091 Y69.299
G0 X131.43 Y73.583
G0 X125.944 Y76.829
G0 X126.183 Y77.898
G0 X125.944 Y80.835
G0 X117.465 Y152.9
;TYPE:WALL-INNER
G1 F1500 E214.3446
G1 F1200 X145.348 Y152.9 E215.27199
G1 X145.35 Y128.44 E216.08554
G1 X145.406 Y128.24 E216.09244
G1 X145.597 Y128.012 E216.10234
G1 X145.904 Y127.901 E216.11319
G1 X178.348 Y127.9 E217.19229
G1 X178.348 Y107.1 E217.8841
G1 X145.895 Y107.098 E218.96349
G1 X145.621 Y107.004 E218.97312
G1 X145.494 Y106.894 E218.97871
G1 X145.388 Y106.717 E218.98557
G1 X145.35 Y106.56 E218.99094
G1 X145.348 Y82.1 E219.80449
G1 X89.548 Y82.1 E221.6604
G1 X89.546 Y106.56 E222.47395
G1 X89.49 Y106.76 E222.48085
G1 X89.275 Y107.004 E222.49167
G1 X88.992 Y107.099 E222.5016
G1 X56.548 Y107.1 E223.58069
G1 X56.548 Y127.9 E224.2725
G1 X89.001 Y127.902 E225.35189
G1 X89.275 Y127.996 E225.36153
G1 X89.402 Y128.106 E225.36712
G1 X89.508 Y128.283 E225.37398
G1 X89.546 Y128.44 E225.37935
G1 X89.548 Y152.9 E226.19289
G1 X117.465 Y152.9 E227.12142
G0 F6000 X117.465 Y153.3
;TYPE:WALL-OUTER
G1 F1200 X145.748 Y153.3 E228.06211
G1 X145.756 Y128.44 E228.88896
G1 X145.906 Y128.3 E228.89578
G1 X178.748 Y128.3 E229.98811
G1 X178.748 Y106.7 E230.70653
G1 X145.93 Y106.7 E231.79806
G1 X145.796 Y106.632 E231.80306
G1 X145.748 Y106.52 E231.80711
G1 X145.748 Y81.7 E232.63263
G1 X89.148 Y81.7 E234.51515
G1 X89.14 Y106.56 E235.342
G1 X88.99 Y106.7 E235.34883
G1 X56.148 Y106.7 E236.44116
G1 X56.148 Y128.3 E237.15957
G1 X88.966 Y128.3 E238.25111
G1 X89.1 Y128.368 E238.2561
G1 X89.148 Y128.48 E238.26016
G1 X89.148 Y153.3 E239.08567
G1 X117.465 Y153.3 E240.0275
G0 F6000 X117.465 Y152.54
;TYPE:SKIN
G1 F1200 X89.908 Y152.54 E240.94405
G1 X89.904 Y128.357 E241.74838
G1 X89.74 Y127.954 E241.76285
G1 X89.509 Y127.716 E241.77388
G1 X89.096 Y127.541 E241.7888
G1 X56.908 Y127.54 E242.85938
G1 X56.908 Y107.46 E243.52724
G1 X89.018 Y107.456 E244.59522
G1 X89.335 Y107.381 E244.60606
G1 X89.668 Y107.128 E244.61997
G1 X89.819 Y106.9 E244.62906
G1 X89.899 Y106.596 E244.63952
G1 X89.908 Y82.46 E245.44229
G1 X144.988 Y82.46 E247.27425
G1 X144.992 Y106.639 E248.07845
G1 X145.151 Y107.041 E248.09283
G1 X145.385 Y107.281 E248.10398
G1 X145.795 Y107.459 E248.11884
G1 X177.988 Y107.46 E249.18959
G1 X177.988 Y127.54 E249.85745
G1 X145.878 Y127.54 E250.92543
G1 X145.561 Y127.615 E250.93627
G1 X145.199 Y127.894 E250.95147
G1 X145.073 Y128.096 E250.95939
G1 X144.993 Y128.4 E250.96984
G1 X144.988 Y152.54 E251.77274
G1 X117.465 Y152.54 E252.68816
G1 F1500 E246.18816
G0 F6000 X117.465 Y152.8
G0 X89.72 Y152.728
G0 X89.388 Y128.062
G0 X57.195 Y127.8
G0 X57.195 Y127.34
G1 F1500 E252.68816
G1 F1200 X57.107 Y127.252 E252.6923
G0 F6000 X57.107 Y126.687
G1 F1200 X57.761 Y127.34 E252.72304
G0 F6000 X58.326 Y127.34
G1 F1200 X57.107 Y126.121 E252.78038
G0 F6000 X57.107 Y125.555
G1 F1200 X58.892 Y127.34 E252.86434
G0 F6000 X59.458 Y127.34
G1 F1200 X57.107 Y124.99 E252.9749
G0 F6000 X57.107 Y124.424
G1 F1200 X60.023 Y127.34 E253.11206
G0 F6000 X60.589 Y127.34
G1 F1200 X57.107 Y123.858 E253.27584
G0 F6000 X57.107 Y123.293
G1 F1200 X61.155 Y127.34 E253.46622
G0 F6000 X61.721 Y127.34
G1 F1200 X57.107 Y122.727 E253.68323
G0 F6000 X57.107 Y122.161
G1 F1200 X62.286 Y127.34 E253.92683
G0 F6000 X62.852 Y127.34
G1 F1200 X57.107 Y121.595 E254.19706
G0 F6000 X57.107 Y121.03
G1 F1200 X63.418 Y127.34 E254.49389
G0 F6000 X63.983 Y127.34
G1 F1200 X57.107 Y120.464 E254.81731
G0 F6000 X57.107 Y119.898
G1 F1200 X64.549 Y127.34 E255.16736
G0 F6000 X65.115 Y127.34
G1 F1200 X57.107 Y119.333 E255.54401
G0 F6000 X57.107 Y118.767
G1 F1200 X65.68 Y127.34 E255.94726
G0 F6000 X66.246 Y127.34
G1 F1200 X57.107 Y118.201 E256.37713
G0 F6000 X57.107 Y117.636
G1 F1200 X66.812 Y127.34 E256.8336
G0 F6000 X67.377 Y127.34
G1 F1200 X57.107 Y117.07 E257.31667
G0 F6000 X57.107 Y116.504
G1 F1200 X67.944 Y127.341 E257.82641
G0 F6000 X68.509 Y127.341
G1 F1200 X57.107 Y115.939 E258.36272
G0 F6000 X57.107 Y115.373
G1 F1200 X69.075 Y127.341 E258.92566
G0 F6000 X69.641 Y127.341
G1 F1200 X57.107 Y114.807 E259.51522
G0 F6000 X57.107 Y114.242
G1 F1200 X70.207 Y127.341 E260.13138
G0 F6000 X70.772 Y127.341
G1 F1200 X57.107 Y113.676 E260.77414
G0 F6000 X57.107 Y113.11
G1 F1200 X71.338 Y127.341 E261.44352
G0 F6000 X71.904 Y127.341
G1 F1200 X57.107 Y112.545 E262.13951
G0 F6000 X57.107 Y111.979
G1 F1200 X72.469 Y127.341 E262.86209
G0 F6000 X73.035 Y127.341
G1 F1200 X57.107 Y111.413 E263.61129
G0 F6000 X57.107 Y110.847
G1 F1200 X73.601 Y127.341 E264.38712
G0 F6000 X74.166 Y127.341
G1 F1200 X57.107 Y110.282 E265.18952
G0 F6000 X57.107 Y109.716
G1 F1200 X74.732 Y127.341 E266.01855
G0 F6000 X75.298 Y127.341
G1 F1200 X57.107 Y109.15 E266.8742
G0 F6000 X57.107 Y108.585
G1 F1200 X75.863 Y127.341 E267.75642
G0 F6000 X76.429 Y127.341
G1 F1200 X57.107 Y108.019 E268.66527
G0 F6000 X57.315 Y107.661
G1 F1200 X76.995 Y127.341 E269.59096
G0 F6000 X77.56 Y127.341
G1 F1200 X57.88 Y107.661 E270.51664
G0 F6000 X58.446 Y107.661
G1 F1200 X78.126 Y127.341 E271.44233
G0 F6000 X78.692 Y127.341
G1 F1200 X59.012 Y107.661 E272.36802
G0 F6000 X59.577 Y107.661
G1 F1200 X79.258 Y127.341 E273.29373
G0 F6000 X79.824 Y127.341
G1 F1200 X60.143 Y107.661 E274.21944
G0 F6000 X60.709 Y107.661
G1 F1200 X80.39 Y127.341 E275.14515
G0 F6000 X80.955 Y127.341
G1 F1200 X61.274 Y107.661 E276.07086
G0 F6000 X61.839 Y107.66
G1 F1200 X81.521 Y127.341 E276.99661
G0 F6000 X82.087 Y127.341
G1 F1200 X62.405 Y107.66 E277.92237
G0 F6000 X62.971 Y107.66
G1 F1200 X82.652 Y127.341 E278.84811
G0 F6000 X83.218 Y127.341
G1 F1200 X63.536 Y107.66 E279.77386
G0 F6000 X64.102 Y107.66
G1 F1200 X83.784 Y127.341 E280.69962
G0 F6000 X84.349 Y127.341
G1 F1200 X64.668 Y107.66 E281.62536
G0 F6000 X65.233 Y107.66
G1 F1200 X84.915 Y127.341 E282.55111
G0 F6000 X85.481 Y127.341
G1 F1200 X65.799 Y107.66 E283.47687
G0 F6000 X66.364 Y107.659
G1 F1200 X86.046 Y127.341 E284.40265
G0 F6000 X86.612 Y127.341
G1 F1200 X66.93 Y107.659 E285.32843
G0 F6000 X67.495 Y107.659
G1 F1200 X87.178 Y127.341 E286.25424
G0 F6000 X87.743 Y127.341
G1 F1200 X68.061 Y107.659 E287.18002
G0 F6000 X68.627 Y107.659
G1 F1200 X88.309 Y127.341 E288.1058
G0 F6000 X88.875 Y127.341
G1 F1200 X69.193 Y107.659 E289.03158
G0 F6000 X69.758 Y107.659
G1 F1200 X114.439 Y152.34 E291.13324
G0 F6000 X113.873 Y152.34
G1 F1200 X90.108 Y128.575 E292.25107
G0 F6000 X90.108 Y129.14
G1 F1200 X113.307 Y152.34 E293.3423
G0 F6000 X112.742 Y152.34
G1 F1200 X90.108 Y129.706 E294.40694
G0 F6000 X90.108 Y130.272
G1 F1200 X112.176 Y152.34 E295.44495
G0 F6000 X111.61 Y152.34
G1 F1200 X90.108 Y130.837 E296.45636
G0 F6000 X90.108 Y131.403
G1 F1200 X111.045 Y152.34 E297.44117
G0 F6000 X110.479 Y152.34
G1 F1200 X90.108 Y131.969 E298.39936
G0 F6000 X90.108 Y132.534
G1 F1200 X109.913 Y152.34 E299.33095
G0 F6000 X109.348 Y152.34
G1 F1200 X90.108 Y133.1 E300.23594
G0 F6000 X90.108 Y133.666
G1 F1200 X108.782 Y152.34 E301.11431
G0 F6000 X108.216 Y152.34
G1 F1200 X90.108 Y134.231 E301.96608
G0 F6000 X90.108 Y134.797
G1 F1200 X107.651 Y152.34 E302.79125
G0 F6000 X107.085 Y152.34
G1 F1200 X90.108 Y135.363 E303.58979
G0 F6000 X90.108 Y135.929
G1 F1200 X106.519 Y152.34 E304.36172
G0 F6000 X105.954 Y152.34
G1 F1200 X90.108 Y136.494 E305.10706
G0 F6000 X90.108 Y137.06
G1 F1200 X105.388 Y152.34 E305.82579
G0 F6000 X104.822 Y152.34
G1 F1200 X90.108 Y137.626 E306.51789
G0 F6000 X90.108 Y138.191
G1 F1200 X104.257 Y152.34 E307.18341
G0 F6000 X103.691 Y152.34
G1 F1200 X90.108 Y138.757 E307.82232
G0 F6000 X90.108 Y139.323
G1 F1200 X103.125 Y152.34 E308.4346
G0 F6000 X102.559 Y152.34
G1 F1200 X90.108 Y139.888 E309.02028
G0 F6000 X90.108 Y140.454
G1 F1200 X101.994 Y152.34 E309.57936
G0 F6000 X101.428 Y152.34
G1 F1200 X90.108 Y141.02 E310.11182
G0 F6000 X90.108 Y141.585
G1 F1200 X100.862 Y152.34 E310.61767
G0 F6000 X100.297 Y152.34
G1 F1200 X90.108 Y142.151 E311.09693
G0 F6000 X90.108 Y142.717
G1 F1200 X99.731 Y152.34 E311.54957
G0 F6000 X99.165 Y152.34
G1 F1200 X90.108 Y143.282 E311.97561
G0 F6000 X90.108 Y143.848
G1 F1200 X98.6 Y152.34 E312.37505
G0 F6000 X98.034 Y152.34
G1 F1200 X90.108 Y144.414 E312.74786
G0 F6000 X90.108 Y144.98
G1 F1200 X97.468 Y152.34 E313.09405
G0 F6000 X96.903 Y152.34
G1 F1200 X90.108 Y145.545 E313.41367
G0 F6000 X90.108 Y146.111
G1 F1200 X96.337 Y152.34 E313.70666
G0 F6000 X95.771 Y152.34
G1 F1200 X90.108 Y146.677 E313.97303
G0 F6000 X90.108 Y147.242
G1 F1200 X95.206 Y152.34 E314.21283
G0 F6000 X94.64 Y152.34
G1 F1200 X90.108 Y147.808 E314.426
G0 F6000 X90.108 Y148.374
G1 F1200 X94.074 Y152.34 E314.61255
G0 F6000 X93.509 Y152.34
G1 F1200 X90.108 Y148.939 E314.77252
G0 F6000 X90.108 Y149.505
G1 F1200 X92.943 Y152.34 E314.90587
G0 F6000 X92.377 Y152.34
G1 F1200 X90.108 Y150.071 E315.01259
G0 F6000 X90.108 Y150.636
G1 F1200 X91.811 Y152.34 E315.09272
G0 F6000 X91.246 Y152.34
G1 F1200 X90.108 Y151.202 E315.14625
G0 F6000 X90.108 Y151.768
G1 F1200 X90.68 Y152.34 E315.17315
G0 F6000 X90.68 Y152.8
G0 X115.005 Y152.8
G0 X115.005 Y152.34
G1 F1200 X70.324 Y107.659 E317.27481
G0 F6000 X70.889 Y107.658
G1 F1200 X115.57 Y152.34 E319.37649
G0 F6000 X116.136 Y152.34
G1 F1200 X71.455 Y107.658 E321.47817
G0 F6000 X72.02 Y107.658
G1 F1200 X116.702 Y152.34 E323.57988
G0 F6000 X117.267 Y152.34
G1 F1200 X72.586 Y107.658 E325.68156
G0 F6000 X73.152 Y107.658
G1 F1200 X117.833 Y152.34 E327.78324
G0 F6000 X118.399 Y152.34
G1 F1200 X73.717 Y107.658 E329.88494
G0 F6000 X74.283 Y107.658
G1 F1200 X118.964 Y152.34 E331.98662
G0 F6000 X119.53 Y152.34
G1 F1200 X74.849 Y107.658 E334.08831
G0 F6000 X75.414 Y107.658
G1 F1200 X120.096 Y152.34 E336.19001
G0 F6000 X120.661 Y152.34
G1 F1200 X75.979 Y107.658 E338.29171
G0 F6000 X76.545 Y107.658
G1 F1200 X121.227 Y152.34 E340.39342
G0 F6000 X121.793 Y152.34
G1 F1200 X77.111 Y107.658 E342.49512
G0 F6000 X77.676 Y107.658
G1 F1200 X122.358 Y152.34 E344.59683
G0 F6000 X122.924 Y152.34
G1 F1200 X78.242 Y107.658 E346.69853
G0 F6000 X78.808 Y107.658
G1 F1200 X123.49 Y152.34 E348.80024
G0 F6000 X124.056 Y152.34
G1 F1200 X79.373 Y107.658 E350.90196
G0 F6000 X79.938 Y107.657
G1 F1200 X124.621 Y152.34 E353.00371
G0 F6000 X125.187 Y152.34
G1 F1200 X80.504 Y107.657 E355.10547
G0 F6000 X81.07 Y107.657
G1 F1200 X125.753 Y152.34 E357.20722
G0 F6000 X126.318 Y152.34
G1 F1200 X81.635 Y107.657 E359.30897
G0 F6000 X82.201 Y107.657
G1 F1200 X126.884 Y152.34 E361.41072
G0 F6000 X127.45 Y152.34
G1 F1200 X82.767 Y107.657 E363.51247
G0 F6000 X83.333 Y107.657
G1 F1200 X128.015 Y152.34 E365.6142
G0 F6000 X128.581 Y152.34
G1 F1200 X83.898 Y107.657 E367.71595
G0 F6000 X84.464 Y107.657
G1 F1200 X129.147 Y152.34 E369.8177
G0 F6000 X129.712 Y152.34
G1 F1200 X85.029 Y107.656 E371.91948
G0 F6000 X85.595 Y107.656
G1 F1200 X130.278 Y152.34 E374.02125
G0 F6000 X130.844 Y152.34
G1 F1200 X86.16 Y107.656 E376.12305
G0 F6000 X86.726 Y107.656
G1 F1200 X131.409 Y152.34 E378.22482
G0 F6000 X131.975 Y152.34
G1 F1200 X87.292 Y107.656 E380.3266
G0 F6000 X87.857 Y107.656
G1 F1200 X132.541 Y152.34 E382.4284
G0 F6000 X133.106 Y152.34
G1 F1200 X88.423 Y107.656 E384.53017
G0 F6000 X88.989 Y107.656
G1 F1200 X133.672 Y152.34 E386.63195
G0 F6000 X134.238 Y152.34
G1 F1200 X89.446 Y107.548 E388.73883
G0 F6000 X89.767 Y107.303
G1 F1200 X134.804 Y152.34 E390.85723
G0 F6000 X135.369 Y152.34
G1 F1200 X90.006 Y106.977 E392.99096
G0 F6000 X90.104 Y106.509
G1 F1200 X135.935 Y152.34 E395.14671
G0 F6000 X136.501 Y152.34
G1 F1200 X90.104 Y105.944 E397.32906
G0 F6000 X90.104 Y105.378
G1 F1200 X137.066 Y152.34 E399.53801
G0 F6000 X137.632 Y152.34
G1 F1200 X90.104 Y104.812 E401.77358
G0 F6000 X90.104 Y104.247
G1 F1200 X138.198 Y152.34 E404.03575
G0 F6000 X138.763 Y152.34
G1 F1200 X90.104 Y103.681 E406.32452
G0 F6000 X90.104 Y103.115
G1 F1200 X139.329 Y152.34 E408.63992
G0 F6000 X139.895 Y152.34
G1 F1200 X90.104 Y102.55 E410.98191
G0 F6000 X90.104 Y101.984
G1 F1200 X140.46 Y152.34 E413.3505
G0 F6000 X141.026 Y152.34
G1 F1200 X90.105 Y101.419 E415.74567
G0 F6000 X90.105 Y100.853
G1 F1200 X141.592 Y152.34 E418.16746
G0 F6000 X142.157 Y152.34
G1 F1200 X90.105 Y100.288 E420.61583
G0 F6000 X90.105 Y99.722
G1 F1200 X142.723 Y152.34 E423.09082
G0 F6000 X143.289 Y152.34
G1 F1200 X90.105 Y99.156 E425.59243
G0 F6000 X90.105 Y98.59
G1 F1200 X143.855 Y152.34 E428.12066
G0 F6000 X144.42 Y152.34
G1 F1200 X90.105 Y98.025 E430.67547
G0 F6000 X90.105 Y97.459
G1 F1200 X144.789 Y152.143 E433.24764
G0 F6000 X144.789 Y151.577
G1 F1200 X90.106 Y96.894 E435.81976
G0 F6000 X90.106 Y96.328
G1 F1200 X144.789 Y151.011 E438.39188
G0 F6000 X144.789 Y150.445
G1 F1200 X90.106 Y95.763 E440.96398
G0 F6000 X90.106 Y95.197
G1 F1200 X144.789 Y149.88 E443.5361
G0 F6000 X144.789 Y149.315
G1 F1200 X90.106 Y94.631 E446.10825
G0 F6000 X90.106 Y94.066
G1 F1200 X144.789 Y148.749 E448.68037
G0 F6000 X144.789 Y148.183
G1 F1200 X90.106 Y93.5 E451.25249
G0 F6000 X90.106 Y92.934
G1 F1200 X144.789 Y147.618 E453.82463
G0 F6000 X144.789 Y147.052
G1 F1200 X90.106 Y92.369 E456.39675
G0 F6000 X90.107 Y91.804
G1 F1200 X144.789 Y146.486 E458.96883
G0 F6000 X144.79 Y145.921
G1 F1200 X90.107 Y91.238 E461.54095
G0 F6000 X90.107 Y90.672
G1 F1200 X144.79 Y145.356 E464.11309
G0 F6000 X144.79 Y144.79
G1 F1200 X90.107 Y90.107 E466.68521
G0 F6000 X90.107 Y89.541
G1 F1200 X144.79 Y144.224 E469.25733
G0 F6000 X144.79 Y143.659
G1 F1200 X90.107 Y88.975 E471.82948
G0 F6000 X90.107 Y88.41
G1 F1200 X144.791 Y143.094 E474.40164
G0 F6000 X144.791 Y142.528
G1 F1200 X90.107 Y87.844 E476.97381
G0 F6000 X90.107 Y87.279
G1 F1200 X144.791 Y141.962 E479.54596
G0 F6000 X144.791 Y141.397
G1 F1200 X90.107 Y86.713 E482.11812
G0 F6000 X90.107 Y86.148
G1 F1200 X144.791 Y140.831 E484.69027
G0 F6000 X144.791 Y140.266
G1 F1200 X90.107 Y85.582 E487.26243
G0 F6000 X90.107 Y85.016
G1 F1200 X144.791 Y139.7 E489.8346
G0 F6000 X144.791 Y139.135
G1 F1200 X90.107 Y84.45 E492.40679
G0 F6000 X90.107 Y83.885
G1 F1200 X144.791 Y138.569 E494.97896
G0 F6000 X144.791 Y138.003
G1 F1200 X90.107 Y83.319 E497.55113
G0 F6000 X90.107 Y82.753
G1 F1200 X144.791 Y137.438 E500.12332
G0 F6000 X144.792 Y136.873
G1 F1200 X90.58 Y82.66 E502.67331
G0 F6000 X91.145 Y82.66
G1 F1200 X144.792 Y136.307 E505.1967
G0 F6000 X144.792 Y135.741
G1 F1200 X91.711 Y82.66 E507.69347
G0 F6000 X92.277 Y82.66
G1 F1200 X144.792 Y135.175 E510.16361
G0 F6000 X144.792 Y134.61
G1 F1200 X92.842 Y82.66 E512.60718
G0 F6000 X93.408 Y82.66
G1 F1200 X144.793 Y134.045 E515.02417
G0 F6000 X144.793 Y133.479
G1 F1200 X93.974 Y82.66 E517.41454
G0 F6000 X94.539 Y82.66
G1 F1200 X144.793 Y132.913 E519.77831
G0 F6000 X144.793 Y132.348
G1 F1200 X95.105 Y82.66 E522.11549
G0 F6000 X95.671 Y82.66
G1 F1200 X144.793 Y131.782 E524.42603
G0 F6000 X144.794 Y131.217
G1 F1200 X96.237 Y82.66 E526.71001
G0 F6000 X96.802 Y82.66
G1 F1200 X144.794 Y130.651 E528.96738
G0 F6000 X144.794 Y130.086
G1 F1200 X97.368 Y82.66 E531.19815
G0 F6000 X97.934 Y82.66
G1 F1200 X144.794 Y129.52 E533.4023
G0 F6000 X144.794 Y128.954
G1 F1200 X98.499 Y82.66 E535.57986
G0 F6000 X99.065 Y82.66
G1 F1200 X144.794 Y128.389 E537.73081
G0 F6000 X144.926 Y127.955
G1 F1200 X99.631 Y82.66 E539.86135
G0 F6000 X100.196 Y82.66
G1 F1200 X145.185 Y127.649 E541.97749
G0 F6000 X145.521 Y127.419
G1 F1200 X100.762 Y82.66 E544.08282
G0 F6000 X101.328 Y82.66
G1 F1200 X146.008 Y127.34 E546.18443
G0 F6000 X146.573 Y127.34
G1 F1200 X101.893 Y82.66 E548.28604
G0 F6000 X102.459 Y82.66
G1 F1200 X147.139 Y127.34 E550.38765
G0 F6000 X147.705 Y127.34
G1 F1200 X103.025 Y82.66 E552.48926
G0 F6000 X103.59 Y82.66
G1 F1200 X148.27 Y127.34 E554.59087
G0 F6000 X148.836 Y127.34
G1 F1200 X104.156 Y82.66 E556.69248
G0 F6000 X104.722 Y82.66
G1 F1200 X149.402 Y127.34 E558.79409
G0 F6000 X149.967 Y127.34
G1 F1200 X105.287 Y82.66 E560.8957
G0 F6000 X105.853 Y82.66
G1 F1200 X150.533 Y127.34 E562.99731
G0 F6000 X151.099 Y127.34
G1 F1200 X106.419 Y82.66 E565.09892
G0 F6000 X106.985 Y82.66
G1 F1200 X151.665 Y127.34 E567.20053
G0 F6000 X152.23 Y127.34
G1 F1200 X107.55 Y82.66 E569.30214
G0 F6000 X108.116 Y82.66
G1 F1200 X152.796 Y127.34 E571.40375
G0 F6000 X153.362 Y127.34
G1 F1200 X108.682 Y82.66 E573.50536
G0 F6000 X109.247 Y82.66
G1 F1200 X153.927 Y127.34 E575.60697
G0 F6000 X154.493 Y127.34
G1 F1200 X109.813 Y82.66 E577.70858
G0 F6000 X110.379 Y82.66
G1 F1200 X155.059 Y127.34 E579.81019
G0 F6000 X155.624 Y127.34
G1 F1200 X110.944 Y82.66 E581.9118
G0 F6000 X111.51 Y82.66
G1 F1200 X156.19 Y127.34 E584.01341
G0 F6000 X156.756 Y127.34
G1 F1200 X112.076 Y82.66 E586.11502
G0 F6000 X112.641 Y82.66
G1 F1200 X157.321 Y127.34 E588.21663
G0 F6000 X157.887 Y127.34
G1 F1200 X113.207 Y82.66 E590.31824
G0 F6000 X113.773 Y82.66
G1 F1200 X158.453 Y127.34 E592.41985
G0 F6000 X159.018 Y127.34
G1 F1200 X114.338 Y82.66 E594.52146
G0 F6000 X114.904 Y82.66
G1 F1200 X159.584 Y127.34 E596.62307
G0 F6000 X160.15 Y127.34
G1 F1200 X115.47 Y82.66 E598.72468
G0 F6000 X116.036 Y82.66
G1 F1200 X160.715 Y127.34 E600.82627
G0 F6000 X161.281 Y127.34
G1 F1200 X116.601 Y82.66 E602.92788
G0 F6000 X117.167 Y82.66
G1 F1200 X161.847 Y127.34 E605.02949
G0 F6000 X162.413 Y127.34
G1 F1200 X117.733 Y82.66 E607.1311
G0 F6000 X118.298 Y82.66
G1 F1200 X162.978 Y127.34 E609.23271
G0 F6000 X163.544 Y127.34
G1 F1200 X118.864 Y82.66 E611.33432
G0 F6000 X119.43 Y82.66
G1 F1200 X164.11 Y127.34 E613.43593
G0 F6000 X164.675 Y127.34
G1 F1200 X119.995 Y82.66 E615.53754
G0 F6000 X120.561 Y82.66
G1 F1200 X144.934 Y107.033 E616.68397
G0 F6000 X145.41 Y107.509
G1 F1200 X165.241 Y127.34 E617.61676
G0 F6000 X165.807 Y127.34
G1 F1200 X146.125 Y107.658 E618.54254
G0 F6000 X146.691 Y107.658
G1 F1200 X166.372 Y127.34 E619.4683
G0 F6000 X166.938 Y127.34
G1 F1200 X147.256 Y107.658 E620.39408
G0 F6000 X147.822 Y107.658
G1 F1200 X167.504 Y127.34 E621.31986
G0 F6000 X168.069 Y127.34
G1 F1200 X148.388 Y107.658 E622.24562
G0 F6000 X148.953 Y107.658
G1 F1200 X168.635 Y127.34 E623.1714
G0 F6000 X169.201 Y127.34
G1 F1200 X149.519 Y107.658 E624.09718
G0 F6000 X150.085 Y107.658
G1 F1200 X169.766 Y127.34 E625.02294
G0 F6000 X170.332 Y127.34
G1 F1200 X150.651 Y107.658 E625.94869
G0 F6000 X151.216 Y107.658
G1 F1200 X170.898 Y127.34 E626.87448
G0 F6000 X171.463 Y127.34
G1 F1200 X151.782 Y107.658 E627.80023
G0 F6000 X152.348 Y107.658
G1 F1200 X172.029 Y127.34 E628.72599
G0 F6000 X172.595 Y127.34
G1 F1200 X152.913 Y107.658 E629.65177
G0 F6000 X153.479 Y107.658
G1 F1200 X173.161 Y127.34 E630.57755
G0 F6000 X173.726 Y127.34
G1 F1200 X154.045 Y107.658 E631.50331
G0 F6000 X154.61 Y107.658
G1 F1200 X174.292 Y127.34 E632.42909
G0 F6000 X174.858 Y127.34
G1 F1200 X155.176 Y107.658 E633.35487
G0 F6000 X155.742 Y107.658
G1 F1200 X175.423 Y127.34 E634.28063
G0 F6000 X175.989 Y127.34
G1 F1200 X156.307 Y107.658 E635.20641
G0 F6000 X156.874 Y107.659
G1 F1200 X176.555 Y127.34 E636.13214
G0 F6000 X177.12 Y127.34
G1 F1200 X157.439 Y107.659 E637.05788
G0 F6000 X158.005 Y107.659
G1 F1200 X177.686 Y127.34 E637.98361
G0 F6000 X177.788 Y126.876
G1 F1200 X158.571 Y107.659 E638.88752
G0 F6000 X159.137 Y107.659
G1 F1200 X177.788 Y126.31 E639.76481
G0 F6000 X177.788 Y125.745
G1 F1200 X159.702 Y107.659 E640.61552
G0 F6000 X160.268 Y107.659
G1 F1200 X177.788 Y125.179 E641.4396
G0 F6000 X177.788 Y124.613
G1 F1200 X160.834 Y107.659 E642.23707
G0 F6000 X161.399 Y107.659
G1 F1200 X177.788 Y124.048 E643.00796
G0 F6000 X177.788 Y123.482
G1 F1200 X161.965 Y107.659 E643.75222
G0 F6000 X162.531 Y107.659
G1 F1200 X177.788 Y122.916 E644.46986
G0 F6000 X177.788 Y122.351
G1 F1200 X163.096 Y107.659 E645.16093
G0 F6000 X163.662 Y107.659
G1 F1200 X177.788 Y121.785 E645.82537
G0 F6000 X177.788 Y121.219
G1 F1200 X164.228 Y107.659 E646.46319
G0 F6000 X164.793 Y107.659
G1 F1200 X177.788 Y120.654 E647.07444
G0 F6000 X177.788 Y120.088
G1 F1200 X165.359 Y107.659 E647.65906
G0 F6000 X165.925 Y107.659
G1 F1200 X177.788 Y119.522 E648.21706
G0 F6000 X177.788 Y118.957
G1 F1200 X166.49 Y107.659 E648.74848
G0 F6000 X167.056 Y107.659
G1 F1200 X177.788 Y118.391 E649.25328
G0 F6000 X177.788 Y117.825
G1 F1200 X167.622 Y107.66 E649.73144
G0 F6000 X168.188 Y107.66
G1 F1200 X177.788 Y117.26 E650.18299
G0 F6000 X177.788 Y116.694
G1 F1200 X168.754 Y107.66 E650.60792
G0 F6000 X169.32 Y107.66
G1 F1200 X177.788 Y116.128 E651.00623
G0 F6000 X177.788 Y115.562
G1 F1200 X169.885 Y107.66 E651.37794
G0 F6000 X170.451 Y107.66
G1 F1200 X177.788 Y114.997 E651.72305
G0 F6000 X177.788 Y114.431
G1 F1200 X171.017 Y107.66 E652.04154
G0 F6000 X171.582 Y107.66
G1 F1200 X177.788 Y113.865 E652.33343
G0 F6000 X177.788 Y113.3
G1 F1200 X172.148 Y107.66 E652.59872
G0 F6000 X172.714 Y107.66
G1 F1200 X177.788 Y112.734 E652.83738
G0 F6000 X177.788 Y112.168
G1 F1200 X173.279 Y107.66 E653.04945
G0 F6000 X173.845 Y107.66
G1 F1200 X177.788 Y111.603 E653.23491
G0 F6000 X177.788 Y111.037
G1 F1200 X174.411 Y107.66 E653.39376
G0 F6000 X174.976 Y107.66
G1 F1200 X177.788 Y110.471 E653.526
G0 F6000 X177.788 Y109.906
G1 F1200 X175.542 Y107.66 E653.63165
G0 F6000 X176.108 Y107.66
G1 F1200 X177.788 Y109.34 E653.71067
G0 F6000 X177.788 Y108.774
G1 F1200 X176.673 Y107.66 E653.76309
G0 F6000 X177.239 Y107.66
G1 F1200 X177.788 Y108.209 E653.78892
G1 F1500 E647.28892
G0 F6000 X178.248 Y108.209
G0 X178.176 Y107.272
G0 X145.512 Y106.938
G0 X145.248 Y106.321
G0 X144.788 Y106.321
G1 F1500 E653.78892
G1 F1200 X121.127 Y82.66 E654.90186
G0 F6000 X121.692 Y82.66
G1 F1200 X144.788 Y105.756 E655.98822
G0 F6000 X144.788 Y105.19
G1 F1200 X122.258 Y82.66 E657.04796
G0 F6000 X122.824 Y82.66
G1 F1200 X144.788 Y104.624 E658.08108
G0 F6000 X144.788 Y104.059
G1 F1200 X123.389 Y82.66 E659.08763
G0 F6000 X123.955 Y82.66
G1 F1200 X144.788 Y103.493 E660.06755
G0 F6000 X144.788 Y102.927
G1 F1200 X124.521 Y82.66 E661.02084
G0 F6000 X125.086 Y82.66
G1 F1200 X144.788 Y102.361 E661.94754
G0 F6000 X144.788 Y101.796
G1 F1200 X125.652 Y82.66 E662.84764
G0 F6000 X126.218 Y82.66
G1 F1200 X144.788 Y101.23 E663.72112
G0 F6000 X144.788 Y100.664
G1 F1200 X126.784 Y82.66 E664.56797
G0 F6000 X127.349 Y82.66
G1 F1200 X144.788 Y100.099 E665.38825
G0 F6000 X144.788 Y99.533
G1 F1200 X127.915 Y82.66 E666.1819
G0 F6000 X128.481 Y82.66
G1 F1200 X144.788 Y98.967 E666.94893
G0 F6000 X144.788 Y98.402
G1 F1200 X129.046 Y82.66 E667.68939
G0 F6000 X129.612 Y82.66
G1 F1200 X144.788 Y97.836 E668.40322
G0 F6000 X144.788 Y97.27
G1 F1200 X130.178 Y82.66 E669.09043
G0 F6000 X130.743 Y82.66
G1 F1200 X144.788 Y96.705 E669.75106
G0 F6000 X144.788 Y96.139
G1 F1200 X131.309 Y82.66 E670.38507
G0 F6000 X131.875 Y82.66
G1 F1200 X144.788 Y95.573 E670.99246
G0 F6000 X144.788 Y95.008
G1 F1200 X132.44 Y82.66 E671.57327
G0 F6000 X133.006 Y82.66
G1 F1200 X144.788 Y94.442 E672.12746
G0 F6000 X144.788 Y93.876
G1 F1200 X133.572 Y82.66 E672.65503
G0 F6000 X134.137 Y82.66
G1 F1200 X144.788 Y93.311 E673.15602
G0 F6000 X144.788 Y92.745
G1 F1200 X134.703 Y82.66 E673.63039
G0 F6000 X135.269 Y82.66
G1 F1200 X144.788 Y92.179 E674.07813
G0 F6000 X144.788 Y91.613
G1 F1200 X135.835 Y82.66 E674.49925
G0 F6000 X136.4 Y82.66
G1 F1200 X144.788 Y91.048 E674.8938
G0 F6000 X144.788 Y90.482
G1 F1200 X136.966 Y82.66 E675.26172
G0 F6000 X137.532 Y82.66
G1 F1200 X144.788 Y89.916 E675.60302
G0 F6000 X144.788 Y89.351
G1 F1200 X138.097 Y82.66 E675.91775
G0 F6000 X138.663 Y82.66
G1 F1200 X144.788 Y88.785 E676.20585
G0 F6000 X144.788 Y88.219
G1 F1200 X139.229 Y82.66 E676.46733
G0 F6000 X139.794 Y82.66
G1 F1200 X144.788 Y87.654 E676.70223
G0 F6000 X144.788 Y87.088
G1 F1200 X140.36 Y82.66 E676.91051
G0 F6000 X140.926 Y82.66
G1 F1200 X144.788 Y86.522 E677.09216
G0 F6000 X144.788 Y85.957
G1 F1200 X141.491 Y82.66 E677.24725
G0 F6000 X142.057 Y82.66
G1 F1200 X144.788 Y85.391 E677.3757
G0 F6000 X144.788 Y84.825
G1 F1200 X142.623 Y82.66 E677.47754
G0 F6000 X143.188 Y82.66
G1 F1200 X144.788 Y84.26 E677.5528
G0 F6000 X144.788 Y83.694
G1 F1200 X143.754 Y82.66 E677.60143
G0 F6000 X144.32 Y82.66
G1 F1200 X144.788 Y83.128 E677.62345
G1 F1500 E671.12345
;MESH:wheel(3).stl(1)
G0 F6000 X145.248 Y83.128
G0 X145.502 Y107.117
G0 X178.176 Y107.272
G0 X178.176 Y127.728
G0 X145.357 Y128.019
G0 X145.176 Y152.728
G0 X117.892 Y153.07
G0 X117.892 Y154.165
G0 X117.818 Y154.795
G0 X117.892 Y204.477
;TYPE:WALL-INNER
G1 F1500 E677.62345
G1 F1200 X120.374 Y204.581 E677.70607
G1 X126.587 Y203.191 E677.91782
G1 X132.227 Y200.24 E678.12954
G1 X136.919 Y195.927 E678.34151
G1 X140.331 Y190.553 E678.55323
G1 X142.231 Y184.479 E678.76491
G1 X142.501 Y178.11 E678.97693
G1 X141.107 Y171.897 E679.18871
G1 X138.16 Y166.256 E679.4004
G1 X133.847 Y161.565 E679.61234
G1 X128.473 Y158.153 E679.82406
G1 X122.399 Y156.253 E680.03574
G1 X116.03 Y155.983 E680.24776
G1 X109.817 Y157.377 E680.45955
G1 X104.176 Y160.324 E680.67123
G1 X99.485 Y164.637 E680.88317
G1 X96.073 Y170.011 E681.0949
G1 X94.169 Y176.085 E681.30661
G1 X93.903 Y182.454 E681.51863
G1 X95.293 Y188.667 E681.73038
G1 X98.244 Y194.307 E681.9421
G1 X102.557 Y198.999 E682.15407
G1 X107.931 Y202.411 E682.36579
G1 X114.005 Y204.315 E682.57751
G1 X117.892 Y204.477 E682.7069
G0 F6000 X117.887 Y204.878
;TYPE:WALL-OUTER
G1 F1200 X120.41 Y204.983 E682.79089
G1 X126.726 Y203.57 E683.00615
G1 X132.459 Y200.57 E683.22136
G1 X137.229 Y196.186 E683.43684
G1 X140.697 Y190.723 E683.65206
G1 X142.629 Y184.549 E683.86723
G1 X142.903 Y178.074 E684.08278
G1 X141.486 Y171.758 E684.29807
G1 X138.49 Y166.024 E684.51325
G1 X134.106 Y161.255 E684.72871
G1 X128.643 Y157.787 E684.94393
G1 X122.469 Y155.855 E685.15909
G1 X115.994 Y155.581 E685.37465
G1 X109.678 Y156.998 E685.58994
G1 X103.944 Y159.994 E685.80512
G1 X99.175 Y164.378 E686.02057
G1 X95.707 Y169.841 E686.23579
G1 X93.771 Y176.015 E686.451
G1 X93.501 Y182.49 E686.66654
G1 X94.914 Y188.806 E686.88181
G1 X97.914 Y194.539 E687.09702
G1 X102.298 Y199.309 E687.3125
G1 X107.761 Y202.777 E687.52772
G1 X113.935 Y204.713 E687.74292
G1 X117.887 Y204.878 E687.87448
G0 F6000 X117.897 Y204.117
;TYPE:SKIN
G1 F1200 X114.059 Y203.957 E688.00225
G1 X108.081 Y202.081 E688.21064
G1 X102.79 Y198.721 E688.4191
G1 X98.542 Y194.095 E688.62799
G1 X95.63 Y188.538 E688.83666
G1 X94.265 Y182.422 E689.04508
G1 X94.523 Y176.139 E689.25423
G1 X96.399 Y170.161 E689.46262
G1 X99.759 Y164.87 E689.67109
G1 X104.384 Y160.618 E689.88004
G1 X109.938 Y157.718 E690.08844
G1 X116.059 Y156.345 E690.29708
G1 X122.341 Y156.607 E690.5062
G1 X128.319 Y158.479 E690.71455
G1 X133.61 Y161.839 E690.92302
G1 X137.862 Y166.464 E691.13198
G1 X140.762 Y172.018 E691.34037
G1 X142.139 Y178.139 E691.54904
G1 X141.873 Y184.421 E691.75817
G1 X140.001 Y190.399 E691.96652
G1 X136.641 Y195.69 E692.17498
G1 X132.015 Y199.938 E692.38388
G1 X126.458 Y202.85 E692.59254
G1 X120.342 Y204.219 E692.80099
G1 X117.897 Y204.117 E692.88239
G0 F6000 X117.886 Y204.376
G0 X114.033 Y204.156
G0 X108 Y202.264
G0 X102.8 Y199.035
G0 X103.046 Y198.647
G1 F1200 X102.396 Y197.997 E692.91296
G0 F6000 X102.057 Y198.307
G0 X102.547 Y198.767
G0 X104.35 Y200.018
G0 X104.596 Y199.631
G1 F1200 X98.447 Y193.482 E693.20219
G0 F6000 X98.037 Y193.696
G0 X97.415 Y192.506
G0 X97.824 Y192.293
G1 F1200 X106.146 Y200.615 E693.59363
G0 F6000 X105.9 Y201.002
G0 X107.45 Y201.986
G0 X107.696 Y201.6
G1 F1200 X97.2 Y191.104 E694.08733
G0 F6000 X96.792 Y191.317
G0 X96.17 Y190.127
G0 X96.577 Y189.915
G1 F1200 X108.74 Y202.078 E694.65944
G0 F6000 X109.564 Y202.336
G1 F1200 X95.954 Y188.727 E695.29959
G0 F6000 X95.692 Y187.899
G1 F1200 X110.389 Y202.595 E695.99087
G0 F6000 X111.213 Y202.854
G1 F1200 X95.529 Y187.17 E696.7286
G0 F6000 X95.367 Y186.442
G1 F1200 X112.037 Y203.112 E697.5127
G0 F6000 X112.861 Y203.371
G1 F1200 X95.204 Y185.714 E698.34323
G0 F6000 X95.042 Y184.985
G1 F1200 X113.685 Y203.629 E699.22017
G0 F6000 X114.391 Y203.77
G1 F1200 X94.879 Y184.257 E700.13797
G0 F6000 X94.717 Y183.53
G1 F1200 X114.982 Y203.795 E701.09118
G0 F6000 X115.572 Y203.819
G1 F1200 X94.554 Y182.801 E702.0798
G0 F6000 X94.476 Y182.157
G1 F1200 X116.163 Y203.844 E703.09989
G0 F6000 X116.753 Y203.869
G1 F1200 X94.498 Y181.613 E704.14672
G0 F6000 X94.52 Y181.07
G1 F1200 X117.343 Y203.893 E705.22025
G0 F6000 X117.933 Y203.918
G1 F1200 X94.543 Y180.527 E706.32046
G0 F6000 X94.565 Y179.983
G1 F1200 X118.524 Y203.942 E707.44742
G0 F6000 X119.114 Y203.967
G1 F1200 X94.588 Y179.44 E708.60107
G0 F6000 X94.609 Y178.897
G1 F1200 X119.705 Y203.992 E709.78149
G0 F6000 X120.295 Y204.017
G1 F1200 X94.632 Y178.354 E710.9886
G0 F6000 X94.654 Y177.81
G1 F1200 X120.763 Y203.919 E712.21668
G0 F6000 X121.226 Y203.816
G1 F1200 X94.677 Y177.267 E713.46547
G0 F6000 X94.699 Y176.724
G1 F1200 X121.688 Y203.713 E714.73495
G0 F6000 X122.15 Y203.609
G1 F1200 X94.721 Y176.18 E716.02512
G0 F6000 X94.855 Y175.748
G1 F1200 X122.612 Y203.505 E717.33073
G0 F6000 X123.075 Y203.402
G1 F1200 X94.99 Y175.317 E718.65176
G0 F6000 X95.125 Y174.887
G1 F1200 X123.537 Y203.298 E719.98815
G0 F6000 X123.999 Y203.195
G1 F1200 X95.261 Y174.457 E721.3399
G0 F6000 X95.396 Y174.026
G1 F1200 X124.461 Y203.092 E722.70705
G0 F6000 X124.923 Y202.988
G1 F1200 X95.531 Y173.595 E724.08958
G0 F6000 X95.666 Y173.165
G1 F1200 X125.386 Y202.884 E725.4875
G0 F6000 X125.848 Y202.781
G1 F1200 X95.801 Y172.734 E726.90081
G0 F6000 X95.936 Y172.304
G1 F1200 X126.31 Y202.677 E728.32949
G0 F6000 X126.697 Y202.498
G1 F1200 X96.071 Y171.873 E729.77002
G0 F6000 X96.206 Y171.442
G1 F1200 X127.068 Y202.304 E731.22167
G0 F6000 X127.439 Y202.11
G1 F1200 X96.341 Y171.012 E732.68443
G0 F6000 X96.476 Y170.581
G1 F1200 X127.81 Y201.915 E734.15828
G0 F6000 X128.181 Y201.721
G1 F1200 X96.63 Y170.169 E735.64237
G0 F6000 X96.85 Y169.824
G1 F1200 X128.553 Y201.526 E737.13356
G0 F6000 X128.924 Y201.332
G1 F1200 X97.069 Y169.477 E738.63192
G0 F6000 X97.289 Y169.131
G1 F1200 X129.295 Y201.137 E740.13738
G0 F6000 X129.666 Y200.943
G1 F1200 X97.509 Y168.786 E741.64995
G0 F6000 X97.729 Y168.439
G1 F1200 X130.038 Y200.748 E743.16967
G0 F6000 X130.409 Y200.554
G1 F1200 X97.948 Y168.093 E744.69653
G0 F6000 X98.168 Y167.748
G1 F1200 X130.78 Y200.359 E746.23048
G0 F6000 X131.151 Y200.165
G1 F1200 X98.388 Y167.402 E747.77155
G0 F6000 X98.607 Y167.055
G1 F1200 X131.523 Y199.971 E749.31982
G0 F6000 X131.894 Y199.776
G1 F1200 X98.827 Y166.71 E750.87516
G0 F6000 X99.047 Y166.364
G1 F1200 X132.189 Y199.506 E752.43406
G0 F6000 X132.484 Y199.235
G1 F1200 X99.266 Y166.017 E753.99653
G0 F6000 X99.486 Y165.672
G1 F1200 X132.779 Y198.964 E755.56251
G0 F6000 X133.074 Y198.693
G1 F1200 X99.706 Y165.326 E757.13202
G0 F6000 X99.93 Y164.984
G1 F1200 X133.369 Y198.423 E758.70488
G0 F6000 X133.664 Y198.152
G1 F1200 X100.225 Y164.713 E760.27775
G0 F6000 X100.52 Y164.443
G1 F1200 X133.959 Y197.881 E761.8506
G0 F6000 X134.254 Y197.611
G1 F1200 X100.815 Y164.172 E763.42347
G0 F6000 X101.11 Y163.901
G1 F1200 X134.549 Y197.34 E764.99633
G0 F6000 X134.844 Y197.069
G1 F1200 X101.404 Y163.629 E766.56925
G0 F6000 X101.699 Y163.359
G1 F1200 X135.139 Y196.798 E768.14214
G0 F6000 X135.434 Y196.528
G1 F1200 X101.994 Y163.088 E769.71505
G0 F6000 X102.289 Y162.817
G1 F1200 X135.728 Y196.257 E771.28795
G0 F6000 X136.023 Y195.986
G1 F1200 X102.583 Y162.545 E772.86088
G0 F6000 X102.878 Y162.275
G1 F1200 X136.318 Y195.715 E774.4338
G0 F6000 X136.581 Y195.412
G1 F1200 X103.173 Y162.004 E776.00521
G0 F6000 X103.467 Y161.733
G1 F1200 X136.801 Y195.067 E777.57314
G0 F6000 X137.021 Y194.721
G1 F1200 X103.762 Y161.461 E779.13756
G0 F6000 X104.056 Y161.191
G1 F1200 X137.24 Y194.374 E780.69841
G0 F6000 X137.46 Y194.029
G1 F1200 X104.351 Y160.92 E782.25576
G0 F6000 X104.684 Y160.687
G1 F1200 X137.68 Y193.683 E783.80779
G0 F6000 X137.899 Y193.336
G1 F1200 X105.056 Y160.493 E785.35262
G0 F6000 X105.427 Y160.299
G1 F1200 X138.119 Y192.991 E786.89036
G0 F6000 X138.339 Y192.645
G1 F1200 X105.799 Y160.105 E788.42094
G0 F6000 X106.171 Y159.911
G1 F1200 X138.559 Y192.299 E789.94437
G0 F6000 X138.778 Y191.953
G1 F1200 X106.543 Y159.717 E791.46063
G0 F6000 X106.914 Y159.523
G1 F1200 X138.998 Y191.607 E792.96976
G0 F6000 X139.218 Y191.261
G1 F1200 X107.286 Y159.329 E794.47175
G0 F6000 X107.657 Y159.134
G1 F1200 X139.437 Y190.915 E795.9666
G0 F6000 X139.657 Y190.569
G1 F1200 X108.029 Y158.941 E797.45429
G0 F6000 X108.4 Y158.746
G1 F1200 X139.854 Y190.2 E798.93379
G0 F6000 X139.989 Y189.77
G1 F1200 X108.772 Y158.552 E800.40216
G0 F6000 X109.144 Y158.359
G1 F1200 X140.124 Y189.338 E801.85934
G0 F6000 X140.259 Y188.908
G1 F1200 X109.515 Y158.164 E803.30545
G0 F6000 X109.887 Y157.97
G1 F1200 X140.394 Y188.477 E804.7404
G0 F6000 X140.529 Y188.047
G1 F1200 X110.32 Y157.838 E806.16134
G0 F6000 X110.782 Y157.734
G1 F1200 X140.663 Y187.615 E807.56685
G0 F6000 X140.798 Y187.185
G1 F1200 X111.244 Y157.63 E808.957
G0 F6000 X111.706 Y157.526
G1 F1200 X140.933 Y186.754 E810.33178
G0 F6000 X141.068 Y186.323
G1 F1200 X112.168 Y157.423 E811.69114
G0 F6000 X112.63 Y157.319
G1 F1200 X141.203 Y185.892 E813.03513
G0 F6000 X141.338 Y185.461
G1 F1200 X113.093 Y157.216 E814.36369
G0 F6000 X113.554 Y157.112
G1 F1200 X141.472 Y185.03 E815.67687
G0 F6000 X141.607 Y184.599
G1 F1200 X114.017 Y157.009 E816.97461
G0 F6000 X114.478 Y156.905
G1 F1200 X141.686 Y184.112 E818.25437
G0 F6000 X141.708 Y183.569
G1 F1200 X114.941 Y156.802 E819.51341
G0 F6000 X115.403 Y156.698
G1 F1200 X141.732 Y183.027 E820.75185
G0 F6000 X141.754 Y182.484
G1 F1200 X115.865 Y156.594 E821.96961
G0 F6000 X116.396 Y156.56
G1 F1200 X141.778 Y181.941 E823.16348
G0 F6000 X141.8 Y181.398
G1 F1200 X116.987 Y156.585 E824.3306
G0 F6000 X117.577 Y156.609
G1 F1200 X141.824 Y180.856 E825.47111
G0 F6000 X141.846 Y180.313
G1 F1200 X118.167 Y156.634 E826.5849
G0 F6000 X118.757 Y156.658
G1 F1200 X141.87 Y179.771 E827.67206
G0 F6000 X141.892 Y179.228
G1 F1200 X119.348 Y156.683 E828.73248
G0 F6000 X119.938 Y156.708
G1 F1200 X141.916 Y178.685 E829.76624
G0 F6000 X141.933 Y178.137
G1 F1200 X120.528 Y156.732 E830.77306
G0 F6000 X121.119 Y156.757
G1 F1200 X141.769 Y177.407 E831.74438
G0 F6000 X141.605 Y176.678
G1 F1200 X121.709 Y156.781 E832.68025
G0 F6000 X122.299 Y156.806
G1 F1200 X141.441 Y175.948 E833.58063
G0 F6000 X141.277 Y175.218
G1 F1200 X123.12 Y157.061 E834.43468
G0 F6000 X123.943 Y157.319
G1 F1200 X141.113 Y174.488 E835.24228
G0 F6000 X140.949 Y173.759
G1 F1200 X124.767 Y157.577 E836.00343
G0 F6000 X125.591 Y157.835
G1 F1200 X140.785 Y173.029 E836.71811
G0 F6000 X140.621 Y172.299
G1 F1200 X126.414 Y158.092 E837.38636
G0 F6000 X127.238 Y158.35
G1 F1200 X140.134 Y171.247 E837.99297
G0 F6000 X140.543 Y171.034
G0 X139.925 Y169.85
G0 X139.516 Y170.063
G1 F1200 X128.061 Y158.608 E838.53178
G0 F6000 X128.197 Y158.173
G0 X129.704 Y159.054
G0 X129.459 Y159.44
G1 F1200 X138.898 Y168.88 E838.97579
G0 F6000 X139.307 Y168.667
G0 X138.688 Y167.483
G0 X138.28 Y167.695
G1 F1200 X131.009 Y160.424 E839.31779
G0 F6000 X131.255 Y160.038
G0 X132.804 Y161.021
G0 X132.558 Y161.408
G1 F1200 X137.326 Y166.176 E839.54207
G1 F1500 E833.04207
;MESH:NONMESH
G0 F300 X137.326 Y166.176 Z0.4
G0 F6000 X137.664 Y165.866
G0 X133.743 Y161.689
G0 X128.404 Y158.3
G0 X122.371 Y156.412
G0 X116.045 Y156.145
G0 X109.759 Y157.213
G0 X109.252 Y156.245
G0 X88.297 Y154.153
G0 X46.208 Y131.487
;TIME_ELAPSED:1324.461865
;LAYER:1
M106 S85
;TYPE:SKIRT
G1 F1500 E839.54207
G1 F1200 X45.982 Y130.612 E839.57212
G1 X45.833 Y129.722 E839.60214
G1 X45.763 Y128.777 E839.63365
G1 X45.75 Y128.17 E839.65385
G1 X45.751 Y107.062 E840.3559
G1 X45.761 Y106.36 E840.37925
G1 X45.814 Y105.458 E840.40931
G1 X45.946 Y104.565 E840.43933
G1 X46.157 Y103.687 E840.46936
G1 X46.445 Y102.831 E840.4994
G1 X46.807 Y102.003 E840.52946
G1 X47.241 Y101.211 E840.5595
G1 X47.744 Y100.461 E840.58953
G1 X48.31 Y99.758 E840.61955
G1 X48.937 Y99.108 E840.64959
G1 X49.671 Y98.475 E840.68183
G1 X51.894 Y96.734 E840.77574
G1 X53.864 Y95.095 E840.86097
G1 X55.764 Y93.421 E840.9452
G1 X57.612 Y91.698 E841.02923
G1 X59.42 Y89.917 E841.11364
G1 X61.196 Y88.061 E841.19908
G1 X62.89 Y86.189 E841.28305
G1 X64.553 Y84.244 E841.36817
G1 X66.116 Y82.307 E841.45095
G1 X67.683 Y80.249 E841.53698
G1 X69.15 Y78.205 E841.62066
G1 X70.577 Y76.093 E841.70544
G1 X71.953 Y73.927 E841.79079
G1 X73.233 Y71.78 E841.87393
G1 X74.474 Y69.558 E841.95858
G1 X75.661 Y67.283 E842.04392
G1 X76.765 Y65.014 E842.12785
G1 X77.808 Y62.707 E842.21206
G1 X78.794 Y60.346 E842.29716
G1 X79.712 Y57.964 E842.38206
G1 X80.548 Y55.597 E842.46556
G1 X81.327 Y53.178 E842.55008
G1 X82.045 Y50.708 E842.63564
G1 X82.683 Y48.253 E842.72
G1 X82.925 Y47.238 E842.75471
G1 X83.063 Y46.719 E842.77257
G1 X83.408 Y45.551 E842.81308
G1 X84.931 Y40.695 E842.98234
G1 X85.136 Y40.072 E843.00416
G1 X85.456 Y39.227 E843.03421
G1 X85.849 Y38.414 E843.06424
G1 X86.12 Y37.944 E843.08229
G1 X86.682 Y37.026 E843.11809
G1 X89.345 Y32.83 E843.28338
G1 X89.77 Y32.178 E843.30927
G1 X90.296 Y31.444 E843.3393
G1 X90.886 Y30.76 E843.36935
G1 X91.279 Y30.364 E843.3879
G1 X91.924 Y29.75 E843.41752
G1 X95.851 Y26.138 E843.59498
G1 X96.321 Y25.719 E843.61592
G1 X97.021 Y25.149 E843.64595
G1 X97.769 Y24.642 E843.676
G1 X98.217 Y24.383 E843.69322
G1 X99.188 Y23.854 E843.72999
G1 X103.551 Y21.573 E843.89374
G1 X104.301 Y21.194 E843.92169
G1 X105.124 Y20.823 E843.95172
G1 X105.978 Y20.527 E843.98178
G1 X106.492 Y20.388 E843.99949
G1 X107.548 Y20.134 E844.03561
G1 X112.373 Y19.056 E844.20005
G1 X113.168 Y18.889 E844.22707
G1 X114.059 Y18.744 E844.25709
G1 X114.96 Y18.678 E844.28714
G1 X115.502 Y18.677 E844.30517
G1 X116.581 Y18.705 E844.34107
G1 X121.478 Y18.91 E844.50409
G1 X122.337 Y18.957 E844.5327
G1 X123.236 Y19.047 E844.56275
G1 X124.123 Y19.216 E844.59278
G1 X124.648 Y19.355 E844.61084
G1 X125.692 Y19.663 E844.64705
G1 X130.395 Y21.136 E844.81096
G1 X131.179 Y21.393 E844.8384
G1 X132.024 Y21.713 E844.86846
G1 X132.837 Y22.106 E844.89849
G1 X133.303 Y22.374 E844.91637
G1 X134.272 Y22.966 E844.95414
G1 X138.387 Y25.578 E845.11625
G1 X139.086 Y26.034 E845.14401
G1 X139.82 Y26.561 E845.17406
G1 X140.504 Y27.15 E845.20408
G1 X140.898 Y27.543 E845.22259
G1 X141.645 Y28.33 E845.25868
G1 X144.956 Y31.931 E845.42138
G1 X145.533 Y32.575 E845.45014
G1 X146.105 Y33.274 E845.48018
G1 X146.612 Y34.021 E845.51021
G1 X146.878 Y34.478 E845.5278
G1 X147.393 Y35.424 E845.56362
G1 X149.666 Y39.771 E845.72678
G1 X150.063 Y40.556 E845.75603
G1 X150.434 Y41.38 E845.78609
G1 X150.731 Y42.233 E845.81613
G1 X150.87 Y42.75 E845.83394
G1 X151.127 Y43.818 E845.87047
G1 X151.667 Y46.236 E845.95288
G1 X152.294 Y48.866 E846.0428
G1 X152.946 Y51.293 E846.12639
G1 X153.671 Y53.722 E846.2107
G1 X154.477 Y56.161 E846.29614
G1 X155.332 Y58.525 E846.37975
G1 X156.271 Y60.908 E846.46494
G1 X157.264 Y63.235 E846.54909
G1 X158.327 Y65.54 E846.63351
G1 X159.444 Y67.792 E846.71712
G1 X160.663 Y70.089 E846.80361
G1 X161.891 Y72.247 E846.88619
G1 X163.222 Y74.442 E846.97157
G1 X164.589 Y76.56 E847.05542
G1 X166.044 Y78.679 E847.14091
G1 X167.533 Y80.723 E847.22502
G1 X169.084 Y82.728 E847.30933
G1 X170.69 Y84.688 E847.39361
G1 X172.35 Y86.6 E847.47782
G1 X174.091 Y88.496 E847.56344
G1 X175.837 Y90.292 E847.64675
G1 X177.661 Y92.066 E847.73138
G1 X179.541 Y93.793 E847.81628
G1 X181.448 Y95.446 E847.90022
G1 X183.404 Y97.049 E847.98434
G1 X184.034 Y97.53 E848.0107
G1 X185.232 Y98.478 E848.06151
G1 X185.918 Y99.066 E848.09156
G1 X186.549 Y99.713 E848.12162
G1 X187.12 Y100.412 E848.15164
G1 X187.627 Y101.16 E848.1817
G1 X188.065 Y101.949 E848.21171
G1 X188.433 Y102.774 E848.24176
G1 X188.726 Y103.628 E848.27179
G1 X188.942 Y104.505 E848.30183
G1 X189.08 Y105.398 E848.33188
G1 X189.135 Y106.191 E848.35832
G1 X189.15 Y106.83 E848.37958
G1 X189.149 Y127.916 E849.0809
G1 X189.139 Y128.636 E849.10485
G1 X189.087 Y129.537 E849.13487
G1 X188.954 Y130.431 E849.16493
G1 X188.744 Y131.309 E849.19496
G1 X188.456 Y132.165 E849.22499
G1 X188.094 Y132.992 E849.25502
G1 X187.661 Y133.784 E849.28504
G1 X187.159 Y134.535 E849.31509
G1 X186.592 Y135.238 E849.34513
G1 X185.965 Y135.889 E849.37519
G1 X185.356 Y136.423 E849.40213
G1 X184.671 Y136.977 E849.43143
G1 X183.677 Y137.757 E849.47345
G1 X181.773 Y139.341 E849.55583
G1 X179.832 Y141.051 E849.64187
G1 X177.992 Y142.765 E849.72551
G1 X176.188 Y144.543 E849.80975
G1 X174.412 Y146.399 E849.89519
G1 X172.715 Y148.274 E849.9793
G1 X171.057 Y150.212 E850.06413
G1 X169.483 Y152.162 E850.14748
G1 X167.934 Y154.198 E850.23257
G1 X166.451 Y156.264 E850.31715
G1 X165.032 Y158.365 E850.40148
G1 X163.662 Y160.522 E850.48647
G1 X162.372 Y162.685 E850.57023
G1 X161.127 Y164.915 E850.65518
G1 X159.953 Y167.163 E850.73953
G1 X158.845 Y169.442 E850.82381
G1 X157.799 Y171.755 E850.90825
G1 X156.807 Y174.131 E850.99388
G1 X155.907 Y176.462 E851.07699
G1 X155.057 Y178.87 E851.16192
G1 X154.278 Y181.292 E851.24654
G1 X153.574 Y183.712 E851.33037
G1 X152.916 Y186.239 E851.41722
G1 X152.784 Y186.788 E851.436
G1 X152.65 Y187.291 E851.45332
G1 X152.352 Y188.303 E851.4884
G1 X150.782 Y193.313 E851.66303
G1 X150.569 Y193.962 E851.68575
G1 X150.25 Y194.806 E851.71576
G1 X149.857 Y195.62 E851.74582
G1 X149.584 Y196.095 E851.76404
G1 X149.009 Y197.034 E851.80066
G1 X146.308 Y201.289 E851.96829
G1 X145.941 Y201.853 E851.99067
G1 X145.416 Y202.588 E852.02071
G1 X144.827 Y203.273 E852.05076
G1 X144.423 Y203.68 E852.06983
G1 X143.765 Y204.306 E852.10004
G1 X139.865 Y207.892 E852.27625
G1 X139.388 Y208.318 E852.29753
G1 X138.689 Y208.889 E852.32755
G1 X137.941 Y209.396 E852.3576
G1 X137.486 Y209.66 E852.3751
G1 X136.515 Y210.189 E852.41187
G1 X132.152 Y212.47 E852.57562
G1 X131.407 Y212.847 E852.60339
G1 X130.584 Y213.218 E852.63342
G1 X129.731 Y213.515 E852.66346
G1 X129.211 Y213.655 E852.68137
G1 X128.168 Y213.906 E852.71705
G1 X123.163 Y215.024 E852.88762
G1 X122.54 Y215.154 E852.90879
G1 X121.648 Y215.299 E852.93885
G1 X120.747 Y215.365 E852.9689
G1 X120.21 Y215.366 E852.98676
G1 X119.075 Y215.337 E853.02452
G1 X114.225 Y215.134 E853.18597
G1 X113.366 Y215.087 E853.21458
G1 X112.467 Y214.997 E853.24463
G1 X111.58 Y214.828 E853.27467
G1 X111.05 Y214.688 E853.2929
G1 X110.184 Y214.433 E853.32293
G1 X105.174 Y212.863 E853.49755
G1 X104.525 Y212.65 E853.52027
G1 X103.681 Y212.331 E853.55028
G1 X102.867 Y211.938 E853.58034
G1 X102.387 Y211.662 E853.59876
G1 X101.449 Y211.087 E853.63535
G1 X97.208 Y208.395 E853.80242
G1 X96.618 Y208.01 E853.82586
G1 X95.884 Y207.484 E853.85589
G1 X95.2 Y206.894 E853.88593
G1 X94.802 Y206.498 E853.90461
G1 X94.079 Y205.737 E853.93952
G1 X90.737 Y202.103 E854.10373
G1 X90.169 Y201.468 E854.13207
G1 X89.597 Y200.769 E854.16211
G1 X89.09 Y200.022 E854.19213
G1 X88.823 Y199.562 E854.20983
G1 X88.311 Y198.621 E854.24546
G1 X85.938 Y194.08 E854.41587
G1 X85.637 Y193.483 E854.43811
G1 X85.267 Y192.659 E854.46815
G1 X84.97 Y191.806 E854.49819
G1 X84.831 Y191.291 E854.51593
G1 X84.576 Y190.23 E854.55223
G1 X84.431 Y189.579 E854.57441
G1 X83.829 Y187.057 E854.66065
G1 X83.168 Y184.596 E854.7454
G1 X82.439 Y182.156 E854.8301
G1 X81.641 Y179.741 E854.9147
G1 X80.773 Y177.341 E854.99958
G1 X79.857 Y175.017 E855.08266
G1 X78.855 Y172.671 E855.16751
G1 X77.785 Y170.349 E855.25255
G1 X76.668 Y168.096 E855.33619
G1 X75.455 Y165.814 E855.42214
G1 X74.214 Y163.631 E855.50566
G1 X72.906 Y161.474 E855.58956
G1 X71.512 Y159.316 E855.67501
G1 X70.079 Y157.23 E855.75919
G1 X68.589 Y155.185 E855.84334
G1 X67.027 Y153.165 E855.92827
G1 X65.413 Y151.196 E856.01295
G1 X63.762 Y149.295 E856.09669
G1 X62.043 Y147.424 E856.1812
G1 X60.276 Y145.604 E856.26557
G1 X58.433 Y143.814 E856.35102
G1 X56.571 Y142.103 E856.43513
G1 X54.652 Y140.44 E856.51959
G1 X52.724 Y138.86 E856.6025
G1 X49.762 Y136.595 E856.72651
G1 X49.07 Y136.015 E856.75655
G1 X48.432 Y135.376 E856.78658
G1 X47.852 Y134.683 E856.81664
G1 X47.337 Y133.942 E856.84665
G1 X46.888 Y133.158 E856.8767
G1 X46.511 Y132.337 E856.90675
G1 X46.208 Y131.487 E856.93676
G1 F1500 E850.43676
;MESH:wheel(3).stl
G0 F7500 X55.297 Y105.847
G0 X88.297 Y80.847
G0 X112.949 Y79.004
G0 X117.5 Y77.965
;TYPE:WALL-INNER
G1 F1500 E856.93676
G1 F1350 X119.67 Y78.057 E857.009
G1 X125.883 Y76.667 E857.22075
G1 X131.523 Y73.716 E857.43247
G1 X136.215 Y69.403 E857.64444
G1 X139.627 Y64.029 E857.85616
G1 X141.531 Y57.955 E858.06788
G1 X141.797 Y51.586 E858.27989
G1 X140.407 Y45.373 E858.49165
G1 X137.456 Y39.732 E858.70339
G1 X133.143 Y35.041 E858.91534
G1 X127.769 Y31.629 E859.12706
G1 X121.695 Y29.729 E859.33874
G1 X115.326 Y29.459 E859.55076
G1 X109.113 Y30.849 E859.76251
G1 X103.473 Y33.8 E859.97423
G1 X98.781 Y38.113 E860.1862
G1 X95.369 Y43.487 E860.39792
G1 X93.469 Y49.561 E860.6096
G1 X93.199 Y55.93 E860.82162
G1 X94.593 Y62.143 E861.0334
G1 X97.54 Y67.784 E861.24508
G1 X101.853 Y72.475 E861.45703
G1 X107.227 Y75.887 E861.66875
G1 X113.301 Y77.787 E861.88043
G1 X117.5 Y77.965 E862.02021
G0 F7500 X117.5 Y78.366
;TYPE:WALL-OUTER
G1 F1350 X119.706 Y78.459 E862.09365
G1 X126.022 Y77.046 E862.30891
G1 X131.755 Y74.046 E862.52412
G1 X136.525 Y69.662 E862.7396
G1 X139.993 Y64.199 E862.95482
G1 X141.929 Y58.025 E863.17003
G1 X142.199 Y51.55 E863.38558
G1 X140.786 Y45.234 E863.60084
G1 X137.786 Y39.5 E863.81608
G1 X133.402 Y34.731 E864.03153
G1 X127.939 Y31.263 E864.24675
G1 X121.765 Y29.331 E864.46192
G1 X115.29 Y29.057 E864.67747
G1 X108.974 Y30.47 E864.89274
G1 X103.241 Y33.47 E865.10795
G1 X98.471 Y37.854 E865.32343
G1 X95.003 Y43.317 E865.53865
G1 X93.071 Y49.491 E865.75381
G1 X92.797 Y55.966 E865.96937
G1 X94.214 Y62.282 E866.18466
G1 X97.21 Y68.016 E866.39984
G1 X101.594 Y72.785 E866.61529
G1 X107.057 Y76.253 E866.83051
G1 X113.231 Y78.185 E867.04568
G1 X117.5 Y78.366 E867.18779
G0 F7500 X117.5 Y77.604
;TYPE:SKIN
G1 F1350 X113.355 Y77.429 E867.32578
G1 X107.377 Y75.557 E867.53413
G1 X102.086 Y72.197 E867.74259
G1 X97.834 Y67.572 E867.95155
G1 X94.934 Y62.018 E868.15994
G1 X93.561 Y55.897 E868.36859
G1 X93.823 Y49.615 E868.57771
G1 X95.695 Y43.637 E868.78606
G1 X99.055 Y38.346 E868.99453
G1 X103.681 Y34.098 E869.20342
G1 X109.238 Y31.186 E869.41208
G1 X115.354 Y29.821 E869.62051
G1 X121.637 Y30.083 E869.82966
G1 X127.615 Y31.955 E870.03801
G1 X132.906 Y35.315 E870.24648
G1 X137.154 Y39.941 E870.45537
G1 X140.066 Y45.498 E870.66404
G1 X141.435 Y51.614 E870.87249
G1 X141.173 Y57.897 E871.08164
G1 X139.297 Y63.875 E871.29003
G1 X135.937 Y69.166 E871.4985
G1 X131.311 Y73.415 E871.70741
G1 X125.754 Y76.326 E871.91606
G1 X119.638 Y77.695 E872.12452
G1 X117.5 Y77.604 E872.19569
G0 F7500 X117.489 Y77.863
G0 X119.655 Y77.895
G0 X125.827 Y76.515
G0 X131.43 Y73.583
G0 X136.243 Y69.173
G0 X135.853 Y68.925
G1 F1350 X135.279 Y69.499 E872.22269
G0 F7500 X135.591 Y69.84
G0 X135.996 Y69.402
G0 X137.227 Y67.623
G0 X136.837 Y67.375
G1 F1350 X130.706 Y73.507 E872.5111
G0 F7500 X130.92 Y73.918
G0 X129.731 Y74.54
G0 X129.517 Y74.13
G1 F1350 X137.821 Y65.825 E872.90171
G0 F7500 X138.21 Y66.073
G0 X139.195 Y64.522
G0 X138.806 Y64.275
G1 F1350 X128.329 Y74.752 E873.39452
G0 F7500 X128.543 Y75.162
G0 X127.354 Y75.784
G0 X127.141 Y75.375
G1 F1350 X139.292 Y63.224 E873.96607
G0 F7500 X139.55 Y62.399
G1 F1350 X125.953 Y75.997 E874.60565
G0 F7500 X125.12 Y76.264
G1 F1350 X139.808 Y61.576 E875.29653
G0 F7500 X140.067 Y60.751
G1 F1350 X124.391 Y76.427 E876.03388
G0 F7500 X123.663 Y76.59
G1 F1350 X140.326 Y59.927 E876.81766
G0 F7500 X140.584 Y59.103
G1 F1350 X122.934 Y76.753 E877.64786
G0 F7500 X122.205 Y76.916
G1 F1350 X140.843 Y58.278 E878.52453
G0 F7500 X140.986 Y57.57
G1 F1350 X121.477 Y77.079 E879.44218
G0 F7500 X120.748 Y77.242
G1 F1350 X141.011 Y56.979 E880.39529
G0 F7500 X141.035 Y56.389
G1 F1350 X120.019 Y77.405 E881.38381
G0 F7500 X119.374 Y77.484
G1 F1350 X141.059 Y55.799 E882.40381
G0 F7500 X141.084 Y55.209
G1 F1350 X118.832 Y77.461 E883.45048
G0 F7500 X118.289 Y77.438
G1 F1350 X141.109 Y54.618 E884.52386
G0 F7500 X141.134 Y54.028
G1 F1350 X117.747 Y77.415 E885.62391
G0 F7500 X117.204 Y77.392
G1 F1350 X141.158 Y53.437 E886.75066
G0 F7500 X141.183 Y52.847
G1 F1350 X116.661 Y77.369 E887.9041
G0 F7500 X116.118 Y77.346
G1 F1350 X141.208 Y52.257 E889.08423
G0 F7500 X141.232 Y51.667
G1 F1350 X115.576 Y77.323 E890.29101
G0 F7500 X115.033 Y77.3
G1 F1350 X141.136 Y51.197 E891.51882
G0 F7500 X141.032 Y50.735
G1 F1350 X114.49 Y77.277 E892.76727
G0 F7500 X113.947 Y77.254
G1 F1350 X140.929 Y50.272 E894.03642
G0 F7500 X140.826 Y49.81
G1 F1350 X113.405 Y77.231 E895.32622
G0 F7500 X112.971 Y77.099
G1 F1350 X140.723 Y49.348 E896.63157
G0 F7500 X140.619 Y48.886
G1 F1350 X112.54 Y76.964 E897.95229
G0 F7500 X112.11 Y76.829
G1 F1350 X140.516 Y48.423 E899.28842
G0 F7500 X140.412 Y47.961
G1 F1350 X111.678 Y76.695 E900.63998
G0 F7500 X111.248 Y76.56
G1 F1350 X140.309 Y47.498 E902.00695
G0 F7500 X140.205 Y47.037
G1 F1350 X110.817 Y76.425 E903.38927
G0 F7500 X110.386 Y76.29
G1 F1350 X140.102 Y46.574 E904.78702
G0 F7500 X139.999 Y46.112
G1 F1350 X109.955 Y76.155 E906.20017
G0 F7500 X109.524 Y76.02
G1 F1350 X139.895 Y45.65 E907.62871
G0 F7500 X139.717 Y45.263
G1 F1350 X109.094 Y75.885 E909.0691
G0 F7500 X108.663 Y75.75
G1 F1350 X139.522 Y44.891 E910.52061
G0 F7500 X139.328 Y44.52
G1 F1350 X108.232 Y75.616 E911.98327
G0 F7500 X107.801 Y75.481
G1 F1350 X139.133 Y44.149 E913.45703
G0 F7500 X138.939 Y43.778
G1 F1350 X107.389 Y75.327 E914.94102
G0 F7500 X107.043 Y75.108
G1 F1350 X138.744 Y43.406 E916.43216
G0 F7500 X138.549 Y43.036
G1 F1350 X106.697 Y74.888 E917.93038
G0 F7500 X106.351 Y74.668
G1 F1350 X138.355 Y42.665 E919.43573
G0 F7500 X138.16 Y42.293
G1 F1350 X106.004 Y74.449 E920.94825
G0 F7500 X105.659 Y74.229
G1 F1350 X137.966 Y41.922 E922.46787
G0 F7500 X137.771 Y41.551
G1 F1350 X105.313 Y74.009 E923.9946
G0 F7500 X104.967 Y73.789
G1 F1350 X137.577 Y41.18 E925.52845
G0 F7500 X137.382 Y40.809
G1 F1350 X104.621 Y73.57 E927.06942
G0 F7500 X104.275 Y73.35
G1 F1350 X137.188 Y40.437 E928.61755
G0 F7500 X136.993 Y40.067
G1 F1350 X103.929 Y73.13 E930.17276
G0 F7500 X103.583 Y72.91
G1 F1350 X136.724 Y39.77 E931.73158
G0 F7500 X136.453 Y39.475
G1 F1350 X103.237 Y72.691 E933.29396
G0 F7500 X102.891 Y72.471
G1 F1350 X136.182 Y39.18 E934.85987
G0 F7500 X135.912 Y38.885
G1 F1350 X102.545 Y72.251 E936.42933
G0 F7500 X102.203 Y72.028
G1 F1350 X135.641 Y38.59 E938.00215
G0 F7500 X135.37 Y38.295
G1 F1350 X101.932 Y71.733 E939.57497
G0 F7500 X101.661 Y71.438
G1 F1350 X135.099 Y38.001 E941.14777
G0 F7500 X134.828 Y37.706
G1 F1350 X101.391 Y71.143 E942.72054
G0 F7500 X101.119 Y70.849
G1 F1350 X134.557 Y37.411 E944.29336
G0 F7500 X134.287 Y37.116
G1 F1350 X100.848 Y70.554 E945.86621
G0 F7500 X100.577 Y70.26
G1 F1350 X134.017 Y36.82 E947.43912
G0 F7500 X133.746 Y36.526
G1 F1350 X100.307 Y69.965 E949.01199
G0 F7500 X100.035 Y69.671
G1 F1350 X133.475 Y36.231 E950.5849
G0 F7500 X133.204 Y35.936
G1 F1350 X99.764 Y69.376 E952.15782
G0 F7500 X99.493 Y69.081
G1 F1350 X132.933 Y35.641 E953.73073
G0 F7500 X132.631 Y35.377
G1 F1350 X99.223 Y68.786 E955.30217
G0 F7500 X98.952 Y68.491
G1 F1350 X132.286 Y35.157 E956.8701
G0 F7500 X131.939 Y34.938
G1 F1350 X98.68 Y68.197 E958.4345
G0 F7500 X98.409 Y67.902
G1 F1350 X131.593 Y34.718 E959.99537
G0 F7500 X131.248 Y34.498
G1 F1350 X98.139 Y67.607 E961.55272
G0 F7500 X97.905 Y67.276
G1 F1350 X130.901 Y34.279 E963.10477
G0 F7500 X130.555 Y34.059
G1 F1350 X97.711 Y66.904 E964.64968
G0 F7500 X97.517 Y66.532
G1 F1350 X130.209 Y33.839 E966.18743
G0 F7500 X129.864 Y33.619
G1 F1350 X97.323 Y66.16 E967.71806
G0 F7500 X97.129 Y65.789
G1 F1350 X129.517 Y33.4 E969.24152
G0 F7500 X129.171 Y33.18
G1 F1350 X96.934 Y65.417 E970.75785
G0 F7500 X96.741 Y65.045
G1 F1350 X128.826 Y32.96 E972.26703
G0 F7500 X128.48 Y32.74
G1 F1350 X96.547 Y64.673 E973.76906
G0 F7500 X96.352 Y64.302
G1 F1350 X128.133 Y32.521 E975.26394
G0 F7500 X127.788 Y32.301
G1 F1350 X96.159 Y63.93 E976.75167
G0 F7500 X95.964 Y63.559
G1 F1350 X127.42 Y32.103 E978.23126
G0 F7500 X126.989 Y31.968
G1 F1350 X95.771 Y63.187 E979.69969
G0 F7500 X95.577 Y62.815
G1 F1350 X126.559 Y31.833 E981.15698
G0 F7500 X126.127 Y31.699
G1 F1350 X95.382 Y62.444 E982.60313
G0 F7500 X95.189 Y62.072
G1 F1350 X125.697 Y31.564 E984.03814
G0 F7500 X125.266 Y31.429
G1 F1350 X95.055 Y61.64 E985.45917
G0 F7500 X94.951 Y61.178
G1 F1350 X124.835 Y31.294 E986.86482
G0 F7500 X124.405 Y31.159
G1 F1350 X94.847 Y60.716 E988.25512
G0 F7500 X94.744 Y60.254
G1 F1350 X123.973 Y31.024 E989.62998
G0 F7500 X123.543 Y30.889
G1 F1350 X94.64 Y59.792 E990.98949
G0 F7500 X94.537 Y59.33
G1 F1350 X123.112 Y30.754 E992.33359
G0 F7500 X122.682 Y30.619
G1 F1350 X94.433 Y58.868 E993.66234
G0 F7500 X94.329 Y58.406
G1 F1350 X122.25 Y30.485 E994.97566
G0 F7500 X121.82 Y30.35
G1 F1350 X94.226 Y57.944 E996.2736
G0 F7500 X94.122 Y57.482
G1 F1350 X121.333 Y30.271 E997.55352
G0 F7500 X120.79 Y30.248
G1 F1350 X94.018 Y57.02 E998.81279
G0 F7500 X93.914 Y56.558
G1 F1350 X120.248 Y30.225 E1000.05144
G0 F7500 X119.705 Y30.202
G1 F1350 X93.81 Y56.096 E1001.26944
G0 F7500 X93.775 Y55.566
G1 F1350 X119.162 Y30.179 E1002.46356
G0 F7500 X118.619 Y30.157
G1 F1350 X93.8 Y54.975 E1003.63095
G0 F7500 X93.825 Y54.385
G1 F1350 X118.076 Y30.134 E1004.77164
G0 F7500 X117.532 Y30.111
G1 F1350 X93.849 Y53.795 E1005.88564
G0 F7500 X93.873 Y53.205
G1 F1350 X116.989 Y30.089 E1006.97295
G0 F7500 X116.446 Y30.066
G1 F1350 X93.898 Y52.614 E1008.03353
G0 F7500 X93.923 Y52.024
G1 F1350 X115.903 Y30.044 E1009.06741
G0 F7500 X115.356 Y30.025
G1 F1350 X93.948 Y51.434 E1010.0744
G0 F7500 X93.972 Y50.843
G1 F1350 X114.628 Y30.187 E1011.04599
G0 F7500 X113.9 Y30.35
G1 F1350 X93.997 Y50.253 E1011.98217
G0 F7500 X94.022 Y49.662
G1 F1350 X113.172 Y30.512 E1012.88293
G0 F7500 X112.443 Y30.675
G1 F1350 X94.274 Y48.844 E1013.73754
G0 F7500 X94.532 Y48.02
G1 F1350 X111.715 Y30.838 E1014.54575
G0 F7500 X110.987 Y31
G1 F1350 X94.79 Y47.197 E1015.30761
G0 F7500 X95.048 Y46.373
G1 F1350 X110.259 Y31.162 E1016.02309
G0 F7500 X109.531 Y31.325
G1 F1350 X95.306 Y45.55 E1016.69219
G0 F7500 X95.564 Y44.726
G1 F1350 X108.484 Y31.806 E1017.2999
G0 F7500 X108.273 Y31.401
G0 X107.084 Y32.024
G0 X107.295 Y32.429
G1 F1350 X95.821 Y43.903 E1017.83961
G0 F7500 X95.387 Y43.767
G0 X96.262 Y42.269
G0 X96.646 Y42.513
G1 F1350 X106.106 Y33.053 E1018.28458
G0 F7500 X105.894 Y32.646
G0 X104.705 Y33.269
G0 X104.917 Y33.676
G1 F1350 X97.63 Y40.963 E1018.62733
G0 F7500 X97.246 Y40.719
G0 X98.23 Y39.168
G0 X98.615 Y39.413
G1 F1350 X103.399 Y34.628 E1018.85238
G1 F1500 E1012.35238
;MESH:MotorCar(1).stl
G0 F7500 X103.089 Y34.29
G0 X98.905 Y38.217
G0 X95.516 Y43.556
G0 X93.628 Y49.589
G0 X93.361 Y55.915
G0 X94.745 Y62.087
G0 X97.673 Y67.69
G0 X101.957 Y72.35
G0 X107.296 Y75.74
G0 X113.275 Y77.959
G0 X113.23 Y79.053
G0 X113.275 Y80.835
G0 X117.465 Y152.9
;TYPE:WALL-INNER
G1 F1500 E1018.85238
G1 F1350 X145.348 Y152.9 E1019.77977
G1 X145.35 Y128.44 E1020.59332
G1 X145.406 Y128.24 E1020.60023
G1 X145.597 Y128.012 E1020.61012
G1 X145.904 Y127.901 E1020.62098
G1 X178.348 Y127.9 E1021.70007
G1 X178.348 Y107.1 E1022.39188
G1 X145.895 Y107.098 E1023.47127
G1 X145.621 Y107.004 E1023.4809
G1 X145.494 Y106.894 E1023.48649
G1 X145.388 Y106.717 E1023.49335
G1 X145.35 Y106.56 E1023.49873
G1 X145.348 Y82.1 E1024.31227
G1 X89.548 Y82.1 E1026.16819
G1 X89.546 Y106.56 E1026.98173
G1 X89.49 Y106.76 E1026.98864
G1 X89.275 Y107.004 E1026.99945
G1 X88.992 Y107.099 E1027.00938
G1 X56.548 Y107.1 E1028.08847
G1 X56.548 Y127.9 E1028.78028
G1 X89.001 Y127.902 E1029.85968
G1 X89.275 Y127.996 E1029.86931
G1 X89.402 Y128.106 E1029.8749
G1 X89.508 Y128.283 E1029.88176
G1 X89.546 Y128.44 E1029.88713
G1 X89.548 Y152.9 E1030.70068
G1 X117.465 Y152.9 E1031.6292
G0 F7500 X117.465 Y153.3
;TYPE:WALL-OUTER
G1 F1350 X145.748 Y153.3 E1032.5699
G1 X145.756 Y128.44 E1033.39674
G1 X145.906 Y128.3 E1033.40357
G1 X178.748 Y128.3 E1034.4959
G1 X178.748 Y106.7 E1035.21432
G1 X145.93 Y106.7 E1036.30585
G1 X145.796 Y106.632 E1036.31084
G1 X145.748 Y106.52 E1036.3149
G1 X145.748 Y81.7 E1037.14041
G1 X89.148 Y81.7 E1039.02294
G1 X89.14 Y106.56 E1039.84978
G1 X88.99 Y106.7 E1039.85661
G1 X56.148 Y106.7 E1040.94894
G1 X56.148 Y128.3 E1041.66736
G1 X88.966 Y128.3 E1042.75889
G1 X89.1 Y128.368 E1042.76389
G1 X89.148 Y128.48 E1042.76794
G1 X89.148 Y153.3 E1043.59346
G1 X117.465 Y153.3 E1044.53528
G0 F7500 X117.465 Y152.54
;TYPE:SKIN
G1 F1350 X89.908 Y152.54 E1045.45183
G1 X89.904 Y128.357 E1046.25616
G1 X89.74 Y127.954 E1046.27063
G1 X89.509 Y127.716 E1046.28166
G1 X89.096 Y127.541 E1046.29658
G1 X56.908 Y127.54 E1047.36716
G1 X56.908 Y107.46 E1048.03502
G1 X89.018 Y107.456 E1049.10301
G1 X89.335 Y107.381 E1049.11384
G1 X89.668 Y107.128 E1049.12775
G1 X89.819 Y106.9 E1049.13685
G1 X89.899 Y106.596 E1049.1473
G1 X89.908 Y82.46 E1049.95007
G1 X144.988 Y82.46 E1051.78204
G1 X144.992 Y106.639 E1052.58623
G1 X145.151 Y107.041 E1052.60061
G1 X145.385 Y107.281 E1052.61176
G1 X145.795 Y107.459 E1052.62663
G1 X177.988 Y107.46 E1053.69737
G1 X177.988 Y127.54 E1054.36523
G1 X145.878 Y127.54 E1055.43322
G1 X145.561 Y127.615 E1055.44405
G1 X145.199 Y127.894 E1055.45925
G1 X145.073 Y128.096 E1055.46717
G1 X144.993 Y128.4 E1055.47763
G1 X144.988 Y152.54 E1056.28053
G1 X117.465 Y152.54 E1057.19594
G1 F1500 E1050.69594
G0 F7500 X117.465 Y152.8
G0 X145.176 Y152.728
G0 X145.512 Y128.062
G0 X178.176 Y127.728
G0 X178.248 Y127.117
G0 X177.788 Y127.117
G1 F1500 E1057.19594
G1 F1350 X177.564 Y127.34 E1057.20646
G0 F7500 X176.999 Y127.34
G1 F1350 X177.788 Y126.551 E1057.24357
G0 F7500 X177.788 Y125.985
G1 F1350 X176.433 Y127.34 E1057.3073
G0 F7500 X175.867 Y127.34
G1 F1350 X177.788 Y125.42 E1057.39764
G0 F7500 X177.788 Y124.854
G1 F1350 X175.302 Y127.34 E1057.51457
G0 F7500 X174.736 Y127.34
G1 F1350 X177.788 Y124.288 E1057.65813
G0 F7500 X177.788 Y123.722
G1 F1350 X174.17 Y127.34 E1057.82831
G0 F7500 X173.605 Y127.34
G1 F1350 X177.788 Y123.157 E1058.02507
G0 F7500 X177.788 Y122.591
G1 F1350 X173.039 Y127.34 E1058.24844
G0 F7500 X172.473 Y127.34
G1 F1350 X177.788 Y122.025 E1058.49844
G0 F7500 X177.788 Y121.46
G1 F1350 X171.908 Y127.34 E1058.77502
G0 F7500 X171.342 Y127.34
G1 F1350 X177.788 Y120.894 E1059.07822
G0 F7500 X177.788 Y120.328
G1 F1350 X170.776 Y127.34 E1059.40804
G0 F7500 X170.211 Y127.34
G1 F1350 X177.788 Y119.763 E1059.76444
G0 F7500 X177.788 Y119.197
G1 F1350 X169.645 Y127.34 E1060.14747
G0 F7500 X169.079 Y127.34
G1 F1350 X177.788 Y118.631 E1060.55711
G0 F7500 X177.788 Y118.066
G1 F1350 X168.513 Y127.34 E1060.99335
G0 F7500 X167.948 Y127.34
G1 F1350 X177.788 Y117.5 E1061.4562
G0 F7500 X177.788 Y116.934
G1 F1350 X167.382 Y127.34 E1061.94566
G0 F7500 X166.816 Y127.34
G1 F1350 X177.788 Y116.369 E1062.46173
G0 F7500 X177.788 Y115.803
G1 F1350 X166.251 Y127.34 E1063.00439
G0 F7500 X165.685 Y127.34
G1 F1350 X177.788 Y115.237 E1063.57368
G0 F7500 X177.788 Y114.672
G1 F1350 X165.119 Y127.34 E1064.16957
G0 F7500 X164.554 Y127.34
G1 F1350 X177.788 Y114.106 E1064.79206
G0 F7500 X177.788 Y113.54
G1 F1350 X163.988 Y127.34 E1065.44117
G0 F7500 X163.422 Y127.34
G1 F1350 X177.788 Y112.974 E1066.1169
G0 F7500 X177.788 Y112.409
G1 F1350 X162.857 Y127.34 E1066.81921
G0 F7500 X162.291 Y127.34
G1 F1350 X177.788 Y111.843 E1067.54814
G0 F7500 X177.788 Y111.277
G1 F1350 X161.725 Y127.34 E1068.30369
G0 F7500 X161.16 Y127.34
G1 F1350 X177.788 Y110.712 E1069.08582
G0 F7500 X177.788 Y110.146
G1 F1350 X160.594 Y127.34 E1069.89458
G0 F7500 X160.028 Y127.34
G1 F1350 X177.788 Y109.58 E1070.72995
G0 F7500 X177.788 Y109.015
G1 F1350 X159.462 Y127.34 E1071.59193
G0 F7500 X158.897 Y127.34
G1 F1350 X177.788 Y108.449 E1072.4805
G0 F7500 X177.788 Y107.883
G1 F1350 X158.331 Y127.34 E1073.3957
G0 F7500 X157.765 Y127.34
G1 F1350 X177.446 Y107.659 E1074.32143
G0 F7500 X176.881 Y107.659
G1 F1350 X157.2 Y127.34 E1075.24717
G0 F7500 X156.634 Y127.34
G1 F1350 X176.315 Y107.659 E1076.1729
G0 F7500 X175.749 Y107.659
G1 F1350 X156.068 Y127.34 E1077.09864
G0 F7500 X155.503 Y127.34
G1 F1350 X175.184 Y107.659 E1078.02437
G0 F7500 X174.618 Y107.659
G1 F1350 X154.937 Y127.34 E1078.9501
G0 F7500 X154.371 Y127.34
G1 F1350 X174.052 Y107.659 E1079.87584
G0 F7500 X173.487 Y107.659
G1 F1350 X153.806 Y127.34 E1080.80157
G0 F7500 X153.24 Y127.34
G1 F1350 X172.921 Y107.659 E1081.72731
G0 F7500 X172.355 Y107.659
G1 F1350 X152.674 Y127.34 E1082.65304
G0 F7500 X152.109 Y127.34
G1 F1350 X171.789 Y107.659 E1083.57875
G0 F7500 X171.224 Y107.659
G1 F1350 X151.543 Y127.34 E1084.50448
G0 F7500 X150.977 Y127.34
G1 F1350 X170.658 Y107.659 E1085.43022
G0 F7500 X170.092 Y107.659
G1 F1350 X150.412 Y127.34 E1086.35593
G0 F7500 X149.846 Y127.34
G1 F1350 X169.527 Y107.659 E1087.28166
G0 F7500 X168.961 Y107.659
G1 F1350 X149.28 Y127.34 E1088.2074
G0 F7500 X148.714 Y127.34
G1 F1350 X168.395 Y107.659 E1089.13313
G0 F7500 X167.83 Y107.659
G1 F1350 X148.149 Y127.34 E1090.05886
G0 F7500 X147.583 Y127.34
G1 F1350 X167.264 Y107.659 E1090.9846
G0 F7500 X166.699 Y107.658
G1 F1350 X147.017 Y127.34 E1091.91038
G0 F7500 X146.452 Y127.34
G1 F1350 X166.133 Y107.658 E1092.83614
G0 F7500 X165.568 Y107.658
G1 F1350 X145.886 Y127.34 E1093.76192
G0 F7500 X145.901 Y127.801
G0 X145.248 Y128.457
G0 X144.793 Y128.433
G1 F1350 X120.886 Y152.34 E1094.88643
G0 F7500 X121.451 Y152.34
G1 F1350 X144.793 Y128.999 E1095.98434
G0 F7500 X144.793 Y129.565
G1 F1350 X122.017 Y152.34 E1097.05563
G0 F7500 X122.583 Y152.34
G1 F1350 X144.793 Y130.13 E1098.10032
G0 F7500 X144.793 Y130.696
G1 F1350 X123.148 Y152.34 E1099.11841
G0 F7500 X123.714 Y152.34
G1 F1350 X144.793 Y131.262 E1100.10988
G0 F7500 X144.792 Y131.828
G1 F1350 X124.28 Y152.34 E1101.0747
G0 F7500 X124.845 Y152.34
G1 F1350 X144.792 Y132.394 E1102.01292
G0 F7500 X144.792 Y132.959
G1 F1350 X125.411 Y152.34 E1102.92455
G0 F7500 X125.977 Y152.34
G1 F1350 X144.792 Y133.525 E1103.80955
G0 F7500 X144.792 Y134.091
G1 F1350 X126.542 Y152.34 E1104.66795
G0 F7500 X127.108 Y152.34
G1 F1350 X144.791 Y134.657 E1105.4997
G0 F7500 X144.791 Y135.223
G1 F1350 X127.674 Y152.34 E1106.30483
G0 F7500 X128.239 Y152.34
G1 F1350 X144.791 Y135.789 E1107.08336
G0 F7500 X144.791 Y136.354
G1 F1350 X128.805 Y152.34 E1107.8353
G0 F7500 X129.371 Y152.34
G1 F1350 X144.791 Y136.92 E1108.56061
G0 F7500 X144.791 Y137.486
G1 F1350 X129.937 Y152.34 E1109.25929
G0 F7500 X130.502 Y152.34
G1 F1350 X144.791 Y138.052 E1109.93138
G0 F7500 X144.791 Y138.618
G1 F1350 X131.068 Y152.34 E1110.57684
G0 F7500 X131.634 Y152.34
G1 F1350 X144.791 Y139.183 E1111.19571
G0 F7500 X144.791 Y139.749
G1 F1350 X132.199 Y152.34 E1111.78797
G0 F7500 X132.765 Y152.34
G1 F1350 X144.791 Y140.315 E1112.35362
G0 F7500 X144.79 Y140.881
G1 F1350 X133.331 Y152.34 E1112.89261
G0 F7500 X133.896 Y152.34
G1 F1350 X144.79 Y141.447 E1113.40501
G0 F7500 X144.79 Y142.012
G1 F1350 X134.462 Y152.34 E1113.89081
G0 F7500 X135.028 Y152.34
G1 F1350 X144.79 Y142.578 E1114.34998
G0 F7500 X144.79 Y143.144
G1 F1350 X135.593 Y152.34 E1114.78256
G0 F7500 X136.159 Y152.34
G1 F1350 X144.789 Y143.71 E1115.18849
G0 F7500 X144.789 Y144.276
G1 F1350 X136.725 Y152.34 E1115.56779
G0 F7500 X137.29 Y152.34
G1 F1350 X144.789 Y144.842 E1115.9205
G0 F7500 X144.789 Y145.407
G1 F1350 X137.856 Y152.34 E1116.24661
G0 F7500 X138.422 Y152.34
G1 F1350 X144.789 Y145.973 E1116.54609
G0 F7500 X144.789 Y146.539
G1 F1350 X138.987 Y152.34 E1116.81897
G0 F7500 X139.553 Y152.34
G1 F1350 X144.789 Y147.105 E1117.06524
G0 F7500 X144.789 Y147.671
G1 F1350 X140.119 Y152.34 E1117.28488
G0 F7500 X140.685 Y152.34
G1 F1350 X144.789 Y148.236 E1117.47792
G0 F7500 X144.789 Y148.802
G1 F1350 X141.25 Y152.34 E1117.64436
G0 F7500 X141.816 Y152.34
G1 F1350 X144.788 Y149.369 E1117.78413
G0 F7500 X144.788 Y149.934
G1 F1350 X142.382 Y152.34 E1117.8973
G0 F7500 X142.947 Y152.34
G1 F1350 X144.788 Y150.5 E1117.98387
G0 F7500 X144.788 Y151.066
G1 F1350 X143.513 Y152.34 E1118.04382
G0 F7500 X144.079 Y152.34
G1 F1350 X144.788 Y151.631 E1118.07717
G0 F7500 X144.788 Y152.197
G1 F1350 X144.644 Y152.34 E1118.08392
G0 F7500 X144.644 Y152.8
G0 X120.32 Y152.8
G0 X120.32 Y152.34
G1 F1350 X165.002 Y107.658 E1120.18562
G0 F7500 X164.436 Y107.658
G1 F1350 X119.754 Y152.34 E1122.28732
G0 F7500 X119.189 Y152.34
G1 F1350 X163.871 Y107.658 E1124.38903
G0 F7500 X163.305 Y107.658
G1 F1350 X118.623 Y152.34 E1126.49073
G0 F7500 X118.057 Y152.34
G1 F1350 X162.739 Y107.658 E1128.59244
G0 F7500 X162.174 Y107.658
G1 F1350 X117.491 Y152.34 E1130.69416
G0 F7500 X116.926 Y152.34
G1 F1350 X161.608 Y107.658 E1132.79587
G0 F7500 X161.042 Y107.658
G1 F1350 X116.36 Y152.34 E1134.89757
G0 F7500 X115.794 Y152.34
G1 F1350 X160.476 Y107.658 E1136.99928
G0 F7500 X159.911 Y107.658
G1 F1350 X115.229 Y152.34 E1139.10098
G0 F7500 X114.663 Y152.34
G1 F1350 X159.345 Y107.658 E1141.20269
G0 F7500 X158.779 Y107.658
G1 F1350 X114.097 Y152.34 E1143.30439
G0 F7500 X113.532 Y152.34
G1 F1350 X158.214 Y107.658 E1145.40609
G0 F7500 X157.648 Y107.658
G1 F1350 X112.966 Y152.34 E1147.5078
G0 F7500 X112.4 Y152.34
G1 F1350 X157.082 Y107.658 E1149.6095
G0 F7500 X156.517 Y107.658
G1 F1350 X111.835 Y152.34 E1151.71121
G0 F7500 X111.269 Y152.34
G1 F1350 X155.952 Y107.658 E1153.81294
G0 F7500 X155.386 Y107.658
G1 F1350 X110.703 Y152.34 E1155.91466
G0 F7500 X110.138 Y152.34
G1 F1350 X154.82 Y107.658 E1158.01637
G0 F7500 X154.255 Y107.658
G1 F1350 X109.572 Y152.34 E1160.1181
G0 F7500 X109.006 Y152.34
G1 F1350 X153.689 Y107.658 E1162.21982
G0 F7500 X153.123 Y107.658
G1 F1350 X108.44 Y152.34 E1164.32155
G0 F7500 X107.875 Y152.34
G1 F1350 X152.558 Y107.658 E1166.42328
G0 F7500 X151.992 Y107.658
G1 F1350 X107.309 Y152.34 E1168.52501
G0 F7500 X106.743 Y152.34
G1 F1350 X151.426 Y107.658 E1170.62673
G0 F7500 X150.861 Y107.658
G1 F1350 X106.178 Y152.34 E1172.72846
G0 F7500 X105.612 Y152.34
G1 F1350 X150.295 Y107.658 E1174.83019
G0 F7500 X149.729 Y107.658
G1 F1350 X105.046 Y152.34 E1176.93192
G0 F7500 X104.481 Y152.34
G1 F1350 X149.163 Y107.658 E1179.03362
G0 F7500 X148.598 Y107.658
G1 F1350 X103.915 Y152.34 E1181.13535
G0 F7500 X103.349 Y152.34
G1 F1350 X148.032 Y107.658 E1183.23708
G0 F7500 X147.466 Y107.658
G1 F1350 X102.784 Y152.34 E1185.33878
G0 F7500 X102.218 Y152.34
G1 F1350 X146.901 Y107.658 E1187.44051
G0 F7500 X146.335 Y107.658
G1 F1350 X101.652 Y152.34 E1189.54224
G0 F7500 X101.087 Y152.34
G1 F1350 X145.769 Y107.658 E1191.64394
G0 F7500 X145.371 Y107.491
G1 F1350 X100.521 Y152.34 E1193.75353
G0 F7500 X99.955 Y152.34
G1 F1350 X145.061 Y107.235 E1195.87515
G0 F7500 X144.865 Y106.865
G1 F1350 X99.39 Y152.34 E1198.01415
G0 F7500 X98.824 Y152.34
G1 F1350 X144.788 Y106.376 E1200.17616
G0 F7500 X144.788 Y105.811
G1 F1350 X98.258 Y152.34 E1202.36476
G0 F7500 X97.692 Y152.34
G1 F1350 X144.788 Y105.245 E1204.57999
G0 F7500 X144.788 Y104.679
G1 F1350 X97.127 Y152.34 E1206.82182
G0 F7500 X96.561 Y152.34
G1 F1350 X144.788 Y104.114 E1209.09025
G0 F7500 X144.788 Y103.548
G1 F1350 X95.995 Y152.34 E1211.3853
G0 F7500 X95.43 Y152.34
G1 F1350 X144.788 Y102.982 E1213.70695
G0 F7500 X144.788 Y102.417
G1 F1350 X94.864 Y152.34 E1216.05519
G0 F7500 X94.298 Y152.34
G1 F1350 X144.788 Y101.851 E1218.43006
G0 F7500 X144.788 Y101.285
G1 F1350 X93.733 Y152.34 E1220.83154
G0 F7500 X93.167 Y152.34
G1 F1350 X144.788 Y100.72 E1223.25961
G0 F7500 X144.788 Y100.154
G1 F1350 X92.601 Y152.34 E1225.7143
G0 F7500 X92.036 Y152.34
G1 F1350 X144.788 Y99.588 E1228.19559
G0 F7500 X144.788 Y99.023
G1 F1350 X91.47 Y152.34 E1230.70348
G0 F7500 X90.904 Y152.34
G1 F1350 X144.788 Y98.457 E1233.238
G0 F7500 X144.788 Y97.891
G1 F1350 X90.339 Y152.34 E1235.79911
G0 F7500 X90.108 Y152.005
G1 F1350 X144.788 Y97.325 E1238.37109
G0 F7500 X144.788 Y96.76
G1 F1350 X90.108 Y151.44 E1240.94307
G0 F7500 X90.108 Y150.874
G1 F1350 X144.788 Y96.194 E1243.51505
G0 F7500 X144.788 Y95.628
G1 F1350 X90.108 Y150.308 E1246.08703
G0 F7500 X90.108 Y149.743
G1 F1350 X144.788 Y95.063 E1248.65901
G0 F7500 X144.788 Y94.497
G1 F1350 X90.108 Y149.177 E1251.23099
G0 F7500 X90.108 Y148.611
G1 F1350 X144.788 Y93.931 E1253.80297
G0 F7500 X144.788 Y93.366
G1 F1350 X90.108 Y148.046 E1256.37495
G0 F7500 X90.108 Y147.48
G1 F1350 X144.788 Y92.8 E1258.94693
G0 F7500 X144.788 Y92.234
G1 F1350 X90.108 Y146.914 E1261.51891
G0 F7500 X90.108 Y146.348
G1 F1350 X144.788 Y91.669 E1264.09086
G0 F7500 X144.788 Y91.103
G1 F1350 X90.108 Y145.783 E1266.66284
G0 F7500 X90.108 Y145.217
G1 F1350 X144.788 Y90.537 E1269.23482
G0 F7500 X144.788 Y89.972
G1 F1350 X90.108 Y144.651 E1271.80678
G0 F7500 X90.108 Y144.086
G1 F1350 X144.788 Y89.406 E1274.37876
G0 F7500 X144.788 Y88.84
G1 F1350 X90.108 Y143.52 E1276.95074
G0 F7500 X90.108 Y142.954
G1 F1350 X144.788 Y88.275 E1279.52269
G0 F7500 X144.788 Y87.709
G1 F1350 X90.108 Y142.389 E1282.09467
G0 F7500 X90.108 Y141.823
G1 F1350 X144.788 Y87.143 E1284.66665
G0 F7500 X144.788 Y86.577
G1 F1350 X90.108 Y141.257 E1287.23863
G0 F7500 X90.108 Y140.692
G1 F1350 X144.788 Y86.012 E1289.81061
G0 F7500 X144.788 Y85.446
G1 F1350 X90.108 Y140.126 E1292.38259
G0 F7500 X90.108 Y139.56
G1 F1350 X144.788 Y84.88 E1294.95457
G0 F7500 X144.788 Y84.315
G1 F1350 X90.108 Y138.995 E1297.52655
G0 F7500 X90.108 Y138.429
G1 F1350 X144.788 Y83.749 E1300.09853
G0 F7500 X144.788 Y83.183
G1 F1350 X90.108 Y137.863 E1302.67051
G0 F7500 X90.108 Y137.298
G1 F1350 X144.746 Y82.659 E1305.24054
G0 F7500 X144.18 Y82.659
G1 F1350 X90.108 Y136.732 E1307.78394
G0 F7500 X90.108 Y136.166
G1 F1350 X143.615 Y82.659 E1310.30075
G0 F7500 X143.049 Y82.659
G1 F1350 X90.108 Y135.6 E1312.79093
G0 F7500 X90.108 Y135.035
G1 F1350 X142.483 Y82.659 E1315.25451
G0 F7500 X141.918 Y82.659
G1 F1350 X90.108 Y134.469 E1317.6915
G0 F7500 X90.108 Y133.903
G1 F1350 X141.352 Y82.659 E1320.10186
G0 F7500 X140.786 Y82.659
G1 F1350 X90.108 Y133.338 E1322.48562
G0 F7500 X90.108 Y132.772
G1 F1350 X140.221 Y82.659 E1324.84278
G0 F7500 X139.655 Y82.659
G1 F1350 X90.108 Y132.206 E1327.17332
G0 F7500 X90.108 Y131.641
G1 F1350 X139.089 Y82.659 E1329.47726
G0 F7500 X138.524 Y82.659
G1 F1350 X90.108 Y131.075 E1331.7546
G0 F7500 X90.108 Y130.509
G1 F1350 X137.958 Y82.659 E1334.00532
G0 F7500 X137.392 Y82.659
G1 F1350 X90.108 Y129.944 E1336.22943
G0 F7500 X90.108 Y129.378
G1 F1350 X136.827 Y82.659 E1338.42695
G0 F7500 X136.261 Y82.659
G1 F1350 X90.108 Y128.812 E1340.59785
G0 F7500 X90.088 Y128.267
G1 F1350 X135.695 Y82.659 E1342.74308
G0 F7500 X135.13 Y82.659
G1 F1350 X89.921 Y127.868 E1344.86958
G0 F7500 X89.648 Y127.575
G1 F1350 X134.564 Y82.659 E1346.98229
G0 F7500 X133.998 Y82.659
G1 F1350 X89.262 Y127.396 E1349.08656
G0 F7500 X88.75 Y127.342
G1 F1350 X133.432 Y82.659 E1351.18828
G0 F7500 X132.867 Y82.659
G1 F1350 X88.184 Y127.342 E1353.29003
G0 F7500 X87.618 Y127.342
G1 F1350 X132.301 Y82.659 E1355.39179
G0 F7500 X131.735 Y82.659
G1 F1350 X87.053 Y127.342 E1357.49351
G0 F7500 X86.487 Y127.342
G1 F1350 X131.17 Y82.659 E1359.59527
G0 F7500 X130.604 Y82.659
G1 F1350 X85.921 Y127.342 E1361.69702
G0 F7500 X85.356 Y127.342
G1 F1350 X130.038 Y82.659 E1363.79874
G0 F7500 X129.473 Y82.659
G1 F1350 X84.79 Y127.342 E1365.9005
G0 F7500 X84.224 Y127.342
G1 F1350 X128.907 Y82.659 E1368.00225
G0 F7500 X128.341 Y82.659
G1 F1350 X83.659 Y127.342 E1370.10397
G0 F7500 X83.093 Y127.342
G1 F1350 X127.776 Y82.659 E1372.20573
G0 F7500 X127.21 Y82.659
G1 F1350 X82.527 Y127.342 E1374.30748
G0 F7500 X81.961 Y127.342
G1 F1350 X126.644 Y82.659 E1376.40923
G0 F7500 X126.079 Y82.659
G1 F1350 X81.396 Y127.342 E1378.51098
G0 F7500 X80.83 Y127.342
G1 F1350 X125.513 Y82.659 E1380.61273
G0 F7500 X124.947 Y82.659
G1 F1350 X80.264 Y127.342 E1382.71448
G0 F7500 X79.699 Y127.342
G1 F1350 X124.381 Y82.659 E1384.81621
G0 F7500 X123.816 Y82.659
G1 F1350 X79.133 Y127.342 E1386.91796
G0 F7500 X78.567 Y127.342
G1 F1350 X123.25 Y82.659 E1389.01971
G0 F7500 X122.684 Y82.659
G1 F1350 X78.002 Y127.341 E1391.12142
G0 F7500 X77.437 Y127.341
G1 F1350 X122.119 Y82.659 E1393.22312
G0 F7500 X121.553 Y82.659
G1 F1350 X76.871 Y127.341 E1395.32483
G0 F7500 X76.305 Y127.341
G1 F1350 X120.987 Y82.659 E1397.42653
G0 F7500 X120.422 Y82.659
G1 F1350 X75.74 Y127.341 E1399.52823
G0 F7500 X75.174 Y127.341
G1 F1350 X119.856 Y82.659 E1401.62994
G0 F7500 X119.29 Y82.659
G1 F1350 X74.608 Y127.341 E1403.73164
G0 F7500 X74.043 Y127.341
G1 F1350 X118.725 Y82.659 E1405.83335
G0 F7500 X118.159 Y82.659
G1 F1350 X73.477 Y127.341 E1407.93505
G0 F7500 X72.911 Y127.341
G1 F1350 X117.593 Y82.659 E1410.03676
G0 F7500 X117.028 Y82.659
G1 F1350 X72.346 Y127.341 E1412.13846
G0 F7500 X71.78 Y127.341
G1 F1350 X116.462 Y82.659 E1414.24016
G0 F7500 X115.896 Y82.659
G1 F1350 X71.214 Y127.341 E1416.34187
G0 F7500 X70.648 Y127.341
G1 F1350 X115.331 Y82.659 E1418.4436
G0 F7500 X114.765 Y82.659
G1 F1350 X70.083 Y127.341 E1420.5453
G0 F7500 X69.517 Y127.341
G1 F1350 X89.26 Y107.599 E1421.47393
G0 F7500 X88.637 Y107.656
G1 F1350 X68.951 Y127.341 E1422.39987
G0 F7500 X68.386 Y127.341
G1 F1350 X88.072 Y107.656 E1423.32582
G0 F7500 X87.506 Y107.656
G1 F1350 X67.82 Y127.341 E1424.25176
G0 F7500 X67.255 Y127.341
G1 F1350 X86.94 Y107.656 E1425.17769
G0 F7500 X86.375 Y107.656
G1 F1350 X66.689 Y127.341 E1426.10363
G0 F7500 X66.124 Y127.341
G1 F1350 X85.809 Y107.656 E1427.02955
G0 F7500 X85.243 Y107.656
G1 F1350 X65.558 Y127.341 E1427.95548
G0 F7500 X64.992 Y127.341
G1 F1350 X84.677 Y107.656 E1428.8814
G0 F7500 X84.111 Y107.656
G1 F1350 X64.427 Y127.341 E1429.8073
G0 F7500 X63.861 Y127.341
G1 F1350 X83.545 Y107.656 E1430.7332
G0 F7500 X82.98 Y107.656
G1 F1350 X63.295 Y127.341 E1431.65912
G0 F7500 X62.73 Y127.341
G1 F1350 X82.414 Y107.656 E1432.58502
G0 F7500 X81.848 Y107.656
G1 F1350 X62.164 Y127.341 E1433.51091
G0 F7500 X61.598 Y127.341
G1 F1350 X81.283 Y107.656 E1434.43684
G0 F7500 X80.717 Y107.656
G1 F1350 X61.033 Y127.341 E1435.36274
G0 F7500 X60.467 Y127.341
G1 F1350 X80.151 Y107.656 E1436.28863
G0 F7500 X79.585 Y107.657
G1 F1350 X59.901 Y127.341 E1437.21451
G0 F7500 X59.335 Y127.341
G1 F1350 X79.019 Y107.657 E1438.14038
G0 F7500 X78.453 Y107.657
G1 F1350 X58.77 Y127.341 E1439.06624
G0 F7500 X58.204 Y127.341
G1 F1350 X77.888 Y107.657 E1439.99211
G0 F7500 X77.322 Y107.657
G1 F1350 X57.638 Y127.341 E1440.91799
G0 F7500 X57.108 Y127.305
G1 F1350 X76.756 Y107.657 E1441.84217
G0 F7500 X76.191 Y107.657
G1 F1350 X57.108 Y126.74 E1442.73977
G0 F7500 X57.108 Y126.174
G1 F1350 X75.625 Y107.657 E1443.61076
G0 F7500 X75.059 Y107.658
G1 F1350 X57.108 Y125.608 E1444.45509
G0 F7500 X57.108 Y125.043
G1 F1350 X74.493 Y107.658 E1445.27283
G0 F7500 X73.927 Y107.658
G1 F1350 X57.108 Y124.477 E1446.06394
G0 F7500 X57.108 Y123.911
G1 F1350 X73.362 Y107.658 E1446.82846
G0 F7500 X72.796 Y107.658
G1 F1350 X57.108 Y123.346 E1447.56637
G0 F7500 X57.108 Y122.78
G1 F1350 X72.23 Y107.658 E1448.27767
G0 F7500 X71.665 Y107.658
G1 F1350 X57.108 Y122.214 E1448.96236
G0 F7500 X57.108 Y121.649
G1 F1350 X71.099 Y107.658 E1449.62045
G0 F7500 X70.532 Y107.658
G1 F1350 X57.108 Y121.083 E1450.2519
G0 F7500 X57.108 Y120.517
G1 F1350 X69.967 Y107.658 E1450.85675
G0 F7500 X69.401 Y107.658
G1 F1350 X57.108 Y119.951 E1451.43497
G0 F7500 X57.108 Y119.386
G1 F1350 X68.835 Y107.658 E1451.9866
G0 F7500 X68.27 Y107.658
G1 F1350 X57.108 Y118.82 E1452.51163
G0 F7500 X57.108 Y118.254
G1 F1350 X67.704 Y107.658 E1453.01003
G0 F7500 X67.138 Y107.658
G1 F1350 X57.108 Y117.689 E1453.48183
G0 F7500 X57.108 Y117.123
G1 F1350 X66.573 Y107.658 E1453.92704
G0 F7500 X66.006 Y107.659
G1 F1350 X57.108 Y116.557 E1454.34557
G0 F7500 X57.108 Y115.992
G1 F1350 X65.441 Y107.659 E1454.73753
G0 F7500 X64.875 Y107.659
G1 F1350 X57.108 Y115.426 E1455.10287
G0 F7500 X57.108 Y114.86
G1 F1350 X64.309 Y107.659 E1455.44158
G0 F7500 X63.744 Y107.659
G1 F1350 X57.108 Y114.295 E1455.75372
G0 F7500 X57.108 Y113.729
G1 F1350 X63.178 Y107.659 E1456.03923
G0 F7500 X62.612 Y107.659
G1 F1350 X57.108 Y113.163 E1456.29812
G0 F7500 X57.108 Y112.598
G1 F1350 X62.046 Y107.659 E1456.53041
G0 F7500 X61.48 Y107.66
G1 F1350 X57.108 Y112.032 E1456.73606
G0 F7500 X57.108 Y111.466
G1 F1350 X60.914 Y107.66 E1456.91508
G0 F7500 X60.349 Y107.66
G1 F1350 X57.108 Y110.901 E1457.06753
G0 F7500 X57.108 Y110.335
G1 F1350 X59.783 Y107.66 E1457.19335
G0 F7500 X59.217 Y107.66
G1 F1350 X57.108 Y109.769 E1457.29255
G0 F7500 X57.108 Y109.203
G1 F1350 X58.652 Y107.66 E1457.36515
G0 F7500 X58.086 Y107.66
G1 F1350 X57.108 Y108.638 E1457.41116
G0 F7500 X57.108 Y108.072
G1 F1350 X57.52 Y107.66 E1457.43054
G1 F1500 E1450.93054
G0 F7500 X57.52 Y107.199
G0 X89.388 Y106.938
G0 X89.609 Y106.697
G0 X90.051 Y106.808
G1 F1500 E1457.43054
G1 F1350 X114.199 Y82.659 E1458.56641
G0 F7500 X113.633 Y82.659
G1 F1350 X90.105 Y106.188 E1459.67312
G0 F7500 X90.105 Y105.622
G1 F1350 X113.068 Y82.659 E1460.75322
G0 F7500 X112.502 Y82.659
G1 F1350 X90.105 Y105.056 E1461.80671
G0 F7500 X90.105 Y104.491
G1 F1350 X111.936 Y82.659 E1462.8336
G0 F7500 X111.371 Y82.659
G1 F1350 X90.105 Y103.925 E1463.83389
G0 F7500 X90.105 Y103.359
G1 F1350 X110.805 Y82.659 E1464.80755
G0 F7500 X110.239 Y82.659
G1 F1350 X90.105 Y102.794 E1465.75462
G0 F7500 X90.105 Y102.228
G1 F1350 X109.674 Y82.659 E1466.67508
G0 F7500 X109.108 Y82.659
G1 F1350 X90.106 Y101.661 E1467.56888
G0 F7500 X90.106 Y101.096
G1 F1350 X108.542 Y82.659 E1468.43607
G0 F7500 X107.977 Y82.659
G1 F1350 X90.106 Y100.53 E1469.27667
G0 F7500 X90.106 Y99.964
G1 F1350 X107.411 Y82.659 E1470.09064
G0 F7500 X106.845 Y82.659
G1 F1350 X90.106 Y99.399 E1470.87802
G0 F7500 X90.106 Y98.833
G1 F1350 X106.28 Y82.659 E1471.63879
G0 F7500 X105.714 Y82.659
G1 F1350 X90.106 Y98.267 E1472.37295
G0 F7500 X90.106 Y97.702
G1 F1350 X105.148 Y82.659 E1473.0805
G0 F7500 X104.583 Y82.659
G1 F1350 X90.106 Y97.136 E1473.76145
G0 F7500 X90.107 Y96.57
G1 F1350 X104.017 Y82.659 E1474.41576
G0 F7500 X103.451 Y82.659
G1 F1350 X90.107 Y96.004 E1475.04345
G0 F7500 X90.107 Y95.438
G1 F1350 X102.885 Y82.659 E1475.64451
G0 F7500 X102.32 Y82.659
G1 F1350 X90.107 Y94.873 E1476.21899
G0 F7500 X90.107 Y94.307
G1 F1350 X101.754 Y82.659 E1476.76686
G0 F7500 X101.188 Y82.659
G1 F1350 X90.107 Y93.741 E1477.28809
G0 F7500 X90.107 Y93.175
G1 F1350 X100.623 Y82.659 E1477.78274
G0 F7500 X100.057 Y82.659
G1 F1350 X90.107 Y92.61 E1478.25078
G0 F7500 X90.107 Y92.043
G1 F1350 X99.491 Y82.659 E1478.69217
G0 F7500 X98.926 Y82.659
G1 F1350 X90.107 Y91.478 E1479.10699
G0 F7500 X90.107 Y90.912
G1 F1350 X98.36 Y82.659 E1479.49519
G0 F7500 X97.794 Y82.659
G1 F1350 X90.107 Y90.346 E1479.85676
G0 F7500 X90.107 Y89.781
G1 F1350 X97.229 Y82.659 E1480.19176
G0 F7500 X96.663 Y82.659
G1 F1350 X90.107 Y89.215 E1480.50013
G0 F7500 X90.107 Y88.649
G1 F1350 X96.097 Y82.659 E1480.78188
G0 F7500 X95.532 Y82.659
G1 F1350 X90.107 Y88.084 E1481.03706
G0 F7500 X90.107 Y87.518
G1 F1350 X94.966 Y82.659 E1481.26561
G0 F7500 X94.4 Y82.659
G1 F1350 X90.108 Y86.952 E1481.46751
G0 F7500 X90.108 Y86.386
G1 F1350 X93.834 Y82.659 E1481.6428
G0 F7500 X93.269 Y82.659
G1 F1350 X90.108 Y85.82 E1481.79148
G0 F7500 X90.108 Y85.254
G1 F1350 X92.703 Y82.659 E1481.91354
G0 F7500 X92.137 Y82.659
G1 F1350 X90.108 Y84.689 E1482.009
G0 F7500 X90.108 Y84.123
G1 F1350 X91.572 Y82.659 E1482.07787
G0 F7500 X91.006 Y82.659
G1 F1350 X90.108 Y83.557 E1482.12011
G0 F7500 X90.108 Y82.992
G1 F1350 X90.44 Y82.659 E1482.13574
G1 F1500 E1475.63574
;MESH:wheel(3).stl(1)
G0 F7500 X90.44 Y82.2
G0 X89.72 Y82.272
G0 X89.539 Y106.981
G0 X56.72 Y107.272
G0 X56.72 Y127.728
G0 X89.573 Y128.064
G0 X89.72 Y152.728
G0 X117.892 Y153.07
G0 X117.892 Y154.165
G0 X117.818 Y154.795
G0 X117.892 Y204.477
;TYPE:WALL-INNER
G1 F1500 E1482.13574
G1 F1350 X120.374 Y204.581 E1482.21837
G1 X126.587 Y203.191 E1482.43012
G1 X132.227 Y200.24 E1482.64184
G1 X136.919 Y195.927 E1482.85381
G1 X140.331 Y190.553 E1483.06553
G1 X142.231 Y184.479 E1483.27721
G1 X142.501 Y178.11 E1483.48923
G1 X141.107 Y171.897 E1483.70101
G1 X138.16 Y166.256 E1483.91269
G1 X133.847 Y161.565 E1484.12464
G1 X128.473 Y158.153 E1484.33636
G1 X122.399 Y156.253 E1484.54804
G1 X116.03 Y155.983 E1484.76006
G1 X109.817 Y157.377 E1484.97184
G1 X104.176 Y160.324 E1485.18353
G1 X99.485 Y164.637 E1485.39547
G1 X96.073 Y170.011 E1485.6072
G1 X94.169 Y176.085 E1485.81891
G1 X93.903 Y182.454 E1486.03093
G1 X95.293 Y188.667 E1486.24268
G1 X98.244 Y194.307 E1486.4544
G1 X102.557 Y198.999 E1486.66637
G1 X107.931 Y202.411 E1486.87809
G1 X114.005 Y204.315 E1487.0898
G1 X117.892 Y204.477 E1487.2192
G0 F7500 X117.887 Y204.878
;TYPE:WALL-OUTER
G1 F1350 X120.41 Y204.983 E1487.30319
G1 X126.726 Y203.57 E1487.51845
G1 X132.459 Y200.57 E1487.73366
G1 X137.229 Y196.186 E1487.94914
G1 X140.697 Y190.723 E1488.16436
G1 X142.629 Y184.549 E1488.37953
G1 X142.903 Y178.074 E1488.59508
G1 X141.486 Y171.758 E1488.81037
G1 X138.49 Y166.024 E1489.02555
G1 X134.106 Y161.255 E1489.241
G1 X128.643 Y157.787 E1489.45622
G1 X122.469 Y155.855 E1489.67139
G1 X115.994 Y155.581 E1489.88694
G1 X109.678 Y156.998 E1490.10224
G1 X103.944 Y159.994 E1490.31741
G1 X99.175 Y164.378 E1490.53287
G1 X95.707 Y169.841 E1490.74809
G1 X93.771 Y176.015 E1490.9633
G1 X93.501 Y182.49 E1491.17884
G1 X94.914 Y188.806 E1491.39411
G1 X97.914 Y194.539 E1491.60932
G1 X102.298 Y199.309 E1491.8248
G1 X107.761 Y202.777 E1492.04002
G1 X113.935 Y204.713 E1492.25522
G1 X117.887 Y204.878 E1492.38678
G0 F7500 X117.897 Y204.117
;TYPE:SKIN
G1 F1350 X114.059 Y203.957 E1492.51454
G1 X108.081 Y202.081 E1492.72293
G1 X102.79 Y198.721 E1492.9314
G1 X98.542 Y194.095 E1493.14029
G1 X95.63 Y188.538 E1493.34896
G1 X94.265 Y182.422 E1493.55738
G1 X94.523 Y176.139 E1493.76653
G1 X96.399 Y170.161 E1493.97492
G1 X99.759 Y164.87 E1494.18339
G1 X104.384 Y160.618 E1494.39234
G1 X109.938 Y157.718 E1494.60074
G1 X116.059 Y156.345 E1494.80938
G1 X122.341 Y156.607 E1495.0185
G1 X128.319 Y158.479 E1495.22685
G1 X133.61 Y161.839 E1495.43532
G1 X137.862 Y166.464 E1495.64427
G1 X140.762 Y172.018 E1495.85267
G1 X142.139 Y178.139 E1496.06134
G1 X141.873 Y184.421 E1496.27047
G1 X140.001 Y190.399 E1496.47882
G1 X136.641 Y195.69 E1496.68728
G1 X132.015 Y199.938 E1496.89617
G1 X126.458 Y202.85 E1497.10484
G1 X120.342 Y204.219 E1497.31329
G1 X117.897 Y204.117 E1497.39468
G0 F7500 X117.886 Y204.376
G0 X120.359 Y204.419
G0 X126.531 Y203.039
G0 X132.134 Y200.107
G0 X136.794 Y195.823
G0 X137.841 Y194.286
G0 X137.453 Y194.039
G1 F1350 X131.52 Y199.972 E1497.67375
G0 F7500 X131.735 Y200.384
G0 X130.546 Y201.007
G0 X130.331 Y200.595
G1 F1350 X138.437 Y192.489 E1498.05504
G0 F7500 X138.825 Y192.736
G0 X139.81 Y191.186
G0 X139.422 Y190.939
G1 F1350 X129.143 Y201.217 E1498.53851
G0 F7500 X129.357 Y201.628
G0 X128.169 Y202.25
G0 X127.955 Y201.84
G1 F1350 X139.972 Y189.823 E1499.10375
G0 F7500 X140.23 Y188.999
G1 F1350 X126.766 Y202.463 E1499.73705
G0 F7500 X125.891 Y202.772
G1 F1350 X140.487 Y188.176 E1500.4236
G0 F7500 X140.745 Y187.352
G1 F1350 X125.162 Y202.935 E1501.15658
G0 F7500 X124.434 Y203.098
G1 F1350 X141.003 Y186.529 E1501.93594
G0 F7500 X141.26 Y185.706
G1 F1350 X123.705 Y203.261 E1502.76167
G0 F7500 X122.976 Y203.425
G1 F1350 X141.518 Y184.882 E1503.63385
G0 F7500 X141.683 Y184.152
G1 F1350 X122.247 Y203.587 E1504.54804
G0 F7500 X121.518 Y203.751
G1 F1350 X141.708 Y183.561 E1505.49771
G0 F7500 X141.733 Y182.97
G1 F1350 X120.789 Y203.914 E1506.48286
G0 F7500 X120.128 Y204.01
G1 F1350 X141.758 Y182.38 E1507.50026
G0 F7500 X141.783 Y181.789
G1 F1350 X119.584 Y203.988 E1508.54444
G0 F7500 X119.041 Y203.965
G1 F1350 X141.808 Y181.198 E1509.61533
G0 F7500 X141.834 Y180.607
G1 F1350 X118.498 Y203.942 E1510.71296
G0 F7500 X117.955 Y203.92
G1 F1350 X141.858 Y180.017 E1511.83728
G0 F7500 X141.884 Y179.426
G1 F1350 X117.412 Y203.897 E1512.98835
G0 F7500 X116.87 Y203.874
G1 F1350 X141.909 Y178.835 E1514.1661
G0 F7500 X141.933 Y178.245
G1 F1350 X116.327 Y203.851 E1515.37053
G0 F7500 X115.784 Y203.828
G1 F1350 X141.85 Y177.762 E1516.5966
G0 F7500 X141.746 Y177.301
G1 F1350 X115.241 Y203.806 E1517.84331
G0 F7500 X114.698 Y203.783
G1 F1350 X141.642 Y176.839 E1519.11067
G0 F7500 X141.538 Y176.377
G1 F1350 X114.155 Y203.761 E1520.39871
G0 F7500 X113.711 Y203.638
G1 F1350 X141.434 Y175.915 E1521.70271
G0 F7500 X141.33 Y175.454
G1 F1350 X113.281 Y203.503 E1523.02205
G0 F7500 X112.85 Y203.368
G1 F1350 X141.226 Y174.992 E1524.35677
G0 F7500 X141.122 Y174.53
G1 F1350 X112.419 Y203.233 E1525.70687
G0 F7500 X111.989 Y203.098
G1 F1350 X141.018 Y174.068 E1527.07233
G0 F7500 X140.914 Y173.607
G1 F1350 X111.558 Y202.963 E1528.45315
G0 F7500 X111.127 Y202.828
G1 F1350 X140.81 Y173.145 E1529.84935
G0 F7500 X140.706 Y172.683
G1 F1350 X110.697 Y202.693 E1531.2609
G0 F7500 X110.266 Y202.558
G1 F1350 X140.603 Y172.222 E1532.68784
G0 F7500 X140.435 Y171.823
G1 F1350 X109.836 Y202.423 E1534.12714
G0 F7500 X109.405 Y202.288
G1 F1350 X140.24 Y171.452 E1535.57755
G0 F7500 X140.047 Y171.08
G1 F1350 X108.974 Y202.153 E1537.03913
G0 F7500 X108.544 Y202.018
G1 F1350 X139.852 Y170.709 E1538.51179
G0 F7500 X139.659 Y170.337
G1 F1350 X108.124 Y201.872 E1539.9951
G0 F7500 X107.778 Y201.652
G1 F1350 X139.465 Y169.965 E1541.48555
G0 F7500 X139.27 Y169.594
G1 F1350 X107.431 Y201.433 E1542.98316
G0 F7500 X107.086 Y201.213
G1 F1350 X139.077 Y169.222 E1544.48792
G0 F7500 X138.882 Y168.851
G1 F1350 X106.74 Y200.993 E1545.99978
G0 F7500 X106.393 Y200.774
G1 F1350 X138.688 Y168.479 E1547.51884
G0 F7500 X138.494 Y168.108
G1 F1350 X106.048 Y200.554 E1549.045
G0 F7500 X105.702 Y200.334
G1 F1350 X138.3 Y167.736 E1550.57831
G0 F7500 X138.106 Y167.364
G1 F1350 X105.356 Y200.114 E1552.11877
G0 F7500 X105.01 Y199.895
G1 F1350 X137.912 Y166.992 E1553.6664
G0 F7500 X137.718 Y166.621
G1 F1350 X104.664 Y199.675 E1555.22116
G0 F7500 X104.318 Y199.455
G1 F1350 X137.455 Y166.318 E1556.77983
G0 F7500 X137.184 Y166.023
G1 F1350 X103.972 Y199.236 E1558.34204
G0 F7500 X103.626 Y199.016
G1 F1350 X136.914 Y165.728 E1559.9078
G0 F7500 X136.643 Y165.433
G1 F1350 X103.28 Y198.796 E1561.4771
G0 F7500 X102.934 Y198.576
G1 F1350 X136.372 Y165.138 E1563.04992
G0 F7500 X136.1 Y164.844
G1 F1350 X102.661 Y198.284 E1564.62281
G0 F7500 X102.39 Y197.989
G1 F1350 X135.83 Y164.549 E1566.19573
G0 F7500 X135.559 Y164.255
G1 F1350 X102.119 Y197.694 E1567.76862
G0 F7500 X101.848 Y197.399
G1 F1350 X135.288 Y163.96 E1569.34151
G0 F7500 X135.016 Y163.666
G1 F1350 X101.577 Y197.105 E1570.91438
G0 F7500 X101.306 Y196.81
G1 F1350 X134.746 Y163.371 E1572.48727
G0 F7500 X134.475 Y163.076
G1 F1350 X101.036 Y196.515 E1574.06014
G0 F7500 X100.766 Y196.219
G1 F1350 X134.204 Y162.781 E1575.63296
G0 F7500 X133.933 Y162.486
G1 F1350 X100.495 Y195.924 E1577.20578
G0 F7500 X100.224 Y195.63
G1 F1350 X133.662 Y162.192 E1578.7786
G0 F7500 X133.367 Y161.921
G1 F1350 X99.953 Y195.335 E1580.35029
G0 F7500 X99.682 Y195.04
G1 F1350 X133.021 Y161.701 E1581.91846
G0 F7500 X132.674 Y161.482
G1 F1350 X99.411 Y194.745 E1583.48305
G0 F7500 X99.141 Y194.45
G1 F1350 X132.329 Y161.262 E1585.04411
G0 F7500 X131.983 Y161.042
G1 F1350 X98.87 Y194.155 E1586.60164
G0 F7500 X98.629 Y193.83
G1 F1350 X131.637 Y160.822 E1588.15424
G0 F7500 X131.291 Y160.603
G1 F1350 X98.435 Y193.459 E1589.69968
G0 F7500 X98.24 Y193.088
G1 F1350 X130.945 Y160.383 E1591.23802
G0 F7500 X130.599 Y160.163
G1 F1350 X98.046 Y192.716 E1592.76922
G0 F7500 X97.852 Y192.345
G1 F1350 X130.253 Y159.944 E1594.29326
G0 F7500 X129.907 Y159.724
G1 F1350 X97.657 Y191.974 E1595.8102
G0 F7500 X97.462 Y191.603
G1 F1350 X129.561 Y159.504 E1597.32004
G0 F7500 X129.215 Y159.284
G1 F1350 X97.267 Y191.232 E1598.82278
G0 F7500 X97.073 Y190.861
G1 F1350 X128.869 Y159.065 E1600.31836
G0 F7500 X128.523 Y158.845
G1 F1350 X96.879 Y190.49 E1601.80682
G0 F7500 X96.684 Y190.118
G1 F1350 X128.163 Y158.639 E1603.2875
G0 F7500 X127.732 Y158.504
G1 F1350 X96.49 Y189.747 E1604.75705
G0 F7500 X96.295 Y189.376
G1 F1350 X127.302 Y158.369 E1606.21553
G0 F7500 X126.871 Y158.235
G1 F1350 X96.101 Y189.005 E1607.66285
G0 F7500 X95.906 Y188.633
G1 F1350 X126.44 Y158.1 E1609.09905
G0 F7500 X126.009 Y157.965
G1 F1350 X95.762 Y188.212 E1610.52178
G0 F7500 X95.66 Y187.749
G1 F1350 X125.579 Y157.83 E1611.92908
G0 F7500 X125.147 Y157.695
G1 F1350 X95.556 Y187.286 E1613.32095
G0 F7500 X95.453 Y186.824
G1 F1350 X124.717 Y157.56 E1614.69744
G0 F7500 X124.286 Y157.425
G1 F1350 X95.35 Y186.362 E1616.05852
G0 F7500 X95.247 Y185.899
G1 F1350 X123.855 Y157.29 E1617.40418
G0 F7500 X123.424 Y157.156
G1 F1350 X95.143 Y185.437 E1618.73443
G0 F7500 X95.04 Y184.974
G1 F1350 X122.993 Y157.021 E1620.04925
G0 F7500 X122.563 Y156.886
G1 F1350 X94.937 Y184.512 E1621.34869
G0 F7500 X94.834 Y184.049
G1 F1350 X122.086 Y156.797 E1622.63055
G0 F7500 X121.543 Y156.774
G1 F1350 X94.73 Y183.587 E1623.89175
G0 F7500 X94.627 Y183.124
G1 F1350 X121 Y156.751 E1625.13225
G0 F7500 X120.457 Y156.729
G1 F1350 X94.524 Y182.662 E1626.35206
G0 F7500 X94.477 Y182.143
G1 F1350 X119.914 Y156.706 E1627.54854
G0 F7500 X119.371 Y156.684
G1 F1350 X94.501 Y181.553 E1628.71832
G0 F7500 X94.525 Y180.963
G1 F1350 X118.828 Y156.661 E1629.86144
G0 F7500 X118.285 Y156.638
G1 F1350 X94.549 Y180.374 E1630.97791
G0 F7500 X94.574 Y179.783
G1 F1350 X117.742 Y156.616 E1632.06764
G0 F7500 X117.199 Y156.593
G1 F1350 X94.598 Y179.194 E1633.13072
G0 F7500 X94.622 Y178.604
G1 F1350 X116.656 Y156.57 E1634.16713
G0 F7500 X116.113 Y156.548
G1 F1350 X94.647 Y178.013 E1635.1768
G0 F7500 X94.671 Y177.424
G1 F1350 X115.396 Y156.699 E1636.15164
G0 F7500 X114.667 Y156.862
G1 F1350 X94.695 Y176.834 E1637.09106
G0 F7500 X94.719 Y176.244
G1 F1350 X113.938 Y157.026 E1637.99504
G0 F7500 X113.209 Y157.189
G1 F1350 X94.95 Y175.447 E1638.85387
G0 F7500 X95.208 Y174.624
G1 F1350 X112.479 Y157.352 E1639.66626
G0 F7500 X111.75 Y157.516
G1 F1350 X95.467 Y173.799 E1640.43217
G0 F7500 X95.726 Y172.975
G1 F1350 X111.021 Y157.679 E1641.15162
G0 F7500 X110.292 Y157.842
G1 F1350 X95.985 Y172.15 E1641.8246
G0 F7500 X96.244 Y171.326
G1 F1350 X109.285 Y158.284 E1642.43803
G0 F7500 X109.074 Y157.878
G0 X107.891 Y158.496
G0 X108.102 Y158.902
G1 F1350 X96.502 Y170.501 E1642.98364
G0 F7500 X96.068 Y170.365
G0 X96.878 Y168.932
G0 X97.262 Y169.176
G1 F1350 X106.918 Y159.52 E1643.43783
G0 F7500 X106.707 Y159.115
G0 X105.523 Y159.733
G0 X105.734 Y160.138
G1 F1350 X98.246 Y167.626 E1643.79004
G0 F7500 X97.861 Y167.381
G0 X98.845 Y165.831
G0 X99.23 Y166.076
G1 F1350 X104.551 Y160.756 E1644.0403
G1 F1500 E1637.5403
;MESH:NONMESH
G0 F300 X104.551 Y160.756 Z0.6
G0 F7500 X104.34 Y160.351
G0 X99.354 Y164.527
G0 X98.43 Y163.942
G0 X46.208 Y131.487
;TIME_ELAPSED:2462.512696
;LAYER:2
M106 S170
;TYPE:SKIRT
G1 F1500 E1644.0403
G1 F1200 X45.982 Y130.612 E1644.07036
G1 X45.833 Y129.722 E1644.10037
G1 X45.763 Y128.777 E1644.13189
G1 X45.75 Y128.17 E1644.15208
G1 X45.751 Y107.062 E1644.85414
G1 X45.761 Y106.36 E1644.87749
G1 X45.814 Y105.458 E1644.90754
G1 X45.946 Y104.565 E1644.93756
G1 X46.157 Y103.687 E1644.9676
G1 X46.445 Y102.831 E1644.99764
G1 X46.807 Y102.003 E1645.02769
G1 X47.241 Y101.211 E1645.05773
G1 X47.744 Y100.461 E1645.08777
G1 X48.31 Y99.758 E1645.11778
G1 X48.937 Y99.108 E1645.14782
G1 X49.671 Y98.475 E1645.18006
G1 X51.894 Y96.734 E1645.27397
G1 X53.864 Y95.095 E1645.35921
G1 X55.764 Y93.421 E1645.44343
G1 X57.612 Y91.698 E1645.52747
G1 X59.42 Y89.917 E1645.61188
G1 X61.196 Y88.061 E1645.69732
G1 X62.89 Y86.189 E1645.78129
G1 X64.553 Y84.244 E1645.8664
G1 X66.116 Y82.307 E1645.94918
G1 X67.683 Y80.249 E1646.03522
G1 X69.15 Y78.205 E1646.1189
G1 X70.577 Y76.093 E1646.20368
G1 X71.953 Y73.927 E1646.28902
G1 X73.233 Y71.78 E1646.37216
G1 X74.474 Y69.558 E1646.45681
G1 X75.661 Y67.283 E1646.54216
G1 X76.765 Y65.014 E1646.62608
G1 X77.808 Y62.707 E1646.71029
G1 X78.794 Y60.346 E1646.79539
G1 X79.712 Y57.964 E1646.8803
G1 X80.548 Y55.597 E1646.96379
G1 X81.327 Y53.178 E1647.04832
G1 X82.045 Y50.708 E1647.13387
G1 X82.683 Y48.253 E1647.21824
G1 X82.925 Y47.238 E1647.25294
G1 X83.063 Y46.719 E1647.2708
G1 X83.408 Y45.551 E1647.31131
G1 X84.931 Y40.695 E1647.48058
G1 X85.136 Y40.072 E1647.50239
G1 X85.456 Y39.227 E1647.53244
G1 X85.849 Y38.414 E1647.56248
G1 X86.12 Y37.944 E1647.58052
G1 X86.682 Y37.026 E1647.61632
G1 X89.345 Y32.83 E1647.78162
G1 X89.77 Y32.178 E1647.8075
G1 X90.296 Y31.444 E1647.83754
G1 X90.886 Y30.76 E1647.86758
G1 X91.279 Y30.364 E1647.88614
G1 X91.924 Y29.75 E1647.91576
G1 X95.851 Y26.138 E1648.09322
G1 X96.321 Y25.719 E1648.11416
G1 X97.021 Y25.149 E1648.14418
G1 X97.769 Y24.642 E1648.17424
G1 X98.217 Y24.383 E1648.19145
G1 X99.188 Y23.854 E1648.22823
G1 X103.551 Y21.573 E1648.39198
G1 X104.301 Y21.194 E1648.41992
G1 X105.124 Y20.823 E1648.44995
G1 X105.978 Y20.527 E1648.48001
G1 X106.492 Y20.388 E1648.49772
G1 X107.548 Y20.134 E1648.53385
G1 X112.373 Y19.056 E1648.69828
G1 X113.168 Y18.889 E1648.7253
G1 X114.059 Y18.744 E1648.75533
G1 X114.96 Y18.678 E1648.78537
G1 X115.502 Y18.677 E1648.8034
G1 X116.581 Y18.705 E1648.8393
G1 X121.478 Y18.91 E1649.00232
G1 X122.337 Y18.957 E1649.03093
G1 X123.236 Y19.047 E1649.06098
G1 X124.123 Y19.216 E1649.09102
G1 X124.648 Y19.355 E1649.10908
G1 X125.692 Y19.663 E1649.14528
G1 X130.395 Y21.136 E1649.3092
G1 X131.179 Y21.393 E1649.33664
G1 X132.024 Y21.713 E1649.36669
G1 X132.837 Y22.106 E1649.39672
G1 X133.303 Y22.374 E1649.4146
G1 X134.272 Y22.966 E1649.45237
G1 X138.387 Y25.578 E1649.61448
G1 X139.086 Y26.034 E1649.64224
G1 X139.82 Y26.561 E1649.67229
G1 X140.504 Y27.15 E1649.70232
G1 X140.898 Y27.543 E1649.72083
G1 X141.645 Y28.33 E1649.75691
G1 X144.956 Y31.931 E1649.91962
G1 X145.533 Y32.575 E1649.94838
G1 X146.105 Y33.274 E1649.97842
G1 X146.612 Y34.021 E1650.00844
G1 X146.878 Y34.478 E1650.02603
G1 X147.393 Y35.424 E1650.06186
G1 X149.666 Y39.771 E1650.22501
G1 X150.063 Y40.556 E1650.25427
G1 X150.434 Y41.38 E1650.28433
G1 X150.731 Y42.233 E1650.31437
G1 X150.87 Y42.75 E1650.33217
G1 X151.127 Y43.818 E1650.36871
G1 X151.667 Y46.236 E1650.45111
G1 X152.294 Y48.866 E1650.54104
G1 X152.946 Y51.293 E1650.62462
G1 X153.671 Y53.722 E1650.70893
G1 X154.477 Y56.161 E1650.79437
G1 X155.332 Y58.525 E1650.87798
G1 X156.271 Y60.908 E1650.96317
G1 X157.264 Y63.235 E1651.04732
G1 X158.327 Y65.54 E1651.13174
G1 X159.444 Y67.792 E1651.21535
G1 X160.663 Y70.089 E1651.30184
G1 X161.891 Y72.247 E1651.38443
G1 X163.222 Y74.442 E1651.46981
G1 X164.589 Y76.56 E1651.55365
G1 X166.044 Y78.679 E1651.63914
G1 X167.533 Y80.723 E1651.72325
G1 X169.084 Y82.728 E1651.80756
G1 X170.69 Y84.688 E1651.89184
G1 X172.35 Y86.6 E1651.97606
G1 X174.091 Y88.496 E1652.06167
G1 X175.837 Y90.292 E1652.14498
G1 X177.661 Y92.066 E1652.22961
G1 X179.541 Y93.793 E1652.31452
G1 X181.448 Y95.446 E1652.39846
G1 X183.404 Y97.049 E1652.48257
G1 X184.034 Y97.53 E1652.50893
G1 X185.232 Y98.478 E1652.55975
G1 X185.918 Y99.066 E1652.5898
G1 X186.549 Y99.713 E1652.61986
G1 X187.12 Y100.412 E1652.64987
G1 X187.627 Y101.16 E1652.67993
G1 X188.065 Y101.949 E1652.70994
G1 X188.433 Y102.774 E1652.73999
G1 X188.726 Y103.628 E1652.77002
G1 X188.942 Y104.505 E1652.80006
G1 X189.08 Y105.398 E1652.83011
G1 X189.135 Y106.191 E1652.85655
G1 X189.15 Y106.83 E1652.87781
G1 X189.149 Y127.916 E1653.57914
G1 X189.139 Y128.636 E1653.60308
G1 X189.087 Y129.537 E1653.6331
G1 X188.954 Y130.431 E1653.66316
G1 X188.744 Y131.309 E1653.69319
G1 X188.456 Y132.165 E1653.72323
G1 X188.094 Y132.992 E1653.75325
G1 X187.661 Y133.784 E1653.78328
G1 X187.159 Y134.535 E1653.81332
G1 X186.592 Y135.238 E1653.84336
G1 X185.965 Y135.889 E1653.87342
G1 X185.356 Y136.423 E1653.90036
G1 X184.671 Y136.977 E1653.92966
G1 X183.677 Y137.757 E1653.97169
G1 X181.773 Y139.341 E1654.05406
G1 X179.832 Y141.051 E1654.1401
G1 X177.992 Y142.765 E1654.22374
G1 X176.188 Y144.543 E1654.30799
G1 X174.412 Y146.399 E1654.39342
G1 X172.715 Y148.274 E1654.47754
G1 X171.057 Y150.212 E1654.56237
G1 X169.483 Y152.162 E1654.64571
G1 X167.934 Y154.198 E1654.7308
G1 X166.451 Y156.264 E1654.81539
G1 X165.032 Y158.365 E1654.89971
G1 X163.662 Y160.522 E1654.9847
G1 X162.372 Y162.685 E1655.06847
G1 X161.127 Y164.915 E1655.15341
G1 X159.953 Y167.163 E1655.23776
G1 X158.845 Y169.442 E1655.32205
G1 X157.799 Y171.755 E1655.40648
G1 X156.807 Y174.131 E1655.49212
G1 X155.907 Y176.462 E1655.57522
G1 X155.057 Y178.87 E1655.66016
G1 X154.278 Y181.292 E1655.74478
G1 X153.574 Y183.712 E1655.8286
G1 X152.916 Y186.239 E1655.91546
G1 X152.784 Y186.788 E1655.93424
G1 X152.65 Y187.291 E1655.95155
G1 X152.352 Y188.303 E1655.98664
G1 X150.782 Y193.313 E1656.16126
G1 X150.569 Y193.962 E1656.18398
G1 X150.25 Y194.806 E1656.21399
G1 X149.857 Y195.62 E1656.24405
G1 X149.584 Y196.095 E1656.26228
G1 X149.009 Y197.034 E1656.2989
G1 X146.308 Y201.289 E1656.46652
G1 X145.941 Y201.853 E1656.4889
G1 X145.416 Y202.588 E1656.51895
G1 X144.827 Y203.273 E1656.54899
G1 X144.423 Y203.68 E1656.56807
G1 X143.765 Y204.306 E1656.59827
G1 X139.865 Y207.892 E1656.77449
G1 X139.388 Y208.318 E1656.79576
G1 X138.689 Y208.889 E1656.82578
G1 X137.941 Y209.396 E1656.85583
G1 X137.486 Y209.66 E1656.87333
G1 X136.515 Y210.189 E1656.91011
G1 X132.152 Y212.47 E1657.07386
G1 X131.407 Y212.847 E1657.10163
G1 X130.584 Y213.218 E1657.13165
G1 X129.731 Y213.515 E1657.1617
G1 X129.211 Y213.655 E1657.17961
G1 X128.168 Y213.906 E1657.21529
G1 X123.163 Y215.024 E1657.38586
G1 X122.54 Y215.154 E1657.40702
G1 X121.648 Y215.299 E1657.43708
G1 X120.747 Y215.365 E1657.46713
G1 X120.21 Y215.366 E1657.48499
G1 X119.075 Y215.337 E1657.52275
G1 X114.225 Y215.134 E1657.68421
G1 X113.366 Y215.087 E1657.71282
G1 X112.467 Y214.997 E1657.74287
G1 X111.58 Y214.828 E1657.7729
G1 X111.05 Y214.688 E1657.79113
G1 X110.184 Y214.433 E1657.82116
G1 X105.174 Y212.863 E1657.99578
G1 X104.525 Y212.65 E1658.0185
G1 X103.681 Y212.331 E1658.04851
G1 X102.867 Y211.938 E1658.07858
G1 X102.387 Y211.662 E1658.09699
G1 X101.449 Y211.087 E1658.13359
G1 X97.208 Y208.395 E1658.30066
G1 X96.618 Y208.01 E1658.32409
G1 X95.884 Y207.484 E1658.35412
G1 X95.2 Y206.894 E1658.38417
G1 X94.802 Y206.498 E1658.40284
G1 X94.079 Y205.737 E1658.43776
G1 X90.737 Y202.103 E1658.60196
G1 X90.169 Y201.468 E1658.6303
G1 X89.597 Y200.769 E1658.66034
G1 X89.09 Y200.022 E1658.69037
G1 X88.823 Y199.562 E1658.70806
G1 X88.311 Y198.621 E1658.74369
G1 X85.938 Y194.08 E1658.9141
G1 X85.637 Y193.483 E1658.93634
G1 X85.267 Y192.659 E1658.96638
G1 X84.97 Y191.806 E1658.99642
G1 X84.831 Y191.291 E1659.01417
G1 X84.576 Y190.23 E1659.05046
G1 X84.431 Y189.579 E1659.07264
G1 X83.829 Y187.057 E1659.15888
G1 X83.168 Y184.596 E1659.24364
G1 X82.439 Y182.156 E1659.32834
G1 X81.641 Y179.741 E1659.41293
G1 X80.773 Y177.341 E1659.49781
G1 X79.857 Y175.017 E1659.5809
G1 X78.855 Y172.671 E1659.66575
G1 X77.785 Y170.349 E1659.75078
G1 X76.668 Y168.096 E1659.83442
G1 X75.455 Y165.814 E1659.92038
G1 X74.214 Y163.631 E1660.0039
G1 X72.906 Y161.474 E1660.0878
G1 X71.512 Y159.316 E1660.17325
G1 X70.079 Y157.23 E1660.25742
G1 X68.589 Y155.185 E1660.34158
G1 X67.027 Y153.165 E1660.42651
G1 X65.413 Y151.196 E1660.51118
G1 X63.762 Y149.295 E1660.59493
G1 X62.043 Y147.424 E1660.67944
G1 X60.276 Y145.604 E1660.76381
G1 X58.433 Y143.814 E1660.84926
G1 X56.571 Y142.103 E1660.93336
G1 X54.652 Y140.44 E1661.01782
G1 X52.724 Y138.86 E1661.10073
G1 X49.762 Y136.595 E1661.22475
G1 X49.07 Y136.015 E1661.25478
G1 X48.432 Y135.376 E1661.28481
G1 X47.852 Y134.683 E1661.31487
G1 X47.337 Y133.942 E1661.34488
G1 X46.888 Y133.158 E1661.37493
G1 X46.511 Y132.337 E1661.40498
G1 X46.208 Y131.487 E1661.43499
G1 F1500 E1654.93499
;MESH:wheel(3).stl
G0 F9000 X55.297 Y105.847
G0 X88.297 Y80.847
G0 X112.949 Y79.004
G0 X113.275 Y77.96
G0 X117.513 Y77.659
G0 X117.5 Y77.965
;TYPE:WALL-INNER
G1 F1500 E1661.43499
G1 X119.67 Y78.057 E1661.50723
G1 X125.883 Y76.667 E1661.71899
G1 X131.523 Y73.716 E1661.9307
G1 X136.215 Y69.403 E1662.14267
G1 X139.627 Y64.029 E1662.35439
G1 X141.531 Y57.955 E1662.56611
G1 X141.797 Y51.586 E1662.77813
G1 X140.407 Y45.373 E1662.98988
G1 X137.456 Y39.732 E1663.20162
G1 X133.143 Y35.041 E1663.41357
G1 X127.769 Y31.629 E1663.62529
G1 X121.695 Y29.729 E1663.83697
G1 X115.326 Y29.459 E1664.04899
G1 X109.113 Y30.849 E1664.26075
G1 X103.473 Y33.8 E1664.47246
G1 X98.781 Y38.113 E1664.68443
G1 X95.369 Y43.487 E1664.89615
G1 X93.469 Y49.561 E1665.10783
G1 X93.199 Y55.93 E1665.31985
G1 X94.593 Y62.143 E1665.53164
G1 X97.54 Y67.784 E1665.74332
G1 X101.853 Y72.475 E1665.95526
G1 X107.227 Y75.887 E1666.16699
G1 X113.301 Y77.787 E1666.37866
G1 X117.5 Y77.965 E1666.51845
G0 F9000 X117.5 Y78.366
;TYPE:WALL-OUTER
G1 F1500 X119.706 Y78.459 E1666.59188
G1 X126.022 Y77.046 E1666.80715
G1 X131.755 Y74.046 E1667.02236
G1 X136.525 Y69.662 E1667.23784
G1 X139.993 Y64.199 E1667.45306
G1 X141.929 Y58.025 E1667.66826
G1 X142.199 Y51.55 E1667.88381
G1 X140.786 Y45.234 E1668.09907
G1 X137.786 Y39.5 E1668.31431
G1 X133.402 Y34.731 E1668.52977
G1 X127.939 Y31.263 E1668.74499
G1 X121.765 Y29.331 E1668.96016
G1 X115.29 Y29.057 E1669.17571
G1 X108.974 Y30.47 E1669.39097
G1 X103.241 Y33.47 E1669.60618
G1 X98.471 Y37.854 E1669.82166
G1 X95.003 Y43.317 E1670.03688
G1 X93.071 Y49.491 E1670.25205
G1 X92.797 Y55.966 E1670.4676
G1 X94.214 Y62.282 E1670.68289
G1 X97.21 Y68.016 E1670.89807
G1 X101.594 Y72.785 E1671.11352
G1 X107.057 Y76.253 E1671.32874
G1 X113.231 Y78.185 E1671.54391
G1 X117.5 Y78.366 E1671.68603
G0 F9000 X116.816 Y77.857
;TYPE:FILL
G1 F3000 X128.972 Y32.488 E1673.24823
G1 X128.974 Y32.489
G1 X97.008 Y41.054 E1674.34893
G1 X96.968 Y41.115
G1 X130.181 Y74.328 E1675.91117
G1 X130.185 Y74.327
G1 X138.747 Y42.371 E1677.01152
G1 X138.711 Y42.303
G1 X93.342 Y54.46 E1678.57373
G1 X93.341 Y54.459
G1 X116.736 Y77.853 E1679.67414
G0 F9000 X116.746 Y77.627
G0 X110.918 Y76.719
G0 X110.85 Y76.937
G1 F3000 X123.339 Y30.328 E1681.27904
G0 F9000 X123.271 Y30.546
G0 X119.5 Y29.945
G0 X119.51 Y29.716
G1 F3000 X141.704 Y51.91 E1682.32298
G0 F9000 X141.477 Y51.9
G0 X141.392 Y53.938
G0 X141.618 Y53.948
G1 F3000 X96.69 Y65.986 E1683.87
G0 F9000 X97.027 Y66.63
G1 F3000 X104.387 Y73.99 E1684.2162
G0 F9000 X104.511 Y73.795
G0 X105.401 Y74.36
G0 X105.277 Y74.554
G1 F3000 X117.317 Y29.622 E1685.76336
G0 F9000 X116.601 Y29.593
G1 F3000 X106.527 Y32.292 E1686.11024
G0 F9000 X106.634 Y32.497
G0 X105.707 Y32.982
G0 X105.601 Y32.777
G1 F3000 X138.493 Y65.669 E1687.65738
G0 F9000 X138.88 Y65.057
G1 F3000 X140.771 Y58 E1687.90038
G0 F9000 X139.31 Y58
G1 F3000 X140.927 Y59.618 E1687.97646
G0 F9000 X140.677 Y60.412
G1 F3000 X100.715 Y71.119 E1689.35248
G0 F9000 X100.15 Y70.505
G1 F3000 X110.859 Y30.539 E1690.72865
G0 F9000 X111.668 Y30.359
G1 F3000 X139.31 Y58 E1692.02882
G1 X140.771 Y58 E1692.07741
G1 X141.575 Y55.001 E1692.18068
G0 F9000 X141.348 Y54.991
G0 X140.674 Y47.978
G0 X140.897 Y47.929
G1 F3000 X94.287 Y60.418 E1693.78562
G0 F9000 X94.511 Y60.369
G0 X95.875 Y63.932
G0 X95.672 Y64.037
G1 F3000 X103.795 Y33.721 E1694.82951
G0 F9000 X103.901 Y33.926
G0 X100.905 Y36.582
G0 X100.75 Y36.412
G1 F3000 X134.87 Y70.532 E1696.43441
G0 F9000 X134.717 Y70.365
G0 X137.121 Y67.403
G0 X137.313 Y67.525
G1 F3000 X106.998 Y75.648 E1697.47826
G0 F9000 X107.122 Y75.453
G0 X123.159 Y76.962
G0 X123.207 Y77.184
G1 F3000 X134.169 Y36.275 E1698.8869
G0 F9000 X134.001 Y36.429
G0 X134.764 Y37.258
G0 X134.933 Y37.104
G1 F3000 X94.02 Y48.067 E1700.29568
G0 F9000 X94.24 Y48.136
G0 X94.578 Y47.058
G0 X94.357 Y46.989
G1 F3000 X124.306 Y76.938 E1701.70439
G0 F9000 X124.193 Y76.423
G1 F1500 E1695.20439
;MESH:MotorCar(1).stl
G0 F9000 X119.687 Y78.23
G0 X119.642 Y79.323
G0 X119.687 Y80.835
G0 X119.687 Y81.93
G0 X117.465 Y152.59
G0 X117.465 Y152.9
;TYPE:WALL-INNER
G1 F1500 E1701.70439
G1 X145.348 Y152.9 E1702.63178
G1 X145.35 Y128.44 E1703.44532
G1 X145.406 Y128.24 E1703.45223
G1 X145.597 Y128.012 E1703.46212
G1 X145.904 Y127.901 E1703.47298
G1 X178.348 Y127.9 E1704.55207
G1 X178.348 Y107.1 E1705.24388
G1 X145.895 Y107.098 E1706.32327
G1 X145.621 Y107.004 E1706.33291
G1 X145.494 Y106.894 E1706.3385
G1 X145.388 Y106.717 E1706.34536
G1 X145.35 Y106.56 E1706.35073
G1 X145.348 Y82.1 E1707.16427
G1 X89.548 Y82.1 E1709.02019
G1 X89.546 Y106.56 E1709.83373
G1 X89.49 Y106.76 E1709.84064
G1 X89.275 Y107.004 E1709.85146
G1 X88.992 Y107.099 E1709.86138
G1 X56.548 Y107.1 E1710.94048
G1 X56.548 Y127.9 E1711.63229
G1 X89.001 Y127.902 E1712.71168
G1 X89.275 Y127.996 E1712.72131
G1 X89.402 Y128.106 E1712.7269
G1 X89.508 Y128.283 E1712.73376
G1 X89.546 Y128.44 E1712.73914
G1 X89.548 Y152.9 E1713.55268
G1 X117.465 Y152.9 E1714.4812
G0 F9000 X117.465 Y153.3
;TYPE:WALL-OUTER
G1 F1500 X145.748 Y153.3 E1715.4219
G1 X145.756 Y128.44 E1716.24875
G1 X145.906 Y128.3 E1716.25557
G1 X178.748 Y128.3 E1717.3479
G1 X178.748 Y106.7 E1718.06632
G1 X145.93 Y106.7 E1719.15785
G1 X145.796 Y106.632 E1719.16285
G1 X145.748 Y106.52 E1719.1669
G1 X145.748 Y81.7 E1719.99242
G1 X89.148 Y81.7 E1721.87494
G1 X89.14 Y106.56 E1722.70179
G1 X88.99 Y106.7 E1722.70861
G1 X56.148 Y106.7 E1723.80094
G1 X56.148 Y128.3 E1724.51936
G1 X88.966 Y128.3 E1725.61089
G1 X89.1 Y128.368 E1725.61589
G1 X89.148 Y128.48 E1725.61994
G1 X89.148 Y153.3 E1726.44546
G1 X117.465 Y153.3 E1727.38729
G0 F9000 X117.465 Y152.59
G0 X119.429 Y152.59
G0 X119.429 Y152.82
;TYPE:FILL
G1 F3000 X73.789 Y107.18 E1729.53405
G0 F9000 X73.789 Y107.41
G0 X76.295 Y107.41
G0 X76.295 Y107.179
G1 F3000 X70.764 Y127.82 E1730.24479
G0 F9000 X70.764 Y127.59
G0 X68.973 Y127.59
G0 X68.973 Y127.819
G1 F3000 X56.628 Y115.475 E1730.82544
G1 X56.628 Y115.601
G1 X88.063 Y107.178 E1731.90786
G0 F9000 X88.718 Y107.178
G1 F3000 X83.187 Y127.82 E1732.61863
G0 F9000 X83.187 Y127.59
G0 X80.571 Y127.59
G0 X80.571 Y127.82
G1 F3000 X157.602 Y107.18 E1735.27107
G0 F9000 X157.046 Y107.18
G1 F3000 X151.515 Y127.821 E1735.98181
G0 F9000 X151.515 Y127.59
G0 X150.111 Y127.59
G0 X150.111 Y127.822
G1 F3000 X178.267 Y120.277 E1736.95132
G0 F9000 X178.268 Y120.707
G1 F3000 X176.362 Y127.82 E1737.19625
G0 F9000 X176.362 Y127.59
G0 X178.04 Y126.806
G0 X178.268 Y126.806
G1 F3000 X158.642 Y107.18 E1738.1194
G0 F9000 X158.642 Y107.41
G0 X163.258 Y107.41
G0 X163.258 Y107.18
G1 F3000 X157.727 Y127.821 E1738.83014
G0 F9000 X157.727 Y127.59
G0 X153.828 Y127.59
G0 X153.828 Y127.822
G1 F3000 X108.186 Y82.18 E1740.977
G0 F9000 X107.84 Y82.179
G1 F3000 X89.628 Y150.146 E1743.31734
G1 X89.628 Y150.24
G1 X145.268 Y135.331 E1745.23322
G0 F9000 X145.269 Y136.233
G1 F3000 X91.215 Y82.18 E1747.77573
G0 F9000 X91.215 Y82.41
G0 X95.417 Y82.41
G0 X95.417 Y82.179
G1 F3000 X89.627 Y103.786 E1748.51973
G0 F9000 X89.86 Y103.786
G0 X89.86 Y106.047
G0 X89.626 Y106.047
G1 F3000 X136.399 Y152.82 E1750.71979
G0 F9000 X136.399 Y152.59
G0 X138.605 Y152.59
G0 X138.605 Y152.821
G1 F3000 X150.834 Y107.18 E1752.29136
G0 F9000 X150.156 Y107.18
G1 F3000 X170.797 Y127.82 E1753.26223
G0 F9000 X170.15 Y127.821
G1 F3000 X175.681 Y107.18 E1753.97297
G1 X175.612 Y107.18
G1 X178.268 Y109.836 E1754.0979
G0 F9000 X178.04 Y109.836
G0 X178.04 Y107.854
G0 X178.267 Y107.854
G1 F3000 X89.629 Y131.605 E1757.15002
G1 X89.628 Y131.504
G1 X110.944 Y152.82 E1758.15266
G0 F9000 X110.944 Y152.59
G0 X113.758 Y152.59
G0 X113.758 Y152.82
G1 F3000 X132.686 Y82.18 E1760.58503
G0 F9000 X133.642 Y82.18
G1 F3000 X145.268 Y93.806 E1761.13189
G0 F9000 X145.04 Y93.806
G0 X145.04 Y91.85
G0 X145.267 Y91.85
G1 F3000 X89.569 Y106.774 E1763.04976
G0 F9000 X89.86 Y106.774
G0 X89.86 Y100.547
G0 X89.627 Y100.547
G1 F3000 X145.268 Y85.638 E1764.96567
G0 F9000 X145.268 Y85.321
G1 F3000 X142.127 Y82.18 E1765.11341
G0 F9000 X142.127 Y82.41
G0 X145.11 Y82.41
G0 X145.11 Y82.179
G1 F3000 X126.182 Y152.82 E1767.54582
G1 X126.362 Y152.82
G1 X145.268 Y147.755 E1768.19681
G0 F9000 X145.04 Y147.755
G0 X145.04 Y144.719
G0 X145.269 Y144.719
G1 F3000 X89.628 Y89.078 E1770.81399
G0 F9000 X89.628 Y88.123
G1 F3000 X111.81 Y82.18 E1771.57779
G0 F9000 X111.81 Y82.41
G0 X114.051 Y82.41
G0 X114.051 Y82.18
G1 F3000 X95.124 Y152.82 E1774.01016
G0 F9000 X95.124 Y152.59
G0 X93.973 Y152.59
G0 X93.973 Y152.82
G1 F3000 X89.628 Y148.475 E1774.21453
G0 F9000 X89.86 Y148.475
G0 X89.86 Y144.028
G0 X89.628 Y144.028
G1 F3000 X145.268 Y129.119 E1776.13041
G0 F9000 X145.04 Y129.119
G0 X145.112 Y127.662
G0 X145.519 Y127.59
G0 X145.519 Y127.998
G1 F3000 X99.701 Y82.18 E1778.28555
G0 F9000 X99.701 Y82.41
G0 X101.628 Y82.41
G0 X101.628 Y82.18
G1 F3000 X89.361 Y127.963 E1779.86201
G0 F9000 X89.361 Y127.59
G0 X85.943 Y127.59
G0 X85.943 Y127.819
G1 F3000 X65.304 Y107.18 E1780.83281
G0 F9000 X64.876 Y107.179
G1 F3000 X56.628 Y109.389 E1781.11681
G0 F9000 X56.86 Y109.389
G0 X56.86 Y111.029
G0 X56.628 Y111.029
G1 F3000 X57.659 Y107.18 E1781.24935
G0 F9000 X56.819 Y107.18
G1 F3000 X77.458 Y127.819 E1782.22014
G0 F9000 X76.976 Y127.82
G1 F3000 X82.507 Y107.178 E1782.93092
G0 F9000 X82.273 Y107.179
G1 F3000 X127.914 Y152.82 E1785.07773
G0 F9000 X127.914 Y152.59
G0 X132.393 Y152.59
G0 X132.393 Y152.821
G1 F3000 X145.268 Y104.77 E1786.73229
G0 F9000 X145.268 Y104.273
G1 F3000 X57.389 Y127.82 E1789.75826
G0 F9000 X58.341 Y127.82
G1 F3000 X63.871 Y107.179 E1790.469
G0 F9000 X63.871 Y107.41
G0 X70.083 Y107.41
G0 X70.083 Y107.179
G1 F3000 X64.552 Y127.821 E1791.17977
G0 F9000 X64.552 Y127.59
G0 X60.487 Y127.59
G0 X60.487 Y127.819
G1 F3000 X56.628 Y123.96 E1791.36129
G0 F9000 X56.86 Y123.96
G0 X56.86 Y121.812
G0 X56.628 Y121.812
G1 F3000 X145.268 Y98.061 E1794.41346
G0 F9000 X145.04 Y98.061
G0 X145.04 Y102.291
G0 X145.268 Y102.291
G1 F3000 X125.156 Y82.18 E1795.35945
G0 F9000 X125.156 Y82.41
G0 X126.475 Y82.41
G0 X126.475 Y82.179
G1 F3000 X107.547 Y152.82 E1797.79186
G0 F9000 X107.547 Y152.59
G0 X103.181 Y152.59
G0 X103.181 Y152.82
G1 F3000 X145.268 Y141.543 E1799.24106
G0 F9000 X145.04 Y141.543
G0 X145.04 Y151.136
G0 X145.268 Y151.136
G1 F3000 X144.817 Y152.821 E1799.29907
G1 X144.885 Y152.82
G1 X89.627 Y97.562 E1801.89824
G0 F9000 X89.86 Y97.562
G0 X89.86 Y94.335
G0 X89.628 Y94.335
G1 F3000 X134.99 Y82.18 E1803.46021
G0 F9000 X134.99 Y82.41
G0 X138.898 Y82.41
G0 X138.898 Y82.18
G1 F3000 X119.97 Y152.821 E1805.89262
G0 F9000 X119.97 Y152.59
G0 X102.458 Y152.59
G0 X102.458 Y152.82
G1 F3000 X89.628 Y139.989 E1806.49613
G0 F9000 X89.86 Y139.989
G0 X89.86 Y137.816
G0 X89.629 Y137.816
G1 F3000 X178.267 Y114.066 E1809.54823
G0 F9000 X178.04 Y114.066
G0 X178.04 Y118.321
G0 X178.268 Y118.321
G1 F3000 X167.127 Y107.18 E1810.07227
G0 F9000 X167.127 Y107.41
G0 X169.469 Y107.41
G0 X169.469 Y107.18
G1 F3000 X163.939 Y127.821 E1810.78301
G0 F9000 X163.939 Y127.59
G0 X162.312 Y127.59
G0 X162.312 Y127.821
G1 F3000 X116.671 Y82.18 E1812.92982
G0 F9000 X116.671 Y82.41
G0 X120.263 Y82.41
G0 X120.263 Y82.18
G1 F3000 X101.335 Y152.821 E1815.36223
G1 F1500 E1808.86223
G0 F9000 X101.335 Y152.59
G0 X145.112 Y127.662
G0 X173.297 Y127.59
G0 X173.297 Y127.821
G1 F1500 E1815.36223
G1 F3000 X178.267 Y126.489 E1815.53336
G0 F9000 X177.74 Y126.489
G1 F1500 E1809.03336
;MESH:wheel(3).stl(1)
G0 F9000 X145.526 Y128.076
G0 X146.603 Y129.153
G0 X146.603 Y154.153
G0 X129.131 Y157.076
G0 X128.545 Y158
G0 X117.905 Y204.171
G0 X117.892 Y204.477
;TYPE:WALL-INNER
G1 F1500 E1815.53336
G1 X120.374 Y204.581 E1815.61599
G1 X126.587 Y203.191 E1815.82774
G1 X132.227 Y200.24 E1816.03946
G1 X136.919 Y195.927 E1816.25143
G1 X140.331 Y190.553 E1816.46315
G1 X142.231 Y184.479 E1816.67482
G1 X142.501 Y178.11 E1816.88685
G1 X141.107 Y171.897 E1817.09863
G1 X138.16 Y166.256 E1817.31031
G1 X133.847 Y161.565 E1817.52226
G1 X128.473 Y158.153 E1817.73398
G1 X122.399 Y156.253 E1817.94566
G1 X116.03 Y155.983 E1818.15768
G1 X109.817 Y157.377 E1818.36946
G1 X104.176 Y160.324 E1818.58115
G1 X99.485 Y164.637 E1818.79309
G1 X96.073 Y170.011 E1819.00482
G1 X94.169 Y176.085 E1819.21653
G1 X93.903 Y182.454 E1819.42855
G1 X95.293 Y188.667 E1819.6403
G1 X98.244 Y194.307 E1819.85202
G1 X102.557 Y198.999 E1820.06399
G1 X107.931 Y202.411 E1820.27571
G1 X114.005 Y204.315 E1820.48742
G1 X117.892 Y204.477 E1820.61682
G0 F9000 X117.887 Y204.878
;TYPE:WALL-OUTER
G1 F1500 X120.41 Y204.983 E1820.70081
G1 X126.726 Y203.57 E1820.91607
G1 X132.459 Y200.57 E1821.13128
G1 X137.229 Y196.186 E1821.34676
G1 X140.697 Y190.723 E1821.56198
G1 X142.629 Y184.549 E1821.77715
G1 X142.903 Y178.074 E1821.9927
G1 X141.486 Y171.758 E1822.20799
G1 X138.49 Y166.024 E1822.42317
G1 X134.106 Y161.255 E1822.63862
G1 X128.643 Y157.787 E1822.85384
G1 X122.469 Y155.855 E1823.06901
G1 X115.994 Y155.581 E1823.28456
G1 X109.678 Y156.998 E1823.49986
G1 X103.944 Y159.994 E1823.71503
G1 X99.175 Y164.378 E1823.93049
G1 X95.707 Y169.841 E1824.14571
G1 X93.771 Y176.015 E1824.36092
G1 X93.501 Y182.49 E1824.57646
G1 X94.914 Y188.806 E1824.79173
G1 X97.914 Y194.539 E1825.00694
G1 X102.298 Y199.309 E1825.22242
G1 X107.761 Y202.777 E1825.43764
G1 X113.935 Y204.713 E1825.65284
G1 X117.887 Y204.878 E1825.7844
G0 F9000 X117.518 Y204.383
;TYPE:FILL
G1 F3000 X129.675 Y159.012 E1827.34668
G1 X129.679 Y159.013
G1 X97.712 Y167.578 E1828.44741
G1 X97.673 Y167.638
G1 X130.885 Y200.851 E1830.00962
G1 X130.888 Y200.851
G1 X139.45 Y168.896 E1831.10994
G1 X139.414 Y168.828
G1 X94.045 Y180.984 E1832.67214
G1 X94.044 Y180.98
G1 X117.443 Y204.379 E1833.77276
G0 F9000 X117.453 Y204.152
G0 X111.622 Y203.244
G0 X111.553 Y203.463
G1 F3000 X124.043 Y156.851 E1835.37778
G0 F9000 X123.974 Y157.07
G0 X120.206 Y156.469
G0 X120.216 Y156.24
G1 F3000 X142.408 Y178.433 E1836.42164
G0 F9000 X142.18 Y178.423
G0 X142.095 Y180.462
G0 X142.321 Y180.472
G1 F3000 X97.394 Y192.51 E1837.96863
G0 F9000 X97.727 Y193.148
G1 F3000 X105.096 Y200.517 E1838.31525
G0 F9000 X105.22 Y200.323
G0 X106.104 Y200.884
G0 X105.981 Y201.077
G1 F3000 X118.02 Y156.146 E1839.86237
G0 F9000 X117.305 Y156.117
G1 F3000 X107.237 Y158.814 E1840.20904
G0 F9000 X107.343 Y159.018
G0 X106.412 Y159.505
G0 X106.306 Y159.301
G1 F3000 X139.197 Y192.192 E1841.75613
G0 F9000 X139.583 Y191.583
G1 F3000 X141.507 Y184.4 E1842.00346
G0 F9000 X139.891 Y184.4
G1 F3000 X141.629 Y186.139 E1842.08524
G0 F9000 X141.379 Y186.936
G1 F3000 X101.419 Y197.643 E1843.4612
G0 F9000 X100.854 Y197.027
G1 F3000 X111.562 Y157.066 E1844.83719
G0 F9000 X112.376 Y156.885
G1 F3000 X139.891 Y184.4 E1846.13141
G1 X141.507 Y184.4 E1846.18516
G1 X142.276 Y181.531 E1846.28395
G0 F9000 X142.05 Y181.521
G0 X141.377 Y174.502
G0 X141.599 Y174.454
G1 F3000 X94.989 Y186.943 E1847.8889
G0 F9000 X95.214 Y186.894
G0 X96.578 Y190.457
G0 X96.375 Y190.562
G1 F3000 X104.498 Y160.245 E1848.93281
G0 F9000 X104.604 Y160.45
G0 X101.609 Y163.104
G0 X101.454 Y162.934
G1 F3000 X135.574 Y197.054 E1850.53771
G0 F9000 X135.422 Y196.888
G0 X137.824 Y193.927
G0 X138.016 Y194.049
G1 F3000 X107.702 Y202.172 E1851.58153
G0 F9000 X107.826 Y201.977
G0 X123.861 Y203.486
G0 X123.91 Y203.71
G1 F3000 X134.873 Y162.798 E1852.99027
G0 F9000 X134.704 Y162.953
G0 X135.467 Y163.783
G0 X135.637 Y163.628
G1 F3000 X94.721 Y174.591 E1854.39915
G0 F9000 X94.943 Y174.66
G0 X95.282 Y173.579
G0 X95.058 Y173.509
G1 F3000 X125.011 Y203.461 E1855.80802
G0 F9000 X124.898 Y202.946
G1 F1500 E1849.30802
;MESH:NONMESH
G0 F300 X124.898 Y202.946 Z0.8
G0 F9000 X116.016 Y155.814
G0 X116.061 Y154.721
G0 X146.603 Y154.153
G0 X179.603 Y129.153
G0 X179.603 Y105.847
G0 X146.603 Y80.847
G0 X119.237 Y79.306
G0 X119.282 Y78.213
G0 X117.513 Y77.659
G0 X117.5 Y77.965
;TIME_ELAPSED:2668.691078
;LAYER:3
M106 S255
;TYPE:WALL-INNER
;MESH:wheel(3).stl
G1 F1500 E1855.80802
G1 X119.67 Y78.057 E1855.88026
G1 X125.883 Y76.667 E1856.09202
G1 X131.523 Y73.716 E1856.30373
G1 X136.215 Y69.403 E1856.5157
G1 X139.627 Y64.029 E1856.72742
G1 X141.531 Y57.955 E1856.93914
G1 X141.797 Y51.586 E1857.15116
G1 X140.407 Y45.373 E1857.36291
G1 X137.456 Y39.732 E1857.57465
G1 X133.143 Y35.041 E1857.7866
G1 X127.769 Y31.629 E1857.99832
G1 X121.695 Y29.729 E1858.21
G1 X115.326 Y29.459 E1858.42202
G1 X109.113 Y30.849 E1858.63378
G1 X103.473 Y33.8 E1858.84549
G1 X98.781 Y38.113 E1859.05746
G1 X95.369 Y43.487 E1859.26918
G1 X93.469 Y49.561 E1859.48086
G1 X93.199 Y55.93 E1859.69288
G1 X94.593 Y62.143 E1859.90466
G1 X97.54 Y67.784 E1860.11635
G1 X101.853 Y72.475 E1860.32829
G1 X107.227 Y75.887 E1860.54002
G1 X113.301 Y77.787 E1860.75169
G1 X117.5 Y77.965 E1860.89148
G0 F9000 X117.5 Y78.366
;TYPE:WALL-OUTER
G1 F1500 X119.706 Y78.459 E1860.96491
G1 X126.022 Y77.046 E1861.18018
G1 X131.755 Y74.046 E1861.39539
G1 X136.525 Y69.662 E1861.61086
G1 X139.993 Y64.199 E1861.82609
G1 X141.929 Y58.025 E1862.04129
G1 X142.199 Y51.55 E1862.25684
G1 X140.786 Y45.234 E1862.4721
G1 X137.786 Y39.5 E1862.68734
G1 X133.402 Y34.731 E1862.9028
G1 X127.939 Y31.263 E1863.11802
G1 X121.765 Y29.331 E1863.33318
G1 X115.29 Y29.057 E1863.54874
G1 X108.974 Y30.47 E1863.764
G1 X103.241 Y33.47 E1863.97921
G1 X98.471 Y37.854 E1864.19469
G1 X95.003 Y43.317 E1864.40991
G1 X93.071 Y49.491 E1864.62508
G1 X92.797 Y55.966 E1864.84063
G1 X94.214 Y62.282 E1865.05592
G1 X97.21 Y68.016 E1865.2711
G1 X101.594 Y72.785 E1865.48655
G1 X107.057 Y76.253 E1865.70177
G1 X113.231 Y78.185 E1865.91694
G1 X117.5 Y78.366 E1866.05906
G1 F1500 E1859.55906
G0 F9000 X117.513 Y78.059
G0 X116.848 Y77.756
G0 X116.784 Y76.865
G0 X116.905 Y76.978
;TYPE:FILL
G1 F1500 E1866.05906
G1 F3000 X128.571 Y33.44 E1867.55822
G0 F9000 X128.475 Y33.636
G0 X127.551 Y33.188
G0 X127.647 Y32.991
G1 F3000 X98.039 Y40.924 E1868.57772
G0 F9000 X97.69 Y41.637
G1 F3000 X129.56 Y73.508 E1870.07681
G0 F9000 X129.438 Y73.328
G0 X130.29 Y72.751
G0 X130.412 Y72.932
G1 F3000 X138.347 Y43.321 E1871.09642
G0 F9000 X137.906 Y42.665
G1 F3000 X94.367 Y54.331 E1872.59562
G0 F9000 X94.587 Y54.316
G0 X94.661 Y55.344
G0 X94.441 Y55.359
G1 F3000 X116.113 Y77.032 E1873.61503
G0 F9000 X116.136 Y76.814
G0 X110.986 Y75.822
G0 X110.945 Y76.039
G1 F3000 X122.942 Y31.267 E1875.15668
G0 F9000 X122.901 Y31.483
G0 X120.821 Y31.083
G0 X120.862 Y30.868
G1 F3000 X140.436 Y50.442 E1876.07739
G0 F9000 X140.216 Y50.457
G0 X139.863 Y48.367
G0 X140.072 Y48.296
G1 F3000 X95.299 Y60.293 E1877.61907
G0 F9000 X95.508 Y60.222
G0 X96.201 Y62.222
G0 X95.993 Y62.293
G1 F3000 X103.158 Y35.556 E1878.53973
G0 F9000 X103.281 Y35.737
G0 X101.648 Y37.088
G0 X101.483 Y36.945
G1 F3000 X134.258 Y69.72 E1880.08136
G0 F9000 X134.092 Y69.576
G0 X135.478 Y67.974
G0 X135.643 Y68.118
G1 F3000 X108.907 Y75.282 E1881.00198
G0 F9000 X109.003 Y75.085
G0 X105.489 Y73.38
G0 X105.393 Y73.577
G1 F3000 X116.902 Y30.626 E1882.48093
G0 F9000 X116.917 Y30.846
G0 X112.598 Y31.227
G0 X112.527 Y31.019
G1 F3000 X140.108 Y58.6 E1883.77825
G0 F9000 X139.892 Y58.559
G0 X139.465 Y60.784
G0 X139.68 Y60.825
G1 F3000 X102.005 Y70.92 E1885.07553
G0 F9000 X102.149 Y70.754
G0 X100.434 Y69.27
G0 X100.291 Y69.434
G1 F3000 X110.386 Y31.761 E1886.37275
G0 F9000 X110.457 Y31.969
G0 X106.512 Y33.548
G0 X106.39 Y33.367
G1 F3000 X137.831 Y64.808 E1887.85164
G0 F9000 X137.634 Y64.712
G0 X140.496 Y54.351
G0 X140.715 Y54.336
G1 F3000 X97.766 Y65.844 E1889.33052
G0 F9000 X97.948 Y65.721
G0 X95.298 Y47.969
G0 X95.083 Y47.928
G1 F3000 X134.026 Y37.493 E1890.67146
G0 F9000 X133.759 Y37.262
G1 F3000 X123.324 Y76.206 E1892.01244
G0 F9000 X123.657 Y76.09
G1 F3000 X95.149 Y47.582 E1893.35336
G1 F1500 E1886.85336
G0 F9000 X95.365 Y47.623
G0 X117.441 Y76.719
G0 X117.5 Y77.547
;TYPE:SKIN
G1 F1500 E1893.35336
G1 F1209.7 X116.104 Y77.527 E1893.41095
G1 F1276.6 X115.195 Y77.456 E1893.44658
G1 F1119.4 X114.285 Y77.384 E1893.48726
G1 F998.3 X113.376 Y77.313 E1893.53283
G1 F983.6 X112.533 Y77.075 E1893.57726
G1 F1069.5 X111.691 Y76.836 E1893.61808
G1 F1171.9 X110.849 Y76.598 E1893.65534
G1 F1295.9 X110.007 Y76.36 E1893.68902
G1 F1271.2 X109.147 Y76.056 E1893.72482
G1 F1117.3 X108.287 Y75.753 E1893.76553
G1 F996.7 X107.427 Y75.449 E1893.81119
G1 F983.6 X106.67 Y74.998 E1893.85589
G1 F1067.6 X105.914 Y74.546 E1893.89705
G1 F1171.9 X105.157 Y74.095 E1893.93456
G1 F1293.1 X104.4 Y73.644 E1893.96856
G1 F1271.2 X103.654 Y73.132 E1894.00407
G1 F1119.4 X102.908 Y72.619 E1894.04442
G1 F996.7 X102.162 Y72.107 E1894.08971
G1 F983.6 X101.548 Y71.476 E1894.13437
G1 F1071.4 X100.935 Y70.845 E1894.17533
G1 F1171.9 X100.323 Y70.215 E1894.21273
G1 F1298.7 X99.71 Y69.585 E1894.24649
G1 F1273.9 X99.116 Y68.891 E1894.28227
G1 F1119.4 X98.523 Y68.198 E1894.32292
G1 F996.7 X97.931 Y67.505 E1894.36854
G1 F983.6 X97.502 Y66.738 E1894.41312
G1 F1069.5 X97.074 Y65.971 E1894.45409
G1 F1171.9 X96.646 Y65.205 E1894.49145
G1 F1295.9 X96.218 Y64.438 E1894.52526
G1 F1276.6 X95.827 Y63.619 E1894.56073
G1 F1119.4 X95.435 Y62.798 E1894.60128
G1 F1000 X95.044 Y61.978 E1894.6466
G1 F985.2 X94.828 Y61.125 E1894.69116
G1 F1071.4 X94.611 Y60.272 E1894.73214
G1 F1174.2 X94.395 Y59.419 E1894.76953
G1 F1298.7 X94.179 Y58.566 E1894.80333
G1 F1273.9 X94.012 Y57.674 E1894.83887
G1 F1115.2 X93.846 Y56.781 E1894.87951
G1 F993.4 X93.679 Y55.887 E1894.92518
G1 F980.4 X93.691 Y55.018 E1894.96941
G1 F1063.8 X93.703 Y54.149 E1895.01016
G1 F1167.3 X93.715 Y53.28 E1895.04731
G1 F1287.6 X93.727 Y52.411 E1895.08098
G1 F1265.8 X93.798 Y51.486 E1895.11755
G1 F1115.2 X93.87 Y50.56 E1895.1591
G1 F993.4 X93.941 Y49.635 E1895.20569
G1 F980.4 X94.179 Y48.793 E1895.25022
G1 F1065.7 X94.417 Y47.951 E1895.29118
G1 F1167.3 X94.655 Y47.109 E1895.32857
G1 F1290.3 X94.893 Y46.267 E1895.36241
G1 F1265.8 X95.197 Y45.407 E1895.39836
G1 F1113.2 X95.5 Y44.548 E1895.43918
G1 F993.4 X95.804 Y43.689 E1895.48494
G1 F978.8 X96.248 Y42.943 E1895.52919
G1 F1063.8 X96.692 Y42.198 E1895.56987
G1 F1165 X97.136 Y41.454 E1895.60697
G1 F1287.6 X97.579 Y40.709 E1895.64055
G1 F1265.8 X98.102 Y39.946 E1895.67701
G1 F1113.2 X98.624 Y39.183 E1895.71844
G1 F993.4 X99.147 Y38.421 E1895.76486
G1 F980.4 X99.77 Y37.816 E1895.80905
G1 F1067.6 X100.394 Y37.209 E1895.84973
G1 F1167.3 X101.018 Y36.603 E1895.88691
G1 F1293.1 X101.641 Y35.997 E1895.92044
G1 F1271.2 X102.343 Y35.396 E1895.95671
G1 F1119.4 X103.045 Y34.795 E1895.9979
G1 F1000 X103.748 Y34.193 E1896.04407
G1 F986.8 X104.503 Y33.77 E1896.08783
G1 F1071.4 X105.259 Y33.347 E1896.12816
G1 F1171.9 X106.014 Y32.923 E1896.16503
G1 F1293.1 X106.77 Y32.5 E1896.19845
G1 F1268.5 X107.605 Y32.1 E1896.23487
G1 F1115.2 X108.442 Y31.699 E1896.27638
G1 F993.4 X109.279 Y31.298 E1896.323
G1 F980.4 X110.131 Y31.082 E1896.36772
G1 F1063.8 X110.984 Y30.867 E1896.40898
G1 F1167.3 X111.836 Y30.652 E1896.44653
G1 F1287.6 X112.688 Y30.436 E1896.48059
G1 F1268.5 X113.581 Y30.27 E1896.51631
G1 F1115.2 X114.473 Y30.105 E1896.55689
G1 F995 X115.366 Y29.939 E1896.60244
G1 F983.6 X116.233 Y29.951 E1896.64642
G1 F1067.6 X117.101 Y29.962 E1896.68698
G1 F1171.9 X117.969 Y29.974 E1896.72394
G1 F1293.1 X118.837 Y29.986 E1896.75743
G1 F1271.2 X119.763 Y30.057 E1896.79388
G1 F1115.2 X120.69 Y30.129 E1896.83547
G1 F995 X121.616 Y30.2 E1896.88204
G1 F980.4 X122.462 Y30.439 E1896.92678
G1 F1065.7 X123.306 Y30.678 E1896.96784
G1 F1165 X124.151 Y30.917 E1897.00544
G1 F1287.6 X124.996 Y31.157 E1897.03948
G1 F1265.8 X125.851 Y31.459 E1897.07522
G1 F1111.1 X126.708 Y31.762 E1897.11604
G1 F993.4 X127.565 Y32.064 E1897.16167
G1 F980.4 X128.321 Y32.515 E1897.20647
G1 F1065.7 X129.078 Y32.966 E1897.24772
G1 F1169.6 X129.834 Y33.417 E1897.28527
G1 F1293.1 X130.591 Y33.867 E1897.31925
G1 F1271.2 X131.338 Y34.38 E1897.35481
G1 F1117.3 X132.083 Y34.893 E1897.3952
G1 F996.7 X132.829 Y35.405 E1897.44049
G1 F983.6 X133.445 Y36.039 E1897.48533
G1 F1069.5 X134.061 Y36.672 E1897.52653
G1 F1174.2 X134.676 Y37.305 E1897.56403
G1 F1298.7 X135.291 Y37.938 E1897.59793
G1 F1276.6 X135.88 Y38.627 E1897.63336
G1 F1123.6 X136.469 Y39.318 E1897.67367
G1 F1000 X137.059 Y40.008 E1897.71897
G1 F986.8 X137.489 Y40.775 E1897.76342
G1 F1073.3 X137.918 Y41.542 E1897.80427
G1 F1176.5 X138.348 Y42.309 E1897.84156
G1 F1301.5 X138.777 Y43.076 E1897.87525
G1 F1276.6 X139.17 Y43.896 E1897.91078
G1 F1119.4 X139.562 Y44.717 E1897.95133
G1 F996.7 X139.955 Y45.538 E1897.99689
G1 F983.6 X140.171 Y46.391 E1898.04152
G1 F1069.5 X140.387 Y47.244 E1898.08257
G1 F1171.9 X140.603 Y48.097 E1898.12003
G1 F1295.9 X140.819 Y48.95 E1898.15391
G1 F1273.9 X140.985 Y49.841 E1898.1894
G1 F1119.4 X141.151 Y50.732 E1898.22979
G1 F996.7 X141.317 Y51.624 E1898.27521
G1 F983.6 X141.305 Y52.507 E1898.32
G1 F1069.5 X141.293 Y53.389 E1898.36115
G1 F1174.2 X141.281 Y54.271 E1898.39863
G1 F1298.7 X141.269 Y55.153 E1898.43252
G1 F1276.6 X141.198 Y56.059 E1898.46803
G1 F1119.4 X141.127 Y56.968 E1898.50867
G1 F995 X141.056 Y57.876 E1898.55433
G1 F982 X140.817 Y58.72 E1898.5989
G1 F1067.6 X140.579 Y59.563 E1898.63983
G1 F1169.6 X140.34 Y60.405 E1898.67717
G1 F1293.1 X140.101 Y61.248 E1898.71097
G1 F1271.2 X139.797 Y62.108 E1898.74677
G1 F1119.4 X139.493 Y62.966 E1898.78734
G1 F996.7 X139.189 Y63.825 E1898.83295
G1 F983.6 X138.744 Y64.571 E1898.87701
G1 F1071.4 X138.299 Y65.318 E1898.9175
G1 F1171.9 X137.855 Y66.064 E1898.95446
G1 F1298.7 X137.41 Y66.811 E1898.98786
G1 F1276.6 X136.89 Y67.569 E1899.02379
G1 F1119.4 X136.369 Y68.33 E1899.06489
G1 F1000 X135.848 Y69.09 E1899.11086
G1 F986.8 X135.214 Y69.706 E1899.15555
G1 F1073.3 X134.582 Y70.32 E1899.19651
G1 F1178.8 X133.949 Y70.935 E1899.23386
G1 F1304.3 X133.317 Y71.549 E1899.26756
G1 F1282.1 X132.627 Y72.139 E1899.30289
G1 F1125.7 X131.936 Y72.729 E1899.34316
G1 F1003.3 X131.245 Y73.32 E1899.38837
G1 F988.5 X130.49 Y73.743 E1899.43205
G1 F1075.3 X129.736 Y74.166 E1899.47216
G1 F1178.8 X128.981 Y74.588 E1899.50877
G1 F1304.3 X128.226 Y75.011 E1899.54187
G1 F1279.3 X127.388 Y75.412 E1899.5781
G1 F1119.4 X126.551 Y75.814 E1899.61949
G1 F996.7 X125.713 Y76.215 E1899.66599
G1 F982 X124.861 Y76.431 E1899.71064
G1 F1067.6 X124.008 Y76.647 E1899.75176
G1 F1169.6 X123.155 Y76.863 E1899.7893
G1 F1293.1 X122.302 Y77.079 E1899.82325
G1 F1271.2 X121.411 Y77.245 E1899.85882
G1 F1115.2 X120.52 Y77.411 E1899.89936
G1 F996.7 X119.628 Y77.577 E1899.94478
G1 F1006.7 X117.5 Y77.547 E1900.05025
G0 F9000 X117.5 Y77.029
G1 F1008.4 X119.577 Y76.941 E1900.1531
G1 F996.7 X120.454 Y76.844 E1900.19726
G1 F1115.2 X121.33 Y76.748 E1900.23669
G1 F1271.2 X122.207 Y76.651 E1900.27132
G1 F1293.1 X123.031 Y76.392 E1900.30464
G1 F1169.6 X123.854 Y76.133 E1900.34145
G1 F1067.6 X124.678 Y75.874 E1900.38181
G1 F982 X125.501 Y75.615 E1900.42564
G1 F996.7 X126.328 Y75.293 E1900.47007
G1 F1121.5 X127.154 Y74.971 E1900.5095
G1 F1282.1 X127.981 Y74.649 E1900.54404
G1 F1304.3 X128.708 Y74.186 E1900.57701
G1 F1181.1 X129.434 Y73.724 E1900.61336
G1 F1075.3 X130.161 Y73.261 E1900.65335
G1 F990.1 X130.887 Y72.798 E1900.69674
G1 F1003.3 X131.598 Y72.276 E1900.7406
G1 F1125.7 X132.311 Y71.752 E1900.77981
G1 F1282.1 X133.023 Y71.229 E1900.81419
G1 F1304.3 X133.609 Y70.591 E1900.84732
G1 F1178.8 X134.194 Y69.954 E1900.88393
G1 F1073.3 X134.779 Y69.316 E1900.92416
G1 F986.8 X135.364 Y68.679 E1900.96789
G1 F1000 X135.919 Y67.985 E1901.01222
G1 F1119.4 X136.475 Y67.29 E1901.05189
G1 F1276.6 X137.03 Y66.596 E1901.08662
G1 F1298.7 X137.426 Y65.835 E1901.11957
G1 F1171.9 X137.822 Y65.074 E1901.15609
G1 F1071.4 X138.218 Y64.312 E1901.19608
G1 F983.6 X138.614 Y63.551 E1901.23959
G1 F996.7 X138.966 Y62.75 E1901.28339
G1 F1115.2 X139.319 Y61.949 E1901.32255
G1 F1265.8 X139.671 Y61.148 E1901.35703
G1 F1287.6 X139.861 Y60.302 E1901.39063
G1 F1165 X140.05 Y59.455 E1901.42779
G1 F1065.7 X140.24 Y58.608 E1901.46843
G1 F980.4 X140.429 Y57.761 E1901.51259
G1 F995 X140.562 Y56.896 E1901.55647
G1 F1115.2 X140.696 Y56.031 E1901.59563
G1 F1271.2 X140.829 Y55.165 E1901.63001
G1 F1293.1 X140.792 Y54.293 E1901.66369
G1 F1171.9 X140.755 Y53.42 E1901.70089
G1 F1067.6 X140.718 Y52.546 E1901.74177
G1 F983.6 X140.681 Y51.673 E1901.78609
G1 F996.7 X140.584 Y50.798 E1901.83015
G1 F1119.4 X140.488 Y49.922 E1901.86943
G1 F1273.9 X140.391 Y49.045 E1901.90398
G1 F1295.9 X140.132 Y48.221 E1901.93724
G1 F1171.9 X139.873 Y47.398 E1901.97397
G1 F1069.5 X139.614 Y46.574 E1902.01426
G1 F983.6 X139.355 Y45.751 E1902.05802
G1 F996.7 X139.033 Y44.927 E1902.10231
G1 F1119.4 X138.712 Y44.102 E1902.14176
G1 F1276.6 X138.39 Y43.278 E1902.17634
G1 F1301.5 X137.926 Y42.55 E1902.20943
G1 F1176.5 X137.463 Y41.822 E1902.24601
G1 F1073.3 X136.999 Y41.094 E1902.28614
G1 F986.8 X136.535 Y40.366 E1902.32979
G1 F1000 X136.021 Y39.664 E1902.37319
G1 F1119.4 X135.505 Y38.96 E1902.41209
G1 F1273.9 X134.99 Y38.257 E1902.44622
G1 F1293.1 X134.347 Y37.665 E1902.47995
G1 F1171.9 X133.704 Y37.074 E1902.51713
G1 F1067.6 X133.06 Y36.482 E1902.558
G1 F983.6 X132.417 Y35.89 E1902.60234
G1 F996.7 X131.731 Y35.34 E1902.64635
G1 F1117.3 X131.044 Y34.789 E1902.68567
G1 F1271.2 X130.358 Y34.239 E1902.72018
G1 F1293.1 X129.59 Y33.839 E1902.75359
G1 F1169.6 X128.823 Y33.439 E1902.79049
G1 F1065.7 X128.055 Y33.04 E1902.831
G1 F980.4 X127.288 Y32.64 E1902.87502
G1 F991.7 X126.491 Y32.29 E1902.91881
G1 F1109.1 X125.691 Y31.939 E1902.95811
G1 F1257.9 X124.892 Y31.588 E1902.99273
G1 F1279.3 X124.045 Y31.398 E1903.02658
G1 F1160.5 X123.197 Y31.208 E1903.06394
G1 F1063.8 X122.349 Y31.018 E1903.10469
G1 F980.4 X121.501 Y30.828 E1903.14891
G1 F993.4 X120.635 Y30.694 E1903.19292
G1 F1115.2 X119.769 Y30.561 E1903.23212
G1 F1265.8 X118.902 Y30.427 E1903.2667
G1 F1290.3 X118.03 Y30.464 E1903.30044
G1 F1167.3 X117.158 Y30.501 E1903.33774
G1 F1067.6 X116.285 Y30.538 E1903.37858
G1 F982 X115.413 Y30.575 E1903.42292
G1 F995 X114.537 Y30.672 E1903.46711
G1 F1115.2 X113.66 Y30.768 E1903.50658
G1 F1268.5 X112.782 Y30.865 E1903.54132
G1 F1287.6 X111.961 Y31.124 E1903.57467
G1 F1167.3 X111.138 Y31.382 E1903.61154
G1 F1063.8 X110.316 Y31.641 E1903.65195
G1 F980.4 X109.494 Y31.9 E1903.69581
G1 F993.4 X108.677 Y32.217 E1903.73982
G1 F1115.2 X107.86 Y32.535 E1903.77904
G1 F1268.5 X107.044 Y32.852 E1903.81347
G1 F1293.1 X106.31 Y33.318 E1903.84702
G1 F1171.9 X105.575 Y33.785 E1903.88409
G1 F1071.4 X104.841 Y34.251 E1903.92458
G1 F986.8 X104.106 Y34.717 E1903.96857
G1 F1000 X103.404 Y35.232 E1904.01201
G1 F1119.4 X102.7 Y35.749 E1904.05094
G1 F1268.5 X101.996 Y36.265 E1904.08527
G1 F1290.3 X101.405 Y36.908 E1904.11903
G1 F1167.3 X100.814 Y37.55 E1904.15633
G1 F1065.7 X100.224 Y38.193 E1904.19718
G1 F980.4 X99.633 Y38.835 E1904.24159
G1 F993.4 X99.081 Y39.524 E1904.28593
G1 F1115.2 X98.529 Y40.213 E1904.32542
G1 F1265.8 X97.978 Y40.901 E1904.36016
G1 F1287.6 X97.578 Y41.667 E1904.39365
G1 F1167.3 X97.179 Y42.432 E1904.43052
G1 F1063.8 X96.78 Y43.198 E1904.47103
G1 F980.4 X96.382 Y43.963 E1904.51491
G1 F993.4 X96.026 Y44.774 E1904.55939
G1 F1113.2 X95.669 Y45.587 E1904.59919
G1 F1265.8 X95.313 Y46.399 E1904.63413
G1 F1290.3 X95.127 Y47.236 E1904.66728
G1 F1167.3 X94.941 Y48.075 E1904.70401
G1 F1065.7 X94.755 Y48.913 E1904.74419
G1 F980.4 X94.569 Y49.752 E1904.78793
G1 F993.4 X94.436 Y50.615 E1904.83178
G1 F1111.1 X94.303 Y51.48 E1904.87108
G1 F1263.2 X94.17 Y52.345 E1904.90564
G1 F1284.8 X94.207 Y53.219 E1904.93961
G1 F1162.8 X94.243 Y54.092 E1904.9771
G1 F1063.8 X94.28 Y54.966 E1905.01812
G1 F978.8 X94.316 Y55.839 E1905.06266
G1 F993.4 X94.411 Y56.705 E1905.10641
G1 F1115.2 X94.505 Y57.573 E1905.14547
G1 F1268.5 X94.6 Y58.441 E1905.17981
G1 F1293.1 X94.861 Y59.271 E1905.21338
G1 F1171.9 X95.121 Y60.102 E1905.25045
G1 F1069.5 X95.382 Y60.933 E1905.29108
G1 F985.2 X95.643 Y61.764 E1905.33519
G1 F1000 X95.964 Y62.59 E1905.3794
G1 F1119.4 X96.285 Y63.414 E1905.41881
G1 F1276.6 X96.606 Y64.239 E1905.45341
G1 F1295.9 X97.068 Y64.964 E1905.48651
G1 F1171.9 X97.53 Y65.69 E1905.52314
G1 F1069.5 X97.993 Y66.417 E1905.56335
G1 F983.6 X98.455 Y67.143 E1905.607
G1 F996.7 X98.981 Y67.859 E1905.65147
G1 F1119.4 X99.506 Y68.574 E1905.691
G1 F1273.9 X100.032 Y69.29 E1905.7258
G1 F1298.7 X100.667 Y69.872 E1905.75889
G1 F1171.9 X101.303 Y70.456 E1905.79565
G1 F1071.4 X101.939 Y71.039 E1905.83582
G1 F983.6 X102.575 Y71.623 E1905.87962
G1 F996.7 X103.261 Y72.172 E1905.9236
G1 F1119.4 X103.947 Y72.723 E1905.96281
G1 F1271.2 X104.634 Y73.273 E1905.99735
G1 F1293.1 X105.401 Y73.673 E1906.03073
G1 F1171.9 X106.168 Y74.073 E1906.06755
G1 F1067.6 X106.934 Y74.472 E1906.10792
G1 F983.6 X107.7 Y74.872 E1906.15175
G1 F996.7 X108.513 Y75.229 E1906.19619
G1 F1117.3 X109.325 Y75.585 E1906.23578
G1 F1271.2 X110.137 Y75.942 E1906.27059
G1 F1295.9 X110.976 Y76.128 E1906.30368
G1 F1171.9 X111.815 Y76.315 E1906.34027
G1 F1069.5 X112.653 Y76.501 E1906.38032
G1 F983.6 X113.492 Y76.687 E1906.4239
G1 F996.7 X114.357 Y76.821 E1906.46772
G1 F1117.3 X115.223 Y76.954 E1906.50684
G1 F1271.2 X116.09 Y77.088 E1906.54127
G1 F1204.8 X117.5 Y77.029 E1906.59971
G0 F9000 X117.458 Y76.417
G1 F1500 E1900.09971
;MESH:MotorCar(1).stl
G0 F9000 X116.132 Y76.894
G0 X116.037 Y79.171
G0 X116.132 Y80.835
G0 X116.132 Y81.93
G0 X117.465 Y152.59
G0 X117.465 Y152.9
;TYPE:WALL-INNER
G1 F1500 E1906.59971
G1 X145.348 Y152.9 E1907.5271
G1 X145.35 Y128.44 E1908.34065
G1 X145.406 Y128.24 E1908.34755
G1 X145.597 Y128.012 E1908.35745
G1 X145.904 Y127.901 E1908.3683
G1 X178.348 Y127.9 E1909.4474
G1 X178.348 Y107.1 E1910.13921
G1 X145.895 Y107.098 E1911.2186
G1 X145.621 Y107.004 E1911.22823
G1 X145.494 Y106.894 E1911.23382
G1 X145.388 Y106.717 E1911.24068
G1 X145.35 Y106.56 E1911.24606
G1 X145.348 Y82.1 E1912.0596
G1 X89.548 Y82.1 E1913.91551
G1 X89.546 Y106.56 E1914.72906
G1 X89.49 Y106.76 E1914.73596
G1 X89.275 Y107.004 E1914.74678
G1 X88.992 Y107.099 E1914.75671
G1 X56.548 Y107.1 E1915.8358
G1 X56.548 Y127.9 E1916.52761
G1 X89.001 Y127.902 E1917.607
G1 X89.275 Y127.996 E1917.61664
G1 X89.402 Y128.106 E1917.62223
G1 X89.508 Y128.283 E1917.62909
G1 X89.546 Y128.44 E1917.63446
G1 X89.548 Y152.9 E1918.448
G1 X117.465 Y152.9 E1919.37653
G0 F9000 X117.465 Y153.3
;TYPE:WALL-OUTER
G1 F1500 X145.748 Y153.3 E1920.31722
G1 X145.756 Y128.44 E1921.14407
G1 X145.906 Y128.3 E1921.1509
G1 X178.748 Y128.3 E1922.24322
G1 X178.748 Y106.7 E1922.96164
G1 X145.93 Y106.7 E1924.05317
G1 X145.796 Y106.632 E1924.05817
G1 X145.748 Y106.52 E1924.06223
G1 X145.748 Y81.7 E1924.88774
G1 X89.148 Y81.7 E1926.77027
G1 X89.14 Y106.56 E1927.59711
G1 X88.99 Y106.7 E1927.60394
G1 X56.148 Y106.7 E1928.69627
G1 X56.148 Y128.3 E1929.41469
G1 X88.966 Y128.3 E1930.50622
G1 X89.1 Y128.368 E1930.51121
G1 X89.148 Y128.48 E1930.51527
G1 X89.148 Y153.3 E1931.34078
G1 X117.465 Y153.3 E1932.28261
G0 F9000 X117.465 Y152.59
G0 X119.628 Y152.59
G0 X119.628 Y152.82
;TYPE:FILL
G1 F3000 X73.988 Y107.18 E1934.42938
G0 F9000 X73.988 Y107.41
G0 X76.149 Y107.41
G0 X76.149 Y107.179
G1 F3000 X70.618 Y127.821 E1935.14015
G0 F9000 X70.618 Y127.59
G0 X69.172 Y127.59
G0 X69.172 Y127.819
G1 F3000 X56.628 Y115.275 E1935.73018
G0 F9000 X56.628 Y115.747
G1 F3000 X88.608 Y107.178 E1936.83136
G1 X88.572 Y107.178
G1 X83.041 Y127.82 E1937.54214
G0 F9000 X83.041 Y127.59
G0 X81.115 Y127.59
G0 X81.115 Y127.82
G1 F3000 X158.147 Y107.18 E1940.19461
G0 F9000 X158.841 Y107.18
G1 F3000 X178.268 Y126.607 E1941.10839
G1 X178.267 Y126.635
G1 X173.842 Y127.821 E1941.26076
G0 F9000 X173.842 Y127.59
G0 X176.216 Y127.59
G0 X176.216 Y127.82
G1 F3000 X178.268 Y120.163 E1941.52442
G0 F9000 X178.267 Y120.423
G1 F3000 X150.655 Y127.822 E1942.4752
G0 F9000 X151.369 Y127.822
G1 F3000 X156.9 Y107.18 E1943.18598
G0 F9000 X156.9 Y107.41
G0 X150.688 Y107.41
G0 X150.688 Y107.18
G1 F3000 X138.459 Y152.821 E1944.75755
G0 F9000 X138.459 Y152.59
G0 X136.599 Y152.59
G0 X136.599 Y152.82
G1 F3000 X89.626 Y105.848 E1946.96699
G0 F9000 X89.86 Y105.848
G0 X89.86 Y106.955
G0 X89.438 Y106.955
G1 F3000 X145.267 Y91.996 E1948.88937
G0 F9000 X145.04 Y91.996
G0 X145.04 Y93.607
G0 X145.268 Y93.607
G1 F3000 X133.841 Y82.18 E1949.42686
G0 F9000 X133.841 Y82.41
G0 X132.54 Y82.41
G0 X132.54 Y82.18
G1 F3000 X113.612 Y152.82 E1951.85924
G0 F9000 X113.612 Y152.59
G0 X111.143 Y152.59
G0 X111.143 Y152.82
G1 F3000 X89.628 Y131.305 E1952.87124
G0 F9000 X89.629 Y131.751
G1 F3000 X178.267 Y108 E1955.92336
G0 F9000 X178.04 Y108
G0 X178.04 Y109.636
G0 X178.268 Y109.636
G1 F3000 X175.811 Y107.18 E1956.0389
G0 F9000 X175.535 Y107.18
G1 F3000 X170.004 Y127.821 E1956.74965
G0 F9000 X170.996 Y127.82
G1 F3000 X150.356 Y107.18 E1957.72049
G0 F9000 X150.356 Y107.41
G0 X145.112 Y107.338
G0 X145.04 Y104.419
G0 X145.267 Y104.419
G1 F3000 X57.933 Y127.82 E1960.7277
G0 F9000 X58.195 Y127.82
G1 F3000 X63.725 Y107.179 E1961.43843
G0 F9000 X63.725 Y107.41
G0 X65.42 Y107.41
G0 X65.42 Y107.179
G1 F3000 X56.628 Y109.535 E1961.74117
G0 F9000 X56.628 Y110.483
G1 F3000 X57.514 Y107.18 E1961.85491
G0 F9000 X57.018 Y107.18
G1 F3000 X77.657 Y127.819 E1962.82571
G0 F9000 X76.83 Y127.82
G1 F3000 X82.361 Y107.178 E1963.53648
G1 X82.473 Y107.179
G1 X128.114 Y152.82 E1965.68329
G0 F9000 X128.114 Y152.59
G0 X126.907 Y152.59
G0 X126.907 Y152.82
G1 F3000 X145.267 Y147.901 E1966.31549
G0 F9000 X145.04 Y147.901
G0 X145.04 Y150.591
G0 X145.268 Y150.591
G1 F3000 X144.671 Y152.821 E1966.39227
G0 F9000 X145.084 Y152.82
G1 F3000 X89.627 Y97.363 E1969.0008
G0 F9000 X89.86 Y97.363
G0 X89.86 Y94.481
G0 X89.627 Y94.481
G1 F3000 X135.536 Y82.18 E1970.5816
G0 F9000 X135.536 Y82.41
G0 X138.752 Y82.41
G0 X138.752 Y82.18
G1 F3000 X119.824 Y152.821 E1973.01401
G0 F9000 X119.824 Y152.59
G0 X126.036 Y152.59
G0 X126.036 Y152.821
G1 F3000 X144.964 Y82.18 E1975.44642
G0 F9000 X144.964 Y82.41
G0 X142.326 Y82.41
G0 X142.326 Y82.18
G1 F3000 X145.268 Y85.122 E1975.5848
G0 F9000 X145.267 Y85.784
G1 F3000 X89.628 Y100.693 E1977.50065
G0 F9000 X89.86 Y100.693
G0 X89.86 Y103.241
G0 X89.627 Y103.241
G1 F3000 X95.271 Y82.179 E1978.22589
G0 F9000 X95.271 Y82.41
G0 X91.415 Y82.41
G0 X91.415 Y82.18
G1 F3000 X145.269 Y136.034 E1980.75901
G0 F9000 X145.268 Y135.477
G1 F3000 X89.628 Y150.386 E1982.67489
G0 F9000 X89.628 Y149.601
G1 F3000 X107.694 Y82.179 E1984.99647
G0 F9000 X108.385 Y82.18
G1 F3000 X154.027 Y127.822 E1987.14333
G0 F9000 X154.027 Y127.59
G0 X157.581 Y127.59
G0 X157.581 Y127.821
G1 F3000 X163.112 Y107.179 E1987.8541
G0 F9000 X163.112 Y107.41
G0 X167.326 Y107.41
G0 X167.326 Y107.18
G1 F3000 X178.268 Y118.121 E1988.36876
G0 F9000 X178.04 Y118.121
G0 X178.04 Y114.212
G0 X178.267 Y114.212
G1 F3000 X89.628 Y137.962 E1991.42089
G0 F9000 X89.86 Y137.962
G0 X89.86 Y139.79
G0 X89.628 Y139.79
G1 F3000 X102.658 Y152.82 E1992.03378
G0 F9000 X102.658 Y152.59
G0 X103.725 Y152.59
G0 X103.725 Y152.82
G1 F3000 X145.268 Y141.689 E1993.46425
G0 F9000 X145.04 Y141.689
G0 X145.04 Y144.519
G0 X145.269 Y144.519
G1 F3000 X89.628 Y88.878 E1996.08143
G0 F9000 X89.628 Y88.269
G1 F3000 X112.354 Y82.18 E1996.86396
G0 F9000 X112.354 Y82.41
G0 X113.906 Y82.41
G0 X113.906 Y82.179
G1 F3000 X94.977 Y152.82 E1999.29638
G0 F9000 X94.172 Y152.82
G1 F3000 X89.628 Y148.275 E1999.51014
G0 F9000 X89.86 Y148.275
G0 X89.86 Y144.174
G0 X89.628 Y144.174
G1 F3000 X145.268 Y129.265 E2001.42602
G0 F9000 X145.04 Y129.265
G0 X145.112 Y127.662
G0 X145.633 Y127.59
G0 X145.633 Y127.913
G1 F3000 X99.9 Y82.18 E2003.57716
G0 F9000 X99.9 Y82.41
G0 X101.482 Y82.41
G0 X101.482 Y82.18
G1 F3000 X89.231 Y127.901 E2005.15149
G0 F9000 X89.231 Y127.59
G0 X86.143 Y127.59
G0 X86.143 Y127.819
G1 F3000 X65.504 Y107.18 E2006.12228
G0 F9000 X65.504 Y107.41
G0 X69.937 Y107.41
G0 X69.937 Y107.179
G1 F3000 X64.406 Y127.82 E2006.83303
G0 F9000 X64.406 Y127.59
G0 X60.687 Y127.59
G0 X60.687 Y127.819
G1 F3000 X56.628 Y123.761 E2007.02393
G0 F9000 X56.86 Y123.761
G0 X56.86 Y121.958
G0 X56.629 Y121.958
G1 F3000 X145.268 Y98.207 E2010.07607
G0 F9000 X145.04 Y98.207
G0 X145.04 Y102.092
G0 X145.268 Y102.092
G1 F3000 X125.356 Y82.18 E2011.01267
G0 F9000 X126.329 Y82.18
G1 F3000 X107.401 Y152.821 E2013.44508
G0 F9000 X107.401 Y152.59
G0 X101.189 Y152.59
G0 X101.189 Y152.82
G1 F3000 X120.117 Y82.18 E2015.87746
G0 F9000 X120.117 Y82.41
G0 X116.871 Y82.41
G0 X116.871 Y82.18
G1 F3000 X162.512 Y127.821 E2018.02427
G0 F9000 X162.512 Y127.59
G0 X163.793 Y127.59
G0 X163.793 Y127.821
G1 F3000 X169.323 Y107.18 E2018.73501
G0 F9000 X169.323 Y107.41
G0 X145.112 Y107.338
G0 X145.04 Y104.226
G0 X145.268 Y104.226
G1 F3000 X132.247 Y152.82 E2020.40827
G0 F9000 X132.247 Y152.29
G1 F1500 E2013.90827
;MESH:wheel(3).stl(1)
G0 F9000 X117.892 Y153.07
G0 X117.892 Y154.165
G0 X117.818 Y154.795
G0 X117.892 Y204.477
;TYPE:WALL-INNER
G1 F1500 E2020.40827
G1 X120.374 Y204.581 E2020.49089
G1 X126.587 Y203.191 E2020.70265
G1 X132.227 Y200.24 E2020.91436
G1 X136.919 Y195.927 E2021.12633
G1 X140.331 Y190.553 E2021.33805
G1 X142.231 Y184.479 E2021.54973
G1 X142.501 Y178.11 E2021.76175
G1 X141.107 Y171.897 E2021.97353
G1 X138.16 Y166.256 E2022.18522
G1 X133.847 Y161.565 E2022.39716
G1 X128.473 Y158.153 E2022.60889
G1 X122.399 Y156.253 E2022.82056
G1 X116.03 Y155.983 E2023.03258
G1 X109.817 Y157.377 E2023.24437
G1 X104.176 Y160.324 E2023.45605
G1 X99.485 Y164.637 E2023.668
G1 X96.073 Y170.011 E2023.87972
G1 X94.169 Y176.085 E2024.09143
G1 X93.903 Y182.454 E2024.30345
G1 X95.293 Y188.667 E2024.5152
G1 X98.244 Y194.307 E2024.72692
G1 X102.557 Y198.999 E2024.93889
G1 X107.931 Y202.411 E2025.15061
G1 X114.005 Y204.315 E2025.36233
G1 X117.892 Y204.477 E2025.49172
G0 F9000 X117.887 Y204.878
;TYPE:WALL-OUTER
G1 F1500 X120.41 Y204.983 E2025.57571
G1 X126.726 Y203.57 E2025.79097
G1 X132.459 Y200.57 E2026.00618
G1 X137.229 Y196.186 E2026.22166
G1 X140.697 Y190.723 E2026.43688
G1 X142.629 Y184.549 E2026.65205
G1 X142.903 Y178.074 E2026.8676
G1 X141.486 Y171.758 E2027.08289
G1 X138.49 Y166.024 E2027.29807
G1 X134.106 Y161.255 E2027.51353
G1 X128.643 Y157.787 E2027.72875
G1 X122.469 Y155.855 E2027.94391
G1 X115.994 Y155.581 E2028.15947
G1 X109.678 Y156.998 E2028.37476
G1 X103.944 Y159.994 E2028.58994
G1 X99.175 Y164.378 E2028.80539
G1 X95.707 Y169.841 E2029.02061
G1 X93.771 Y176.015 E2029.23582
G1 X93.501 Y182.49 E2029.45137
G1 X94.914 Y188.806 E2029.66663
G1 X97.914 Y194.539 E2029.88184
G1 X102.298 Y199.309 E2030.09732
G1 X107.761 Y202.777 E2030.31254
G1 X113.935 Y204.713 E2030.52774
G1 X117.887 Y204.878 E2030.6593
G0 F9000 X117.9 Y204.57
G0 X117.553 Y204.282
G0 X117.489 Y203.388
G0 X117.609 Y203.5
;TYPE:FILL
G1 F3000 X129.274 Y159.964 E2032.15839
G0 F9000 X129.178 Y160.16
G0 X128.254 Y159.712
G0 X128.35 Y159.515
G1 F3000 X98.742 Y167.448 E2033.17789
G0 F9000 X98.393 Y168.159
G1 F3000 X130.266 Y200.032 E2034.6771
G0 F9000 X130.144 Y199.851
G0 X130.992 Y199.275
G0 X131.115 Y199.457
G1 F3000 X139.05 Y169.846 E2035.69672
G0 F9000 X138.608 Y169.189
G1 F3000 X95.07 Y180.856 E2037.19589
G0 F9000 X95.289 Y180.841
G0 X95.363 Y181.864
G0 X95.143 Y181.879
G1 F3000 X116.819 Y203.556 E2038.21548
G0 F9000 X116.837 Y203.337
G0 X111.689 Y202.347
G0 X111.648 Y202.563
G1 F3000 X123.645 Y157.791 E2039.75714
G0 F9000 X123.604 Y158.007
G0 X121.527 Y157.608
G0 X121.568 Y157.393
G1 F3000 X141.139 Y176.964 E2040.6777
G0 F9000 X140.919 Y176.979
G0 X140.565 Y174.892
G0 X140.774 Y174.821
G1 F3000 X96.002 Y186.817 E2042.21935
G0 F9000 X96.211 Y186.746
G0 X96.904 Y188.746
G0 X96.697 Y188.816
G1 F3000 X103.86 Y162.081 E2043.13992
G0 F9000 X103.983 Y162.263
G0 X102.352 Y163.612
G0 X102.187 Y163.468
G1 F3000 X134.962 Y196.243 E2044.68156
G0 F9000 X134.796 Y196.099
G0 X136.181 Y194.498
G0 X136.346 Y194.642
G1 F3000 X109.61 Y201.806 E2045.60217
G0 F9000 X109.706 Y201.61
G0 X106.192 Y199.904
G0 X106.096 Y200.101
G1 F3000 X117.604 Y157.153 E2047.08102
G0 F9000 X117.619 Y157.373
G0 X113.304 Y157.751
G0 X113.233 Y157.543
G1 F3000 X140.812 Y185.122 E2048.37825
G0 F9000 X140.596 Y185.081
G0 X140.168 Y187.308
G0 X140.383 Y187.349
G1 F3000 X102.709 Y197.444 E2049.6755
G0 F9000 X102.853 Y197.279
G0 X101.138 Y195.794
G0 X100.995 Y195.958
G1 F3000 X111.089 Y158.285 E2050.9727
G0 F9000 X111.16 Y158.494
G0 X107.216 Y160.071
G0 X107.094 Y159.89
G1 F3000 X138.536 Y191.331 E2052.45161
G0 F9000 X138.338 Y191.234
G0 X141.2 Y180.875
G0 X141.42 Y180.86
G1 F3000 X98.468 Y192.368 E2053.93059
G0 F9000 X98.65 Y192.245
G0 X96.002 Y174.493
G0 X95.786 Y174.452
G1 F3000 X134.73 Y164.017 E2055.27157
G0 F9000 X134.462 Y163.786
G1 F3000 X124.027 Y202.729 E2056.61251
G0 F9000 X124.361 Y202.612
G1 F3000 X95.853 Y174.104 E2057.95344
G1 F1500 E2051.45344
G0 F9000 X96.068 Y174.145
G0 X117.84 Y203.263
G0 X117.897 Y204.067
;TYPE:SKIN
G1 F1500 E2057.95344
G1 F1185.8 X116.805 Y204.052 E2057.99939
G1 F1273.9 X115.897 Y203.981 E2058.03506
G1 F1117.3 X114.988 Y203.911 E2058.07577
G1 F995 X114.08 Y203.84 E2058.12143
G1 F980.4 X113.236 Y203.601 E2058.16607
G1 F1067.6 X112.393 Y203.363 E2058.207
G1 F1167.3 X111.551 Y203.124 E2058.24441
G1 F1293.1 X110.708 Y202.885 E2058.27822
G1 F1271.2 X109.848 Y202.581 E2058.31402
G1 F1115.2 X108.99 Y202.277 E2058.35474
G1 F996.7 X108.131 Y201.973 E2058.40035
G1 F982 X107.376 Y201.523 E2058.445
G1 F1067.6 X106.621 Y201.072 E2058.4861
G1 F1169.6 X105.866 Y200.622 E2058.52359
G1 F1293.1 X105.111 Y200.172 E2058.5575
G1 F1271.2 X104.363 Y199.658 E2058.59312
G1 F1117.3 X103.614 Y199.144 E2058.63368
G1 F996.7 X102.866 Y198.63 E2058.67911
G1 F985.2 X102.252 Y197.998 E2058.72373
G1 F1071.4 X101.638 Y197.366 E2058.76476
G1 F1174.2 X101.024 Y196.735 E2058.80217
G1 F1298.7 X100.41 Y196.103 E2058.83602
G1 F1276.6 X99.819 Y195.411 E2058.87159
G1 F1121.5 X99.228 Y194.719 E2058.91207
G1 F1000 X98.636 Y194.027 E2058.9575
G1 F985.2 X98.214 Y193.273 E2059.00126
G1 F1071.4 X97.792 Y192.519 E2059.04149
G1 F1171.9 X97.369 Y191.764 E2059.07834
G1 F1295.9 X96.946 Y191.009 E2059.11165
G1 F1271.2 X96.545 Y190.173 E2059.14804
G1 F1115.2 X96.144 Y189.336 E2059.18956
G1 F993.4 X95.742 Y188.498 E2059.23624
G1 F980.4 X95.526 Y187.645 E2059.28102
G1 F1063.8 X95.311 Y186.792 E2059.32227
G1 F1167.3 X95.096 Y185.94 E2059.35983
G1 F1287.6 X94.88 Y185.088 E2059.39389
G1 F1265.8 X94.714 Y184.195 E2059.42969
G1 F1115.2 X94.549 Y183.303 E2059.47027
G1 F993.4 X94.383 Y182.41 E2059.51588
G1 F982 X94.395 Y181.53 E2059.5606
G1 F1067.6 X94.407 Y180.649 E2059.60177
G1 F1169.6 X94.418 Y179.768 E2059.63935
G1 F1293.1 X94.43 Y178.887 E2059.67335
G1 F1271.2 X94.5 Y177.979 E2059.70909
G1 F1115.2 X94.571 Y177.068 E2059.74996
G1 F991.7 X94.641 Y176.158 E2059.79588
G1 F977.2 X94.876 Y175.329 E2059.83987
G1 F1061.9 X95.111 Y174.498 E2059.88044
G1 F1162.8 X95.347 Y173.668 E2059.91746
G1 F1284.8 X95.582 Y172.838 E2059.95096
G1 F1263.2 X95.891 Y171.962 E2059.98765
G1 F1111.1 X96.199 Y171.087 E2060.0293
G1 F991.7 X96.508 Y170.212 E2060.07598
G1 F978.8 X96.952 Y169.467 E2060.12019
G1 F1063.8 X97.396 Y168.722 E2060.16086
G1 F1165 X97.84 Y167.978 E2060.19796
G1 F1287.6 X98.283 Y167.233 E2060.23155
G1 F1265.8 X98.806 Y166.47 E2060.26801
G1 F1113.2 X99.328 Y165.707 E2060.30944
G1 F993.4 X99.851 Y164.945 E2060.35586
G1 F982 X100.482 Y164.331 E2060.40059
G1 F1067.6 X101.114 Y163.716 E2060.4418
G1 F1169.6 X101.747 Y163.101 E2060.47944
G1 F1293.1 X102.379 Y162.486 E2060.51347
G1 F1271.2 X103.07 Y161.896 E2060.54913
G1 F1117.3 X103.761 Y161.305 E2060.58973
G1 F996.7 X104.453 Y160.713 E2060.63531
G1 F983.6 X105.218 Y160.286 E2060.67975
G1 F1069.5 X105.985 Y159.858 E2060.72072
G1 F1171.9 X106.751 Y159.43 E2060.75808
G1 F1295.9 X107.518 Y159.002 E2060.79189
G1 F1273.9 X108.337 Y158.611 E2060.82743
G1 F1119.4 X109.158 Y158.219 E2060.86798
G1 F998.3 X109.978 Y157.828 E2060.91338
G1 F983.6 X110.832 Y157.611 E2060.95807
G1 F1069.5 X111.686 Y157.395 E2060.99916
G1 F1171.9 X112.54 Y157.178 E2061.03668
G1 F1295.9 X113.394 Y156.962 E2061.07059
G1 F1271.2 X114.285 Y156.796 E2061.10616
G1 F1115.2 X115.177 Y156.63 E2061.14675
G1 F995 X116.07 Y156.464 E2061.19229
G1 F980.4 X116.939 Y156.476 E2061.23652
G1 F1065.7 X117.809 Y156.488 E2061.27725
G1 F1167.3 X118.679 Y156.499 E2061.31444
G1 F1290.3 X119.549 Y156.511 E2061.34808
G1 F1265.8 X120.473 Y156.582 E2061.3846
G1 F1115.2 X121.398 Y156.653 E2061.4261
G1 F993.4 X122.322 Y156.724 E2061.47265
G1 F980.4 X123.164 Y156.962 E2061.51717
G1 F1065.7 X124.007 Y157.201 E2061.55819
G1 F1167.3 X124.85 Y157.44 E2061.59564
G1 F1290.3 X125.693 Y157.678 E2061.62951
G1 F1265.8 X126.552 Y157.981 E2061.66541
G1 F1115.2 X127.411 Y158.285 E2061.70617
G1 F993.4 X128.27 Y158.588 E2061.75192
G1 F982 X129.026 Y159.039 E2061.79664
G1 F1067.6 X129.782 Y159.49 E2061.83778
G1 F1169.6 X130.539 Y159.941 E2061.87537
G1 F1293.1 X131.296 Y160.392 E2061.90936
G1 F1271.2 X132.042 Y160.904 E2061.94488
G1 F1119.4 X132.788 Y161.417 E2061.98523
G1 F996.7 X133.534 Y161.929 E2062.03052
G1 F983.6 X134.15 Y162.562 E2062.07532
G1 F1071.4 X134.765 Y163.195 E2062.11641
G1 F1171.9 X135.379 Y163.827 E2062.15393
G1 F1298.7 X135.994 Y164.459 E2062.1878
G1 F1273.9 X136.586 Y165.151 E2062.22347
G1 F1119.4 X137.176 Y165.842 E2062.26396
G1 F998.3 X137.767 Y166.533 E2062.3094
G1 F983.6 X138.189 Y167.289 E2062.35332
G1 F1069.5 X138.612 Y168.046 E2062.39377
G1 F1171.9 X139.035 Y168.803 E2062.43069
G1 F1295.9 X139.458 Y169.56 E2062.46407
G1 F1273.9 X139.855 Y170.392 E2062.50018
G1 F1119.4 X140.254 Y171.225 E2062.54134
G1 F1000 X140.652 Y172.059 E2062.58744
G1 F986.8 X140.869 Y172.913 E2062.63199
G1 F1073.3 X141.086 Y173.768 E2062.67299
G1 F1174.2 X141.304 Y174.622 E2062.71044
G1 F1298.7 X141.521 Y175.477 E2062.74433
G1 F1273.9 X141.688 Y176.368 E2062.77983
G1 F1119.4 X141.854 Y177.258 E2062.82018
G1 F996.7 X142.021 Y178.149 E2062.86556
G1 F983.6 X142.008 Y179.031 E2062.9103
G1 F1071.4 X141.996 Y179.913 E2062.95137
G1 F1174.2 X141.983 Y180.795 E2062.98885
G1 F1301.5 X141.971 Y181.677 E2063.02266
G1 F1279.3 X141.9 Y182.584 E2063.05814
G1 F1121.5 X141.828 Y183.493 E2063.09871
G1 F998.3 X141.757 Y184.401 E2063.14422
G1 F985.2 X141.519 Y185.244 E2063.18858
G1 F1071.4 X141.28 Y186.087 E2063.22938
G1 F1174.2 X141.042 Y186.93 E2063.2666
G1 F1298.7 X140.803 Y187.773 E2063.30026
G1 F1276.6 X140.5 Y188.63 E2063.33578
G1 F1119.4 X140.197 Y189.489 E2063.37638
G1 F996.7 X139.893 Y190.348 E2063.42199
G1 F983.6 X139.442 Y191.106 E2063.46673
G1 F1067.6 X138.99 Y191.862 E2063.50789
G1 F1171.9 X138.539 Y192.619 E2063.5454
G1 F1293.1 X138.088 Y193.376 E2063.5794
G1 F1271.2 X137.576 Y194.122 E2063.61491
G1 F1119.4 X137.063 Y194.867 E2063.65523
G1 F996.7 X136.551 Y195.613 E2063.70052
G1 F985.2 X135.917 Y196.229 E2063.74528
G1 F1071.4 X135.284 Y196.845 E2063.78641
G1 F1174.2 X134.651 Y197.46 E2063.82391
G1 F1298.7 X134.018 Y198.075 E2063.85781
G1 F1279.3 X133.329 Y198.664 E2063.89316
G1 F1123.6 X132.638 Y199.254 E2063.93351
G1 F1001.7 X131.948 Y199.844 E2063.97872
G1 F988.5 X131.194 Y200.266 E2064.02233
G1 F1075.3 X130.44 Y200.689 E2064.06245
G1 F1178.8 X129.685 Y201.112 E2064.09907
G1 F1304.3 X128.931 Y201.535 E2064.13214
G1 F1279.3 X128.092 Y201.936 E2064.16841
G1 F1119.4 X127.255 Y202.338 E2064.20979
G1 F996.7 X126.417 Y202.739 E2064.25629
G1 F982 X125.565 Y202.955 E2064.30095
G1 F1067.6 X124.712 Y203.171 E2064.34207
G1 F1169.6 X123.859 Y203.387 E2064.3796
G1 F1293.1 X123.006 Y203.603 E2064.41355
G1 F1271.2 X122.115 Y203.769 E2064.44912
G1 F1115.2 X121.224 Y203.935 E2064.48967
G1 F996.7 X120.332 Y204.101 E2064.53508
G1 F993.4 X117.897 Y204.067 E2064.65739
G0 F9000 X117.904 Y203.566
G1 F993.4 X120.281 Y203.465 E2064.77687
G1 F996.7 X121.158 Y203.368 E2064.82104
G1 F1115.2 X122.034 Y203.272 E2064.86046
G1 F1271.2 X122.911 Y203.175 E2064.89509
G1 F1293.1 X123.735 Y202.916 E2064.92842
G1 F1169.6 X124.558 Y202.657 E2064.96522
G1 F1067.6 X125.382 Y202.398 E2065.00559
G1 F982 X126.205 Y202.139 E2065.04942
G1 F996.7 X127.032 Y201.817 E2065.09384
G1 F1121.5 X127.858 Y201.495 E2065.13328
G1 F1282.1 X128.685 Y201.173 E2065.16782
G1 F1304.3 X129.412 Y200.71 E2065.20078
G1 F1181.1 X130.138 Y200.248 E2065.23713
G1 F1075.3 X130.864 Y199.785 E2065.27709
G1 F990.1 X131.59 Y199.322 E2065.32047
G1 F1001.7 X132.293 Y198.806 E2065.36391
G1 F1121.5 X132.996 Y198.29 E2065.4027
G1 F1273.9 X133.699 Y197.775 E2065.43683
G1 F1295.9 X134.292 Y197.131 E2065.47053
G1 F1171.9 X134.883 Y196.487 E2065.50775
G1 F1069.5 X135.475 Y195.844 E2065.54852
G1 F983.6 X136.067 Y195.2 E2065.59289
G1 F996.7 X136.616 Y194.515 E2065.63683
G1 F1119.4 X137.167 Y193.828 E2065.67608
G1 F1271.2 X137.717 Y193.142 E2065.71059
G1 F1293.1 X138.118 Y192.374 E2065.74401
G1 F1171.9 X138.518 Y191.607 E2065.78084
G1 F1067.6 X138.918 Y190.84 E2065.82126
G1 F983.6 X139.318 Y190.073 E2065.86514
G1 F996.7 X139.673 Y189.264 E2065.90936
G1 F1119.4 X140.03 Y188.452 E2065.9489
G1 F1276.6 X140.386 Y187.641 E2065.98351
G1 F1298.7 X140.572 Y186.802 E2066.01652
G1 F1174.2 X140.759 Y185.964 E2066.05301
G1 F1071.4 X140.945 Y185.125 E2066.09302
G1 F985.2 X141.132 Y184.287 E2066.1365
G1 F998.3 X141.266 Y183.409 E2066.18088
G1 F1121.5 X141.401 Y182.533 E2066.22031
G1 F1279.3 X141.535 Y181.656 E2066.25491
G1 F1301.5 X141.498 Y180.793 E2066.28802
G1 F1174.2 X141.46 Y179.928 E2066.32481
G1 F1071.4 X141.423 Y179.064 E2066.36508
G1 F983.6 X141.385 Y178.2 E2066.40895
G1 F995 X141.29 Y177.334 E2066.45263
G1 F1115.2 X141.195 Y176.47 E2066.49151
G1 F1268.5 X141.1 Y175.605 E2066.52574
G1 F1290.3 X140.838 Y174.77 E2066.55957
G1 F1169.6 X140.577 Y173.936 E2066.59685
G1 F1071.4 X140.315 Y173.102 E2066.63756
G1 F986.8 X140.053 Y172.268 E2066.68175
G1 F1000 X139.739 Y171.457 E2066.72514
G1 F1119.4 X139.423 Y170.644 E2066.76401
G1 F1273.9 X139.108 Y169.831 E2066.79816
G1 F1295.9 X138.641 Y169.097 E2066.83165
G1 F1171.9 X138.174 Y168.361 E2066.86876
G1 F1069.5 X137.708 Y167.626 E2066.90936
G1 F983.6 X137.241 Y166.89 E2066.95357
G1 F998.3 X136.719 Y166.179 E2066.99765
G1 F1119.4 X136.196 Y165.467 E2067.03702
G1 F1273.9 X135.672 Y164.754 E2067.07168
G1 F1298.7 X135.035 Y164.169 E2067.1049
G1 F1171.9 X134.397 Y163.584 E2067.14175
G1 F1071.4 X133.759 Y162.998 E2067.18209
G1 F983.6 X133.121 Y162.413 E2067.22599
G1 F996.7 X132.435 Y161.864 E2067.26998
G1 F1119.4 X131.749 Y161.313 E2067.30919
G1 F1271.2 X131.062 Y160.763 E2067.34373
G1 F1293.1 X130.295 Y160.363 E2067.3771
G1 F1169.6 X129.528 Y159.964 E2067.41398
G1 F1067.6 X128.762 Y159.565 E2067.45434
G1 F982 X127.996 Y159.165 E2067.49825
G1 F993.4 X127.184 Y158.809 E2067.54278
G1 F1115.2 X126.372 Y158.453 E2067.58244
G1 F1265.8 X125.561 Y158.097 E2067.61735
G1 F1290.3 X124.723 Y157.911 E2067.65054
G1 F1167.3 X123.883 Y157.724 E2067.68732
G1 F1065.7 X123.044 Y157.538 E2067.72755
G1 F980.4 X122.204 Y157.352 E2067.77133
G1 F993.4 X121.342 Y157.219 E2067.81513
G1 F1111.1 X120.478 Y157.087 E2067.85438
G1 F1263.2 X119.614 Y156.954 E2067.8889
G1 F1284.8 X118.74 Y156.991 E2067.92287
G1 F1165 X117.866 Y157.027 E2067.96033
G1 F1063.8 X116.991 Y157.064 E2068.0014
G1 F980.4 X116.117 Y157.1 E2068.04592
G1 F995 X115.241 Y157.197 E2068.09011
G1 F1115.2 X114.364 Y157.293 E2068.12957
G1 F1271.2 X113.486 Y157.39 E2068.16424
G1 F1295.9 X112.663 Y157.649 E2068.19746
G1 F1171.9 X111.839 Y157.909 E2068.23424
G1 F1069.5 X111.014 Y158.168 E2068.27458
G1 F983.6 X110.19 Y158.427 E2068.31839
G1 F998.3 X109.366 Y158.748 E2068.36258
G1 F1119.4 X108.542 Y159.069 E2068.40199
G1 F1273.9 X107.717 Y159.39 E2068.43666
G1 F1295.9 X106.992 Y159.852 E2068.46976
G1 F1171.9 X106.266 Y160.315 E2068.50642
G1 F1069.5 X105.539 Y160.777 E2068.5466
G1 F983.6 X104.813 Y161.24 E2068.59028
G1 F996.7 X104.101 Y161.763 E2068.6345
G1 F1117.3 X103.387 Y162.287 E2068.67404
G1 F1271.2 X102.674 Y162.811 E2068.70877
G1 F1293.1 X102.09 Y163.448 E2068.74211
G1 F1169.6 X101.506 Y164.085 E2068.77898
G1 F1067.6 X100.921 Y164.722 E2068.81939
G1 F982 X100.336 Y165.36 E2068.86337
G1 F993.4 X99.785 Y166.048 E2068.90764
G1 F1115.2 X99.233 Y166.737 E2068.94713
G1 F1265.8 X98.682 Y167.425 E2068.98187
G1 F1287.6 X98.282 Y168.191 E2069.01536
G1 F1167.3 X97.883 Y168.956 E2069.05223
G1 F1063.8 X97.484 Y169.722 E2069.09274
G1 F980.4 X97.086 Y170.487 E2069.13662
G1 F991.7 X96.733 Y171.288 E2069.18065
G1 F1109.1 X96.38 Y172.09 E2069.22007
G1 F1257.9 X96.028 Y172.892 E2069.25481
G1 F1279.3 X95.839 Y173.737 E2069.28858
G1 F1160.5 X95.65 Y174.583 E2069.32584
G1 F1060.1 X95.46 Y175.429 E2069.36665
G1 F977.2 X95.271 Y176.275 E2069.41091
G1 F991.7 X95.138 Y177.142 E2069.45503
G1 F1111.1 X95.004 Y178.008 E2069.49438
G1 F1263.2 X94.871 Y178.875 E2069.52902
G1 F1287.6 X94.908 Y179.746 E2069.5628
G1 F1165 X94.945 Y180.618 E2069.60018
G1 F1065.7 X94.982 Y181.491 E2069.64108
G1 F980.4 X95.019 Y182.363 E2069.6855
G1 F993.4 X95.116 Y183.239 E2069.72976
G1 F1115.2 X95.212 Y184.116 E2069.76923
G1 F1265.8 X95.309 Y184.994 E2069.80404
G1 F1287.6 X95.568 Y185.816 E2069.83744
G1 F1167.3 X95.827 Y186.639 E2069.87431
G1 F1063.8 X96.086 Y187.463 E2069.91482
G1 F980.4 X96.345 Y188.286 E2069.95872
G1 F993.4 X96.661 Y189.102 E2070.00267
G1 F1115.2 X96.979 Y189.919 E2070.04189
G1 F1271.2 X97.296 Y190.737 E2070.07632
G1 F1295.9 X97.762 Y191.469 E2070.10973
G1 F1171.9 X98.228 Y192.203 E2070.14674
G1 F1071.4 X98.694 Y192.936 E2070.18719
G1 F985.2 X99.16 Y193.67 E2070.23121
G1 F998.3 X99.676 Y194.373 E2070.27479
G1 F1119.4 X100.193 Y195.077 E2070.31372
G1 F1273.9 X100.709 Y195.782 E2070.34794
G1 F1295.9 X101.353 Y196.374 E2070.38161
G1 F1171.9 X101.995 Y196.965 E2070.41876
G1 F1069.5 X102.638 Y197.556 E2070.4595
G1 F983.6 X103.28 Y198.146 E2070.50373
G1 F996.7 X103.968 Y198.697 E2070.54785
G1 F1117.3 X104.657 Y199.25 E2070.5873
G1 F1271.2 X105.346 Y199.802 E2070.62195
G1 F1293.1 X106.111 Y200.201 E2070.65524
G1 F1169.6 X106.876 Y200.6 E2070.69204
G1 F1067.6 X107.642 Y200.999 E2070.7324
G1 F982 X108.407 Y201.398 E2070.77624
G1 F995 X109.206 Y201.75 E2070.82001
G1 F1115.2 X110.006 Y202.102 E2070.85911
G1 F1268.5 X110.807 Y202.455 E2070.89354
G1 F1290.3 X111.654 Y202.645 E2070.9271
G1 F1167.3 X112.501 Y202.834 E2070.96419
G1 F1065.7 X113.348 Y203.024 E2071.00483
G1 F980.4 X114.195 Y203.213 E2071.04899
G1 F993.4 X115.06 Y203.346 E2071.09294
G1 F1115.2 X115.925 Y203.48 E2071.1321
G1 F1265.8 X116.791 Y203.613 E2071.16663
G1 F1185.8 X117.904 Y203.566 E2071.2135
G0 F9000 X117.863 Y202.961
G1 F1500 E2064.7135
;MESH:NONMESH
G0 F300 X117.863 Y202.961 Z1
G0 F9000 X119.574 Y157.151
G0 X119.668 Y154.872
G0 X146.603 Y154.153
G0 X179.603 Y129.153
G0 X179.603 Y105.847
G0 X146.603 Y80.847
G0 X119.642 Y79.323
G0 X117.5 Y77.965
;TIME_ELAPSED:2876.072101
;LAYER:4
;TYPE:WALL-INNER
;MESH:wheel(3).stl
G1 F1500 E2071.2135
G1 X119.67 Y78.057 E2071.28574
G1 X125.883 Y76.667 E2071.4975
G1 X131.523 Y73.716 E2071.70921
G1 X136.215 Y69.403 E2071.92118
G1 X139.627 Y64.029 E2072.1329
G1 X141.531 Y57.955 E2072.34462
G1 X141.797 Y51.586 E2072.55664
G1 X140.407 Y45.373 E2072.76839
G1 X137.456 Y39.732 E2072.98013
G1 X133.143 Y35.041 E2073.19208
G1 X127.769 Y31.629 E2073.4038
G1 X121.695 Y29.729 E2073.61548
G1 X115.326 Y29.459 E2073.8275
G1 X109.113 Y30.849 E2074.03926
G1 X103.473 Y33.8 E2074.25097
G1 X98.781 Y38.113 E2074.46294
G1 X95.369 Y43.487 E2074.67466
G1 X93.469 Y49.561 E2074.88634
G1 X93.199 Y55.93 E2075.09836
G1 X94.593 Y62.143 E2075.31015
G1 X97.54 Y67.784 E2075.52183
G1 X101.853 Y72.475 E2075.73377
G1 X107.227 Y75.887 E2075.9455
G1 X113.301 Y77.787 E2076.15717
G1 X117.5 Y77.965 E2076.29696
G0 F9000 X117.5 Y78.366
;TYPE:WALL-OUTER
G1 F1500 X119.706 Y78.459 E2076.37039
G1 X126.022 Y77.046 E2076.58566
G1 X131.755 Y74.046 E2076.80087
G1 X136.525 Y69.662 E2077.01635
G1 X139.993 Y64.199 E2077.23157
G1 X141.929 Y58.025 E2077.44677
G1 X142.199 Y51.55 E2077.66232
G1 X140.786 Y45.234 E2077.87758
G1 X137.786 Y39.5 E2078.09282
G1 X133.402 Y34.731 E2078.30828
G1 X127.939 Y31.263 E2078.5235
G1 X121.765 Y29.331 E2078.73867
G1 X115.29 Y29.057 E2078.95422
G1 X108.974 Y30.47 E2079.16948
G1 X103.241 Y33.47 E2079.38469
G1 X98.471 Y37.854 E2079.60017
G1 X95.003 Y43.317 E2079.81539
G1 X93.071 Y49.491 E2080.03056
G1 X92.797 Y55.966 E2080.24611
G1 X94.214 Y62.282 E2080.4614
G1 X97.21 Y68.016 E2080.67658
G1 X101.594 Y72.785 E2080.89203
G1 X107.057 Y76.253 E2081.10725
G1 X113.231 Y78.185 E2081.32242
G1 X117.5 Y78.366 E2081.46454
G1 F1500 E2074.96454
G0 F9000 X117.513 Y78.059
G0 X116.699 Y77.75
G0 X116.637 Y76.876
G0 X116.755 Y76.989
;TYPE:FILL
G1 F1500 E2081.46454
G1 F3000 X128.441 Y33.376 E2082.96628
G0 F9000 X127.842 Y33.085
G1 F3000 X97.954 Y41.094 E2083.99543
G0 F9000 X97.755 Y41.502
G1 F3000 X129.681 Y73.427 E2085.49711
G0 F9000 X130.233 Y73.054
G1 F3000 X138.242 Y43.162 E2086.52639
G0 F9000 X137.991 Y42.789
G1 F3000 X94.378 Y54.475 E2088.02813
G0 F9000 X94.426 Y55.143
G1 F3000 X116.303 Y77.02 E2089.05716
G0 F9000 X116.288 Y76.802
G0 X110.846 Y75.795
G0 X110.805 Y76.012
G1 F3000 X122.802 Y31.24 E2090.59882
G0 F9000 X122.761 Y31.456
G0 X121.069 Y31.131
G0 X121.11 Y30.915
G1 F3000 X140.42 Y50.226 E2091.50712
G0 F9000 X140.2 Y50.241
G0 X139.91 Y48.502
G0 X140.118 Y48.431
G1 F3000 X95.346 Y60.428 E2093.04878
G0 F9000 X95.555 Y60.357
G0 X96.118 Y61.983
G0 X95.91 Y62.054
G1 F3000 X102.978 Y35.677 E2093.95703
G0 F9000 X103.101 Y35.859
G0 X101.74 Y36.981
G0 X101.575 Y36.837
G1 F3000 X134.351 Y69.613 E2095.49872
G0 F9000 X134.185 Y69.468
G0 X135.313 Y68.165
G0 X135.478 Y68.309
G1 F3000 X109.102 Y75.377 E2096.40694
G0 F9000 X109.198 Y75.18
G0 X105.359 Y73.317
G0 X105.263 Y73.513
G1 F3000 X116.752 Y30.637 E2097.88331
G0 F9000 X116.767 Y30.857
G0 X112.747 Y31.175
G0 X112.676 Y30.967
G1 F3000 X140.14 Y58.431 E2099.17513
G0 F9000 X139.925 Y58.39
G0 X139.436 Y60.939
G0 X139.65 Y60.98
G1 F3000 X102.135 Y71.032 E2100.4669
G0 F9000 X102.279 Y70.867
G0 X100.315 Y69.167
G0 X100.172 Y69.331
G1 F3000 X110.224 Y31.817 E2101.75864
G0 F9000 X110.295 Y32.025
G0 X106.631 Y33.467
G0 X106.509 Y33.286
G1 F3000 X137.897 Y64.673 E2103.23501
G0 F9000 X137.7 Y64.577
G0 X140.507 Y54.495
G0 X140.726 Y54.48
G1 F3000 X97.85 Y65.968 E2104.71137
G0 F9000 X98.032 Y65.845
G0 X95.268 Y48.124
G0 X95.054 Y48.083
G1 F3000 X134.156 Y37.605 E2106.05779
G0 F9000 X133.639 Y37.159
G1 F3000 X123.161 Y76.263 E2107.40428
G0 F9000 X123.806 Y76.038
G1 F3000 X95.181 Y47.413 E2108.75071
G1 F1500 E2102.25071
G0 F9000 X95.397 Y47.454
G0 X117.441 Y76.719
G0 X117.5 Y77.547
;TYPE:SKIN
G1 F1500 E2108.75071
G1 F1209.7 X116.104 Y77.527 E2108.80829
G1 F1276.6 X115.195 Y77.456 E2108.84392
G1 F1119.4 X114.285 Y77.384 E2108.88461
G1 F998.3 X113.376 Y77.313 E2108.93017
G1 F983.6 X112.533 Y77.075 E2108.9746
G1 F1069.5 X111.691 Y76.836 E2109.01543
G1 F1171.9 X110.849 Y76.598 E2109.05268
G1 F1295.9 X110.007 Y76.36 E2109.08637
G1 F1271.2 X109.147 Y76.056 E2109.12217
G1 F1117.3 X108.287 Y75.753 E2109.16288
G1 F996.7 X107.427 Y75.449 E2109.20854
G1 F983.6 X106.67 Y74.998 E2109.25323
G1 F1067.6 X105.914 Y74.546 E2109.29439
G1 F1171.9 X105.157 Y74.095 E2109.33191
G1 F1293.1 X104.4 Y73.644 E2109.3659
G1 F1271.2 X103.654 Y73.132 E2109.40142
G1 F1119.4 X102.908 Y72.619 E2109.44177
G1 F996.7 X102.162 Y72.107 E2109.48706
G1 F983.6 X101.548 Y71.476 E2109.53171
G1 F1071.4 X100.935 Y70.845 E2109.57268
G1 F1171.9 X100.323 Y70.215 E2109.61007
G1 F1298.7 X99.71 Y69.585 E2109.64384
G1 F1273.9 X99.116 Y68.891 E2109.67961
G1 F1119.4 X98.523 Y68.198 E2109.72026
G1 F996.7 X97.931 Y67.505 E2109.76589
G1 F983.6 X97.502 Y66.738 E2109.81046
G1 F1069.5 X97.074 Y65.971 E2109.85144
G1 F1171.9 X96.646 Y65.205 E2109.88879
G1 F1295.9 X96.218 Y64.438 E2109.92261
G1 F1276.6 X95.827 Y63.619 E2109.95807
G1 F1119.4 X95.435 Y62.798 E2109.99862
G1 F1000 X95.044 Y61.978 E2110.04394
G1 F985.2 X94.828 Y61.125 E2110.0885
G1 F1071.4 X94.611 Y60.272 E2110.12949
G1 F1174.2 X94.395 Y59.419 E2110.16687
G1 F1298.7 X94.179 Y58.566 E2110.20068
G1 F1273.9 X94.012 Y57.674 E2110.23622
G1 F1115.2 X93.846 Y56.781 E2110.27685
G1 F993.4 X93.679 Y55.887 E2110.32253
G1 F980.4 X93.691 Y55.018 E2110.36675
G1 F1063.8 X93.703 Y54.149 E2110.40751
G1 F1167.3 X93.715 Y53.28 E2110.44465
G1 F1287.6 X93.727 Y52.411 E2110.47833
G1 F1265.8 X93.798 Y51.486 E2110.51489
G1 F1115.2 X93.87 Y50.56 E2110.55644
G1 F993.4 X93.941 Y49.635 E2110.60304
G1 F980.4 X94.179 Y48.793 E2110.64756
G1 F1065.7 X94.417 Y47.951 E2110.68852
G1 F1167.3 X94.655 Y47.109 E2110.72592
G1 F1290.3 X94.893 Y46.267 E2110.75975
G1 F1265.8 X95.197 Y45.407 E2110.7957
G1 F1113.2 X95.5 Y44.548 E2110.83653
G1 F993.4 X95.804 Y43.689 E2110.88229
G1 F978.8 X96.248 Y42.943 E2110.92654
G1 F1063.8 X96.692 Y42.198 E2110.96721
G1 F1165 X97.136 Y41.454 E2111.00431
G1 F1287.6 X97.579 Y40.709 E2111.0379
G1 F1265.8 X98.102 Y39.946 E2111.07436
G1 F1113.2 X98.624 Y39.183 E2111.11579
G1 F993.4 X99.147 Y38.421 E2111.16221
G1 F980.4 X99.77 Y37.816 E2111.2064
G1 F1067.6 X100.394 Y37.209 E2111.24708
G1 F1167.3 X101.018 Y36.603 E2111.28426
G1 F1293.1 X101.641 Y35.997 E2111.31779
G1 F1271.2 X102.343 Y35.396 E2111.35406
G1 F1119.4 X103.045 Y34.795 E2111.39524
G1 F1000 X103.748 Y34.193 E2111.44142
G1 F986.8 X104.503 Y33.77 E2111.48517
G1 F1071.4 X105.259 Y33.347 E2111.52551
G1 F1171.9 X106.014 Y32.923 E2111.56237
G1 F1293.1 X106.77 Y32.5 E2111.5958
G1 F1268.5 X107.605 Y32.1 E2111.63221
G1 F1115.2 X108.442 Y31.699 E2111.67373
G1 F993.4 X109.279 Y31.298 E2111.72034
G1 F980.4 X110.131 Y31.082 E2111.76507
G1 F1063.8 X110.984 Y30.867 E2111.80632
G1 F1167.3 X111.836 Y30.652 E2111.84388
G1 F1287.6 X112.688 Y30.436 E2111.87794
G1 F1268.5 X113.581 Y30.27 E2111.91366
G1 F1115.2 X114.473 Y30.105 E2111.95424
G1 F995 X115.366 Y29.939 E2111.99978
G1 F983.6 X116.233 Y29.951 E2112.04376
G1 F1067.6 X117.101 Y29.962 E2112.08433
G1 F1171.9 X117.969 Y29.974 E2112.12128
G1 F1293.1 X118.837 Y29.986 E2112.15478
G1 F1271.2 X119.763 Y30.057 E2112.19123
G1 F1115.2 X120.69 Y30.129 E2112.23282
G1 F995 X121.616 Y30.2 E2112.27939
G1 F980.4 X122.462 Y30.439 E2112.32412
G1 F1065.7 X123.306 Y30.678 E2112.36519
G1 F1165 X124.151 Y30.917 E2112.40279
G1 F1287.6 X124.996 Y31.157 E2112.43683
G1 F1265.8 X125.851 Y31.459 E2112.47257
G1 F1111.1 X126.708 Y31.762 E2112.51338
G1 F993.4 X127.565 Y32.064 E2112.55902
G1 F980.4 X128.321 Y32.515 E2112.60381
G1 F1065.7 X129.078 Y32.966 E2112.64506
G1 F1169.6 X129.834 Y33.417 E2112.68261
G1 F1293.1 X130.591 Y33.867 E2112.71659
G1 F1271.2 X131.338 Y34.38 E2112.75216
G1 F1117.3 X132.083 Y34.893 E2112.79255
G1 F996.7 X132.829 Y35.405 E2112.83784
G1 F983.6 X133.445 Y36.039 E2112.88267
G1 F1069.5 X134.061 Y36.672 E2112.92387
G1 F1174.2 X134.676 Y37.305 E2112.96137
G1 F1298.7 X135.291 Y37.938 E2112.99528
G1 F1276.6 X135.88 Y38.627 E2113.0307
G1 F1123.6 X136.469 Y39.318 E2113.07102
G1 F1000 X137.059 Y40.008 E2113.11631
G1 F986.8 X137.489 Y40.775 E2113.16077
G1 F1073.3 X137.918 Y41.542 E2113.20161
G1 F1176.5 X138.348 Y42.309 E2113.2389
G1 F1301.5 X138.777 Y43.076 E2113.27259
G1 F1276.6 X139.17 Y43.896 E2113.30813
G1 F1119.4 X139.562 Y44.717 E2113.34867
G1 F996.7 X139.955 Y45.538 E2113.39424
G1 F983.6 X140.171 Y46.391 E2113.43887
G1 F1069.5 X140.387 Y47.244 E2113.47991
G1 F1171.9 X140.603 Y48.097 E2113.51738
G1 F1295.9 X140.819 Y48.95 E2113.55125
G1 F1273.9 X140.985 Y49.841 E2113.58675
G1 F1119.4 X141.151 Y50.732 E2113.62714
G1 F996.7 X141.317 Y51.624 E2113.67256
G1 F983.6 X141.305 Y52.507 E2113.71735
G1 F1069.5 X141.293 Y53.389 E2113.7585
G1 F1174.2 X141.281 Y54.271 E2113.79598
G1 F1298.7 X141.269 Y55.153 E2113.82986
G1 F1276.6 X141.198 Y56.059 E2113.86538
G1 F1119.4 X141.127 Y56.968 E2113.90601
G1 F995 X141.056 Y57.876 E2113.95168
G1 F982 X140.817 Y58.72 E2113.99624
G1 F1067.6 X140.579 Y59.563 E2114.03718
G1 F1169.6 X140.34 Y60.405 E2114.07451
G1 F1293.1 X140.101 Y61.248 E2114.10832
G1 F1271.2 X139.797 Y62.108 E2114.14412
G1 F1119.4 X139.493 Y62.966 E2114.18469
G1 F996.7 X139.189 Y63.825 E2114.2303
G1 F983.6 X138.744 Y64.571 E2114.27436
G1 F1071.4 X138.299 Y65.318 E2114.31485
G1 F1171.9 X137.855 Y66.064 E2114.3518
G1 F1298.7 X137.41 Y66.811 E2114.38521
G1 F1276.6 X136.89 Y67.569 E2114.42113
G1 F1119.4 X136.369 Y68.33 E2114.46223
G1 F1000 X135.848 Y69.09 E2114.5082
G1 F986.8 X135.214 Y69.706 E2114.55289
G1 F1073.3 X134.582 Y70.32 E2114.59385
G1 F1178.8 X133.949 Y70.935 E2114.6312
G1 F1304.3 X133.317 Y71.549 E2114.66491
G1 F1282.1 X132.627 Y72.139 E2114.70024
G1 F1125.7 X131.936 Y72.729 E2114.74051
G1 F1003.3 X131.245 Y73.32 E2114.78572
G1 F988.5 X130.49 Y73.743 E2114.8294
G1 F1075.3 X129.736 Y74.166 E2114.86951
G1 F1178.8 X128.981 Y74.588 E2114.90612
G1 F1304.3 X128.226 Y75.011 E2114.93922
G1 F1279.3 X127.388 Y75.412 E2114.97545
G1 F1119.4 X126.551 Y75.814 E2115.01683
G1 F996.7 X125.713 Y76.215 E2115.06333
G1 F982 X124.861 Y76.431 E2115.10799
G1 F1067.6 X124.008 Y76.647 E2115.14911
G1 F1169.6 X123.155 Y76.863 E2115.18664
G1 F1293.1 X122.302 Y77.079 E2115.22059
G1 F1271.2 X121.411 Y77.245 E2115.25616
G1 F1115.2 X120.52 Y77.411 E2115.29671
G1 F996.7 X119.628 Y77.577 E2115.34212
G1 F1006.7 X117.5 Y77.547 E2115.44759
G0 F9000 X117.5 Y77.029
G1 F1008.4 X119.577 Y76.941 E2115.55044
G1 F996.7 X120.454 Y76.844 E2115.59461
G1 F1115.2 X121.33 Y76.748 E2115.63403
G1 F1271.2 X122.207 Y76.651 E2115.66866
G1 F1293.1 X123.031 Y76.392 E2115.70199
G1 F1169.6 X123.854 Y76.133 E2115.73879
G1 F1067.6 X124.678 Y75.874 E2115.77915
G1 F982 X125.501 Y75.615 E2115.82299
G1 F996.7 X126.328 Y75.293 E2115.86741
G1 F1121.5 X127.154 Y74.971 E2115.90685
G1 F1282.1 X127.981 Y74.649 E2115.94139
G1 F1304.3 X128.708 Y74.186 E2115.97435
G1 F1181.1 X129.434 Y73.724 E2116.0107
G1 F1075.3 X130.161 Y73.261 E2116.05069
G1 F990.1 X130.887 Y72.798 E2116.09408
G1 F1003.3 X131.598 Y72.276 E2116.13794
G1 F1125.7 X132.311 Y71.752 E2116.17716
G1 F1282.1 X133.023 Y71.229 E2116.21153
G1 F1304.3 X133.609 Y70.591 E2116.24467
G1 F1178.8 X134.194 Y69.954 E2116.28127
G1 F1073.3 X134.779 Y69.316 E2116.32151
G1 F986.8 X135.364 Y68.679 E2116.36523
G1 F1000 X135.919 Y67.985 E2116.40957
G1 F1119.4 X136.475 Y67.29 E2116.44923
G1 F1276.6 X137.03 Y66.596 E2116.48396
G1 F1298.7 X137.426 Y65.835 E2116.51692
G1 F1171.9 X137.822 Y65.074 E2116.55344
G1 F1071.4 X138.218 Y64.312 E2116.59343
G1 F983.6 X138.614 Y63.551 E2116.63694
G1 F996.7 X138.966 Y62.75 E2116.68073
G1 F1115.2 X139.319 Y61.949 E2116.71989
G1 F1265.8 X139.671 Y61.148 E2116.75438
G1 F1287.6 X139.861 Y60.302 E2116.78797
G1 F1165 X140.05 Y59.455 E2116.82514
G1 F1065.7 X140.24 Y58.608 E2116.86577
G1 F980.4 X140.429 Y57.761 E2116.90993
G1 F995 X140.562 Y56.896 E2116.95382
G1 F1115.2 X140.696 Y56.031 E2116.99297
G1 F1271.2 X140.829 Y55.165 E2117.02736
G1 F1293.1 X140.792 Y54.293 E2117.06103
G1 F1171.9 X140.755 Y53.42 E2117.09823
G1 F1067.6 X140.718 Y52.546 E2117.13911
G1 F983.6 X140.681 Y51.673 E2117.18343
G1 F996.7 X140.584 Y50.798 E2117.2275
G1 F1119.4 X140.488 Y49.922 E2117.26677
G1 F1273.9 X140.391 Y49.045 E2117.30133
G1 F1295.9 X140.132 Y48.221 E2117.33458
G1 F1171.9 X139.873 Y47.398 E2117.37132
G1 F1069.5 X139.614 Y46.574 E2117.41161
G1 F983.6 X139.355 Y45.751 E2117.45537
G1 F996.7 X139.033 Y44.927 E2117.49965
G1 F1119.4 X138.712 Y44.102 E2117.53911
G1 F1276.6 X138.39 Y43.278 E2117.57368
G1 F1301.5 X137.926 Y42.55 E2117.60677
G1 F1176.5 X137.463 Y41.822 E2117.64336
G1 F1073.3 X136.999 Y41.094 E2117.68349
G1 F986.8 X136.535 Y40.366 E2117.72713
G1 F1000 X136.021 Y39.664 E2117.77054
G1 F1119.4 X135.505 Y38.96 E2117.80944
G1 F1273.9 X134.99 Y38.257 E2117.84357
G1 F1293.1 X134.347 Y37.665 E2117.87729
G1 F1171.9 X133.704 Y37.074 E2117.91447
G1 F1067.6 X133.06 Y36.482 E2117.95535
G1 F983.6 X132.417 Y35.89 E2117.99968
G1 F996.7 X131.731 Y35.34 E2118.04369
G1 F1117.3 X131.044 Y34.789 E2118.08302
G1 F1271.2 X130.358 Y34.239 E2118.11753
G1 F1293.1 X129.59 Y33.839 E2118.15093
G1 F1169.6 X128.823 Y33.439 E2118.18783
G1 F1065.7 X128.055 Y33.04 E2118.22835
G1 F980.4 X127.288 Y32.64 E2118.27237
G1 F991.7 X126.491 Y32.29 E2118.31616
G1 F1109.1 X125.691 Y31.939 E2118.35546
G1 F1257.9 X124.892 Y31.588 E2118.39007
G1 F1279.3 X124.045 Y31.398 E2118.42392
G1 F1160.5 X123.197 Y31.208 E2118.46128
G1 F1063.8 X122.349 Y31.018 E2118.50204
G1 F980.4 X121.501 Y30.828 E2118.54626
G1 F993.4 X120.635 Y30.694 E2118.59027
G1 F1115.2 X119.769 Y30.561 E2118.62946
G1 F1265.8 X118.902 Y30.427 E2118.66404
G1 F1290.3 X118.03 Y30.464 E2118.69779
G1 F1167.3 X117.158 Y30.501 E2118.73509
G1 F1067.6 X116.285 Y30.538 E2118.77592
G1 F982 X115.413 Y30.575 E2118.82026
G1 F995 X114.537 Y30.672 E2118.86445
G1 F1115.2 X113.66 Y30.768 E2118.90392
G1 F1268.5 X112.782 Y30.865 E2118.93866
G1 F1287.6 X111.961 Y31.124 E2118.97202
G1 F1167.3 X111.138 Y31.382 E2119.00888
G1 F1063.8 X110.316 Y31.641 E2119.0493
G1 F980.4 X109.494 Y31.9 E2119.09316
G1 F993.4 X108.677 Y32.217 E2119.13717
G1 F1115.2 X107.86 Y32.535 E2119.17639
G1 F1268.5 X107.044 Y32.852 E2119.21082
G1 F1293.1 X106.31 Y33.318 E2119.24436
G1 F1171.9 X105.575 Y33.785 E2119.28144
G1 F1071.4 X104.841 Y34.251 E2119.32192
G1 F986.8 X104.106 Y34.717 E2119.36592
G1 F1000 X103.404 Y35.232 E2119.40935
G1 F1119.4 X102.7 Y35.749 E2119.44828
G1 F1268.5 X101.996 Y36.265 E2119.48261
G1 F1290.3 X101.405 Y36.908 E2119.51638
G1 F1167.3 X100.814 Y37.55 E2119.55367
G1 F1065.7 X100.224 Y38.193 E2119.59453
G1 F980.4 X99.633 Y38.835 E2119.63893
G1 F993.4 X99.081 Y39.524 E2119.68327
G1 F1115.2 X98.529 Y40.213 E2119.72277
G1 F1265.8 X97.978 Y40.901 E2119.75751
G1 F1287.6 X97.578 Y41.667 E2119.79099
G1 F1167.3 X97.179 Y42.432 E2119.82787
G1 F1063.8 X96.78 Y43.198 E2119.86837
G1 F980.4 X96.382 Y43.963 E2119.91225
G1 F993.4 X96.026 Y44.774 E2119.95674
G1 F1113.2 X95.669 Y45.587 E2119.99653
G1 F1265.8 X95.313 Y46.399 E2120.03147
G1 F1290.3 X95.127 Y47.236 E2120.06463
G1 F1167.3 X94.941 Y48.075 E2120.10136
G1 F1065.7 X94.755 Y48.913 E2120.14154
G1 F980.4 X94.569 Y49.752 E2120.18527
G1 F993.4 X94.436 Y50.615 E2120.22913
G1 F1111.1 X94.303 Y51.48 E2120.26842
G1 F1263.2 X94.17 Y52.345 E2120.30299
G1 F1284.8 X94.207 Y53.219 E2120.33696
G1 F1162.8 X94.243 Y54.092 E2120.37444
G1 F1063.8 X94.28 Y54.966 E2120.41547
G1 F978.8 X94.316 Y55.839 E2120.46001
G1 F993.4 X94.411 Y56.705 E2120.50376
G1 F1115.2 X94.505 Y57.573 E2120.54282
G1 F1268.5 X94.6 Y58.441 E2120.57716
G1 F1293.1 X94.861 Y59.271 E2120.61073
G1 F1171.9 X95.121 Y60.102 E2120.6478
G1 F1069.5 X95.382 Y60.933 E2120.68843
G1 F985.2 X95.643 Y61.764 E2120.73253
G1 F1000 X95.964 Y62.59 E2120.77675
G1 F1119.4 X96.285 Y63.414 E2120.81616
G1 F1276.6 X96.606 Y64.239 E2120.85076
G1 F1295.9 X97.068 Y64.964 E2120.88385
G1 F1171.9 X97.53 Y65.69 E2120.92049
G1 F1069.5 X97.993 Y66.417 E2120.96069
G1 F983.6 X98.455 Y67.143 E2121.00434
G1 F996.7 X98.981 Y67.859 E2121.04881
G1 F1119.4 X99.506 Y68.574 E2121.08835
G1 F1273.9 X100.032 Y69.29 E2121.12314
G1 F1298.7 X100.667 Y69.872 E2121.15623
G1 F1171.9 X101.303 Y70.456 E2121.19299
G1 F1071.4 X101.939 Y71.039 E2121.23317
G1 F983.6 X102.575 Y71.623 E2121.27696
G1 F996.7 X103.261 Y72.172 E2121.32094
G1 F1119.4 X103.947 Y72.723 E2121.36016
G1 F1271.2 X104.634 Y73.273 E2121.3947
G1 F1293.1 X105.401 Y73.673 E2121.42807
G1 F1171.9 X106.168 Y74.073 E2121.4649
G1 F1067.6 X106.934 Y74.472 E2121.50526
G1 F983.6 X107.7 Y74.872 E2121.54909
G1 F996.7 X108.513 Y75.229 E2121.59354
G1 F1117.3 X109.325 Y75.585 E2121.63313
G1 F1271.2 X110.137 Y75.942 E2121.66794
G1 F1295.9 X110.976 Y76.128 E2121.70102
G1 F1171.9 X111.815 Y76.315 E2121.73762
G1 F1069.5 X112.653 Y76.501 E2121.77766
G1 F983.6 X113.492 Y76.687 E2121.82125
G1 F996.7 X114.357 Y76.821 E2121.86507
G1 F1117.3 X115.223 Y76.954 E2121.90419
G1 F1271.2 X116.09 Y77.088 E2121.93862
G1 F1204.8 X117.5 Y77.029 E2121.99706
G0 F9000 X117.458 Y76.417
G1 F1500 E2115.49706
;MESH:MotorCar(1).stl
G0 F9000 X116.132 Y76.894
G0 X116.037 Y79.171
G0 X116.132 Y80.835
G0 X116.132 Y81.93
G0 X117.465 Y152.59
G0 X117.465 Y152.9
;TYPE:WALL-INNER
G1 F1500 E2121.99706
G1 X145.348 Y152.9 E2122.92445
G1 X145.35 Y128.44 E2123.73799
G1 X145.406 Y128.24 E2123.7449
G1 X145.597 Y128.012 E2123.75479
G1 X145.904 Y127.901 E2123.76565
G1 X178.348 Y127.9 E2124.84474
G1 X178.348 Y107.1 E2125.53655
G1 X145.895 Y107.098 E2126.61594
G1 X145.621 Y107.004 E2126.62558
G1 X145.494 Y106.894 E2126.63117
G1 X145.388 Y106.717 E2126.63803
G1 X145.35 Y106.56 E2126.6434
G1 X145.348 Y82.1 E2127.45694
G1 X89.548 Y82.1 E2129.31286
G1 X89.546 Y106.56 E2130.1264
G1 X89.49 Y106.76 E2130.13331
G1 X89.275 Y107.004 E2130.14413
G1 X88.992 Y107.099 E2130.15406
G1 X56.548 Y107.1 E2131.23315
G1 X56.548 Y127.9 E2131.92496
G1 X89.001 Y127.902 E2133.00435
G1 X89.275 Y127.996 E2133.01398
G1 X89.402 Y128.106 E2133.01957
G1 X89.508 Y128.283 E2133.02643
G1 X89.546 Y128.44 E2133.03181
G1 X89.548 Y152.9 E2133.84535
G1 X117.465 Y152.9 E2134.77387
G0 F9000 X117.465 Y153.3
;TYPE:WALL-OUTER
G1 F1500 X145.748 Y153.3 E2135.71457
G1 X145.756 Y128.44 E2136.54142
G1 X145.906 Y128.3 E2136.54824
G1 X178.748 Y128.3 E2137.64057
G1 X178.748 Y106.7 E2138.35899
G1 X145.93 Y106.7 E2139.45052
G1 X145.796 Y106.632 E2139.45552
G1 X145.748 Y106.52 E2139.45957
G1 X145.748 Y81.7 E2140.28509
G1 X89.148 Y81.7 E2142.16761
G1 X89.14 Y106.56 E2142.99446
G1 X88.99 Y106.7 E2143.00128
G1 X56.148 Y106.7 E2144.09361
G1 X56.148 Y128.3 E2144.81203
G1 X88.966 Y128.3 E2145.90356
G1 X89.1 Y128.368 E2145.90856
G1 X89.148 Y128.48 E2145.91261
G1 X89.148 Y153.3 E2146.73813
G1 X117.465 Y153.3 E2147.67996
G0 F9000 X117.465 Y152.59
G0 X119.677 Y152.59
G0 X119.677 Y152.821
;TYPE:FILL
G1 F3000 X138.605 Y82.18 E2150.11237
G0 F9000 X138.605 Y82.41
G0 X136.085 Y82.41
G0 X136.085 Y82.18
G1 F3000 X89.628 Y94.628 E2151.71204
G0 F9000 X89.86 Y94.628
G0 X89.86 Y97.162
G0 X89.627 Y97.162
G1 F3000 X145.269 Y152.804 E2154.32927
G0 F9000 X144.524 Y152.821
G1 F3000 X145.268 Y150.043 E2154.42492
G0 F9000 X145.04 Y150.043
G0 X145.04 Y148.048
G0 X145.267 Y148.048
G1 F3000 X127.456 Y152.82 E2155.03821
G0 F9000 X128.314 Y152.82
G1 F3000 X82.674 Y107.179 E2157.185
G0 F9000 X82.214 Y107.178
G1 F3000 X76.683 Y127.82 E2157.89577
G0 F9000 X76.683 Y127.59
G0 X77.858 Y127.59
G0 X77.858 Y127.819
G1 F3000 X57.219 Y107.18 E2158.86657
G1 X57.367 Y107.18
G1 X56.628 Y109.934 E2158.96141
G0 F9000 X56.628 Y109.682
G1 F3000 X65.969 Y107.179 E2159.28305
G0 F9000 X65.704 Y107.18
G1 F3000 X86.343 Y127.819 E2160.25385
G0 F9000 X86.343 Y127.59
G0 X89.099 Y127.59
G0 X89.099 Y127.845
G1 F3000 X101.335 Y82.18 E2161.82625
G0 F9000 X101.335 Y82.41
G0 X100.101 Y82.41
G0 X100.101 Y82.18
G1 F3000 X145.774 Y127.853 E2163.97457
G0 F9000 X145.774 Y127.59
G0 X145.112 Y127.662
G0 X145.04 Y129.412
G0 X145.268 Y129.412
G1 F3000 X89.628 Y144.321 E2165.89045
G0 F9000 X89.86 Y144.321
G0 X89.86 Y148.075
G0 X89.628 Y148.075
G1 F3000 X94.373 Y152.82 E2166.11364
G0 F9000 X94.831 Y152.82
G1 F3000 X113.759 Y82.179 E2168.54605
G0 F9000 X112.903 Y82.18
G1 F3000 X89.628 Y88.416 E2169.34748
G0 F9000 X89.628 Y88.678
G1 F3000 X145.269 Y144.318 E2171.96464
G0 F9000 X145.04 Y144.318
G0 X145.04 Y141.836
G0 X145.268 Y141.836
G1 F3000 X104.274 Y152.82 E2173.3762
G0 F9000 X104.274 Y152.59
G0 X102.859 Y152.59
G0 X102.859 Y152.82
G1 F3000 X89.628 Y139.589 E2173.99855
G0 F9000 X89.86 Y139.589
G0 X89.86 Y138.109
G0 X89.628 Y138.109
G1 F3000 X178.268 Y114.359 E2177.05072
G0 F9000 X178.04 Y114.359
G0 X178.04 Y117.921
G0 X178.268 Y117.921
G1 F3000 X167.527 Y107.18 E2177.55594
G0 F9000 X167.527 Y107.41
G0 X169.176 Y107.41
G0 X169.176 Y107.18
G1 F3000 X163.646 Y127.821 E2178.26667
G0 F9000 X162.712 Y127.821
G1 F3000 X117.071 Y82.18 E2180.41349
G0 F9000 X117.071 Y82.41
G0 X119.97 Y82.41
G0 X119.97 Y82.18
G1 F3000 X101.042 Y152.82 E2182.84586
G0 F9000 X101.042 Y152.59
G0 X107.254 Y152.59
G0 X107.254 Y152.821
G1 F3000 X126.182 Y82.179 E2185.27831
G0 F9000 X125.557 Y82.18
G1 F3000 X145.268 Y101.891 E2186.20545
G0 F9000 X145.04 Y101.891
G0 X145.04 Y103.677
G0 X145.268 Y103.677
G1 F3000 X132.1 Y152.82 E2187.89761
G0 F9000 X132.1 Y152.59
G0 X136.8 Y152.59
G0 X136.8 Y152.82
G1 F3000 X89.626 Y105.647 E2190.11651
G0 F9000 X89.86 Y105.647
G0 X89.788 Y107.338
G0 X88.425 Y107.41
G0 X88.425 Y107.178
G1 F3000 X82.894 Y127.82 E2190.82729
G0 F9000 X82.894 Y127.59
G0 X81.664 Y127.59
G0 X81.664 Y127.82
G1 F3000 X158.696 Y107.18 E2193.47976
G0 F9000 X159.042 Y107.18
G1 F3000 X178.268 Y126.406 E2194.38409
G0 F9000 X178.267 Y126.782
G1 F3000 X174.391 Y127.821 E2194.51756
G0 F9000 X174.391 Y127.59
G0 X176.069 Y127.59
G0 X176.069 Y127.82
G1 F3000 X178.268 Y119.614 E2194.80012
G0 F9000 X178.267 Y120.57
G1 F3000 X151.204 Y127.822 E2195.73199
G1 X151.222 Y127.822
G1 X156.753 Y107.18 E2196.44277
G0 F9000 X156.753 Y107.41
G0 X150.556 Y107.41
G0 X150.556 Y107.18
G1 F3000 X171.197 Y127.82 E2197.41363
G0 F9000 X171.197 Y127.59
G0 X169.857 Y127.59
G0 X169.857 Y127.821
G1 F3000 X175.388 Y107.18 E2198.12438
G0 F9000 X176.012 Y107.18
G1 F3000 X178.268 Y109.435 E2198.23047
G0 F9000 X178.04 Y109.435
G0 X178.04 Y108.147
G0 X178.267 Y108.147
G1 F3000 X89.629 Y131.898 E2201.28258
G0 F9000 X89.628 Y131.104
G1 F3000 X111.344 Y152.82 E2202.30404
G0 F9000 X111.344 Y152.59
G0 X113.465 Y152.59
G0 X113.465 Y152.82
G1 F3000 X132.393 Y82.18 E2204.73642
G0 F9000 X132.393 Y82.41
G0 X134.042 Y82.41
G0 X134.042 Y82.18
G1 F3000 X145.268 Y93.406 E2205.26445
G0 F9000 X145.04 Y93.406
G0 X145.04 Y92.143
G0 X145.267 Y92.143
G1 F3000 X56.628 Y115.894 E2208.3166
G0 F9000 X56.628 Y115.075
G1 F3000 X69.373 Y127.819 E2208.91606
G0 F9000 X69.373 Y127.59
G0 X70.471 Y127.59
G0 X70.471 Y127.821
G1 F3000 X76.002 Y107.179 E2209.62684
G0 F9000 X76.002 Y107.41
G0 X74.189 Y107.41
G0 X74.189 Y107.18
G1 F3000 X119.829 Y152.82 E2211.7736
G0 F9000 X119.829 Y152.59
G0 X125.889 Y152.59
G0 X125.889 Y152.821
G1 F3000 X144.817 Y82.18 E2214.20601
G0 F9000 X144.817 Y82.41
G0 X142.527 Y82.41
G0 X142.527 Y82.18
G1 F3000 X145.268 Y84.921 E2214.33494
G0 F9000 X145.04 Y84.921
G0 X145.04 Y85.931
G0 X145.267 Y85.931
G1 F3000 X89.628 Y100.84 E2216.25079
G0 F9000 X89.86 Y100.84
G0 X89.86 Y102.692
G0 X89.627 Y102.692
G1 F3000 X95.124 Y82.179 E2216.95712
G0 F9000 X95.124 Y82.41
G0 X91.616 Y82.41
G0 X91.616 Y82.18
G1 F3000 X145.269 Y135.833 E2219.4808
G0 F9000 X145.268 Y135.624
G1 F3000 X89.628 Y150.533 E2221.39667
G0 F9000 X89.86 Y150.533
G0 X89.86 Y149.052
G0 X89.628 Y149.052
G1 F3000 X107.547 Y82.179 E2223.69934
G0 F9000 X107.547 Y82.41
G0 X108.586 Y82.41
G0 X108.586 Y82.18
G1 F3000 X154.228 Y127.822 E2225.8462
G0 F9000 X154.228 Y127.59
G0 X157.434 Y127.59
G0 X157.434 Y127.821
G1 F3000 X162.965 Y107.179 E2226.55698
G0 F9000 X162.965 Y107.41
G0 X150.541 Y107.41
G0 X150.541 Y107.18
G1 F3000 X138.312 Y152.821 E2228.12855
G1 F1500 E2221.62855
G0 F9000 X138.312 Y152.59
G0 X145.04 Y104.566
G0 X145.268 Y104.566
G1 F1500 E2228.12855
G1 F3000 X58.482 Y127.82 E2231.11689
G0 F9000 X58.048 Y127.82
G1 F3000 X63.578 Y107.179 E2231.82762
G0 F9000 X63.578 Y107.41
G0 X69.79 Y107.41
G0 X69.79 Y107.179
G1 F3000 X64.259 Y127.82 E2232.53836
G0 F9000 X64.259 Y127.59
G0 X60.888 Y127.59
G0 X60.888 Y127.819
G1 F3000 X56.628 Y123.56 E2232.73872
G0 F9000 X56.86 Y123.56
G0 X56.86 Y122.105
G0 X56.629 Y122.105
G1 F3000 X145.268 Y98.354 E2235.79087
G1 F1500 E2229.29087
G0 F9000 X145.04 Y98.354
G0 X89.83 Y82.38
G0 X89.721 Y82.18
G1 F1500 E2235.79087
G1 F3000 X89.628 Y82.205 E2235.79407
G0 F9000 X90.16 Y82.592
G1 F1500 E2229.29407
;MESH:wheel(3).stl(1)
G0 F9000 X117.892 Y153.07
G0 X117.892 Y154.165
G0 X117.818 Y154.795
G0 X117.892 Y204.477
;TYPE:WALL-INNER
G1 F1500 E2235.79407
G1 X120.374 Y204.581 E2235.87669
G1 X126.587 Y203.191 E2236.08845
G1 X132.227 Y200.24 E2236.30016
G1 X136.919 Y195.927 E2236.51213
G1 X140.331 Y190.553 E2236.72385
G1 X142.231 Y184.479 E2236.93553
G1 X142.501 Y178.11 E2237.14755
G1 X141.107 Y171.897 E2237.35934
G1 X138.16 Y166.256 E2237.57102
G1 X133.847 Y161.565 E2237.78296
G1 X128.473 Y158.153 E2237.99469
G1 X122.399 Y156.253 E2238.20636
G1 X116.03 Y155.983 E2238.41839
G1 X109.817 Y157.377 E2238.63017
G1 X104.176 Y160.324 E2238.84185
G1 X99.485 Y164.637 E2239.0538
G1 X96.073 Y170.011 E2239.26552
G1 X94.169 Y176.085 E2239.47723
G1 X93.903 Y182.454 E2239.68925
G1 X95.293 Y188.667 E2239.90101
G1 X98.244 Y194.307 E2240.11272
G1 X102.557 Y198.999 E2240.32469
G1 X107.931 Y202.411 E2240.53641
G1 X114.005 Y204.315 E2240.74813
G1 X117.892 Y204.477 E2240.87752
G0 F9000 X117.887 Y204.878
;TYPE:WALL-OUTER
G1 F1500 X120.41 Y204.983 E2240.96151
G1 X126.726 Y203.57 E2241.17677
G1 X132.459 Y200.57 E2241.39198
G1 X137.229 Y196.186 E2241.60746
G1 X140.697 Y190.723 E2241.82268
G1 X142.629 Y184.549 E2242.03785
G1 X142.903 Y178.074 E2242.2534
G1 X141.486 Y171.758 E2242.4687
G1 X138.49 Y166.024 E2242.68387
G1 X134.106 Y161.255 E2242.89933
G1 X128.643 Y157.787 E2243.11455
G1 X122.469 Y155.855 E2243.32971
G1 X115.994 Y155.581 E2243.54527
G1 X109.678 Y156.998 E2243.76056
G1 X103.944 Y159.994 E2243.97574
G1 X99.175 Y164.378 E2244.19119
G1 X95.707 Y169.841 E2244.40641
G1 X93.771 Y176.015 E2244.62162
G1 X93.501 Y182.49 E2244.83717
G1 X94.914 Y188.806 E2245.05243
G1 X97.914 Y194.539 E2245.26764
G1 X102.298 Y199.309 E2245.48312
G1 X107.761 Y202.777 E2245.69834
G1 X113.935 Y204.713 E2245.91355
G1 X117.887 Y204.878 E2246.0451
G0 F9000 X117.9 Y204.57
G0 X117.403 Y204.276
G0 X117.34 Y203.399
G0 X117.459 Y203.512
;TYPE:FILL
G1 F3000 X129.144 Y159.901 E2247.54678
G0 F9000 X128.545 Y159.61
G1 F3000 X98.657 Y167.618 E2248.57592
G0 F9000 X98.459 Y168.024
G1 F3000 X130.386 Y199.951 E2250.07767
G0 F9000 X130.936 Y199.579
G1 F3000 X138.945 Y169.688 E2251.10691
G0 F9000 X138.693 Y169.314
G1 F3000 X95.08 Y181 E2252.60866
G0 F9000 X95.127 Y181.663
G1 F3000 X117.008 Y203.544 E2253.63787
G0 F9000 X116.993 Y203.324
G0 X111.549 Y202.32
G0 X111.508 Y202.536
G1 F3000 X123.505 Y157.764 E2255.17953
G0 F9000 X123.464 Y157.98
G0 X121.776 Y157.656
G0 X121.817 Y157.441
G1 F3000 X141.124 Y176.748 E2256.08767
G0 F9000 X140.904 Y176.763
G0 X140.612 Y175.027
G0 X140.82 Y174.956
G1 F3000 X96.049 Y186.952 E2257.62929
G0 F9000 X96.258 Y186.881
G0 X96.821 Y188.506
G0 X96.614 Y188.577
G1 F3000 X103.681 Y162.202 E2258.53747
G0 F9000 X103.804 Y162.384
G0 X102.445 Y163.504
G0 X102.279 Y163.359
G1 F3000 X135.055 Y196.135 E2260.07915
G0 F9000 X134.89 Y195.991
G0 X136.016 Y194.69
G0 X136.181 Y194.834
G1 F3000 X109.805 Y201.901 E2260.98736
G0 F9000 X109.901 Y201.705
G0 X106.062 Y199.841
G0 X105.966 Y200.037
G1 F3000 X117.454 Y157.164 E2262.46363
G0 F9000 X117.469 Y157.384
G0 X113.453 Y157.699
G0 X113.382 Y157.491
G1 F3000 X140.844 Y184.954 E2263.75538
G0 F9000 X140.628 Y184.913
G0 X140.138 Y187.463
G0 X140.353 Y187.504
G1 F3000 X102.839 Y197.556 E2265.04712
G0 F9000 X102.983 Y197.391
G0 X101.018 Y195.691
G0 X100.875 Y195.855
G1 F3000 X110.927 Y158.341 E2266.33885
G0 F9000 X110.998 Y158.55
G0 X107.337 Y159.99
G0 X107.214 Y159.808
G1 F3000 X138.601 Y191.195 E2267.8152
G0 F9000 X138.404 Y191.099
G0 X141.21 Y181.019
G0 X141.429 Y181.004
G1 F3000 X98.553 Y192.493 E2269.29157
G0 F9000 X98.735 Y192.37
G0 X95.972 Y174.648
G0 X95.756 Y174.607
G1 F3000 X134.859 Y164.129 E2270.63803
G0 F9000 X134.342 Y163.683
G1 F3000 X123.865 Y202.785 E2271.98444
G0 F9000 X124.51 Y202.561
G1 F3000 X95.885 Y173.936 E2273.33087
G1 F1500 E2266.83087
G0 F9000 X96.101 Y173.977
G0 X117.84 Y203.263
G0 X117.897 Y204.067
;TYPE:SKIN
G1 F1500 E2273.33087
G1 F1185.8 X116.805 Y204.052 E2273.37682
G1 F1273.9 X115.897 Y203.981 E2273.41249
G1 F1117.3 X114.988 Y203.911 E2273.4532
G1 F995 X114.08 Y203.84 E2273.49887
G1 F980.4 X113.236 Y203.601 E2273.5435
G1 F1067.6 X112.393 Y203.363 E2273.58444
G1 F1167.3 X111.551 Y203.124 E2273.62185
G1 F1293.1 X110.708 Y202.885 E2273.65565
G1 F1271.2 X109.848 Y202.581 E2273.69145
G1 F1115.2 X108.99 Y202.277 E2273.73217
G1 F996.7 X108.131 Y201.973 E2273.77778
G1 F982 X107.376 Y201.523 E2273.82244
G1 F1067.6 X106.621 Y201.072 E2273.86353
G1 F1169.6 X105.866 Y200.622 E2273.90103
G1 F1293.1 X105.111 Y200.172 E2273.93494
G1 F1271.2 X104.363 Y199.658 E2273.97056
G1 F1117.3 X103.614 Y199.144 E2274.01112
G1 F996.7 X102.866 Y198.63 E2274.05655
G1 F985.2 X102.252 Y197.998 E2274.10117
G1 F1071.4 X101.638 Y197.366 E2274.1422
G1 F1174.2 X101.024 Y196.735 E2274.17961
G1 F1298.7 X100.41 Y196.103 E2274.21346
G1 F1276.6 X99.819 Y195.411 E2274.24902
G1 F1121.5 X99.228 Y194.719 E2274.2895
G1 F1000 X98.636 Y194.027 E2274.33494
G1 F985.2 X98.214 Y193.273 E2274.37869
G1 F1071.4 X97.792 Y192.519 E2274.41893
G1 F1171.9 X97.369 Y191.764 E2274.45577
G1 F1295.9 X96.946 Y191.009 E2274.48909
G1 F1271.2 X96.545 Y190.173 E2274.52548
G1 F1115.2 X96.144 Y189.336 E2274.567
G1 F993.4 X95.742 Y188.498 E2274.61368
G1 F980.4 X95.526 Y187.645 E2274.65845
G1 F1063.8 X95.311 Y186.792 E2274.69971
G1 F1167.3 X95.096 Y185.94 E2274.73726
G1 F1287.6 X94.88 Y185.088 E2274.77132
G1 F1265.8 X94.714 Y184.195 E2274.80712
G1 F1115.2 X94.549 Y183.303 E2274.8477
G1 F993.4 X94.383 Y182.41 E2274.89332
G1 F982 X94.395 Y181.53 E2274.93803
G1 F1067.6 X94.407 Y180.649 E2274.9792
G1 F1169.6 X94.418 Y179.768 E2275.01679
G1 F1293.1 X94.43 Y178.887 E2275.05078
G1 F1271.2 X94.5 Y177.979 E2275.08652
G1 F1115.2 X94.571 Y177.068 E2275.1274
G1 F991.7 X94.641 Y176.158 E2275.17331
G1 F977.2 X94.876 Y175.329 E2275.2173
G1 F1061.9 X95.111 Y174.498 E2275.25787
G1 F1162.8 X95.347 Y173.668 E2275.2949
G1 F1284.8 X95.582 Y172.838 E2275.3284
G1 F1263.2 X95.891 Y171.962 E2275.36508
G1 F1111.1 X96.199 Y171.087 E2275.40673
G1 F991.7 X96.508 Y170.212 E2275.45342
G1 F978.8 X96.952 Y169.467 E2275.49762
G1 F1063.8 X97.396 Y168.722 E2275.53829
G1 F1165 X97.84 Y167.978 E2275.5754
G1 F1287.6 X98.283 Y167.233 E2275.60898
G1 F1265.8 X98.806 Y166.47 E2275.64544
G1 F1113.2 X99.328 Y165.707 E2275.68687
G1 F993.4 X99.851 Y164.945 E2275.73329
G1 F982 X100.482 Y164.331 E2275.77802
G1 F1067.6 X101.114 Y163.716 E2275.81923
G1 F1169.6 X101.747 Y163.101 E2275.85688
G1 F1293.1 X102.379 Y162.486 E2275.8909
G1 F1271.2 X103.07 Y161.896 E2275.92656
G1 F1117.3 X103.761 Y161.305 E2275.96716
G1 F996.7 X104.453 Y160.713 E2276.01275
G1 F983.6 X105.218 Y160.286 E2276.05718
G1 F1069.5 X105.985 Y159.858 E2276.09815
G1 F1171.9 X106.751 Y159.43 E2276.13551
G1 F1295.9 X107.518 Y159.002 E2276.16933
G1 F1273.9 X108.337 Y158.611 E2276.20487
G1 F1119.4 X109.158 Y158.219 E2276.24542
G1 F998.3 X109.978 Y157.828 E2276.29081
G1 F983.6 X110.832 Y157.611 E2276.33551
G1 F1069.5 X111.686 Y157.395 E2276.3766
G1 F1171.9 X112.54 Y157.178 E2276.41411
G1 F1295.9 X113.394 Y156.962 E2276.44802
G1 F1271.2 X114.285 Y156.796 E2276.4836
G1 F1115.2 X115.177 Y156.63 E2276.52418
G1 F995 X116.07 Y156.464 E2276.56973
G1 F980.4 X116.939 Y156.476 E2276.61395
G1 F1065.7 X117.809 Y156.488 E2276.65468
G1 F1167.3 X118.679 Y156.499 E2276.69187
G1 F1290.3 X119.549 Y156.511 E2276.72551
G1 F1265.8 X120.473 Y156.582 E2276.76204
G1 F1115.2 X121.398 Y156.653 E2276.80354
G1 F993.4 X122.322 Y156.724 E2276.85008
G1 F980.4 X123.164 Y156.962 E2276.89461
G1 F1065.7 X124.007 Y157.201 E2276.93563
G1 F1167.3 X124.85 Y157.44 E2276.97308
G1 F1290.3 X125.693 Y157.678 E2277.00694
G1 F1265.8 X126.552 Y157.981 E2277.04284
G1 F1115.2 X127.411 Y158.285 E2277.08361
G1 F993.4 X128.27 Y158.588 E2277.12935
G1 F982 X129.026 Y159.039 E2277.17408
G1 F1067.6 X129.782 Y159.49 E2277.21521
G1 F1169.6 X130.539 Y159.941 E2277.2528
G1 F1293.1 X131.296 Y160.392 E2277.2868
G1 F1271.2 X132.042 Y160.904 E2277.32231
G1 F1119.4 X132.788 Y161.417 E2277.36266
G1 F996.7 X133.534 Y161.929 E2277.40795
G1 F983.6 X134.15 Y162.562 E2277.45275
G1 F1071.4 X134.765 Y163.195 E2277.49385
G1 F1171.9 X135.379 Y163.827 E2277.53136
G1 F1298.7 X135.994 Y164.459 E2277.56524
G1 F1273.9 X136.586 Y165.151 E2277.6009
G1 F1119.4 X137.176 Y165.842 E2277.6414
G1 F998.3 X137.767 Y166.533 E2277.68684
G1 F983.6 X138.189 Y167.289 E2277.73075
G1 F1069.5 X138.612 Y168.046 E2277.7712
G1 F1171.9 X139.035 Y168.803 E2277.80812
G1 F1295.9 X139.458 Y169.56 E2277.84151
G1 F1273.9 X139.855 Y170.392 E2277.87761
G1 F1119.4 X140.254 Y171.225 E2277.91877
G1 F1000 X140.652 Y172.059 E2277.96488
G1 F986.8 X140.869 Y172.913 E2278.00942
G1 F1073.3 X141.086 Y173.768 E2278.05043
G1 F1174.2 X141.304 Y174.622 E2278.08787
G1 F1298.7 X141.521 Y175.477 E2278.12176
G1 F1273.9 X141.688 Y176.368 E2278.15726
G1 F1119.4 X141.854 Y177.258 E2278.19761
G1 F996.7 X142.021 Y178.149 E2278.24299
G1 F983.6 X142.008 Y179.031 E2278.28773
G1 F1071.4 X141.996 Y179.913 E2278.32881
G1 F1174.2 X141.983 Y180.795 E2278.36629
G1 F1301.5 X141.971 Y181.677 E2278.4001
G1 F1279.3 X141.9 Y182.584 E2278.43558
G1 F1121.5 X141.828 Y183.493 E2278.47614
G1 F998.3 X141.757 Y184.401 E2278.52166
G1 F985.2 X141.519 Y185.244 E2278.56601
G1 F1071.4 X141.28 Y186.087 E2278.60681
G1 F1174.2 X141.042 Y186.93 E2278.64403
G1 F1298.7 X140.803 Y187.773 E2278.67769
G1 F1276.6 X140.5 Y188.63 E2278.71322
G1 F1119.4 X140.197 Y189.489 E2278.75381
G1 F996.7 X139.893 Y190.348 E2278.79942
G1 F983.6 X139.442 Y191.106 E2278.84416
G1 F1067.6 X138.99 Y191.862 E2278.88532
G1 F1171.9 X138.539 Y192.619 E2278.92284
G1 F1293.1 X138.088 Y193.376 E2278.95683
G1 F1271.2 X137.576 Y194.122 E2278.99234
G1 F1119.4 X137.063 Y194.867 E2279.03266
G1 F996.7 X136.551 Y195.613 E2279.07795
G1 F985.2 X135.917 Y196.229 E2279.12271
G1 F1071.4 X135.284 Y196.845 E2279.16384
G1 F1174.2 X134.651 Y197.46 E2279.20134
G1 F1298.7 X134.018 Y198.075 E2279.23525
G1 F1279.3 X133.329 Y198.664 E2279.27059
G1 F1123.6 X132.638 Y199.254 E2279.31094
G1 F1001.7 X131.948 Y199.844 E2279.35616
G1 F988.5 X131.194 Y200.266 E2279.39977
G1 F1075.3 X130.44 Y200.689 E2279.43988
G1 F1178.8 X129.685 Y201.112 E2279.47651
G1 F1304.3 X128.931 Y201.535 E2279.50958
G1 F1279.3 X128.092 Y201.936 E2279.54584
G1 F1119.4 X127.255 Y202.338 E2279.58722
G1 F996.7 X126.417 Y202.739 E2279.63373
G1 F982 X125.565 Y202.955 E2279.67838
G1 F1067.6 X124.712 Y203.171 E2279.7195
G1 F1169.6 X123.859 Y203.387 E2279.75704
G1 F1293.1 X123.006 Y203.603 E2279.79098
G1 F1271.2 X122.115 Y203.769 E2279.82655
G1 F1115.2 X121.224 Y203.935 E2279.8671
G1 F996.7 X120.332 Y204.101 E2279.91252
G1 F993.4 X117.897 Y204.067 E2280.03482
G0 F9000 X117.904 Y203.566
G1 F993.4 X120.281 Y203.465 E2280.15431
G1 F996.7 X121.158 Y203.368 E2280.19848
G1 F1115.2 X122.034 Y203.272 E2280.2379
G1 F1271.2 X122.911 Y203.175 E2280.27253
G1 F1293.1 X123.735 Y202.916 E2280.30585
G1 F1169.6 X124.558 Y202.657 E2280.34266
G1 F1067.6 X125.382 Y202.398 E2280.38302
G1 F982 X126.205 Y202.139 E2280.42685
G1 F996.7 X127.032 Y201.817 E2280.47128
G1 F1121.5 X127.858 Y201.495 E2280.51072
G1 F1282.1 X128.685 Y201.173 E2280.54525
G1 F1304.3 X129.412 Y200.71 E2280.57822
G1 F1181.1 X130.138 Y200.248 E2280.61457
G1 F1075.3 X130.864 Y199.785 E2280.65452
G1 F990.1 X131.59 Y199.322 E2280.69791
G1 F1001.7 X132.293 Y198.806 E2280.74134
G1 F1121.5 X132.996 Y198.29 E2280.78014
G1 F1273.9 X133.699 Y197.775 E2280.81426
G1 F1295.9 X134.292 Y197.131 E2280.84797
G1 F1171.9 X134.883 Y196.487 E2280.88518
G1 F1069.5 X135.475 Y195.844 E2280.92595
G1 F983.6 X136.067 Y195.2 E2280.97032
G1 F996.7 X136.616 Y194.515 E2281.01426
G1 F1119.4 X137.167 Y193.828 E2281.05351
G1 F1271.2 X137.717 Y193.142 E2281.08802
G1 F1293.1 X138.118 Y192.374 E2281.12145
G1 F1171.9 X138.518 Y191.607 E2281.15827
G1 F1067.6 X138.918 Y190.84 E2281.1987
G1 F983.6 X139.318 Y190.073 E2281.24257
G1 F996.7 X139.673 Y189.264 E2281.2868
G1 F1119.4 X140.03 Y188.452 E2281.32633
G1 F1276.6 X140.386 Y187.641 E2281.36094
G1 F1298.7 X140.572 Y186.802 E2281.39396
G1 F1174.2 X140.759 Y185.964 E2281.43044
G1 F1071.4 X140.945 Y185.125 E2281.47045
G1 F985.2 X141.132 Y184.287 E2281.51393
G1 F998.3 X141.266 Y183.409 E2281.55832
G1 F1121.5 X141.401 Y182.533 E2281.59775
G1 F1279.3 X141.535 Y181.656 E2281.63235
G1 F1301.5 X141.498 Y180.793 E2281.66546
G1 F1174.2 X141.46 Y179.928 E2281.70225
G1 F1071.4 X141.423 Y179.064 E2281.74251
G1 F983.6 X141.385 Y178.2 E2281.78638
G1 F995 X141.29 Y177.334 E2281.83006
G1 F1115.2 X141.195 Y176.47 E2281.86895
G1 F1268.5 X141.1 Y175.605 E2281.90317
G1 F1290.3 X140.838 Y174.77 E2281.93701
G1 F1169.6 X140.577 Y173.936 E2281.97428
G1 F1071.4 X140.315 Y173.102 E2282.01499
G1 F986.8 X140.053 Y172.268 E2282.05918
G1 F1000 X139.739 Y171.457 E2282.10257
G1 F1119.4 X139.423 Y170.644 E2282.14145
G1 F1273.9 X139.108 Y169.831 E2282.17559
G1 F1295.9 X138.641 Y169.097 E2282.20909
G1 F1171.9 X138.174 Y168.361 E2282.2462
G1 F1069.5 X137.708 Y167.626 E2282.28679
G1 F983.6 X137.241 Y166.89 E2282.331
G1 F998.3 X136.719 Y166.179 E2282.37508
G1 F1119.4 X136.196 Y165.467 E2282.41446
G1 F1273.9 X135.672 Y164.754 E2282.44911
G1 F1298.7 X135.035 Y164.169 E2282.48233
G1 F1171.9 X134.397 Y163.584 E2282.51919
G1 F1071.4 X133.759 Y162.998 E2282.55952
G1 F983.6 X133.121 Y162.413 E2282.60343
G1 F996.7 X132.435 Y161.864 E2282.64741
G1 F1119.4 X131.749 Y161.313 E2282.68662
G1 F1271.2 X131.062 Y160.763 E2282.72116
G1 F1293.1 X130.295 Y160.363 E2282.75454
G1 F1169.6 X129.528 Y159.964 E2282.79142
G1 F1067.6 X128.762 Y159.565 E2282.83178
G1 F982 X127.996 Y159.165 E2282.87568
G1 F993.4 X127.184 Y158.809 E2282.92021
G1 F1115.2 X126.372 Y158.453 E2282.95987
G1 F1265.8 X125.561 Y158.097 E2282.99478
G1 F1290.3 X124.723 Y157.911 E2283.02797
G1 F1167.3 X123.883 Y157.724 E2283.06475
G1 F1065.7 X123.044 Y157.538 E2283.10498
G1 F980.4 X122.204 Y157.352 E2283.14876
G1 F993.4 X121.342 Y157.219 E2283.19257
G1 F1111.1 X120.478 Y157.087 E2283.23181
G1 F1263.2 X119.614 Y156.954 E2283.26634
G1 F1284.8 X118.74 Y156.991 E2283.30031
G1 F1165 X117.866 Y157.027 E2283.33776
G1 F1063.8 X116.991 Y157.064 E2283.37884
G1 F980.4 X116.117 Y157.1 E2283.42335
G1 F995 X115.241 Y157.197 E2283.46754
G1 F1115.2 X114.364 Y157.293 E2283.50701
G1 F1271.2 X113.486 Y157.39 E2283.54168
G1 F1295.9 X112.663 Y157.649 E2283.57489
G1 F1171.9 X111.839 Y157.909 E2283.61168
G1 F1069.5 X111.014 Y158.168 E2283.65201
G1 F983.6 X110.19 Y158.427 E2283.69582
G1 F998.3 X109.366 Y158.748 E2283.74002
G1 F1119.4 X108.542 Y159.069 E2283.77943
G1 F1273.9 X107.717 Y159.39 E2283.8141
G1 F1295.9 X106.992 Y159.852 E2283.8472
G1 F1171.9 X106.266 Y160.315 E2283.88385
G1 F1069.5 X105.539 Y160.777 E2283.92403
G1 F983.6 X104.813 Y161.24 E2283.96771
G1 F996.7 X104.101 Y161.763 E2284.01193
G1 F1117.3 X103.387 Y162.287 E2284.05148
G1 F1271.2 X102.674 Y162.811 E2284.0862
G1 F1293.1 X102.09 Y163.448 E2284.11955
G1 F1169.6 X101.506 Y164.085 E2284.15641
G1 F1067.6 X100.921 Y164.722 E2284.19683
G1 F982 X100.336 Y165.36 E2284.2408
G1 F993.4 X99.785 Y166.048 E2284.28507
G1 F1115.2 X99.233 Y166.737 E2284.32457
G1 F1265.8 X98.682 Y167.425 E2284.35931
G1 F1287.6 X98.282 Y168.191 E2284.39279
G1 F1167.3 X97.883 Y168.956 E2284.42967
G1 F1063.8 X97.484 Y169.722 E2284.47017
G1 F980.4 X97.086 Y170.487 E2284.51405
G1 F991.7 X96.733 Y171.288 E2284.55809
G1 F1109.1 X96.38 Y172.09 E2284.5975
G1 F1257.9 X96.028 Y172.892 E2284.63224
G1 F1279.3 X95.839 Y173.737 E2284.66601
G1 F1160.5 X95.65 Y174.583 E2284.70328
G1 F1060.1 X95.46 Y175.429 E2284.74408
G1 F977.2 X95.271 Y176.275 E2284.78834
G1 F991.7 X95.138 Y177.142 E2284.83246
G1 F1111.1 X95.004 Y178.008 E2284.87181
G1 F1263.2 X94.871 Y178.875 E2284.90646
G1 F1287.6 X94.908 Y179.746 E2284.94024
G1 F1165 X94.945 Y180.618 E2284.97761
G1 F1065.7 X94.982 Y181.491 E2285.01852
G1 F980.4 X95.019 Y182.363 E2285.06293
G1 F993.4 X95.116 Y183.239 E2285.10719
G1 F1115.2 X95.212 Y184.116 E2285.14666
G1 F1265.8 X95.309 Y184.994 E2285.18148
G1 F1287.6 X95.568 Y185.816 E2285.21487
G1 F1167.3 X95.827 Y186.639 E2285.25175
G1 F1063.8 X96.086 Y187.463 E2285.29225
G1 F980.4 X96.345 Y188.286 E2285.33616
G1 F993.4 X96.661 Y189.102 E2285.38011
G1 F1115.2 X96.979 Y189.919 E2285.41932
G1 F1271.2 X97.296 Y190.737 E2285.45376
G1 F1295.9 X97.762 Y191.469 E2285.48716
G1 F1171.9 X98.228 Y192.203 E2285.52418
G1 F1071.4 X98.694 Y192.936 E2285.56462
G1 F985.2 X99.16 Y193.67 E2285.60865
G1 F998.3 X99.676 Y194.373 E2285.65223
G1 F1119.4 X100.193 Y195.077 E2285.69116
G1 F1273.9 X100.709 Y195.782 E2285.72537
G1 F1295.9 X101.353 Y196.374 E2285.75905
G1 F1171.9 X101.995 Y196.965 E2285.7962
G1 F1069.5 X102.638 Y197.556 E2285.83694
G1 F983.6 X103.28 Y198.146 E2285.88116
G1 F996.7 X103.968 Y198.697 E2285.92528
G1 F1117.3 X104.657 Y199.25 E2285.96473
G1 F1271.2 X105.346 Y199.802 E2285.99938
G1 F1293.1 X106.111 Y200.201 E2286.03267
G1 F1169.6 X106.876 Y200.6 E2286.06948
G1 F1067.6 X107.642 Y200.999 E2286.10984
G1 F982 X108.407 Y201.398 E2286.15367
G1 F995 X109.206 Y201.75 E2286.19745
G1 F1115.2 X110.006 Y202.102 E2286.23655
G1 F1268.5 X110.807 Y202.455 E2286.27097
G1 F1290.3 X111.654 Y202.645 E2286.30454
G1 F1167.3 X112.501 Y202.834 E2286.34163
G1 F1065.7 X113.348 Y203.024 E2286.38226
G1 F980.4 X114.195 Y203.213 E2286.42643
G1 F993.4 X115.06 Y203.346 E2286.47038
G1 F1115.2 X115.925 Y203.48 E2286.50954
G1 F1265.8 X116.791 Y203.613 E2286.54407
G1 F1185.8 X117.904 Y203.566 E2286.59094
G0 F9000 X117.863 Y202.961
G1 F1500 E2280.09094
;MESH:NONMESH
G0 F300 X117.863 Y202.961 Z1.2
G0 F9000 X119.574 Y157.151
G0 X119.668 Y154.872
G0 X146.603 Y154.153
G0 X179.603 Y129.153
G0 X179.603 Y105.847
G0 X146.603 Y80.847
G0 X116.037 Y79.171
G0 X116.132 Y76.894
G0 X117.48 Y76.716
G0 X117.5 Y77.011
;TIME_ELAPSED:3085.068771
;LAYER:5
;TYPE:WALL-INNER
;MESH:wheel(3).stl
G1 F1500 E2286.59094
G1 X122.214 Y76.671 E2286.74813
G1 X127.976 Y74.674 E2286.95096
G1 X133.037 Y71.243 E2287.15433
G1 X137.034 Y66.626 E2287.35744
G1 X139.701 Y61.137 E2287.56041
G1 X140.851 Y55.14 E2287.76351
G1 X140.411 Y49.042 E2287.96686
G1 X138.414 Y43.28 E2288.16968
G1 X134.983 Y38.219 E2288.37305
G1 X130.367 Y34.222 E2288.57614
G1 X124.877 Y31.559 E2288.77908
G1 X118.88 Y30.405 E2288.9822
G1 X112.782 Y30.845 E2289.18555
G1 X107.02 Y32.842 E2289.38838
G1 X101.959 Y36.273 E2289.59174
G1 X97.962 Y40.889 E2289.79483
G1 X95.299 Y46.379 E2289.99778
G1 X94.145 Y52.376 E2290.2009
G1 X94.585 Y58.474 E2290.40424
G1 X96.582 Y64.236 E2290.60707
G1 X100.013 Y69.298 E2290.81047
G1 X104.629 Y73.294 E2291.01353
G1 X110.119 Y75.957 E2291.21648
G1 X116.116 Y77.111 E2291.4196
G1 X117.5 Y77.011 E2291.46575
G0 F9000 X117.5 Y77.412
;TYPE:WALL-OUTER
G1 F1500 X122.295 Y77.066 E2291.62565
G1 X128.157 Y75.035 E2291.83199
G1 X133.305 Y71.545 E2292.03885
G1 X137.371 Y66.848 E2292.24547
G1 X140.084 Y61.264 E2292.45196
G1 X141.254 Y55.164 E2292.65854
G1 X140.806 Y48.961 E2292.86539
G1 X138.775 Y43.099 E2293.07174
G1 X135.285 Y37.951 E2293.2786
G1 X130.589 Y33.885 E2293.4852
G1 X125.004 Y31.176 E2293.69165
G1 X118.904 Y30.002 E2293.89826
G1 X112.701 Y30.45 E2294.10511
G1 X106.839 Y32.481 E2294.31146
G1 X101.691 Y35.971 E2294.51832
G1 X97.625 Y40.667 E2294.72492
G1 X94.916 Y46.252 E2294.93137
G1 X93.742 Y52.352 E2295.13798
G1 X94.19 Y58.555 E2295.34483
G1 X96.221 Y64.417 E2295.55118
G1 X99.711 Y69.566 E2295.75806
G1 X104.407 Y73.631 E2295.96464
G1 X109.992 Y76.34 E2296.1711
G1 X116.092 Y77.514 E2296.37771
G1 X117.5 Y77.412 E2296.42466
G0 F9000 X116.607 Y76.997
;TYPE:FILL
G1 F3000 X128.312 Y33.315 E2297.92879
G0 F9000 X128.036 Y33.179
G1 F3000 X97.87 Y41.262 E2298.96751
G1 X97.818 Y41.366
G1 X129.796 Y73.343 E2300.47163
G0 F9000 X130.056 Y73.167
G1 F3000 X138.136 Y43.013 E2301.50994
G1 X138.07 Y42.914
G1 X94.388 Y54.619 E2303.01406
G0 F9000 X94.409 Y54.927
G1 F3000 X116.486 Y77.004 E2304.0525
G0 F9000 X116.47 Y76.778
G0 X110.71 Y75.758
G0 X110.667 Y75.982
G1 F3000 X122.663 Y31.213 E2305.59405
G0 F9000 X122.62 Y31.439
G0 X121.313 Y31.188
G0 X121.356 Y30.963
G1 F3000 X140.401 Y50.007 E2306.48984
G0 F9000 X140.175 Y50.023
G0 X139.947 Y48.638
G0 X140.162 Y48.565
G1 F3000 X95.393 Y60.561 E2308.03139
G0 F9000 X95.61 Y60.487
G0 X96.045 Y61.741
G0 X95.828 Y61.815
G1 F3000 X102.799 Y35.8 E2308.92718
G0 F9000 X102.927 Y35.99
G0 X101.841 Y36.881
G0 X101.669 Y36.731
G1 F3000 X134.439 Y69.502 E2310.46861
G0 F9000 X134.27 Y69.355
G0 X135.135 Y68.355
G0 X135.303 Y68.502
G1 F3000 X109.297 Y75.47 E2311.36408
G0 F9000 X109.397 Y75.265
G0 X105.233 Y73.246
G0 X105.134 Y73.449
G1 F3000 X116.603 Y30.648 E2312.83787
G0 F9000 X116.619 Y30.879
G0 X113.461 Y31.106
G0 X113.445 Y30.877
G1 F3000 X111.193 Y31.481 E2312.91542
G0 F9000 X111.267 Y31.699
G0 X110.138 Y32.09
G0 X110.063 Y31.871
G1 F3000 X100.056 Y69.218 E2314.2014
G0 F9000 X99.722 Y68.725
G1 F3000 X101.319 Y70.322 E2314.27652
G0 F9000 X101.468 Y70.151
G0 X102.416 Y70.971
G0 X102.266 Y71.143
G1 F3000 X139.612 Y61.136 E2315.56247
G0 F9000 X139.343 Y61.692
G1 F3000 X139.942 Y59.455 E2315.6395
G0 F9000 X139.718 Y59.412
G0 X139.947 Y58.22
G0 X140.172 Y58.263
G1 F3000 X112.831 Y30.922 E2316.92553
G0 F9000 X112.848 Y31.149
G0 X106.757 Y33.395
G0 X106.628 Y33.205
G1 F3000 X137.961 Y64.538 E2318.39934
G0 F9000 X137.756 Y64.438
G0 X140.507 Y54.64
G0 X140.733 Y54.624
G1 F3000 X97.936 Y66.091 E2319.87299
G0 F9000 X98.124 Y65.964
G0 X95.248 Y48.28
G0 X95.023 Y48.237
G1 F3000 X134.282 Y37.718 E2321.2248
G0 F9000 X134.133 Y37.889
G0 X133.371 Y37.229
G0 X133.52 Y37.059
G1 F3000 X123.002 Y76.314 E2322.57649
G0 F9000 X122.929 Y76.1
G0 X123.878 Y75.77
G0 X123.951 Y75.984
G1 F3000 X95.213 Y47.246 E2323.92823
G0 F9000 X95.733 Y47.346
G1 F1500 E2317.42823
;MESH:MotorCar(1).stl
G0 F9000 X104.533 Y73.439
G0 X104.057 Y74.423
G0 X104.533 Y80.835
G0 X104.533 Y81.93
G0 X117.465 Y152.59
G0 X117.465 Y152.9
;TYPE:WALL-INNER
G1 F1500 E2323.92823
G1 X145.348 Y152.9 E2324.85563
G1 X145.35 Y128.44 E2325.66917
G1 X145.406 Y128.24 E2325.67608
G1 X145.597 Y128.012 E2325.68597
G1 X145.904 Y127.901 E2325.69683
G1 X178.348 Y127.9 E2326.77592
G1 X178.348 Y107.1 E2327.46773
G1 X145.895 Y107.098 E2328.54712
G1 X145.621 Y107.004 E2328.55675
G1 X145.494 Y106.894 E2328.56234
G1 X145.388 Y106.717 E2328.5692
G1 X145.35 Y106.56 E2328.57458
G1 X145.348 Y82.1 E2329.38812
G1 X89.548 Y82.1 E2331.24404
G1 X89.546 Y106.56 E2332.05758
G1 X89.49 Y106.76 E2332.06449
G1 X89.275 Y107.004 E2332.0753
G1 X88.992 Y107.099 E2332.08523
G1 X56.548 Y107.1 E2333.16432
G1 X56.548 Y127.9 E2333.85613
G1 X89.001 Y127.902 E2334.93553
G1 X89.275 Y127.996 E2334.94516
G1 X89.402 Y128.106 E2334.95075
G1 X89.508 Y128.283 E2334.95761
G1 X89.546 Y128.44 E2334.96298
G1 X89.548 Y152.9 E2335.77653
G1 X117.465 Y152.9 E2336.70505
G0 F9000 X117.465 Y153.3
;TYPE:WALL-OUTER
G1 F1500 X145.748 Y153.3 E2337.64575
G1 X145.756 Y128.44 E2338.47259
G1 X145.906 Y128.3 E2338.47942
G1 X178.748 Y128.3 E2339.57175
G1 X178.748 Y106.7 E2340.29017
G1 X145.93 Y106.7 E2341.3817
G1 X145.796 Y106.632 E2341.38669
G1 X145.748 Y106.52 E2341.39075
G1 X145.748 Y81.7 E2342.21626
G1 X89.148 Y81.7 E2344.09879
G1 X89.14 Y106.56 E2344.92563
G1 X88.99 Y106.7 E2344.93246
G1 X56.148 Y106.7 E2346.02479
G1 X56.148 Y128.3 E2346.74321
G1 X88.966 Y128.3 E2347.83474
G1 X89.1 Y128.368 E2347.83974
G1 X89.148 Y128.48 E2347.84379
G1 X89.148 Y153.3 E2348.66931
G1 X117.465 Y153.3 E2349.61113
G0 F9000 X117.465 Y152.59
G0 X119.531 Y152.59
G0 X119.531 Y152.82
;TYPE:FILL
G1 F3000 X138.459 Y82.18 E2352.04351
G0 F9000 X138.459 Y82.41
G0 X136.629 Y82.41
G0 X136.629 Y82.18
G1 F3000 X89.628 Y94.774 E2353.66192
G0 F9000 X89.86 Y94.774
G0 X89.86 Y96.963
G0 X89.627 Y96.963
G1 F3000 X145.269 Y152.604 E2356.27912
G0 F9000 X144.378 Y152.821
G1 F3000 X145.268 Y149.498 E2356.39354
G0 F9000 X145.04 Y149.498
G0 X145.04 Y148.194
G0 X145.267 Y148.194
G1 F3000 X128 Y152.82 E2356.9881
G0 F9000 X128.514 Y152.82
G1 F3000 X82.873 Y107.179 E2359.13491
G0 F9000 X82.068 Y107.179
G1 F3000 X76.537 Y127.82 E2359.84565
G0 F9000 X76.537 Y127.59
G0 X78.058 Y127.59
G0 X78.058 Y127.819
G1 F3000 X57.418 Y107.18 E2360.81647
G1 X57.221 Y107.18
G1 X56.628 Y109.39 E2360.89258
G0 F9000 X56.628 Y109.828
G1 F3000 X66.513 Y107.179 E2361.23295
G0 F9000 X65.904 Y107.18
G1 F3000 X86.543 Y127.819 E2362.20375
G0 F9000 X86.543 Y127.59
G0 X88.96 Y127.59
G0 X88.96 Y127.82
G1 F3000 X101.189 Y82.179 E2363.77532
G0 F9000 X100.3 Y82.18
G1 F3000 X145.942 Y127.822 E2365.92218
G0 F9000 X145.942 Y127.59
G0 X145.112 Y127.662
G0 X145.04 Y129.558
G0 X145.269 Y129.558
G1 F3000 X89.628 Y144.467 E2367.83809
G0 F9000 X89.86 Y144.467
G0 X89.86 Y147.875
G0 X89.628 Y147.875
G1 F3000 X94.573 Y152.82 E2368.07069
G1 X94.684 Y152.82
G1 X113.613 Y82.179 E2370.50311
G1 X113.447 Y82.18
G1 X89.628 Y88.562 E2371.32327
G1 X89.628 Y88.478
G1 X145.269 Y144.119 E2373.94046
G0 F9000 X145.04 Y144.119
G0 X145.04 Y141.982
G0 X145.267 Y141.982
G1 F3000 X104.819 Y152.82 E2375.33322
G0 F9000 X104.819 Y152.59
G0 X103.058 Y152.59
G0 X103.058 Y152.82
G1 F3000 X89.628 Y139.39 E2375.96493
G0 F9000 X89.86 Y139.39
G0 X89.86 Y138.255
G0 X89.628 Y138.255
G1 F3000 X178.267 Y114.505 E2379.01706
G0 F9000 X178.04 Y114.505
G0 X178.04 Y117.721
G0 X178.268 Y117.721
G1 F3000 X167.726 Y107.18 E2379.5129
G0 F9000 X167.726 Y107.41
G0 X169.031 Y107.41
G0 X169.031 Y107.179
G1 F3000 X163.5 Y127.821 E2380.22368
G0 F9000 X162.912 Y127.821
G1 F3000 X117.271 Y82.18 E2382.37049
G0 F9000 X117.271 Y82.41
G0 X119.824 Y82.41
G0 X119.824 Y82.18
G1 F3000 X100.896 Y152.82 E2384.80287
G0 F9000 X100.896 Y152.59
G0 X107.108 Y152.59
G0 X107.108 Y152.821
G1 F3000 X126.036 Y82.18 E2387.23528
G0 F9000 X125.756 Y82.18
G1 F3000 X145.268 Y101.692 E2388.15306
G0 F9000 X145.04 Y101.692
G0 X145.04 Y103.132
G0 X145.268 Y103.132
G1 F3000 X131.954 Y152.821 E2389.86403
G0 F9000 X131.954 Y152.59
G0 X136.999 Y152.59
G0 X136.999 Y152.82
G1 F3000 X89.626 Y105.447 E2392.09231
G0 F9000 X89.86 Y105.447
G0 X89.788 Y107.338
G0 X88.279 Y107.41
G0 X88.279 Y107.177
G1 F3000 X82.748 Y127.82 E2392.80311
G0 F9000 X82.209 Y127.82
G1 F3000 X159.24 Y107.18 E2395.45555
G1 X159.241 Y107.18
G1 X178.268 Y126.207 E2396.35052
G0 F9000 X178.267 Y126.928
G1 F3000 X174.936 Y127.821 E2396.46522
G0 F9000 X175.923 Y127.821
G1 F3000 X178.268 Y119.069 E2396.76658
G0 F9000 X178.04 Y119.069
G0 X178.04 Y120.716
G0 X178.267 Y120.716
G1 F3000 X151.749 Y127.822 E2397.67969
G0 F9000 X151.076 Y127.822
G1 F3000 X156.607 Y107.18 E2398.39047
G0 F9000 X156.607 Y107.41
G0 X150.756 Y107.41
G0 X150.756 Y107.18
G1 F3000 X171.396 Y127.82 E2399.36131
G0 F9000 X171.396 Y127.59
G0 X169.711 Y127.59
G0 X169.711 Y127.821
G1 F3000 X175.242 Y107.18 E2400.07205
G0 F9000 X176.212 Y107.18
G1 F3000 X178.268 Y109.236 E2400.16876
G0 F9000 X178.267 Y108.293
G1 F3000 X89.628 Y132.044 E2403.22091
G0 F9000 X89.86 Y132.044
G0 X89.86 Y130.905
G0 X89.628 Y130.905
G1 F3000 X111.543 Y152.82 E2404.25172
G0 F9000 X111.543 Y152.59
G0 X113.319 Y152.59
G0 X113.319 Y152.82
G1 F3000 X132.248 Y82.179 E2406.68414
G0 F9000 X132.248 Y82.41
G0 X134.241 Y82.41
G0 X134.241 Y82.18
G1 F3000 X145.268 Y93.207 E2407.20282
G0 F9000 X145.267 Y92.289
G1 F3000 X56.628 Y116.04 E2410.25496
G0 F9000 X56.86 Y116.04
G0 X56.86 Y114.875
G0 X56.628 Y114.875
G1 F3000 X69.572 Y127.819 E2410.86381
G0 F9000 X70.325 Y127.82
G1 F3000 X75.856 Y107.179 E2411.57455
G0 F9000 X75.856 Y107.41
G0 X74.388 Y107.41
G0 X74.388 Y107.18
G1 F3000 X120.029 Y152.82 E2413.72134
G0 F9000 X120.029 Y152.59
G0 X125.743 Y152.59
G0 X125.743 Y152.821
G1 F3000 X144.671 Y82.18 E2416.15375
G0 F9000 X144.671 Y82.41
G0 X142.727 Y82.41
G0 X142.727 Y82.18
G1 F3000 X145.268 Y84.721 E2416.27327
G0 F9000 X145.04 Y84.721
G0 X145.04 Y86.077
G0 X145.267 Y86.077
G1 F3000 X89.628 Y100.986 E2418.18912
G0 F9000 X89.86 Y100.986
G0 X89.86 Y102.147
G0 X89.627 Y102.147
G1 F3000 X94.978 Y82.179 E2418.87669
G0 F9000 X94.978 Y82.41
G0 X91.815 Y82.41
G0 X91.815 Y82.18
G1 F3000 X145.269 Y135.634 E2421.391
G1 X145.268 Y135.77
G1 X89.629 Y150.679 E2423.30685
G0 F9000 X89.86 Y150.679
G0 X89.86 Y148.508
G0 X89.628 Y148.508
G1 F3000 X107.401 Y82.18 E2425.59075
G0 F9000 X107.401 Y82.41
G0 X108.786 Y82.41
G0 X108.786 Y82.18
G1 F3000 X154.427 Y127.822 E2427.73759
G0 F9000 X154.427 Y127.59
G0 X157.288 Y127.59
G0 X157.288 Y127.821
G1 F3000 X162.819 Y107.18 E2428.44833
G0 F9000 X162.819 Y107.41
G0 X150.395 Y107.41
G0 X150.395 Y107.18
G1 F3000 X138.166 Y152.821 E2430.0199
G1 F1500 E2423.5199
G0 F9000 X138.166 Y152.59
G0 X145.04 Y104.712
G0 X145.267 Y104.712
G1 F1500 E2430.0199
G1 F3000 X59.027 Y127.82 E2432.98944
G0 F9000 X59.027 Y127.59
G0 X57.902 Y127.59
G0 X57.902 Y127.82
G1 F3000 X63.432 Y107.18 E2433.70015
G0 F9000 X63.432 Y107.41
G0 X69.644 Y107.41
G0 X69.644 Y107.179
G1 F3000 X64.113 Y127.82 E2434.41089
G0 F9000 X64.113 Y127.59
G0 X61.087 Y127.59
G0 X61.087 Y127.819
G1 F3000 X56.628 Y123.36 E2434.62063
G0 F9000 X56.86 Y123.36
G0 X56.86 Y122.251
G0 X56.628 Y122.251
G1 F3000 X145.268 Y98.5 E2437.6728
G1 F1500 E2431.1728
G0 F9000 X145.04 Y98.5
G0 X90.265 Y82.41
G0 X90.265 Y82.18
G1 F1500 E2437.6728
G1 F3000 X89.628 Y82.351 E2437.69474
G0 F9000 X90.16 Y82.71
G1 F1500 E2431.19474
;MESH:wheel(3).stl(1)
G0 F9000 X117.883 Y153.07
G0 X117.883 Y154.165
G0 X118.077 Y155.772
G0 X118.154 Y156.843
G0 X117.883 Y203.251
G0 X117.904 Y203.557
;TYPE:WALL-INNER
G1 F1500 E2437.69474
G1 X122.918 Y203.195 E2437.86194
G1 X128.68 Y201.198 E2438.06477
G1 X133.741 Y197.767 E2438.26814
G1 X137.738 Y193.151 E2438.47122
G1 X140.401 Y187.661 E2438.67417
G1 X141.555 Y181.664 E2438.87729
G1 X141.115 Y175.566 E2439.08064
G1 X139.118 Y169.804 E2439.28346
G1 X135.687 Y164.743 E2439.48683
G1 X131.071 Y160.746 E2439.68992
G1 X125.581 Y158.083 E2439.89286
G1 X119.584 Y156.929 E2440.09598
G1 X113.486 Y157.369 E2440.29933
G1 X107.724 Y159.366 E2440.50216
G1 X102.663 Y162.797 E2440.70552
G1 X98.666 Y167.414 E2440.90864
G1 X95.999 Y172.903 E2441.11161
G1 X94.849 Y178.9 E2441.3147
G1 X95.289 Y184.998 E2441.51805
G1 X97.286 Y190.76 E2441.72088
G1 X100.717 Y195.822 E2441.92427
G1 X105.334 Y199.818 E2442.12736
G1 X110.823 Y202.485 E2442.33034
G1 X116.82 Y203.635 E2442.53343
G1 X117.904 Y203.557 E2442.56958
G0 F9000 X117.899 Y203.958
;TYPE:WALL-OUTER
G1 F1500 X122.999 Y203.59 E2442.73965
G1 X128.861 Y201.559 E2442.94599
G1 X134.009 Y198.069 E2443.15285
G1 X138.075 Y193.373 E2443.35945
G1 X140.784 Y187.788 E2443.56591
G1 X141.958 Y181.688 E2443.77252
G1 X141.51 Y175.485 E2443.97937
G1 X139.479 Y169.623 E2444.18571
G1 X135.989 Y164.475 E2444.39257
G1 X131.293 Y160.409 E2444.59917
G1 X125.708 Y157.7 E2444.80563
G1 X119.608 Y156.526 E2445.01224
G1 X113.405 Y156.974 E2445.21909
G1 X107.543 Y159.005 E2445.42543
G1 X102.395 Y162.495 E2445.63229
G1 X98.329 Y167.192 E2445.83892
G1 X95.616 Y172.776 E2446.0454
G1 X94.446 Y178.876 E2446.25199
G1 X94.894 Y185.079 E2446.45884
G1 X96.925 Y190.941 E2446.66518
G1 X100.415 Y196.09 E2446.87207
G1 X105.112 Y200.155 E2447.07867
G1 X110.696 Y202.868 E2447.28516
G1 X116.796 Y204.038 E2447.49174
G1 X117.899 Y203.958 E2447.52852
G0 F9000 X117.31 Y203.52
;TYPE:FILL
G1 F3000 X129.015 Y159.838 E2449.03265
G0 F9000 X128.74 Y159.703
G1 F3000 X98.573 Y167.787 E2450.07141
G1 X98.523 Y167.888
G1 X130.501 Y199.867 E2451.57558
G0 F9000 X130.759 Y199.692
G1 F3000 X138.84 Y169.536 E2452.61396
G1 X138.773 Y169.438
G1 X95.091 Y181.143 E2454.11808
G0 F9000 X95.113 Y181.449
G1 F3000 X117.192 Y203.528 E2455.15661
G0 F9000 X117.176 Y203.301
G0 X111.413 Y202.284
G0 X111.37 Y202.509
G1 F3000 X123.366 Y157.737 E2456.69826
G0 F9000 X123.323 Y157.963
G0 X122.02 Y157.713
G0 X122.063 Y157.488
G1 F3000 X141.105 Y176.529 E2457.59391
G0 F9000 X140.878 Y176.545
G0 X140.65 Y175.162
G0 X140.865 Y175.089
G1 F3000 X96.097 Y187.085 E2459.13543
G0 F9000 X96.313 Y187.011
G0 X96.748 Y188.265
G0 X96.532 Y188.338
G1 F3000 X103.502 Y162.326 E2460.03112
G0 F9000 X103.63 Y162.515
G0 X102.546 Y163.404
G0 X102.374 Y163.254
G1 F3000 X135.144 Y196.024 E2461.57252
G0 F9000 X134.975 Y195.876
G0 X135.839 Y194.878
G0 X136.009 Y195.026
G1 F3000 X109.997 Y201.995 E2462.46819
G0 F9000 X110.098 Y201.789
G0 X105.937 Y199.77
G0 X105.837 Y199.974
G1 F3000 X117.306 Y157.173 E2463.94198
G0 F9000 X117.322 Y157.404
G0 X114.165 Y157.63
G0 X114.149 Y157.401
G1 F3000 X111.896 Y158.005 E2464.01956
G0 F9000 X111.97 Y158.223
G0 X110.84 Y158.614
G0 X110.766 Y158.396
G1 F3000 X100.76 Y195.74 E2465.30544
G0 F9000 X100.423 Y195.245
G1 F3000 X102.033 Y196.855 E2465.38117
G0 F9000 X102.182 Y196.685
G0 X103.12 Y197.496
G0 X102.971 Y197.667
G1 F3000 X140.311 Y187.661 E2466.66692
G0 F9000 X140.049 Y188.203
G1 F3000 X140.639 Y186.005 E2466.74261
G0 F9000 X140.416 Y185.962
G0 X140.651 Y184.741
G0 X140.874 Y184.784
G1 F3000 X113.536 Y157.446 E2468.02851
G0 F9000 X113.552 Y157.674
G0 X107.461 Y159.918
G0 X107.333 Y159.728
G1 F3000 X138.664 Y191.06 E2469.50225
G0 F9000 X138.46 Y190.96
G0 X141.21 Y181.164
G0 X141.438 Y181.148
G1 F3000 X98.641 Y192.615 E2470.97589
G0 F9000 X98.828 Y192.488
G0 X95.951 Y174.805
G0 X95.724 Y174.762
G1 F3000 X134.985 Y164.242 E2472.32778
G0 F9000 X134.836 Y164.413
G0 X134.074 Y163.753
G0 X134.223 Y163.582
G1 F3000 X123.705 Y202.839 E2473.67953
G0 F9000 X123.632 Y202.624
G0 X124.584 Y202.294
G0 X124.657 Y202.508
G1 F3000 X95.915 Y173.766 E2475.03146
G0 F9000 X96.436 Y173.866
G1 F1500 E2468.53146
;MESH:NONMESH
G0 F300 X96.436 Y173.866 Z1.4
G0 F9000 X98.524 Y167.317
G0 X97.697 Y166.602
G0 X55.297 Y129.153
G0 X55.297 Y105.847
G0 X88.297 Y80.847
G0 X115.906 Y78.36
G0 X116.111 Y77.286
G0 X117.479 Y76.705
G0 X117.5 Y77.011
;TIME_ELAPSED:3258.090304
;LAYER:6
;TYPE:WALL-INNER
;MESH:wheel(3).stl
G1 F1500 E2475.03146
G1 X122.214 Y76.671 E2475.18866
G1 X127.976 Y74.674 E2475.39149
G1 X133.037 Y71.243 E2475.59485
G1 X137.034 Y66.626 E2475.79796
G1 X139.701 Y61.137 E2476.00094
G1 X140.851 Y55.14 E2476.20403
G1 X140.411 Y49.042 E2476.40738
G1 X138.414 Y43.28 E2476.61021
G1 X134.983 Y38.219 E2476.81357
G1 X130.367 Y34.222 E2477.01666
G1 X124.877 Y31.559 E2477.21961
G1 X118.88 Y30.405 E2477.42273
G1 X112.782 Y30.845 E2477.62608
G1 X107.02 Y32.842 E2477.8289
G1 X101.959 Y36.273 E2478.03227
G1 X97.962 Y40.889 E2478.23536
G1 X95.299 Y46.379 E2478.4383
G1 X94.145 Y52.376 E2478.64142
G1 X94.585 Y58.474 E2478.84477
G1 X96.582 Y64.236 E2479.0476
G1 X100.013 Y69.298 E2479.25099
G1 X104.629 Y73.294 E2479.45406
G1 X110.119 Y75.957 E2479.657
G1 X116.116 Y77.111 E2479.86012
G1 X117.5 Y77.011 E2479.90627
G0 F9000 X117.5 Y77.412
;TYPE:WALL-OUTER
G1 F1500 X122.295 Y77.066 E2480.06617
G1 X128.157 Y75.035 E2480.27251
G1 X133.305 Y71.545 E2480.47937
G1 X137.371 Y66.848 E2480.686
G1 X140.084 Y61.264 E2480.89248
G1 X141.254 Y55.164 E2481.09907
G1 X140.806 Y48.961 E2481.30592
G1 X138.775 Y43.099 E2481.51226
G1 X135.285 Y37.951 E2481.71912
G1 X130.589 Y33.885 E2481.92572
G1 X125.004 Y31.176 E2482.13218
G1 X118.904 Y30.002 E2482.33879
G1 X112.701 Y30.45 E2482.54564
G1 X106.839 Y32.481 E2482.75198
G1 X101.691 Y35.971 E2482.95884
G1 X97.625 Y40.667 E2483.16544
G1 X94.916 Y46.252 E2483.3719
G1 X93.742 Y52.352 E2483.57851
G1 X94.19 Y58.555 E2483.78536
G1 X96.221 Y64.417 E2483.9917
G1 X99.711 Y69.566 E2484.19859
G1 X104.407 Y73.631 E2484.40517
G1 X109.992 Y76.34 E2484.61163
G1 X116.092 Y77.514 E2484.81824
G1 X117.5 Y77.412 E2484.86519
G0 F9000 X116.672 Y76.99
;TYPE:FILL
G1 F3000 X94.393 Y54.712 E2485.9131
G1 X94.398 Y54.762
G1 X138.153 Y43.038 E2487.41973
G0 F9000 X138.032 Y42.859
G1 F3000 X129.878 Y73.288 E2488.46751
G1 X129.915 Y73.263
G1 X97.883 Y41.231 E2489.9742
G0 F9000 X97.789 Y41.43
G1 F3000 X128.23 Y33.273 E2491.02239
G1 X128.183 Y33.251
G1 X116.458 Y77.007 E2492.52907
G0 F9000 X116.442 Y76.78
G0 X110.572 Y75.732
G0 X110.529 Y75.955
G1 F3000 X122.524 Y31.186 E2494.07061
G0 F9000 X121.603 Y31.01
G1 F3000 X140.385 Y49.792 E2494.95406
G0 F9000 X140.16 Y49.808
G0 X139.993 Y48.772
G0 X140.208 Y48.699
G1 F3000 X95.439 Y60.695 E2496.49561
G0 F9000 X95.746 Y61.578
G1 F3000 X102.621 Y35.921 E2497.37907
G0 F9000 X102.749 Y36.11
G0 X101.933 Y36.774
G0 X101.761 Y36.624
G1 F3000 X134.531 Y69.394 E2498.92047
G0 F9000 X135.139 Y68.692
G1 F3000 X109.491 Y75.564 E2499.80361
G0 F9000 X109.591 Y75.359
G0 X105.104 Y73.183
G0 X105.005 Y73.387
G1 F3000 X116.454 Y30.659 E2501.27489
G0 F9000 X116.47 Y30.89
G0 X114.208 Y31.053
G0 X114.192 Y30.823
G1 F3000 X109.335 Y32.125 E2501.44213
G0 F9000 X109.903 Y31.927
G1 F3000 X99.952 Y69.064 E2502.72089
G0 F9000 X100.14 Y68.937
G0 X99.49 Y67.979
G0 X99.302 Y68.106
G1 F3000 X102.806 Y71.609 E2502.88568
G0 F9000 X102.394 Y71.254
G1 F3000 X139.531 Y61.304 E2504.16443
G0 F9000 X139.326 Y61.204
G0 X138.813 Y62.261
G0 X139.018 Y62.361
G1 F3000 X140.31 Y57.539 E2504.33047
G0 F9000 X140.204 Y58.096
G1 F3000 X113.017 Y30.909 E2505.60926
G0 F9000 X113.033 Y31.137
G0 X106.876 Y33.315
G0 X106.747 Y33.124
G1 F3000 X138.026 Y64.403 E2507.08053
G0 F9000 X137.822 Y64.303
G0 X140.517 Y54.783
G0 X140.743 Y54.767
G1 F3000 X98.02 Y66.215 E2508.55163
G0 F9000 X98.208 Y66.088
G0 X95.219 Y48.434
G0 X94.993 Y48.391
G1 F3000 X134.411 Y37.829 E2509.90893
G0 F9000 X134.262 Y38
G0 X133.253 Y37.127
G0 X133.402 Y36.956
G1 F3000 X122.841 Y76.37 E2511.26609
G0 F9000 X122.768 Y76.156
G0 X124.026 Y75.719
G0 X124.099 Y75.933
G1 F3000 X95.245 Y47.078 E2512.62332
G0 F9000 X95.765 Y47.178
G1 F1500 E2506.12332
;MESH:MotorCar(1).stl
G0 F9000 X104.533 Y73.439
G0 X104.057 Y74.423
G0 X104.533 Y80.835
G0 X104.533 Y81.93
G0 X117.465 Y152.59
G0 X117.465 Y152.9
;TYPE:WALL-INNER
G1 F1500 E2512.62332
G1 X145.348 Y152.9 E2513.55071
G1 X145.35 Y128.44 E2514.36425
G1 X145.406 Y128.24 E2514.37116
G1 X145.597 Y128.012 E2514.38105
G1 X145.904 Y127.901 E2514.39191
G1 X178.348 Y127.9 E2515.471
G1 X178.348 Y107.1 E2516.16281
G1 X145.895 Y107.098 E2517.2422
G1 X145.621 Y107.004 E2517.25184
G1 X145.494 Y106.894 E2517.25743
G1 X145.388 Y106.717 E2517.26429
G1 X145.35 Y106.56 E2517.26966
G1 X145.348 Y82.1 E2518.0832
G1 X89.548 Y82.1 E2519.93912
G1 X89.546 Y106.56 E2520.75266
G1 X89.49 Y106.76 E2520.75957
G1 X89.275 Y107.004 E2520.77039
G1 X88.992 Y107.099 E2520.78032
G1 X56.548 Y107.1 E2521.85941
G1 X56.548 Y127.9 E2522.55122
G1 X89.001 Y127.902 E2523.63061
G1 X89.275 Y127.996 E2523.64024
G1 X89.402 Y128.106 E2523.64583
G1 X89.508 Y128.283 E2523.65269
G1 X89.546 Y128.44 E2523.65807
G1 X89.548 Y152.9 E2524.47161
G1 X117.465 Y152.9 E2525.40013
G0 F9000 X117.465 Y153.3
;TYPE:WALL-OUTER
G1 F1500 X145.748 Y153.3 E2526.34083
G1 X145.756 Y128.44 E2527.16768
G1 X145.906 Y128.3 E2527.1745
G1 X178.748 Y128.3 E2528.26683
G1 X178.748 Y106.7 E2528.98525
G1 X145.93 Y106.7 E2530.07678
G1 X145.796 Y106.632 E2530.08178
G1 X145.748 Y106.52 E2530.08583
G1 X145.748 Y81.7 E2530.91135
G1 X89.148 Y81.7 E2532.79387
G1 X89.14 Y106.56 E2533.62072
G1 X88.99 Y106.7 E2533.62754
G1 X56.148 Y106.7 E2534.71987
G1 X56.148 Y128.3 E2535.43829
G1 X88.966 Y128.3 E2536.52982
G1 X89.1 Y128.368 E2536.53482
G1 X89.148 Y128.48 E2536.53887
G1 X89.148 Y153.3 E2537.36439
G1 X117.465 Y153.3 E2538.30622
G0 F9000 X117.465 Y152.59
G0 X119.385 Y152.59
G0 X119.385 Y152.82
;TYPE:FILL
G1 F3000 X138.313 Y82.18 E2540.73859
G0 F9000 X138.313 Y82.41
G0 X137.174 Y82.41
G0 X137.174 Y82.18
G1 F3000 X89.628 Y94.92 E2542.37577
G0 F9000 X89.86 Y94.92
G0 X89.86 Y96.763
G0 X89.627 Y96.763
G1 F3000 X145.269 Y152.405 E2544.993
G0 F9000 X145.04 Y152.405
G0 X144.232 Y152.59
G0 X144.232 Y152.821
G1 F3000 X145.268 Y148.953 E2545.12618
G0 F9000 X145.267 Y148.34
G1 F3000 X128.546 Y152.82 E2545.70194
G1 X128.713 Y152.82
G1 X83.072 Y107.179 E2547.84875
G0 F9000 X83.072 Y107.41
G0 X81.922 Y107.41
G0 X81.922 Y107.178
G1 F3000 X76.391 Y127.82 E2548.55953
G0 F9000 X76.391 Y127.59
G0 X78.257 Y127.59
G0 X78.257 Y127.819
G1 F3000 X57.618 Y107.18 E2549.53032
G0 F9000 X57.075 Y107.18
G1 F3000 X56.628 Y108.845 E2549.58766
G0 F9000 X56.86 Y108.845
G0 X56.86 Y109.974
G0 X56.628 Y109.974
G1 F3000 X67.059 Y107.179 E2549.94684
G0 F9000 X66.103 Y107.18
G1 F3000 X86.742 Y127.819 E2550.91763
G0 F9000 X86.742 Y127.59
G0 X88.814 Y127.59
G0 X88.814 Y127.82
G1 F3000 X101.043 Y82.179 E2552.4892
G0 F9000 X100.5 Y82.18
G1 F3000 X146.141 Y127.822 E2554.63604
G0 F9000 X146.141 Y127.59
G0 X145.112 Y127.662
G0 X145.04 Y129.704
G0 X145.269 Y129.704
G1 F3000 X89.629 Y144.613 E2556.55192
G0 F9000 X89.86 Y144.613
G0 X89.86 Y147.676
G0 X89.628 Y147.676
G1 F3000 X94.772 Y152.82 E2556.79388
G0 F9000 X94.538 Y152.821
G1 F3000 X113.467 Y82.18 E2559.22629
G0 F9000 X113.992 Y82.18
G1 F3000 X89.628 Y88.708 E2560.06523
G0 F9000 X89.628 Y88.279
G1 F3000 X145.269 Y143.92 E2562.68241
G0 F9000 X145.04 Y143.92
G0 X145.04 Y142.128
G0 X145.268 Y142.128
G1 F3000 X105.364 Y152.82 E2564.05644
G0 F9000 X105.364 Y152.59
G0 X106.962 Y152.59
G0 X106.962 Y152.82
G1 F3000 X125.89 Y82.18 E2566.48882
G1 X125.956 Y82.18
G1 X145.268 Y101.492 E2567.39719
G0 F9000 X145.04 Y101.492
G0 X145.04 Y102.588
G0 X145.268 Y102.588
G1 F3000 X131.808 Y152.821 E2569.12689
G0 F9000 X131.808 Y152.59
G0 X137.199 Y152.59
G0 X137.199 Y152.82
G1 F3000 X89.626 Y105.248 E2571.36455
G0 F9000 X89.86 Y105.248
G0 X89.788 Y107.338
G0 X88.133 Y107.41
G0 X88.133 Y107.178
G1 F3000 X82.602 Y127.82 E2572.07533
G1 X82.753 Y127.82
G1 X159.785 Y107.18 E2574.7278
G0 F9000 X159.441 Y107.18
G1 F3000 X178.268 Y126.007 E2575.61336
G0 F9000 X178.04 Y126.007
G0 X178.04 Y127.074
G0 X178.267 Y127.074
G1 F3000 X175.481 Y127.821 E2575.7093
G0 F9000 X175.777 Y127.82
G1 F3000 X178.268 Y118.524 E2576.02939
G0 F9000 X178.04 Y118.524
G0 X178.04 Y117.522
G0 X178.268 Y117.522
G1 F3000 X167.926 Y107.18 E2576.51585
G0 F9000 X168.884 Y107.18
G1 F3000 X163.354 Y127.821 E2577.22658
G0 F9000 X163.111 Y127.821
G1 F3000 X117.47 Y82.18 E2579.37339
G0 F9000 X117.47 Y82.41
G0 X119.678 Y82.41
G0 X119.678 Y82.179
G1 F3000 X100.75 Y152.82 E2581.8058
G0 F9000 X100.75 Y152.59
G0 X103.257 Y152.59
G0 X103.257 Y152.82
G1 F3000 X89.628 Y139.19 E2582.44689
G0 F9000 X89.628 Y138.401
G1 F3000 X178.267 Y114.651 E2585.49903
G0 F9000 X178.04 Y114.651
G0 X178.04 Y109.037
G0 X178.268 Y109.037
G1 F3000 X176.411 Y107.18 E2585.58638
G0 F9000 X176.411 Y107.41
G0 X175.096 Y107.41
G0 X175.096 Y107.18
G1 F3000 X169.566 Y127.82 E2586.29708
G0 F9000 X169.566 Y127.59
G0 X171.596 Y127.59
G0 X171.596 Y127.82
G1 F3000 X150.955 Y107.18 E2587.26795
G0 F9000 X150.25 Y107.179
G1 F3000 X138.02 Y152.82 E2588.83953
G0 F9000 X138.02 Y152.59
G0 X125.597 Y152.59
G0 X125.597 Y152.821
G1 F3000 X144.525 Y82.18 E2591.27194
G0 F9000 X144.525 Y82.41
G0 X142.926 Y82.41
G0 X142.926 Y82.18
G1 F3000 X145.268 Y84.522 E2591.3821
G0 F9000 X145.04 Y84.522
G0 X145.04 Y86.223
G0 X145.267 Y86.223
G1 F3000 X89.628 Y101.132 E2593.29795
G0 F9000 X89.627 Y101.602
G1 F3000 X94.832 Y82.179 E2593.96675
G0 F9000 X94.832 Y82.41
G0 X92.014 Y82.41
G0 X92.014 Y82.18
G1 F3000 X145.269 Y135.434 E2596.47168
G0 F9000 X145.269 Y135.916
G1 F3000 X89.628 Y150.825 E2598.38759
G0 F9000 X89.86 Y150.825
G0 X89.86 Y147.963
G0 X89.628 Y147.963
G1 F3000 X107.255 Y82.18 E2600.65273
G0 F9000 X107.255 Y82.41
G0 X108.985 Y82.41
G0 X108.985 Y82.18
G1 F3000 X154.627 Y127.822 E2602.79959
G0 F9000 X154.627 Y127.59
G0 X152.294 Y127.59
G0 X152.294 Y127.822
G1 F3000 X178.267 Y120.862 E2603.69393
G0 F9000 X178.04 Y120.862
G0 X178.04 Y108.439
G0 X178.267 Y108.439
G1 F3000 X89.628 Y132.19 E2606.74608
G0 F9000 X89.86 Y132.19
G0 X89.86 Y130.705
G0 X89.628 Y130.705
G1 F3000 X111.743 Y152.82 E2607.7863
G0 F9000 X111.743 Y152.59
G0 X113.173 Y152.59
G0 X113.173 Y152.821
G1 F3000 X132.102 Y82.18 E2610.21872
G0 F9000 X132.102 Y82.41
G0 X134.441 Y82.41
G0 X134.441 Y82.18
G1 F3000 X145.268 Y93.007 E2610.72799
G0 F9000 X145.268 Y92.435
G1 F3000 X56.629 Y116.185 E2613.78013
G0 F9000 X56.86 Y116.185
G0 X56.86 Y114.676
G0 X56.628 Y114.676
G1 F3000 X69.772 Y127.819 E2614.39836
G0 F9000 X70.179 Y127.82
G1 F3000 X75.71 Y107.178 E2615.10913
G0 F9000 X75.71 Y107.41
G0 X74.588 Y107.41
G0 X74.588 Y107.18
G1 F3000 X120.228 Y152.82 E2617.2559
G1 F1500 E2610.7559
G0 F9000 X120.228 Y152.59
G0 X145.112 Y127.662
G0 X150.93 Y127.59
G0 X150.93 Y127.822
G1 F1500 E2617.2559
G1 F3000 X156.461 Y107.18 E2617.96667
G0 F9000 X156.461 Y107.41
G0 X162.673 Y107.41
G0 X162.673 Y107.18
G1 F3000 X157.142 Y127.822 E2618.67745
G0 F9000 X157.142 Y127.59
G0 X145.112 Y107.338
G0 X145.04 Y104.858
G0 X145.268 Y104.858
G1 F3000 X59.571 Y127.82 E2621.62828
G0 F9000 X59.571 Y127.59
G0 X61.286 Y127.59
G0 X61.286 Y127.819
G1 F3000 X56.628 Y123.161 E2621.84738
G0 F9000 X56.628 Y122.397
G1 F3000 X145.267 Y98.646 E2624.89953
G1 F1500 E2618.39953
G0 F9000 X145.04 Y98.646
G0 X90.81 Y82.41
G0 X90.81 Y82.18
G1 F1500 E2624.89953
G1 F3000 X89.628 Y82.497 E2624.94023
G1 F1500 E2618.44023
G0 F9000 X89.86 Y82.497
G0 X89.788 Y107.338
G0 X69.498 Y107.41
G0 X69.498 Y107.179
G1 F1500 E2624.94023
G1 F3000 X63.967 Y127.82 E2625.65097
G0 F9000 X63.967 Y127.59
G0 X57.756 Y127.59
G0 X57.756 Y127.821
G1 F3000 X63.286 Y107.18 E2626.36171
G0 F9000 X63.286 Y107.71
G1 F1500 E2619.86171
;MESH:wheel(3).stl(1)
G0 F9000 X89.388 Y128.062
G0 X117.883 Y153.07
G0 X117.883 Y154.165
G0 X118.077 Y155.772
G0 X118.154 Y156.843
G0 X117.883 Y203.251
G0 X117.904 Y203.557
;TYPE:WALL-INNER
G1 F1500 E2626.36171
G1 X122.918 Y203.195 E2626.52891
G1 X128.68 Y201.198 E2626.73174
G1 X133.741 Y197.767 E2626.9351
G1 X137.738 Y193.151 E2627.13819
G1 X140.401 Y187.661 E2627.34113
G1 X141.555 Y181.664 E2627.54425
G1 X141.115 Y175.566 E2627.7476
G1 X139.118 Y169.804 E2627.95043
G1 X135.687 Y164.743 E2628.15379
G1 X131.071 Y160.746 E2628.35688
G1 X125.581 Y158.083 E2628.55983
G1 X119.584 Y156.929 E2628.76295
G1 X113.486 Y157.369 E2628.9663
G1 X107.724 Y159.366 E2629.16912
G1 X102.663 Y162.797 E2629.37249
G1 X98.666 Y167.414 E2629.5756
G1 X95.999 Y172.903 E2629.77858
G1 X94.849 Y178.9 E2629.98167
G1 X95.289 Y184.998 E2630.18502
G1 X97.286 Y190.76 E2630.38785
G1 X100.717 Y195.822 E2630.59124
G1 X105.334 Y199.818 E2630.79433
G1 X110.823 Y202.485 E2630.9973
G1 X116.82 Y203.635 E2631.2004
G1 X117.904 Y203.557 E2631.23655
G0 F9000 X117.899 Y203.958
;TYPE:WALL-OUTER
G1 F1500 X122.999 Y203.59 E2631.40661
G1 X128.861 Y201.559 E2631.61296
G1 X134.009 Y198.069 E2631.81982
G1 X138.075 Y193.373 E2632.02642
G1 X140.784 Y187.788 E2632.23287
G1 X141.958 Y181.688 E2632.43948
G1 X141.51 Y175.485 E2632.64633
G1 X139.479 Y169.623 E2632.85268
G1 X135.989 Y164.475 E2633.05954
G1 X131.293 Y160.409 E2633.26614
G1 X125.708 Y157.7 E2633.47259
G1 X119.608 Y156.526 E2633.6792
G1 X113.405 Y156.974 E2633.88605
G1 X107.543 Y159.005 E2634.0924
G1 X102.395 Y162.495 E2634.29926
G1 X98.329 Y167.192 E2634.50588
G1 X95.616 Y172.776 E2634.71237
G1 X94.446 Y178.876 E2634.91895
G1 X94.894 Y185.079 E2635.1258
G1 X96.925 Y190.941 E2635.33214
G1 X100.415 Y196.09 E2635.53903
G1 X105.112 Y200.155 E2635.74564
G1 X110.696 Y202.868 E2635.95212
G1 X116.796 Y204.038 E2636.15871
G1 X117.899 Y203.958 E2636.19549
G0 F9000 X117.378 Y203.515
;TYPE:FILL
G1 F3000 X95.097 Y181.234 E2637.24352
G1 X95.102 Y181.286
G1 X138.857 Y169.562 E2638.75015
G0 F9000 X138.735 Y169.382
G1 F3000 X130.581 Y199.813 E2639.798
G1 X130.62 Y199.786
G1 X98.588 Y167.755 E2641.30466
G0 F9000 X98.492 Y167.954
G1 F3000 X128.934 Y159.797 E2642.35288
G1 X128.886 Y159.775
G1 X117.162 Y203.531 E2643.85955
G0 F9000 X117.146 Y203.304
G0 X111.274 Y202.257
G0 X111.231 Y202.482
G1 F3000 X123.227 Y157.71 E2645.4012
G0 F9000 X122.31 Y157.535
G1 F3000 X141.089 Y176.314 E2646.2845
G0 F9000 X140.863 Y176.33
G0 X140.696 Y175.296
G0 X140.911 Y175.223
G1 F3000 X96.143 Y187.219 E2647.82602
G0 F9000 X96.449 Y188.1
G1 F3000 X103.323 Y162.447 E2648.70935
G0 F9000 X103.451 Y162.636
G0 X102.638 Y163.297
G0 X102.466 Y163.147
G1 F3000 X135.236 Y195.917 E2650.25075
G0 F9000 X135.843 Y195.216
G1 F3000 X110.191 Y202.089 E2651.13403
G0 F9000 X110.292 Y201.883
G0 X105.808 Y199.707
G0 X105.708 Y199.911
G1 F3000 X117.157 Y157.183 E2652.6053
G0 F9000 X117.173 Y157.414
G0 X114.911 Y157.577
G0 X114.895 Y157.347
G1 F3000 X110.04 Y158.648 E2652.77248
G0 F9000 X110.605 Y158.452
G1 F3000 X100.655 Y195.586 E2654.05113
G0 F9000 X100.842 Y195.46
G0 X100.191 Y194.498
G0 X100.003 Y194.625
G1 F3000 X103.521 Y198.143 E2654.2166
G0 F9000 X103.099 Y197.778
G1 F3000 X140.23 Y187.829 E2655.49515
G0 F9000 X140.027 Y187.73
G0 X139.52 Y188.777
G0 X139.723 Y188.876
G1 F3000 X141.01 Y184.072 E2655.66056
G0 F9000 X140.907 Y184.617
G1 F3000 X113.722 Y157.432 E2656.93926
G0 F9000 X113.738 Y157.661
G0 X107.58 Y159.838
G0 X107.452 Y159.648
G1 F3000 X138.729 Y190.925 E2658.41044
G0 F9000 X138.525 Y190.826
G0 X141.22 Y181.307
G0 X141.448 Y181.291
G1 F3000 X98.724 Y192.739 E2659.88157
G0 F9000 X98.912 Y192.612
G0 X95.922 Y174.959
G0 X95.694 Y174.916
G1 F3000 X135.115 Y164.353 E2661.23897
G0 F9000 X134.965 Y164.525
G0 X133.955 Y163.651
G0 X134.105 Y163.479
G1 F3000 X123.544 Y202.894 E2662.59616
G0 F9000 X123.471 Y202.68
G0 X124.731 Y202.243
G0 X124.804 Y202.456
G1 F3000 X95.947 Y173.598 E2663.95353
G0 F9000 X96.469 Y173.698
G1 F1500 E2657.45353
;MESH:NONMESH
G0 F300 X96.469 Y173.698 Z1.6
G0 F9000 X98.524 Y167.317
G0 X97.697 Y166.602
G0 X55.297 Y129.153
G0 X55.297 Y105.847
G0 X88.297 Y80.847
G0 X115.906 Y78.36
G0 X116.111 Y77.286
G0 X117.479 Y76.705
G0 X117.5 Y77.011
;TIME_ELAPSED:3432.713769
;LAYER:7
;TYPE:WALL-INNER
;MESH:wheel(3).stl
G1 F1500 E2663.95353
G1 X122.214 Y76.671 E2664.11073
G1 X127.976 Y74.674 E2664.31356
G1 X133.037 Y71.243 E2664.51692
G1 X137.034 Y66.626 E2664.72003
G1 X139.701 Y61.137 E2664.92301
G1 X140.851 Y55.14 E2665.1261
G1 X140.411 Y49.042 E2665.32945
G1 X138.414 Y43.28 E2665.53228
G1 X134.983 Y38.219 E2665.73564
G1 X130.367 Y34.222 E2665.93873
G1 X124.877 Y31.559 E2666.14168
G1 X118.88 Y30.405 E2666.3448
G1 X112.782 Y30.845 E2666.54815
G1 X107.02 Y32.842 E2666.75097
G1 X101.959 Y36.273 E2666.95434
G1 X97.962 Y40.889 E2667.15743
G1 X95.299 Y46.379 E2667.36037
G1 X94.145 Y52.376 E2667.56349
G1 X94.585 Y58.474 E2667.76684
G1 X96.582 Y64.236 E2667.96967
G1 X100.013 Y69.298 E2668.17306
G1 X104.629 Y73.294 E2668.37613
G1 X110.119 Y75.957 E2668.57907
G1 X116.116 Y77.111 E2668.78219
G1 X117.5 Y77.011 E2668.82834
G0 F9000 X117.5 Y77.412
;TYPE:WALL-OUTER
G1 F1500 X122.295 Y77.066 E2668.98824
G1 X128.157 Y75.035 E2669.19458
G1 X133.305 Y71.545 E2669.40144
G1 X137.371 Y66.848 E2669.60807
G1 X140.084 Y61.264 E2669.81455
G1 X141.254 Y55.164 E2670.02114
G1 X140.806 Y48.961 E2670.22799
G1 X138.775 Y43.099 E2670.43433
G1 X135.285 Y37.951 E2670.64119
G1 X130.589 Y33.885 E2670.84779
G1 X125.004 Y31.176 E2671.05425
G1 X118.904 Y30.002 E2671.26086
G1 X112.701 Y30.45 E2671.46771
G1 X106.839 Y32.481 E2671.67405
G1 X101.691 Y35.971 E2671.88091
G1 X97.625 Y40.667 E2672.08751
G1 X94.916 Y46.252 E2672.29397
G1 X93.742 Y52.352 E2672.50058
G1 X94.19 Y58.555 E2672.70743
G1 X96.221 Y64.417 E2672.91377
G1 X99.711 Y69.566 E2673.12066
G1 X104.407 Y73.631 E2673.32724
G1 X109.992 Y76.34 E2673.53369
G1 X116.092 Y77.514 E2673.7403
G1 X117.5 Y77.412 E2673.78726
G0 F9000 X116.859 Y76.977
;TYPE:FILL
G1 F3000 X94.378 Y54.495 E2674.84472
G0 F9000 X94.408 Y54.906
G1 F3000 X138.238 Y43.162 E2676.35393
G0 F9000 X137.926 Y42.703
G1 F3000 X129.699 Y73.41 E2677.41127
G0 F9000 X130.034 Y73.181
G1 F3000 X97.949 Y41.096 E2678.92045
G0 F9000 X97.707 Y41.599
G1 F3000 X128.425 Y33.368 E2679.97818
G0 F9000 X128.053 Y33.188
G1 F3000 X116.308 Y77.018 E2681.4874
G0 F9000 X116.292 Y76.79
G0 X110.432 Y75.705
G0 X110.389 Y75.929
G1 F3000 X122.384 Y31.16 E2683.02895
G0 F9000 X121.851 Y31.058
G1 F3000 X140.37 Y49.576 E2683.9
G0 F9000 X140.254 Y48.834
G1 F3000 X95.485 Y60.829 E2685.44154
G0 F9000 X95.663 Y61.339
G1 F3000 X102.441 Y36.044 E2686.31254
G0 F9000 X101.854 Y36.516
G1 F3000 X134.625 Y69.287 E2687.85399
G0 F9000 X134.973 Y68.883
G1 F3000 X109.686 Y75.659 E2688.72471
G0 F9000 X109.786 Y75.454
G0 X104.974 Y73.12
G0 X104.875 Y73.324
G1 F3000 X116.304 Y30.671 E2690.1934
G0 F9000 X116.32 Y30.9
G0 X114.959 Y30.999
G0 X114.943 Y30.769
G1 F3000 X107.465 Y32.773 E2690.45089
G0 F9000 X106.866 Y33.043
G1 F3000 X138.092 Y64.268 E2691.91965
G0 F9000 X137.887 Y64.168
G0 X138.485 Y62.936
G0 X138.69 Y63.036
G1 F3000 X140.68 Y55.61 E2692.17535
G0 F9000 X140.754 Y54.911
G1 F3000 X98.104 Y66.339 E2693.64393
G0 F9000 X98.292 Y66.212
G0 X99.067 Y67.355
G0 X98.879 Y67.482
G1 F3000 X104.303 Y72.906 E2693.89906
G0 F9000 X104.453 Y72.734
G0 X102.674 Y71.194
G0 X102.524 Y71.366
G1 F3000 X139.449 Y61.473 E2695.17051
G0 F9000 X139.244 Y61.373
G0 X140.012 Y57.885
G0 X140.236 Y57.928
G1 F3000 X113.204 Y30.896 E2696.44201
G0 F9000 X113.22 Y31.124
G0 X109.814 Y32.202
G0 X109.74 Y31.984
G1 F3000 X99.846 Y68.908 E2697.71343
G0 F9000 X100.034 Y68.781
G0 X95.189 Y48.589
G0 X94.963 Y48.546
G1 F3000 X134.54 Y37.941 E2699.07621
G0 F9000 X134.391 Y38.112
G0 X133.133 Y37.023
G0 X133.282 Y36.853
G1 F3000 X122.679 Y76.426 E2700.43884
G0 F9000 X122.606 Y76.212
G0 X124.176 Y75.667
G0 X124.248 Y75.88
G1 F3000 X95.278 Y46.91 E2701.8015
G0 F9000 X95.797 Y47.01
G1 F1500 E2695.3015
;MESH:MotorCar(1).stl
G0 F9000 X104.533 Y73.439
G0 X104.057 Y74.423
G0 X104.533 Y80.835
G0 X104.533 Y81.93
G0 X117.465 Y152.59
G0 X117.465 Y152.9
;TYPE:WALL-INNER
G1 F1500 E2701.8015
G1 X145.348 Y152.9 E2702.72889
G1 X145.35 Y128.44 E2703.54243
G1 X145.406 Y128.24 E2703.54934
G1 X145.597 Y128.012 E2703.55923
G1 X145.904 Y127.901 E2703.57009
G1 X178.348 Y127.9 E2704.64918
G1 X178.348 Y107.1 E2705.34099
G1 X145.895 Y107.098 E2706.42038
G1 X145.621 Y107.004 E2706.43002
G1 X145.494 Y106.894 E2706.43561
G1 X145.388 Y106.717 E2706.44247
G1 X145.35 Y106.56 E2706.44784
G1 X145.348 Y82.1 E2707.26138
G1 X89.548 Y82.1 E2709.1173
G1 X89.546 Y106.56 E2709.93084
G1 X89.49 Y106.76 E2709.93775
G1 X89.275 Y107.004 E2709.94857
G1 X88.992 Y107.099 E2709.9585
G1 X56.548 Y107.1 E2711.03759
G1 X56.548 Y127.9 E2711.7294
G1 X89.001 Y127.902 E2712.80879
G1 X89.275 Y127.996 E2712.81842
G1 X89.402 Y128.106 E2712.82401
G1 X89.508 Y128.283 E2712.83087
G1 X89.546 Y128.44 E2712.83625
G1 X89.548 Y152.9 E2713.64979
G1 X117.465 Y152.9 E2714.57831
G0 F9000 X117.465 Y153.3
;TYPE:WALL-OUTER
G1 F1500 X145.748 Y153.3 E2715.51901
G1 X145.756 Y128.44 E2716.34586
G1 X145.906 Y128.3 E2716.35268
G1 X178.748 Y128.3 E2717.44501
G1 X178.748 Y106.7 E2718.16343
G1 X145.93 Y106.7 E2719.25496
G1 X145.796 Y106.632 E2719.25996
G1 X145.748 Y106.52 E2719.26401
G1 X145.748 Y81.7 E2720.08953
G1 X89.148 Y81.7 E2721.97205
G1 X89.14 Y106.56 E2722.7989
G1 X88.99 Y106.7 E2722.80572
G1 X56.148 Y106.7 E2723.89805
G1 X56.148 Y128.3 E2724.61647
G1 X88.966 Y128.3 E2725.708
G1 X89.1 Y128.368 E2725.713
G1 X89.148 Y128.48 E2725.71705
G1 X89.148 Y153.3 E2726.54257
G1 X117.465 Y153.3 E2727.4844
G0 F9000 X117.465 Y152.59
G0 X119.238 Y152.59
G0 X119.238 Y152.82
;TYPE:FILL
G1 F3000 X119.456 Y152 E2727.51262
G1 X119.61 Y152
G1 X120.429 Y152.82 E2727.55116
G0 F9000 X120.429 Y152.59
G0 X125.45 Y152.59
G0 X125.45 Y152.821
G1 F3000 X125.67 Y152 E2727.57943
G1 X128.093 Y152 E2727.66002
G1 X128.914 Y152.82 E2727.69862
G1 X129.095 Y152.82
G1 X132.158 Y152 E2727.80408
G0 F9000 X131.88 Y152
G1 F3000 X131.661 Y152.821 E2727.83234
G0 F9000 X131.661 Y152.59
G0 X128.095 Y152
G0 X125.67 Y152
G0 X136.58 Y152
G0 X137.399 Y152.59
G0 X137.399 Y152.82
G1 F3000 X136.578 Y152 E2727.87094
G1 X132.158 Y152 E2728.01795
G1 X144.8 Y148.612 E2728.45326
G1 X144.8 Y143.251 E2728.63157
G1 X90.4 Y88.851 E2731.19037
G0 F9000 X90.4 Y88.649
G1 F3000 X90.8 Y88.542 E2731.20415
G1 X90.8 Y82.329 E2731.41079
G1 X91.359 Y82.18 E2731.43003
G1 X91.2 Y82.3
G1 X91.2 Y88.435 E2731.63408
G0 F9000 X90.8 Y88.542
G1 F3000 X92.4 Y88.113 E2731.68918
G1 X92.4 Y82.366 E2731.88033
G1 X92.215 Y82.18 E2731.88905
G0 F9000 X92 Y82.3
G1 F3000 X92 Y88.22 E2732.08595
G0 F9000 X92.4 Y88.113
G1 F3000 X114.541 Y82.18 E2732.84835
G0 F9000 X114.541 Y82.41
G0 X113.32 Y82.41
G0 X113.32 Y82.179
G1 F3000 X113.155 Y82.8 E2732.86972
G0 F9000 X111.2 Y83.075
G1 F3000 X111.2 Y82.3 E2732.89549
G0 F9000 X110.4 Y82.3
G1 F3000 X110.4 Y83.29 E2732.92842
G0 F9000 X109.805 Y82.8
G1 F3000 X109.186 Y82.18 E2732.95756
G0 F9000 X109.186 Y82.41
G0 X107.108 Y82.41
G0 X107.108 Y82.18
G1 F3000 X106.941 Y82.8 E2732.97892
G1 X101.321 Y82.8 E2733.16584
G1 X100.7 Y82.18 E2733.19502
G1 X100.896 Y82.179
G1 X100.729 Y82.8 E2733.21641
G1 X94.519 Y82.8 E2733.42296
G1 X90.4 Y98.166 E2733.95208
G0 F9000 X90.552 Y97.6
G1 F3000 X89.747 Y97.6 E2733.97885
G0 F9000 X90.4 Y97.335
G1 F3000 X89.627 Y96.563 E2734.01519
G0 F9000 X89.86 Y96.563
G0 X89.86 Y95.067
G0 X89.628 Y95.067
G1 F3000 X90.4 Y94.86 E2734.04177
G1 X90.4 Y88.851 E2734.24163
G1 X89.628 Y88.078 E2734.27797
G0 F9000 X89.628 Y88.855
G1 F3000 X90.4 Y88.649 E2734.30454
G1 X90.4 Y82.437 E2734.51115
G1 X90.8 Y82.329 E2734.52494
G0 F9000 X90.4 Y82.437
G1 F3000 X89.628 Y82.644 E2734.55152
G0 F9000 X89.86 Y82.644
G0 X92.4 Y82.41
G0 X92.4 Y82.366
G1 F3000 X92.836 Y82.8 E2734.57198
G1 X94.518 Y82.8 E2734.62792
G1 X94.685 Y82.179 E2734.64931
G0 F9000 X94.519 Y82.8
G0 X92.836 Y82.8
G1 F3000 X144.8 Y134.765 E2737.09356
G1 X144.8 Y136.189 E2737.14093
G1 X90.4 Y150.766 E2739.01411
G0 F9000 X89.748 Y151.2
G1 F3000 X93.352 Y151.2 E2739.13398
G0 F9000 X94.152 Y152
G1 F3000 X89.748 Y152 E2739.28046
G0 F9000 X89.748 Y152.4
G1 F3000 X94.502 Y152.4 E2739.43857
G0 F9000 X94.611 Y152
G1 F3000 X94.391 Y152.821 E2739.46684
G0 F9000 X94.973 Y152.82
G1 F3000 X90.4 Y148.246 E2739.68197
G1 X90.4 Y144.553 E2739.8048
G1 X144.344 Y130.098 E2741.66228
G1 X145.369 Y126.851 E2741.77553
G1 X101.319 Y82.8 E2743.84753
G1 X100.73 Y82.8 E2743.86712
G1 X88.667 Y127.82 E2745.41731
G0 F9000 X88.833 Y127.2
G1 F3000 X86.347 Y127.2 E2745.5
G0 F9000 X85.616 Y127.2
G1 F3000 X83.302 Y127.82 E2745.57968
G0 F9000 X82.455 Y127.82
G1 F3000 X82.62 Y127.2 E2745.60101
G1 X82.621 Y127.2
G1 X77.84 Y127.2 E2745.76003
G1 X58.64 Y108 E2746.66314
G0 F9000 X58.041 Y107.404
G1 F3000 X58.64 Y108 E2746.69124
G1 X62.919 Y108 E2746.83357
G1 X63.139 Y107.18 E2746.8618
G0 F9000 X62.92 Y108
G0 X64.545 Y108
G0 X66.304 Y107.41
G0 X66.304 Y107.18
G1 F3000 X67.125 Y108 E2746.9004
G1 X69.131 Y108 E2746.96712
G1 X69.351 Y107.179 E2746.99539
G0 F9000 X69.132 Y108
G0 X67.608 Y107.41
G0 X67.608 Y107.179
G1 F3000 X64.545 Y108 E2747.10086
G1 X67.123 Y108 E2747.1866
G1 X86.943 Y127.819 E2748.11885
G0 F9000 X86.943 Y127.59
G0 X89.313 Y127.59
G0 X89.313 Y127.805
G1 F3000 X89.094 Y126.268 E2748.17049
G0 F9000 X89.483 Y126.163
G1 F3000 X85.616 Y127.2 E2748.30365
G1 X82.621 Y127.2 E2748.40326
G1 X87.66 Y108.397 E2749.05072
G0 F9000 X87.724 Y108
G1 F3000 X90.4 Y107.284 E2749.14286
G1 X90.4 Y105.822 E2749.19148
G1 X90.307 Y105.726 E2749.19593
G1 X90.311 Y101.097 E2749.34989
G1 X90.4 Y101.073 E2749.35296
G1 X90.4 Y98.166 E2749.44964
G1 X89.627 Y101.054 E2749.54908
G0 F9000 X89.628 Y101.279
G1 F3000 X90.311 Y101.097 E2749.57259
G1 X90.4 Y101.073
G1 X144.8 Y86.495 E2751.44578
G1 X144.8 Y83.854 E2751.53362
G1 X143.746 Y82.8 E2751.5832
G1 X138.001 Y82.8 E2751.77428
G1 X119.456 Y152 E2754.1571
G1 X113.247 Y152 E2754.36361
G1 X113.026 Y152.821 E2754.39189
G0 F9000 X113.247 Y152
G0 X111.943 Y152.59
G0 X111.943 Y152.82
G1 F3000 X111.122 Y152 E2754.43048
G1 X108.973 Y152 E2754.50196
G1 X144.8 Y142.4 E2755.7356
G1 X144.8 Y136.188 E2755.94222
G1 X145.269 Y136.063 E2755.95836
G0 F9000 X144.8 Y136.188
G0 X145.04 Y135.233
G0 X145.269 Y135.233
G1 F3000 X144.8 Y134.763 E2755.98044
G1 X144.8 Y129.976 E2756.13966
G1 X145.269 Y129.851 E2756.1558
G0 F9000 X144.8 Y129.976
G1 F3000 X144.344 Y130.098 E2756.1715
G0 F9000 X145.112 Y127.662
G0 X146.342 Y127.59
G0 X146.342 Y127.822
G1 F3000 X145.721 Y127.2 E2756.20074
G0 F9000 X145.369 Y126.851
G1 F3000 X145.721 Y127.2 E2756.21722
G1 X150.949 Y127.2 E2756.39111
G1 X156.095 Y108 E2757.05224
G1 X157.271 Y108 E2757.09136
G1 X89.872 Y126.059 E2759.41213
G1 X90.651 Y131.525 E2759.59577
G1 X111.124 Y152 E2760.5588
G1 X113.245 Y152 E2760.62934
G1 X131.79 Y82.8 E2763.01216
G1 X135.261 Y82.8 E2763.12761
G1 X144.8 Y92.337 E2763.57625
G0 F9000 X144.8 Y92.707
G1 F3000 X90.4 Y107.284 E2765.44943
G0 F9000 X91.839 Y107.261
G1 F3000 X136.58 Y152 E2767.55386
G1 X138.092 Y152 E2767.60415
G1 X137.873 Y152.82 E2767.63238
G0 F9000 X137.873 Y152.59
G0 X144.085 Y152.59
G0 X144.085 Y152.821
G1 F3000 X144.305 Y152 E2767.66065
G1 X145.064 Y152 E2767.6859
G1 X145.269 Y152.204 E2767.69552
G0 F9000 X145.064 Y152
G1 F3000 X90.4 Y97.335 E2770.26677
G1 X90.4 Y94.86 E2770.34908
G1 X137.723 Y82.18 E2771.97858
G0 F9000 X138.166 Y82.18
G1 F3000 X138.001 Y82.8 E2771.99991
G1 X138 Y82.8
G1 X135.514 Y82.8 E2772.0826
G0 F9000 X135.261 Y82.8
G1 F3000 X134.642 Y82.18 E2772.11174
G0 F9000 X134.642 Y82.41
G0 X131.955 Y82.41
G0 X131.955 Y82.18
G1 F3000 X131.789 Y82.8 E2772.13309
G1 X126.777 Y82.8 E2772.29979
G1 X126.156 Y82.18 E2772.32897
G0 F9000 X125.743 Y82.18
G1 F3000 X125.576 Y82.8 E2772.35033
G1 X119.365 Y82.8 E2772.55691
G1 X100.822 Y152 E2774.93971
G1 X100.823 Y152
G1 X94.611 Y152 E2775.14632
G1 X113.155 Y82.8 E2777.52913
G1 X118.29 Y82.8 E2777.69992
G1 X162.69 Y127.2 E2779.78836
G0 F9000 X163.374 Y127.2
G1 F3000 X163.207 Y127.821 E2779.80975
G1 X163.312 Y127.821
G1 X162.69 Y127.2 E2779.83898
G1 X157.162 Y127.2 E2780.02284
G1 X156.995 Y127.822 E2780.04427
G0 F9000 X156.4 Y127.701
G1 F3000 X156.4 Y126.868 E2780.07197
G0 F9000 X157.162 Y127.2
G1 F3000 X162.306 Y108 E2780.73309
G0 F9000 X162.394 Y107.672
G1 F3000 X162.306 Y108 E2780.74438
G1 X160.462 Y108 E2780.80571
G1 X159.641 Y107.18 E2780.84431
G0 F9000 X160.333 Y107.18
G1 F3000 X157.273 Y108 E2780.94967
G1 X160.461 Y108 E2781.05571
G1 X177.6 Y125.137 E2781.86183
G1 X177.707 Y125.246
G1 X178.268 Y125.806 E2781.88819
G1 X178.147 Y125.921
G1 X176.014 Y127.7 E2781.98057
G1 X176.029 Y127.821
G1 X178.268 Y127.221 E2782.05767
G0 F9000 X178.148 Y126.441
G1 F3000 X176.713 Y127.637 E2782.1198
G0 F9000 X176.713 Y127.59
G0 X175.796 Y127.2
G1 F3000 X175.921 Y126.736 E2782.13578
G0 F9000 X175.63 Y127.59
G0 X175.63 Y127.82
G1 F3000 X175.796 Y127.2 E2782.15713
G1 X171.178 Y127.2 E2782.31073
G1 X171.797 Y127.82 E2782.33987
G0 F9000 X171.178 Y127.2
G0 X169.585 Y127.2
G0 X169.418 Y127.821
G1 F3000 X169.584 Y127.2 E2782.36125
G1 X163.374 Y127.2 E2782.56779
G1 X168.604 Y107.675 E2783.24009
G1 X162.394 Y107.672 E2783.44663
G1 X162.526 Y107.18 E2783.46358
G0 F9000 X162.526 Y107.41
G0 X160.462 Y108
G0 X157.273 Y108
G0 X156.095 Y108
G0 X156.314 Y107.18
G1 F3000 X156.094 Y108 E2783.49181
G1 X151.977 Y108 E2783.62875
G1 X151.156 Y107.18 E2783.66734
G0 F9000 X151.156 Y107.41
G0 X150.103 Y107.41
G0 X150.103 Y107.179
G1 F3000 X149.989 Y107.6 E2783.68185
G1 X143.778 Y107.6 E2783.88843
G1 X143.671 Y108 E2783.9022
G0 F9000 X143.778 Y107.6
G1 F3000 X144.8 Y103.787 E2784.0335
G0 F9000 X145.04 Y105.005
G0 X145.268 Y105.005
G1 F3000 X62.434 Y127.2 E2786.88575
G0 F9000 X61.487 Y127.59
G0 X61.487 Y127.819
G1 F3000 X60.867 Y127.2 E2786.91489
G1 X57.776 Y127.2 E2787.0177
G1 X57.609 Y127.821 E2787.03909
G0 F9000 X57.2 Y127.7
G1 F3000 X57.2 Y123.531 E2787.17775
G1 X57.2 Y123.533
G1 X57.2 Y122.39 E2787.21576
G1 X56.628 Y122.544 E2787.23547
G0 F9000 X56.628 Y122.96
G1 F3000 X60.869 Y127.2 E2787.43493
G1 X62.434 Y127.2 E2787.48698
G1 X60.12 Y127.82 E2787.56666
G0 F9000 X60.869 Y127.2
G0 X63.82 Y127.59
G0 X63.82 Y127.82
G1 F3000 X63.986 Y127.2 E2787.588
G1 X69.352 Y127.2 E2787.76648
G1 X69.972 Y127.819 E2787.79562
G1 X70.032 Y127.82
G1 X70.199 Y127.2 E2787.81697
G1 X76.41 Y127.2 E2788.02355
G1 X81.555 Y108 E2788.68468
G1 X84.093 Y108 E2788.76909
G1 X128.095 Y152 E2790.83876
G1 X131.88 Y152 E2790.96465
G1 X143.671 Y108 E2792.47973
G1 X149.882 Y108 E2792.68631
G1 X149.989 Y107.6 E2792.70009
G0 F9000 X149.884 Y108
G0 X151.977 Y108
G0 X145.112 Y107.338
G0 X145.04 Y106.8
G0 X145.227 Y106.8
G1 F3000 X143.993 Y106.8 E2792.74113
G0 F9000 X144.207 Y106
G1 F3000 X145.148 Y106 E2792.77243
G0 F9000 X145.148 Y105.6
G1 F3000 X144.314 Y105.6 E2792.80017
G0 F9000 X145.04 Y102.039
G0 X145.268 Y102.039
G1 F3000 X144.8 Y103.787 E2792.86035
G1 X144.8 Y100.825 E2792.95887
G1 X126.775 Y82.8 E2793.80671
G1 X125.577 Y82.8 E2793.84655
G1 X107.035 Y152 E2796.22935
G1 X107.034 Y152
G1 X108.973 Y152 E2796.29384
G1 X105.913 Y152.82 E2796.39921
G0 F9000 X106.815 Y152.82
G1 F3000 X107.034 Y152 E2796.42743
G1 X102.639 Y152 E2796.57361
G1 X103.458 Y152.82 E2796.61216
G0 F9000 X103.458 Y152.59
G0 X102.639 Y152
G1 F3000 X100.823 Y152 E2796.67256
G1 X100.603 Y152.82 E2796.7008
G0 F9000 X100.603 Y152.59
G0 X102.637 Y152
G1 F3000 X90.4 Y139.761 E2797.27644
G1 X90.4 Y139.763
G1 X90.4 Y138.341 E2797.32373
G1 X89.628 Y138.548 E2797.35032
G0 F9000 X89.628 Y138.99
G1 F3000 X90.4 Y139.763 E2797.38665
G1 X90.4 Y144.534 E2797.54534
G1 X106.942 Y82.8 E2799.67105
G1 X109.805 Y82.8 E2799.76628
G1 X154.204 Y127.2 E2801.85469
G0 F9000 X154.827 Y127.822
G1 F3000 X154.204 Y127.2 E2801.88397
G1 X150.95 Y127.2 E2801.9922
G1 X150.783 Y127.822 E2802.01362
G0 F9000 X150.95 Y127.2
G0 X152.843 Y127.59
G0 X152.843 Y127.822
G1 F3000 X177.6 Y121.186 E2802.86611
G0 F9000 X178.267 Y121.009
G1 F3000 X177.6 Y121.186 E2802.88906
G1 X177.6 Y125.137 E2803.02047
G1 X177.707 Y125.246 E2803.02555
G1 X175.921 Y126.736 E2803.10291
G1 X177.6 Y120.468 E2803.31874
G0 F9000 X178.04 Y117.976
G0 X178.268 Y117.976
G1 F3000 X177.6 Y120.468 E2803.40455
G1 X177.6 Y116.654 E2803.5314
G1 X168.948 Y108 E2803.93841
G0 F9000 X168.604 Y107.675
G1 F3000 X168.737 Y107.18 E2803.95546
G0 F9000 X168.127 Y107.18
G1 F3000 X168.948 Y108 E2803.99406
G1 X174.73 Y108 E2804.18637
G1 X177.431 Y108 E2804.2762
G1 X178.268 Y108.836 E2804.31555
G0 F9000 X178.267 Y108.586
G1 F3000 X177.6 Y108.764 E2804.33851
G1 X177.6 Y114.977 E2804.54515
G1 X90.4 Y138.342 E2807.54775
G1 X90.4 Y138.341
G1 X90.4 Y132.13 E2807.75433
G1 X177.6 Y108.764 E2810.75693
G0 F9000 X177.431 Y108
G1 F3000 X176.612 Y107.18 E2810.79547
G0 F9000 X176.612 Y107.41
G0 X174.949 Y107.41
G0 X174.949 Y107.18
G1 F3000 X174.729 Y108 E2810.82371
G1 X169.585 Y127.2 E2811.48483
G1 X171.176 Y127.2 E2811.53775
G1 X151.975 Y108 E2812.44088
G1 X149.884 Y108 E2812.51043
G1 X138.093 Y152 E2814.02551
G1 X144.304 Y152 E2814.23209
G1 X144.8 Y150.152 E2814.29573
G0 F9000 X144.8 Y148.612
G0 X145.267 Y148.487
G1 F3000 X144.8 Y148.612 E2814.3118
G1 X144.8 Y150.152 E2814.36303
G1 X145.268 Y148.405 E2814.42318
G0 F9000 X145.04 Y148.405
G0 X145.04 Y143.719
G0 X145.269 Y143.719
G1 F3000 X144.8 Y143.251 E2814.44522
G0 F9000 X144.8 Y142.4
G1 F3000 X145.268 Y142.275 E2814.46133
G0 F9000 X145.04 Y142.275
G0 X144.8 Y134.765
G1 F1500 E2807.96133
G0 F9000 X145.04 Y101.292
G0 X145.268 Y101.292
G1 F1500 E2814.46133
G1 F3000 X144.8 Y100.823 E2814.48336
G1 X144.8 Y98.918 E2814.54672
G1 X145.267 Y98.793 E2814.5628
G0 F9000 X144.8 Y98.918
G0 X144.8 Y100.825
G0 X145.04 Y92.806
G0 X145.268 Y92.806
G1 F3000 X144.8 Y92.337 E2814.58484
G1 X144.8 Y86.495 E2814.77915
G1 X145.267 Y86.37 E2814.79523
G0 F9000 X144.8 Y86.495
G0 X145.04 Y84.321
G0 X145.268 Y84.321
G1 F3000 X144.8 Y83.854 E2814.81722
G0 F9000 X145.04 Y82.8
G0 X145.148 Y82.8
G1 F3000 X144.213 Y82.8 E2814.84831
G0 F9000 X143.746 Y82.8
G1 F3000 X143.127 Y82.18 E2814.87745
G0 F9000 X143.127 Y82.41
G0 X144.378 Y82.41
G0 X144.378 Y82.18
G1 F3000 X125.669 Y152 E2817.2816
G1 X119.61 Y152 E2817.48313
G1 X75.61 Y108 E2819.55275
G0 F9000 X75.342 Y108
G1 F3000 X70.199 Y127.2 E2820.21386
G0 F9000 X69.352 Y127.2
G1 F3000 X57.2 Y115.046 E2820.7855
G1 X57.2 Y109.967 E2820.95443
G1 X57.487 Y109.892 E2820.96429
G1 X58.041 Y107.404 E2821.04907
G1 X57.819 Y107.18 E2821.05956
G0 F9000 X57.654 Y107.3
G1 F3000 X57.051 Y110.009 E2821.15187
G1 X57.2 Y109.967
G1 X56.628 Y110.121 E2821.17157
G0 F9000 X56.748 Y109.528
G1 F3000 X57.244 Y107.3 E2821.24749
G0 F9000 X56.928 Y107.18
G1 F3000 X56.628 Y108.297 E2821.28595
G0 F9000 X56.86 Y108.297
G0 X57.487 Y109.892
G1 F3000 X64.542 Y108 E2821.5289
G1 X62.92 Y108 E2821.58284
G1 X57.776 Y127.2 E2822.24396
G0 F9000 X57.2 Y122.391
G1 F3000 X144.8 Y98.918 E2825.26033
G1 X144.8 Y92.707 E2825.46691
G1 X145.268 Y92.582 E2825.48302
G0 F9000 X145.04 Y92.582
G0 X131.79 Y82.8
G0 X126.777 Y82.8
G0 X125.577 Y82.8
G0 X119.531 Y82.41
G0 X119.531 Y82.179
G1 F3000 X119.365 Y82.8 E2825.5044
G1 X118.292 Y82.8 E2825.54009
G1 X117.671 Y82.18 E2825.56928
G0 F9000 X118.292 Y82.8
G0 X119.365 Y82.8
G0 X106.942 Y82.8
G0 X101.321 Y82.8
G0 X100.73 Y82.8
G0 X90.4 Y94.86
G0 X89.86 Y105.047
G0 X89.626 Y105.047
G1 F3000 X90.307 Y105.726 E2825.60126
G1 X90.4 Y105.822
G1 X91.839 Y107.261 E2825.66895
G1 X87.66 Y108.397 E2825.81299
G1 X87.986 Y107.178 E2825.85496
G0 F9000 X87.986 Y107.41
G0 X84.095 Y108
G0 X83.273 Y107.41
G0 X83.273 Y107.179
G1 F3000 X84.095 Y108 E2825.8936
G1 X87.724 Y108 E2826.0143
G1 X57.2 Y116.179 E2827.06535
G1 X57.2 Y122.391 E2827.27196
G0 F9000 X56.86 Y116.332
G0 X56.629 Y116.332
G1 F3000 X57.2 Y116.179 E2827.29162
G0 F9000 X56.748 Y115.6
G1 F3000 X57.752 Y115.6 E2827.32501
G0 F9000 X57.2 Y115.046
G1 F3000 X56.628 Y114.475 E2827.35189
G0 F9000 X56.86 Y114.475
G0 X67.125 Y108
G0 X74.789 Y107.41
G0 X74.789 Y107.18
G1 F3000 X75.61 Y108 E2827.39049
G1 X81.553 Y108 E2827.58815
G1 X81.775 Y107.178 E2827.61647
G0 F9000 X81.555 Y108
G0 X75.563 Y107.41
G0 X75.563 Y107.179
G1 F3000 X75.342 Y108 E2827.64475
G1 X69.132 Y108 E2827.8513
G1 X63.986 Y127.2 E2828.51243
G0 F9000 X76.244 Y127.59
G0 X76.244 Y127.82
G1 F3000 X76.41 Y127.2 E2828.53378
G1 X77.838 Y127.2 E2828.58127
G1 X78.458 Y127.819 E2828.61041
G0 F9000 X77.84 Y127.2
G0 X76.41 Y127.2
G0 X89.872 Y126.059
G1 F3000 X89.483 Y126.163 E2828.6238
G1 X90.18 Y131.055 E2828.78816
G1 X90.4 Y131.277 E2828.79855
G0 F9000 X90.18 Y131.055
G1 F3000 X89.628 Y130.504 E2828.82449
G0 F9000 X89.86 Y130.504
G0 X90.651 Y131.525
G1 F3000 X90.4 Y131.277 E2828.83623
G1 X90.4 Y132.131 E2828.86463
G1 X89.628 Y132.337 E2828.89121
G0 F9000 X89.86 Y132.337
G0 X90.4 Y144.534
G1 F3000 X89.628 Y147.415 E2828.99041
G1 X89.628 Y147.475
G1 X90.4 Y148.248 E2829.02675
G1 X90.4 Y150.766 E2829.1105
G1 X89.628 Y150.972 E2829.13707
G0 F9000 X89.86 Y150.972
G0 X90.4 Y148.248
G0 X89.86 Y144.76
G0 X89.629 Y144.76
G1 F3000 X90.4 Y144.553 E2829.16362
G0 F9000 X108.973 Y152
G0 X111.124 Y152
G1 F1500 E2822.66362
G0 F9000 X145.112 Y127.662
G0 X177.6 Y116.654
G0 X178.268 Y117.321
G1 F1500 E2829.16362
G1 F3000 X177.6 Y116.652 E2829.19507
G1 X177.6 Y114.976 E2829.25081
G1 X178.267 Y114.798 E2829.27377
G0 F9000 X177.6 Y114.976
G1 F1500 E2822.77377
;MESH:wheel(3).stl(1)
G0 F9000 X145.526 Y128.076
G0 X146.603 Y129.153
G0 X146.603 Y154.153
G0 X131.647 Y159.621
G0 X131.17 Y160.605
G0 X117.883 Y203.251
G0 X117.904 Y203.557
;TYPE:WALL-INNER
G1 F1500 E2829.27377
G1 X122.918 Y203.195 E2829.44097
G1 X128.68 Y201.198 E2829.6438
G1 X133.741 Y197.767 E2829.84717
G1 X137.738 Y193.151 E2830.05025
G1 X140.401 Y187.661 E2830.2532
G1 X141.555 Y181.664 E2830.45632
G1 X141.115 Y175.566 E2830.65967
G1 X139.118 Y169.804 E2830.8625
G1 X135.687 Y164.743 E2831.06586
G1 X131.071 Y160.746 E2831.26895
G1 X125.581 Y158.083 E2831.47189
G1 X119.584 Y156.929 E2831.67501
G1 X113.486 Y157.369 E2831.87836
G1 X107.724 Y159.366 E2832.08119
G1 X102.663 Y162.797 E2832.28455
G1 X98.666 Y167.414 E2832.48767
G1 X95.999 Y172.903 E2832.69064
G1 X94.849 Y178.9 E2832.89374
G1 X95.289 Y184.998 E2833.09708
G1 X97.286 Y190.76 E2833.29991
G1 X100.717 Y195.822 E2833.5033
G1 X105.334 Y199.818 E2833.70639
G1 X110.823 Y202.485 E2833.90937
G1 X116.82 Y203.635 E2834.11246
G1 X117.904 Y203.557 E2834.14861
G0 F9000 X117.899 Y203.958
;TYPE:WALL-OUTER
G1 F1500 X122.999 Y203.59 E2834.31868
G1 X128.861 Y201.559 E2834.52502
G1 X134.009 Y198.069 E2834.73188
G1 X138.075 Y193.373 E2834.93848
G1 X140.784 Y187.788 E2835.14494
G1 X141.958 Y181.688 E2835.35155
G1 X141.51 Y175.485 E2835.5584
G1 X139.479 Y169.623 E2835.76474
G1 X135.989 Y164.475 E2835.9716
G1 X131.293 Y160.409 E2836.1782
G1 X125.708 Y157.7 E2836.38466
G1 X119.608 Y156.526 E2836.59127
G1 X113.405 Y156.974 E2836.79812
G1 X107.543 Y159.005 E2837.00446
G1 X102.395 Y162.495 E2837.21132
G1 X98.329 Y167.192 E2837.41795
G1 X95.616 Y172.776 E2837.62443
G1 X94.446 Y178.876 E2837.83102
G1 X94.894 Y185.079 E2838.03787
G1 X96.925 Y190.941 E2838.24421
G1 X100.415 Y196.09 E2838.4511
G1 X105.112 Y200.155 E2838.6577
G1 X110.696 Y202.868 E2838.86419
G1 X116.796 Y204.038 E2839.07077
G1 X117.899 Y203.958 E2839.10755
G0 F9000 X117.565 Y203.501
;TYPE:FILL
G1 F3000 X95.081 Y181.017 E2840.16513
G0 F9000 X95.111 Y181.43
G1 F3000 X138.941 Y169.686 E2841.67435
G0 F9000 X138.63 Y169.226
G1 F3000 X130.401 Y199.935 E2842.73177
G0 F9000 X130.739 Y199.705
G1 F3000 X98.653 Y167.619 E2844.24099
G0 F9000 X98.41 Y168.123
G1 F3000 X129.129 Y159.892 E2845.29875
G0 F9000 X128.756 Y159.712
G1 F3000 X117.012 Y203.541 E2846.80794
G0 F9000 X116.996 Y203.314
G0 X111.134 Y202.23
G0 X111.091 Y202.456
G1 F3000 X123.087 Y157.684 E2848.34959
G0 F9000 X122.559 Y157.583
G1 F3000 X141.073 Y176.098 E2849.22045
G0 F9000 X140.958 Y175.358
G1 F3000 X96.19 Y187.353 E2850.76196
G0 F9000 X96.366 Y187.862
G1 F3000 X103.144 Y162.569 E2851.63289
G0 F9000 X102.559 Y163.04
G1 F3000 X135.33 Y195.81 E2853.17432
G0 F9000 X135.678 Y195.407
G1 F3000 X110.386 Y202.184 E2854.04521
G0 F9000 X110.487 Y201.977
G0 X105.678 Y199.644
G0 X105.578 Y199.848
G1 F3000 X117.007 Y157.194 E2855.51393
G0 F9000 X117.023 Y157.425
G0 X115.663 Y157.523
G0 X115.647 Y157.293
G1 F3000 X108.17 Y159.297 E2855.77139
G0 F9000 X107.572 Y159.567
G1 F3000 X138.795 Y190.79 E2857.24003
G0 F9000 X138.591 Y190.69
G0 X139.191 Y189.454
G0 X139.395 Y189.554
G1 F3000 X141.385 Y182.126 E2857.4958
G0 F9000 X141.459 Y181.435
G1 F3000 X98.808 Y192.863 E2858.96441
G0 F9000 X98.996 Y192.736
G0 X99.768 Y193.875
G0 X99.58 Y194.002
G1 F3000 X105.019 Y199.44 E2859.22022
G0 F9000 X105.168 Y199.269
G0 X103.378 Y197.72
G0 X103.229 Y197.89
G1 F3000 X140.149 Y187.998 E2860.4915
G0 F9000 X139.946 Y187.899
G0 X140.715 Y184.406
G0 X140.939 Y184.449
G1 F3000 X113.909 Y157.419 E2861.76291
G0 F9000 X113.925 Y157.648
G0 X110.517 Y158.726
G0 X110.443 Y158.508
G1 F3000 X100.55 Y195.43 E2863.03426
G0 F9000 X100.737 Y195.304
G0 X95.892 Y175.115
G0 X95.664 Y175.071
G1 F3000 X135.244 Y164.465 E2864.39714
G0 F9000 X135.095 Y164.637
G0 X133.836 Y163.548
G0 X133.986 Y163.376
G1 F3000 X123.382 Y202.95 E2865.75981
G0 F9000 X123.309 Y202.736
G0 X124.881 Y202.191
G0 X124.954 Y202.404
G1 F3000 X95.979 Y173.43 E2867.12268
G0 F9000 X96.501 Y173.531
G1 F1500 E2860.62268
;MESH:NONMESH
G0 F300 X96.501 Y173.531 Z1.8
G0 F9000 X98.524 Y167.317
G0 X97.697 Y166.602
G0 X55.297 Y129.153
G0 X55.297 Y105.847
G0 X88.297 Y80.847
G0 X115.906 Y78.36
G0 X116.111 Y77.286
G0 X117.479 Y76.705
G0 X117.5 Y77.011
;TIME_ELAPSED:3633.822859
;LAYER:8
;TYPE:WALL-INNER
;MESH:wheel(3).stl
G1 F1500 E2867.12268
G1 X122.214 Y76.671 E2867.27987
G1 X127.976 Y74.674 E2867.4827
G1 X133.037 Y71.243 E2867.68607
G1 X137.034 Y66.626 E2867.88918
G1 X139.701 Y61.137 E2868.09215
G1 X140.851 Y55.14 E2868.29525
G1 X140.411 Y49.042 E2868.4986
G1 X138.414 Y43.28 E2868.70142
G1 X134.983 Y38.219 E2868.90479
G1 X130.367 Y34.222 E2869.10788
G1 X124.877 Y31.559 E2869.31082
G1 X118.88 Y30.405 E2869.51394
G1 X112.782 Y30.845 E2869.71729
G1 X107.02 Y32.842 E2869.92012
G1 X101.959 Y36.273 E2870.12348
G1 X97.962 Y40.889 E2870.32657
G1 X95.299 Y46.379 E2870.52952
G1 X94.145 Y52.376 E2870.73264
G1 X94.585 Y58.474 E2870.93598
G1 X96.582 Y64.236 E2871.13881
G1 X100.013 Y69.298 E2871.34221
G1 X104.629 Y73.294 E2871.54527
G1 X110.119 Y75.957 E2871.74822
G1 X116.116 Y77.111 E2871.95134
G1 X117.5 Y77.011 E2871.99749
G0 F9000 X117.5 Y77.412
;TYPE:WALL-OUTER
G1 F1500 X122.295 Y77.066 E2872.15739
G1 X128.157 Y75.035 E2872.36373
G1 X133.305 Y71.545 E2872.57059
G1 X137.371 Y66.848 E2872.77721
G1 X140.084 Y61.264 E2872.9837
G1 X141.254 Y55.164 E2873.19028
G1 X140.806 Y48.961 E2873.39713
G1 X138.775 Y43.099 E2873.60348
G1 X135.285 Y37.951 E2873.81034
G1 X130.589 Y33.885 E2874.01694
G1 X125.004 Y31.176 E2874.22339
G1 X118.904 Y30.002 E2874.43
G1 X112.701 Y30.45 E2874.63685
G1 X106.839 Y32.481 E2874.8432
G1 X101.691 Y35.971 E2875.05006
G1 X97.625 Y40.667 E2875.25666
G1 X94.916 Y46.252 E2875.46311
G1 X93.742 Y52.352 E2875.66972
G1 X94.19 Y58.555 E2875.87657
G1 X96.221 Y64.417 E2876.08292
G1 X99.711 Y69.566 E2876.2898
G1 X104.407 Y73.631 E2876.49638
G1 X109.992 Y76.34 E2876.70284
G1 X116.092 Y77.514 E2876.90945
G1 X117.5 Y77.412 E2876.9564
G0 F9000 X117.045 Y76.964
;TYPE:FILL
G1 F3000 X94.362 Y54.28 E2878.02337
G0 F9000 X94.418 Y55.05
G1 F3000 X138.321 Y43.286 E2879.5351
G0 F9000 X137.822 Y42.549
G1 F3000 X129.52 Y73.531 E2880.60192
G0 F9000 X130.153 Y73.101
G1 F3000 X98.014 Y40.962 E2882.11364
G0 F9000 X97.626 Y41.767
G1 F3000 X128.619 Y33.462 E2883.18084
G0 F9000 X127.923 Y33.126
G1 F3000 X116.159 Y77.029 E2884.69257
G0 F9000 X116.143 Y76.801
G0 X110.293 Y75.678
G0 X110.25 Y75.902
G1 F3000 X122.246 Y31.133 E2886.23412
G1 X122.099 Y31.106
G1 X140.354 Y49.361 E2887.09278
G0 F9000 X140.301 Y48.967
G1 F3000 X95.532 Y60.963 E2888.63433
G1 X95.581 Y61.101
G1 X102.262 Y36.165 E2889.49296
G0 F9000 X101.947 Y36.41
G1 F3000 X134.717 Y69.18 E2891.03436
G1 X134.808 Y69.074
G1 X109.88 Y75.753 E2891.89271
G0 F9000 X109.98 Y75.548
G0 X105.063 Y73.163
G0 X104.964 Y73.367
G1 F3000 X98.459 Y66.863 E2892.19866
G0 F9000 X98.188 Y66.463
G1 F3000 X140.765 Y55.054 E2893.66474
G0 F9000 X140.747 Y54.813
G1 F3000 X138.364 Y63.707 E2893.97099
G0 F9000 X138.157 Y64.135
G1 F3000 X106.985 Y32.962 E2895.43725
G0 F9000 X106.779 Y33.103
G1 F3000 X115.69 Y30.715 E2895.74409
G0 F9000 X116.155 Y30.682
G1 F3000 X104.746 Y73.261 E2897.21023
G0 F9000 X104.845 Y73.058
G0 X102.803 Y71.306
G0 X102.653 Y71.478
G1 F3000 X139.368 Y61.64 E2898.47445
G0 F9000 X139.163 Y61.54
G0 X140.044 Y57.717
G0 X140.268 Y57.76
G1 F3000 X113.39 Y30.882 E2899.73871
G0 F9000 X113.406 Y31.11
G0 X109.655 Y32.258
G0 X109.58 Y32.039
G1 F3000 X99.742 Y68.754 E2901.00294
G0 F9000 X99.93 Y68.627
G0 X95.159 Y48.743
G0 X94.934 Y48.7
G1 F3000 X134.669 Y38.053 E2902.37115
G0 F9000 X134.52 Y38.224
G0 X133.016 Y36.921
G0 X133.164 Y36.751
G1 F3000 X122.518 Y76.481 E2903.73919
G0 F9000 X122.445 Y76.267
G0 X124.323 Y75.616
G0 X124.396 Y75.829
G1 F3000 X95.31 Y46.743 E2905.10731
G0 F9000 X95.829 Y46.843
G1 F1500 E2898.60731
;MESH:MotorCar(1).stl
G0 F9000 X104.533 Y73.439
G0 X104.057 Y74.423
G0 X104.533 Y80.835
G0 X117.465 Y152.9
;TYPE:WALL-INNER
G1 F1500 E2905.10731
G1 X145.348 Y152.9 E2906.0347
G1 X145.35 Y128.44 E2906.84824
G1 X145.406 Y128.24 E2906.85515
G1 X145.597 Y128.012 E2906.86505
G1 X145.904 Y127.901 E2906.8759
G1 X178.348 Y127.9 E2907.95499
G1 X178.348 Y107.1 E2908.64681
G1 X145.895 Y107.098 E2909.7262
G1 X145.621 Y107.004 E2909.73583
G1 X145.494 Y106.894 E2909.74142
G1 X145.388 Y106.717 E2909.74828
G1 X145.35 Y106.56 E2909.75365
G1 X145.348 Y82.1 E2910.5672
G1 X89.548 Y82.1 E2912.42311
G1 X89.546 Y106.56 E2913.23666
G1 X89.49 Y106.76 E2913.24356
G1 X89.275 Y107.004 E2913.25438
G1 X88.992 Y107.099 E2913.26431
G1 X56.548 Y107.1 E2914.3434
G1 X56.548 Y127.9 E2915.03521
G1 X89.001 Y127.902 E2916.1146
G1 X89.275 Y127.996 E2916.12424
G1 X89.402 Y128.106 E2916.12983
G1 X89.508 Y128.283 E2916.13669
G1 X89.546 Y128.44 E2916.14206
G1 X89.548 Y152.9 E2916.9556
G1 X117.465 Y152.9 E2917.88413
G0 F9000 X117.465 Y153.3
;TYPE:WALL-OUTER
G1 F1500 X145.748 Y153.3 E2918.82482
G1 X145.756 Y128.44 E2919.65167
G1 X145.906 Y128.3 E2919.65849
G1 X178.748 Y128.3 E2920.75082
G1 X178.748 Y106.7 E2921.46924
G1 X145.93 Y106.7 E2922.56077
G1 X145.796 Y106.632 E2922.56577
G1 X145.748 Y106.52 E2922.56982
G1 X145.748 Y81.7 E2923.39534
G1 X89.148 Y81.7 E2925.27786
G1 X89.14 Y106.56 E2926.10471
G1 X88.99 Y106.7 E2926.11154
G1 X56.148 Y106.7 E2927.20386
G1 X56.148 Y128.3 E2927.92228
G1 X88.966 Y128.3 E2929.01381
G1 X89.1 Y128.368 E2929.01881
G1 X89.148 Y128.48 E2929.02287
G1 X89.148 Y153.3 E2929.84838
G1 X117.465 Y153.3 E2930.79021
G0 F9000 X117.465 Y152.54
;TYPE:SKIN
G1 F1500 X89.908 Y152.54 E2931.70676
G1 X89.904 Y128.357 E2932.51109
G1 X89.74 Y127.954 E2932.52556
G1 X89.509 Y127.716 E2932.53659
G1 X89.096 Y127.541 E2932.55151
G1 X56.908 Y127.54 E2933.62209
G1 X56.908 Y107.46 E2934.28995
G1 X89.018 Y107.456 E2935.35793
G1 X89.335 Y107.381 E2935.36877
G1 X89.668 Y107.128 E2935.38268
G1 X89.819 Y106.9 E2935.39177
G1 X89.899 Y106.596 E2935.40223
G1 X89.908 Y82.46 E2936.205
G1 X144.988 Y82.46 E2938.03696
G1 X144.992 Y106.639 E2938.84116
G1 X145.151 Y107.041 E2938.85554
G1 X145.385 Y107.281 E2938.86669
G1 X145.795 Y107.459 E2938.88155
G1 X177.988 Y107.46 E2939.9523
G1 X177.988 Y127.54 E2940.62016
G1 X145.878 Y127.54 E2941.68814
G1 X145.561 Y127.615 E2941.69898
G1 X145.199 Y127.894 E2941.71418
G1 X145.073 Y128.096 E2941.7221
G1 X144.993 Y128.4 E2941.73255
G1 X144.988 Y152.54 E2942.53545
G1 X117.465 Y152.54 E2943.45087
G1 F1500 E2936.95087
G0 F9000 X117.465 Y152.8
G0 X89.72 Y152.728
G0 X89.388 Y128.062
G0 X57.195 Y127.8
G0 X57.195 Y127.34
G1 F1500 E2943.45087
G1 X57.107 Y127.252 E2943.45501
G0 F9000 X57.107 Y126.687
G1 F1500 X57.761 Y127.34 E2943.48575
G0 F9000 X58.326 Y127.34
G1 F1500 X57.107 Y126.121 E2943.54309
G0 F9000 X57.107 Y125.555
G1 F1500 X58.892 Y127.34 E2943.62705
G0 F9000 X59.458 Y127.34
G1 F1500 X57.107 Y124.99 E2943.73761
G0 F9000 X57.107 Y124.424
G1 F1500 X60.023 Y127.34 E2943.87477
G0 F9000 X60.589 Y127.34
G1 F1500 X57.107 Y123.858 E2944.03855
G0 F9000 X57.107 Y123.293
G1 F1500 X61.155 Y127.34 E2944.22893
G0 F9000 X61.721 Y127.34
G1 F1500 X57.107 Y122.727 E2944.44594
G0 F9000 X57.107 Y122.161
G1 F1500 X62.286 Y127.34 E2944.68954
G0 F9000 X62.852 Y127.34
G1 F1500 X57.107 Y121.595 E2944.95977
G0 F9000 X57.107 Y121.03
G1 F1500 X63.418 Y127.34 E2945.2566
G0 F9000 X63.983 Y127.34
G1 F1500 X57.107 Y120.464 E2945.58002
G0 F9000 X57.107 Y119.898
G1 F1500 X64.549 Y127.34 E2945.93007
G0 F9000 X65.115 Y127.34
G1 F1500 X57.107 Y119.333 E2946.30672
G0 F9000 X57.107 Y118.767
G1 F1500 X65.68 Y127.34 E2946.70997
G0 F9000 X66.246 Y127.34
G1 F1500 X57.107 Y118.201 E2947.13984
G0 F9000 X57.107 Y117.636
G1 F1500 X66.812 Y127.34 E2947.59631
G0 F9000 X67.377 Y127.34
G1 F1500 X57.107 Y117.07 E2948.07938
G0 F9000 X57.107 Y116.504
G1 F1500 X67.944 Y127.341 E2948.58912
G0 F9000 X68.509 Y127.341
G1 F1500 X57.107 Y115.939 E2949.12543
G0 F9000 X57.107 Y115.373
G1 F1500 X69.075 Y127.341 E2949.68837
G0 F9000 X69.641 Y127.341
G1 F1500 X57.107 Y114.807 E2950.27793
G0 F9000 X57.107 Y114.242
G1 F1500 X70.207 Y127.341 E2950.89409
G0 F9000 X70.772 Y127.341
G1 F1500 X57.107 Y113.676 E2951.53685
G0 F9000 X57.107 Y113.11
G1 F1500 X71.338 Y127.341 E2952.20623
G0 F9000 X71.904 Y127.341
G1 F1500 X57.107 Y112.545 E2952.90221
G0 F9000 X57.107 Y111.979
G1 F1500 X72.469 Y127.341 E2953.6248
G0 F9000 X73.035 Y127.341
G1 F1500 X57.107 Y111.413 E2954.374
G0 F9000 X57.107 Y110.847
G1 F1500 X73.601 Y127.341 E2955.14983
G0 F9000 X74.166 Y127.341
G1 F1500 X57.107 Y110.282 E2955.95223
G0 F9000 X57.107 Y109.716
G1 F1500 X74.732 Y127.341 E2956.78126
G0 F9000 X75.298 Y127.341
G1 F1500 X57.107 Y109.15 E2957.63691
G0 F9000 X57.107 Y108.585
G1 F1500 X75.863 Y127.341 E2958.51913
G0 F9000 X76.429 Y127.341
G1 F1500 X57.107 Y108.019 E2959.42798
G0 F9000 X57.315 Y107.661
G1 F1500 X76.995 Y127.341 E2960.35366
G0 F9000 X77.56 Y127.341
G1 F1500 X57.88 Y107.661 E2961.27935
G0 F9000 X58.446 Y107.661
G1 F1500 X78.126 Y127.341 E2962.20504
G0 F9000 X78.692 Y127.341
G1 F1500 X59.012 Y107.661 E2963.13073
G0 F9000 X59.577 Y107.661
G1 F1500 X79.258 Y127.341 E2964.05644
G0 F9000 X79.824 Y127.341
G1 F1500 X60.143 Y107.661 E2964.98215
G0 F9000 X60.709 Y107.661
G1 F1500 X80.39 Y127.341 E2965.90786
G0 F9000 X80.955 Y127.341
G1 F1500 X61.274 Y107.661 E2966.83357
G0 F9000 X61.839 Y107.66
G1 F1500 X81.521 Y127.341 E2967.75932
G0 F9000 X82.087 Y127.341
G1 F1500 X62.405 Y107.66 E2968.68508
G0 F9000 X62.971 Y107.66
G1 F1500 X82.652 Y127.341 E2969.61082
G0 F9000 X83.218 Y127.341
G1 F1500 X63.536 Y107.66 E2970.53657
G0 F9000 X64.102 Y107.66
G1 F1500 X83.784 Y127.341 E2971.46233
G0 F9000 X84.349 Y127.341
G1 F1500 X64.668 Y107.66 E2972.38806
G0 F9000 X65.233 Y107.66
G1 F1500 X84.915 Y127.341 E2973.31382
G0 F9000 X85.481 Y127.341
G1 F1500 X65.799 Y107.66 E2974.23958
G0 F9000 X66.364 Y107.659
G1 F1500 X86.046 Y127.341 E2975.16536
G0 F9000 X86.612 Y127.341
G1 F1500 X66.93 Y107.659 E2976.09114
G0 F9000 X67.495 Y107.659
G1 F1500 X87.178 Y127.341 E2977.01695
G0 F9000 X87.743 Y127.341
G1 F1500 X68.061 Y107.659 E2977.94273
G0 F9000 X68.627 Y107.659
G1 F1500 X88.309 Y127.341 E2978.86851
G0 F9000 X88.875 Y127.341
G1 F1500 X69.193 Y107.659 E2979.79429
G0 F9000 X69.758 Y107.659
G1 F1500 X114.439 Y152.34 E2981.89595
G0 F9000 X113.873 Y152.34
G1 F1500 X90.108 Y128.575 E2983.01378
G0 F9000 X90.108 Y129.14
G1 F1500 X113.307 Y152.34 E2984.10501
G0 F9000 X112.742 Y152.34
G1 F1500 X90.108 Y129.706 E2985.16965
G0 F9000 X90.108 Y130.272
G1 F1500 X112.176 Y152.34 E2986.20766
G0 F9000 X111.61 Y152.34
G1 F1500 X90.108 Y130.837 E2987.21907
G0 F9000 X90.108 Y131.403
G1 F1500 X111.045 Y152.34 E2988.20388
G0 F9000 X110.479 Y152.34
G1 F1500 X90.108 Y131.969 E2989.16207
G0 F9000 X90.108 Y132.534
G1 F1500 X109.913 Y152.34 E2990.09366
G0 F9000 X109.348 Y152.34
G1 F1500 X90.108 Y133.1 E2990.99865
G0 F9000 X90.108 Y133.666
G1 F1500 X108.782 Y152.34 E2991.87702
G0 F9000 X108.216 Y152.34
G1 F1500 X90.108 Y134.231 E2992.72879
G0 F9000 X90.108 Y134.797
G1 F1500 X107.651 Y152.34 E2993.55396
G0 F9000 X107.085 Y152.34
G1 F1500 X90.108 Y135.363 E2994.3525
G0 F9000 X90.108 Y135.929
G1 F1500 X106.519 Y152.34 E2995.12442
G0 F9000 X105.954 Y152.34
G1 F1500 X90.108 Y136.494 E2995.86977
G0 F9000 X90.108 Y137.06
G1 F1500 X105.388 Y152.34 E2996.5885
G0 F9000 X104.822 Y152.34
G1 F1500 X90.108 Y137.626 E2997.2806
G0 F9000 X90.108 Y138.191
G1 F1500 X104.257 Y152.34 E2997.94612
G0 F9000 X103.691 Y152.34
G1 F1500 X90.108 Y138.757 E2998.58503
G0 F9000 X90.108 Y139.323
G1 F1500 X103.125 Y152.34 E2999.19731
G0 F9000 X102.559 Y152.34
G1 F1500 X90.108 Y139.888 E2999.78299
G0 F9000 X90.108 Y140.454
G1 F1500 X101.994 Y152.34 E3000.34207
G0 F9000 X101.428 Y152.34
G1 F1500 X90.108 Y141.02 E3000.87453
G0 F9000 X90.108 Y141.585
G1 F1500 X100.862 Y152.34 E3001.38038
G0 F9000 X100.297 Y152.34
G1 F1500 X90.108 Y142.151 E3001.85964
G0 F9000 X90.108 Y142.717
G1 F1500 X99.731 Y152.34 E3002.31228
G0 F9000 X99.165 Y152.34
G1 F1500 X90.108 Y143.282 E3002.73832
G0 F9000 X90.108 Y143.848
G1 F1500 X98.6 Y152.34 E3003.13775
G0 F9000 X98.034 Y152.34
G1 F1500 X90.108 Y144.414 E3003.51057
G0 F9000 X90.108 Y144.98
G1 F1500 X97.468 Y152.34 E3003.85676
G0 F9000 X96.903 Y152.34
G1 F1500 X90.108 Y145.545 E3004.17638
G0 F9000 X90.108 Y146.111
G1 F1500 X96.337 Y152.34 E3004.46937
G0 F9000 X95.771 Y152.34
G1 F1500 X90.108 Y146.677 E3004.73574
G0 F9000 X90.108 Y147.242
G1 F1500 X95.206 Y152.34 E3004.97553
G0 F9000 X94.64 Y152.34
G1 F1500 X90.108 Y147.808 E3005.18871
G0 F9000 X90.108 Y148.374
G1 F1500 X94.074 Y152.34 E3005.37525
G0 F9000 X93.509 Y152.34
G1 F1500 X90.108 Y148.939 E3005.53523
G0 F9000 X90.108 Y149.505
G1 F1500 X92.943 Y152.34 E3005.66858
G0 F9000 X92.377 Y152.34
G1 F1500 X90.108 Y150.071 E3005.7753
G0 F9000 X90.108 Y150.636
G1 F1500 X91.811 Y152.34 E3005.85543
G0 F9000 X91.246 Y152.34
G1 F1500 X90.108 Y151.202 E3005.90896
G0 F9000 X90.108 Y151.768
G1 F1500 X90.68 Y152.34 E3005.93586
G0 F9000 X90.68 Y152.8
G0 X115.005 Y152.8
G0 X115.005 Y152.34
G1 F1500 X70.324 Y107.659 E3008.03752
G0 F9000 X70.889 Y107.658
G1 F1500 X115.57 Y152.34 E3010.1392
G0 F9000 X116.136 Y152.34
G1 F1500 X71.455 Y107.658 E3012.24088
G0 F9000 X72.02 Y107.658
G1 F1500 X116.702 Y152.34 E3014.34259
G0 F9000 X117.267 Y152.34
G1 F1500 X72.586 Y107.658 E3016.44427
G0 F9000 X73.152 Y107.658
G1 F1500 X117.833 Y152.34 E3018.54595
G0 F9000 X118.399 Y152.34
G1 F1500 X73.717 Y107.658 E3020.64765
G0 F9000 X74.283 Y107.658
G1 F1500 X118.964 Y152.34 E3022.74933
G0 F9000 X119.53 Y152.34
G1 F1500 X74.849 Y107.658 E3024.85101
G0 F9000 X75.414 Y107.658
G1 F1500 X120.096 Y152.34 E3026.95272
G0 F9000 X120.661 Y152.34
G1 F1500 X75.979 Y107.658 E3029.05442
G0 F9000 X76.545 Y107.658
G1 F1500 X121.227 Y152.34 E3031.15613
G0 F9000 X121.793 Y152.34
G1 F1500 X77.111 Y107.658 E3033.25783
G0 F9000 X77.676 Y107.658
G1 F1500 X122.358 Y152.34 E3035.35954
G0 F9000 X122.924 Y152.34
G1 F1500 X78.242 Y107.658 E3037.46124
G0 F9000 X78.808 Y107.658
G1 F1500 X123.49 Y152.34 E3039.56294
G0 F9000 X124.056 Y152.34
G1 F1500 X79.373 Y107.658 E3041.66467
G0 F9000 X79.938 Y107.657
G1 F1500 X124.621 Y152.34 E3043.76642
G0 F9000 X125.187 Y152.34
G1 F1500 X80.504 Y107.657 E3045.86817
G0 F9000 X81.07 Y107.657
G1 F1500 X125.753 Y152.34 E3047.96993
G0 F9000 X126.318 Y152.34
G1 F1500 X81.635 Y107.657 E3050.07168
G0 F9000 X82.201 Y107.657
G1 F1500 X126.884 Y152.34 E3052.17343
G0 F9000 X127.45 Y152.34
G1 F1500 X82.767 Y107.657 E3054.27518
G0 F9000 X83.333 Y107.657
G1 F1500 X128.015 Y152.34 E3056.37691
G0 F9000 X128.581 Y152.34
G1 F1500 X83.898 Y107.657 E3058.47866
G0 F9000 X84.464 Y107.657
G1 F1500 X129.147 Y152.34 E3060.58041
G0 F9000 X129.712 Y152.34
G1 F1500 X85.029 Y107.656 E3062.68219
G0 F9000 X85.595 Y107.656
G1 F1500 X130.278 Y152.34 E3064.78396
G0 F9000 X130.844 Y152.34
G1 F1500 X86.16 Y107.656 E3066.88576
G0 F9000 X86.726 Y107.656
G1 F1500 X131.409 Y152.34 E3068.98753
G0 F9000 X131.975 Y152.34
G1 F1500 X87.292 Y107.656 E3071.08931
G0 F9000 X87.857 Y107.656
G1 F1500 X132.541 Y152.34 E3073.19111
G0 F9000 X133.106 Y152.34
G1 F1500 X88.423 Y107.656 E3075.29288
G0 F9000 X88.989 Y107.656
G1 F1500 X133.672 Y152.34 E3077.39466
G0 F9000 X134.238 Y152.34
G1 F1500 X89.446 Y107.548 E3079.50153
G0 F9000 X89.767 Y107.303
G1 F1500 X134.804 Y152.34 E3081.61994
G0 F9000 X135.369 Y152.34
G1 F1500 X90.006 Y106.977 E3083.75367
G0 F9000 X90.104 Y106.509
G1 F1500 X135.935 Y152.34 E3085.90942
G0 F9000 X136.501 Y152.34
G1 F1500 X90.104 Y105.944 E3088.09177
G0 F9000 X90.104 Y105.378
G1 F1500 X137.066 Y152.34 E3090.30072
G0 F9000 X137.632 Y152.34
G1 F1500 X90.104 Y104.812 E3092.53629
G0 F9000 X90.104 Y104.247
G1 F1500 X138.198 Y152.34 E3094.79846
G0 F9000 X138.763 Y152.34
G1 F1500 X90.104 Y103.681 E3097.08723
G0 F9000 X90.104 Y103.115
G1 F1500 X139.329 Y152.34 E3099.40263
G0 F9000 X139.895 Y152.34
G1 F1500 X90.104 Y102.55 E3101.74462
G0 F9000 X90.104 Y101.984
G1 F1500 X140.46 Y152.34 E3104.11321
G0 F9000 X141.026 Y152.34
G1 F1500 X90.105 Y101.419 E3106.50838
G0 F9000 X90.105 Y100.853
G1 F1500 X141.592 Y152.34 E3108.93017
G0 F9000 X142.157 Y152.34
G1 F1500 X90.105 Y100.288 E3111.37854
G0 F9000 X90.105 Y99.722
G1 F1500 X142.723 Y152.34 E3113.85353
G0 F9000 X143.289 Y152.34
G1 F1500 X90.105 Y99.156 E3116.35514
G0 F9000 X90.105 Y98.59
G1 F1500 X143.855 Y152.34 E3118.88337
G0 F9000 X144.42 Y152.34
G1 F1500 X90.105 Y98.025 E3121.43818
G0 F9000 X90.105 Y97.459
G1 F1500 X144.789 Y152.143 E3124.01035
G0 F9000 X144.789 Y151.577
G1 F1500 X90.106 Y96.894 E3126.58247
G0 F9000 X90.106 Y96.328
G1 F1500 X144.789 Y151.011 E3129.15459
G0 F9000 X144.789 Y150.445
G1 F1500 X90.106 Y95.763 E3131.72669
G0 F9000 X90.106 Y95.197
G1 F1500 X144.789 Y149.88 E3134.29881
G0 F9000 X144.789 Y149.315
G1 F1500 X90.106 Y94.631 E3136.87095
G0 F9000 X90.106 Y94.066
G1 F1500 X144.789 Y148.749 E3139.44308
G0 F9000 X144.789 Y148.183
G1 F1500 X90.106 Y93.5 E3142.0152
G0 F9000 X90.106 Y92.934
G1 F1500 X144.789 Y147.618 E3144.58734
G0 F9000 X144.789 Y147.052
G1 F1500 X90.106 Y92.369 E3147.15946
G0 F9000 X90.107 Y91.804
G1 F1500 X144.789 Y146.486 E3149.73153
G0 F9000 X144.79 Y145.921
G1 F1500 X90.107 Y91.238 E3152.30366
G0 F9000 X90.107 Y90.672
G1 F1500 X144.79 Y145.356 E3154.8758
G0 F9000 X144.79 Y144.79
G1 F1500 X90.107 Y90.107 E3157.44792
G0 F9000 X90.107 Y89.541
G1 F1500 X144.79 Y144.224 E3160.02004
G0 F9000 X144.79 Y143.659
G1 F1500 X90.107 Y88.975 E3162.59218
G0 F9000 X90.107 Y88.41
G1 F1500 X144.791 Y143.094 E3165.16435
G0 F9000 X144.791 Y142.528
G1 F1500 X90.107 Y87.844 E3167.73652
G0 F9000 X90.107 Y87.279
G1 F1500 X144.791 Y141.962 E3170.30866
G0 F9000 X144.791 Y141.397
G1 F1500 X90.107 Y86.713 E3172.88083
G0 F9000 X90.107 Y86.148
G1 F1500 X144.791 Y140.831 E3175.45298
G0 F9000 X144.791 Y140.266
G1 F1500 X90.107 Y85.582 E3178.02514
G0 F9000 X90.107 Y85.016
G1 F1500 X144.791 Y139.7 E3180.59731
G0 F9000 X144.791 Y139.135
G1 F1500 X90.107 Y84.45 E3183.1695
G0 F9000 X90.107 Y83.885
G1 F1500 X144.791 Y138.569 E3185.74167
G0 F9000 X144.791 Y138.003
G1 F1500 X90.107 Y83.319 E3188.31384
G0 F9000 X90.107 Y82.753
G1 F1500 X144.791 Y137.438 E3190.88603
G0 F9000 X144.792 Y136.873
G1 F1500 X90.58 Y82.66 E3193.43602
G0 F9000 X91.145 Y82.66
G1 F1500 X144.792 Y136.307 E3195.95941
G0 F9000 X144.792 Y135.741
G1 F1500 X91.711 Y82.66 E3198.45618
G0 F9000 X92.277 Y82.66
G1 F1500 X144.792 Y135.175 E3200.92632
G0 F9000 X144.792 Y134.61
G1 F1500 X92.842 Y82.66 E3203.36989
G0 F9000 X93.408 Y82.66
G1 F1500 X144.793 Y134.045 E3205.78688
G0 F9000 X144.793 Y133.479
G1 F1500 X93.974 Y82.66 E3208.17725
G0 F9000 X94.539 Y82.66
G1 F1500 X144.793 Y132.913 E3210.54102
G0 F9000 X144.793 Y132.348
G1 F1500 X95.105 Y82.66 E3212.8782
G0 F9000 X95.671 Y82.66
G1 F1500 X144.793 Y131.782 E3215.18874
G0 F9000 X144.794 Y131.217
G1 F1500 X96.237 Y82.66 E3217.47272
G0 F9000 X96.802 Y82.66
G1 F1500 X144.794 Y130.651 E3219.73009
G0 F9000 X144.794 Y130.086
G1 F1500 X97.368 Y82.66 E3221.96086
G0 F9000 X97.934 Y82.66
G1 F1500 X144.794 Y129.52 E3224.16501
G0 F9000 X144.794 Y128.954
G1 F1500 X98.499 Y82.66 E3226.34256
G0 F9000 X99.065 Y82.66
G1 F1500 X144.794 Y128.389 E3228.49352
G0 F9000 X144.926 Y127.955
G1 F1500 X99.631 Y82.66 E3230.62405
G0 F9000 X100.196 Y82.66
G1 F1500 X145.185 Y127.649 E3232.7402
G0 F9000 X145.521 Y127.419
G1 F1500 X100.762 Y82.66 E3234.84553
G0 F9000 X101.328 Y82.66
G1 F1500 X146.008 Y127.34 E3236.94714
G0 F9000 X146.573 Y127.34
G1 F1500 X101.893 Y82.66 E3239.04875
G0 F9000 X102.459 Y82.66
G1 F1500 X147.139 Y127.34 E3241.15036
G0 F9000 X147.705 Y127.34
G1 F1500 X103.025 Y82.66 E3243.25197
G0 F9000 X103.59 Y82.66
G1 F1500 X148.27 Y127.34 E3245.35358
G0 F9000 X148.836 Y127.34
G1 F1500 X104.156 Y82.66 E3247.45519
G0 F9000 X104.722 Y82.66
G1 F1500 X149.402 Y127.34 E3249.5568
G0 F9000 X149.967 Y127.34
G1 F1500 X105.287 Y82.66 E3251.65841
G0 F9000 X105.853 Y82.66
G1 F1500 X150.533 Y127.34 E3253.76002
G0 F9000 X151.099 Y127.34
G1 F1500 X106.419 Y82.66 E3255.86163
G0 F9000 X106.985 Y82.66
G1 F1500 X151.665 Y127.34 E3257.96324
G0 F9000 X152.23 Y127.34
G1 F1500 X107.55 Y82.66 E3260.06485
G0 F9000 X108.116 Y82.66
G1 F1500 X152.796 Y127.34 E3262.16646
G0 F9000 X153.362 Y127.34
G1 F1500 X108.682 Y82.66 E3264.26807
G0 F9000 X109.247 Y82.66
G1 F1500 X153.927 Y127.34 E3266.36968
G0 F9000 X154.493 Y127.34
G1 F1500 X109.813 Y82.66 E3268.47129
G0 F9000 X110.379 Y82.66
G1 F1500 X155.059 Y127.34 E3270.5729
G0 F9000 X155.624 Y127.34
G1 F1500 X110.944 Y82.66 E3272.67451
G0 F9000 X111.51 Y82.66
G1 F1500 X156.19 Y127.34 E3274.77612
G0 F9000 X156.756 Y127.34
G1 F1500 X112.076 Y82.66 E3276.87773
G0 F9000 X112.641 Y82.66
G1 F1500 X157.321 Y127.34 E3278.97934
G0 F9000 X157.887 Y127.34
G1 F1500 X113.207 Y82.66 E3281.08095
G0 F9000 X113.773 Y82.66
G1 F1500 X158.453 Y127.34 E3283.18256
G0 F9000 X159.018 Y127.34
G1 F1500 X114.338 Y82.66 E3285.28417
G0 F9000 X114.904 Y82.66
G1 F1500 X159.584 Y127.34 E3287.38578
G0 F9000 X160.15 Y127.34
G1 F1500 X115.47 Y82.66 E3289.48739
G0 F9000 X116.036 Y82.66
G1 F1500 X160.715 Y127.34 E3291.58898
G0 F9000 X161.281 Y127.34
G1 F1500 X116.601 Y82.66 E3293.69059
G0 F9000 X117.167 Y82.66
G1 F1500 X161.847 Y127.34 E3295.7922
G0 F9000 X162.413 Y127.34
G1 F1500 X117.733 Y82.66 E3297.89381
G0 F9000 X118.298 Y82.66
G1 F1500 X162.978 Y127.34 E3299.99542
G0 F9000 X163.544 Y127.34
G1 F1500 X118.864 Y82.66 E3302.09703
G0 F9000 X119.43 Y82.66
G1 F1500 X164.11 Y127.34 E3304.19864
G0 F9000 X164.675 Y127.34
G1 F1500 X119.995 Y82.66 E3306.30025
G0 F9000 X120.561 Y82.66
G1 F1500 X144.934 Y107.033 E3307.44668
G0 F9000 X145.41 Y107.509
G1 F1500 X165.241 Y127.34 E3308.37947
G0 F9000 X165.807 Y127.34
G1 F1500 X146.125 Y107.658 E3309.30525
G0 F9000 X146.691 Y107.658
G1 F1500 X166.372 Y127.34 E3310.23101
G0 F9000 X166.938 Y127.34
G1 F1500 X147.256 Y107.658 E3311.15679
G0 F9000 X147.822 Y107.658
G1 F1500 X167.504 Y127.34 E3312.08257
G0 F9000 X168.069 Y127.34
G1 F1500 X148.388 Y107.658 E3313.00833
G0 F9000 X148.953 Y107.658
G1 F1500 X168.635 Y127.34 E3313.93411
G0 F9000 X169.201 Y127.34
G1 F1500 X149.519 Y107.658 E3314.85989
G0 F9000 X150.085 Y107.658
G1 F1500 X169.766 Y127.34 E3315.78565
G0 F9000 X170.332 Y127.34
G1 F1500 X150.651 Y107.658 E3316.7114
G0 F9000 X151.216 Y107.658
G1 F1500 X170.898 Y127.34 E3317.63718
G0 F9000 X171.463 Y127.34
G1 F1500 X151.782 Y107.658 E3318.56294
G0 F9000 X152.348 Y107.658
G1 F1500 X172.029 Y127.34 E3319.4887
G0 F9000 X172.595 Y127.34
G1 F1500 X152.913 Y107.658 E3320.41448
G0 F9000 X153.479 Y107.658
G1 F1500 X173.161 Y127.34 E3321.34026
G0 F9000 X173.726 Y127.34
G1 F1500 X154.045 Y107.658 E3322.26602
G0 F9000 X154.61 Y107.658
G1 F1500 X174.292 Y127.34 E3323.1918
G0 F9000 X174.858 Y127.34
G1 F1500 X155.176 Y107.658 E3324.11758
G0 F9000 X155.742 Y107.658
G1 F1500 X175.423 Y127.34 E3325.04334
G0 F9000 X175.989 Y127.34
G1 F1500 X156.307 Y107.658 E3325.96912
G0 F9000 X156.874 Y107.659
G1 F1500 X176.555 Y127.34 E3326.89485
G0 F9000 X177.12 Y127.34
G1 F1500 X157.439 Y107.659 E3327.82059
G0 F9000 X158.005 Y107.659
G1 F1500 X177.686 Y127.34 E3328.74632
G0 F9000 X177.788 Y126.876
G1 F1500 X158.571 Y107.659 E3329.65023
G0 F9000 X159.137 Y107.659
G1 F1500 X177.788 Y126.31 E3330.52752
G0 F9000 X177.788 Y125.745
G1 F1500 X159.702 Y107.659 E3331.37823
G0 F9000 X160.268 Y107.659
G1 F1500 X177.788 Y125.179 E3332.20231
G0 F9000 X177.788 Y124.613
G1 F1500 X160.834 Y107.659 E3332.99978
G0 F9000 X161.399 Y107.659
G1 F1500 X177.788 Y124.048 E3333.77067
G0 F9000 X177.788 Y123.482
G1 F1500 X161.965 Y107.659 E3334.51493
G0 F9000 X162.531 Y107.659
G1 F1500 X177.788 Y122.916 E3335.23257
G0 F9000 X177.788 Y122.351
G1 F1500 X163.096 Y107.659 E3335.92364
G0 F9000 X163.662 Y107.659
G1 F1500 X177.788 Y121.785 E3336.58808
G0 F9000 X177.788 Y121.219
G1 F1500 X164.228 Y107.659 E3337.2259
G0 F9000 X164.793 Y107.659
G1 F1500 X177.788 Y120.654 E3337.83715
G0 F9000 X177.788 Y120.088
G1 F1500 X165.359 Y107.659 E3338.42177
G0 F9000 X165.925 Y107.659
G1 F1500 X177.788 Y119.522 E3338.97977
G0 F9000 X177.788 Y118.957
G1 F1500 X166.49 Y107.659 E3339.51119
G0 F9000 X167.056 Y107.659
G1 F1500 X177.788 Y118.391 E3340.01599
G0 F9000 X177.788 Y117.825
G1 F1500 X167.622 Y107.66 E3340.49415
G0 F9000 X168.188 Y107.66
G1 F1500 X177.788 Y117.26 E3340.9457
G0 F9000 X177.788 Y116.694
G1 F1500 X168.754 Y107.66 E3341.37063
G0 F9000 X169.32 Y107.66
G1 F1500 X177.788 Y116.128 E3341.76894
G0 F9000 X177.788 Y115.562
G1 F1500 X169.885 Y107.66 E3342.14065
G0 F9000 X170.451 Y107.66
G1 F1500 X177.788 Y114.997 E3342.48576
G0 F9000 X177.788 Y114.431
G1 F1500 X171.017 Y107.66 E3342.80425
G0 F9000 X171.582 Y107.66
G1 F1500 X177.788 Y113.865 E3343.09614
G0 F9000 X177.788 Y113.3
G1 F1500 X172.148 Y107.66 E3343.36143
G0 F9000 X172.714 Y107.66
G1 F1500 X177.788 Y112.734 E3343.60009
G0 F9000 X177.788 Y112.168
G1 F1500 X173.279 Y107.66 E3343.81216
G0 F9000 X173.845 Y107.66
G1 F1500 X177.788 Y111.603 E3343.99762
G0 F9000 X177.788 Y111.037
G1 F1500 X174.411 Y107.66 E3344.15647
G0 F9000 X174.976 Y107.66
G1 F1500 X177.788 Y110.471 E3344.28871
G0 F9000 X177.788 Y109.906
G1 F1500 X175.542 Y107.66 E3344.39436
G0 F9000 X176.108 Y107.66
G1 F1500 X177.788 Y109.34 E3344.47338
G0 F9000 X177.788 Y108.774
G1 F1500 X176.673 Y107.66 E3344.5258
G0 F9000 X177.239 Y107.66
G1 F1500 X177.788 Y108.209 E3344.55162
G1 F1500 E3338.05162
G0 F9000 X178.248 Y108.209
G0 X178.176 Y107.272
G0 X145.512 Y106.938
G0 X145.248 Y106.322
G0 X144.789 Y106.322
G1 F1500 E3344.55162
G1 X121.127 Y82.66 E3345.66461
G0 F9000 X121.692 Y82.66
G1 F1500 X144.789 Y105.756 E3346.751
G0 F9000 X144.789 Y105.191
G1 F1500 X122.258 Y82.66 E3347.81079
G0 F9000 X122.824 Y82.66
G1 F1500 X144.789 Y104.625 E3348.84396
G0 F9000 X144.789 Y104.059
G1 F1500 X123.389 Y82.66 E3349.85052
G0 F9000 X123.955 Y82.66
G1 F1500 X144.789 Y103.494 E3350.83049
G0 F9000 X144.789 Y102.928
G1 F1500 X124.521 Y82.66 E3351.78384
G0 F9000 X125.086 Y82.66
G1 F1500 X144.789 Y102.362 E3352.71058
G0 F9000 X144.789 Y101.797
G1 F1500 X125.652 Y82.66 E3353.61073
G0 F9000 X126.218 Y82.66
G1 F1500 X144.789 Y101.231 E3354.48425
G0 F9000 X144.789 Y100.665
G1 F1500 X126.784 Y82.66 E3355.33115
G0 F9000 X127.349 Y82.66
G1 F1500 X144.789 Y100.099 E3356.15145
G0 F9000 X144.789 Y99.534
G1 F1500 X127.915 Y82.66 E3356.94515
G0 F9000 X128.481 Y82.66
G1 F1500 X144.789 Y98.968 E3357.71223
G0 F9000 X144.789 Y98.402
G1 F1500 X129.046 Y82.66 E3358.45271
G0 F9000 X129.612 Y82.66
G1 F1500 X144.789 Y97.837 E3359.16659
G0 F9000 X144.789 Y97.271
G1 F1500 X130.178 Y82.66 E3359.85384
G0 F9000 X130.743 Y82.66
G1 F1500 X144.789 Y96.705 E3360.5145
G0 F9000 X144.789 Y96.14
G1 F1500 X131.309 Y82.66 E3361.14856
G0 F9000 X131.875 Y82.66
G1 F1500 X144.789 Y95.574 E3361.75599
G0 F9000 X144.789 Y95.008
G1 F1500 X132.44 Y82.66 E3362.33683
G0 F9000 X133.006 Y82.66
G1 F1500 X144.789 Y94.443 E3362.89107
G0 F9000 X144.789 Y93.877
G1 F1500 X133.572 Y82.66 E3363.41868
G0 F9000 X134.137 Y82.66
G1 F1500 X144.789 Y93.311 E3363.91969
G0 F9000 X144.789 Y92.746
G1 F1500 X134.703 Y82.66 E3364.39411
G0 F9000 X135.269 Y82.66
G1 F1500 X144.789 Y92.18 E3364.8419
G0 F9000 X144.789 Y91.614
G1 F1500 X135.835 Y82.66 E3365.26307
G0 F9000 X136.4 Y82.66
G1 F1500 X144.789 Y91.048 E3365.65764
G0 F9000 X144.789 Y90.483
G1 F1500 X136.966 Y82.66 E3366.02561
G0 F9000 X137.532 Y82.66
G1 F1500 X144.789 Y89.917 E3366.36695
G0 F9000 X144.789 Y89.351
G1 F1500 X138.097 Y82.66 E3366.6817
G0 F9000 X138.663 Y82.66
G1 F1500 X144.789 Y88.786 E3366.96985
G0 F9000 X144.789 Y88.22
G1 F1500 X139.229 Y82.66 E3367.23138
G0 F9000 X139.794 Y82.66
G1 F1500 X144.789 Y87.654 E3367.4663
G0 F9000 X144.789 Y87.089
G1 F1500 X140.36 Y82.66 E3367.67463
G0 F9000 X140.926 Y82.66
G1 F1500 X144.789 Y86.523 E3367.85633
G0 F9000 X144.789 Y85.957
G1 F1500 X141.491 Y82.66 E3368.01144
G0 F9000 X142.057 Y82.66
G1 F1500 X144.789 Y85.392 E3368.13994
G0 F9000 X144.789 Y84.826
G1 F1500 X142.623 Y82.66 E3368.24182
G0 F9000 X143.188 Y82.66
G1 F1500 X144.789 Y84.26 E3368.31711
G0 F9000 X144.789 Y83.695
G1 F1500 X143.754 Y82.66 E3368.36579
G0 F9000 X144.32 Y82.66
G1 F1500 X144.789 Y83.129 E3368.38785
G1 F1500 E3361.88785
;MESH:wheel(3).stl(1)
G0 F9000 X145.248 Y83.129
G0 X145.502 Y107.117
G0 X178.176 Y107.272
G0 X178.176 Y127.728
G0 X145.357 Y128.019
G0 X145.176 Y152.728
G0 X117.883 Y153.07
G0 X117.883 Y154.165
G0 X118.077 Y155.772
G0 X118.154 Y156.843
G0 X117.883 Y203.251
G0 X117.904 Y203.557
;TYPE:WALL-INNER
G1 F1500 E3368.38785
G1 X122.918 Y203.195 E3368.55505
G1 X128.68 Y201.198 E3368.75788
G1 X133.741 Y197.767 E3368.96124
G1 X137.738 Y193.151 E3369.16433
G1 X140.401 Y187.661 E3369.36728
G1 X141.555 Y181.664 E3369.5704
G1 X141.115 Y175.566 E3369.77374
G1 X139.118 Y169.804 E3369.97657
G1 X135.687 Y164.743 E3370.17994
G1 X131.071 Y160.746 E3370.38302
G1 X125.581 Y158.083 E3370.58597
G1 X119.584 Y156.929 E3370.78909
G1 X113.486 Y157.369 E3370.99244
G1 X107.724 Y159.366 E3371.19527
G1 X102.663 Y162.797 E3371.39863
G1 X98.666 Y167.414 E3371.60174
G1 X95.999 Y172.903 E3371.80472
G1 X94.849 Y178.9 E3372.00781
G1 X95.289 Y184.998 E3372.21116
G1 X97.286 Y190.76 E3372.41399
G1 X100.717 Y195.822 E3372.61738
G1 X105.334 Y199.818 E3372.82047
G1 X110.823 Y202.485 E3373.02345
G1 X116.82 Y203.635 E3373.22654
G1 X117.904 Y203.557 E3373.26269
G0 F9000 X117.899 Y203.958
;TYPE:WALL-OUTER
G1 F1500 X122.999 Y203.59 E3373.43276
G1 X128.861 Y201.559 E3373.6391
G1 X134.009 Y198.069 E3373.84596
G1 X138.075 Y193.373 E3374.05256
G1 X140.784 Y187.788 E3374.25902
G1 X141.958 Y181.688 E3374.46563
G1 X141.51 Y175.485 E3374.67248
G1 X139.479 Y169.623 E3374.87882
G1 X135.989 Y164.475 E3375.08568
G1 X131.293 Y160.409 E3375.29228
G1 X125.708 Y157.7 E3375.49874
G1 X119.608 Y156.526 E3375.70535
G1 X113.405 Y156.974 E3375.9122
G1 X107.543 Y159.005 E3376.11854
G1 X102.395 Y162.495 E3376.3254
G1 X98.329 Y167.192 E3376.53202
G1 X95.616 Y172.776 E3376.73851
G1 X94.446 Y178.876 E3376.94509
G1 X94.894 Y185.079 E3377.15194
G1 X96.925 Y190.941 E3377.35829
G1 X100.415 Y196.09 E3377.56517
G1 X105.112 Y200.155 E3377.77178
G1 X110.696 Y202.868 E3377.97826
G1 X116.796 Y204.038 E3378.18485
G1 X117.899 Y203.958 E3378.22163
G0 F9000 X117.751 Y203.488
;TYPE:FILL
G1 F3000 X95.066 Y180.802 E3379.28869
G0 F9000 X95.122 Y181.574
G1 F3000 X139.025 Y169.81 E3380.80042
G0 F9000 X138.525 Y169.072
G1 F3000 X130.223 Y200.056 E3381.8673
G0 F9000 X130.858 Y199.624
G1 F3000 X98.719 Y167.485 E3383.37902
G0 F9000 X98.328 Y168.291
G1 F3000 X129.323 Y159.986 E3384.44629
G0 F9000 X128.627 Y159.649
G1 F3000 X116.863 Y203.552 E3385.95802
G0 F9000 X116.847 Y203.325
G0 X110.995 Y202.204
G0 X110.952 Y202.429
G1 F3000 X122.949 Y157.657 E3387.49968
G1 X122.805 Y157.63
G1 X141.058 Y175.883 E3388.35824
G0 F9000 X141.005 Y175.491
G1 F3000 X96.236 Y187.487 E3389.89979
G1 X96.284 Y187.623
G1 X102.965 Y162.69 E3390.75832
G0 F9000 X102.652 Y162.933
G1 F3000 X135.422 Y195.703 E3392.29972
G1 X135.514 Y195.597
G1 X110.579 Y202.278 E3393.15832
G0 F9000 X110.68 Y202.071
G0 X105.772 Y199.689
G0 X105.672 Y199.894
G1 F3000 X99.16 Y193.382 E3393.46462
G0 F9000 X98.892 Y192.987
G1 F3000 X141.469 Y181.578 E3394.9307
G0 F9000 X141.451 Y181.334
G1 F3000 X139.068 Y190.226 E3395.23689
G0 F9000 X138.86 Y190.656
G1 F3000 X107.691 Y159.487 E3396.70298
G0 F9000 X107.484 Y159.626
G1 F3000 X116.393 Y157.239 E3397.00975
G0 F9000 X116.858 Y157.205
G1 F3000 X105.449 Y199.785 E3398.47592
G0 F9000 X105.548 Y199.581
G0 X103.506 Y197.831
G0 X103.357 Y198.002
G1 F3000 X140.067 Y188.165 E3399.73997
G0 F9000 X139.864 Y188.066
G0 X140.747 Y184.238
G0 X140.971 Y184.281
G1 F3000 X114.095 Y157.406 E3401.00412
G0 F9000 X114.111 Y157.634
G0 X110.358 Y158.782
G0 X110.283 Y158.563
G1 F3000 X100.445 Y195.276 E3402.26828
G0 F9000 X100.632 Y195.15
G0 X95.862 Y175.267
G0 X95.635 Y175.224
G1 F3000 X135.372 Y164.577 E3403.63655
G0 F9000 X135.223 Y164.748
G0 X133.718 Y163.445
G0 X133.867 Y163.274
G1 F3000 X123.221 Y203.006 E3405.00466
G0 F9000 X123.148 Y202.792
G0 X125.029 Y202.14
G0 X125.102 Y202.353
G1 F3000 X96.011 Y173.262 E3406.37301
G0 F9000 X96.533 Y173.363
G1 F1500 E3399.87301
;MESH:NONMESH
G0 F300 X96.533 Y173.363 Z2
G0 F9000 X98.524 Y167.317
G0 X97.697 Y166.602
G0 X55.297 Y129.153
G0 X55.297 Y105.847
G0 X88.297 Y80.847
G0 X115.906 Y78.36
G0 X116.111 Y77.286
G0 X117.479 Y76.705
G0 X117.5 Y77.011
;TIME_ELAPSED:4297.457906
;LAYER:9
;TYPE:WALL-INNER
;MESH:wheel(3).stl
G1 F1500 E3406.37301
G1 X122.214 Y76.671 E3406.53021
G1 X127.976 Y74.674 E3406.73304
G1 X133.037 Y71.243 E3406.9364
G1 X137.034 Y66.626 E3407.13951
G1 X139.701 Y61.137 E3407.34249
G1 X140.851 Y55.14 E3407.54558
G1 X140.411 Y49.042 E3407.74893
G1 X138.414 Y43.28 E3407.95176
G1 X134.983 Y38.219 E3408.15512
G1 X130.367 Y34.222 E3408.35821
G1 X124.877 Y31.559 E3408.56116
G1 X118.88 Y30.405 E3408.76428
G1 X112.782 Y30.845 E3408.96762
G1 X107.02 Y32.842 E3409.17045
G1 X101.959 Y36.273 E3409.37382
G1 X97.962 Y40.889 E3409.5769
G1 X95.299 Y46.379 E3409.77985
G1 X94.145 Y52.376 E3409.98297
G1 X94.585 Y58.474 E3410.18632
G1 X96.582 Y64.236 E3410.38915
G1 X100.013 Y69.298 E3410.59254
G1 X104.629 Y73.294 E3410.7956
G1 X110.119 Y75.957 E3410.99855
G1 X116.116 Y77.111 E3411.20167
G1 X117.5 Y77.011 E3411.24782
G0 F9000 X117.5 Y77.412
;TYPE:WALL-OUTER
G1 F1500 X122.295 Y77.066 E3411.40772
G1 X128.157 Y75.035 E3411.61406
G1 X133.305 Y71.545 E3411.82092
G1 X137.371 Y66.848 E3412.02755
G1 X140.084 Y61.264 E3412.23403
G1 X141.254 Y55.164 E3412.44062
G1 X140.806 Y48.961 E3412.64747
G1 X138.775 Y43.099 E3412.85381
G1 X135.285 Y37.951 E3413.06067
G1 X130.589 Y33.885 E3413.26727
G1 X125.004 Y31.176 E3413.47373
G1 X118.904 Y30.002 E3413.68034
G1 X112.701 Y30.45 E3413.88719
G1 X106.839 Y32.481 E3414.09353
G1 X101.691 Y35.971 E3414.30039
G1 X97.625 Y40.667 E3414.50699
G1 X94.916 Y46.252 E3414.71345
G1 X93.742 Y52.352 E3414.92006
G1 X94.19 Y58.555 E3415.12691
G1 X96.221 Y64.417 E3415.33325
G1 X99.711 Y69.566 E3415.54014
G1 X104.407 Y73.631 E3415.74672
G1 X109.992 Y76.34 E3415.95317
G1 X116.092 Y77.514 E3416.15978
G1 X117.5 Y77.412 E3416.20674
G0 F9000 X117.233 Y76.95
;TYPE:FILL
G1 F3000 X94.346 Y54.063 E3417.28327
G0 F9000 X94.577 Y54.047
G0 X94.658 Y55.178
G0 X94.429 Y55.194
G1 F3000 X138.377 Y43.418 E3418.79655
G0 F9000 X138.163 Y43.491
G0 X137.529 Y42.519
G0 X137.716 Y42.393
G1 F3000 X129.341 Y73.652 E3419.8729
G0 F9000 X129.215 Y73.465
G0 X130.147 Y72.834
G0 X130.272 Y73.019
G1 F3000 X98.102 Y40.849 E3421.38608
G0 F9000 X98.276 Y41
G0 X97.751 Y42.037
G0 X97.544 Y41.936
G1 F3000 X128.814 Y33.557 E3422.46281
G0 F9000 X128.714 Y33.763
G0 X127.693 Y33.268
G0 X127.793 Y33.063
G1 F3000 X116.017 Y77.012 E3423.97613
G0 F9000 X116.06 Y76.787
G0 X110.213 Y75.66
G0 X110.113 Y75.865
G1 F3000 X122.106 Y31.106 E3425.51733
G0 F9000 X122.347 Y31.153
G1 F3000 X140.339 Y49.145 E3426.36362
G1 X140.335 Y49.105
G1 X95.578 Y61.097 E3427.90475
G0 F9000 X95.498 Y60.862
G1 F3000 X102.083 Y36.286 E3428.75099
G1 X102.049 Y36.311
G1 X134.811 Y69.072 E3430.29199
G0 F9000 X134.643 Y69.265
G1 F3000 X110.076 Y75.848 E3431.13792
G0 F9000 X110.176 Y75.643
G0 X105.454 Y73.353
G0 X105.354 Y73.557
G1 F3000 X98.036 Y66.239 E3431.48213
G0 F9000 X98.272 Y66.587
G1 F3000 X140.757 Y55.203 E3432.94504
G0 F9000 X140.716 Y54.38
G1 F3000 X138.036 Y64.382 E3433.28944
G0 F9000 X138.222 Y63.999
G1 F3000 X107.117 Y32.894 E3434.75252
G0 F9000 X106.421 Y33.346
G1 F3000 X116.441 Y30.661 E3435.09755
G0 F9000 X116.005 Y30.692
G1 F3000 X104.62 Y73.18 E3436.56056
G0 F9000 X104.769 Y73.009
G0 X102.932 Y71.418
G0 X102.782 Y71.59
G1 F3000 X139.285 Y61.809 E3437.81748
G0 F9000 X139.08 Y61.709
G0 X140.076 Y57.549
G0 X140.301 Y57.592
G1 F3000 X113.578 Y30.869 E3439.07445
G0 F9000 X113.594 Y31.097
G0 X109.493 Y32.314
G0 X109.418 Y32.095
G1 F3000 X99.636 Y68.598 E3440.33138
G0 F9000 X99.824 Y68.471
G0 X95.13 Y48.898
G0 X94.904 Y48.855
G1 F3000 X134.798 Y38.165 E3441.70507
G0 F9000 X134.649 Y38.336
G0 X132.895 Y36.817
G0 X133.044 Y36.647
G1 F3000 X122.356 Y76.537 E3443.07862
G0 F9000 X122.283 Y76.324
G0 X124.473 Y75.564
G0 X124.546 Y75.778
G1 F3000 X95.342 Y46.574 E3444.45229
G0 F9000 X95.862 Y46.674
G1 F1500 E3437.95229
;MESH:MotorCar(1).stl
G0 F9000 X104.533 Y73.439
G0 X104.057 Y74.423
G0 X104.533 Y80.835
G0 X117.465 Y152.9
;TYPE:WALL-INNER
G1 F1500 E3444.45229
G1 X145.348 Y152.9 E3445.37968
G1 X145.35 Y128.44 E3446.19322
G1 X145.406 Y128.24 E3446.20013
G1 X145.597 Y128.012 E3446.21002
G1 X145.904 Y127.901 E3446.22088
G1 X178.348 Y127.9 E3447.29997
G1 X178.348 Y107.1 E3447.99178
G1 X145.895 Y107.098 E3449.07117
G1 X145.621 Y107.004 E3449.08081
G1 X145.494 Y106.894 E3449.0864
G1 X145.388 Y106.717 E3449.09326
G1 X145.35 Y106.56 E3449.09863
G1 X145.348 Y82.1 E3449.91217
G1 X89.548 Y82.1 E3451.76809
G1 X89.546 Y106.56 E3452.58163
G1 X89.49 Y106.76 E3452.58854
G1 X89.275 Y107.004 E3452.59936
G1 X88.992 Y107.099 E3452.60929
G1 X56.548 Y107.1 E3453.68838
G1 X56.548 Y127.9 E3454.38019
G1 X89.001 Y127.902 E3455.45958
G1 X89.275 Y127.996 E3455.46921
G1 X89.402 Y128.106 E3455.4748
G1 X89.508 Y128.283 E3455.48166
G1 X89.546 Y128.44 E3455.48704
G1 X89.548 Y152.9 E3456.30058
G1 X117.465 Y152.9 E3457.2291
G0 F9000 X117.465 Y153.3
;TYPE:WALL-OUTER
G1 F1500 X145.748 Y153.3 E3458.1698
G1 X145.756 Y128.44 E3458.99665
G1 X145.906 Y128.3 E3459.00347
G1 X178.748 Y128.3 E3460.0958
G1 X178.748 Y106.7 E3460.81422
G1 X145.93 Y106.7 E3461.90575
G1 X145.796 Y106.632 E3461.91075
G1 X145.748 Y106.52 E3461.9148
G1 X145.748 Y81.7 E3462.74032
G1 X89.148 Y81.7 E3464.62284
G1 X89.14 Y106.56 E3465.44969
G1 X88.99 Y106.7 E3465.45651
G1 X56.148 Y106.7 E3466.54884
G1 X56.148 Y128.3 E3467.26726
G1 X88.966 Y128.3 E3468.35879
G1 X89.1 Y128.368 E3468.36379
G1 X89.148 Y128.48 E3468.36784
G1 X89.148 Y153.3 E3469.19336
G1 X117.465 Y153.3 E3470.13519
G0 F9000 X117.465 Y152.54
;TYPE:SKIN
G1 F1500 X89.908 Y152.54 E3471.05174
G1 X89.904 Y128.357 E3471.85607
G1 X89.74 Y127.954 E3471.87054
G1 X89.509 Y127.716 E3471.88157
G1 X89.096 Y127.541 E3471.89649
G1 X56.908 Y127.54 E3472.96706
G1 X56.908 Y107.46 E3473.63493
G1 X89.018 Y107.456 E3474.70291
G1 X89.333 Y107.382 E3474.71367
G1 X89.668 Y107.128 E3474.72766
G1 X89.819 Y106.9 E3474.73675
G1 X89.899 Y106.596 E3474.74721
G1 X89.908 Y82.46 E3475.54997
G1 X144.988 Y82.46 E3477.38194
G1 X144.992 Y106.639 E3478.18614
G1 X145.151 Y107.041 E3478.20052
G1 X145.385 Y107.281 E3478.21166
G1 X145.795 Y107.459 E3478.22653
G1 X177.988 Y107.46 E3479.29727
G1 X177.988 Y127.54 E3479.96514
G1 X145.878 Y127.54 E3481.03312
G1 X145.561 Y127.615 E3481.04396
G1 X145.199 Y127.894 E3481.05916
G1 X145.073 Y128.096 E3481.06708
G1 X144.993 Y128.4 E3481.07753
G1 X144.988 Y152.54 E3481.88043
G1 X117.465 Y152.54 E3482.79585
G1 F1500 E3476.29585
G0 F9000 X117.465 Y152.8
G0 X145.176 Y152.728
G0 X145.512 Y128.062
G0 X178.176 Y127.728
G0 X178.248 Y127.117
G0 X177.788 Y127.117
G1 F1500 E3482.79585
G1 X177.564 Y127.34 E3482.80636
G0 F9000 X176.999 Y127.34
G1 F1500 X177.788 Y126.551 E3482.84347
G0 F9000 X177.788 Y125.985
G1 F1500 X176.433 Y127.34 E3482.90721
G0 F9000 X175.867 Y127.34
G1 F1500 X177.788 Y125.42 E3482.99754
G0 F9000 X177.788 Y124.854
G1 F1500 X175.302 Y127.34 E3483.11448
G0 F9000 X174.736 Y127.34
G1 F1500 X177.788 Y124.288 E3483.25803
G0 F9000 X177.788 Y123.722
G1 F1500 X174.17 Y127.34 E3483.42821
G0 F9000 X173.605 Y127.34
G1 F1500 X177.788 Y123.157 E3483.62497
G0 F9000 X177.788 Y122.591
G1 F1500 X173.039 Y127.34 E3483.84835
G0 F9000 X172.473 Y127.34
G1 F1500 X177.788 Y122.025 E3484.09835
G0 F9000 X177.788 Y121.46
G1 F1500 X171.908 Y127.34 E3484.37493
G0 F9000 X171.342 Y127.34
G1 F1500 X177.788 Y120.894 E3484.67813
G0 F9000 X177.788 Y120.328
G1 F1500 X170.776 Y127.34 E3485.00795
G0 F9000 X170.211 Y127.34
G1 F1500 X177.788 Y119.763 E3485.36435
G0 F9000 X177.788 Y119.197
G1 F1500 X169.645 Y127.34 E3485.74737
G0 F9000 X169.079 Y127.34
G1 F1500 X177.788 Y118.631 E3486.15701
G0 F9000 X177.788 Y118.066
G1 F1500 X168.513 Y127.34 E3486.59326
G0 F9000 X167.948 Y127.34
G1 F1500 X177.788 Y117.5 E3487.0561
G0 F9000 X177.788 Y116.934
G1 F1500 X167.382 Y127.34 E3487.54557
G0 F9000 X166.816 Y127.34
G1 F1500 X177.788 Y116.369 E3488.06163
G0 F9000 X177.788 Y115.803
G1 F1500 X166.251 Y127.34 E3488.6043
G0 F9000 X165.685 Y127.34
G1 F1500 X177.788 Y115.237 E3489.17359
G0 F9000 X177.788 Y114.672
G1 F1500 X165.119 Y127.34 E3489.76947
G0 F9000 X164.554 Y127.34
G1 F1500 X177.788 Y114.106 E3490.39196
G0 F9000 X177.788 Y113.54
G1 F1500 X163.988 Y127.34 E3491.04107
G0 F9000 X163.422 Y127.34
G1 F1500 X177.788 Y112.974 E3491.7168
G0 F9000 X177.788 Y112.409
G1 F1500 X162.857 Y127.34 E3492.41911
G0 F9000 X162.291 Y127.34
G1 F1500 X177.788 Y111.843 E3493.14804
G0 F9000 X177.788 Y111.277
G1 F1500 X161.725 Y127.34 E3493.9036
G0 F9000 X161.16 Y127.34
G1 F1500 X177.788 Y110.712 E3494.68573
G0 F9000 X177.788 Y110.146
G1 F1500 X160.594 Y127.34 E3495.49448
G0 F9000 X160.028 Y127.34
G1 F1500 X177.788 Y109.58 E3496.32986
G0 F9000 X177.788 Y109.015
G1 F1500 X159.462 Y127.34 E3497.19183
G0 F9000 X158.897 Y127.34
G1 F1500 X177.788 Y108.449 E3498.08041
G0 F9000 X177.788 Y107.883
G1 F1500 X158.331 Y127.34 E3498.9956
G0 F9000 X157.765 Y127.34
G1 F1500 X177.446 Y107.659 E3499.92134
G0 F9000 X176.881 Y107.659
G1 F1500 X157.2 Y127.34 E3500.84707
G0 F9000 X156.634 Y127.34
G1 F1500 X176.315 Y107.659 E3501.77281
G0 F9000 X175.749 Y107.659
G1 F1500 X156.068 Y127.34 E3502.69854
G0 F9000 X155.503 Y127.34
G1 F1500 X175.184 Y107.659 E3503.62427
G0 F9000 X174.618 Y107.659
G1 F1500 X154.937 Y127.34 E3504.55001
G0 F9000 X154.371 Y127.34
G1 F1500 X174.052 Y107.659 E3505.47574
G0 F9000 X173.487 Y107.659
G1 F1500 X153.806 Y127.34 E3506.40148
G0 F9000 X153.24 Y127.34
G1 F1500 X172.921 Y107.659 E3507.32721
G0 F9000 X172.355 Y107.659
G1 F1500 X152.674 Y127.34 E3508.25294
G0 F9000 X152.109 Y127.34
G1 F1500 X171.789 Y107.659 E3509.17865
G0 F9000 X171.224 Y107.659
G1 F1500 X151.543 Y127.34 E3510.10439
G0 F9000 X150.977 Y127.34
G1 F1500 X170.658 Y107.659 E3511.03012
G0 F9000 X170.092 Y107.659
G1 F1500 X150.412 Y127.34 E3511.95583
G0 F9000 X149.846 Y127.34
G1 F1500 X169.527 Y107.659 E3512.88157
G0 F9000 X168.961 Y107.659
G1 F1500 X149.28 Y127.34 E3513.8073
G0 F9000 X148.714 Y127.34
G1 F1500 X168.395 Y107.659 E3514.73303
G0 F9000 X167.83 Y107.659
G1 F1500 X148.149 Y127.34 E3515.65877
G0 F9000 X147.583 Y127.34
G1 F1500 X167.264 Y107.659 E3516.5845
G0 F9000 X166.699 Y107.658
G1 F1500 X147.017 Y127.34 E3517.51028
G0 F9000 X146.452 Y127.34
G1 F1500 X166.133 Y107.658 E3518.43604
G0 F9000 X165.568 Y107.658
G1 F1500 X145.886 Y127.34 E3519.36182
G0 F9000 X145.901 Y127.801
G0 X145.248 Y128.457
G0 X144.793 Y128.433
G1 F1500 X120.886 Y152.34 E3520.48633
G0 F9000 X121.451 Y152.34
G1 F1500 X144.793 Y128.999 E3521.58425
G0 F9000 X144.793 Y129.565
G1 F1500 X122.017 Y152.34 E3522.65553
G0 F9000 X122.583 Y152.34
G1 F1500 X144.793 Y130.13 E3523.70023
G0 F9000 X144.793 Y130.696
G1 F1500 X123.148 Y152.34 E3524.71832
G0 F9000 X123.714 Y152.34
G1 F1500 X144.793 Y131.262 E3525.70978
G0 F9000 X144.792 Y131.828
G1 F1500 X124.28 Y152.34 E3526.67461
G0 F9000 X124.845 Y152.34
G1 F1500 X144.792 Y132.394 E3527.61283
G0 F9000 X144.792 Y132.959
G1 F1500 X125.411 Y152.34 E3528.52445
G0 F9000 X125.977 Y152.34
G1 F1500 X144.792 Y133.525 E3529.40945
G0 F9000 X144.792 Y134.091
G1 F1500 X126.542 Y152.34 E3530.26785
G0 F9000 X127.108 Y152.34
G1 F1500 X144.791 Y134.657 E3531.09961
G0 F9000 X144.791 Y135.223
G1 F1500 X127.674 Y152.34 E3531.90474
G0 F9000 X128.239 Y152.34
G1 F1500 X144.791 Y135.789 E3532.68327
G0 F9000 X144.791 Y136.354
G1 F1500 X128.805 Y152.34 E3533.4352
G0 F9000 X129.371 Y152.34
G1 F1500 X144.791 Y136.92 E3534.16051
G0 F9000 X144.791 Y137.486
G1 F1500 X129.937 Y152.34 E3534.8592
G0 F9000 X130.502 Y152.34
G1 F1500 X144.791 Y138.052 E3535.53128
G0 F9000 X144.791 Y138.618
G1 F1500 X131.068 Y152.34 E3536.17675
G0 F9000 X131.634 Y152.34
G1 F1500 X144.791 Y139.183 E3536.79561
G0 F9000 X144.791 Y139.749
G1 F1500 X132.199 Y152.34 E3537.38788
G0 F9000 X132.765 Y152.34
G1 F1500 X144.791 Y140.315 E3537.95352
G0 F9000 X144.79 Y140.881
G1 F1500 X133.331 Y152.34 E3538.49252
G0 F9000 X133.896 Y152.34
G1 F1500 X144.79 Y141.447 E3539.00491
G0 F9000 X144.79 Y142.012
G1 F1500 X134.462 Y152.34 E3539.49071
G0 F9000 X135.028 Y152.34
G1 F1500 X144.79 Y142.578 E3539.94989
G0 F9000 X144.79 Y143.144
G1 F1500 X135.593 Y152.34 E3540.38246
G0 F9000 X136.159 Y152.34
G1 F1500 X144.789 Y143.71 E3540.78839
G0 F9000 X144.789 Y144.276
G1 F1500 X136.725 Y152.34 E3541.1677
G0 F9000 X137.29 Y152.34
G1 F1500 X144.789 Y144.842 E3541.5204
G0 F9000 X144.789 Y145.407
G1 F1500 X137.856 Y152.34 E3541.84651
G0 F9000 X138.422 Y152.34
G1 F1500 X144.789 Y145.973 E3542.14599
G0 F9000 X144.789 Y146.539
G1 F1500 X138.987 Y152.34 E3542.41888
G0 F9000 X139.553 Y152.34
G1 F1500 X144.789 Y147.105 E3542.66514
G0 F9000 X144.789 Y147.671
G1 F1500 X140.119 Y152.34 E3542.88478
G0 F9000 X140.685 Y152.34
G1 F1500 X144.789 Y148.236 E3543.07782
G0 F9000 X144.789 Y148.802
G1 F1500 X141.25 Y152.34 E3543.24426
G0 F9000 X141.816 Y152.34
G1 F1500 X144.788 Y149.369 E3543.38403
G0 F9000 X144.788 Y149.934
G1 F1500 X142.382 Y152.34 E3543.4972
G0 F9000 X142.947 Y152.34
G1 F1500 X144.788 Y150.5 E3543.58377
G0 F9000 X144.788 Y151.066
G1 F1500 X143.513 Y152.34 E3543.64372
G0 F9000 X144.079 Y152.34
G1 F1500 X144.788 Y151.631 E3543.67707
G0 F9000 X144.788 Y152.197
G1 F1500 X144.644 Y152.34 E3543.68382
G0 F9000 X144.644 Y152.8
G0 X120.32 Y152.8
G0 X120.32 Y152.34
G1 F1500 X165.002 Y107.658 E3545.78552
G0 F9000 X164.436 Y107.658
G1 F1500 X119.754 Y152.34 E3547.88723
G0 F9000 X119.189 Y152.34
G1 F1500 X163.871 Y107.658 E3549.98893
G0 F9000 X163.305 Y107.658
G1 F1500 X118.623 Y152.34 E3552.09064
G0 F9000 X118.057 Y152.34
G1 F1500 X162.739 Y107.658 E3554.19234
G0 F9000 X162.174 Y107.658
G1 F1500 X117.491 Y152.34 E3556.29407
G0 F9000 X116.926 Y152.34
G1 F1500 X161.608 Y107.658 E3558.39577
G0 F9000 X161.042 Y107.658
G1 F1500 X116.36 Y152.34 E3560.49748
G0 F9000 X115.794 Y152.34
G1 F1500 X160.476 Y107.658 E3562.59918
G0 F9000 X159.911 Y107.658
G1 F1500 X115.229 Y152.34 E3564.70089
G0 F9000 X114.663 Y152.34
G1 F1500 X159.345 Y107.658 E3566.80259
G0 F9000 X158.779 Y107.658
G1 F1500 X114.097 Y152.34 E3568.90429
G0 F9000 X113.532 Y152.34
G1 F1500 X158.214 Y107.658 E3571.006
G0 F9000 X157.648 Y107.658
G1 F1500 X112.966 Y152.34 E3573.1077
G0 F9000 X112.4 Y152.34
G1 F1500 X157.082 Y107.658 E3575.20941
G0 F9000 X156.517 Y107.658
G1 F1500 X111.835 Y152.34 E3577.31111
G0 F9000 X111.269 Y152.34
G1 F1500 X155.952 Y107.658 E3579.41284
G0 F9000 X155.386 Y107.658
G1 F1500 X110.703 Y152.34 E3581.51457
G0 F9000 X110.138 Y152.34
G1 F1500 X154.82 Y107.658 E3583.61627
G0 F9000 X154.255 Y107.658
G1 F1500 X109.572 Y152.34 E3585.718
G0 F9000 X109.006 Y152.34
G1 F1500 X153.689 Y107.658 E3587.81973
G0 F9000 X153.123 Y107.658
G1 F1500 X108.44 Y152.34 E3589.92146
G0 F9000 X107.875 Y152.34
G1 F1500 X152.558 Y107.658 E3592.02318
G0 F9000 X151.992 Y107.658
G1 F1500 X107.309 Y152.34 E3594.12491
G0 F9000 X106.743 Y152.34
G1 F1500 X151.426 Y107.658 E3596.22664
G0 F9000 X150.861 Y107.658
G1 F1500 X106.178 Y152.34 E3598.32837
G0 F9000 X105.612 Y152.34
G1 F1500 X150.295 Y107.658 E3600.43009
G0 F9000 X149.729 Y107.658
G1 F1500 X105.046 Y152.34 E3602.53182
G0 F9000 X104.481 Y152.34
G1 F1500 X149.163 Y107.658 E3604.63353
G0 F9000 X148.598 Y107.658
G1 F1500 X103.915 Y152.34 E3606.73525
G0 F9000 X103.349 Y152.34
G1 F1500 X148.032 Y107.658 E3608.83698
G0 F9000 X147.466 Y107.658
G1 F1500 X102.784 Y152.34 E3610.93869
G0 F9000 X102.218 Y152.34
G1 F1500 X146.901 Y107.658 E3613.04041
G0 F9000 X146.335 Y107.658
G1 F1500 X101.652 Y152.34 E3615.14214
G0 F9000 X101.087 Y152.34
G1 F1500 X145.769 Y107.658 E3617.24385
G0 F9000 X145.371 Y107.491
G1 F1500 X100.521 Y152.34 E3619.35343
G0 F9000 X99.955 Y152.34
G1 F1500 X145.061 Y107.235 E3621.47505
G0 F9000 X144.864 Y106.866
G1 F1500 X99.39 Y152.34 E3623.61401
G0 F9000 X98.824 Y152.34
G1 F1500 X144.788 Y106.376 E3625.77602
G0 F9000 X144.788 Y105.811
G1 F1500 X98.258 Y152.34 E3627.96462
G0 F9000 X97.692 Y152.34
G1 F1500 X144.788 Y105.245 E3630.17985
G0 F9000 X144.788 Y104.679
G1 F1500 X97.127 Y152.34 E3632.42168
G0 F9000 X96.561 Y152.34
G1 F1500 X144.788 Y104.114 E3634.6901
G0 F9000 X144.788 Y103.548
G1 F1500 X95.995 Y152.34 E3636.98515
G0 F9000 X95.43 Y152.34
G1 F1500 X144.788 Y102.982 E3639.3068
G0 F9000 X144.788 Y102.417
G1 F1500 X94.864 Y152.34 E3641.65505
G0 F9000 X94.298 Y152.34
G1 F1500 X144.788 Y101.851 E3644.02992
G0 F9000 X144.788 Y101.285
G1 F1500 X93.733 Y152.34 E3646.43139
G0 F9000 X93.167 Y152.34
G1 F1500 X144.788 Y100.72 E3648.85946
G0 F9000 X144.788 Y100.154
G1 F1500 X92.601 Y152.34 E3651.31416
G0 F9000 X92.036 Y152.34
G1 F1500 X144.788 Y99.588 E3653.79545
G0 F9000 X144.788 Y99.023
G1 F1500 X91.47 Y152.34 E3656.30334
G0 F9000 X90.904 Y152.34
G1 F1500 X144.788 Y98.457 E3658.83785
G0 F9000 X144.788 Y97.891
G1 F1500 X90.339 Y152.34 E3661.39897
G0 F9000 X90.108 Y152.005
G1 F1500 X144.788 Y97.325 E3663.97095
G0 F9000 X144.788 Y96.76
G1 F1500 X90.108 Y151.44 E3666.54293
G0 F9000 X90.108 Y150.874
G1 F1500 X144.788 Y96.194 E3669.11491
G0 F9000 X144.788 Y95.628
G1 F1500 X90.108 Y150.308 E3671.68689
G0 F9000 X90.108 Y149.743
G1 F1500 X144.788 Y95.063 E3674.25887
G0 F9000 X144.788 Y94.497
G1 F1500 X90.108 Y149.177 E3676.83085
G0 F9000 X90.108 Y148.611
G1 F1500 X144.788 Y93.931 E3679.40283
G0 F9000 X144.788 Y93.366
G1 F1500 X90.108 Y148.046 E3681.9748
G0 F9000 X90.108 Y147.48
G1 F1500 X144.788 Y92.8 E3684.54678
G0 F9000 X144.788 Y92.234
G1 F1500 X90.108 Y146.914 E3687.11876
G0 F9000 X90.108 Y146.348
G1 F1500 X144.788 Y91.669 E3689.69072
G0 F9000 X144.788 Y91.103
G1 F1500 X90.108 Y145.783 E3692.2627
G0 F9000 X90.108 Y145.217
G1 F1500 X144.788 Y90.537 E3694.83468
G0 F9000 X144.788 Y89.972
G1 F1500 X90.108 Y144.651 E3697.40664
G0 F9000 X90.108 Y144.086
G1 F1500 X144.788 Y89.406 E3699.97861
G0 F9000 X144.788 Y88.84
G1 F1500 X90.108 Y143.52 E3702.55059
G0 F9000 X90.108 Y142.954
G1 F1500 X144.788 Y88.275 E3705.12255
G0 F9000 X144.788 Y87.709
G1 F1500 X90.108 Y142.389 E3707.69453
G0 F9000 X90.108 Y141.823
G1 F1500 X144.788 Y87.143 E3710.26651
G0 F9000 X144.788 Y86.577
G1 F1500 X90.108 Y141.257 E3712.83849
G0 F9000 X90.108 Y140.692
G1 F1500 X144.788 Y86.012 E3715.41047
G0 F9000 X144.788 Y85.446
G1 F1500 X90.108 Y140.126 E3717.98245
G0 F9000 X90.108 Y139.56
G1 F1500 X144.788 Y84.88 E3720.55443
G0 F9000 X144.788 Y84.315
G1 F1500 X90.108 Y138.995 E3723.12641
G0 F9000 X90.108 Y138.429
G1 F1500 X144.788 Y83.749 E3725.69839
G0 F9000 X144.788 Y83.183
G1 F1500 X90.108 Y137.863 E3728.27037
G0 F9000 X90.108 Y137.298
G1 F1500 X144.746 Y82.659 E3730.84039
G0 F9000 X144.18 Y82.659
G1 F1500 X90.108 Y136.732 E3733.3838
G0 F9000 X90.108 Y136.166
G1 F1500 X143.615 Y82.659 E3735.9006
G0 F9000 X143.049 Y82.659
G1 F1500 X90.108 Y135.6 E3738.39079
G0 F9000 X90.108 Y135.035
G1 F1500 X142.483 Y82.659 E3740.85437
G0 F9000 X141.918 Y82.659
G1 F1500 X90.108 Y134.469 E3743.29135
G0 F9000 X90.108 Y133.903
G1 F1500 X141.352 Y82.659 E3745.70171
G0 F9000 X140.786 Y82.659
G1 F1500 X90.108 Y133.338 E3748.08547
G0 F9000 X90.108 Y132.772
G1 F1500 X140.221 Y82.659 E3750.44264
G0 F9000 X139.655 Y82.659
G1 F1500 X90.108 Y132.206 E3752.77318
G0 F9000 X90.108 Y131.641
G1 F1500 X139.089 Y82.659 E3755.07711
G0 F9000 X138.524 Y82.659
G1 F1500 X90.108 Y131.075 E3757.35445
G0 F9000 X90.108 Y130.509
G1 F1500 X137.958 Y82.659 E3759.60517
G0 F9000 X137.392 Y82.659
G1 F1500 X90.108 Y129.944 E3761.82929
G0 F9000 X90.108 Y129.378
G1 F1500 X136.827 Y82.659 E3764.02681
G0 F9000 X136.261 Y82.659
G1 F1500 X90.108 Y128.812 E3766.1977
G0 F9000 X90.088 Y128.267
G1 F1500 X135.695 Y82.659 E3768.34294
G0 F9000 X135.13 Y82.659
G1 F1500 X89.921 Y127.868 E3770.46943
G0 F9000 X89.646 Y127.578
G1 F1500 X134.564 Y82.659 E3772.58226
G0 F9000 X133.998 Y82.659
G1 F1500 X89.262 Y127.396 E3774.68653
G0 F9000 X88.75 Y127.342
G1 F1500 X133.432 Y82.659 E3776.78826
G0 F9000 X132.867 Y82.659
G1 F1500 X88.184 Y127.342 E3778.89001
G0 F9000 X87.618 Y127.342
G1 F1500 X132.301 Y82.659 E3780.99176
G0 F9000 X131.735 Y82.659
G1 F1500 X87.053 Y127.342 E3783.09349
G0 F9000 X86.487 Y127.342
G1 F1500 X131.17 Y82.659 E3785.19524
G0 F9000 X130.604 Y82.659
G1 F1500 X85.921 Y127.342 E3787.29699
G0 F9000 X85.356 Y127.342
G1 F1500 X130.038 Y82.659 E3789.39872
G0 F9000 X129.473 Y82.659
G1 F1500 X84.79 Y127.342 E3791.50047
G0 F9000 X84.224 Y127.342
G1 F1500 X128.907 Y82.659 E3793.60222
G0 F9000 X128.341 Y82.659
G1 F1500 X83.659 Y127.342 E3795.70395
G0 F9000 X83.093 Y127.342
G1 F1500 X127.776 Y82.659 E3797.8057
G0 F9000 X127.21 Y82.659
G1 F1500 X82.527 Y127.342 E3799.90745
G0 F9000 X81.961 Y127.342
G1 F1500 X126.644 Y82.659 E3802.0092
G0 F9000 X126.079 Y82.659
G1 F1500 X81.396 Y127.342 E3804.11095
G0 F9000 X80.83 Y127.342
G1 F1500 X125.513 Y82.659 E3806.21271
G0 F9000 X124.947 Y82.659
G1 F1500 X80.264 Y127.342 E3808.31446
G0 F9000 X79.699 Y127.342
G1 F1500 X124.381 Y82.659 E3810.41619
G0 F9000 X123.816 Y82.659
G1 F1500 X79.133 Y127.342 E3812.51794
G0 F9000 X78.567 Y127.342
G1 F1500 X123.25 Y82.659 E3814.61969
G0 F9000 X122.684 Y82.659
G1 F1500 X78.002 Y127.341 E3816.72139
G0 F9000 X77.437 Y127.341
G1 F1500 X122.119 Y82.659 E3818.8231
G0 F9000 X121.553 Y82.659
G1 F1500 X76.871 Y127.341 E3820.9248
G0 F9000 X76.305 Y127.341
G1 F1500 X120.987 Y82.659 E3823.02651
G0 F9000 X120.422 Y82.659
G1 F1500 X75.74 Y127.341 E3825.12821
G0 F9000 X75.174 Y127.341
G1 F1500 X119.856 Y82.659 E3827.22991
G0 F9000 X119.29 Y82.659
G1 F1500 X74.608 Y127.341 E3829.33162
G0 F9000 X74.043 Y127.341
G1 F1500 X118.725 Y82.659 E3831.43332
G0 F9000 X118.159 Y82.659
G1 F1500 X73.477 Y127.341 E3833.53503
G0 F9000 X72.911 Y127.341
G1 F1500 X117.593 Y82.659 E3835.63673
G0 F9000 X117.028 Y82.659
G1 F1500 X72.346 Y127.341 E3837.73844
G0 F9000 X71.78 Y127.341
G1 F1500 X116.462 Y82.659 E3839.84014
G0 F9000 X115.896 Y82.659
G1 F1500 X71.214 Y127.341 E3841.94184
G0 F9000 X70.648 Y127.341
G1 F1500 X115.331 Y82.659 E3844.04357
G0 F9000 X114.765 Y82.659
G1 F1500 X70.083 Y127.341 E3846.14528
G0 F9000 X69.517 Y127.341
G1 F1500 X89.26 Y107.599 E3847.0739
G0 F9000 X88.637 Y107.656
G1 F1500 X68.951 Y127.341 E3847.99985
G0 F9000 X68.386 Y127.341
G1 F1500 X88.072 Y107.656 E3848.92579
G0 F9000 X87.506 Y107.656
G1 F1500 X67.82 Y127.341 E3849.85174
G0 F9000 X67.255 Y127.341
G1 F1500 X86.94 Y107.656 E3850.77766
G0 F9000 X86.375 Y107.656
G1 F1500 X66.689 Y127.341 E3851.70361
G0 F9000 X66.124 Y127.341
G1 F1500 X85.809 Y107.656 E3852.62953
G0 F9000 X85.243 Y107.656
G1 F1500 X65.558 Y127.341 E3853.55545
G0 F9000 X64.992 Y127.341
G1 F1500 X84.677 Y107.656 E3854.48137
G0 F9000 X84.111 Y107.656
G1 F1500 X64.427 Y127.341 E3855.40727
G0 F9000 X63.861 Y127.341
G1 F1500 X83.545 Y107.656 E3856.33317
G0 F9000 X82.98 Y107.656
G1 F1500 X63.295 Y127.341 E3857.25909
G0 F9000 X62.73 Y127.341
G1 F1500 X82.414 Y107.656 E3858.18499
G0 F9000 X81.848 Y107.656
G1 F1500 X62.164 Y127.341 E3859.11089
G0 F9000 X61.598 Y127.341
G1 F1500 X81.283 Y107.656 E3860.03681
G0 F9000 X80.717 Y107.656
G1 F1500 X61.033 Y127.341 E3860.96271
G0 F9000 X60.467 Y127.341
G1 F1500 X80.151 Y107.656 E3861.88861
G0 F9000 X79.585 Y107.657
G1 F1500 X59.901 Y127.341 E3862.81448
G0 F9000 X59.335 Y127.341
G1 F1500 X79.019 Y107.657 E3863.74036
G0 F9000 X78.453 Y107.657
G1 F1500 X58.77 Y127.341 E3864.66621
G0 F9000 X58.204 Y127.341
G1 F1500 X77.888 Y107.657 E3865.59208
G0 F9000 X77.322 Y107.657
G1 F1500 X57.638 Y127.341 E3866.51796
G0 F9000 X57.108 Y127.305
G1 F1500 X76.756 Y107.657 E3867.44214
G0 F9000 X76.191 Y107.657
G1 F1500 X57.108 Y126.74 E3868.33975
G0 F9000 X57.108 Y126.174
G1 F1500 X75.625 Y107.657 E3869.21073
G0 F9000 X75.059 Y107.658
G1 F1500 X57.108 Y125.608 E3870.05507
G0 F9000 X57.108 Y125.043
G1 F1500 X74.493 Y107.658 E3870.8728
G0 F9000 X73.927 Y107.658
G1 F1500 X57.108 Y124.477 E3871.66392
G0 F9000 X57.108 Y123.911
G1 F1500 X73.362 Y107.658 E3872.42843
G0 F9000 X72.796 Y107.658
G1 F1500 X57.108 Y123.346 E3873.16635
G0 F9000 X57.108 Y122.78
G1 F1500 X72.23 Y107.658 E3873.87764
G0 F9000 X71.665 Y107.658
G1 F1500 X57.108 Y122.214 E3874.56233
G0 F9000 X57.108 Y121.649
G1 F1500 X71.099 Y107.658 E3875.22043
G0 F9000 X70.532 Y107.658
G1 F1500 X57.108 Y121.083 E3875.85187
G0 F9000 X57.108 Y120.517
G1 F1500 X69.967 Y107.658 E3876.45672
G0 F9000 X69.401 Y107.658
G1 F1500 X57.108 Y119.951 E3877.03495
G0 F9000 X57.108 Y119.386
G1 F1500 X68.835 Y107.658 E3877.58657
G0 F9000 X68.27 Y107.658
G1 F1500 X57.108 Y118.82 E3878.1116
G0 F9000 X57.108 Y118.254
G1 F1500 X67.704 Y107.658 E3878.61
G0 F9000 X67.138 Y107.658
G1 F1500 X57.108 Y117.689 E3879.08181
G0 F9000 X57.108 Y117.123
G1 F1500 X66.573 Y107.658 E3879.52701
G0 F9000 X66.006 Y107.659
G1 F1500 X57.108 Y116.557 E3879.94555
G0 F9000 X57.108 Y115.992
G1 F1500 X65.441 Y107.659 E3880.3375
G0 F9000 X64.875 Y107.659
G1 F1500 X57.108 Y115.426 E3880.70284
G0 F9000 X57.108 Y114.86
G1 F1500 X64.309 Y107.659 E3881.04155
G0 F9000 X63.744 Y107.659
G1 F1500 X57.108 Y114.295 E3881.35369
G0 F9000 X57.108 Y113.729
G1 F1500 X63.178 Y107.659 E3881.63921
G0 F9000 X62.612 Y107.659
G1 F1500 X57.108 Y113.163 E3881.8981
G0 F9000 X57.108 Y112.598
G1 F1500 X62.046 Y107.659 E3882.13039
G0 F9000 X61.48 Y107.66
G1 F1500 X57.108 Y112.032 E3882.33603
G0 F9000 X57.108 Y111.466
G1 F1500 X60.914 Y107.66 E3882.51506
G0 F9000 X60.349 Y107.66
G1 F1500 X57.108 Y110.901 E3882.6675
G0 F9000 X57.108 Y110.335
G1 F1500 X59.783 Y107.66 E3882.79333
G0 F9000 X59.217 Y107.66
G1 F1500 X57.108 Y109.769 E3882.89253
G0 F9000 X57.108 Y109.203
G1 F1500 X58.652 Y107.66 E3882.96513
G0 F9000 X58.086 Y107.66
G1 F1500 X57.108 Y108.638 E3883.01113
G0 F9000 X57.108 Y108.072
G1 F1500 X57.52 Y107.66 E3883.03051
G1 F1500 E3876.53051
G0 F9000 X57.52 Y107.199
G0 X89.388 Y106.938
G0 X89.609 Y106.697
G0 X90.051 Y106.808
G1 F1500 E3883.03051
G1 X114.199 Y82.659 E3884.16638
G0 F9000 X113.633 Y82.659
G1 F1500 X90.105 Y106.188 E3885.27309
G0 F9000 X90.105 Y105.622
G1 F1500 X113.068 Y82.659 E3886.3532
G0 F9000 X112.502 Y82.659
G1 F1500 X90.105 Y105.056 E3887.40669
G0 F9000 X90.105 Y104.491
G1 F1500 X111.936 Y82.659 E3888.43357
G0 F9000 X111.371 Y82.659
G1 F1500 X90.105 Y103.925 E3889.43386
G0 F9000 X90.105 Y103.359
G1 F1500 X110.805 Y82.659 E3890.40752
G0 F9000 X110.239 Y82.659
G1 F1500 X90.105 Y102.794 E3891.35459
G0 F9000 X90.105 Y102.228
G1 F1500 X109.674 Y82.659 E3892.27506
G0 F9000 X109.108 Y82.659
G1 F1500 X90.106 Y101.661 E3893.16885
G0 F9000 X90.106 Y101.096
G1 F1500 X108.542 Y82.659 E3894.03605
G0 F9000 X107.977 Y82.659
G1 F1500 X90.106 Y100.53 E3894.87664
G0 F9000 X90.106 Y99.964
G1 F1500 X107.411 Y82.659 E3895.69062
G0 F9000 X106.845 Y82.659
G1 F1500 X90.106 Y99.399 E3896.47799
G0 F9000 X90.106 Y98.833
G1 F1500 X106.28 Y82.659 E3897.23877
G0 F9000 X105.714 Y82.659
G1 F1500 X90.106 Y98.267 E3897.97292
G0 F9000 X90.106 Y97.702
G1 F1500 X105.148 Y82.659 E3898.68047
G0 F9000 X104.583 Y82.659
G1 F1500 X90.106 Y97.136 E3899.36143
G0 F9000 X90.107 Y96.57
G1 F1500 X104.017 Y82.659 E3900.01574
G0 F9000 X103.451 Y82.659
G1 F1500 X90.107 Y96.004 E3900.64342
G0 F9000 X90.107 Y95.438
G1 F1500 X102.885 Y82.659 E3901.24448
G0 F9000 X102.32 Y82.659
G1 F1500 X90.107 Y94.873 E3901.81897
G0 F9000 X90.107 Y94.307
G1 F1500 X101.754 Y82.659 E3902.36683
G0 F9000 X101.188 Y82.659
G1 F1500 X90.107 Y93.741 E3902.88807
G0 F9000 X90.107 Y93.175
G1 F1500 X100.623 Y82.659 E3903.38271
G0 F9000 X100.057 Y82.659
G1 F1500 X90.107 Y92.61 E3903.85075
G0 F9000 X90.107 Y92.043
G1 F1500 X99.491 Y82.659 E3904.29215
G0 F9000 X98.926 Y82.659
G1 F1500 X90.107 Y91.478 E3904.70696
G0 F9000 X90.107 Y90.912
G1 F1500 X98.36 Y82.659 E3905.09516
G0 F9000 X97.794 Y82.659
G1 F1500 X90.107 Y90.346 E3905.45673
G0 F9000 X90.107 Y89.781
G1 F1500 X97.229 Y82.659 E3905.79173
G0 F9000 X96.663 Y82.659
G1 F1500 X90.107 Y89.215 E3906.1001
G0 F9000 X90.107 Y88.649
G1 F1500 X96.097 Y82.659 E3906.38186
G0 F9000 X95.532 Y82.659
G1 F1500 X90.107 Y88.084 E3906.63703
G0 F9000 X90.107 Y87.518
G1 F1500 X94.966 Y82.659 E3906.86558
G0 F9000 X94.4 Y82.659
G1 F1500 X90.108 Y86.952 E3907.06749
G0 F9000 X90.108 Y86.386
G1 F1500 X93.834 Y82.659 E3907.24277
G0 F9000 X93.269 Y82.659
G1 F1500 X90.108 Y85.82 E3907.39146
G0 F9000 X90.108 Y85.254
G1 F1500 X92.703 Y82.659 E3907.51352
G0 F9000 X92.137 Y82.659
G1 F1500 X90.108 Y84.689 E3907.60898
G0 F9000 X90.108 Y84.123
G1 F1500 X91.572 Y82.659 E3907.67784
G0 F9000 X91.006 Y82.659
G1 F1500 X90.108 Y83.557 E3907.72008
G0 F9000 X90.108 Y82.992
G1 F1500 X90.44 Y82.659 E3907.73572
G1 F1500 E3901.23572
;MESH:wheel(3).stl(1)
G0 F9000 X90.44 Y82.2
G0 X89.72 Y82.272
G0 X89.539 Y106.981
G0 X56.72 Y107.272
G0 X56.72 Y127.728
G0 X89.573 Y128.064
G0 X89.72 Y152.728
G0 X117.883 Y153.07
G0 X117.883 Y154.165
G0 X118.077 Y155.772
G0 X118.154 Y156.843
G0 X117.883 Y203.251
G0 X117.904 Y203.557
;TYPE:WALL-INNER
G1 F1500 E3907.73572
G1 X122.918 Y203.195 E3907.90292
G1 X128.68 Y201.198 E3908.10575
G1 X133.741 Y197.767 E3908.30911
G1 X137.738 Y193.151 E3908.5122
G1 X140.401 Y187.661 E3908.71515
G1 X141.555 Y181.664 E3908.91827
G1 X141.115 Y175.566 E3909.12161
G1 X139.118 Y169.804 E3909.32444
G1 X135.687 Y164.743 E3909.52781
G1 X131.071 Y160.746 E3909.73089
G1 X125.581 Y158.083 E3909.93384
G1 X119.584 Y156.929 E3910.13696
G1 X113.486 Y157.369 E3910.34031
G1 X107.724 Y159.366 E3910.54314
G1 X102.663 Y162.797 E3910.7465
G1 X98.666 Y167.414 E3910.94961
G1 X95.999 Y172.903 E3911.15259
G1 X94.849 Y178.9 E3911.35568
G1 X95.289 Y184.998 E3911.55903
G1 X97.286 Y190.76 E3911.76186
G1 X100.717 Y195.822 E3911.96525
G1 X105.334 Y199.818 E3912.16834
G1 X110.823 Y202.485 E3912.37132
G1 X116.82 Y203.635 E3912.57441
G1 X117.904 Y203.557 E3912.61056
G0 F9000 X117.899 Y203.958
;TYPE:WALL-OUTER
G1 F1500 X122.999 Y203.59 E3912.78063
G1 X128.861 Y201.559 E3912.98697
G1 X134.009 Y198.069 E3913.19383
G1 X138.075 Y193.373 E3913.40043
G1 X140.784 Y187.788 E3913.60689
G1 X141.958 Y181.688 E3913.8135
G1 X141.51 Y175.485 E3914.02035
G1 X139.479 Y169.623 E3914.22669
G1 X135.989 Y164.475 E3914.43355
G1 X131.293 Y160.409 E3914.64015
G1 X125.708 Y157.7 E3914.84661
G1 X119.608 Y156.526 E3915.05322
G1 X113.405 Y156.974 E3915.26007
G1 X107.543 Y159.005 E3915.46641
G1 X102.395 Y162.495 E3915.67327
G1 X98.329 Y167.192 E3915.87989
G1 X95.616 Y172.776 E3916.08638
G1 X94.446 Y178.876 E3916.29296
G1 X94.894 Y185.079 E3916.49981
G1 X96.925 Y190.941 E3916.70616
G1 X100.415 Y196.09 E3916.91304
G1 X105.112 Y200.155 E3917.11965
G1 X110.696 Y202.868 E3917.32613
G1 X116.796 Y204.038 E3917.53272
G1 X117.899 Y203.958 E3917.5695
G0 F9000 X117.938 Y203.474
;TYPE:FILL
G1 F3000 X95.05 Y180.586 E3918.64608
G0 F9000 X95.28 Y180.57
G0 X95.361 Y181.702
G0 X95.133 Y181.718
G1 F3000 X139.081 Y169.942 E3920.15936
G0 F9000 X138.865 Y170.016
G0 X138.231 Y169.044
G0 X138.42 Y168.917
G1 F3000 X130.043 Y200.178 E3921.23579
G0 F9000 X129.917 Y199.991
G0 X130.852 Y199.357
G0 X130.977 Y199.543
G1 F3000 X98.806 Y167.371 E3922.74904
G0 F9000 X98.981 Y167.523
G0 X98.454 Y168.561
G0 X98.246 Y168.46
G1 F3000 X129.518 Y160.081 E3923.82584
G0 F9000 X129.417 Y160.288
G0 X128.395 Y159.792
G0 X128.496 Y159.586
G1 F3000 X116.72 Y203.535 E3925.33915
G0 F9000 X116.763 Y203.311
G0 X110.915 Y202.185
G0 X110.815 Y202.391
G1 F3000 X122.809 Y157.63 E3926.88043
G0 F9000 X123.054 Y157.678
G1 F3000 X141.042 Y175.667 E3927.72656
G1 X141.039 Y175.629
G1 X96.283 Y187.621 E3929.26766
G0 F9000 X96.201 Y187.385
G1 F3000 X102.786 Y162.812 E3930.11379
G1 X102.754 Y162.834
G1 X135.516 Y195.596 E3931.65482
G0 F9000 X135.348 Y195.789
G1 F3000 X110.775 Y202.373 E3932.50095
G0 F9000 X110.876 Y202.166
G0 X106.162 Y199.879
G0 X106.062 Y200.084
G1 F3000 X98.737 Y192.758 E3932.84552
G0 F9000 X98.976 Y193.111
G1 F3000 X141.462 Y181.727 E3934.30845
G0 F9000 X141.42 Y180.901
G1 F3000 X138.74 Y190.903 E3934.65286
G0 F9000 X138.926 Y190.521
G1 F3000 X107.822 Y159.417 E3936.11589
G0 F9000 X107.124 Y159.87
G1 F3000 X117.145 Y157.185 E3936.46095
G0 F9000 X116.708 Y157.216
G1 F3000 X105.324 Y199.704 E3937.92395
G0 F9000 X105.473 Y199.533
G0 X103.636 Y197.943
G0 X103.487 Y198.114
G1 F3000 X139.985 Y188.334 E3939.18071
G0 F9000 X139.782 Y188.235
G0 X140.78 Y184.07
G0 X141.003 Y184.113
G1 F3000 X114.283 Y157.392 E3940.43756
G0 F9000 X114.299 Y157.621
G0 X110.194 Y158.838
G0 X110.12 Y158.62
G1 F3000 X100.34 Y195.12 E3941.69438
G0 F9000 X100.527 Y194.994
G0 X95.833 Y175.422
G0 X95.605 Y175.379
G1 F3000 X135.502 Y164.689 E3943.06816
G0 F9000 X135.353 Y164.86
G0 X133.598 Y163.342
G0 X133.748 Y163.17
G1 F3000 X123.059 Y203.062 E3944.44178
G0 F9000 X122.986 Y202.848
G0 X125.178 Y202.088
G0 X125.251 Y202.302
G1 F3000 X96.043 Y173.094 E3945.81564
G0 F9000 X96.565 Y173.195
G1 F1500 E3939.31564
;MESH:NONMESH
G0 F300 X96.565 Y173.195 Z2.2
G0 F9000 X98.524 Y167.317
G0 X97.697 Y166.602
G0 X55.297 Y129.153
G0 X55.297 Y105.847
G0 X88.297 Y80.847
G0 X115.906 Y78.36
G0 X117.5 Y77.943
;TIME_ELAPSED:4961.952884
;LAYER:10
;TYPE:WALL-INNER
;MESH:wheel(3).stl
G1 F1500 E3945.81564
G1 X120.872 Y77.916 E3945.92779
G1 X127.012 Y76.222 E3946.13964
G1 X132.499 Y72.994 E3946.35138
G1 X136.969 Y68.455 E3946.56326
G1 X140.111 Y62.912 E3946.77518
G1 X141.707 Y56.749 E3946.98692
G1 X141.656 Y50.384 E3947.19863
G1 X139.962 Y44.244 E3947.41048
G1 X136.734 Y38.757 E3947.62222
G1 X132.195 Y34.287 E3947.8341
G1 X126.652 Y31.145 E3948.04602
G1 X120.489 Y29.549 E3948.25776
G1 X114.124 Y29.6 E3948.46947
G1 X107.984 Y31.294 E3948.68132
G1 X102.497 Y34.522 E3948.89306
G1 X98.027 Y39.061 E3949.10494
G1 X94.885 Y44.604 E3949.31686
G1 X93.289 Y50.767 E3949.5286
G1 X93.34 Y57.132 E3949.74031
G1 X95.038 Y63.272 E3949.95219
G1 X98.262 Y68.759 E3950.16386
G1 X102.805 Y73.229 E3950.37584
G1 X108.344 Y76.371 E3950.58765
G1 X114.507 Y77.967 E3950.79939
G1 X117.5 Y77.943 E3950.89894
G0 F9000 X117.5 Y78.343
;TYPE:WALL-OUTER
G1 F1500 X120.928 Y78.316 E3951.01296
G1 X127.169 Y76.594 E3951.22829
G1 X132.747 Y73.312 E3951.44355
G1 X137.291 Y68.698 E3951.65894
G1 X140.485 Y63.064 E3951.87434
G1 X142.107 Y56.799 E3952.08959
G1 X142.056 Y50.328 E3952.30482
G1 X140.334 Y44.087 E3952.52015
G1 X137.052 Y38.509 E3952.73541
G1 X132.438 Y33.965 E3952.9508
G1 X126.804 Y30.771 E3953.16621
G1 X120.539 Y29.149 E3953.38145
G1 X114.068 Y29.2 E3953.59668
G1 X107.827 Y30.922 E3953.81202
G1 X102.249 Y34.204 E3954.02727
G1 X97.705 Y38.818 E3954.24266
G1 X94.511 Y44.452 E3954.45807
G1 X92.889 Y50.717 E3954.67331
G1 X92.94 Y57.188 E3954.88854
G1 X94.666 Y63.429 E3955.10391
G1 X97.944 Y69.007 E3955.3191
G1 X102.562 Y73.551 E3955.53459
G1 X108.192 Y76.745 E3955.74988
G1 X114.457 Y78.367 E3955.96512
G1 X117.5 Y78.343 E3956.06633
G0 F9000 X117.499 Y78.036
G0 X117.415 Y77.744
G0 X117.349 Y76.824
G0 X117.421 Y76.94
;TYPE:FILL
G1 F3000 X94.332 Y53.85 E3957.15239
G0 F9000 X94.552 Y53.835
G0 X94.658 Y55.322
G0 X94.439 Y55.337
G1 F3000 X138.426 Y43.551 E3958.66701
G0 F9000 X138.218 Y43.622
G0 X137.432 Y42.357
G0 X137.613 Y42.235
G1 F3000 X129.16 Y73.78 E3959.75322
G0 F9000 X129.038 Y73.599
G0 X130.273 Y72.762
G0 X130.395 Y72.943
G1 F3000 X98.195 Y40.743 E3961.26781
G0 F9000 X98.36 Y40.887
G0 X97.66 Y42.199
G0 X97.464 Y42.103
G1 F3000 X129.008 Y33.651 E3962.35398
G0 F9000 X128.912 Y33.847
G0 X127.568 Y33.196
G0 X127.664 Y32.999
G1 F3000 X115.878 Y76.986 E3963.8686
G0 F9000 X115.919 Y76.77
G0 X110.386 Y75.706
G0 X110.345 Y75.922
G1 F3000 X134.487 Y69.453 E3964.69989
G0 F9000 X134.907 Y68.97
G1 F3000 X102.166 Y36.229 E3966.23993
G0 F9000 X101.885 Y36.481
G1 F3000 X95.416 Y60.624 E3967.07125
G0 F9000 X95.625 Y61.231
G1 F3000 X140.349 Y49.247 E3968.61125
G0 F9000 X140.274 Y48.88
G1 F3000 X122.595 Y31.202 E3969.4428
G0 F9000 X121.967 Y31.08
G1 F3000 X109.983 Y75.804 E3970.9828
G0 F9000 X110.079 Y75.607
G0 X105.841 Y73.552
G0 X105.745 Y73.748
G1 F3000 X97.61 Y65.613 E3971.36545
G0 F9000 X97.791 Y65.491
G0 X98.535 Y66.588
G0 X98.353 Y66.711
G1 F3000 X140.73 Y55.357 E3972.82462
G0 F9000 X140.514 Y55.316
G0 X140.468 Y53.959
G0 X140.687 Y53.944
G1 F3000 X137.708 Y65.063 E3973.20749
G0 F9000 X137.511 Y64.967
G0 X138.092 Y63.77
G0 X138.289 Y63.866
G1 F3000 X107.267 Y32.844 E3974.66667
G0 F9000 X107.337 Y33.051
G0 X106.186 Y33.769
G0 X106.063 Y33.587
G1 F3000 X117.183 Y30.608 E3975.04956
G0 F9000 X117.198 Y30.827
G0 X115.871 Y30.923
G0 X115.856 Y30.703
G1 F3000 X104.501 Y73.08 E3976.50875
G0 F9000 X104.645 Y72.915
G0 X103.053 Y71.536
G0 X102.909 Y71.702
G1 F3000 X139.204 Y61.977 E3977.75851
G0 F9000 X139.008 Y61.881
G0 X140.117 Y57.384
G0 X140.333 Y57.425
G1 F3000 X113.762 Y30.854 E3979.00832
G0 F9000 X113.777 Y31.074
G0 X109.327 Y32.361
G0 X109.256 Y32.153
G1 F3000 X99.531 Y68.447 E3980.25805
G0 F9000 X99.712 Y68.325
G0 X95.091 Y49.049
G0 X94.877 Y49.008
G1 F3000 X134.93 Y38.276 E3981.63721
G0 F9000 X134.766 Y38.422
G0 X132.783 Y36.707
G0 X132.927 Y36.542
G1 F3000 X122.194 Y76.598 E3983.01648
G0 F9000 X122.151 Y76.381
G0 X124.625 Y75.522
G0 X124.695 Y75.728
G1 F3000 X95.375 Y46.407 E3984.39562
G0 F9000 X95.584 Y46.478
G0 X94.741 Y50.876
G0 X94.085 Y50.75
;TYPE:SKIN
G1 F1432 X94.059 Y50.85 E3984.39922
G0 F9000 X94.721 Y50.977
G0 X94.771 Y56.888
G0 X94.103 Y56.935
G1 F1449.3 X94.105 Y57.013 E3984.40191
G0 F9000 X94.777 Y56.965
G0 X96.356 Y62.669
G0 X95.722 Y62.888
G1 F1449.3 X95.743 Y62.963 E3984.40459
G0 F9000 X96.382 Y62.743
G0 X99.368 Y67.818
G0 X98.817 Y68.191
G1 F1425.2 X98.864 Y68.27 E3984.40781
G0 F9000 X99.42 Y67.894
G0 X103.736 Y72.128
G0 X103.321 Y72.606
G1 F1463.4 X103.245 Y72.65 E3984.4108
G1 X103.244 Y72.562 E3984.4138
G1 X103.321 Y72.606 E3984.41683
G0 F9000 X103.736 Y72.128
G0 X108.84 Y75.006
G0 X108.551 Y75.601
G1 F1432 X108.632 Y75.646 E3984.42005
G0 F9000 X108.923 Y75.047
G0 X114.666 Y76.529
G0 X114.541 Y77.182
G1 F1474.2 X114.598 Y77.198 E3984.42206
G0 F9000 X114.724 Y76.54
G0 X117.442 Y76.718
G0 X117.5 Y77.527
G1 F1185.8 X116.045 Y77.56 E3984.48329
G1 F1250 X114.48 Y77.606 E3984.54578
G1 F1105 X114.035 Y77.37 E3984.56852
G1 F1052.6 X112.669 Y77.038 E3984.63515
G1 F1132.1 X111.302 Y76.707 E3984.69713
G1 F1229.5 X109.936 Y76.375 E3984.75418
G1 F1382.5 X108.48 Y76.033 E3984.80815
G1 F1500 X108.3 Y75.93 E3984.81505
G1 F1209.7 X108 Y75.649 E3984.832
G1 F1050.8 X106.814 Y75.002 E3984.89614
G1 F1138.5 X105.628 Y74.355 E3984.95535
G1 F1242.2 X104.442 Y73.707 E3985.00962
G1 F1255.2 X102.984 Y72.915 E3985.07557
G1 F1102.9 X102.738 Y72.52 E3985.09662
G1 F1050.8 X101.733 Y71.563 E3985.16251
G1 F1136.4 X100.728 Y70.605 E3985.22347
G1 F1237.1 X99.723 Y69.648 E3985.27943
G1 F1388.9 X98.544 Y68.531 E3985.33777
G1 F1500 X98.437 Y68.351 E3985.34474
G1 F1209.7 X98.318 Y67.958 E3985.36167
G1 F1049 X97.598 Y66.774 E3985.42758
G1 F1132.1 X96.878 Y65.589 E3985.48869
G1 F1229.5 X96.157 Y64.405 E3985.54494
G1 F1382.5 X95.37 Y63.129 E3985.59904
G1 F1500 X95.321 Y62.953 E3985.60511
G1 F1207.2 X95.307 Y62.542 E3985.62211
G1 F1049 X94.925 Y61.239 E3985.68669
G1 F1136.4 X94.543 Y59.936 E3985.7463
G1 F1239.7 X94.16 Y58.633 E3985.80096
G1 F1392.1 X93.7 Y57.08 E3985.85901
G1 F1500 X93.697 Y56.893 E3985.86523
G1 F1209.7 X93.79 Y56.492 E3985.88221
G1 F1049 X93.758 Y55.096 E3985.94862
G1 F1132.1 X93.726 Y53.701 E3986.01011
G1 F1227 X93.694 Y52.305 E3986.06689
G1 F1382.5 X93.649 Y50.809 E3986.1209
G1 F1500 X93.705 Y50.597 E3986.12819
G1 F1209.7 X93.897 Y50.234 E3986.14513
G1 F1049 X94.224 Y48.888 E3986.21101
G1 F1127.8 X94.551 Y47.542 E3986.27228
G1 F1224.5 X94.878 Y46.196 E3986.32872
G1 F1379.3 X95.219 Y44.74 E3986.38281
G1 F1500 X95.353 Y44.506 E3986.39178
G1 F1209.7 X95.634 Y44.206 E3986.40873
G1 F1049 X96.293 Y43.002 E3986.47401
G1 F1132.1 X96.952 Y41.797 E3986.53454
G1 F1227 X97.611 Y40.593 E3986.59035
G1 F1382.5 X98.318 Y39.282 E3986.6441
G1 F1500 X98.428 Y39.171 E3986.6493
G1 F1209.7 X98.777 Y38.953 E3986.66627
G1 F1050.8 X99.719 Y37.963 E3986.73115
G1 F1136.4 X100.662 Y36.973 E3986.79118
G1 F1237.1 X101.604 Y35.983 E3986.84629
G1 F1388.9 X102.721 Y34.804 E3986.90463
G1 F1500 X102.905 Y34.695 E3986.91174
G1 F1209.7 X103.298 Y34.575 E3986.92869
G1 F1049 X104.48 Y33.856 E3986.99449
G1 F1132.1 X105.663 Y33.136 E3987.05552
G1 F1227 X106.845 Y32.417 E3987.11177
G1 F1382.5 X108.123 Y31.626 E3987.16601
G1 F1500 X108.354 Y31.562 E3987.17398
G1 F1209.7 X108.765 Y31.549 E3987.19094
G1 F1050.8 X110.061 Y31.17 E3987.25505
G1 F1136.4 X111.356 Y30.79 E3987.31431
G1 F1237.1 X112.652 Y30.411 E3987.36876
G1 F1388.9 X114.172 Y29.96 E3987.42571
G1 F1500 X114.324 Y29.958 E3987.43077
G1 F1207.2 X114.725 Y30.051 E3987.44778
G1 F1047.1 X116.134 Y30.018 E3987.51493
G1 F1132.1 X117.542 Y29.986 E3987.577
G1 F1232 X118.951 Y29.953 E3987.63407
G1 F1385.7 X120.443 Y29.909 E3987.68781
G1 F1500 X120.599 Y29.95 E3987.69317
G1 F1209.7 X120.962 Y30.143 E3987.71013
G1 F1050.8 X122.298 Y30.466 E3987.77539
G1 F1134.2 X123.635 Y30.79 E3987.8359
G1 F1232 X124.971 Y31.113 E3987.89156
G1 F1385.7 X126.512 Y31.479 E3987.94859
G1 F1500 X126.721 Y31.598 E3987.95659
G1 F1209.7 X127.021 Y31.88 E3987.97357
G1 F1049 X128.234 Y32.544 E3988.03934
G1 F1132.1 X129.448 Y33.207 E3988.1003
G1 F1227 X130.661 Y33.871 E3988.15652
G1 F1382.5 X131.974 Y34.577 E3988.21032
G1 F1500 X132.103 Y34.704 E3988.21634
G1 F1207.2 X132.32 Y35.053 E3988.23333
G1 F1047.1 X133.333 Y36.02 E3988.30005
G1 F1132.1 X134.345 Y36.987 E3988.36174
G1 F1229.5 X135.358 Y37.954 E3988.41856
G1 F1382.5 X136.448 Y38.98 E3988.47258
G1 F1500 X136.54 Y39.135 E3988.47858
G1 F1209.7 X136.66 Y39.528 E3988.49552
G1 F1049 X137.386 Y40.721 E3988.56195
G1 F1132.1 X138.111 Y41.913 E3988.62343
G1 F1232 X138.837 Y43.106 E3988.67998
G1 F1385.7 X139.626 Y44.383 E3988.73403
G1 F1500 X139.675 Y44.559 E3988.7401
G1 F1207.2 X139.688 Y44.97 E3988.7571
G1 F1049 X140.074 Y46.284 E3988.82223
G1 F1136.4 X140.459 Y47.597 E3988.88231
G1 F1237.1 X140.845 Y48.911 E3988.93754
G1 F1388.9 X141.296 Y50.432 E3988.99452
G1 F1500 X141.298 Y50.61 E3989.00044
G1 F1204.8 X141.205 Y51.01 E3989.01745
G1 F1047.1 X141.237 Y52.37 E3989.08227
G1 F1136.4 X141.27 Y53.729 E3989.14195
G1 F1242.2 X141.302 Y55.089 E3989.19658
G1 F1255.2 X141.345 Y56.756 E3989.26286
G1 F1105 X141.12 Y57.182 E3989.28461
G1 F1052.6 X140.787 Y58.556 E3989.35162
G1 F1138.5 X140.453 Y59.93 E3989.41358
G1 F1239.7 X140.12 Y61.304 E3989.47048
G1 F1250 X139.757 Y62.841 E3989.53351
G1 F1102.9 X139.416 Y63.205 E3989.55607
G1 F1052.6 X138.756 Y64.416 E3989.62144
G1 F1138.5 X138.095 Y65.626 E3989.68186
G1 F1239.7 X137.435 Y66.837 E3989.73736
G1 F1392.1 X136.678 Y68.234 E3989.79431
G1 F1500 X136.572 Y68.342 E3989.79934
G1 F1209.7 X136.223 Y68.559 E3989.81629
G1 F1050.8 X135.271 Y69.557 E3989.88177
G1 F1138.5 X134.32 Y70.555 E3989.94218
G1 F1242.2 X133.368 Y71.553 E3989.99757
G1 F1255.2 X132.223 Y72.76 E3990.0637
G1 F1102.9 X131.75 Y72.904 E3990.08606
G1 F1049 X130.55 Y73.634 E3990.15287
G1 F1134.2 X129.349 Y74.365 E3990.21471
G1 F1234.6 X128.149 Y75.095 E3990.27148
G1 F1388.9 X126.869 Y75.886 E3990.32553
G1 F1500 X126.693 Y75.934 E3990.33159
G1 F1209.7 X126.282 Y75.949 E3990.34855
G1 F1050.8 X124.94 Y76.341 E3990.41493
G1 F1134.2 X123.599 Y76.733 E3990.47639
G1 F1232 X122.257 Y77.126 E3990.53301
G1 F1385.7 X120.82 Y77.556 E3990.58702
G1 F1500 X120.669 Y77.558 E3990.59204
G1 F1207.2 X120.269 Y77.464 E3990.60902
G1 F1050.8 X117.5 Y77.527 E3990.74052
G0 F9000 X117.5 Y77.023
G1 F1049 X120.246 Y76.872 E3990.87133
G1 F1207.2 X120.639 Y76.746 E3990.88838
G1 F1385.7 X122.177 Y76.669 E3990.94383
G1 F1232 X123.488 Y76.24 E3990.99968
G1 F1134.2 X124.798 Y75.811 E3991.06032
G1 F1050.8 X126.109 Y75.383 E3991.1258
G1 F1209.7 X126.454 Y75.162 E3991.14269
G1 F1388.9 X127.956 Y74.676 E3991.1994
G1 F1234.6 X129.116 Y73.918 E3991.2554
G1 F1134.2 X130.275 Y73.161 E3991.31629
G1 F1049 X131.435 Y72.403 E3991.3822
G1 F1209.7 X131.712 Y72.1 E3991.39913
G1 F1388.9 X133.007 Y71.261 E3991.45455
G1 F1234.6 X133.934 Y70.227 E3991.51067
G1 F1134.2 X134.861 Y69.192 E3991.57179
G1 F1049 X135.787 Y68.158 E3991.63781
G1 F1209.7 X135.977 Y67.792 E3991.65482
G1 F1388.9 X137.007 Y66.648 E3991.71011
G1 F1239.7 X137.636 Y65.408 E3991.76607
G1 F1136.4 X138.265 Y64.169 E3991.82707
G1 F1052.6 X138.893 Y62.929 E3991.89295
G1 F1209.7 X138.981 Y62.528 E3991.90988
G1 F1388.9 X139.682 Y61.158 E3991.96516
G1 F1237.1 X139.969 Y59.789 E3992.02157
G1 F1136.4 X140.257 Y58.42 E3992.08299
G1 F1052.6 X140.544 Y57.051 E3992.14929
G1 F1209.7 X140.526 Y56.642 E3992.16617
G1 F1388.9 X140.841 Y55.162 E3992.22052
G1 F1237.1 X140.765 Y53.786 E3992.2761
G1 F1134.2 X140.688 Y52.41 E3992.33672
G1 F1047.1 X140.612 Y51.034 E3992.40238
G1 F1204.8 X140.487 Y50.64 E3992.4195
G1 F1385.7 X140.409 Y49.079 E3992.47577
G1 F1232 X139.98 Y47.767 E3992.53166
G1 F1132.1 X139.551 Y46.456 E3992.59245
G1 F1047.1 X139.122 Y45.144 E3992.65822
G1 F1207.2 X138.899 Y44.798 E3992.67523
G1 F1385.7 X138.416 Y43.3 E3992.7319
G1 F1232 X137.664 Y42.148 E3992.78761
G1 F1132.1 X136.911 Y40.996 E3992.84826
G1 F1049 X136.159 Y39.844 E3992.91369
G1 F1209.7 X135.855 Y39.567 E3992.93066
G1 F1382.5 X135.001 Y38.249 E3992.98733
G1 F1229.5 X133.973 Y37.328 E3993.04334
G1 F1132.1 X132.945 Y36.407 E3993.10416
G1 F1047.1 X131.917 Y35.486 E3993.16992
G1 F1207.2 X131.553 Y35.299 E3993.18684
G1 F1382.5 X130.393 Y34.251 E3993.24325
G1 F1227 X129.177 Y33.635 E3993.29868
G1 F1132.1 X127.961 Y33.019 E3993.35875
G1 F1049 X126.745 Y32.403 E3993.42358
G1 F1209.7 X126.344 Y32.314 E3993.44052
G1 F1382.5 X124.899 Y31.577 E3993.49906
G1 F1224.5 X123.544 Y31.291 E3993.55548
G1 F1132.1 X122.188 Y31.006 E3993.61655
G1 F1049 X120.833 Y30.72 E3993.68241
G1 F1209.7 X120.422 Y30.738 E3993.69938
G1 F1385.7 X118.908 Y30.415 E3993.75512
G1 F1232 X117.521 Y30.491 E3993.81137
G1 F1132.1 X116.134 Y30.568 E3993.87259
G1 F1047.1 X114.747 Y30.644 E3993.93877
G1 F1207.2 X114.355 Y30.77 E3993.95579
G1 F1382.5 X112.819 Y30.847 E3994.01128
G1 F1229.5 X111.525 Y31.27 E3994.06653
G1 F1132.1 X110.232 Y31.693 E3994.12648
G1 F1049 X108.938 Y32.115 E3994.19122
G1 F1209.7 X108.593 Y32.336 E3994.20811
G1 F1382.5 X107.039 Y32.839 E3994.26706
G1 F1227 X105.897 Y33.585 E3994.32252
G1 F1132.1 X104.755 Y34.331 E3994.38263
G1 F1049 X103.613 Y35.077 E3994.44751
G1 F1209.7 X103.337 Y35.381 E3994.46445
G1 F1382.5 X101.989 Y36.254 E3994.5224
G1 F1229.5 X101.063 Y37.288 E3994.57873
G1 F1132.1 X100.137 Y38.322 E3994.6399
G1 F1049 X99.211 Y39.356 E3994.70591
G1 F1209.7 X99.022 Y39.721 E3994.72287
G1 F1382.5 X97.991 Y40.863 E3994.77839
G1 F1227 X97.38 Y42.069 E3994.83336
G1 F1132.1 X96.768 Y43.275 E3994.89296
G1 F1049 X96.157 Y44.481 E3994.95726
G1 F1209.7 X96.07 Y44.882 E3994.97418
G1 F1379.3 X95.316 Y46.357 E3995.0341
G1 F1224.5 X95.036 Y47.693 E3995.08972
G1 F1127.8 X94.755 Y49.029 E3995.15011
G1 F1049 X94.475 Y50.365 E3995.21503
G1 F1209.7 X94.494 Y50.774 E3995.23192
G1 F1382.5 X94.158 Y52.348 E3995.29
G1 F1227 X94.233 Y53.722 E3995.34595
G1 F1132.1 X94.308 Y55.096 E3995.40659
G1 F1049 X94.383 Y56.47 E3995.47204
G1 F1209.7 X94.508 Y56.862 E3995.48901
G1 F1385.7 X94.587 Y58.437 E3995.54579
G1 F1232 X95.016 Y59.747 E3995.60161
G1 F1132.1 X95.444 Y61.056 E3995.6623
G1 F1047.1 X95.873 Y62.366 E3995.72797
G1 F1207.2 X96.095 Y62.714 E3995.74503
G1 F1382.5 X96.579 Y64.213 E3995.80188
G1 F1229.5 X97.325 Y65.356 E3995.85726
G1 F1132.1 X98.072 Y66.498 E3995.9174
G1 F1049 X98.818 Y67.641 E3995.98232
G1 F1209.7 X99.123 Y67.919 E3995.99934
G1 F1382.5 X99.994 Y69.263 E3996.05713
G1 F1229.5 X101.043 Y70.204 E3996.11432
G1 F1132.1 X102.092 Y71.145 E3996.17642
G1 F1049 X103.141 Y72.086 E3996.24344
G1 F1209.7 X103.505 Y72.273 E3996.26032
G1 F1388.9 X104.603 Y73.268 E3996.31355
G1 F1234.6 X105.827 Y73.887 E3996.36898
G1 F1134.2 X107.052 Y74.507 E3996.42937
G1 F1049 X108.276 Y75.126 E3996.49461
G1 F1209.7 X108.676 Y75.213 E3996.51149
G1 F1382.5 X110.098 Y75.939 E3996.56911
G1 F1229.5 X111.453 Y76.224 E3996.62529
G1 F1132.1 X112.809 Y76.509 E3996.68636
G1 F1052.6 X114.164 Y76.794 E3996.75198
G1 F1209.7 X114.575 Y76.777 E3996.76895
G1 F1388.9 X116.088 Y77.1 E3996.82452
G1 F1185.8 X117.5 Y77.023 E3996.88402
G0 F9000 X117.479 Y76.715
G0 X120.663 Y76.486
G0 X120.71 Y77.149
G1 F1456.3 X120.753 Y77.147 E3996.88549
G0 F9000 X120.706 Y76.483
G0 X126.421 Y74.899
G0 X126.637 Y75.525
G1 F1435.4 X126.701 Y75.507 E3996.8878
G0 F9000 X126.484 Y74.877
G0 X131.603 Y71.861
G0 X131.975 Y72.411
G1 F1463.4 X132.018 Y72.386 E3996.8895
G0 F9000 X131.644 Y71.833
G0 X135.811 Y67.59
G0 X136.31 Y68.023
G1 F1445.8 X136.345 Y67.989 E3996.89118
G0 F9000 X135.843 Y67.553
G0 X138.769 Y62.376
G0 X139.364 Y62.665
G1 F1452.8 X139.392 Y62.617 E3996.89309
G0 F9000 X138.793 Y62.326
G0 X140.278 Y56.545
G0 X140.932 Y56.67
G1 F1467 X140.938 Y56.651 E3996.89377
G0 F9000 X140.282 Y56.525
G0 X140.228 Y50.615
G0 X140.888 Y50.568
G1 F1456.3 X140.887 Y50.495 E3996.89627
G0 F9000 X140.223 Y50.542
G0 X138.639 Y44.837
G0 X139.269 Y44.62
G1 F1449.3 X139.248 Y44.545 E3996.89895
G0 F9000 X138.614 Y44.764
G0 X135.613 Y39.674
G0 X136.165 Y39.301
G1 F1456.3 X136.125 Y39.235 E3996.90159
G0 F9000 X135.57 Y39.611
G0 X131.351 Y35.467
G0 X131.788 Y34.963
G1 F1452.8 X131.73 Y34.907 E3996.90436
G0 F9000 X131.29 Y35.414
G0 X126.173 Y32.519
G0 X126.463 Y31.923
G1 F1425.2 X126.359 Y31.864 E3996.90855
G0 F9000 X126.066 Y32.467
G0 X120.313 Y30.986
G0 X120.439 Y30.33
G1 F1442.3 X120.396 Y30.318 E3996.91009
G0 F9000 X120.269 Y30.978
G0 X114.33 Y31.034
G0 X114.282 Y30.364
G1 F1456.3 X114.236 Y30.365 E3996.91167
G0 F9000 X114.284 Y31.037
G0 X108.618 Y32.607
G0 X108.4 Y31.973
G1 F1415.1 X108.289 Y32.005 E3996.91574
G0 F9000 X108.509 Y32.645
G0 X103.437 Y35.631
G0 X103.062 Y35.077
G1 F1428.6 X102.978 Y35.127 E3996.91915
G0 F9000 X103.356 Y35.686
G0 X99.193 Y39.924
G0 X98.686 Y39.484
G1 F1470.6 X98.644 Y39.526 E3996.92117
G0 F9000 X99.155 Y39.969
G0 X96.276 Y45.053
G0 X95.678 Y44.762
G1 F1421.8 X95.605 Y44.892 E3996.9264
G0 F9000 X96.481 Y45.318
G1 F1500 E3990.4264
;MESH:MotorCar(1).stl
G0 F9000 X132.891 Y71.086
G0 X134.55 Y72.719
G0 X132.891 Y80.835
G0 X145.408 Y82.086
;TYPE:WALL-INNER
G1 F1500 E3996.9264
G1 F1612.9 X145.339 Y82.046 E3996.92887
G1 X145.339 Y82.126 E3996.93134
G1 X145.408 Y82.086 E3996.93381
G1 F1500 E3990.43381
G0 F9000 X145.43 Y82.02
G0 X145.512 Y106.938
G0 X145.948 Y106.99
G0 X145.948 Y107.25
;TYPE:WALL-OUTER
G1 F1500 E3996.93381
G1 F1200 X178.698 Y107.25 E3998.2954
G1 X178.698 Y106.75 E3998.31618
G1 X145.948 Y106.75 E3999.67777
G1 F1107 X145.741 Y106.707 E3999.6873
G1 F1100.9 X145.699 Y106.544 E3999.69493
G1 F1195.2 X145.698 Y82.5 E4000.69856
G1 F1333.3 X145.748 Y82.086 E4000.71416
G1 F1500 X145.748 Y81.7 E4000.727
G1 X145.362 Y81.7 E4000.73984
G1 F1333.3 X144.948 Y81.75 E4000.75544
G1 F1197.6 X117.404 Y81.751 E4001.90288
G1 F1190.5 X89.86 Y81.752 E4003.05719
G1 F1100.9 X89.534 Y81.793 E4003.07208
G1 F1025.6 X89.241 Y81.793 E4003.08633
G1 X89.241 Y82.086 E4003.10058
G1 F1107 X89.198 Y82.5 E4003.11934
G1 F1195.2 X89.197 Y106.544 E4004.12297
G1 F1102.9 X89.155 Y106.707 E4004.13059
G1 F1098.9 X88.992 Y106.749 E4004.13823
G1 F1195.2 X56.198 Y106.75 E4005.5071
G1 F1200 X56.198 Y107.25 E4005.52789
G1 F1195.2 X89.035 Y107.248 E4006.89855
G1 F1098.9 X89.362 Y107.207 E4006.91351
G1 F1023.9 X89.655 Y107.207 E4006.92779
G1 X89.655 Y106.914 E4006.94207
G1 F1102.9 X89.697 Y106.587 E4006.95698
G1 F1195.2 X89.698 Y82.5 E4007.96241
G1 F1107 X89.741 Y82.293 E4007.97193
G1 F1100.9 X89.904 Y82.251 E4007.97956
G1 F1190.5 X117.426 Y82.25 E4009.13295
G1 F1197.6 X144.948 Y82.25 E4010.27947
G1 F1200 X145.198 Y82.5 E4010.29417
G1 F1195.2 X145.2 Y106.587 E4011.29959
G1 F1100.9 X145.241 Y106.914 E4011.31453
G1 F1025.6 X145.241 Y107.207 E4011.32878
G1 X145.534 Y107.207 E4011.34303
G1 F1107 X145.948 Y107.25 E4011.36179
G1 F1500 E4004.86179
G0 F9000 X145.948 Y106.99
G0 X145.43 Y107.07
G0 X145.43 Y108.165
G0 X145.52 Y126.785
G0 X145.198 Y153.25
G1 F1500 E4011.36179
G1 F1200 X145.198 Y128.5 E4012.39078
G1 F1088.9 X145.249 Y128.049 E4012.41157
G1 F996.7 X145.249 Y127.749 E4012.42659
G1 X145.549 Y127.749 E4012.4416
G1 F1060.1 X145.857 Y127.713 E4012.4562
G1 F1136.4 X178.685 Y127.711 E4013.89746
G1 F1140.7 X178.685 Y128.237 E4013.92046
G1 F1136.4 X145.902 Y128.238 E4015.35975
G1 F1060.1 X145.748 Y128.274 E4015.36719
G1 F1088.9 X145.698 Y128.5 E4015.3778
G1 F1200 X145.698 Y153.25 E4016.40678
G1 X145.198 Y153.25 E4016.42757
G1 F1500 E4009.92757
G0 F9000 X145.43 Y153.02
G0 X145.38 Y128.02
G0 X144.285 Y128.02
G0 X90.615 Y128.02
G0 X89.397 Y128.049
;TYPE:WALL-INNER
G1 F1500 E4016.42757
G1 F1492.5 X89.322 Y128.006 E4016.43046
G1 X89.322 Y128.092 E4016.43333
G1 X89.397 Y128.049 E4016.43622
G1 F1500 E4009.93622
G0 F9000 X89.43 Y128.02
G0 X89.47 Y153.02
G0 X89.698 Y153.25
;TYPE:WALL-OUTER
G1 F1500 E4016.43622
G1 F1200 X89.698 Y128.5 E4017.46521
G1 F1333.3 X89.748 Y128.049 E4017.48219
G1 F1500 X89.748 Y127.648 E4017.49553
G1 X89.347 Y127.648 E4017.50886
G1 F1295.9 X88.948 Y127.711 E4017.52441
G1 F1140.7 X56.211 Y127.711 E4018.95623
G1 X56.211 Y128.237 E4018.97924
G1 X88.948 Y128.237 E4020.41106
G1 F1169.6 X89.198 Y128.5 E4020.42654
G1 F1200 X89.198 Y153.25 E4021.45553
G1 X89.698 Y153.25 E4021.47631
G1 F1500 E4014.97631
;MESH:wheel(3).stl(1)
G0 F9000 X89.47 Y153.02
G0 X89.526 Y154.165
G0 X97.815 Y164.716
G0 X117.892 Y204.47
;TYPE:WALL-INNER
G1 F1500 E4021.47631
G1 X121.576 Y204.44 E4021.59885
G1 X127.716 Y202.746 E4021.81069
G1 X133.203 Y199.518 E4022.02243
G1 X137.673 Y194.979 E4022.23432
G1 X140.815 Y189.436 E4022.44623
G1 X142.411 Y183.273 E4022.65798
G1 X142.36 Y176.908 E4022.86969
G1 X140.666 Y170.768 E4023.08153
G1 X137.438 Y165.281 E4023.29327
G1 X132.895 Y160.811 E4023.50525
G1 X127.356 Y157.669 E4023.71705
G1 X121.193 Y156.073 E4023.9288
G1 X114.824 Y156.124 E4024.14064
G1 X108.688 Y157.818 E4024.35236
G1 X103.201 Y161.046 E4024.56409
G1 X98.731 Y165.585 E4024.77598
G1 X95.589 Y171.128 E4024.9879
G1 X93.993 Y177.291 E4025.19964
G1 X94.044 Y183.656 E4025.41135
G1 X95.738 Y189.796 E4025.6232
G1 X98.966 Y195.283 E4025.83493
G1 X103.505 Y199.753 E4026.04682
G1 X109.048 Y202.895 E4026.25874
G1 X115.211 Y204.491 E4026.47048
G1 X117.892 Y204.47 E4026.55965
G0 F9000 X117.887 Y204.87
;TYPE:WALL-OUTER
G1 F1500 X121.632 Y204.84 E4026.68422
G1 X127.873 Y203.118 E4026.89955
G1 X133.451 Y199.836 E4027.11481
G1 X137.995 Y195.222 E4027.3302
G1 X141.189 Y189.588 E4027.5456
G1 X142.811 Y183.323 E4027.76085
G1 X142.76 Y176.852 E4027.97608
G1 X141.038 Y170.611 E4028.19141
G1 X137.756 Y165.033 E4028.40667
G1 X133.138 Y160.489 E4028.62215
G1 X127.508 Y157.295 E4028.83744
G1 X121.243 Y155.673 E4029.05269
G1 X114.768 Y155.724 E4029.26805
G1 X108.531 Y157.446 E4029.48326
G1 X102.953 Y160.728 E4029.69851
G1 X98.409 Y165.342 E4029.9139
G1 X95.215 Y170.976 E4030.12931
G1 X93.593 Y177.241 E4030.34455
G1 X93.644 Y183.712 E4030.55979
G1 X95.366 Y189.953 E4030.77512
G1 X98.648 Y195.531 E4030.99038
G1 X103.262 Y200.075 E4031.20576
G1 X108.896 Y203.269 E4031.42117
G1 X115.161 Y204.891 E4031.63641
G1 X117.887 Y204.87 E4031.72708
G0 F9000 X117.886 Y204.563
G0 X118.121 Y204.268
G0 X118.055 Y203.348
G0 X118.127 Y203.464
;TYPE:FILL
G1 F3000 X95.034 Y180.371 E4032.81331
G0 F9000 X95.254 Y180.356
G0 X95.361 Y181.846
G0 X95.142 Y181.861
G1 F3000 X139.129 Y170.075 E4034.32793
G0 F9000 X138.921 Y170.146
G0 X138.135 Y168.882
G0 X138.316 Y168.76
G1 F3000 X129.863 Y200.306 E4035.41417
G0 F9000 X129.74 Y200.124
G0 X130.978 Y199.285
G0 X131.1 Y199.466
G1 F3000 X98.899 Y167.265 E4036.9288
G0 F9000 X99.065 Y167.41
G0 X98.364 Y168.723
G0 X98.168 Y168.627
G1 F3000 X129.71 Y160.175 E4038.01491
G0 F9000 X129.614 Y160.372
G0 X128.271 Y159.72
G0 X128.367 Y159.524
G1 F3000 X116.581 Y203.51 E4039.5295
G0 F9000 X116.622 Y203.294
G0 X111.087 Y202.231
G0 X111.046 Y202.446
G1 F3000 X135.191 Y195.977 E4040.36088
G0 F9000 X135.611 Y195.492
G1 F3000 X102.871 Y162.751 E4041.9009
G0 F9000 X102.588 Y163.006
G1 F3000 X96.119 Y187.148 E4042.73219
G0 F9000 X96.328 Y187.755
G1 F3000 X141.053 Y175.771 E4044.27223
G0 F9000 X140.975 Y175.4
G1 F3000 X123.302 Y157.727 E4045.10351
G0 F9000 X122.67 Y157.605
G1 F3000 X110.686 Y202.328 E4046.64348
G0 F9000 X110.782 Y202.132
G0 X106.55 Y200.079
G0 X106.454 Y200.275
G1 F3000 X98.306 Y192.127 E4047.02674
G0 F9000 X98.487 Y192.005
G0 X99.238 Y193.113
G0 X99.056 Y193.236
G1 F3000 X141.432 Y181.881 E4048.48589
G0 F9000 X141.217 Y181.84
G0 X141.171 Y180.483
G0 X141.39 Y180.468
G1 F3000 X138.411 Y191.588 E4048.86879
G0 F9000 X138.214 Y191.492
G0 X138.796 Y190.293
G0 X138.993 Y190.389
G1 F3000 X107.972 Y159.367 E4050.32794
G0 F9000 X108.043 Y159.574
G0 X106.89 Y160.292
G0 X106.767 Y160.111
G1 F3000 X117.883 Y157.133 E4050.7107
G0 F9000 X117.898 Y157.352
G0 X116.574 Y157.447
G0 X116.559 Y157.227
G1 F3000 X105.204 Y199.604 E4052.16989
G0 F9000 X105.348 Y199.439
G0 X103.757 Y198.061
G0 X103.612 Y198.227
G1 F3000 X139.907 Y188.501 E4053.41965
G0 F9000 X139.711 Y188.405
G0 X140.821 Y183.906
G0 X141.037 Y183.947
G1 F3000 X114.468 Y157.378 E4054.66938
G0 F9000 X114.483 Y157.598
G0 X110.03 Y158.885
G0 X109.959 Y158.676
G1 F3000 X100.234 Y194.971 E4055.91914
G0 F9000 X100.415 Y194.849
G0 X95.795 Y175.573
G0 X95.58 Y175.532
G1 F3000 X135.633 Y164.8 E4057.2983
G0 F9000 X135.469 Y164.946
G0 X133.486 Y163.231
G0 X133.63 Y163.066
G1 F3000 X122.897 Y203.121 E4058.67753
G0 F9000 X122.854 Y202.905
G0 X125.331 Y202.045
G0 X125.401 Y202.252
G1 F3000 X96.079 Y172.93 E4060.05675
G0 F9000 X96.287 Y173.003
G0 X95.433 Y177.453
G0 X94.772 Y177.326
;TYPE:SKIN
G1 F1452.8 X94.76 Y177.376 E4060.05851
G0 F9000 X95.424 Y177.503
G0 X95.474 Y183.418
G0 X94.805 Y183.465
G1 F1452.8 X94.806 Y183.543 E4060.06119
G0 F9000 X95.48 Y183.495
G0 X97.051 Y189.168
G0 X96.417 Y189.386
G1 F1438.8 X96.445 Y189.486 E4060.06479
G0 F9000 X97.085 Y189.266
G0 X100.077 Y194.351
G0 X99.523 Y194.726
G1 F1442.3 X99.565 Y194.794 E4060.06756
G0 F9000 X100.122 Y194.417
G0 X104.372 Y198.594
G0 X103.934 Y199.099
G1 F1452.8 X103.967 Y199.131 E4060.06914
G0 F9000 X104.407 Y198.624
G0 X109.561 Y201.54
G0 X109.27 Y202.138
G1 F1459.9 X109.332 Y202.173 E4060.07157
G0 F9000 X109.625 Y201.571
G0 X115.503 Y203.079
G0 X115.379 Y203.724
G1 F1492.5 X115.304 Y203.767 E4060.07446
G1 X115.304 Y203.681 E4060.07733
G1 X115.379 Y203.724 E4060.08022
G0 F9000 X115.503 Y203.079
G0 X117.842 Y203.264
G0 X117.898 Y204.058
G1 F1174.2 X116.749 Y204.084 E4060.12906
G1 F1250 X115.202 Y204.129 E4060.19083
G1 F1105 X114.776 Y203.904 E4060.21258
G1 F1052.6 X113.428 Y203.578 E4060.27831
G1 F1140.7 X112.08 Y203.252 E4060.33897
G1 F1239.7 X110.732 Y202.926 E4060.39478
G1 F1392.1 X109.184 Y202.557 E4060.45181
G1 F1500 X109.029 Y202.468 E4060.45776
G1 F1209.7 X108.729 Y202.188 E4060.47468
G1 F1052.6 X107.534 Y201.536 E4060.5392
G1 F1140.7 X106.34 Y200.883 E4060.59872
G1 F1242.2 X105.145 Y200.231 E4060.6534
G1 F1255.2 X103.664 Y199.429 E4060.72034
G1 F1102.9 X103.401 Y199.008 E4060.74279
G1 F1050.8 X102.381 Y198.034 E4060.80975
G1 F1134.2 X101.362 Y197.061 E4060.87173
G1 F1232 X100.342 Y196.087 E4060.92884
G1 F1385.7 X99.248 Y195.055 E4060.98298
G1 F1500 X99.152 Y194.894 E4060.98922
G1 F1207.2 X99.032 Y194.501 E4061.0062
G1 F1047.1 X98.308 Y193.311 E4061.07257
G1 F1129.9 X97.584 Y192.12 E4061.13411
G1 F1227 X96.86 Y190.93 E4061.19074
G1 F1382.5 X96.07 Y189.653 E4061.24493
G1 F1500 X96.014 Y189.45 E4061.25194
G1 F1204.8 X96.001 Y189.039 E4061.26896
G1 F1045.3 X95.612 Y187.706 E4061.33524
G1 F1132.1 X95.223 Y186.372 E4061.39648
G1 F1229.5 X94.834 Y185.039 E4061.45282
G1 F1385.7 X94.404 Y183.604 E4061.50676
G1 F1500 X94.401 Y183.42 E4061.51288
G1 F1209.7 X94.494 Y183.019 E4061.52986
G1 F1049 X94.462 Y181.622 E4061.59632
G1 F1132.1 X94.429 Y180.226 E4061.65786
G1 F1232 X94.397 Y178.829 E4061.71444
G1 F1385.7 X94.353 Y177.333 E4061.76833
G1 F1500 X94.393 Y177.18 E4061.77359
G1 F1209.7 X94.586 Y176.817 E4061.79054
G1 F1049 X94.918 Y175.453 E4061.85731
G1 F1132.1 X95.249 Y174.088 E4061.91921
G1 F1227 X95.581 Y172.724 E4061.97629
G1 F1382.5 X95.923 Y171.264 E4062.0304
G1 F1500 X96.044 Y171.054 E4062.03847
G1 F1209.7 X96.324 Y170.754 E4062.05539
G1 F1049 X96.988 Y169.542 E4062.12112
G1 F1132.1 X97.652 Y168.329 E4062.18206
G1 F1227 X98.315 Y167.117 E4062.23823
G1 F1382.5 X99.022 Y165.806 E4062.29198
G1 F1500 X99.132 Y165.695 E4062.29718
G1 F1209.7 X99.481 Y165.477 E4062.31415
G1 F1050.8 X100.423 Y164.487 E4062.37903
G1 F1136.4 X101.366 Y163.497 E4062.43906
G1 F1237.1 X102.308 Y162.507 E4062.49417
G1 F1388.9 X103.425 Y161.328 E4062.55251
G1 F1500 X103.609 Y161.219 E4062.55962
G1 F1209.7 X104.002 Y161.099 E4062.57657
G1 F1049 X105.184 Y160.38 E4062.64237
G1 F1132.1 X106.367 Y159.66 E4062.7034
G1 F1227 X107.549 Y158.941 E4062.75966
G1 F1382.5 X108.827 Y158.15 E4062.8139
G1 F1500 X109.058 Y158.086 E4062.82187
G1 F1207.2 X109.469 Y158.073 E4062.83886
G1 F1049 X110.763 Y157.694 E4062.90299
G1 F1136.4 X112.056 Y157.315 E4062.96215
G1 F1237.1 X113.35 Y156.935 E4063.01654
G1 F1388.9 X114.872 Y156.484 E4063.07356
G1 F1500 X115.06 Y156.481 E4063.07981
G1 F1204.8 X115.46 Y156.574 E4063.09682
G1 F1045.3 X116.859 Y156.542 E4063.16361
G1 F1127.8 X118.257 Y156.51 E4063.22547
G1 F1227 X119.656 Y156.478 E4063.28236
G1 F1382.5 X121.147 Y156.433 E4063.33619
G1 F1500 X121.358 Y156.488 E4063.34345
G1 F1209.7 X121.722 Y156.682 E4063.36046
G1 F1050.8 X123.039 Y157 E4063.42479
G1 F1134.2 X124.356 Y157.319 E4063.48439
G1 F1232 X125.673 Y157.637 E4063.53925
G1 F1385.7 X127.216 Y158.003 E4063.59635
G1 F1500 X127.422 Y158.121 E4063.60425
G1 F1209.7 X127.722 Y158.402 E4063.6212
G1 F1050.8 X128.909 Y159.05 E4063.68541
G1 F1136.4 X130.095 Y159.698 E4063.74474
G1 F1237.1 X131.282 Y160.345 E4063.79926
G1 F1388.9 X132.674 Y161.101 E4063.85616
G1 F1500 X132.785 Y161.211 E4063.86136
G1 F1209.7 X133.003 Y161.56 E4063.87833
G1 F1049 X134.023 Y162.533 E4063.94538
G1 F1132.1 X135.043 Y163.507 E4064.00753
G1 F1229.5 X136.063 Y164.48 E4064.06473
G1 F1382.5 X137.153 Y165.505 E4064.11872
G1 F1500 X137.259 Y165.684 E4064.12564
G1 F1209.7 X137.379 Y166.077 E4064.14259
G1 F1049 X138.099 Y167.261 E4064.2085
G1 F1132.1 X138.82 Y168.445 E4064.26959
G1 F1232 X139.54 Y169.629 E4064.3257
G1 F1385.7 X140.33 Y170.907 E4064.3798
G1 F1500 X140.379 Y171.083 E4064.38588
G1 F1207.2 X140.392 Y171.494 E4064.40287
G1 F1049 X140.778 Y172.808 E4064.46801
G1 F1136.4 X141.163 Y174.121 E4064.52808
G1 F1237.1 X141.549 Y175.435 E4064.58331
G1 F1388.9 X142 Y176.956 E4064.64029
G1 F1500 X142.002 Y177.14 E4064.64642
G1 F1204.8 X141.909 Y177.54 E4064.66342
G1 F1047.1 X141.941 Y178.898 E4064.72814
G1 F1134.2 X141.973 Y180.255 E4064.78785
G1 F1237.1 X142.005 Y181.613 E4064.84263
G1 F1388.9 X142.048 Y183.227 E4064.90062
G1 F1500 X142.001 Y183.404 E4064.90672
G1 F1209.7 X141.808 Y183.768 E4064.92371
G1 F1052.6 X141.489 Y185.087 E4064.98802
G1 F1138.5 X141.17 Y186.406 E4065.04749
G1 F1239.7 X140.851 Y187.725 E4065.1021
G1 F1388.9 X140.477 Y189.296 E4065.16011
G1 F1500 X140.373 Y189.478 E4065.16708
G1 F1209.7 X140.093 Y189.778 E4065.18401
G1 F1052.6 X139.442 Y190.972 E4065.24846
G1 F1140.7 X138.791 Y192.166 E4065.30794
G1 F1239.7 X138.139 Y193.36 E4065.36269
G1 F1392.1 X137.383 Y194.758 E4065.41965
G1 F1500 X137.252 Y194.89 E4065.42584
G1 F1209.7 X136.903 Y195.108 E4065.44281
G1 F1050.8 X135.966 Y196.091 E4065.50729
G1 F1136.4 X135.028 Y197.074 E4065.56694
G1 F1237.1 X134.091 Y198.056 E4065.62168
G1 F1250 X132.926 Y199.285 E4065.68926
G1 F1102.9 X132.453 Y199.429 E4065.71163
G1 F1049 X131.253 Y200.159 E4065.77843
G1 F1134.2 X130.052 Y200.889 E4065.84026
G1 F1234.6 X128.852 Y201.62 E4065.89704
G1 F1388.9 X127.573 Y202.41 E4065.95104
G1 F1500 X127.397 Y202.458 E4065.95711
G1 F1209.7 X126.986 Y202.473 E4065.97407
G1 F1050.8 X125.644 Y202.865 E4066.04045
G1 F1134.2 X124.303 Y203.257 E4066.1019
G1 F1232 X122.961 Y203.65 E4066.15853
G1 F1385.7 X121.524 Y204.08 E4066.21253
G1 F1500 X121.373 Y204.082 E4066.21755
G1 F1207.2 X120.973 Y203.988 E4066.23453
G1 F1041.7 X117.898 Y204.058 E4066.38185
G0 F9000 X117.904 Y203.563
G1 F1041.7 X120.95 Y203.396 E4066.52795
G1 F1207.2 X121.343 Y203.27 E4066.54501
G1 F1385.7 X122.881 Y203.193 E4066.60045
G1 F1232 X124.192 Y202.764 E4066.65631
G1 F1134.2 X125.502 Y202.335 E4066.71694
G1 F1050.8 X126.813 Y201.907 E4066.78242
G1 F1209.7 X127.158 Y201.686 E4066.79932
G1 F1388.9 X128.66 Y201.2 E4066.85603
G1 F1234.6 X129.819 Y200.443 E4066.91197
G1 F1134.2 X130.977 Y199.686 E4066.97282
G1 F1049 X132.136 Y198.929 E4067.03866
G1 F1209.7 X132.414 Y198.623 E4067.05572
G1 F1382.5 X133.707 Y197.785 E4067.11132
G1 F1229.5 X134.628 Y196.758 E4067.16729
G1 F1132.1 X135.548 Y195.732 E4067.22803
G1 F1049 X136.469 Y194.705 E4067.29364
G1 F1209.7 X136.658 Y194.34 E4067.31059
G1 F1388.9 X137.192 Y193.747 E4067.33925
G1 F1212.1 X137.727 Y193.154 E4067.37213
G1 F1105 X138.648 Y191.329 E4067.46442
G1 F1043.5 X139.57 Y189.502 E4067.56227
G1 F1209.7 X139.657 Y189.102 E4067.57915
G1 F1388.9 X140.385 Y187.676 E4067.63666
G1 F1237.1 X140.667 Y186.33 E4067.69212
G1 F1136.4 X140.95 Y184.985 E4067.75247
G1 F1052.6 X141.232 Y183.639 E4067.81765
G1 F1209.7 X141.214 Y183.227 E4067.83465
G1 F1388.9 X141.542 Y181.687 E4067.89121
G1 F1232 X141.466 Y180.312 E4067.94698
G1 F1132.1 X141.391 Y178.937 E4068.00766
G1 F1047.1 X141.315 Y177.562 E4068.07328
G1 F1204.8 X141.191 Y177.17 E4068.0903
G1 F1382.5 X141.113 Y175.603 E4068.14692
G1 F1229.5 X140.684 Y174.291 E4068.20293
G1 F1132.1 X140.255 Y172.98 E4068.26372
G1 F1047.1 X139.826 Y171.668 E4068.32949
G1 F1207.2 X139.603 Y171.322 E4068.3465
G1 F1385.7 X139.12 Y169.824 E4068.40317
G1 F1232 X138.373 Y168.681 E4068.45846
G1 F1132.1 X137.626 Y167.537 E4068.51867
G1 F1049 X136.879 Y166.394 E4068.58362
G1 F1209.7 X136.573 Y166.116 E4068.60067
G1 F1382.5 X135.706 Y164.777 E4068.65823
G1 F1229.5 X134.671 Y163.849 E4068.71464
G1 F1132.1 X133.636 Y162.922 E4068.77587
G1 F1049 X132.601 Y161.994 E4068.84199
G1 F1209.7 X132.236 Y161.804 E4068.85896
G1 F1385.7 X131.093 Y160.772 E4068.9144
G1 F1232 X129.878 Y160.156 E4068.96957
G1 F1132.1 X128.663 Y159.541 E4069.02958
G1 F1049 X127.448 Y158.925 E4069.09437
G1 F1209.7 X127.045 Y158.837 E4069.11138
G1 F1382.5 X125.603 Y158.101 E4069.16981
G1 F1224.5 X124.266 Y157.82 E4069.22547
G1 F1132.1 X122.93 Y157.539 E4069.28564
G1 F1049 X121.593 Y157.258 E4069.35062
G1 F1209.7 X121.181 Y157.277 E4069.36763
G1 F1382.5 X119.612 Y156.942 E4069.42552
G1 F1227 X118.236 Y157.017 E4069.48156
G1 F1127.8 X116.86 Y157.093 E4069.54252
G1 F1045.3 X115.484 Y157.168 E4069.60829
G1 F1204.8 X115.09 Y157.293 E4069.62541
G1 F1382.5 X113.519 Y157.371 E4069.68217
G1 F1229.5 X112.227 Y157.794 E4069.73733
G1 F1132.1 X110.936 Y158.216 E4069.79719
G1 F1047.1 X109.644 Y158.639 E4069.86196
G1 F1207.2 X109.297 Y158.861 E4069.87899
G1 F1382.5 X107.743 Y159.363 E4069.93792
G1 F1227 X106.601 Y160.109 E4069.99338
G1 F1132.1 X105.459 Y160.855 E4070.0535
G1 F1049 X104.317 Y161.601 E4070.11837
G1 F1209.7 X104.041 Y161.905 E4070.13531
G1 F1382.5 X102.693 Y162.778 E4070.19326
G1 F1229.5 X101.767 Y163.812 E4070.24959
G1 F1132.1 X100.841 Y164.846 E4070.31076
G1 F1049 X99.915 Y165.88 E4070.37677
G1 F1209.7 X99.726 Y166.245 E4070.39373
G1 F1382.5 X98.695 Y167.387 E4070.44925
G1 F1227 X98.079 Y168.601 E4070.5046
G1 F1132.1 X97.464 Y169.814 E4070.56454
G1 F1049 X96.848 Y171.028 E4070.62928
G1 F1209.7 X96.76 Y171.431 E4070.6463
G1 F1382.5 X96.017 Y172.886 E4070.70525
G1 F1227 X95.733 Y174.239 E4070.76147
G1 F1132.1 X95.448 Y175.593 E4070.82244
G1 F1049 X95.164 Y176.946 E4070.8882
G1 F1209.7 X95.183 Y177.357 E4070.90517
G1 F1385.7 X94.859 Y178.872 E4070.96095
G1 F1232 X94.935 Y180.247 E4071.01671
G1 F1132.1 X95.01 Y181.622 E4071.0774
G1 F1049 X95.086 Y182.997 E4071.14289
G1 F1209.7 X95.211 Y183.389 E4071.15986
G1 F1385.7 X95.291 Y184.961 E4071.21653
G1 F1229.5 X95.717 Y186.262 E4071.27208
G1 F1132.1 X96.142 Y187.563 E4071.3324
G1 F1045.3 X96.568 Y188.864 E4071.39774
G1 F1204.8 X96.79 Y189.211 E4071.4148
G1 F1382.5 X97.283 Y190.737 E4071.47267
G1 F1227 X98.034 Y191.887 E4071.52852
G1 F1129.9 X98.784 Y193.036 E4071.5891
G1 F1047.1 X99.535 Y194.186 E4071.65454
G1 F1207.2 X99.839 Y194.462 E4071.67151
G1 F1385.7 X100.699 Y195.791 E4071.7285
G1 F1232 X101.734 Y196.719 E4071.78479
G1 F1134.2 X102.769 Y197.647 E4071.84594
G1 F1050.8 X103.804 Y198.575 E4071.91194
G1 F1209.7 X104.168 Y198.763 E4071.92884
G1 F1385.7 X105.307 Y199.792 E4071.9841
G1 F1232 X106.539 Y200.416 E4072.04002
G1 F1134.2 X107.771 Y201.04 E4072.10077
G1 F1050.8 X109.003 Y201.664 E4072.16634
G1 F1209.7 X109.405 Y201.752 E4072.18331
G1 F1385.7 X110.802 Y202.466 E4072.2398
G1 F1232 X112.17 Y202.753 E4072.2964
G1 F1136.4 X113.539 Y203.04 E4072.35781
G1 F1052.6 X114.907 Y203.327 E4072.42406
G1 F1209.7 X115.315 Y203.309 E4072.4409
G1 F1388.9 X116.792 Y203.624 E4072.49515
G1 F1171.9 X117.904 Y203.563 E4072.54256
G0 F9000 X117.883 Y203.261
G0 X121.367 Y203.01
G0 X121.414 Y203.673
G1 F1456.3 X121.457 Y203.671 E4072.54404
G0 F9000 X121.41 Y203.007
G0 X127.125 Y201.423
G0 X127.341 Y202.049
G1 F1435.4 X127.405 Y202.031 E4072.54635
G0 F9000 X127.188 Y201.401
G0 X132.31 Y198.383
G0 X132.682 Y198.933
G1 F1449.3 X132.716 Y198.913 E4072.54771
G0 F9000 X132.342 Y198.361
G0 X136.493 Y194.138
G0 X136.993 Y194.572
G1 F1452.8 X137.05 Y194.513 E4072.55052
G0 F9000 X136.546 Y194.076
G0 X139.453 Y188.937
G0 X140.045 Y189.225
G1 F1435.4 X140.093 Y189.139 E4072.55395
G0 F9000 X139.496 Y188.849
G0 X140.971 Y183.122
G0 X141.618 Y183.246
G1 F1435.4 X141.637 Y183.179 E4072.55637
G0 F9000 X140.984 Y183.054
G0 X140.931 Y177.146
G0 X141.594 Y177.099
G1 F1470.6 X141.592 Y177.014 E4072.55925
G0 F9000 X140.925 Y177.061
G0 X139.342 Y171.361
G0 X139.973 Y171.144
G1 F1449.3 X139.952 Y171.069 E4072.56193
G0 F9000 X139.317 Y171.288
G0 X136.325 Y166.212
G0 X136.874 Y165.84
G1 F1428.6 X136.827 Y165.763 E4072.56508
G0 F9000 X136.275 Y166.137
G0 X132.031 Y161.972
G0 X132.468 Y161.468
G1 F1459.9 X132.429 Y161.429 E4072.56697
G0 F9000 X131.989 Y161.936
G0 X126.875 Y159.043
G0 X127.166 Y158.445
G1 F1425.2 X127.069 Y158.392 E4072.57084
G0 F9000 X126.776 Y158.995
G0 X121.072 Y157.522
G0 X121.197 Y156.868
G1 F1428.6 X121.099 Y156.843 E4072.57437
G0 F9000 X120.973 Y157.503
G0 X115.066 Y157.556
G0 X115.019 Y156.888
G1 F1452.8 X114.935 Y156.89 E4072.57726
G0 F9000 X114.983 Y157.562
G0 X109.325 Y159.13
G0 X109.107 Y158.497
G1 F1415.1 X108.992 Y158.529 E4072.58146
G0 F9000 X109.212 Y159.169
G0 X104.141 Y162.155
G0 X103.766 Y161.601
G1 F1428.6 X103.682 Y161.651 E4072.58488
G0 F9000 X104.06 Y162.21
G0 X99.897 Y166.448
G0 X99.39 Y166.008
G1 F1470.6 X99.348 Y166.05 E4072.58689
G0 F9000 X99.859 Y166.493
G0 X96.969 Y171.598
G0 X96.369 Y171.306
G1 F1438.8 X96.306 Y171.419 E4072.59138
G0 F9000 X97.183 Y171.845
G1 F1500 E4066.09138
;MESH:NONMESH
G0 F300 X97.183 Y171.845 Z2.4
G0 F9000 X98.852 Y167.533
G0 X96.826 Y166.386
G0 X90.603 Y108.153
G0 X55.297 Y108.153
G0 X55.297 Y105.847
G0 X88.297 Y80.847
G0 X114.212 Y79.201
G0 X117.5 Y77.943
;TIME_ELAPSED:5118.279795
;LAYER:11
;TYPE:WALL-INNER
;MESH:wheel(3).stl
G1 F1500 E4072.59138
G1 X120.872 Y77.916 E4072.70354
G1 X127.012 Y76.222 E4072.91538
G1 X132.499 Y72.994 E4073.12712
G1 X136.969 Y68.455 E4073.339
G1 X140.111 Y62.912 E4073.55092
G1 X141.707 Y56.749 E4073.76267
G1 X141.656 Y50.384 E4073.97438
G1 X139.962 Y44.244 E4074.18622
G1 X136.734 Y38.757 E4074.39796
G1 X132.195 Y34.287 E4074.60984
G1 X126.652 Y31.145 E4074.82176
G1 X120.489 Y29.549 E4075.03351
G1 X114.124 Y29.6 E4075.24521
G1 X107.984 Y31.294 E4075.45706
G1 X102.497 Y34.522 E4075.6688
G1 X98.027 Y39.061 E4075.88068
G1 X94.885 Y44.604 E4076.0926
G1 X93.289 Y50.767 E4076.30435
G1 X93.34 Y57.132 E4076.51605
G1 X95.038 Y63.272 E4076.72794
G1 X98.262 Y68.759 E4076.93961
G1 X102.805 Y73.229 E4077.15158
G1 X108.344 Y76.371 E4077.36339
G1 X114.507 Y77.967 E4077.57513
G1 X117.5 Y77.943 E4077.67468
G0 F9000 X117.5 Y78.343
;TYPE:WALL-OUTER
G1 F1500 X120.928 Y78.316 E4077.7887
G1 X127.169 Y76.594 E4078.00404
G1 X132.747 Y73.312 E4078.21929
G1 X137.291 Y68.698 E4078.43468
G1 X140.485 Y63.064 E4078.65009
G1 X142.107 Y56.799 E4078.86533
G1 X142.056 Y50.328 E4079.08056
G1 X140.334 Y44.087 E4079.2959
G1 X137.052 Y38.509 E4079.51115
G1 X132.438 Y33.965 E4079.72654
G1 X126.804 Y30.771 E4079.94195
G1 X120.539 Y29.149 E4080.15719
G1 X114.068 Y29.2 E4080.37243
G1 X107.827 Y30.922 E4080.58776
G1 X102.249 Y34.204 E4080.80302
G1 X97.705 Y38.818 E4081.0184
G1 X94.511 Y44.452 E4081.23381
G1 X92.889 Y50.717 E4081.44905
G1 X92.94 Y57.188 E4081.66429
G1 X94.666 Y63.429 E4081.87966
G1 X97.944 Y69.007 E4082.09485
G1 X102.562 Y73.551 E4082.31033
G1 X108.192 Y76.745 E4082.52562
G1 X114.457 Y78.367 E4082.74086
G1 X117.5 Y78.343 E4082.84208
G0 F9000 X117.499 Y78.036
G0 X117.603 Y77.743
G0 X117.537 Y76.811
G0 X117.609 Y76.926
;TYPE:FILL
G1 F3000 X94.316 Y53.633 E4083.93771
G0 F9000 X94.536 Y53.618
G0 X94.669 Y55.466
G0 X94.45 Y55.481
G1 F3000 X138.473 Y43.685 E4085.45357
G0 F9000 X138.264 Y43.756
G0 X137.326 Y42.202
G0 X137.508 Y42.079
G1 F3000 X128.981 Y73.902 E4086.54935
G0 F9000 X128.858 Y73.72
G0 X130.393 Y72.681
G0 X130.515 Y72.862
G1 F3000 X98.288 Y40.635 E4088.06521
G0 F9000 X98.454 Y40.779
G0 X97.578 Y42.368
G0 X97.382 Y42.272
G1 F3000 X129.203 Y33.746 E4089.16091
G0 F9000 X129.107 Y33.942
G0 X127.438 Y33.133
G0 X127.534 Y32.937
G1 F3000 X115.738 Y76.959 E4090.67674
G0 F9000 X115.779 Y76.743
G0 X110.705 Y75.768
G0 X110.664 Y75.983
G1 F3000 X134.322 Y69.644 E4091.49136
G0 F9000 X134.157 Y69.5
G0 X134.835 Y68.718
G0 X135 Y68.862
G1 F3000 X102.286 Y36.147 E4093.03015
G0 F9000 X101.672 Y36.726
G1 F3000 X95.332 Y60.385 E4093.84482
G0 F9000 X95.54 Y60.314
G0 X95.88 Y61.294
G0 X95.671 Y61.365
G1 F3000 X140.36 Y49.391 E4095.38361
G0 F9000 X140.167 Y48.573
G1 F3000 X122.844 Y31.249 E4096.19846
G0 F9000 X122.803 Y31.465
G0 X121.786 Y31.269
G0 X121.827 Y31.053
G1 F3000 X109.853 Y75.74 E4097.73718
G0 F9000 X109.949 Y75.544
G0 X106.231 Y73.741
G0 X106.135 Y73.937
G1 F3000 X97.187 Y64.989 E4098.15807
G0 F9000 X97.368 Y64.867
G0 X98.62 Y66.713
G0 X98.438 Y66.836
G1 F3000 X140.7 Y55.512 E4099.6133
G0 F9000 X140.485 Y55.471
G0 X140.15 Y57.216
G0 X140.366 Y57.257
G1 F3000 X113.95 Y30.84 E4100.85585
G0 F9000 X113.965 Y31.06
G0 X115.721 Y30.934
G0 X115.706 Y30.714
G1 F3000 X104.382 Y72.977 E4102.3111
G0 F9000 X104.526 Y72.812
G0 X103.184 Y71.649
G0 X103.039 Y71.815
G1 F3000 X139.122 Y62.146 E4103.55357
G0 F9000 X138.926 Y62.05
G0 X138.158 Y63.635
G0 X138.355 Y63.731
G1 F3000 X107.416 Y32.792 E4105.00885
G0 F9000 X107.487 Y32.999
G0 X109.165 Y32.417
G0 X109.094 Y32.21
G1 F3000 X99.426 Y68.291 E4106.25124
G0 F9000 X99.607 Y68.169
G0 X95.062 Y49.204
G0 X94.847 Y49.163
G1 F3000 X135.015 Y38.4 E4107.63436
G0 F9000 X134.833 Y38.523
G0 X132.664 Y36.603
G0 X132.807 Y36.439
G1 F3000 X122.044 Y76.609 E4109.01755
G0 F9000 X122.029 Y76.388
G0 X124.774 Y75.47
G0 X124.845 Y75.677
G1 F3000 X95.44 Y46.272 E4110.40067
G0 F9000 X95.638 Y46.368
G0 X105.828 Y34.011
G0 X105.705 Y33.83
G1 F3000 X117.932 Y30.554 E4110.82168
G1 F1500 E4104.32168
G0 F9000 X117.947 Y30.773
G0 X140.437 Y53.526
G0 X140.656 Y53.511
G1 F1500 E4110.82168
G1 F3000 X137.379 Y65.739 E4111.24274
G0 F9000 X137.183 Y65.643
G0 X138.769 Y62.376
G0 X139.364 Y62.665
;TYPE:SKIN
G1 F1452.8 X139.392 Y62.617 E4111.24465
G0 F9000 X138.793 Y62.326
G0 X140.278 Y56.545
G0 X140.932 Y56.67
G1 F1467 X140.938 Y56.651 E4111.24533
G0 F9000 X140.282 Y56.525
G0 X140.228 Y50.615
G0 X140.888 Y50.568
G1 F1456.3 X140.887 Y50.495 E4111.24783
G0 F9000 X140.223 Y50.542
G0 X138.639 Y44.837
G0 X139.269 Y44.62
G1 F1449.3 X139.248 Y44.545 E4111.25051
G0 F9000 X138.614 Y44.764
G0 X135.613 Y39.674
G0 X136.165 Y39.301
G1 F1456.3 X136.125 Y39.235 E4111.25315
G0 F9000 X135.57 Y39.611
G0 X131.351 Y35.467
G0 X131.788 Y34.963
G1 F1452.8 X131.73 Y34.907 E4111.25592
G0 F9000 X131.29 Y35.414
G0 X126.173 Y32.519
G0 X126.463 Y31.923
G1 F1425.2 X126.359 Y31.864 E4111.26011
G0 F9000 X126.066 Y32.467
G0 X120.313 Y30.986
G0 X120.439 Y30.33
G1 F1442.3 X120.396 Y30.318 E4111.26165
G0 F9000 X120.269 Y30.978
G0 X114.33 Y31.034
G0 X114.282 Y30.364
G1 F1456.3 X114.236 Y30.365 E4111.26323
G0 F9000 X114.284 Y31.037
G0 X108.618 Y32.607
G0 X108.4 Y31.973
G1 F1415.1 X108.289 Y32.005 E4111.2673
G0 F9000 X108.509 Y32.645
G0 X103.437 Y35.631
G0 X103.062 Y35.077
G1 F1428.6 X102.978 Y35.127 E4111.27071
G0 F9000 X103.356 Y35.686
G0 X99.193 Y39.924
G0 X98.686 Y39.484
G1 F1470.6 X98.644 Y39.526 E4111.27273
G0 F9000 X99.155 Y39.969
G0 X96.276 Y45.053
G0 X95.678 Y44.762
G1 F1421.8 X95.605 Y44.892 E4111.27796
G0 F9000 X96.211 Y45.187
G0 X94.741 Y50.876
G0 X94.085 Y50.75
G1 F1432 X94.059 Y50.85 E4111.28156
G0 F9000 X94.721 Y50.977
G0 X94.771 Y56.888
G0 X94.103 Y56.935
G1 F1449.3 X94.105 Y57.013 E4111.28425
G0 F9000 X94.777 Y56.965
G0 X96.356 Y62.669
G0 X95.722 Y62.888
G1 F1449.3 X95.743 Y62.963 E4111.28693
G0 F9000 X96.382 Y62.743
G0 X99.368 Y67.818
G0 X98.817 Y68.191
G1 F1425.2 X98.864 Y68.27 E4111.29015
G0 F9000 X99.42 Y67.894
G0 X103.736 Y72.128
G0 X103.321 Y72.606
G1 F1463.4 X103.245 Y72.65 E4111.29314
G1 X103.244 Y72.562 E4111.29614
G1 X103.321 Y72.606 E4111.29916
G0 F9000 X103.736 Y72.128
G0 X108.84 Y75.006
G0 X108.551 Y75.601
G1 F1432 X108.632 Y75.646 E4111.30239
G0 F9000 X108.923 Y75.047
G0 X114.666 Y76.529
G0 X114.541 Y77.182
G1 F1474.2 X114.598 Y77.198 E4111.30439
G0 F9000 X114.724 Y76.54
G0 X117.442 Y76.718
G0 X117.5 Y77.527
G1 F1185.8 X116.045 Y77.56 E4111.36563
G1 F1250 X114.48 Y77.606 E4111.42812
G1 F1105 X114.035 Y77.37 E4111.45086
G1 F1052.6 X112.669 Y77.038 E4111.51749
G1 F1132.1 X111.302 Y76.707 E4111.57947
G1 F1229.5 X109.936 Y76.375 E4111.63651
G1 F1382.5 X108.48 Y76.033 E4111.69049
G1 F1500 X108.3 Y75.93 E4111.69738
G1 F1209.7 X108 Y75.649 E4111.71434
G1 F1050.8 X106.814 Y75.002 E4111.77848
G1 F1138.5 X105.628 Y74.355 E4111.83768
G1 F1242.2 X104.442 Y73.707 E4111.89196
G1 F1255.2 X102.984 Y72.915 E4111.95791
G1 F1102.9 X102.738 Y72.52 E4111.97896
G1 F1050.8 X101.733 Y71.563 E4112.04485
G1 F1136.4 X100.728 Y70.605 E4112.1058
G1 F1237.1 X99.723 Y69.648 E4112.16177
G1 F1388.9 X98.544 Y68.531 E4112.22011
G1 F1500 X98.437 Y68.351 E4112.22707
G1 F1209.7 X98.318 Y67.958 E4112.24401
G1 F1049 X97.598 Y66.774 E4112.30992
G1 F1132.1 X96.878 Y65.589 E4112.37102
G1 F1229.5 X96.157 Y64.405 E4112.42727
G1 F1382.5 X95.37 Y63.129 E4112.48137
G1 F1500 X95.321 Y62.953 E4112.48745
G1 F1207.2 X95.307 Y62.542 E4112.50445
G1 F1049 X94.925 Y61.239 E4112.56903
G1 F1136.4 X94.543 Y59.936 E4112.62864
G1 F1239.7 X94.16 Y58.633 E4112.6833
G1 F1392.1 X93.7 Y57.08 E4112.74135
G1 F1500 X93.697 Y56.893 E4112.74757
G1 F1209.7 X93.79 Y56.492 E4112.76454
G1 F1049 X93.758 Y55.096 E4112.83096
G1 F1132.1 X93.726 Y53.701 E4112.89245
G1 F1227 X93.694 Y52.305 E4112.94923
G1 F1382.5 X93.649 Y50.809 E4113.00324
G1 F1500 X93.705 Y50.597 E4113.01053
G1 F1209.7 X93.897 Y50.234 E4113.02747
G1 F1049 X94.224 Y48.888 E4113.09335
G1 F1127.8 X94.551 Y47.542 E4113.15462
G1 F1224.5 X94.878 Y46.196 E4113.21106
G1 F1379.3 X95.219 Y44.74 E4113.26515
G1 F1500 X95.353 Y44.506 E4113.27412
G1 F1209.7 X95.634 Y44.206 E4113.29107
G1 F1049 X96.293 Y43.002 E4113.35635
G1 F1132.1 X96.952 Y41.797 E4113.41688
G1 F1227 X97.611 Y40.593 E4113.47268
G1 F1382.5 X98.318 Y39.282 E4113.52644
G1 F1500 X98.428 Y39.171 E4113.53163
G1 F1209.7 X98.777 Y38.953 E4113.5486
G1 F1050.8 X99.719 Y37.963 E4113.61349
G1 F1136.4 X100.662 Y36.973 E4113.67351
G1 F1237.1 X101.604 Y35.983 E4113.72862
G1 F1388.9 X102.721 Y34.804 E4113.78696
G1 F1500 X102.905 Y34.695 E4113.79408
G1 F1209.7 X103.298 Y34.575 E4113.81102
G1 F1049 X104.48 Y33.856 E4113.87683
G1 F1132.1 X105.663 Y33.136 E4113.93786
G1 F1227 X106.845 Y32.417 E4113.99411
G1 F1382.5 X108.123 Y31.626 E4114.04835
G1 F1500 X108.354 Y31.562 E4114.05632
G1 F1209.7 X108.765 Y31.549 E4114.07328
G1 F1050.8 X110.061 Y31.17 E4114.13739
G1 F1136.4 X111.356 Y30.79 E4114.19664
G1 F1237.1 X112.652 Y30.411 E4114.2511
G1 F1388.9 X114.172 Y29.96 E4114.30805
G1 F1500 X114.324 Y29.958 E4114.31311
G1 F1207.2 X114.725 Y30.051 E4114.33012
G1 F1047.1 X116.134 Y30.018 E4114.39727
G1 F1132.1 X117.542 Y29.986 E4114.45933
G1 F1232 X118.951 Y29.953 E4114.51641
G1 F1385.7 X120.443 Y29.909 E4114.57015
G1 F1500 X120.599 Y29.95 E4114.57551
G1 F1209.7 X120.962 Y30.143 E4114.59247
G1 F1050.8 X122.298 Y30.466 E4114.65773
G1 F1134.2 X123.635 Y30.79 E4114.71824
G1 F1232 X124.971 Y31.113 E4114.7739
G1 F1385.7 X126.512 Y31.479 E4114.83092
G1 F1500 X126.721 Y31.598 E4114.83892
G1 F1209.7 X127.021 Y31.88 E4114.8559
G1 F1049 X128.234 Y32.544 E4114.92167
G1 F1132.1 X129.448 Y33.207 E4114.98263
G1 F1227 X130.661 Y33.871 E4115.03886
G1 F1382.5 X131.974 Y34.577 E4115.09266
G1 F1500 X132.103 Y34.704 E4115.09868
G1 F1207.2 X132.32 Y35.053 E4115.11566
G1 F1047.1 X133.333 Y36.02 E4115.18239
G1 F1132.1 X134.345 Y36.987 E4115.24407
G1 F1229.5 X135.358 Y37.954 E4115.3009
G1 F1382.5 X136.448 Y38.98 E4115.35492
G1 F1500 X136.54 Y39.135 E4115.36091
G1 F1209.7 X136.66 Y39.528 E4115.37786
G1 F1049 X137.386 Y40.721 E4115.44428
G1 F1132.1 X138.111 Y41.913 E4115.50577
G1 F1232 X138.837 Y43.106 E4115.56232
G1 F1385.7 X139.626 Y44.383 E4115.61637
G1 F1500 X139.675 Y44.559 E4115.62244
G1 F1207.2 X139.688 Y44.97 E4115.63943
G1 F1049 X140.074 Y46.284 E4115.70457
G1 F1136.4 X140.459 Y47.597 E4115.76464
G1 F1237.1 X140.845 Y48.911 E4115.81987
G1 F1388.9 X141.296 Y50.432 E4115.87686
G1 F1500 X141.298 Y50.61 E4115.88278
G1 F1204.8 X141.205 Y51.01 E4115.89979
G1 F1047.1 X141.237 Y52.37 E4115.9646
G1 F1136.4 X141.27 Y53.729 E4116.02428
G1 F1242.2 X141.302 Y55.089 E4116.07892
G1 F1255.2 X141.345 Y56.756 E4116.1452
G1 F1105 X141.12 Y57.182 E4116.16695
G1 F1052.6 X140.787 Y58.556 E4116.23396
G1 F1138.5 X140.453 Y59.93 E4116.29592
G1 F1239.7 X140.12 Y61.304 E4116.35282
G1 F1250 X139.757 Y62.841 E4116.41585
G1 F1102.9 X139.416 Y63.205 E4116.43841
G1 F1052.6 X138.756 Y64.416 E4116.50378
G1 F1138.5 X138.095 Y65.626 E4116.5642
G1 F1239.7 X137.435 Y66.837 E4116.6197
G1 F1392.1 X136.678 Y68.234 E4116.67664
G1 F1500 X136.572 Y68.342 E4116.68168
G1 F1209.7 X136.223 Y68.559 E4116.69863
G1 F1050.8 X135.271 Y69.557 E4116.76411
G1 F1138.5 X134.32 Y70.555 E4116.82452
G1 F1242.2 X133.368 Y71.553 E4116.87991
G1 F1255.2 X132.223 Y72.76 E4116.94604
G1 F1102.9 X131.75 Y72.904 E4116.9684
G1 F1049 X130.55 Y73.634 E4117.03521
G1 F1134.2 X129.349 Y74.365 E4117.09705
G1 F1234.6 X128.149 Y75.095 E4117.15381
G1 F1388.9 X126.869 Y75.886 E4117.20786
G1 F1500 X126.693 Y75.934 E4117.21393
G1 F1209.7 X126.282 Y75.949 E4117.23089
G1 F1050.8 X124.94 Y76.341 E4117.29727
G1 F1134.2 X123.599 Y76.733 E4117.35873
G1 F1232 X122.257 Y77.126 E4117.41535
G1 F1385.7 X120.82 Y77.556 E4117.46936
G1 F1500 X120.669 Y77.558 E4117.47438
G1 F1207.2 X120.269 Y77.464 E4117.49136
G1 F1050.8 X117.5 Y77.527 E4117.62286
G0 F9000 X117.5 Y77.023
G1 F1049 X120.246 Y76.872 E4117.75366
G1 F1207.2 X120.639 Y76.746 E4117.77072
G1 F1385.7 X122.177 Y76.669 E4117.82616
G1 F1232 X123.488 Y76.24 E4117.88202
G1 F1134.2 X124.798 Y75.811 E4117.94266
G1 F1050.8 X126.109 Y75.383 E4118.00813
G1 F1209.7 X126.454 Y75.162 E4118.02503
G1 F1388.9 X127.956 Y74.676 E4118.08174
G1 F1234.6 X129.116 Y73.918 E4118.13774
G1 F1134.2 X130.275 Y73.161 E4118.19863
G1 F1049 X131.435 Y72.403 E4118.26453
G1 F1209.7 X131.712 Y72.1 E4118.28146
G1 F1388.9 X133.007 Y71.261 E4118.33689
G1 F1234.6 X133.934 Y70.227 E4118.39301
G1 F1134.2 X134.861 Y69.192 E4118.45413
G1 F1049 X135.787 Y68.158 E4118.52015
G1 F1209.7 X135.977 Y67.792 E4118.53715
G1 F1388.9 X137.007 Y66.648 E4118.59245
G1 F1239.7 X137.636 Y65.408 E4118.6484
G1 F1136.4 X138.265 Y64.169 E4118.70941
G1 F1052.6 X138.893 Y62.929 E4118.77529
G1 F1209.7 X138.981 Y62.528 E4118.79222
G1 F1388.9 X139.682 Y61.158 E4118.8475
G1 F1237.1 X139.969 Y59.789 E4118.90391
G1 F1136.4 X140.257 Y58.42 E4118.96533
G1 F1052.6 X140.544 Y57.051 E4119.03162
G1 F1209.7 X140.526 Y56.642 E4119.04851
G1 F1388.9 X140.841 Y55.162 E4119.10286
G1 F1237.1 X140.765 Y53.786 E4119.15844
G1 F1134.2 X140.688 Y52.41 E4119.21906
G1 F1047.1 X140.612 Y51.034 E4119.28472
G1 F1204.8 X140.487 Y50.64 E4119.30183
G1 F1385.7 X140.409 Y49.079 E4119.35811
G1 F1232 X139.98 Y47.767 E4119.414
G1 F1132.1 X139.551 Y46.456 E4119.47479
G1 F1047.1 X139.122 Y45.144 E4119.54056
G1 F1207.2 X138.899 Y44.798 E4119.55757
G1 F1385.7 X138.416 Y43.3 E4119.61424
G1 F1232 X137.664 Y42.148 E4119.66995
G1 F1132.1 X136.911 Y40.996 E4119.7306
G1 F1049 X136.159 Y39.844 E4119.79603
G1 F1209.7 X135.855 Y39.567 E4119.81299
G1 F1382.5 X135.001 Y38.249 E4119.86967
G1 F1229.5 X133.973 Y37.328 E4119.92567
G1 F1132.1 X132.945 Y36.407 E4119.9865
G1 F1047.1 X131.917 Y35.486 E4120.05226
G1 F1207.2 X131.553 Y35.299 E4120.06917
G1 F1382.5 X130.393 Y34.251 E4120.12559
G1 F1227 X129.177 Y33.635 E4120.18101
G1 F1132.1 X127.961 Y33.019 E4120.24109
G1 F1049 X126.745 Y32.403 E4120.30592
G1 F1209.7 X126.344 Y32.314 E4120.32286
G1 F1382.5 X124.899 Y31.577 E4120.3814
G1 F1224.5 X123.544 Y31.291 E4120.43782
G1 F1132.1 X122.188 Y31.006 E4120.49888
G1 F1049 X120.833 Y30.72 E4120.56475
G1 F1209.7 X120.422 Y30.738 E4120.58172
G1 F1385.7 X118.908 Y30.415 E4120.63745
G1 F1232 X117.521 Y30.491 E4120.6937
G1 F1132.1 X116.134 Y30.568 E4120.75492
G1 F1047.1 X114.747 Y30.644 E4120.82111
G1 F1207.2 X114.355 Y30.77 E4120.83812
G1 F1382.5 X112.819 Y30.847 E4120.89362
G1 F1229.5 X111.525 Y31.27 E4120.94886
G1 F1132.1 X110.232 Y31.693 E4121.00882
G1 F1049 X108.938 Y32.115 E4121.07355
G1 F1209.7 X108.593 Y32.336 E4121.09045
G1 F1382.5 X107.039 Y32.839 E4121.14939
G1 F1227 X105.897 Y33.585 E4121.20486
G1 F1132.1 X104.755 Y34.331 E4121.26497
G1 F1049 X103.613 Y35.077 E4121.32985
G1 F1209.7 X103.337 Y35.381 E4121.34678
G1 F1382.5 X101.989 Y36.254 E4121.40474
G1 F1229.5 X101.063 Y37.288 E4121.46106
G1 F1132.1 X100.137 Y38.322 E4121.52223
G1 F1049 X99.211 Y39.356 E4121.58825
G1 F1209.7 X99.022 Y39.721 E4121.6052
G1 F1382.5 X97.991 Y40.863 E4121.66072
G1 F1227 X97.38 Y42.069 E4121.71569
G1 F1132.1 X96.768 Y43.275 E4121.77529
G1 F1049 X96.157 Y44.481 E4121.8396
G1 F1209.7 X96.07 Y44.882 E4121.85652
G1 F1379.3 X95.316 Y46.357 E4121.91644
G1 F1224.5 X95.036 Y47.693 E4121.97205
G1 F1127.8 X94.755 Y49.029 E4122.03245
G1 F1049 X94.475 Y50.365 E4122.09737
G1 F1209.7 X94.494 Y50.774 E4122.11426
G1 F1382.5 X94.158 Y52.348 E4122.17234
G1 F1227 X94.233 Y53.722 E4122.22829
G1 F1132.1 X94.308 Y55.096 E4122.28893
G1 F1049 X94.383 Y56.47 E4122.35438
G1 F1209.7 X94.508 Y56.862 E4122.37135
G1 F1385.7 X94.587 Y58.437 E4122.42812
G1 F1232 X95.016 Y59.747 E4122.48394
G1 F1132.1 X95.444 Y61.056 E4122.54464
G1 F1047.1 X95.873 Y62.366 E4122.61031
G1 F1207.2 X96.095 Y62.714 E4122.62737
G1 F1382.5 X96.579 Y64.213 E4122.68422
G1 F1229.5 X97.325 Y65.356 E4122.7396
G1 F1132.1 X98.072 Y66.498 E4122.79974
G1 F1049 X98.818 Y67.641 E4122.86465
G1 F1209.7 X99.123 Y67.919 E4122.88168
G1 F1382.5 X99.994 Y69.263 E4122.93947
G1 F1229.5 X101.043 Y70.204 E4122.99665
G1 F1132.1 X102.092 Y71.145 E4123.05876
G1 F1049 X103.141 Y72.086 E4123.12578
G1 F1209.7 X103.505 Y72.273 E4123.14266
G1 F1388.9 X104.603 Y73.268 E4123.19589
G1 F1234.6 X105.827 Y73.887 E4123.25131
G1 F1134.2 X107.052 Y74.507 E4123.31171
G1 F1049 X108.276 Y75.126 E4123.37694
G1 F1209.7 X108.676 Y75.213 E4123.39383
G1 F1382.5 X110.098 Y75.939 E4123.45144
G1 F1229.5 X111.453 Y76.224 E4123.50763
G1 F1132.1 X112.809 Y76.509 E4123.56869
G1 F1052.6 X114.164 Y76.794 E4123.63432
G1 F1209.7 X114.575 Y76.777 E4123.65128
G1 F1388.9 X116.088 Y77.1 E4123.70686
G1 F1185.8 X117.5 Y77.023 E4123.76635
G0 F9000 X117.479 Y76.715
G0 X120.663 Y76.486
G0 X120.71 Y77.149
G1 F1456.3 X120.753 Y77.147 E4123.76783
G0 F9000 X120.706 Y76.483
G0 X126.421 Y74.899
G0 X126.637 Y75.525
G1 F1435.4 X126.701 Y75.507 E4123.77014
G0 F9000 X126.484 Y74.877
G0 X131.603 Y71.861
G0 X131.975 Y72.411
G1 F1463.4 X132.018 Y72.386 E4123.77183
G0 F9000 X131.644 Y71.833
G0 X135.811 Y67.59
G0 X136.31 Y68.023
G1 F1445.8 X136.345 Y67.989 E4123.77352
G0 F9000 X135.616 Y67.357
G1 F1500 E4117.27352
;MESH:MotorCar(1).stl
G0 F9000 X132.891 Y71.086
G0 X134.55 Y72.719
G0 X132.891 Y80.835
G0 X145.408 Y82.086
;TYPE:WALL-INNER
G1 F1500 E4123.77352
G1 F1612.9 X145.339 Y82.046 E4123.77599
G1 X145.339 Y82.126 E4123.77846
G1 X145.408 Y82.086 E4123.78093
G1 F1500 E4117.28093
G0 F9000 X145.43 Y82.02
G0 X145.512 Y106.938
G0 X145.948 Y106.99
G0 X145.948 Y107.25
;TYPE:WALL-OUTER
G1 F1500 E4123.78093
G1 F1200 X178.698 Y107.25 E4125.14251
G1 X178.698 Y106.75 E4125.1633
G1 X145.948 Y106.75 E4126.52489
G1 F1107 X145.741 Y106.707 E4126.53442
G1 F1100.9 X145.699 Y106.544 E4126.54204
G1 F1195.2 X145.698 Y82.5 E4127.54568
G1 F1333.3 X145.748 Y82.086 E4127.56128
G1 F1500 X145.748 Y81.7 E4127.57412
G1 X145.362 Y81.7 E4127.58696
G1 F1333.3 X144.948 Y81.75 E4127.60256
G1 F1197.6 X117.404 Y81.751 E4128.75
G1 F1190.5 X89.86 Y81.752 E4129.9043
G1 F1100.9 X89.534 Y81.793 E4129.91919
G1 F1025.6 X89.241 Y81.793 E4129.93345
G1 X89.241 Y82.086 E4129.9477
G1 F1107 X89.198 Y82.5 E4129.96646
G1 F1195.2 X89.197 Y106.544 E4130.97009
G1 F1102.9 X89.155 Y106.707 E4130.9777
G1 F1098.9 X88.992 Y106.749 E4130.98534
G1 F1195.2 X56.198 Y106.75 E4132.35421
G1 F1200 X56.198 Y107.25 E4132.375
G1 F1195.2 X89.035 Y107.248 E4133.74567
G1 F1098.9 X89.362 Y107.207 E4133.76063
G1 F1023.9 X89.655 Y107.207 E4133.77491
G1 X89.655 Y106.914 E4133.78918
G1 F1102.9 X89.697 Y106.587 E4133.8041
G1 F1195.2 X89.698 Y82.5 E4134.80952
G1 F1107 X89.741 Y82.293 E4134.81905
G1 F1100.9 X89.904 Y82.251 E4134.82668
G1 F1190.5 X117.426 Y82.25 E4135.98006
G1 F1197.6 X144.948 Y82.25 E4137.12658
G1 F1200 X145.198 Y82.5 E4137.14128
G1 F1195.2 X145.2 Y106.587 E4138.14671
G1 F1100.9 X145.241 Y106.914 E4138.16164
G1 F1025.6 X145.241 Y107.207 E4138.1759
G1 X145.534 Y107.207 E4138.19015
G1 F1107 X145.948 Y107.25 E4138.20891
G1 F1500 E4131.70891
G0 F9000 X145.948 Y106.99
G0 X145.43 Y107.07
G0 X145.43 Y108.165
G0 X145.52 Y126.785
G0 X145.198 Y153.25
G1 F1500 E4138.20891
G1 F1200 X145.198 Y128.5 E4139.23789
G1 F1088.9 X145.249 Y128.049 E4139.25869
G1 F996.7 X145.249 Y127.749 E4139.2737
G1 X145.549 Y127.749 E4139.28872
G1 F1060.1 X145.857 Y127.713 E4139.30332
G1 F1136.4 X178.685 Y127.711 E4140.74458
G1 F1140.7 X178.685 Y128.237 E4140.76758
G1 F1136.4 X145.902 Y128.238 E4142.20687
G1 F1060.1 X145.748 Y128.274 E4142.21431
G1 F1088.9 X145.698 Y128.5 E4142.22491
G1 F1200 X145.698 Y153.25 E4143.2539
G1 X145.198 Y153.25 E4143.27469
G1 F1500 E4136.77469
G0 F9000 X145.43 Y153.02
G0 X145.38 Y128.02
G0 X144.285 Y128.02
G0 X90.615 Y128.02
G0 X89.397 Y128.049
;TYPE:WALL-INNER
G1 F1500 E4143.27469
G1 F1492.5 X89.322 Y128.006 E4143.27758
G1 X89.322 Y128.092 E4143.28045
G1 X89.397 Y128.049 E4143.28334
G1 F1500 E4136.78334
G0 F9000 X89.43 Y128.02
G0 X89.47 Y153.02
G0 X89.698 Y153.25
;TYPE:WALL-OUTER
G1 F1500 E4143.28334
G1 F1200 X89.698 Y128.5 E4144.31233
G1 F1333.3 X89.748 Y128.049 E4144.32931
G1 F1500 X89.748 Y127.648 E4144.34264
G1 X89.347 Y127.648 E4144.35598
G1 F1295.9 X88.948 Y127.711 E4144.37153
G1 F1140.7 X56.211 Y127.711 E4145.80335
G1 X56.211 Y128.237 E4145.82636
G1 X88.948 Y128.237 E4147.25818
G1 F1169.6 X89.198 Y128.5 E4147.27366
G1 F1200 X89.198 Y153.25 E4148.30264
G1 X89.698 Y153.25 E4148.32343
G1 F1500 E4141.82343
;MESH:wheel(3).stl(1)
G0 F9000 X89.47 Y153.02
G0 X89.526 Y154.165
G0 X97.815 Y164.716
G0 X117.892 Y204.47
;TYPE:WALL-INNER
G1 F1500 E4148.32343
G1 X121.576 Y204.44 E4148.44596
G1 X127.716 Y202.746 E4148.65781
G1 X133.203 Y199.518 E4148.86955
G1 X137.673 Y194.979 E4149.08143
G1 X140.815 Y189.436 E4149.29335
G1 X142.411 Y183.273 E4149.5051
G1 X142.36 Y176.908 E4149.7168
G1 X140.666 Y170.768 E4149.92865
G1 X137.438 Y165.281 E4150.14039
G1 X132.895 Y160.811 E4150.35237
G1 X127.356 Y157.669 E4150.56417
G1 X121.193 Y156.073 E4150.77591
G1 X114.824 Y156.124 E4150.98776
G1 X108.688 Y157.818 E4151.19947
G1 X103.201 Y161.046 E4151.41121
G1 X98.731 Y165.585 E4151.6231
G1 X95.589 Y171.128 E4151.83501
G1 X93.993 Y177.291 E4152.04676
G1 X94.044 Y183.656 E4152.25847
G1 X95.738 Y189.796 E4152.47031
G1 X98.966 Y195.283 E4152.68205
G1 X103.505 Y199.753 E4152.89393
G1 X109.048 Y202.895 E4153.10585
G1 X115.211 Y204.491 E4153.3176
G1 X117.892 Y204.47 E4153.40677
G0 F9000 X117.887 Y204.87
;TYPE:WALL-OUTER
G1 F1500 X121.632 Y204.84 E4153.53133
G1 X127.873 Y203.118 E4153.74667
G1 X133.451 Y199.836 E4153.96192
G1 X137.995 Y195.222 E4154.17731
G1 X141.189 Y189.588 E4154.39272
G1 X142.811 Y183.323 E4154.60796
G1 X142.76 Y176.852 E4154.8232
G1 X141.038 Y170.611 E4155.03853
G1 X137.756 Y165.033 E4155.25379
G1 X133.138 Y160.489 E4155.46927
G1 X127.508 Y157.295 E4155.68456
G1 X121.243 Y155.673 E4155.8998
G1 X114.768 Y155.724 E4156.11517
G1 X108.531 Y157.446 E4156.33037
G1 X102.953 Y160.728 E4156.54563
G1 X98.409 Y165.342 E4156.76102
G1 X95.215 Y170.976 E4156.97642
G1 X93.593 Y177.241 E4157.19167
G1 X93.644 Y183.712 E4157.4069
G1 X95.366 Y189.953 E4157.62224
G92 E0
G1 X98.648 Y195.531 E0.21526
G1 X103.262 Y200.075 E0.43064
G1 X108.896 Y203.269 E0.64605
G1 X115.161 Y204.891 E0.8613
G1 X117.887 Y204.87 E0.95197
G0 F9000 X117.886 Y204.563
G0 X118.309 Y204.267
G0 X118.242 Y203.334
G0 X118.315 Y203.45
;TYPE:FILL
G1 F3000 X95.019 Y180.155 E2.04771
G0 F9000 X95.239 Y180.14
G0 X95.372 Y181.99
G0 X95.153 Y182.005
G1 F3000 X139.176 Y170.209 E3.56358
G0 F9000 X138.967 Y170.28
G0 X138.029 Y168.727
G0 X138.21 Y168.605
G1 F3000 X129.683 Y200.428 E4.65935
G0 F9000 X129.56 Y200.246
G0 X131.098 Y199.204
G0 X131.22 Y199.385
G1 F3000 X98.992 Y167.157 E6.17526
G0 F9000 X99.158 Y167.302
G0 X98.282 Y168.892
G0 X98.086 Y168.796
G1 F3000 X129.905 Y160.27 E7.2709
G0 F9000 X129.809 Y160.466
G0 X128.141 Y159.657
G0 X128.237 Y159.461
G1 F3000 X116.441 Y203.483 E8.78673
G0 F9000 X116.482 Y203.267
G0 X111.407 Y202.292
G0 X111.366 Y202.508
G1 F3000 X135.025 Y196.168 E9.60139
G0 F9000 X134.86 Y196.024
G0 X135.539 Y195.24
G0 X135.704 Y195.384
G1 F3000 X102.99 Y162.67 E11.14016
G0 F9000 X102.375 Y163.251
G1 F3000 X96.036 Y186.909 E11.95479
G0 F9000 X96.243 Y186.838
G0 X96.583 Y187.819
G0 X96.374 Y187.89
G1 F3000 X141.064 Y175.915 E13.49362
G0 F9000 X140.868 Y175.092
G1 F3000 X123.551 Y157.775 E14.30816
G0 F9000 X123.51 Y157.99
G0 X122.489 Y157.794
G0 X122.53 Y157.577
G1 F3000 X110.556 Y202.264 E15.84688
G0 F9000 X110.651 Y202.069
G0 X106.94 Y200.268
G0 X106.844 Y200.465
G1 F3000 X97.883 Y191.504 E16.26838
G0 F9000 X98.065 Y191.381
G0 X99.322 Y193.237
G0 X99.14 Y193.36
G1 F3000 X141.403 Y182.036 E17.72364
G0 F9000 X141.188 Y181.995
G0 X140.853 Y183.737
G0 X141.069 Y183.778
G1 F3000 X114.655 Y157.364 E18.96607
G0 F9000 X114.67 Y157.584
G0 X116.424 Y157.458
G0 X116.409 Y157.238
G1 F3000 X105.085 Y199.501 E20.42133
G0 F9000 X105.229 Y199.336
G0 X103.886 Y198.173
G0 X103.742 Y198.339
G1 F3000 X139.825 Y188.67 E21.6638
G0 F9000 X139.629 Y188.574
G0 X138.862 Y190.157
G0 X139.058 Y190.253
G1 F3000 X108.121 Y159.315 E23.119
G0 F9000 X108.192 Y159.522
G0 X109.868 Y158.941
G0 X109.797 Y158.733
G1 F3000 X100.129 Y194.815 E24.36143
G0 F9000 X100.309 Y194.693
G0 X95.765 Y175.728
G0 X95.55 Y175.687
G1 F3000 X135.718 Y164.924 E25.74455
G0 F9000 X135.536 Y165.047
G0 X133.367 Y163.128
G0 X133.51 Y162.963
G1 F3000 X122.747 Y203.132 E27.1277
G0 F9000 X122.732 Y202.912
G0 X125.479 Y201.994
G0 X125.55 Y202.201
G1 F3000 X96.145 Y172.795 E28.51085
G0 F9000 X96.342 Y172.891
G0 X106.531 Y160.535
G0 X106.409 Y160.354
G1 F3000 X118.631 Y157.079 E28.93169
G1 F1500 E22.43169
G0 F9000 X118.646 Y157.298
G0 X141.14 Y180.05
G0 X141.359 Y180.035
G1 F1500 E28.93169
G1 F3000 X138.083 Y192.264 E29.35277
G0 F9000 X137.886 Y192.168
G0 X139.453 Y188.937
G0 X140.045 Y189.225
;TYPE:SKIN
G1 F1435.4 X140.093 Y189.139 E29.3562
G0 F9000 X139.496 Y188.849
G0 X140.971 Y183.122
G0 X141.618 Y183.246
G1 F1435.4 X141.637 Y183.179 E29.35862
G0 F9000 X140.984 Y183.054
G0 X140.931 Y177.146
G0 X141.594 Y177.099
G1 F1470.6 X141.592 Y177.014 E29.3615
G0 F9000 X140.925 Y177.061
G0 X139.342 Y171.361
G0 X139.973 Y171.144
G1 F1449.3 X139.952 Y171.069 E29.36418
G0 F9000 X139.317 Y171.288
G0 X136.325 Y166.212
G0 X136.874 Y165.84
G1 F1428.6 X136.827 Y165.763 E29.36733
G0 F9000 X136.275 Y166.137
G0 X132.031 Y161.972
G0 X132.468 Y161.468
G1 F1459.9 X132.429 Y161.429 E29.36922
G0 F9000 X131.989 Y161.936
G0 X126.875 Y159.043
G0 X127.166 Y158.445
G1 F1425.2 X127.069 Y158.392 E29.37309
G0 F9000 X126.776 Y158.995
G0 X121.072 Y157.522
G0 X121.197 Y156.868
G1 F1428.6 X121.099 Y156.843 E29.37662
G0 F9000 X120.973 Y157.503
G0 X115.066 Y157.556
G0 X115.019 Y156.888
G1 F1452.8 X114.935 Y156.89 E29.37951
G0 F9000 X114.983 Y157.562
G0 X109.325 Y159.13
G0 X109.107 Y158.497
G1 F1415.1 X108.992 Y158.529 E29.38371
G0 F9000 X109.212 Y159.169
G0 X104.141 Y162.155
G0 X103.766 Y161.601
G1 F1428.6 X103.682 Y161.651 E29.38713
G0 F9000 X104.06 Y162.21
G0 X99.897 Y166.448
G0 X99.39 Y166.008
G1 F1470.6 X99.348 Y166.05 E29.38914
G0 F9000 X99.859 Y166.493
G0 X96.969 Y171.598
G0 X96.369 Y171.306
G1 F1438.8 X96.306 Y171.419 E29.39363
G0 F9000 X96.913 Y171.714
G0 X95.433 Y177.453
G0 X94.772 Y177.326
G1 F1452.8 X94.76 Y177.376 E29.39539
G0 F9000 X95.424 Y177.503
G0 X95.474 Y183.418
G0 X94.805 Y183.465
G1 F1452.8 X94.806 Y183.543 E29.39807
G0 F9000 X95.48 Y183.495
G0 X97.051 Y189.168
G0 X96.417 Y189.386
G1 F1438.8 X96.445 Y189.486 E29.40167
G0 F9000 X97.085 Y189.266
G0 X100.077 Y194.351
G0 X99.523 Y194.726
G1 F1442.3 X99.565 Y194.794 E29.40444
G0 F9000 X100.122 Y194.417
G0 X104.372 Y198.594
G0 X103.934 Y199.099
G1 F1452.8 X103.967 Y199.131 E29.40602
G0 F9000 X104.407 Y198.624
G0 X109.561 Y201.54
G0 X109.27 Y202.138
G1 F1459.9 X109.332 Y202.173 E29.40845
G0 F9000 X109.625 Y201.571
G0 X115.503 Y203.079
G0 X115.379 Y203.724
G1 F1492.5 X115.304 Y203.767 E29.41134
G1 X115.304 Y203.681 E29.41422
G1 X115.379 Y203.724 E29.4171
G0 F9000 X115.503 Y203.079
G0 X117.842 Y203.264
G0 X117.898 Y204.058
G1 F1174.2 X116.749 Y204.084 E29.46594
G1 F1250 X115.202 Y204.129 E29.52771
G1 F1105 X114.776 Y203.904 E29.54946
G1 F1052.6 X113.428 Y203.578 E29.61519
G1 F1140.7 X112.08 Y203.252 E29.67585
G1 F1239.7 X110.732 Y202.926 E29.73166
G1 F1392.1 X109.184 Y202.557 E29.78869
G1 F1500 X109.029 Y202.468 E29.79464
G1 F1209.7 X108.729 Y202.188 E29.81156
G1 F1052.6 X107.534 Y201.536 E29.87608
G1 F1140.7 X106.34 Y200.883 E29.9356
G1 F1242.2 X105.145 Y200.231 E29.99028
G1 F1255.2 X103.664 Y199.429 E30.05722
G1 F1102.9 X103.401 Y199.008 E30.07967
G1 F1050.8 X102.381 Y198.034 E30.14663
G1 F1134.2 X101.362 Y197.061 E30.20861
G1 F1232 X100.342 Y196.087 E30.26572
G1 F1385.7 X99.248 Y195.055 E30.31987
G1 F1500 X99.152 Y194.894 E30.3261
G1 F1207.2 X99.032 Y194.501 E30.34308
G1 F1047.1 X98.308 Y193.311 E30.40945
G1 F1129.9 X97.584 Y192.12 E30.47099
G1 F1227 X96.86 Y190.93 E30.52763
G1 F1382.5 X96.07 Y189.653 E30.58181
G1 F1500 X96.014 Y189.45 E30.58882
G1 F1204.8 X96.001 Y189.039 E30.60585
G1 F1045.3 X95.612 Y187.706 E30.67212
G1 F1132.1 X95.223 Y186.372 E30.73336
G1 F1229.5 X94.834 Y185.039 E30.7897
G1 F1385.7 X94.404 Y183.604 E30.84364
G1 F1500 X94.401 Y183.42 E30.84976
G1 F1209.7 X94.494 Y183.019 E30.86674
G1 F1049 X94.462 Y181.622 E30.9332
G1 F1132.1 X94.429 Y180.226 E30.99474
G1 F1232 X94.397 Y178.829 E31.05132
G1 F1385.7 X94.353 Y177.333 E31.10521
G1 F1500 X94.393 Y177.18 E31.11047
G1 F1209.7 X94.586 Y176.817 E31.12742
G1 F1049 X94.918 Y175.453 E31.19419
G1 F1132.1 X95.249 Y174.088 E31.25609
G1 F1227 X95.581 Y172.724 E31.31317
G1 F1382.5 X95.923 Y171.264 E31.36729
G1 F1500 X96.044 Y171.054 E31.37535
G1 F1209.7 X96.324 Y170.754 E31.39227
G1 F1049 X96.988 Y169.542 E31.458
G1 F1132.1 X97.652 Y168.329 E31.51894
G1 F1227 X98.315 Y167.117 E31.57511
G1 F1382.5 X99.022 Y165.806 E31.62887
G1 F1500 X99.132 Y165.695 E31.63406
G1 F1209.7 X99.481 Y165.477 E31.65103
G1 F1050.8 X100.423 Y164.487 E31.71592
G1 F1136.4 X101.366 Y163.497 E31.77594
G1 F1237.1 X102.308 Y162.507 E31.83105
G1 F1388.9 X103.425 Y161.328 E31.88939
G1 F1500 X103.609 Y161.219 E31.89651
G1 F1209.7 X104.002 Y161.099 E31.91345
G1 F1049 X105.184 Y160.38 E31.97925
G1 F1132.1 X106.367 Y159.66 E32.04029
G1 F1227 X107.549 Y158.941 E32.09654
G1 F1382.5 X108.827 Y158.15 E32.15078
G1 F1500 X109.058 Y158.086 E32.15875
G1 F1207.2 X109.469 Y158.073 E32.17574
G1 F1049 X110.763 Y157.694 E32.23988
G1 F1136.4 X112.056 Y157.315 E32.29903
G1 F1237.1 X113.35 Y156.935 E32.35342
G1 F1388.9 X114.872 Y156.484 E32.41044
G1 F1500 X115.06 Y156.481 E32.41669
G1 F1204.8 X115.46 Y156.574 E32.4337
G1 F1045.3 X116.859 Y156.542 E32.50049
G1 F1127.8 X118.257 Y156.51 E32.56235
G1 F1227 X119.656 Y156.478 E32.61925
G1 F1382.5 X121.147 Y156.433 E32.67308
G1 F1500 X121.358 Y156.488 E32.68033
G1 F1209.7 X121.722 Y156.682 E32.69734
G1 F1050.8 X123.039 Y157 E32.76167
G1 F1134.2 X124.356 Y157.319 E32.82127
G1 F1232 X125.673 Y157.637 E32.87614
G1 F1385.7 X127.216 Y158.003 E32.93323
G1 F1500 X127.422 Y158.121 E32.94113
G1 F1209.7 X127.722 Y158.402 E32.95808
G1 F1050.8 X128.909 Y159.05 E33.02229
G1 F1136.4 X130.095 Y159.698 E33.08162
G1 F1237.1 X131.282 Y160.345 E33.13614
G1 F1388.9 X132.674 Y161.101 E33.19304
G1 F1500 X132.785 Y161.211 E33.19824
G1 F1209.7 X133.003 Y161.56 E33.21521
G1 F1049 X134.023 Y162.533 E33.28226
G1 F1132.1 X135.043 Y163.507 E33.34441
G1 F1229.5 X136.063 Y164.48 E33.40161
G1 F1382.5 X137.153 Y165.505 E33.4556
G1 F1500 X137.259 Y165.684 E33.46252
G1 F1209.7 X137.379 Y166.077 E33.47947
G1 F1049 X138.099 Y167.261 E33.54538
G1 F1132.1 X138.82 Y168.445 E33.60647
G1 F1232 X139.54 Y169.629 E33.66259
G1 F1385.7 X140.33 Y170.907 E33.71668
G1 F1500 X140.379 Y171.083 E33.72276
G1 F1207.2 X140.392 Y171.494 E33.73975
G1 F1049 X140.778 Y172.808 E33.80489
G1 F1136.4 X141.163 Y174.121 E33.86496
G1 F1237.1 X141.549 Y175.435 E33.92019
G1 F1388.9 X142 Y176.956 E33.97718
G1 F1500 X142.002 Y177.14 E33.9833
G1 F1204.8 X141.909 Y177.54 E34.0003
G1 F1047.1 X141.941 Y178.898 E34.06502
G1 F1134.2 X141.973 Y180.255 E34.12473
G1 F1237.1 X142.005 Y181.613 E34.17951
G1 F1388.9 X142.048 Y183.227 E34.23751
G1 F1500 X142.001 Y183.404 E34.2436
G1 F1209.7 X141.808 Y183.768 E34.26059
G1 F1052.6 X141.489 Y185.087 E34.32491
G1 F1138.5 X141.17 Y186.406 E34.38437
G1 F1239.7 X140.851 Y187.725 E34.43898
G1 F1388.9 X140.477 Y189.296 E34.49699
G1 F1500 X140.373 Y189.478 E34.50397
G1 F1209.7 X140.093 Y189.778 E34.52089
G1 F1052.6 X139.442 Y190.972 E34.58534
G1 F1140.7 X138.791 Y192.166 E34.64482
G1 F1239.7 X138.139 Y193.36 E34.69957
G1 F1392.1 X137.383 Y194.758 E34.75653
G1 F1500 X137.252 Y194.89 E34.76272
G1 F1209.7 X136.903 Y195.108 E34.77969
G1 F1050.8 X135.966 Y196.091 E34.84417
G1 F1136.4 X135.028 Y197.074 E34.90382
G1 F1237.1 X134.091 Y198.056 E34.95856
G1 F1250 X132.926 Y199.285 E35.02614
G1 F1102.9 X132.453 Y199.429 E35.04851
G1 F1049 X131.253 Y200.159 E35.11532
G1 F1134.2 X130.052 Y200.889 E35.17714
G1 F1234.6 X128.852 Y201.62 E35.23392
G1 F1388.9 X127.573 Y202.41 E35.28792
G1 F1500 X127.397 Y202.458 E35.29399
G1 F1209.7 X126.986 Y202.473 E35.31095
G1 F1050.8 X125.644 Y202.865 E35.37733
G1 F1134.2 X124.303 Y203.257 E35.43878
G1 F1232 X122.961 Y203.65 E35.49541
G1 F1385.7 X121.524 Y204.08 E35.54941
G1 F1500 X121.373 Y204.082 E35.55444
G1 F1207.2 X120.973 Y203.988 E35.57142
G1 F1041.7 X117.898 Y204.058 E35.71873
G0 F9000 X117.904 Y203.563
G1 F1041.7 X120.95 Y203.396 E35.86484
G1 F1207.2 X121.343 Y203.27 E35.88189
G1 F1385.7 X122.881 Y203.193 E35.93733
G1 F1232 X124.192 Y202.764 E35.99319
G1 F1134.2 X125.502 Y202.335 E36.05383
G1 F1050.8 X126.813 Y201.907 E36.1193
G1 F1209.7 X127.158 Y201.686 E36.1362
G1 F1388.9 X128.66 Y201.2 E36.19291
G1 F1234.6 X129.819 Y200.443 E36.24885
G1 F1134.2 X130.977 Y199.686 E36.30971
G1 F1049 X132.136 Y198.929 E36.37555
G1 F1209.7 X132.414 Y198.623 E36.3926
G1 F1382.5 X133.707 Y197.785 E36.4482
G1 F1229.5 X134.628 Y196.758 E36.50418
G1 F1132.1 X135.548 Y195.732 E36.56491
G1 F1049 X136.469 Y194.705 E36.63052
G1 F1209.7 X136.658 Y194.34 E36.64747
G1 F1388.9 X137.192 Y193.747 E36.67613
G1 F1212.1 X137.727 Y193.154 E36.70901
G1 F1105 X138.648 Y191.329 E36.80131
G1 F1043.5 X139.57 Y189.502 E36.89915
G1 F1209.7 X139.657 Y189.102 E36.91603
G1 F1388.9 X140.385 Y187.676 E36.97355
G1 F1237.1 X140.667 Y186.33 E37.02901
G1 F1136.4 X140.95 Y184.985 E37.08935
G1 F1052.6 X141.232 Y183.639 E37.15453
G1 F1209.7 X141.214 Y183.227 E37.17154
G1 F1388.9 X141.542 Y181.687 E37.2281
G1 F1232 X141.466 Y180.312 E37.28386
G1 F1132.1 X141.391 Y178.937 E37.34455
G1 F1047.1 X141.315 Y177.562 E37.41016
G1 F1204.8 X141.191 Y177.17 E37.42718
G1 F1382.5 X141.113 Y175.603 E37.4838
G1 F1229.5 X140.684 Y174.291 E37.53981
G1 F1132.1 X140.255 Y172.98 E37.6006
G1 F1047.1 X139.826 Y171.668 E37.66637
G1 F1207.2 X139.603 Y171.322 E37.68338
G1 F1385.7 X139.12 Y169.824 E37.74005
G1 F1232 X138.373 Y168.681 E37.79534
G1 F1132.1 X137.626 Y167.537 E37.85555
G1 F1049 X136.879 Y166.394 E37.9205
G1 F1209.7 X136.573 Y166.116 E37.93755
G1 F1382.5 X135.706 Y164.777 E37.99511
G1 F1229.5 X134.671 Y163.849 E38.05152
G1 F1132.1 X133.636 Y162.922 E38.11275
G1 F1049 X132.601 Y161.994 E38.17887
G1 F1209.7 X132.236 Y161.804 E38.19584
G1 F1385.7 X131.093 Y160.772 E38.25129
G1 F1232 X129.878 Y160.156 E38.30645
G1 F1132.1 X128.663 Y159.541 E38.36646
G1 F1049 X127.448 Y158.925 E38.43125
G1 F1209.7 X127.045 Y158.837 E38.44826
G1 F1382.5 X125.603 Y158.101 E38.50669
G1 F1224.5 X124.266 Y157.82 E38.56235
G1 F1132.1 X122.93 Y157.539 E38.62252
G1 F1049 X121.593 Y157.258 E38.6875
G1 F1209.7 X121.181 Y157.277 E38.70451
G1 F1382.5 X119.612 Y156.942 E38.76241
G1 F1227 X118.236 Y157.017 E38.81844
G1 F1127.8 X116.86 Y157.093 E38.8794
G1 F1045.3 X115.484 Y157.168 E38.94517
G1 F1204.8 X115.09 Y157.293 E38.96229
G1 F1382.5 X113.519 Y157.371 E39.01905
G1 F1229.5 X112.227 Y157.794 E39.07421
G1 F1132.1 X110.936 Y158.216 E39.13407
G1 F1047.1 X109.644 Y158.639 E39.19884
G1 F1207.2 X109.297 Y158.861 E39.21587
G1 F1382.5 X107.743 Y159.363 E39.2748
G1 F1227 X106.601 Y160.109 E39.33026
G1 F1132.1 X105.459 Y160.855 E39.39038
G1 F1049 X104.317 Y161.601 E39.45526
G1 F1209.7 X104.041 Y161.905 E39.47219
G1 F1382.5 X102.693 Y162.778 E39.53015
G1 F1229.5 X101.767 Y163.812 E39.58647
G1 F1132.1 X100.841 Y164.846 E39.64764
G1 F1049 X99.915 Y165.88 E39.71366
G1 F1209.7 X99.726 Y166.245 E39.73061
G1 F1382.5 X98.695 Y167.387 E39.78613
G1 F1227 X98.079 Y168.601 E39.84148
G1 F1132.1 X97.464 Y169.814 E39.90142
G1 F1049 X96.848 Y171.028 E39.96617
G1 F1209.7 X96.76 Y171.431 E39.98318
G1 F1382.5 X96.017 Y172.886 E40.04213
G1 F1227 X95.733 Y174.239 E40.09835
G1 F1132.1 X95.448 Y175.593 E40.15932
G1 F1049 X95.164 Y176.946 E40.22508
G1 F1209.7 X95.183 Y177.357 E40.24205
G1 F1385.7 X94.859 Y178.872 E40.29783
G1 F1232 X94.935 Y180.247 E40.35359
G1 F1132.1 X95.01 Y181.622 E40.41428
G1 F1049 X95.086 Y182.997 E40.47978
G1 F1209.7 X95.211 Y183.389 E40.49674
G1 F1385.7 X95.291 Y184.961 E40.55342
G1 F1229.5 X95.717 Y186.262 E40.60897
G1 F1132.1 X96.142 Y187.563 E40.66928
G1 F1045.3 X96.568 Y188.864 E40.73462
G1 F1204.8 X96.79 Y189.211 E40.75168
G1 F1382.5 X97.283 Y190.737 E40.80955
G1 F1227 X98.034 Y191.887 E40.8654
G1 F1129.9 X98.784 Y193.036 E40.92598
G1 F1047.1 X99.535 Y194.186 E40.99142
G1 F1207.2 X99.839 Y194.462 E41.00839
G1 F1385.7 X100.699 Y195.791 E41.06538
G1 F1232 X101.734 Y196.719 E41.12167
G1 F1134.2 X102.769 Y197.647 E41.18282
G1 F1050.8 X103.804 Y198.575 E41.24882
G1 F1209.7 X104.168 Y198.763 E41.26572
G1 F1385.7 X105.307 Y199.792 E41.32098
G1 F1232 X106.539 Y200.416 E41.37691
G1 F1134.2 X107.771 Y201.04 E41.43765
G1 F1050.8 X109.003 Y201.664 E41.50322
G1 F1209.7 X109.405 Y201.752 E41.52019
G1 F1385.7 X110.802 Y202.466 E41.57668
G1 F1232 X112.17 Y202.753 E41.63328
G1 F1136.4 X113.539 Y203.04 E41.69469
G1 F1052.6 X114.907 Y203.327 E41.76094
G1 F1209.7 X115.315 Y203.309 E41.77778
G1 F1388.9 X116.792 Y203.624 E41.83203
G1 F1171.9 X117.904 Y203.563 E41.87944
G0 F9000 X117.883 Y203.261
G0 X121.367 Y203.01
G0 X121.414 Y203.673
G1 F1456.3 X121.457 Y203.671 E41.88092
G0 F9000 X121.41 Y203.007
G0 X127.125 Y201.423
G0 X127.341 Y202.049
G1 F1435.4 X127.405 Y202.031 E41.88323
G0 F9000 X127.188 Y201.401
G0 X132.31 Y198.383
G0 X132.682 Y198.933
G1 F1449.3 X132.716 Y198.913 E41.88459
G0 F9000 X132.342 Y198.361
G0 X136.493 Y194.138
G0 X136.993 Y194.572
G1 F1452.8 X137.05 Y194.513 E41.88741
G0 F9000 X136.32 Y193.88
G1 F1500 E35.38741
;MESH:NONMESH
G0 F300 X136.32 Y193.88 Z2.6
G0 F9000 X128.138 Y159.567
G0 X129.384 Y157.367
G0 X144.297 Y108.153
G0 X179.603 Y108.153
G0 X179.603 Y105.847
G0 X146.603 Y80.847
G0 X120.91 Y79.184
G0 X117.5 Y77.943
;TIME_ELAPSED:5360.358635
;LAYER:12
;TYPE:WALL-INNER
;MESH:wheel(3).stl
G1 F1500 E41.88741
G1 X120.872 Y77.916 E41.99956
G1 X127.012 Y76.222 E42.21141
G1 X132.499 Y72.994 E42.42315
G1 X136.969 Y68.455 E42.63503
G1 X140.111 Y62.912 E42.84695
G1 X141.707 Y56.749 E43.05869
G1 X141.656 Y50.384 E43.2704
G1 X139.962 Y44.244 E43.48225
G1 X136.734 Y38.757 E43.69399
G1 X132.195 Y34.287 E43.90587
G1 X126.652 Y31.145 E44.11779
G1 X120.489 Y29.549 E44.32953
G1 X114.124 Y29.6 E44.54124
G1 X107.984 Y31.294 E44.75309
G1 X102.497 Y34.522 E44.96482
G1 X98.027 Y39.061 E45.17671
G1 X94.885 Y44.604 E45.38863
G1 X93.289 Y50.767 E45.60037
G1 X93.34 Y57.132 E45.81208
G1 X95.038 Y63.272 E46.02396
G1 X98.262 Y68.759 E46.23563
G1 X102.805 Y73.229 E46.44761
G1 X108.344 Y76.371 E46.65942
G1 X114.507 Y77.967 E46.87116
G1 X117.5 Y77.943 E46.97071
G0 F9000 X117.5 Y78.343
;TYPE:WALL-OUTER
G1 F1500 X120.928 Y78.316 E47.08473
G1 X127.169 Y76.594 E47.30006
G1 X132.747 Y73.312 E47.51532
G1 X137.291 Y68.698 E47.73071
G1 X140.485 Y63.064 E47.94611
G1 X142.107 Y56.799 E48.16136
G1 X142.056 Y50.328 E48.37659
G1 X140.334 Y44.087 E48.59192
G1 X137.052 Y38.509 E48.80718
G1 X132.438 Y33.965 E49.02257
G1 X126.804 Y30.771 E49.23797
G1 X120.539 Y29.149 E49.45322
G1 X114.068 Y29.2 E49.66845
G1 X107.827 Y30.922 E49.88379
G1 X102.249 Y34.204 E50.09904
G1 X97.705 Y38.818 E50.31443
G1 X94.511 Y44.452 E50.52984
G1 X92.889 Y50.717 E50.74508
G1 X92.94 Y57.188 E50.96031
G1 X94.666 Y63.429 E51.17568
G1 X97.944 Y69.007 E51.39087
G1 X102.562 Y73.551 E51.60635
G1 X108.192 Y76.745 E51.82164
G1 X114.457 Y78.367 E52.03689
G1 X117.5 Y78.343 E52.1381
G0 F9000 X117.496 Y77.636
G0 X118.084 Y77.2
;TYPE:FILL
G1 F3000 X118.735 Y77.852 E52.16875
G0 F9000 X118.055 Y77.173
G1 F3000 X118.084 Y77.2 E52.17007
G1 X121.739 Y77.2 E52.29163
G1 X121.867 Y76.723 E52.30806
G0 F9000 X121.739 Y77.2
G1 F3000 X121.625 Y77.626 E52.32273
G0 F9000 X121.566 Y77.407
G0 X124.968 Y75.6
G1 F3000 X127.674 Y75.6 E52.41273
G0 F9000 X128.467 Y75.274
G1 F3000 X137.419 Y41.866 E53.56308
G0 F9000 X137.477 Y41.648
G1 F3000 X137.419 Y41.866 E53.57058
G1 X135.405 Y38.443 E53.70268
G1 X136.108 Y38.253 E53.7269
G0 F9000 X135.405 Y38.443
G1 F3000 X135.098 Y38.523 E53.73745
G1 X132.726 Y36.193 E53.84804
G1 X132.812 Y35.878 E53.8589
G0 F9000 X132.726 Y36.193
G1 F3000 X121.867 Y76.723 E55.25448
G1 X125.176 Y75.809 E55.36866
G1 X95.5 Y46.132 E56.76455
G1 X96.39 Y42.683 E56.88302
G1 X96.8 Y42.574 E56.89713
G1 X98.112 Y40.262 E56.98555
G1 X97.683 Y39.83 E57.0058
G0 F9000 X98.112 Y40.262
G1 F3000 X131.4 Y73.547 E58.57149
G0 F9000 X131.286 Y73.351
G0 X130.654 Y72.8
G1 F3000 X132.408 Y72.8 E58.62983
G0 F9000 X132.334 Y72.726
G0 X130 Y72.148
G1 F3000 X130 Y74.232 E58.69914
G0 F9000 X129.947 Y74.139
G0 X125.771 Y76.244
G0 X125.831 Y76.464
G1 F3000 X125.176 Y75.809 E58.72995
G0 F9000 X115.53 Y77.191
G1 F3000 X115.496 Y77.313 E58.73417
G1 X110.785 Y76.097 E58.89599
G1 X111.146 Y76 E58.90842
G1 X109.637 Y76 E58.95861
G1 X109.481 Y76.583 E58.97869
G0 F9000 X109.22 Y76.516
G1 F3000 X110.785 Y76.097 E59.03257
G0 F9000 X111.146 Y76
G1 F3000 X135.978 Y69.346 E59.88762
G0 F9000 X135.833 Y69.495
G1 F3000 X103.2 Y36.861 E61.4226
G0 F9000 X101.905 Y35.566
G0 X101.741 Y35.403
G1 F3000 X103.2 Y36.861 E61.49121
G1 X103.2 Y34.646 E61.56488
G1 X102.231 Y34.907 E61.59826
G0 F9000 X101.933 Y35.209
G1 F3000 X95.2 Y60.331 E62.46331
G1 X95.2 Y61.639 E62.50681
G1 X95.329 Y61.605 E62.51125
G1 X95.2 Y61.639
G1 X94.705 Y61.77 E62.52828
G0 F9000 X94.762 Y61.97
G1 F3000 X95.149 Y60.526 E62.578
G0 F9000 X95.2 Y60.331
G1 F3000 X95.149 Y60.526 E62.5847
G1 X93.841 Y55.79 E62.74812
G1 X94.101 Y55.72 E62.75708
G1 X94.079 Y53.198 E62.84096
G1 X94 Y53.117 E62.84473
G1 X94.079 Y53.198
G1 X118.055 Y77.173 E63.97246
G1 X115.53 Y77.191 E64.05644
G1 X127.496 Y32.535 E65.59411
G1 X129.672 Y33.765 E65.67724
G1 X129.597 Y33.785 E65.67982
G1 X132.812 Y35.878 E65.80742
G1 X132.996 Y35.189 E65.83114
G0 F9000 X132.835 Y35.352
G0 X130.537 Y33.704
G0 X130.652 Y33.503
G1 F3000 X129.672 Y33.765 E65.86488
G1 X129.597 Y33.785
G1 X96.8 Y42.574 E66.9942
G0 F9000 X96.39 Y42.683
G1 F3000 X96.007 Y42.786 E67.00739
G0 F9000 X95.788 Y43.417
G1 F3000 X95.171 Y45.804 E67.08939
G1 X95.171 Y45.805
G1 X95.5 Y46.132 E67.10482
G0 F9000 X94.987 Y45.455
G0 X94.763 Y45.396
G1 F3000 X95.171 Y45.805 E67.12404
G1 X94.223 Y49.477 E67.25017
G1 X94 Y49.536 E67.25784
G0 F9000 X94.223 Y49.477
G1 F3000 X135.098 Y38.523 E68.66532
G0 F9000 X137.551 Y40.753
G0 X137.747 Y40.639
G1 F3000 X137.477 Y41.648 E68.70006
G1 X138.717 Y43.765 E68.78166
G1 X138.946 Y43.705 E68.78954
G0 F9000 X138.717 Y43.765
G1 F3000 X94.101 Y55.72 E70.32582
G0 F9000 X93.841 Y55.79
G1 F3000 X93.411 Y55.905 E70.34063
G0 F9000 X93.64 Y55.905
G0 X93.614 Y52.5
G0 X93.383 Y52.501
G1 F3000 X94 Y53.117 E70.36962
G1 X94 Y49.536 E70.48873
G1 X93.669 Y49.625 E70.50013
G0 F9000 X93.89 Y49.683
G0 X98.4 Y40.546
G1 F3000 X98.4 Y38.968 E70.55261
G0 F9000 X98.479 Y39.047
G0 X103.2 Y34.646
G1 F3000 X119.05 Y30.4 E71.09837
G1 X115.645 Y30.4 E71.21163
G1 X104.234 Y72.991 E72.67817
G1 X102.619 Y72.074 E72.73994
G1 X102.701 Y72.05 E72.74278
G1 X99.197 Y68.595 E72.90645
G1 X99.193 Y68.62 E72.90729
G1 X98.259 Y67.03 E72.96862
G1 X98.372 Y67 E72.97251
G1 X96.907 Y64.511 E73.06857
G1 X95.832 Y63.434 E73.11919
G1 X95.329 Y61.605 E73.18228
G1 X140.4 Y49.528 E74.73423
G0 F9000 X140.8 Y49.419
G1 F3000 X141.273 Y49.293 E74.75051
G0 F9000 X141.343 Y49.549
G1 F3000 X140.4 Y48.607 E74.79484
G1 X140.4 Y49.528 E74.82547
G1 X140.8 Y49.419 E74.83926
G1 X140.8 Y52.43 E74.93941
G1 X140.777 Y52.513 E74.94227
G1 X140.8 Y55.631 E75.04598
G1 X141.616 Y55.412 E75.07408
G0 F9000 X140.8 Y55.631
G0 X140.8 Y57.49
G1 F3000 X140.88 Y57.573 E75.07792
G0 F9000 X141.303 Y57.994
G1 F3000 X140.88 Y57.573 E75.09777
G1 X139.702 Y62.137 E75.25454
G1 X140.267 Y61.985 E75.274
G0 F9000 X139.702 Y62.137
G1 F3000 X139.585 Y62.167 E75.27802
G1 X138.776 Y63.952 E75.3432
G1 X139.193 Y64.37 E75.36284
G0 F9000 X138.811 Y64.8
G1 F3000 X137.485 Y64.8 E75.40694
G0 F9000 X137.164 Y66
G1 F3000 X138.131 Y66 E75.4391
G0 F9000 X138.038 Y65.946
G0 X138.776 Y63.952
G1 F3000 X106.868 Y32.045 E76.93993
G0 F9000 X107.18 Y32
G1 F3000 X109.004 Y32 E77.0006
G0 F9000 X109.07 Y31.759
G1 F3000 X99.197 Y68.595 E78.26901
G1 X99.193 Y68.62
G1 X98.992 Y69.364 E78.29465
G0 F9000 X99.152 Y69.202
G0 X98.372 Y67
G1 F3000 X140.8 Y55.631 E79.75559
G1 X140.8 Y57.49 E79.81742
G1 X113.771 Y30.463 E81.08874
G1 X113.71 Y30.4
G1 X113.771 Y30.463 E81.09165
G1 X109.07 Y31.759 E81.25384
G1 X109.266 Y31.024 E81.27914
G0 F9000 X109.327 Y31.247
G0 X106.056 Y32.79
G0 X106 Y32.693
G1 F3000 X106 Y33.898 E81.31922
G0 F9000 X113.297 Y30.15
G0 X113.237 Y29.928
G1 F3000 X113.71 Y30.4 E81.34145
G1 X115.644 Y30.4 E81.40577
G1 X115.841 Y29.666 E81.43105
G0 F9000 X115.645 Y30.4
G0 X119.05 Y30.4
G1 F3000 X120.075 Y30.126 E81.46634
G0 F9000 X121.159 Y30.041
G0 X121.217 Y29.82
G1 F3000 X120.075 Y30.126 E81.50566
G1 X121.809 Y30.574 E81.56523
G1 X121.96 Y30.012 E81.58458
G0 F9000 X121.753 Y29.959
G1 F3000 X122.591 Y30.796 E81.62398
G1 X127.538 Y32.377 E81.79671
G1 X127.686 Y31.824 E81.81575
G0 F9000 X127.538 Y32.377
G1 F3000 X127.496 Y32.535 E81.82119
G0 F9000 X122.593 Y30.8
G0 X121.809 Y30.574
G1 F3000 X121.749 Y30.8 E81.82897
G0 F9000 X139.271 Y43.679
G0 X139.469 Y43.564
G1 F3000 X138.946 Y43.705 E81.84698
G1 X140.251 Y48.456 E82.01085
G1 X140.4 Y48.607 E82.01791
G0 F9000 X140.251 Y48.456
G1 F3000 X122.593 Y30.8 E82.84844
G1 X121.749 Y30.8 E82.87651
G1 X109.694 Y75.781 E84.42538
G1 X107.653 Y75.254 E84.49549
G1 X106.902 Y74.506 E84.53075
G1 X104.232 Y72.99 E84.63287
G1 X104.01 Y73.82 E84.66145
G0 F9000 X104.234 Y72.991
G0 X102.701 Y72.05
G1 F3000 X139.585 Y62.167 E85.93149
G0 F9000 X136.212 Y68.786
G0 X136.374 Y68.946
G1 F3000 X140.777 Y52.513 E86.49733
G1 X140.8 Y52.43
G1 X141.459 Y49.971 E86.582
G1 F1500 E80.082
G0 F9000 X141.24 Y50.03
G0 X115.496 Y77.313
G1 F1500 E86.582
G1 F3000 X115.345 Y77.881 E86.60155
G0 F9000 X115.344 Y77.653
G0 X109.637 Y76
G1 F3000 X109.694 Y75.781 E86.60908
G0 F9000 X108.861 Y76.187
G0 X108.803 Y76.406
G1 F3000 X107.653 Y75.254 E86.66322
G0 F9000 X106.902 Y74.506
G1 F3000 X96.907 Y64.511 E87.13335
G0 F9000 X95.832 Y63.434
G1 F3000 X94.912 Y62.515 E87.1766
G0 F9000 X95.132 Y62.455
G0 X97.662 Y67.128
G0 X97.464 Y67.243
G1 F3000 X98.259 Y67.03 E87.20398
G0 F9000 X102.092 Y72.095
G0 X101.931 Y72.257
G1 F3000 X102.619 Y72.074 E87.22765
G1 F1500 E80.72765
;MESH:MotorCar(1).stl
G0 F9000 X127.082 Y76.381
G0 X127.373 Y77.434
G0 X127.082 Y80.835
G0 X145.408 Y82.086
;TYPE:WALL-INNER
G1 F1500 E87.22765
G1 F1612.9 X145.339 Y82.046 E87.23012
G1 X145.339 Y82.126 E87.2326
G1 X145.408 Y82.086 E87.23506
G1 F1500 E80.73506
G0 F9000 X145.43 Y82.02
G0 X145.512 Y106.938
G0 X145.948 Y106.99
G0 X145.948 Y107.25
;TYPE:WALL-OUTER
G1 F1500 E87.23506
G1 F1200 X178.698 Y107.25 E88.59665
G1 X178.698 Y106.75 E88.61744
G1 X145.948 Y106.75 E89.97902
G1 F1107 X145.741 Y106.707 E89.98855
G1 F1100.9 X145.699 Y106.544 E89.99618
G1 F1195.2 X145.698 Y82.5 E90.99981
G1 F1333.3 X145.748 Y82.086 E91.01542
G1 F1500 X145.748 Y81.7 E91.02825
G1 X145.362 Y81.7 E91.04109
G1 F1333.3 X144.948 Y81.75 E91.0567
G1 F1197.6 X117.404 Y81.751 E92.20413
G1 F1190.5 X89.86 Y81.752 E93.35844
G1 F1100.9 X89.534 Y81.793 E93.37333
G1 F1025.6 X89.241 Y81.793 E93.38758
G1 X89.241 Y82.086 E93.40183
G1 F1107 X89.198 Y82.5 E93.42059
G1 F1195.2 X89.197 Y106.544 E94.42423
G1 F1102.9 X89.155 Y106.707 E94.43184
G1 F1098.9 X88.992 Y106.749 E94.43948
G1 F1195.2 X56.198 Y106.75 E95.80835
G1 F1200 X56.198 Y107.25 E95.82914
G1 F1195.2 X89.035 Y107.248 E97.1998
G1 F1098.9 X89.362 Y107.207 E97.21476
G1 F1023.9 X89.655 Y107.207 E97.22904
G1 X89.655 Y106.914 E97.24332
G1 F1102.9 X89.697 Y106.587 E97.25823
G1 F1195.2 X89.698 Y82.5 E98.26366
G1 F1107 X89.741 Y82.293 E98.27319
G1 F1100.9 X89.904 Y82.251 E98.28081
G1 F1190.5 X117.426 Y82.25 E99.4342
G1 F1197.6 X144.948 Y82.25 E100.58072
G1 F1200 X145.198 Y82.5 E100.59542
G1 F1195.2 X145.2 Y106.587 E101.60085
G1 F1100.9 X145.241 Y106.914 E101.61578
G1 F1025.6 X145.241 Y107.207 E101.63003
G1 X145.534 Y107.207 E101.64429
G1 F1107 X145.948 Y107.25 E101.66304
G1 F1500 E95.16304
G0 F9000 X145.948 Y106.99
G0 X145.43 Y107.07
G0 X145.43 Y108.165
G0 X145.52 Y126.785
G0 X145.198 Y153.25
G1 F1500 E101.66304
G1 F1200 X145.198 Y128.5 E102.69203
G1 F1088.9 X145.249 Y128.049 E102.71282
G1 F996.7 X145.249 Y127.749 E102.72784
G1 X145.549 Y127.749 E102.74286
G1 F1060.1 X145.857 Y127.713 E102.75745
G1 F1136.4 X178.685 Y127.711 E104.19871
G1 F1140.7 X178.685 Y128.237 E104.22172
G1 F1136.4 X145.902 Y128.238 E105.661
G1 F1060.1 X145.748 Y128.274 E105.66845
G1 F1088.9 X145.698 Y128.5 E105.67905
G1 F1200 X145.698 Y153.25 E106.70804
G1 X145.198 Y153.25 E106.72882
G1 F1500 E100.22882
G0 F9000 X145.43 Y153.02
G0 X145.38 Y128.02
G0 X144.285 Y128.02
G0 X90.615 Y128.02
G0 X89.397 Y128.049
;TYPE:WALL-INNER
G1 F1500 E106.72882
G1 F1492.5 X89.322 Y128.006 E106.73171
G1 X89.322 Y128.092 E106.73459
G1 X89.397 Y128.049 E106.73748
G1 F1500 E100.23748
G0 F9000 X89.43 Y128.02
G0 X89.47 Y153.02
G0 X89.698 Y153.25
;TYPE:WALL-OUTER
G1 F1500 E106.73748
G1 F1200 X89.698 Y128.5 E107.76646
G1 F1333.3 X89.748 Y128.049 E107.78344
G1 F1500 X89.748 Y127.648 E107.79678
G1 X89.347 Y127.648 E107.81012
G1 F1295.9 X88.948 Y127.711 E107.82567
G1 F1140.7 X56.211 Y127.711 E109.25749
G1 X56.211 Y128.237 E109.28049
G1 X88.948 Y128.237 E110.71231
G1 F1169.6 X89.198 Y128.5 E110.72779
G1 F1200 X89.198 Y153.25 E111.75678
G1 X89.698 Y153.25 E111.77757
G1 F1500 E105.27757
;MESH:wheel(3).stl(1)
G0 F9000 X89.47 Y153.02
G0 X89.526 Y154.165
G0 X97.814 Y164.716
G0 X98.594 Y165.483
G0 X117.891 Y204.162
G0 X117.892 Y204.47
;TYPE:WALL-INNER
G1 F1500 E111.77757
G1 X121.576 Y204.44 E111.9001
G1 X127.716 Y202.746 E112.11195
G1 X133.203 Y199.518 E112.32368
G1 X137.673 Y194.979 E112.53557
G1 X140.815 Y189.436 E112.74749
G1 X142.411 Y183.273 E112.95923
G1 X142.36 Y176.908 E113.17094
G1 X140.666 Y170.768 E113.38279
G1 X137.438 Y165.281 E113.59452
G1 X132.895 Y160.811 E113.8065
G1 X127.356 Y157.669 E114.01831
G1 X121.193 Y156.073 E114.23005
G1 X114.824 Y156.124 E114.44189
G1 X108.688 Y157.818 E114.65361
G1 X103.201 Y161.046 E114.86535
G1 X98.731 Y165.585 E115.07723
G1 X95.589 Y171.128 E115.28915
G1 X93.993 Y177.291 E115.50089
G1 X94.044 Y183.656 E115.7126
G1 X95.738 Y189.796 E115.92445
G1 X98.966 Y195.283 E116.13619
G1 X103.505 Y199.753 E116.34807
G1 X109.048 Y202.895 E116.55999
G1 X115.211 Y204.491 E116.77173
G1 X117.892 Y204.47 E116.86091
G0 F9000 X117.887 Y204.87
;TYPE:WALL-OUTER
G1 F1500 X121.632 Y204.84 E116.98547
G1 X127.873 Y203.118 E117.2008
G1 X133.451 Y199.836 E117.41606
G1 X137.995 Y195.222 E117.63145
G1 X141.189 Y189.588 E117.84685
G1 X142.811 Y183.323 E118.0621
G1 X142.76 Y176.852 E118.27733
G1 X141.038 Y170.611 E118.49267
G1 X137.756 Y165.033 E118.70792
G1 X133.138 Y160.489 E118.9234
G1 X127.508 Y157.295 E119.13869
G1 X121.243 Y155.673 E119.35394
G1 X114.768 Y155.724 E119.56931
G1 X108.531 Y157.446 E119.78451
G1 X102.953 Y160.728 E119.99977
G1 X98.409 Y165.342 E120.21516
G1 X95.215 Y170.976 E120.43056
G1 X93.593 Y177.241 E120.64581
G1 X93.644 Y183.712 E120.86104
G1 X95.366 Y189.953 E121.07637
G1 X98.648 Y195.531 E121.29163
G1 X103.262 Y200.075 E121.50702
G1 X108.896 Y203.269 E121.72242
G1 X115.161 Y204.891 E121.93767
G1 X117.887 Y204.87 E122.02834
G0 F9000 X117.883 Y204.163
G0 X118.665 Y203.6
;TYPE:FILL
G1 F3000 X119.441 Y204.377 E122.06486
G0 F9000 X119.44 Y204.15
G0 X118.635 Y203.573
G1 F3000 X118.665 Y203.6 E122.0662
G1 X122.475 Y203.6 E122.19293
G1 X122.478 Y203.595 E122.19312
G1 X122.475 Y203.6
G1 X122.329 Y204.149 E122.21201
G0 F9000 X122.27 Y203.931
G0 X126.137 Y202.587
G1 F3000 X126.208 Y202.658 E122.21535
G0 F9000 X126.536 Y202.987
G1 F3000 X126.208 Y202.658 E122.2308
G1 X129.253 Y201.492 E122.33925
G1 X129.171 Y201.797 E122.34976
G0 F9000 X129.253 Y201.492
G1 F3000 X138.173 Y168.199 E123.49614
G1 X138.191 Y168.135
G1 X138.173 Y168.199 E123.49835
G1 X139.402 Y170.294 E123.57914
G1 X139.566 Y170.252 E123.58477
G1 X139.402 Y170.294
G1 X94.902 Y182.218 E125.11706
G0 F9000 X94.598 Y182.3
G1 F3000 X94.115 Y182.429 E125.13369
G0 F9000 X94.344 Y182.428
G0 X94.885 Y179.822
G1 F3000 X118.635 Y203.573 E126.25084
G1 X116.267 Y203.589 E126.3296
G1 X128.148 Y159.25 E127.85635
G1 X130.106 Y160.362 E127.93124
G1 X97.638 Y169.062 E129.04923
G0 F9000 X97.192 Y169.182
G1 F3000 X96.711 Y169.31 E129.06578
G0 F9000 X96.659 Y169.647
G1 F3000 X95.948 Y172.397 E129.16025
G1 X95.948 Y172.4
G1 X96.277 Y172.726 E129.17566
G0 F9000 X95.69 Y171.977
G0 X95.467 Y171.918
G1 F3000 X95.948 Y172.4 E129.19831
G1 X95.025 Y175.975 E129.32111
G1 X94.8 Y176.034 E129.32885
G0 F9000 X95.025 Y175.975
G1 F3000 X135.951 Y165.006 E130.73809
G0 F9000 X136.293 Y164.917
G1 F3000 X135.951 Y165.006 E130.74985
G1 X133.468 Y162.575 E130.86542
G1 X133.563 Y162.223 E130.87755
G0 F9000 X133.468 Y162.575
G1 F3000 X122.478 Y203.595 E132.29
G1 X126.137 Y202.587 E132.41623
G1 X96.277 Y172.726 E133.82078
G1 X97.192 Y169.182 E133.94252
G1 X97.638 Y169.062 E133.95788
G1 X98.891 Y166.857 E134.04223
G1 X98.388 Y166.353 E134.06591
G0 F9000 X98.891 Y166.857
G1 F3000 X132.105 Y200.07 E135.62818
G0 F9000 X131.636 Y199.6
G1 F3000 X132.669 Y199.6 E135.66253
G0 F9000 X132.616 Y199.507
G0 X131.255 Y200.307
G0 X131.308 Y200.4
G1 F3000 X129.545 Y200.4 E135.72117
G0 F9000 X136.376 Y195.858
G0 X136.538 Y196.018
G1 F3000 X102.446 Y161.926 E137.32475
G0 F9000 X102.635 Y161.735
G1 F3000 X95.878 Y186.949 E138.19297
G1 X94.598 Y182.3 E138.35335
G1 X94.902 Y182.218 E138.36382
G1 X94.885 Y179.822 E138.44351
G1 X94.8 Y179.734 E138.44758
G0 F9000 X94.317 Y179.022
G0 X94.087 Y179.023
G1 F3000 X94.8 Y179.734 E138.48107
G1 X94.8 Y176.034 E138.60413
G1 X94.372 Y176.149 E138.61887
G0 F9000 X94.593 Y176.207
G0 X99.2 Y167.164
G1 F3000 X99.2 Y165.394 E138.67775
G0 F9000 X99.279 Y165.472
G0 X103.098 Y161.592
G0 X102.935 Y161.431
G1 F3000 X120.215 Y156.8 E139.27276
G1 X116.381 Y156.8 E139.40028
G1 X116.33 Y156.987 E139.40673
G1 X114.494 Y157.003 E139.4678
G1 X114.362 Y156.873 E139.47396
G1 X114.494 Y157.003
G1 X141.472 Y183.981 E140.74292
G0 F9000 X141.638 Y184.15
G1 F3000 X142.007 Y184.517 E140.76023
G0 F9000 X141.787 Y184.459
G0 X141.6 Y182.13
G1 F3000 X98.947 Y193.558 E142.22891
G1 X98.866 Y193.581
G1 X98.168 Y193.767 E142.25294
G0 F9000 X98.365 Y193.653
G0 X99.901 Y195.117
G1 F3000 X109.814 Y158.125 E143.52671
G0 F9000 X109.741 Y158.4
G1 F3000 X108.094 Y158.4 E143.58149
G0 F9000 X107.573 Y158.568
G1 F3000 X139.47 Y190.462 E145.08175
G0 F9000 X139.898 Y190.893
G1 F3000 X139.47 Y190.462 E145.10196
G1 X140.32 Y188.683 E145.16753
G1 X140.478 Y188.641 E145.17297
G1 X141.638 Y184.15 E145.32724
G1 X141.472 Y183.981 E145.33512
G1 X141.732 Y182.094 E145.39848
G1 X142.32 Y181.936 E145.41873
G0 F9000 X141.732 Y182.094
G1 F3000 X141.6 Y182.13 E145.42328
G1 X141.6 Y178.586 E145.54115
G1 X141.794 Y177.867 E145.56592
G0 F9000 X141.6 Y178.586
G1 F3000 X137.077 Y195.471 E146.14732
G0 F9000 X136.682 Y195.87
G1 F3000 X112.315 Y202.4 E146.98637
G0 F9000 X111.445 Y202.633
G1 F3000 X109.925 Y203.04 E147.0387
G0 F9000 X110.184 Y203.108
G1 F3000 X110.374 Y202.4 E147.06308
G1 X112.315 Y202.4 E147.12764
G1 X111.445 Y202.633 E147.1576
G1 X116.194 Y203.857 E147.32071
G1 X116.267 Y203.589 E147.32995
G0 F9000 X116.194 Y203.857
G1 F3000 X116.048 Y204.404 E147.34878
G0 F9000 X116.047 Y204.177
G0 X110.374 Y202.4
G1 F3000 X110.383 Y202.359 E147.35018
G0 F9000 X109.568 Y202.712
G0 X109.51 Y202.932
G1 F3000 X108.437 Y201.858 E147.40067
G0 F9000 X107.411 Y200.834
G1 F3000 X97.268 Y190.691 E147.87777
G0 F9000 X96.598 Y190.018
G1 F3000 X95.611 Y189.032 E147.92417
G0 F9000 X95.464 Y188.498
G1 F3000 X95.878 Y186.949 E147.9775
G0 F9000 X96.076 Y188.116
G1 F3000 X95.407 Y188.295 E148.00053
G0 F9000 X95.63 Y188.235
G0 X99.862 Y195.271
G1 F3000 X99.696 Y195.888 E148.02178
G0 F9000 X99.855 Y195.727
G0 X102.794 Y198.619
G0 X102.633 Y198.782
G1 F3000 X103.407 Y198.574 E148.04844
G1 X99.901 Y195.117 E148.2122
G1 X99.862 Y195.271 E148.21749
G1 X98.866 Y193.581 E148.28273
G1 X98.947 Y193.558 E148.28553
G1 X97.268 Y190.691 E148.39604
G1 X96.598 Y190.018 E148.42762
G1 X96.076 Y188.116 E148.49322
G1 X141.2 Y176.025 E150.047
G1 X141.282 Y176.003
G1 X141.2 Y176.025 E150.04982
G1 X141.2 Y175.226 E150.0764
G1 X142.046 Y176.071 E150.11617
G0 F9000 X141.976 Y175.817
G1 F3000 X141.282 Y176.003 E150.14006
G1 X141.794 Y177.867 E150.20436
G1 X142.162 Y176.493 E150.25167
G0 F9000 X141.943 Y176.552
G0 X141.2 Y175.226
G1 F3000 X140.839 Y174.863 E150.26869
G1 X139.566 Y170.252 E150.42779
G1 X140.172 Y170.088 E150.44867
G0 F9000 X139.974 Y170.203
G0 X138.253 Y167.277
G0 X138.451 Y167.162
G1 F3000 X138.191 Y168.135 E150.48217
G1 X136.293 Y164.917 E150.60643
G1 X136.812 Y164.777 E150.62431
G0 F9000 X136.651 Y164.94
G0 X133.538 Y161.876
G0 X133.699 Y161.714
G1 F3000 X133.563 Y162.223 E150.64183
G1 X130.601 Y160.229 E150.76059
G1 X131.354 Y160.028 E150.78652
G0 F9000 X130.601 Y160.229
G1 F3000 X130.106 Y160.362 E150.80356
G0 F9000 X128.148 Y159.25
G1 F3000 X128.235 Y158.925 E150.81475
G0 F9000 X128.389 Y158.348
G1 F3000 X128.235 Y158.925 E150.83462
G1 X123.243 Y157.267 E151.00957
G1 X123.175 Y157.2 E151.01274
G1 X122.485 Y157.2 E151.03569
G1 X110.383 Y202.359 E152.59069
G1 X108.437 Y201.858 E152.65752
G1 X107.411 Y200.834 E152.70574
G1 X104.954 Y199.439 E152.79971
G1 X104.713 Y200.345 E152.83089
G0 F9000 X104.956 Y199.442
G0 X103.417 Y198.573
G1 F3000 X103.407 Y198.574 E152.83122
G1 F1500 E146.33122
G0 F9000 X137.793 Y192.8
G1 F1500 E152.83122
G1 F3000 X138.678 Y192.8 E152.86066
G0 F9000 X138.585 Y192.746
G0 X138.114 Y191.6
G1 F3000 X139.358 Y191.6 E152.90204
G0 F9000 X139.265 Y191.546
G0 X140.32 Y188.683
G1 F3000 X103.417 Y198.573 E154.17275
G1 X104.956 Y199.442 E154.23153
G1 X116.33 Y156.987 E155.69339
G1 X116.381 Y156.8
G1 X116.544 Y156.19 E155.71439
G0 F9000 X116.545 Y156.42
G0 X114.002 Y156.673
G0 X113.942 Y156.452
G1 F3000 X114.362 Y156.873 E155.73417
G1 X109.814 Y158.125 E155.89106
G1 X109.969 Y157.547 E155.91096
G0 F9000 X110.03 Y157.771
G0 X106.856 Y159.258
G0 X106.8 Y159.161
G1 F3000 X106.8 Y160.397 E155.95207
G0 F9000 X105.255 Y160.198
G0 X105.2 Y160.102
G1 F3000 X105.2 Y160.825 E155.97612
G0 F9000 X120.215 Y156.8
G1 F3000 X120.647 Y156.685 E155.99099
G0 F9000 X121.863 Y156.566
G0 X121.921 Y156.344
G1 F3000 X120.647 Y156.685 E156.03486
G1 X122.494 Y157.167 E156.09834
G1 X122.663 Y156.535 E156.1201
G0 F9000 X122.46 Y156.484
G1 F3000 X123.175 Y157.2 E156.15376
G1 X123.243 Y157.267
G1 X140.839 Y174.863 E156.98142
G0 F9000 X140.752 Y188.451
G0 X140.972 Y188.509
G1 F3000 X140.478 Y188.641 E156.99843
G1 F1500 E150.49843
G0 F9000 X122.485 Y157.2
G1 F1500 E156.99843
G1 F3000 X122.494 Y157.167 E156.99956
G1 F1500 E150.49956
;MESH:NONMESH
G0 F300 X122.494 Y157.167 Z2.8
G0 F9000 X121.216 Y155.902
G0 X121.207 Y154.809
G0 X144.297 Y108.153
G0 X179.603 Y108.153
G0 X179.603 Y105.847
G0 X146.603 Y80.847
G0 X120.595 Y79.186
G0 X120.586 Y78.111
G0 X117.499 Y77.636
G0 X117.5 Y77.943
;TIME_ELAPSED:5497.362650
;LAYER:13
;TYPE:WALL-INNER
;MESH:wheel(3).stl
G1 F1500 E156.99956
G1 X120.872 Y77.916 E157.11172
G1 X127.012 Y76.222 E157.32357
G1 X132.499 Y72.994 E157.53531
G1 X136.969 Y68.455 E157.74719
G1 X140.111 Y62.912 E157.95911
G1 X141.707 Y56.749 E158.17085
G1 X141.656 Y50.384 E158.38256
G1 X139.962 Y44.244 E158.59441
G1 X136.734 Y38.757 E158.80614
G1 X132.195 Y34.287 E159.01803
G1 X126.652 Y31.145 E159.22995
G1 X120.489 Y29.549 E159.44169
G1 X114.124 Y29.6 E159.6534
G1 X107.984 Y31.294 E159.86525
G1 X102.497 Y34.522 E160.07698
G1 X98.027 Y39.061 E160.28887
G1 X94.885 Y44.604 E160.50079
G1 X93.289 Y50.767 E160.71253
G1 X93.34 Y57.132 E160.92424
G1 X95.038 Y63.272 E161.13612
G1 X98.262 Y68.759 E161.34779
G1 X102.805 Y73.229 E161.55977
G1 X108.344 Y76.371 E161.77157
G1 X114.507 Y77.967 E161.98332
G1 X117.5 Y77.943 E162.08287
G0 F9000 X117.5 Y78.343
;TYPE:WALL-OUTER
G1 F1500 X120.928 Y78.316 E162.19689
G1 X127.169 Y76.594 E162.41222
G1 X132.747 Y73.312 E162.62748
G1 X137.291 Y68.698 E162.84287
G1 X140.485 Y63.064 E163.05827
G1 X142.107 Y56.799 E163.27352
G1 X142.056 Y50.328 E163.48875
G1 X140.334 Y44.087 E163.70408
G1 X137.052 Y38.509 E163.91934
G1 X132.438 Y33.965 E164.13473
G1 X126.804 Y30.771 E164.35013
G1 X120.539 Y29.149 E164.56538
G1 X114.068 Y29.2 E164.78061
G1 X107.827 Y30.922 E164.99594
G1 X102.249 Y34.204 E165.2112
G1 X97.705 Y38.818 E165.42659
G1 X94.511 Y44.452 E165.642
G1 X92.889 Y50.717 E165.85724
G1 X92.94 Y57.188 E166.07247
G1 X94.666 Y63.429 E166.28784
G1 X97.944 Y69.007 E166.50303
G1 X102.562 Y73.551 E166.71851
G1 X108.192 Y76.745 E166.9338
G1 X114.457 Y78.367 E167.14905
G1 X117.5 Y78.343 E167.25026
G0 F9000 X117.5 Y77.581
;TYPE:SKIN
G1 F1500 X114.549 Y77.603 E167.34842
G1 X108.48 Y76.033 E167.55692
G1 X103.026 Y72.939 E167.76547
G1 X98.544 Y68.531 E167.97456
G1 X95.37 Y63.129 E168.18295
G1 X93.7 Y57.08 E168.39167
G1 X93.649 Y50.809 E168.60025
G1 X95.219 Y44.74 E168.80875
G1 X98.318 Y39.282 E169.0175
G1 X102.721 Y34.804 E169.22638
G1 X108.123 Y31.626 E169.43484
G1 X114.172 Y29.96 E169.64352
G1 X120.443 Y29.909 E169.8521
G1 X126.512 Y31.479 E170.0606
G1 X131.974 Y34.577 E170.26945
G1 X136.448 Y38.981 E170.47826
G1 X139.626 Y44.383 E170.68671
G1 X141.296 Y50.432 E170.89543
G1 X141.343 Y56.703 E171.10401
G1 X139.772 Y62.772 E171.31252
G1 X136.678 Y68.234 E171.52131
G1 X132.271 Y72.708 E171.73018
G1 X126.869 Y75.886 E171.93864
G1 X120.82 Y77.556 E172.14736
G1 X117.5 Y77.581 E172.25778
G0 F9000 X117.501 Y77.844
G0 X120.849 Y77.755
G0 X126.948 Y76.072
G0 X131.205 Y73.639
G0 X130.972 Y73.24
G1 F1500 X137.062 Y67.15 E172.54424
G0 F9000 X137.463 Y67.378
G0 X138.202 Y66.075
G0 X137.8 Y65.846
G1 F1500 X129.599 Y74.048 E172.93001
G0 F9000 X129.832 Y74.446
G0 X128.458 Y75.255
G0 X128.225 Y74.856
G1 F1500 X138.538 Y64.543 E173.4151
G0 F9000 X138.94 Y64.772
G0 X139.679 Y63.469
G0 X139.276 Y63.239
G1 F1500 X126.851 Y75.664 E173.99954
G0 F9000 X126.043 Y75.906
G1 F1500 X139.7 Y62.249 E174.64192
G0 F9000 X139.898 Y61.486
G1 F1500 X125.262 Y76.122 E175.33035
G0 F9000 X124.48 Y76.338
G1 F1500 X140.096 Y60.723 E176.06486
G0 F9000 X140.294 Y59.959
G1 F1500 X123.699 Y76.554 E176.84544
G0 F9000 X122.917 Y76.77
G1 F1500 X140.491 Y59.196 E177.67206
G0 F9000 X140.689 Y58.432
G1 F1500 X122.136 Y76.986 E178.54476
G0 F9000 X121.354 Y77.201
G1 F1500 X140.887 Y57.669 E179.46351
G0 F9000 X141.084 Y56.906
G1 F1500 X120.632 Y77.357 E180.42549
G0 F9000 X120.062 Y77.362
G1 F1500 X141.14 Y56.284 E181.41693
G0 F9000 X141.136 Y55.723
G1 F1500 X119.493 Y77.366 E182.43495
G0 F9000 X118.923 Y77.37
G1 F1500 X141.131 Y55.161 E183.47957
G0 F9000 X141.127 Y54.6
G1 F1500 X118.353 Y77.374 E184.55079
G0 F9000 X117.783 Y77.379
G1 F1500 X141.123 Y54.039 E185.64863
G0 F9000 X141.119 Y53.477
G1 F1500 X117.213 Y77.383 E186.7731
G0 F9000 X116.642 Y77.388
G1 F1500 X141.114 Y52.916 E187.92419
G0 F9000 X141.11 Y52.354
G1 F1500 X116.072 Y77.392 E189.1019
G0 F9000 X115.502 Y77.396
G1 F1500 X141.106 Y51.793 E190.30621
G0 F9000 X141.102 Y51.231
G1 F1500 X114.932 Y77.401 E191.53716
G0 F9000 X114.407 Y77.36
G1 F1500 X141.098 Y50.67 E192.7926
G0 F9000 X141.019 Y50.183
G1 F1500 X113.958 Y77.244 E194.06547
G0 F9000 X113.508 Y77.128
G1 F1500 X140.897 Y49.739 E195.35376
G0 F9000 X140.774 Y49.296
G1 F1500 X113.059 Y77.012 E196.65742
G0 F9000 X112.61 Y76.895
G1 F1500 X140.652 Y48.853 E197.97643
G0 F9000 X140.53 Y48.409
G1 F1500 X112.16 Y76.779 E199.31086
G0 F9000 X111.711 Y76.662
G1 F1500 X140.407 Y47.966 E200.66064
G0 F9000 X140.285 Y47.523
G1 F1500 X111.261 Y76.546 E202.02581
G0 F9000 X110.811 Y76.43
G1 F1500 X140.162 Y47.08 E203.40637
G0 F9000 X140.04 Y46.637
G1 F1500 X110.362 Y76.314 E204.80231
G0 F9000 X109.913 Y76.198
G1 F1500 X139.917 Y46.193 E206.21363
G0 F9000 X139.795 Y45.75
G1 F1500 X109.463 Y76.082 E207.64035
G0 F9000 X109.014 Y75.965
G1 F1500 X139.673 Y45.306 E209.08246
G0 F9000 X139.55 Y44.863
G1 F1500 X108.564 Y75.849 E210.53994
G0 F9000 X108.201 Y75.646
G1 F1500 X139.42 Y44.428 E212.00837
G0 F9000 X139.21 Y44.072
G1 F1500 X107.841 Y75.441 E213.48387
G0 F9000 X107.48 Y75.236
G1 F1500 X139.001 Y43.715 E214.96652
G0 F9000 X138.791 Y43.36
G1 F1500 X107.119 Y75.032 E216.45627
G0 F9000 X106.758 Y74.827
G1 F1500 X138.582 Y43.003 E217.95318
G0 F9000 X138.372 Y42.647
G1 F1500 X106.397 Y74.622 E219.45718
G0 F9000 X106.036 Y74.417
G1 F1500 X138.162 Y42.291 E220.96829
G0 F9000 X137.953 Y41.935
G1 F1500 X105.676 Y74.212 E222.4865
G0 F9000 X105.314 Y74.008
G1 F1500 X137.744 Y41.579 E224.01189
G0 F9000 X137.534 Y41.223
G1 F1500 X104.954 Y73.803 E225.54435
G0 F9000 X104.593 Y73.598
G1 F1500 X137.324 Y40.867 E227.08392
G0 F9000 X137.115 Y40.51
G1 F1500 X104.232 Y73.393 E228.63063
G0 F9000 X103.871 Y73.188
G1 F1500 X136.905 Y40.154 E230.18445
G0 F9000 X136.696 Y39.798
G1 F1500 X103.51 Y72.984 E231.74542
G0 F9000 X103.149 Y72.779
G1 F1500 X136.486 Y39.442 E233.31349
G0 F9000 X136.273 Y39.09
G1 F1500 X102.864 Y72.499 E234.88494
G0 F9000 X102.579 Y72.218
G1 F1500 X135.988 Y38.809 E236.4564
G0 F9000 X135.703 Y38.528
G1 F1500 X102.294 Y71.938 E238.02788
G0 F9000 X102.008 Y71.657
G1 F1500 X135.418 Y38.247 E239.59939
G0 F9000 X135.133 Y37.967
G1 F1500 X101.723 Y71.377 E241.17089
G0 F9000 X101.437 Y71.097
G1 F1500 X134.848 Y37.686 E242.74244
G0 F9000 X134.562 Y37.406
G1 F1500 X101.152 Y70.816 E244.31394
G0 F9000 X100.867 Y70.535
G1 F1500 X134.277 Y37.125 E245.88545
G0 F9000 X133.992 Y36.845
G1 F1500 X100.582 Y70.255 E247.45695
G0 F9000 X100.297 Y69.975
G1 F1500 X133.708 Y36.564 E249.0285
G0 F9000 X133.423 Y36.283
G1 F1500 X100.012 Y69.694 E250.60005
G0 F9000 X99.726 Y69.414
G1 F1500 X133.138 Y36.002 E252.17165
G0 F9000 X132.853 Y35.722
G1 F1500 X99.441 Y69.133 E253.74323
G0 F9000 X99.156 Y68.852
G1 F1500 X132.567 Y35.442 E255.31475
G0 F9000 X132.282 Y35.161
G1 F1500 X98.87 Y68.572 E256.88633
G0 F9000 X98.617 Y68.26
G1 F1500 X131.997 Y34.88 E258.45642
G0 F9000 X131.675 Y34.637
G1 F1500 X98.408 Y67.903 E260.02118
G0 F9000 X98.199 Y67.547
G1 F1500 X131.314 Y34.432 E261.5788
G0 F9000 X130.953 Y34.228
G1 F1500 X97.989 Y67.191 E263.12931
G0 F9000 X97.78 Y66.834
G1 F1500 X130.592 Y34.022 E264.67268
G0 F9000 X130.231 Y33.818
G1 F1500 X97.571 Y66.478 E266.20891
G0 F9000 X97.362 Y66.122
G1 F1500 X129.87 Y33.613 E267.73801
G0 F9000 X129.509 Y33.408
G1 F1500 X97.152 Y65.765 E269.25998
G0 F9000 X96.942 Y65.409
G1 F1500 X129.148 Y33.204 E270.77483
G0 F9000 X128.787 Y32.999
G1 F1500 X96.733 Y65.053 E272.28255
G0 F9000 X96.524 Y64.697
G1 F1500 X128.426 Y32.794 E273.78315
G0 F9000 X128.066 Y32.589
G1 F1500 X96.314 Y64.34 E275.27664
G0 F9000 X96.105 Y63.984
G1 F1500 X127.704 Y32.385 E276.76296
G0 F9000 X127.344 Y32.18
G1 F1500 X95.896 Y63.628 E278.24218
G0 F9000 X95.686 Y63.271
G1 F1500 X126.983 Y31.975 E279.71427
G0 F9000 X126.622 Y31.77
G1 F1500 X95.51 Y62.882 E281.17768
G0 F9000 X95.387 Y62.439
G1 F1500 X126.218 Y31.608 E282.62788
G0 F9000 X125.768 Y31.492
G1 F1500 X95.265 Y61.996 E284.06267
G0 F9000 X95.143 Y61.552
G1 F1500 X125.318 Y31.376 E285.48203
G0 F9000 X124.869 Y31.26
G1 F1500 X95.02 Y61.109 E286.88604
G0 F9000 X94.898 Y60.666
G1 F1500 X124.42 Y31.144 E288.27466
G0 F9000 X123.971 Y31.027
G1 F1500 X94.776 Y60.222 E289.64791
G0 F9000 X94.653 Y59.78
G1 F1500 X123.521 Y30.911 E291.00579
G0 F9000 X123.071 Y30.795
G1 F1500 X94.53 Y59.336 E292.34827
G0 F9000 X94.408 Y58.893
G1 F1500 X122.622 Y30.679 E293.67537
G0 F9000 X122.172 Y30.563
G1 F1500 X94.286 Y58.449 E294.98705
G0 F9000 X94.163 Y58.006
G1 F1500 X121.723 Y30.447 E296.28336
G0 F9000 X121.274 Y30.33
G1 F1500 X94.041 Y57.563 E297.56432
G0 F9000 X93.919 Y57.119
G1 F1500 X120.824 Y30.214 E298.82985
G0 F9000 X120.363 Y30.109
G1 F1500 X93.896 Y56.576 E300.07477
G0 F9000 X93.891 Y56.016
G1 F1500 X119.792 Y30.114 E301.2931
G0 F9000 X119.222 Y30.119
G1 F1500 X93.887 Y55.454 E302.48478
G0 F9000 X93.883 Y54.893
G1 F1500 X118.652 Y30.123 E303.64986
G0 F9000 X118.081 Y30.128
G1 F1500 X93.878 Y54.332 E304.78832
G0 F9000 X93.873 Y53.771
G1 F1500 X117.511 Y30.133 E305.90018
G0 F9000 X116.941 Y30.138
G1 F1500 X93.868 Y53.21 E306.98544
G0 F9000 X93.864 Y52.648
G1 F1500 X116.371 Y30.142 E308.04408
G0 F9000 X115.8 Y30.147
G1 F1500 X93.859 Y52.088 E309.07611
G0 F9000 X93.855 Y51.526
G1 F1500 X115.229 Y30.152 E310.08148
G0 F9000 X114.659 Y30.156
G1 F1500 X93.85 Y50.965 E311.06027
G0 F9000 X94.001 Y50.249
G1 F1500 X114.048 Y30.202 E312.00322
G0 F9000 X113.267 Y30.417
G1 F1500 X94.198 Y49.486 E312.90017
G0 F9000 X94.395 Y48.723
G1 F1500 X112.487 Y30.632 E313.75114
G0 F9000 X111.706 Y30.847
G1 F1500 X94.593 Y47.96 E314.55608
G0 F9000 X94.79 Y47.197
G1 F1500 X110.925 Y31.062 E315.31502
G0 F9000 X110.145 Y31.277
G1 F1500 X94.988 Y46.434 E316.02796
G0 F9000 X95.185 Y45.671
G1 F1500 X109.364 Y31.492 E316.6949
G0 F9000 X108.583 Y31.707
G1 F1500 X95.382 Y44.908 E317.31583
G0 F9000 X94.94 Y44.793
G0 X95.663 Y43.436
G0 X96.061 Y43.663
G1 F1500 X107.499 Y32.226 E317.85382
G0 F9000 X107.268 Y31.832
G0 X105.895 Y32.64
G0 X106.125 Y33.034
G1 F1500 X96.804 Y42.354 E318.29222
G0 F9000 X96.405 Y42.127
G0 X97.148 Y40.817
G0 X97.548 Y41.045
G1 F1500 X104.752 Y33.841 E318.63108
G0 F9000 X104.522 Y33.447
G0 X103.147 Y34.256
G0 X103.378 Y34.65
G1 F1500 X98.291 Y39.737 E318.87035
G1 F1500 E312.37035
;MESH:MotorCar(1).stl
G0 F9000 X97.89 Y39.509
G0 X95.035 Y44.664
G0 X93.45 Y50.787
G0 X93.501 Y57.109
G0 X95.188 Y63.208
G0 X98.39 Y68.659
G0 X102.903 Y73.099
G0 X108.404 Y76.221
G0 X114.527 Y77.806
G0 X120.849 Y77.755
G0 X126.948 Y76.072
G0 X132.399 Y72.866
G0 X134.489 Y71.248
G0 X135.256 Y72.002
G0 X134.489 Y80.835
G0 X145.408 Y82.086
;TYPE:WALL-INNER
G1 F1500 E318.87035
G1 F1612.9 X145.339 Y82.046 E318.87282
G1 X145.339 Y82.126 E318.8753
G1 X145.408 Y82.086 E318.87776
G1 F1500 E312.37776
G0 F9000 X145.43 Y82.02
G0 X145.512 Y106.938
G0 X145.948 Y106.99
G0 X145.948 Y107.25
;TYPE:WALL-OUTER
G1 F1500 E318.87776
G1 F1200 X178.698 Y107.25 E320.23935
G1 X178.698 Y106.75 E320.26014
G1 X145.948 Y106.75 E321.62172
G1 F1107 X145.741 Y106.707 E321.63125
G1 F1100.9 X145.699 Y106.544 E321.63888
G1 F1195.2 X145.698 Y82.5 E322.64251
G1 F1333.3 X145.748 Y82.086 E322.65812
G1 F1500 X145.748 Y81.7 E322.67095
G1 X145.362 Y81.7 E322.68379
G1 F1333.3 X144.948 Y81.75 E322.6994
G1 F1197.6 X117.404 Y81.751 E323.84683
G1 F1190.5 X89.86 Y81.752 E325.00114
G1 F1100.9 X89.534 Y81.793 E325.01603
G1 F1025.6 X89.241 Y81.793 E325.03028
G1 X89.241 Y82.086 E325.04453
G1 F1107 X89.198 Y82.5 E325.06329
G1 F1195.2 X89.197 Y106.544 E326.06693
G1 F1102.9 X89.155 Y106.707 E326.07454
G1 F1098.9 X88.992 Y106.749 E326.08218
G1 F1195.2 X56.198 Y106.75 E327.45105
G1 F1200 X56.198 Y107.25 E327.47184
G1 F1195.2 X89.035 Y107.248 E328.8425
G1 F1098.9 X89.362 Y107.207 E328.85747
G1 F1023.9 X89.655 Y107.207 E328.87174
G1 X89.655 Y106.914 E328.88602
G1 F1102.9 X89.697 Y106.587 E328.90093
G1 F1195.2 X89.698 Y82.5 E329.90636
G1 F1107 X89.741 Y82.293 E329.91589
G1 F1100.9 X89.904 Y82.251 E329.92351
G1 F1190.5 X117.426 Y82.25 E331.0769
G1 F1197.6 X144.948 Y82.25 E332.22342
G1 F1200 X145.198 Y82.5 E332.23812
G1 F1195.2 X145.2 Y106.587 E333.24355
G1 F1100.9 X145.241 Y106.914 E333.25848
G1 F1025.6 X145.241 Y107.207 E333.27273
G1 X145.534 Y107.207 E333.28699
G1 F1107 X145.948 Y107.25 E333.30574
G1 F1500 E326.80574
G0 F9000 X145.948 Y106.99
G0 X145.43 Y107.07
G0 X145.43 Y108.165
G0 X145.52 Y126.785
G0 X145.198 Y153.25
G1 F1500 E333.30574
G1 F1200 X145.198 Y128.5 E334.33473
G1 F1088.9 X145.249 Y128.049 E334.35552
G1 F996.7 X145.249 Y127.749 E334.37054
G1 X145.549 Y127.749 E334.38556
G1 F1060.1 X145.857 Y127.713 E334.40015
G1 F1136.4 X178.685 Y127.711 E335.84141
G1 F1140.7 X178.685 Y128.237 E335.86442
G1 F1136.4 X145.902 Y128.238 E337.3037
G1 F1060.1 X145.748 Y128.274 E337.31115
G1 F1088.9 X145.698 Y128.5 E337.32175
G1 F1200 X145.698 Y153.25 E338.35074
G1 X145.198 Y153.25 E338.37152
G1 F1500 E331.87152
G0 F9000 X145.43 Y153.02
G0 X145.38 Y128.02
G0 X144.285 Y128.02
G0 X90.615 Y128.02
G0 X89.397 Y128.049
;TYPE:WALL-INNER
G1 F1500 E338.37152
G1 F1492.5 X89.322 Y128.006 E338.37441
G1 X89.322 Y128.092 E338.37729
G1 X89.397 Y128.049 E338.38018
G1 F1500 E331.88018
G0 F9000 X89.43 Y128.02
G0 X89.47 Y153.02
G0 X89.698 Y153.25
;TYPE:WALL-OUTER
G1 F1500 E338.38018
G1 F1200 X89.698 Y128.5 E339.40916
G1 F1333.3 X89.748 Y128.049 E339.42614
G1 F1500 X89.748 Y127.648 E339.43948
G1 X89.347 Y127.648 E339.45282
G1 F1295.9 X88.948 Y127.711 E339.46837
G1 F1140.7 X56.211 Y127.711 E340.90019
G1 X56.211 Y128.237 E340.92319
G1 X88.948 Y128.237 E342.35501
G1 F1169.6 X89.198 Y128.5 E342.37049
G1 F1200 X89.198 Y153.25 E343.39948
G1 X89.698 Y153.25 E343.42027
G1 F1500 E336.92027
;MESH:wheel(3).stl(1)
G0 F9000 X89.47 Y153.02
G0 X89.526 Y154.165
G0 X97.815 Y164.716
G0 X117.892 Y204.47
;TYPE:WALL-INNER
G1 F1500 E343.42027
G1 X121.576 Y204.44 E343.5428
G1 X127.716 Y202.746 E343.75465
G1 X133.203 Y199.518 E343.96638
G1 X137.673 Y194.979 E344.17827
G1 X140.815 Y189.436 E344.39019
G1 X142.411 Y183.273 E344.60193
G1 X142.36 Y176.908 E344.81364
G1 X140.666 Y170.768 E345.02549
G1 X137.438 Y165.281 E345.23722
G1 X132.895 Y160.811 E345.4492
G1 X127.356 Y157.669 E345.66101
G1 X121.193 Y156.073 E345.87275
G1 X114.824 Y156.124 E346.08459
G1 X108.688 Y157.818 E346.29631
G1 X103.201 Y161.046 E346.50805
G1 X98.731 Y165.585 E346.71993
G1 X95.589 Y171.128 E346.93185
G1 X93.993 Y177.291 E347.14359
G1 X94.044 Y183.656 E347.3553
G1 X95.738 Y189.796 E347.56715
G1 X98.966 Y195.283 E347.77889
G1 X103.505 Y199.753 E347.99077
G1 X109.048 Y202.895 E348.20269
G1 X115.211 Y204.491 E348.41443
G1 X117.892 Y204.47 E348.50361
G0 F9000 X117.887 Y204.87
;TYPE:WALL-OUTER
G1 F1500 X121.632 Y204.84 E348.62817
G1 X127.873 Y203.118 E348.8435
G1 X133.451 Y199.836 E349.05876
G1 X137.995 Y195.222 E349.27415
G1 X141.189 Y189.588 E349.48955
G1 X142.811 Y183.323 E349.7048
G1 X142.76 Y176.852 E349.92003
G1 X141.038 Y170.611 E350.13537
G1 X137.756 Y165.033 E350.35062
G1 X133.138 Y160.489 E350.5661
G1 X127.508 Y157.295 E350.78139
G1 X121.243 Y155.673 E350.99664
G1 X114.768 Y155.724 E351.21201
G1 X108.531 Y157.446 E351.42721
G1 X102.953 Y160.728 E351.64247
G1 X98.409 Y165.342 E351.85786
G1 X95.215 Y170.976 E352.07326
G1 X93.593 Y177.241 E352.28851
G1 X93.644 Y183.712 E352.50374
G1 X95.366 Y189.953 E352.71907
G1 X98.648 Y195.531 E352.93433
G1 X103.262 Y200.075 E353.14972
G1 X108.896 Y203.269 E353.36512
G1 X115.161 Y204.891 E353.58037
G1 X117.887 Y204.87 E353.67104
G0 F9000 X117.897 Y204.107
;TYPE:SKIN
G1 F1500 X115.253 Y204.127 E353.75898
G1 X109.184 Y202.556 E353.96749
G1 X103.726 Y199.462 E354.17616
G1 X99.248 Y195.055 E354.38513
G1 X96.07 Y189.653 E354.59359
G1 X94.404 Y183.604 E354.80227
G1 X94.353 Y177.333 E355.01085
G1 X95.923 Y171.264 E355.21935
G1 X99.022 Y165.806 E355.42811
G1 X103.425 Y161.328 E355.63698
G1 X108.827 Y158.15 E355.84544
G1 X114.872 Y156.484 E356.05399
G1 X121.147 Y156.433 E356.26271
G1 X127.216 Y158.003 E356.47121
G1 X132.674 Y161.102 E356.67996
G1 X137.152 Y165.505 E356.88884
G1 X140.33 Y170.907 E357.09729
G1 X142 Y176.956 E357.30601
G1 X142.047 Y183.227 E357.51459
G1 X140.476 Y189.296 E357.7231
G1 X137.382 Y194.758 E357.93189
G1 X132.975 Y199.232 E358.14076
G1 X127.573 Y202.41 E358.34922
G1 X121.524 Y204.08 E358.55794
G1 X117.897 Y204.107 E358.67857
G0 F9000 X117.898 Y204.37
G0 X121.553 Y204.279
G0 X127.652 Y202.596
G0 X132.033 Y200.09
G0 X131.8 Y199.692
G1 F1500 X137.698 Y193.794 E358.956
G0 F9000 X138.099 Y194.022
G0 X138.838 Y192.718
G0 X138.437 Y192.489
G1 F1500 X130.427 Y200.499 E359.33276
G0 F9000 X130.66 Y200.897
G0 X129.286 Y201.706
G0 X129.053 Y201.308
G1 F1500 X139.175 Y191.185 E359.80889
G0 F9000 X139.577 Y191.414
G0 X140.317 Y190.11
G0 X139.914 Y189.881
G1 F1500 X127.679 Y202.115 E360.38437
G0 F9000 X126.818 Y202.411
G1 F1500 X140.385 Y188.843 E361.02254
G0 F9000 X140.583 Y188.08
G1 F1500 X126.036 Y202.627 E361.70679
G0 F9000 X125.255 Y202.843
G1 F1500 X140.781 Y187.317 E362.43708
G0 F9000 X140.979 Y186.553
G1 F1500 X124.473 Y203.058 E363.21345
G0 F9000 X123.692 Y203.274
G1 F1500 X141.177 Y185.789 E364.03589
G0 F9000 X141.374 Y185.027
G1 F1500 X122.911 Y203.49 E364.90433
G0 F9000 X122.129 Y203.705
G1 F1500 X141.572 Y184.263 E365.81885
G0 F9000 X141.769 Y183.5
G1 F1500 X121.388 Y203.882 E366.77753
G0 F9000 X120.818 Y203.886
G1 F1500 X141.844 Y182.859 E367.76656
G0 F9000 X141.84 Y182.298
G1 F1500 X120.248 Y203.89 E368.78218
G0 F9000 X119.678 Y203.894
G1 F1500 X141.836 Y181.736 E369.82442
G0 F9000 X141.831 Y181.175
G1 F1500 X119.108 Y203.898 E370.89324
G0 F9000 X118.538 Y203.903
G1 F1500 X141.827 Y180.613 E371.98871
G0 F9000 X141.823 Y180.052
G1 F1500 X117.968 Y203.907 E373.11077
G0 F9000 X117.398 Y203.911
G1 F1500 X141.819 Y179.491 E374.25944
G0 F9000 X141.814 Y178.93
G1 F1500 X116.828 Y203.915 E375.43468
G0 F9000 X116.258 Y203.92
G1 F1500 X141.81 Y178.368 E376.63657
G0 F9000 X141.805 Y177.807
G1 F1500 X115.688 Y203.924 E377.86503
G0 F9000 X115.152 Y203.894
G1 F1500 X141.801 Y177.246 E379.1185
G0 F9000 X141.734 Y176.747
G1 F1500 X114.703 Y203.778 E380.38995
G0 F9000 X114.254 Y203.662
G1 F1500 X141.612 Y176.304 E381.67679
G0 F9000 X141.489 Y175.86
G1 F1500 X113.804 Y203.546 E382.97903
G0 F9000 X113.355 Y203.429
G1 F1500 X141.367 Y175.417 E384.29663
G0 F9000 X141.245 Y174.974
G1 F1500 X112.905 Y203.313 E385.62963
G0 F9000 X112.456 Y203.196
G1 F1500 X141.122 Y174.531 E386.97797
G0 F9000 X140.999 Y174.088
G1 F1500 X112.006 Y203.08 E388.34169
G0 F9000 X111.557 Y202.964
G1 F1500 X140.877 Y173.644 E389.72081
G0 F9000 X140.755 Y173.201
G1 F1500 X111.108 Y202.848 E391.11531
G0 F9000 X110.659 Y202.731
G1 F1500 X140.632 Y172.758 E392.52515
G0 F9000 X140.51 Y172.314
G1 F1500 X110.209 Y202.615 E393.95042
G0 F9000 X109.759 Y202.499
G1 F1500 X140.388 Y171.871 E395.39109
G0 F9000 X140.265 Y171.427
G1 F1500 X109.31 Y202.382 E396.84712
G0 F9000 X108.939 Y202.188
G1 F1500 X140.142 Y170.985 E398.31481
G0 F9000 X139.933 Y170.628
G1 F1500 X108.578 Y201.983 E399.78965
G0 F9000 X108.217 Y201.779
G1 F1500 X139.723 Y170.273 E401.2716
G0 F9000 X139.514 Y169.916
G1 F1500 X107.856 Y201.574 E402.76069
G0 F9000 X107.495 Y201.369
G1 F1500 X139.304 Y169.56 E404.25689
G0 F9000 X139.095 Y169.204
G1 F1500 X107.134 Y201.164 E405.76022
G0 F9000 X106.773 Y200.96
G1 F1500 X138.885 Y168.848 E407.27067
G0 F9000 X138.676 Y168.492
G1 F1500 X106.412 Y200.755 E408.78824
G0 F9000 X106.051 Y200.55
G1 F1500 X138.466 Y168.135 E410.31294
G0 F9000 X138.257 Y167.779
G1 F1500 X105.691 Y200.345 E411.84475
G0 F9000 X105.329 Y200.141
G1 F1500 X138.047 Y167.423 E413.3837
G0 F9000 X137.838 Y167.067
G1 F1500 X104.968 Y199.937 E414.92981
G0 F9000 X104.607 Y199.732
G1 F1500 X137.628 Y166.71 E416.48304
G0 F9000 X137.418 Y166.355
G1 F1500 X104.246 Y199.527 E418.04335
G0 F9000 X103.885 Y199.322
G1 F1500 X137.209 Y165.998 E419.61081
G0 F9000 X137 Y165.642
G1 F1500 X103.593 Y199.049 E421.18217
G0 F9000 X103.307 Y198.769
G1 F1500 X136.718 Y165.358 E422.75372
G0 F9000 X136.433 Y165.078
G1 F1500 X103.022 Y198.488 E424.32525
G0 F9000 X102.737 Y198.208
G1 F1500 X136.147 Y164.798 E425.89675
G0 F9000 X135.862 Y164.517
G1 F1500 X102.451 Y197.928 E427.4683
G0 F9000 X102.166 Y197.647
G1 F1500 X135.577 Y164.236 E429.03985
G0 F9000 X135.291 Y163.956
G1 F1500 X101.881 Y197.366 E430.61136
G0 F9000 X101.596 Y197.086
G1 F1500 X135.006 Y163.675 E432.18288
G0 F9000 X134.721 Y163.395
G1 F1500 X101.311 Y196.805 E433.75439
G0 F9000 X101.026 Y196.525
G1 F1500 X134.436 Y163.115 E435.32589
G0 F9000 X134.151 Y162.834
G1 F1500 X100.741 Y196.244 E436.8974
G0 F9000 X100.456 Y195.963
G1 F1500 X133.865 Y162.554 E438.46885
G0 F9000 X133.58 Y162.273
G1 F1500 X100.17 Y195.683 E440.04036
G0 F9000 X99.885 Y195.403
G1 F1500 X133.295 Y161.993 E441.61186
G0 F9000 X133.01 Y161.712
G1 F1500 X99.6 Y195.122 E443.18337
G0 F9000 X99.34 Y194.816
G1 F1500 X132.725 Y161.432 E444.75367
G0 F9000 X132.408 Y161.183
G1 F1500 X99.13 Y194.461 E446.31896
G0 F9000 X98.921 Y194.104
G1 F1500 X132.047 Y160.978 E447.87711
G0 F9000 X131.687 Y160.773
G1 F1500 X98.711 Y193.748 E449.42818
G0 F9000 X98.502 Y193.392
G1 F1500 X131.326 Y160.568 E450.97212
G0 F9000 X130.965 Y160.363
G1 F1500 X98.292 Y193.036 E452.50895
G0 F9000 X98.083 Y192.68
G1 F1500 X130.604 Y160.158 E454.03867
G0 F9000 X130.243 Y159.953
G1 F1500 X97.873 Y192.323 E455.56125
G0 F9000 X97.663 Y191.967
G1 F1500 X129.883 Y159.748 E457.07676
G0 F9000 X129.521 Y159.544
G1 F1500 X97.454 Y191.611 E458.58509
G0 F9000 X97.245 Y191.255
G1 F1500 X129.161 Y159.339 E460.08632
G0 F9000 X128.8 Y159.134
G1 F1500 X97.036 Y190.898 E461.5804
G0 F9000 X96.826 Y190.543
G1 F1500 X128.44 Y158.929 E463.06743
G0 F9000 X128.078 Y158.724
G1 F1500 X96.616 Y190.186 E464.54731
G0 F9000 X96.407 Y189.83
G1 F1500 X127.718 Y158.519 E466.02008
G0 F9000 X127.357 Y158.314
G1 F1500 X96.222 Y189.449 E467.48457
G0 F9000 X96.099 Y189.006
G1 F1500 X126.962 Y158.143 E468.93627
G0 F9000 X126.513 Y158.027
G1 F1500 X95.978 Y188.562 E470.37255
G0 F9000 X95.855 Y188.119
G1 F1500 X126.064 Y157.91 E471.79349
G0 F9000 X125.614 Y157.794
G1 F1500 X95.733 Y187.675 E473.199
G0 F9000 X95.611 Y187.232
G1 F1500 X125.165 Y157.678 E474.58913
G0 F9000 X124.715 Y157.562
G1 F1500 X95.489 Y186.788 E475.96383
G0 F9000 X95.367 Y186.345
G1 F1500 X124.266 Y157.446 E477.32315
G0 F9000 X123.817 Y157.329
G1 F1500 X95.244 Y185.901 E478.66711
G0 F9000 X95.122 Y185.458
G1 F1500 X123.367 Y157.213 E479.99567
G0 F9000 X122.918 Y157.096
G1 F1500 X95.001 Y185.014 E481.30882
G0 F9000 X94.878 Y184.57
G1 F1500 X122.468 Y156.981 E482.60655
G0 F9000 X122.019 Y156.864
G1 F1500 X94.756 Y184.127 E483.88892
G0 F9000 X94.634 Y183.684
G1 F1500 X121.569 Y156.748 E485.15588
G0 F9000 X121.119 Y156.633
G1 F1500 X94.601 Y183.151 E486.4032
G0 F9000 X94.596 Y182.59
G1 F1500 X120.549 Y156.637 E487.62395
G0 F9000 X119.978 Y156.642
G1 F1500 X94.592 Y182.028 E488.81803
G0 F9000 X94.587 Y181.468
G1 F1500 X119.408 Y156.647 E489.98554
G0 F9000 X118.838 Y156.651
G1 F1500 X94.583 Y180.906 E491.12642
G0 F9000 X94.578 Y180.345
G1 F1500 X118.267 Y156.656 E492.24068
G0 F9000 X117.697 Y156.661
G1 F1500 X94.573 Y179.784 E493.32834
G0 F9000 X94.568 Y179.223
G1 F1500 X117.127 Y156.665 E494.38942
G0 F9000 X116.556 Y156.67
G1 F1500 X94.564 Y178.662 E495.42385
G0 F9000 X94.559 Y178.101
G1 F1500 X115.985 Y156.675 E496.43167
G0 F9000 X115.415 Y156.679
G1 F1500 X94.555 Y177.54 E497.41288
G0 F9000 X94.686 Y176.843
G1 F1500 X114.824 Y156.705 E498.36011
G0 F9000 X114.043 Y156.92
G1 F1500 X94.883 Y176.08 E499.26134
G0 F9000 X95.08 Y175.317
G1 F1500 X113.262 Y157.135 E500.11656
G0 F9000 X112.482 Y157.35
G1 F1500 X95.278 Y174.554 E500.92579
G0 F9000 X95.476 Y173.791
G1 F1500 X111.7 Y157.566 E501.68894
G0 F9000 X110.92 Y157.781
G1 F1500 X95.673 Y173.028 E502.40611
G0 F9000 X95.87 Y172.265
G1 F1500 X110.139 Y157.996 E503.07728
G0 F9000 X109.358 Y158.212
G1 F1500 X96.068 Y171.502 E503.7024
G0 F9000 X95.626 Y171.387
G0 X96.299 Y170.08
G0 X96.697 Y170.307
G1 F1500 X108.327 Y158.677 E504.24944
G0 F9000 X108.096 Y158.283
G0 X106.723 Y159.091
G0 X106.953 Y159.485
G1 F1500 X97.441 Y168.997 E504.69686
G0 F9000 X97.042 Y168.77
G0 X97.785 Y167.46
G0 X98.185 Y167.688
G1 F1500 X105.58 Y160.293 E505.04469
G0 F9000 X105.349 Y159.899
G0 X103.975 Y160.707
G0 X104.206 Y161.101
G1 F1500 X98.928 Y166.378 E505.29293
G1 F1500 E498.79293
;MESH:NONMESH
G0 F300 X98.928 Y166.378 Z3
G0 F9000 X98.527 Y166.15
G0 X98.717 Y165.885
G0 X103.095 Y160.911
G0 X102.54 Y159.969
G0 X90.603 Y108.153
G0 X55.297 Y108.153
G0 X55.297 Y105.847
G0 X88.297 Y80.847
G0 X114.212 Y79.201
G0 X117.5 Y77.943
;TIME_ELAPSED:5949.938164
;LAYER:14
;TYPE:WALL-INNER
;MESH:wheel(3).stl
G1 F1500 E505.29293
G1 X120.872 Y77.916 E505.40509
G1 X127.012 Y76.222 E505.61694
G1 X132.499 Y72.994 E505.82867
G1 X136.969 Y68.455 E506.04056
G1 X140.111 Y62.912 E506.25248
G1 X141.707 Y56.749 E506.46422
G1 X141.656 Y50.384 E506.67593
G1 X139.962 Y44.244 E506.88778
G1 X136.734 Y38.757 E507.09951
G1 X132.195 Y34.287 E507.3114
G1 X126.652 Y31.145 E507.52332
G1 X120.489 Y29.549 E507.73506
G1 X114.124 Y29.6 E507.94677
G1 X107.984 Y31.294 E508.15861
G1 X102.497 Y34.522 E508.37035
G1 X98.027 Y39.061 E508.58224
G1 X94.885 Y44.604 E508.79416
G1 X93.289 Y50.767 E509.0059
G1 X93.34 Y57.132 E509.21761
G1 X95.038 Y63.272 E509.42949
G1 X98.262 Y68.759 E509.64116
G1 X102.805 Y73.229 E509.85314
G1 X108.344 Y76.371 E510.06494
G1 X114.507 Y77.967 E510.27669
G1 X117.5 Y77.943 E510.37624
G0 F9000 X117.5 Y78.343
;TYPE:WALL-OUTER
G1 F1500 X120.928 Y78.316 E510.49026
G1 X127.169 Y76.594 E510.70559
G1 X132.747 Y73.312 E510.92085
G1 X137.291 Y68.698 E511.13623
G1 X140.485 Y63.064 E511.35164
G1 X142.107 Y56.799 E511.56688
G1 X142.056 Y50.328 E511.78212
G1 X140.334 Y44.087 E511.99745
G1 X137.052 Y38.509 E512.21271
G1 X132.438 Y33.965 E512.4281
G1 X126.804 Y30.771 E512.6435
G1 X120.539 Y29.149 E512.85875
G1 X114.068 Y29.2 E513.07398
G1 X107.827 Y30.922 E513.28931
G1 X102.249 Y34.204 E513.50457
G1 X97.705 Y38.818 E513.71996
G1 X94.511 Y44.452 E513.93536
G1 X92.889 Y50.717 E514.15061
G1 X92.94 Y57.188 E514.36584
G1 X94.666 Y63.429 E514.58121
G1 X97.944 Y69.007 E514.7964
G1 X102.562 Y73.551 E515.01188
G1 X108.192 Y76.745 E515.22717
G1 X114.457 Y78.367 E515.44242
G1 X117.5 Y78.343 E515.54363
G0 F9000 X117.5 Y77.581
;TYPE:SKIN
G1 F1500 X114.549 Y77.603 E515.64178
G1 X108.48 Y76.033 E515.85028
G1 X103.026 Y72.939 E516.05884
G1 X98.544 Y68.531 E516.26793
G1 X95.37 Y63.129 E516.47632
G1 X93.7 Y57.08 E516.68503
G1 X93.649 Y50.809 E516.89362
G1 X95.219 Y44.74 E517.10212
G1 X98.318 Y39.282 E517.31087
G1 X102.721 Y34.804 E517.51975
G1 X108.123 Y31.626 E517.7282
G1 X114.172 Y29.96 E517.93688
G1 X120.443 Y29.909 E518.14547
G1 X126.512 Y31.479 E518.35397
G1 X131.974 Y34.577 E518.56282
G1 X136.448 Y38.981 E518.77162
G1 X139.626 Y44.383 E518.98008
G1 X141.296 Y50.432 E519.1888
G1 X141.343 Y56.703 E519.39738
G1 X139.772 Y62.772 E519.60589
G1 X136.678 Y68.234 E519.81468
G1 X132.271 Y72.708 E520.02355
G1 X126.869 Y75.886 E520.23201
G1 X120.82 Y77.556 E520.44072
G1 X117.5 Y77.581 E520.55115
G0 F9000 X117.501 Y77.844
G0 X114.527 Y77.806
G0 X108.404 Y76.221
G0 X102.903 Y73.099
G0 X98.39 Y68.659
G0 X97.951 Y68.031
G0 X98.347 Y67.8
G1 F1500 X103.556 Y73.009 E520.79617
G0 F9000 X103.328 Y73.409
G0 X104.636 Y74.151
G0 X104.864 Y73.751
G1 F1500 X97.54 Y66.428 E521.14064
G0 F9000 X97.145 Y66.659
G0 X96.339 Y65.287
G0 X96.734 Y65.056
G1 F1500 X106.172 Y74.494 E521.58458
G0 F9000 X105.944 Y74.894
G0 X107.252 Y75.635
G0 X107.48 Y75.235
G1 F1500 X95.928 Y63.684 E522.12792
G0 F9000 X95.533 Y63.915
G0 X94.998 Y62.75
G0 X95.439 Y62.629
G1 F1500 X108.691 Y75.881 E522.75126
G0 F9000 X109.454 Y76.078
G1 F1500 X95.223 Y61.848 E523.42062
G0 F9000 X95.008 Y61.066
G1 F1500 X110.217 Y76.276 E524.13602
G0 F9000 X110.98 Y76.473
G1 F1500 X94.792 Y60.285 E524.89746
G0 F9000 X94.576 Y59.504
G1 F1500 X111.743 Y76.67 E525.70492
G0 F9000 X112.506 Y76.867
G1 F1500 X94.361 Y58.722 E526.5584
G0 F9000 X94.145 Y57.941
G1 F1500 X113.269 Y77.065 E527.45794
G0 F9000 X114.032 Y77.262
G1 F1500 X93.929 Y57.159 E528.40352
G0 F9000 X93.895 Y56.56
G1 F1500 X114.737 Y77.401 E529.38384
G0 F9000 X115.298 Y77.397
G1 F1500 X93.89 Y55.989 E530.39081
G0 F9000 X93.886 Y55.419
G1 F1500 X115.859 Y77.393 E531.42437
G0 F9000 X116.421 Y77.389
G1 F1500 X93.881 Y54.849 E532.48459
G0 F9000 X93.876 Y54.278
G1 F1500 X116.982 Y77.384 E533.57142
G0 F9000 X117.544 Y77.38
G1 F1500 X93.872 Y53.708 E534.68488
G0 F9000 X93.867 Y53.138
G1 F1500 X118.105 Y77.376 E535.82496
G0 F9000 X118.667 Y77.372
G1 F1500 X93.863 Y52.568 E536.99166
G0 F9000 X93.858 Y51.997
G1 F1500 X119.228 Y77.367 E538.18499
G0 F9000 X119.79 Y77.363
G1 F1500 X93.853 Y51.426 E539.40499
G0 F9000 X93.849 Y50.857
G1 F1500 X120.351 Y77.359 E540.65156
G0 F9000 X120.887 Y77.329
G1 F1500 X93.96 Y50.402 E541.91813
G0 F9000 X94.076 Y49.953
G1 F1500 X121.33 Y77.207 E543.20007
G0 F9000 X121.774 Y77.085
G1 F1500 X94.192 Y49.503 E544.49744
G0 F9000 X94.309 Y49.054
G1 F1500 X122.217 Y76.962 E545.81015
G0 F9000 X122.66 Y76.84
G1 F1500 X94.425 Y48.604 E547.13826
G0 F9000 X94.542 Y48.155
G1 F1500 X123.104 Y76.718 E548.48175
G0 F9000 X123.547 Y76.595
G1 F1500 X94.658 Y47.706 E549.8406
G0 F9000 X94.774 Y47.257
G1 F1500 X123.99 Y76.473 E551.21483
G0 F9000 X124.434 Y76.351
G1 F1500 X94.89 Y46.807 E552.60449
G0 F9000 X95.007 Y46.358
G1 F1500 X124.876 Y76.228 E554.00946
G0 F9000 X125.32 Y76.105
G1 F1500 X95.123 Y45.908 E555.42984
G0 F9000 X95.24 Y45.459
G1 F1500 X125.763 Y75.983 E556.86557
G0 F9000 X126.207 Y75.861
G1 F1500 X95.355 Y45.009 E558.31675
G0 F9000 X95.522 Y44.611
G1 F1500 X126.65 Y75.738 E559.78089
G0 F9000 X127.034 Y75.556
G1 F1500 X95.727 Y44.25 E561.25346
G0 F9000 X95.932 Y43.889
G1 F1500 X127.39 Y75.346 E562.73312
G0 F9000 X127.746 Y75.137
G1 F1500 X96.137 Y43.528 E564.21991
G0 F9000 X96.342 Y43.167
G1 F1500 X128.102 Y74.928 E565.71383
G0 F9000 X128.458 Y74.718
G1 F1500 X96.546 Y42.806 E567.21487
G0 F9000 X96.751 Y42.445
G1 F1500 X128.814 Y74.509 E568.72304
G0 F9000 X129.171 Y74.299
G1 F1500 X96.956 Y42.085 E570.23831
G0 F9000 X97.161 Y41.724
G1 F1500 X129.527 Y74.09 E571.76071
G0 F9000 X129.883 Y73.88
G1 F1500 X97.366 Y41.363 E573.29021
G0 F9000 X97.571 Y41.002
G1 F1500 X130.239 Y73.671 E574.82683
G0 F9000 X130.596 Y73.461
G1 F1500 X97.776 Y40.642 E576.37056
G0 F9000 X97.98 Y40.28
G1 F1500 X130.952 Y73.252 E577.92146
G0 F9000 X131.308 Y73.042
G1 F1500 X98.185 Y39.92 E579.47945
G0 F9000 X98.39 Y39.559
G1 F1500 X131.664 Y72.833 E581.04455
G0 F9000 X132.02 Y72.623
G1 F1500 X98.639 Y39.242 E582.61469
G0 F9000 X98.919 Y38.956
G1 F1500 X132.329 Y72.366 E584.1862
G0 F9000 X132.609 Y72.081
G1 F1500 X99.199 Y38.671 E585.7577
G0 F9000 X99.479 Y38.385
G1 F1500 X132.89 Y71.796 E587.32925
G0 F9000 X133.17 Y71.51
G1 F1500 X99.76 Y38.1 E588.90075
G0 F9000 X100.041 Y37.815
G1 F1500 X133.451 Y71.225 E590.47226
G0 F9000 X133.732 Y70.94
G1 F1500 X100.321 Y37.53 E592.04379
G0 F9000 X100.601 Y37.245
G1 F1500 X134.012 Y70.656 E593.61534
G0 F9000 X134.293 Y70.371
G1 F1500 X100.882 Y36.959 E595.18691
G0 F9000 X101.162 Y36.674
G1 F1500 X134.574 Y70.086 E596.75851
G0 F9000 X134.854 Y69.801
G1 F1500 X101.443 Y36.389 E598.33008
G0 F9000 X101.723 Y36.103
G1 F1500 X135.135 Y69.516 E599.90171
G0 F9000 X135.416 Y69.231
G1 F1500 X102.004 Y35.818 E601.47333
G0 F9000 X102.284 Y35.533
G1 F1500 X135.697 Y68.946 E603.04497
G0 F9000 X135.977 Y68.661
G1 F1500 X102.564 Y35.248 E604.61662
G0 F9000 X102.845 Y34.963
G1 F1500 X136.258 Y68.376 E606.18826
G0 F9000 X136.533 Y68.085
G1 F1500 X103.202 Y34.754 E607.75605
G0 F9000 X103.558 Y34.544
G1 F1500 X136.737 Y67.724 E609.31671
G0 F9000 X136.943 Y67.363
G1 F1500 X103.914 Y34.335 E610.87027
G0 F9000 X104.27 Y34.125
G1 F1500 X137.147 Y67.002 E612.41671
G0 F9000 X137.351 Y66.641
G1 F1500 X104.626 Y33.916 E613.95599
G0 F9000 X104.983 Y33.706
G1 F1500 X137.556 Y66.279 E615.48812
G0 F9000 X137.761 Y65.919
G1 F1500 X105.339 Y33.497 E617.01315
G0 F9000 X105.695 Y33.287
G1 F1500 X137.965 Y65.557 E618.53104
G0 F9000 X138.169 Y65.196
G1 F1500 X106.051 Y33.078 E620.04177
G0 F9000 X106.408 Y32.868
G1 F1500 X138.374 Y64.835 E621.54537
G0 F9000 X138.579 Y64.474
G1 F1500 X106.763 Y32.658 E623.0419
G0 F9000 X107.12 Y32.449
G1 F1500 X138.783 Y64.113 E624.53126
G0 F9000 X138.987 Y63.751
G1 F1500 X107.476 Y32.24 E626.01344
G0 F9000 X107.832 Y32.031
G1 F1500 X139.192 Y63.39 E627.48849
G0 F9000 X139.397 Y63.029
G1 F1500 X108.188 Y31.821 E628.95644
G0 F9000 X108.629 Y31.695
G1 F1500 X139.594 Y62.661 E630.41297
G0 F9000 X139.711 Y62.212
G1 F1500 X109.072 Y31.573 E631.85413
G0 F9000 X109.515 Y31.451
G1 F1500 X139.827 Y61.762 E633.27989
G0 F9000 X139.944 Y61.313
G1 F1500 X109.959 Y31.328 E634.69029
G0 F9000 X110.403 Y31.207
G1 F1500 X140.06 Y60.864 E636.08527
G0 F9000 X140.176 Y60.414
G1 F1500 X110.846 Y31.084 E637.46486
G0 F9000 X111.289 Y30.962
G1 F1500 X140.293 Y59.965 E638.8291
G0 F9000 X140.409 Y59.516
G1 F1500 X111.733 Y30.84 E640.17793
G0 F9000 X112.177 Y30.718
G1 F1500 X140.525 Y59.067 E641.51135
G0 F9000 X140.641 Y58.617
G1 F1500 X112.62 Y30.596 E642.82938
G0 F9000 X113.064 Y30.473
G1 F1500 X140.758 Y58.168 E644.13204
G0 F9000 X140.875 Y57.719
G1 F1500 X113.507 Y30.351 E645.41935
G0 F9000 X113.951 Y30.23
G1 F1500 X140.991 Y57.269 E646.6912
G0 F9000 X141.107 Y56.82
G1 F1500 X114.446 Y30.159 E647.94525
G0 F9000 X115.007 Y30.154
G1 F1500 X141.141 Y56.288 E649.17452
G0 F9000 X141.136 Y55.718
G1 F1500 X115.568 Y30.15 E650.37716
G0 F9000 X116.129 Y30.145
G1 F1500 X141.132 Y55.148 E651.55322
G0 F9000 X141.128 Y54.578
G1 F1500 X116.69 Y30.14 E652.70271
G0 F9000 X117.251 Y30.135
G1 F1500 X141.124 Y54.008 E653.82562
G0 F9000 X141.119 Y53.438
G1 F1500 X117.812 Y30.131 E654.92191
G0 F9000 X118.373 Y30.126
G1 F1500 X141.114 Y52.868 E655.9916
G0 F9000 X141.11 Y52.298
G1 F1500 X118.935 Y30.122 E657.03467
G0 F9000 X119.495 Y30.117
G1 F1500 X141.106 Y51.728 E658.05119
G0 F9000 X141.102 Y51.158
G1 F1500 X120.057 Y30.113 E659.04108
G0 F9000 X120.69 Y30.18
G1 F1500 X141.098 Y50.588 E660.00101
G0 F9000 X140.929 Y49.853
G1 F1500 X121.453 Y30.377 E660.9171
G0 F9000 X122.216 Y30.575
G1 F1500 X140.713 Y49.072 E661.78714
G0 F9000 X140.497 Y48.29
G1 F1500 X122.979 Y30.772 E662.61113
G0 F9000 X123.742 Y30.969
G1 F1500 X140.282 Y47.509 E663.38913
G0 F9000 X140.066 Y46.728
G1 F1500 X124.505 Y31.166 E664.12109
G0 F9000 X125.268 Y31.364
G1 F1500 X139.85 Y45.946 E664.80698
G0 F9000 X139.634 Y45.165
G1 F1500 X126.03 Y31.561 E665.44687
G0 F9000 X126.145 Y31.118
G0 X127.275 Y31.614
G0 X127.048 Y32.013
G1 F1500 X139.359 Y44.324 E666.02595
G0 F9000 X139.756 Y44.092
G0 X138.948 Y42.718
G0 X138.551 Y42.95
G1 F1500 X128.355 Y32.755 E666.50551
G0 F9000 X128.583 Y32.355
G0 X129.89 Y33.097
G0 X129.663 Y33.496
G1 F1500 X137.742 Y41.576 E666.88555
G0 F9000 X138.139 Y41.344
G0 X137.33 Y39.969
G0 X136.933 Y40.201
G1 F1500 X130.97 Y34.238 E667.16603
G1 F1500 E660.66603
;MESH:MotorCar(1).stl
G0 F9000 X131.198 Y33.838
G0 X132.097 Y34.417
G0 X136.606 Y38.857
G0 X139.812 Y44.308
G0 X141.495 Y50.407
G0 X141.546 Y56.729
G0 X139.961 Y62.852
G0 X137.108 Y68.56
G0 X137.888 Y69.327
G0 X137.108 Y80.835
G0 X145.408 Y82.086
;TYPE:WALL-INNER
G1 F1500 E667.16603
G1 F1612.9 X145.339 Y82.046 E667.16849
G1 X145.339 Y82.126 E667.17097
G1 X145.408 Y82.086 E667.17344
G1 F1500 E660.67344
G0 F9000 X145.43 Y82.02
G0 X145.512 Y106.938
G0 X145.948 Y106.99
G0 X145.948 Y107.25
;TYPE:WALL-OUTER
G1 F1500 E667.17344
G1 F1200 X178.698 Y107.25 E668.53502
G1 X178.698 Y106.75 E668.55581
G1 X145.948 Y106.75 E669.9174
G1 F1107 X145.741 Y106.707 E669.92692
G1 F1100.9 X145.699 Y106.544 E669.93455
G1 F1195.2 X145.698 Y82.5 E670.93818
G1 F1333.3 X145.748 Y82.086 E670.95379
G1 F1500 X145.748 Y81.7 E670.96663
G1 X145.362 Y81.7 E670.97946
G1 F1333.3 X144.948 Y81.75 E670.99507
G1 F1197.6 X117.404 Y81.751 E672.14251
G1 F1190.5 X89.86 Y81.752 E673.29681
G1 F1100.9 X89.534 Y81.793 E673.3117
G1 F1025.6 X89.241 Y81.793 E673.32595
G1 X89.241 Y82.086 E673.34021
G1 F1107 X89.198 Y82.5 E673.35897
G1 F1195.2 X89.197 Y106.544 E674.3626
G1 F1102.9 X89.155 Y106.707 E674.37021
G1 F1098.9 X88.992 Y106.749 E674.37785
G1 F1195.2 X56.198 Y106.75 E675.74672
G1 F1200 X56.198 Y107.25 E675.76751
G1 F1195.2 X89.035 Y107.248 E677.13818
G1 F1098.9 X89.362 Y107.207 E677.15314
G1 F1023.9 X89.655 Y107.207 E677.16741
G1 X89.655 Y106.914 E677.18169
G1 F1102.9 X89.697 Y106.587 E677.1966
G1 F1195.2 X89.698 Y82.5 E678.20203
G1 F1107 X89.741 Y82.293 E678.21156
G1 F1100.9 X89.904 Y82.251 E678.21919
G1 F1190.5 X117.426 Y82.25 E679.37257
G1 F1197.6 X144.948 Y82.25 E680.51909
G1 F1200 X145.198 Y82.5 E680.53379
G1 F1195.2 X145.2 Y106.587 E681.53922
G1 F1100.9 X145.241 Y106.914 E681.55415
G1 F1025.6 X145.241 Y107.207 E681.56841
G1 X145.534 Y107.207 E681.58266
G1 F1107 X145.948 Y107.25 E681.60142
G1 F1500 E675.10142
G0 F9000 X145.948 Y106.99
G0 X145.43 Y107.07
G0 X145.43 Y108.165
G0 X145.52 Y126.785
G0 X145.198 Y153.25
G1 F1500 E681.60142
G1 F1200 X145.198 Y128.5 E682.6304
G1 F1088.9 X145.249 Y128.049 E682.6512
G1 F996.7 X145.249 Y127.749 E682.66621
G1 X145.549 Y127.749 E682.68123
G1 F1060.1 X145.857 Y127.713 E682.69582
G1 F1136.4 X178.685 Y127.711 E684.13708
G1 F1140.7 X178.685 Y128.237 E684.16009
G1 F1136.4 X145.902 Y128.238 E685.59937
G1 F1060.1 X145.748 Y128.274 E685.60682
G1 F1088.9 X145.698 Y128.5 E685.61742
G1 F1200 X145.698 Y153.25 E686.64641
G1 X145.198 Y153.25 E686.6672
G1 F1500 E680.1672
G0 F9000 X145.43 Y153.02
G0 X145.38 Y128.02
G0 X144.285 Y128.02
G0 X90.615 Y128.02
G0 X89.397 Y128.049
;TYPE:WALL-INNER
G1 F1500 E686.6672
G1 F1492.5 X89.322 Y128.006 E686.67009
G1 X89.322 Y128.092 E686.67296
G1 X89.397 Y128.049 E686.67585
G1 F1500 E680.17585
G0 F9000 X89.43 Y128.02
G0 X89.47 Y153.02
G0 X89.698 Y153.25
;TYPE:WALL-OUTER
G1 F1500 E686.67585
G1 F1200 X89.698 Y128.5 E687.70483
G1 F1333.3 X89.748 Y128.049 E687.72181
G1 F1500 X89.748 Y127.648 E687.73515
G1 X89.347 Y127.648 E687.74849
G1 F1295.9 X88.948 Y127.711 E687.76404
G1 F1140.7 X56.211 Y127.711 E689.19586
G1 X56.211 Y128.237 E689.21887
G1 X88.948 Y128.237 E690.65069
G1 F1169.6 X89.198 Y128.5 E690.66616
G1 F1200 X89.198 Y153.25 E691.69515
G1 X89.698 Y153.25 E691.71594
G1 F1500 E685.21594
;MESH:wheel(3).stl(1)
G0 F9000 X89.47 Y153.02
G0 X89.526 Y154.165
G0 X97.815 Y164.716
G0 X117.892 Y204.47
;TYPE:WALL-INNER
G1 F1500 E691.71594
G1 X121.576 Y204.44 E691.83847
G1 X127.716 Y202.746 E692.05032
G1 X133.203 Y199.518 E692.26206
G1 X137.673 Y194.979 E692.47394
G1 X140.815 Y189.436 E692.68586
G1 X142.411 Y183.273 E692.8976
G1 X142.36 Y176.908 E693.10931
G1 X140.666 Y170.768 E693.32116
G1 X137.438 Y165.281 E693.5329
G1 X132.895 Y160.811 E693.74487
G1 X127.356 Y157.669 E693.95668
G1 X121.193 Y156.073 E694.16842
G1 X114.824 Y156.124 E694.38026
G1 X108.688 Y157.818 E694.59198
G1 X103.201 Y161.046 E694.80372
G1 X98.731 Y165.585 E695.0156
G1 X95.589 Y171.128 E695.22752
G1 X93.993 Y177.291 E695.43927
G1 X94.044 Y183.656 E695.65097
G1 X95.738 Y189.796 E695.86282
G1 X98.966 Y195.283 E696.07456
G1 X103.505 Y199.753 E696.28644
G1 X109.048 Y202.895 E696.49836
G1 X115.211 Y204.491 E696.71011
G1 X117.892 Y204.47 E696.79928
G0 F9000 X117.887 Y204.87
;TYPE:WALL-OUTER
G1 F1500 X121.632 Y204.84 E696.92384
G1 X127.873 Y203.118 E697.13918
G1 X133.451 Y199.836 E697.35443
G1 X137.995 Y195.222 E697.56982
G1 X141.189 Y189.588 E697.78523
G1 X142.811 Y183.323 E698.00047
G1 X142.76 Y176.852 E698.2157
G1 X141.038 Y170.611 E698.43104
G1 X137.756 Y165.033 E698.64629
G1 X133.138 Y160.489 E698.86178
G1 X127.508 Y157.295 E699.07707
G1 X121.243 Y155.673 E699.29231
G1 X114.768 Y155.724 E699.50768
G1 X108.531 Y157.446 E699.72288
G1 X102.953 Y160.728 E699.93814
G1 X98.409 Y165.342 E700.15353
G1 X95.215 Y170.976 E700.36893
G1 X93.593 Y177.241 E700.58418
G1 X93.644 Y183.712 E700.79941
G1 X95.366 Y189.953 E701.01474
G1 X98.648 Y195.531 E701.23
G1 X103.262 Y200.075 E701.44539
G1 X108.896 Y203.269 E701.66079
G1 X115.161 Y204.891 E701.87604
G1 X117.887 Y204.87 E701.96671
G0 F9000 X117.897 Y204.107
;TYPE:SKIN
G1 F1500 X115.253 Y204.127 E702.05465
G1 X109.184 Y202.556 E702.26316
G1 X103.726 Y199.462 E702.47183
G1 X99.248 Y195.055 E702.6808
G1 X96.07 Y189.653 E702.88926
G1 X94.404 Y183.604 E703.09794
G1 X94.353 Y177.333 E703.30652
G1 X95.923 Y171.264 E703.51502
G1 X99.022 Y165.806 E703.72378
G1 X103.425 Y161.328 E703.93265
G1 X108.827 Y158.15 E704.14111
G1 X114.872 Y156.484 E704.34966
G1 X121.147 Y156.433 E704.55838
G1 X127.216 Y158.003 E704.76688
G1 X132.674 Y161.102 E704.97563
G1 X137.152 Y165.505 E705.18451
G1 X140.33 Y170.907 E705.39297
G1 X142 Y176.956 E705.60168
G1 X142.047 Y183.227 E705.81026
G1 X140.476 Y189.296 E706.01877
G1 X137.382 Y194.758 E706.22756
G1 X132.975 Y199.232 E706.43643
G1 X127.573 Y202.41 E706.64489
G1 X121.524 Y204.08 E706.85361
G1 X117.897 Y204.107 E706.97425
G0 F9000 X117.898 Y204.37
G0 X115.231 Y204.33
G0 X109.108 Y202.745
G0 X103.603 Y199.623
G0 X99.094 Y195.183
G0 X98.312 Y193.973
G0 X98.707 Y193.742
G1 F1500 X104.812 Y199.847 E707.26141
G0 F9000 X104.584 Y200.248
G0 X105.889 Y200.988
G0 X106.118 Y200.587
G1 F1500 X97.9 Y192.369 E707.64796
G0 F9000 X97.504 Y192.6
G0 X96.696 Y191.226
G0 X97.091 Y190.995
G1 F1500 X107.424 Y201.328 E708.13399
G0 F9000 X107.196 Y201.729
G0 X108.502 Y202.469
G0 X108.73 Y202.068
G1 F1500 X96.283 Y189.621 E708.71946
G0 F9000 X96.048 Y188.82
G1 F1500 X109.714 Y202.486 E709.36226
G0 F9000 X110.477 Y202.684
G1 F1500 X95.833 Y188.039 E710.0511
G0 F9000 X95.618 Y187.259
G1 F1500 X111.241 Y202.882 E710.78595
G0 F9000 X112.004 Y203.079
G1 F1500 X95.403 Y186.478 E711.56681
G0 F9000 X95.188 Y185.698
G1 F1500 X112.767 Y203.276 E712.39365
G0 F9000 X113.53 Y203.474
G1 F1500 X94.973 Y184.917 E713.26652
G0 F9000 X94.758 Y184.136
G1 F1500 X114.293 Y203.672 E714.18541
G0 F9000 X115.056 Y203.869
G1 F1500 X94.602 Y183.415 E715.1475
G0 F9000 X94.597 Y182.844
G1 F1500 X115.676 Y203.923 E716.13899
G0 F9000 X116.238 Y203.919
G1 F1500 X94.593 Y182.274 E717.15711
G0 F9000 X94.588 Y181.704
G1 F1500 X116.799 Y203.915 E718.20184
G0 F9000 X117.361 Y203.911
G1 F1500 X94.583 Y181.133 E719.27325
G0 F9000 X94.579 Y180.563
G1 F1500 X117.922 Y203.906 E720.37123
G0 F9000 X118.484 Y203.902
G1 F1500 X94.574 Y179.993 E721.49586
G0 F9000 X94.569 Y179.422
G1 F1500 X119.046 Y203.898 E722.64716
G0 F9000 X119.607 Y203.894
G1 F1500 X94.565 Y178.852 E723.82506
G0 F9000 X94.56 Y178.281
G1 F1500 X120.169 Y203.89 E725.02963
G0 F9000 X120.73 Y203.886
G1 F1500 X94.556 Y177.711 E726.2608
G0 F9000 X94.597 Y177.187
G1 F1500 X121.291 Y203.882 E727.51643
G0 F9000 X121.778 Y203.802
G1 F1500 X94.713 Y176.737 E728.78948
G0 F9000 X94.829 Y176.288
G1 F1500 X122.221 Y203.679 E730.07789
G0 F9000 X122.664 Y203.557
G1 F1500 X94.945 Y175.838 E731.38171
G0 F9000 X95.062 Y175.389
G1 F1500 X123.107 Y203.435 E732.70088
G0 F9000 X123.551 Y203.312
G1 F1500 X95.178 Y174.94 E734.03544
G0 F9000 X95.295 Y174.491
G1 F1500 X123.994 Y203.19 E735.38535
G0 F9000 X124.437 Y203.068
G1 F1500 X95.411 Y174.041 E736.75067
G0 F9000 X95.527 Y173.592
G1 F1500 X124.881 Y202.945 E738.13137
G0 F9000 X125.324 Y202.823
G1 F1500 X95.643 Y173.142 E739.52747
G0 F9000 X95.76 Y172.693
G1 F1500 X125.767 Y202.701 E740.93893
G0 F9000 X126.211 Y202.578
G1 F1500 X95.876 Y172.243 E742.3658
G0 F9000 X95.992 Y171.794
G1 F1500 X126.654 Y202.456 E743.80805
G0 F9000 X127.097 Y202.333
G1 F1500 X96.109 Y171.345 E745.26563
G0 F9000 X96.312 Y170.983
G1 F1500 X127.531 Y202.201 E746.73405
G0 F9000 X127.887 Y201.992
G1 F1500 X96.517 Y170.622 E748.2096
G0 F9000 X96.722 Y170.261
G1 F1500 X128.244 Y201.783 E749.6923
G0 F9000 X128.6 Y201.574
G1 F1500 X96.927 Y169.901 E751.1821
G0 F9000 X97.132 Y169.539
G1 F1500 X128.956 Y201.364 E752.67902
G0 F9000 X129.312 Y201.154
G1 F1500 X97.337 Y169.179 E754.18303
G0 F9000 X97.542 Y168.818
G1 F1500 X129.669 Y200.945 E755.69418
G0 F9000 X130.024 Y200.735
G1 F1500 X97.746 Y168.457 E757.21244
G0 F9000 X97.951 Y168.096
G1 F1500 X130.381 Y200.526 E758.73785
G0 F9000 X130.737 Y200.316
G1 F1500 X98.156 Y167.736 E760.27034
G0 F9000 X98.361 Y167.375
G1 F1500 X131.093 Y200.107 E761.80995
G0 F9000 X131.449 Y199.897
G1 F1500 X98.566 Y167.014 E763.35667
G0 F9000 X98.771 Y166.653
G1 F1500 X131.805 Y199.688 E764.91051
G0 F9000 X132.162 Y199.478
G1 F1500 X98.976 Y166.292 E766.47148
G0 F9000 X99.181 Y165.932
G1 F1500 X132.518 Y199.269 E768.03955
G0 F9000 X132.87 Y199.055
G1 F1500 X99.46 Y165.645 E769.61105
G0 F9000 X99.741 Y165.36
G1 F1500 X133.15 Y198.77 E771.18253
G0 F9000 X133.431 Y198.485
G1 F1500 X100.021 Y165.075 E772.75403
G0 F9000 X100.302 Y164.79
G1 F1500 X133.712 Y198.2 E774.32554
G0 F9000 X133.992 Y197.915
G1 F1500 X100.582 Y164.505 E775.89704
G0 F9000 X100.862 Y164.219
G1 F1500 X134.273 Y197.63 E777.46859
G0 F9000 X134.554 Y197.345
G1 F1500 X101.143 Y163.934 E779.04014
G0 F9000 X101.423 Y163.649
G1 F1500 X134.835 Y197.06 E780.61172
G0 F9000 X135.115 Y196.775
G1 F1500 X101.704 Y163.364 E782.18327
G0 F9000 X101.984 Y163.078
G1 F1500 X135.396 Y196.49 E783.75487
G0 F9000 X135.676 Y196.204
G1 F1500 X102.265 Y162.793 E785.32642
G0 F9000 X102.545 Y162.508
G1 F1500 X135.957 Y195.919 E786.89799
G0 F9000 X136.238 Y195.635
G1 F1500 X102.825 Y162.222 E788.46964
G0 F9000 X103.106 Y161.937
G1 F1500 X136.518 Y195.35 E790.04126
G0 F9000 X136.799 Y195.065
G1 F1500 X103.386 Y161.652 E791.6129
G0 F9000 X103.699 Y161.399
G1 F1500 X137.08 Y194.78 E793.18304
G0 F9000 X137.322 Y194.456
G1 F1500 X104.056 Y161.19 E794.74778
G0 F9000 X104.412 Y160.981
G1 F1500 X137.527 Y194.096 E796.3054
G0 F9000 X137.732 Y193.735
G1 F1500 X104.768 Y160.771 E797.85593
G0 F9000 X105.124 Y160.561
G1 F1500 X137.936 Y193.373 E799.3993
G0 F9000 X138.141 Y193.013
G1 F1500 X105.481 Y160.352 E800.93555
G0 F9000 X105.836 Y160.142
G1 F1500 X138.345 Y192.651 E802.46468
G0 F9000 X138.55 Y192.29
G1 F1500 X106.193 Y159.933 E803.98665
G0 F9000 X106.549 Y159.723
G1 F1500 X138.755 Y191.929 E805.50152
G0 F9000 X138.959 Y191.568
G1 F1500 X106.905 Y159.514 E807.00925
G0 F9000 X107.261 Y159.304
G1 F1500 X139.164 Y191.207 E808.50986
G0 F9000 X139.369 Y190.846
G1 F1500 X107.617 Y159.095 E810.00336
G0 F9000 X107.974 Y158.885
G1 F1500 X139.573 Y190.485 E811.4897
G0 F9000 X139.777 Y190.123
G1 F1500 X108.329 Y158.675 E812.96892
G0 F9000 X108.686 Y158.466
G1 F1500 X139.982 Y189.763 E814.44101
G0 F9000 X140.187 Y189.401
G1 F1500 X109.075 Y158.29 E815.9044
G0 F9000 X109.519 Y158.168
G1 F1500 X140.347 Y188.996 E817.35445
G0 F9000 X140.464 Y188.547
G1 F1500 X109.962 Y158.045 E818.78918
G0 F9000 X110.406 Y157.923
G1 F1500 X140.58 Y188.097 E820.20847
G0 F9000 X140.697 Y187.648
G1 F1500 X110.849 Y157.801 E821.6124
G0 F9000 X111.293 Y157.679
G1 F1500 X140.813 Y187.199 E823.00093
G0 F9000 X140.929 Y186.75
G1 F1500 X111.736 Y157.557 E824.37408
G0 F9000 X112.18 Y157.434
G1 F1500 X141.045 Y186.3 E825.73183
G0 F9000 X141.162 Y185.851
G1 F1500 X112.623 Y157.312 E827.07421
G0 F9000 X113.066 Y157.19
G1 F1500 X141.278 Y185.401 E828.4012
G0 F9000 X141.394 Y184.952
G1 F1500 X113.51 Y157.068 E829.71277
G0 F9000 X113.954 Y156.946
G1 F1500 X141.51 Y184.503 E831.00895
G0 F9000 X141.627 Y184.054
G1 F1500 X114.397 Y156.824 E832.28976
G0 F9000 X114.841 Y156.701
G1 F1500 X141.743 Y183.604 E833.55517
G0 F9000 X141.847 Y183.142
G1 F1500 X115.386 Y156.681 E834.79982
G0 F9000 X115.946 Y156.676
G1 F1500 X141.843 Y182.572 E836.01791
G0 F9000 X141.839 Y182.002
G1 F1500 X116.508 Y156.672 E837.20938
G0 F9000 X117.069 Y156.667
G1 F1500 X141.834 Y181.432 E838.37425
G0 F9000 X141.829 Y180.862
G1 F1500 X117.629 Y156.662 E839.51254
G0 F9000 X118.191 Y156.657
G1 F1500 X141.825 Y180.292 E840.62424
G0 F9000 X141.821 Y179.722
G1 F1500 X118.752 Y156.652 E841.70936
G0 F9000 X119.313 Y156.648
G1 F1500 X141.817 Y179.152 E842.76788
G0 F9000 X141.812 Y178.582
G1 F1500 X119.874 Y156.643 E843.79979
G0 F9000 X120.435 Y156.639
G1 F1500 X141.808 Y178.012 E844.80512
G0 F9000 X141.803 Y177.441
G1 F1500 X120.996 Y156.634 E845.78381
G0 F9000 X121.714 Y156.786
G1 F1500 X141.757 Y176.83 E846.7266
G0 F9000 X141.542 Y176.048
G1 F1500 X122.477 Y156.983 E847.62336
G0 F9000 X123.24 Y157.181
G1 F1500 X141.326 Y175.267 E848.47407
G0 F9000 X141.11 Y174.486
G1 F1500 X124.003 Y157.379 E849.27873
G0 F9000 X124.767 Y157.577
G1 F1500 X140.895 Y173.704 E850.03732
G0 F9000 X140.679 Y172.923
G1 F1500 X125.53 Y157.774 E850.74988
G0 F9000 X126.293 Y157.971
G1 F1500 X140.463 Y172.141 E851.41639
G0 F9000 X140.247 Y171.36
G1 F1500 X127.056 Y158.169 E852.03686
G0 F9000 X127.172 Y157.726
G0 X128.533 Y158.453
G0 X128.305 Y158.852
G1 F1500 X139.722 Y170.269 E852.57388
G0 F9000 X140.119 Y170.037
G0 X139.311 Y168.663
G0 X138.914 Y168.895
G1 F1500 X129.614 Y159.595 E853.01132
G0 F9000 X129.842 Y159.195
G0 X131.151 Y159.938
G0 X130.923 Y160.339
G1 F1500 X138.106 Y167.521 E853.34916
G0 F9000 X138.503 Y167.289
G0 X137.695 Y165.916
G0 X137.298 Y166.148
G1 F1500 X132.232 Y161.082 E853.58745
G1 F1500 E847.08745
;MESH:NONMESH
G0 F300 X132.232 Y161.082 Z3.2
G0 F9000 X132.46 Y160.681
G0 X127.296 Y157.819
G0 X121.216 Y155.902
G0 X121.207 Y154.809
G0 X90.615 Y153.076
G0 X89.397 Y128.049
;TIME_ELAPSED:6401.076499
;LAYER:15
;TYPE:WALL-INNER
;MESH:MotorCar(1).stl
G1 F1500 E853.58745
G1 F1492.5 X89.322 Y128.006 E853.59034
G1 X89.322 Y128.092 E853.59322
G1 X89.397 Y128.049 E853.59611
G1 F1500 E847.09611
G0 F9000 X89.43 Y128.02
G0 X89.47 Y153.02
G0 X89.698 Y153.25
;TYPE:WALL-OUTER
G1 F1500 E853.59611
G1 F1200 X89.698 Y128.5 E854.62509
G1 F1333.3 X89.748 Y128.049 E854.64207
G1 F1500 X89.748 Y127.648 E854.65541
G1 X89.347 Y127.648 E854.66874
G1 F1295.9 X88.948 Y127.711 E854.6843
G1 F1140.7 X56.211 Y127.711 E856.11612
G1 X56.211 Y128.237 E856.13912
G1 X88.948 Y128.237 E857.57094
G1 F1169.6 X89.198 Y128.5 E857.58642
G1 F1200 X89.198 Y153.25 E858.61541
G1 X89.698 Y153.25 E858.63619
G1 F1500 E852.13619
G0 F9000 X89.47 Y153.02
G0 X89.38 Y128.07
G0 X89.38 Y126.785
G0 X55.297 Y108.153
G0 X55.297 Y105.847
G0 X88.285 Y82.076
G0 X145.408 Y82.086
;TYPE:WALL-INNER
G1 F1500 E858.63619
G1 F1612.9 X145.339 Y82.046 E858.63866
G1 X145.339 Y82.126 E858.64114
G1 X145.408 Y82.086 E858.6436
G1 F1500 E852.1436
G0 F9000 X145.43 Y82.02
G0 X145.512 Y106.938
G0 X145.948 Y106.99
G0 X145.948 Y107.25
;TYPE:WALL-OUTER
G1 F1500 E858.6436
G1 F1200 X178.698 Y107.25 E860.00519
G1 X178.698 Y106.75 E860.02598
G1 X145.948 Y106.75 E861.38756
G1 F1107 X145.741 Y106.707 E861.39709
G1 F1100.9 X145.699 Y106.544 E861.40472
G1 F1195.2 X145.698 Y82.5 E862.40835
G1 F1333.3 X145.748 Y82.086 E862.42396
G1 F1500 X145.748 Y81.7 E862.43679
G1 X145.362 Y81.7 E862.44963
G1 F1333.3 X144.948 Y81.75 E862.46524
G1 F1197.6 X117.404 Y81.751 E863.61267
G1 F1190.5 X89.86 Y81.752 E864.76698
G1 F1100.9 X89.534 Y81.793 E864.78187
G1 F1025.6 X89.241 Y81.793 E864.79612
G1 X89.241 Y82.086 E864.81037
G1 F1107 X89.198 Y82.5 E864.82913
G1 F1195.2 X89.197 Y106.544 E865.83276
G1 F1102.9 X89.155 Y106.707 E865.84038
G1 F1098.9 X88.992 Y106.749 E865.84802
G1 F1195.2 X56.198 Y106.75 E867.21689
G1 F1200 X56.198 Y107.25 E867.23768
G1 F1195.2 X89.035 Y107.248 E868.60834
G1 F1098.9 X89.362 Y107.207 E868.6233
G1 F1023.9 X89.655 Y107.207 E868.63758
G1 X89.655 Y106.914 E868.65186
G1 F1102.9 X89.697 Y106.587 E868.66677
G1 F1195.2 X89.698 Y82.5 E869.6722
G1 F1107 X89.741 Y82.293 E869.68173
G1 F1100.9 X89.904 Y82.251 E869.68935
G1 F1190.5 X117.426 Y82.25 E870.84274
G1 F1197.6 X144.948 Y82.25 E871.98926
G1 F1200 X145.198 Y82.5 E872.00396
G1 F1195.2 X145.2 Y106.587 E873.00939
G1 F1100.9 X145.241 Y106.914 E873.02432
G1 F1025.6 X145.241 Y107.207 E873.03857
G1 X145.534 Y107.207 E873.05283
G1 F1107 X145.948 Y107.25 E873.07158
G1 F1500 E866.57158
G0 F9000 X145.948 Y106.99
G0 X145.43 Y107.07
G0 X145.43 Y108.165
G0 X145.52 Y126.785
G0 X145.198 Y153.25
G1 F1500 E873.07158
G1 F1200 X145.198 Y128.5 E874.10057
G1 F1088.9 X145.249 Y128.049 E874.12136
G1 F996.7 X145.249 Y127.749 E874.13638
G1 X145.549 Y127.749 E874.1514
G1 F1060.1 X145.857 Y127.713 E874.16599
G1 F1136.4 X178.685 Y127.711 E875.60725
G1 F1140.7 X178.685 Y128.237 E875.63026
G1 F1136.4 X145.902 Y128.238 E877.06954
G1 F1060.1 X145.748 Y128.274 E877.07699
G1 F1088.9 X145.698 Y128.5 E877.08759
G1 F1200 X145.698 Y153.25 E878.11658
G1 X145.198 Y153.25 E878.13736
G1 F1500 E871.63736
;MESH:NONMESH
G0 F300 X145.198 Y153.25 Z3.4
G0 F9000 X145.43 Y153.02
G0 X145.38 Y128.02
G0 X144.285 Y128.02
G0 X90.615 Y128.02
G0 X89.397 Y128.049
;TIME_ELAPSED:6438.953248
;LAYER:16
;TYPE:WALL-INNER
;MESH:MotorCar(1).stl
G1 F1500 E878.13736
G1 F1492.5 X89.322 Y128.006 E878.14025
G1 X89.322 Y128.092 E878.14313
G1 X89.397 Y128.049 E878.14602
G1 F1500 E871.64602
G0 F9000 X89.43 Y128.02
G0 X89.47 Y153.02
G0 X89.698 Y153.25
;TYPE:WALL-OUTER
G1 F1500 E878.14602
G1 F1200 X89.698 Y128.5 E879.175
G1 F1333.3 X89.748 Y128.049 E879.19198
G1 F1500 X89.748 Y127.648 E879.20532
G1 X89.347 Y127.648 E879.21866
G1 F1295.9 X88.948 Y127.711 E879.23421
G1 F1140.7 X56.211 Y127.711 E880.66603
G1 X56.211 Y128.237 E880.68903
G1 X88.948 Y128.237 E882.12085
G1 F1169.6 X89.198 Y128.5 E882.13633
G1 F1200 X89.198 Y153.25 E883.16532
G1 X89.698 Y153.25 E883.18611
G1 F1500 E876.68611
G0 F9000 X89.47 Y153.02
G0 X89.38 Y128.07
G0 X89.38 Y126.785
G0 X55.297 Y108.153
G0 X55.297 Y105.847
G0 X88.285 Y82.076
G0 X145.408 Y82.086
;TYPE:WALL-INNER
G1 F1500 E883.18611
G1 F1612.9 X145.339 Y82.046 E883.18857
G1 X145.339 Y82.126 E883.19105
G1 X145.408 Y82.086 E883.19351
G1 F1500 E876.69351
G0 F9000 X145.43 Y82.02
G0 X145.512 Y106.938
G0 X145.948 Y106.99
G0 X145.948 Y107.25
;TYPE:WALL-OUTER
G1 F1500 E883.19351
G1 F1200 X178.698 Y107.25 E884.5551
G1 X178.698 Y106.75 E884.57589
G1 X145.948 Y106.75 E885.93748
G1 F1107 X145.741 Y106.707 E885.947
G1 F1100.9 X145.699 Y106.544 E885.95463
G1 F1195.2 X145.698 Y82.5 E886.95826
G1 F1333.3 X145.748 Y82.086 E886.97387
G1 F1500 X145.748 Y81.7 E886.98671
G1 X145.362 Y81.7 E886.99954
G1 F1333.3 X144.948 Y81.75 E887.01515
G1 F1197.6 X117.404 Y81.751 E888.16258
G1 F1190.5 X89.86 Y81.752 E889.31689
G1 F1100.9 X89.534 Y81.793 E889.33178
G1 F1025.6 X89.241 Y81.793 E889.34603
G1 X89.241 Y82.086 E889.36029
G1 F1107 X89.198 Y82.5 E889.37904
G1 F1195.2 X89.197 Y106.544 E890.38268
G1 F1102.9 X89.155 Y106.707 E890.39029
G1 F1098.9 X88.992 Y106.749 E890.39793
G1 F1195.2 X56.198 Y106.75 E891.7668
G1 F1200 X56.198 Y107.25 E891.78759
G1 F1195.2 X89.035 Y107.248 E893.15825
G1 F1098.9 X89.362 Y107.207 E893.17322
G1 F1023.9 X89.655 Y107.207 E893.18749
G1 X89.655 Y106.914 E893.20177
G1 F1102.9 X89.697 Y106.587 E893.21668
G1 F1195.2 X89.698 Y82.5 E894.22211
G1 F1107 X89.741 Y82.293 E894.23164
G1 F1100.9 X89.904 Y82.251 E894.23927
G1 F1190.5 X117.426 Y82.25 E895.39265
G1 F1197.6 X144.948 Y82.25 E896.53917
G1 F1200 X145.198 Y82.5 E896.55387
G1 F1195.2 X145.2 Y106.587 E897.5593
G1 F1100.9 X145.241 Y106.914 E897.57423
G1 F1025.6 X145.241 Y107.207 E897.58848
G1 X145.534 Y107.207 E897.60274
G1 F1107 X145.948 Y107.25 E897.62149
G1 F1500 E891.12149
G0 F9000 X145.948 Y106.99
G0 X145.43 Y107.07
G0 X145.43 Y108.165
G0 X145.52 Y126.785
G0 X145.198 Y153.25
G1 F1500 E897.62149
G1 F1200 X145.198 Y128.5 E898.65048
G1 F1088.9 X145.249 Y128.049 E898.67127
G1 F996.7 X145.249 Y127.749 E898.68629
G1 X145.549 Y127.749 E898.70131
G1 F1060.1 X145.857 Y127.713 E898.7159
G1 F1136.4 X178.685 Y127.711 E900.15716
G1 F1140.7 X178.685 Y128.237 E900.18017
G1 F1136.4 X145.902 Y128.238 E901.61945
G1 F1060.1 X145.748 Y128.274 E901.6269
G1 F1088.9 X145.698 Y128.5 E901.6375
G1 F1200 X145.698 Y153.25 E902.66649
G1 X145.198 Y153.25 E902.68727
G1 F1500 E896.18727
;MESH:NONMESH
G0 F300 X145.198 Y153.25 Z3.6
G0 F9000 X145.43 Y153.02
G0 X145.38 Y128.02
G0 X144.285 Y128.02
G0 X90.615 Y128.02
G0 X89.397 Y128.049
;TIME_ELAPSED:6476.829996
;LAYER:17
;TYPE:WALL-INNER
;MESH:MotorCar(1).stl
G1 F1500 E902.68727
G1 F1492.5 X89.322 Y128.006 E902.69016
G1 X89.322 Y128.092 E902.69304
G1 X89.397 Y128.049 E902.69593
G1 F1500 E896.19593
G0 F9000 X89.43 Y128.02
G0 X89.47 Y153.02
G0 X89.698 Y153.25
;TYPE:WALL-OUTER
G1 F1500 E902.69593
G1 F1200 X89.698 Y128.5 E903.72491
G1 F1333.3 X89.748 Y128.049 E903.74189
G1 F1500 X89.748 Y127.648 E903.75523
G1 X89.347 Y127.648 E903.76857
G1 F1295.9 X88.948 Y127.711 E903.78412
G1 F1140.7 X56.211 Y127.711 E905.21594
G1 X56.211 Y128.237 E905.23894
G1 X88.948 Y128.237 E906.67077
G1 F1169.6 X89.198 Y128.5 E906.68624
G1 F1200 X89.198 Y153.25 E907.71523
G1 X89.698 Y153.25 E907.73602
G1 F1500 E901.23602
G0 F9000 X89.47 Y153.02
G0 X89.38 Y128.07
G0 X89.38 Y126.785
G0 X55.297 Y108.153
G0 X55.297 Y105.847
G0 X88.285 Y82.076
G0 X145.408 Y82.086
;TYPE:WALL-INNER
G1 F1500 E907.73602
G1 F1612.9 X145.339 Y82.046 E907.73848
G1 X145.339 Y82.126 E907.74096
G1 X145.408 Y82.086 E907.74343
G1 F1500 E901.24343
G0 F9000 X145.43 Y82.02
G0 X145.512 Y106.938
G0 X145.948 Y106.99
G0 X145.948 Y107.25
;TYPE:WALL-OUTER
G1 F1500 E907.74343
G1 F1200 X178.698 Y107.25 E909.10501
G1 X178.698 Y106.75 E909.1258
G1 X145.948 Y106.75 E910.48739
G1 F1107 X145.741 Y106.707 E910.49691
G1 F1100.9 X145.699 Y106.544 E910.50454
G1 F1195.2 X145.698 Y82.5 E911.50817
G1 F1333.3 X145.748 Y82.086 E911.52378
G1 F1500 X145.748 Y81.7 E911.53662
G1 X145.362 Y81.7 E911.54945
G1 F1333.3 X144.948 Y81.75 E911.56506
G1 F1197.6 X117.404 Y81.751 E912.71249
G1 F1190.5 X89.86 Y81.752 E913.8668
G1 F1100.9 X89.534 Y81.793 E913.88169
G1 F1025.6 X89.241 Y81.793 E913.89594
G1 X89.241 Y82.086 E913.9102
G1 F1107 X89.198 Y82.5 E913.92896
G1 F1195.2 X89.197 Y106.544 E914.93259
G1 F1102.9 X89.155 Y106.707 E914.9402
G1 F1098.9 X88.992 Y106.749 E914.94784
G1 F1195.2 X56.198 Y106.75 E916.31671
G1 F1200 X56.198 Y107.25 E916.3375
G1 F1195.2 X89.035 Y107.248 E917.70816
G1 F1098.9 X89.362 Y107.207 E917.72313
G1 F1023.9 X89.655 Y107.207 E917.7374
G1 X89.655 Y106.914 E917.75168
G1 F1102.9 X89.697 Y106.587 E917.76659
G1 F1195.2 X89.698 Y82.5 E918.77202
G1 F1107 X89.741 Y82.293 E918.78155
G1 F1100.9 X89.904 Y82.251 E918.78918
G1 F1190.5 X117.426 Y82.25 E919.94256
G1 F1197.6 X144.948 Y82.25 E921.08908
G1 F1200 X145.198 Y82.5 E921.10378
G1 F1195.2 X145.2 Y106.587 E922.10921
G1 F1100.9 X145.241 Y106.914 E922.12414
G1 F1025.6 X145.241 Y107.207 E922.1384
G1 X145.534 Y107.207 E922.15265
G1 F1107 X145.948 Y107.25 E922.17141
G1 F1500 E915.67141
G0 F9000 X145.948 Y106.99
G0 X145.43 Y107.07
G0 X145.43 Y108.165
G0 X145.52 Y126.785
G0 X145.198 Y153.25
G1 F1500 E922.17141
G1 F1200 X145.198 Y128.5 E923.20039
G1 F1088.9 X145.249 Y128.049 E923.22119
G1 F996.7 X145.249 Y127.749 E923.2362
G1 X145.549 Y127.749 E923.25122
G1 F1060.1 X145.857 Y127.713 E923.26581
G1 F1136.4 X178.685 Y127.711 E924.70707
G1 F1140.7 X178.685 Y128.237 E924.73008
G1 F1136.4 X145.902 Y128.238 E926.16936
G1 F1060.1 X145.748 Y128.274 E926.17681
G1 F1088.9 X145.698 Y128.5 E926.18741
G1 F1200 X145.698 Y153.25 E927.2164
G1 X145.198 Y153.25 E927.23718
G1 F1500 E920.73718
;MESH:NONMESH
G0 F300 X145.198 Y153.25 Z3.8
G0 F9000 X145.43 Y153.02
G0 X145.38 Y128.02
G0 X144.285 Y128.02
G0 X90.615 Y128.02
G0 X89.397 Y128.049
;TIME_ELAPSED:6514.706744
;LAYER:18
;TYPE:WALL-INNER
;MESH:MotorCar(1).stl
G1 F1500 E927.23718
G1 F1492.5 X89.322 Y128.006 E927.24007
G1 X89.322 Y128.092 E927.24295
G1 X89.397 Y128.049 E927.24584
G1 F1500 E920.74584
G0 F9000 X89.43 Y128.02
G0 X89.47 Y153.02
G0 X89.698 Y153.25
;TYPE:WALL-OUTER
G1 F1500 E927.24584
G1 F1200 X89.698 Y128.5 E928.27482
G1 F1333.3 X89.748 Y128.049 E928.2918
G1 F1500 X89.748 Y127.648 E928.30514
G1 X89.347 Y127.648 E928.31848
G1 F1295.9 X88.948 Y127.711 E928.33403
G1 F1140.7 X56.211 Y127.711 E929.76585
G1 X56.211 Y128.237 E929.78886
G1 X88.948 Y128.237 E931.22068
G1 F1169.6 X89.198 Y128.5 E931.23615
G1 F1200 X89.198 Y153.25 E932.26514
G1 X89.698 Y153.25 E932.28593
G1 F1500 E925.78593
G0 F9000 X89.47 Y153.02
G0 X89.38 Y128.07
G0 X89.38 Y126.785
G0 X55.297 Y108.153
G0 X55.297 Y105.847
G0 X88.285 Y82.076
G0 X145.408 Y82.086
;TYPE:WALL-INNER
G1 F1500 E932.28593
G1 F1612.9 X145.339 Y82.046 E932.28839
G1 X145.339 Y82.126 E932.29087
G1 X145.408 Y82.086 E932.29334
G1 F1500 E925.79334
G0 F9000 X145.43 Y82.02
G0 X145.512 Y106.938
G0 X145.948 Y106.99
G0 X145.948 Y107.25
;TYPE:WALL-OUTER
G1 F1500 E932.29334
G1 F1200 X178.698 Y107.25 E933.65492
G1 X178.698 Y106.75 E933.67571
G1 X145.948 Y106.75 E935.0373
G1 F1107 X145.741 Y106.707 E935.04683
G1 F1100.9 X145.699 Y106.544 E935.05445
G1 F1195.2 X145.698 Y82.5 E936.05809
G1 F1333.3 X145.748 Y82.086 E936.07369
G1 F1500 X145.748 Y81.7 E936.08653
G1 X145.362 Y81.7 E936.09937
G1 F1333.3 X144.948 Y81.75 E936.11497
G1 F1197.6 X117.404 Y81.751 E937.26241
G1 F1190.5 X89.86 Y81.752 E938.41671
G1 F1100.9 X89.534 Y81.793 E938.4316
G1 F1025.6 X89.241 Y81.793 E938.44586
G1 X89.241 Y82.086 E938.46011
G1 F1107 X89.198 Y82.5 E938.47887
G1 F1195.2 X89.197 Y106.544 E939.4825
G1 F1102.9 X89.155 Y106.707 E939.49011
G1 F1098.9 X88.992 Y106.749 E939.49775
G1 F1195.2 X56.198 Y106.75 E940.86662
G1 F1200 X56.198 Y107.25 E940.88741
G1 F1195.2 X89.035 Y107.248 E942.25808
G1 F1098.9 X89.362 Y107.207 E942.27304
G1 F1023.9 X89.655 Y107.207 E942.28731
G1 X89.655 Y106.914 E942.30159
G1 F1102.9 X89.697 Y106.587 E942.3165
G1 F1195.2 X89.698 Y82.5 E943.32193
G1 F1107 X89.741 Y82.293 E943.33146
G1 F1100.9 X89.904 Y82.251 E943.33909
G1 F1190.5 X117.426 Y82.25 E944.49247
G1 F1197.6 X144.948 Y82.25 E945.63899
G1 F1200 X145.198 Y82.5 E945.65369
G1 F1195.2 X145.2 Y106.587 E946.65912
G1 F1100.9 X145.241 Y106.914 E946.67405
G1 F1025.6 X145.241 Y107.207 E946.68831
G1 X145.534 Y107.207 E946.70256
G1 F1107 X145.948 Y107.25 E946.72132
G1 F1500 E940.22132
G0 F9000 X145.948 Y106.99
G0 X145.43 Y107.07
G0 X145.43 Y108.165
G0 X145.52 Y126.785
G0 X145.198 Y153.25
G1 F1500 E946.72132
G1 F1200 X145.198 Y128.5 E947.7503
G1 F1088.9 X145.249 Y128.049 E947.7711
G1 F996.7 X145.249 Y127.749 E947.78611
G1 X145.549 Y127.749 E947.80113
G1 F1060.1 X145.857 Y127.713 E947.81572
G1 F1136.4 X178.685 Y127.711 E949.25698
G1 F1140.7 X178.685 Y128.237 E949.27999
G1 F1136.4 X145.902 Y128.238 E950.71928
G1 F1060.1 X145.748 Y128.274 E950.72672
G1 F1088.9 X145.698 Y128.5 E950.73732
G1 F1200 X145.698 Y153.25 E951.76631
G1 X145.198 Y153.25 E951.7871
G1 F1500 E945.2871
;MESH:NONMESH
G0 F300 X145.198 Y153.25 Z4
G0 F9000 X145.43 Y153.02
G0 X145.38 Y128.02
G0 X144.285 Y128.02
G0 X90.615 Y128.02
G0 X89.397 Y128.049
;TIME_ELAPSED:6552.583492
;LAYER:19
;TYPE:WALL-INNER
;MESH:MotorCar(1).stl
G1 F1500 E951.7871
G1 F1492.5 X89.322 Y128.006 E951.78999
G1 X89.322 Y128.092 E951.79286
G1 X89.397 Y128.049 E951.79575
G1 F1500 E945.29575
G0 F9000 X89.43 Y128.02
G0 X89.47 Y153.02
G0 X89.698 Y153.25
;TYPE:WALL-OUTER
G1 F1500 E951.79575
G1 F1200 X89.698 Y128.5 E952.82474
G1 F1333.3 X89.748 Y128.049 E952.84171
G1 F1500 X89.748 Y127.648 E952.85505
G1 X89.347 Y127.648 E952.86839
G1 F1295.9 X88.948 Y127.711 E952.88394
G1 F1140.7 X56.211 Y127.711 E954.31576
G1 X56.211 Y128.237 E954.33877
G1 X88.948 Y128.237 E955.77059
G1 F1169.6 X89.198 Y128.5 E955.78607
G1 F1200 X89.198 Y153.25 E956.81505
G1 X89.698 Y153.25 E956.83584
G1 F1500 E950.33584
G0 F9000 X89.47 Y153.02
G0 X89.38 Y128.07
G0 X89.38 Y126.785
G0 X55.297 Y108.153
G0 X55.297 Y105.847
G0 X88.285 Y82.076
G0 X145.408 Y82.086
;TYPE:WALL-INNER
G1 F1500 E956.83584
G1 F1612.9 X145.339 Y82.046 E956.83831
G1 X145.339 Y82.126 E956.84078
G1 X145.408 Y82.086 E956.84325
G1 F1500 E950.34325
G0 F9000 X145.43 Y82.02
G0 X145.512 Y106.938
G0 X145.948 Y106.99
G0 X145.948 Y107.25
;TYPE:WALL-OUTER
G1 F1500 E956.84325
G1 F1200 X178.698 Y107.25 E958.20483
G1 X178.698 Y106.75 E958.22562
G1 X145.948 Y106.75 E959.58721
G1 F1107 X145.741 Y106.707 E959.59674
G1 F1100.9 X145.699 Y106.544 E959.60436
G1 F1195.2 X145.698 Y82.5 E960.608
G1 F1333.3 X145.748 Y82.086 E960.6236
G1 F1500 X145.748 Y81.7 E960.63644
G1 X145.362 Y81.7 E960.64928
G1 F1333.3 X144.948 Y81.75 E960.66488
G1 F1197.6 X117.404 Y81.751 E961.81232
G1 F1190.5 X89.86 Y81.752 E962.96662
G1 F1100.9 X89.534 Y81.793 E962.98151
G1 F1025.6 X89.241 Y81.793 E962.99577
G1 X89.241 Y82.086 E963.01002
G1 F1107 X89.198 Y82.5 E963.02878
G1 F1195.2 X89.197 Y106.544 E964.03241
G1 F1102.9 X89.155 Y106.707 E964.04002
G1 F1098.9 X88.992 Y106.749 E964.04767
G1 F1195.2 X56.198 Y106.75 E965.41653
G1 F1200 X56.198 Y107.25 E965.43732
G1 F1195.2 X89.035 Y107.248 E966.80799
G1 F1098.9 X89.362 Y107.207 E966.82295
G1 F1023.9 X89.655 Y107.207 E966.83723
G1 X89.655 Y106.914 E966.8515
G1 F1102.9 X89.697 Y106.587 E966.86642
G1 F1195.2 X89.698 Y82.5 E967.87184
G1 F1107 X89.741 Y82.293 E967.88137
G1 F1100.9 X89.904 Y82.251 E967.889
G1 F1190.5 X117.426 Y82.25 E969.04238
G1 F1197.6 X144.948 Y82.25 E970.1889
G1 F1200 X145.198 Y82.5 E970.2036
G1 F1195.2 X145.2 Y106.587 E971.20903
G1 F1100.9 X145.241 Y106.914 E971.22396
G1 F1025.6 X145.241 Y107.207 E971.23822
G1 X145.534 Y107.207 E971.25247
G1 F1107 X145.948 Y107.25 E971.27123
G1 F1500 E964.77123
G0 F9000 X145.948 Y106.99
G0 X145.43 Y107.07
G0 X145.43 Y108.165
G0 X145.52 Y126.785
G0 X145.198 Y153.25
G1 F1500 E971.27123
G1 F1200 X145.198 Y128.5 E972.30021
G1 F1088.9 X145.249 Y128.049 E972.32101
G1 F996.7 X145.249 Y127.749 E972.33602
G1 X145.549 Y127.749 E972.35104
G1 F1060.1 X145.857 Y127.713 E972.36564
G1 F1136.4 X178.685 Y127.711 E973.8069
G1 F1140.7 X178.685 Y128.237 E973.8299
G1 F1136.4 X145.902 Y128.238 E975.26919
G1 F1060.1 X145.748 Y128.274 E975.27663
G1 F1088.9 X145.698 Y128.5 E975.28723
G1 F1200 X145.698 Y153.25 E976.31622
G1 X145.198 Y153.25 E976.33701
G1 F1500 E969.83701
;MESH:NONMESH
G0 F300 X145.198 Y153.25 Z4.2
G0 F9000 X145.43 Y153.02
G0 X145.38 Y128.02
G0 X144.285 Y128.02
G0 X90.615 Y128.02
G0 X89.397 Y128.049
;TIME_ELAPSED:6590.460240
;LAYER:20
;TYPE:WALL-INNER
;MESH:MotorCar(1).stl
G1 F1500 E976.33701
G1 F1492.5 X89.322 Y128.006 E976.3399
G1 X89.322 Y128.092 E976.34277
G1 X89.397 Y128.049 E976.34566
G1 F1500 E969.84566
G0 F9000 X89.43 Y128.02
G0 X89.47 Y153.02
G0 X89.698 Y153.25
;TYPE:WALL-OUTER
G1 F1500 E976.34566
G1 F1200 X89.698 Y128.5 E977.37465
G1 F1333.3 X89.748 Y128.049 E977.39163
G1 F1500 X89.748 Y127.648 E977.40496
G1 X89.347 Y127.648 E977.4183
G1 F1295.9 X88.948 Y127.711 E977.43385
G1 F1140.7 X56.211 Y127.711 E978.86567
G1 X56.211 Y128.237 E978.88868
G1 X88.948 Y128.237 E980.3205
G1 F1169.6 X89.198 Y128.5 E980.33598
G1 F1200 X89.198 Y153.25 E981.36496
G1 X89.698 Y153.25 E981.38575
G1 F1500 E974.88575
G0 F9000 X89.47 Y153.02
G0 X89.38 Y128.07
G0 X89.38 Y126.785
G0 X55.297 Y108.153
G0 X55.297 Y105.847
G0 X88.285 Y82.076
G0 X145.408 Y82.086
;TYPE:WALL-INNER
G1 F1500 E981.38575
G1 F1612.9 X145.339 Y82.046 E981.38822
G1 X145.339 Y82.126 E981.39069
G1 X145.408 Y82.086 E981.39316
G1 F1500 E974.89316
G0 F9000 X145.43 Y82.02
G0 X145.512 Y106.938
G0 X145.948 Y106.99
G0 X145.948 Y107.25
;TYPE:WALL-OUTER
G1 F1500 E981.39316
G1 F1200 X178.698 Y107.25 E982.75475
G1 X178.698 Y106.75 E982.77553
G1 X145.948 Y106.75 E984.13712
G1 F1107 X145.741 Y106.707 E984.14665
G1 F1100.9 X145.699 Y106.544 E984.15428
G1 F1195.2 X145.698 Y82.5 E985.15791
G1 F1333.3 X145.748 Y82.086 E985.17351
G1 F1500 X145.748 Y81.7 E985.18635
G1 X145.362 Y81.7 E985.19919
G1 F1333.3 X144.948 Y81.75 E985.21479
G1 F1197.6 X117.404 Y81.751 E986.36223
G1 F1190.5 X89.86 Y81.752 E987.51654
G1 F1100.9 X89.534 Y81.793 E987.53143
G1 F1025.6 X89.241 Y81.793 E987.54568
G1 X89.241 Y82.086 E987.55993
G1 F1107 X89.198 Y82.5 E987.57869
G1 F1195.2 X89.197 Y106.544 E988.58232
G1 F1102.9 X89.155 Y106.707 E988.58993
G1 F1098.9 X88.992 Y106.749 E988.59758
G1 F1195.2 X56.198 Y106.75 E989.96645
G1 F1200 X56.198 Y107.25 E989.98723
G1 F1195.2 X89.035 Y107.248 E991.3579
G1 F1098.9 X89.362 Y107.207 E991.37286
G1 F1023.9 X89.655 Y107.207 E991.38714
G1 X89.655 Y106.914 E991.40141
G1 F1102.9 X89.697 Y106.587 E991.41633
G1 F1195.2 X89.698 Y82.5 E992.42175
G1 F1107 X89.741 Y82.293 E992.43128
G1 F1100.9 X89.904 Y82.251 E992.43891
G1 F1190.5 X117.426 Y82.25 E993.5923
G1 F1197.6 X144.948 Y82.25 E994.73882
G1 F1200 X145.198 Y82.5 E994.75351
G1 F1195.2 X145.2 Y106.587 E995.75894
G1 F1100.9 X145.241 Y106.914 E995.77388
G1 F1025.6 X145.241 Y107.207 E995.78813
G1 X145.534 Y107.207 E995.80238
G1 F1107 X145.948 Y107.25 E995.82114
G1 F1500 E989.32114
G0 F9000 X145.948 Y106.99
G0 X145.43 Y107.07
G0 X145.43 Y108.165
G0 X145.52 Y126.785
G0 X145.198 Y153.25
G1 F1500 E995.82114
G1 F1200 X145.198 Y128.5 E996.85012
G1 F1088.9 X145.249 Y128.049 E996.87092
G1 F996.7 X145.249 Y127.749 E996.88594
G1 X145.549 Y127.749 E996.90095
G1 F1060.1 X145.857 Y127.713 E996.91555
G1 F1136.4 X178.685 Y127.711 E998.35681
G1 F1140.7 X178.685 Y128.237 E998.37981
G1 F1136.4 X145.902 Y128.238 E999.8191
G1 F1060.1 X145.748 Y128.274 E999.82654
G1 F1088.9 X145.698 Y128.5 E999.83715
G1 F1200 X145.698 Y153.25 E1000.86613
G1 X145.198 Y153.25 E1000.88692
G1 F1500 E994.38692
;MESH:NONMESH
G0 F300 X145.198 Y153.25 Z4.4
G0 F9000 X145.43 Y153.02
G0 X145.38 Y128.02
G0 X144.285 Y128.02
G0 X90.615 Y128.02
G0 X89.397 Y128.049
;TIME_ELAPSED:6628.336988
;LAYER:21
;TYPE:WALL-INNER
;MESH:MotorCar(1).stl
G1 F1500 E1000.88692
G1 F1492.5 X89.322 Y128.006 E1000.88981
G1 X89.322 Y128.092 E1000.89268
G1 X89.397 Y128.049 E1000.89557
G1 F1500 E994.39557
G0 F9000 X89.43 Y128.02
G0 X89.47 Y153.02
G0 X89.698 Y153.25
;TYPE:WALL-OUTER
G1 F1500 E1000.89557
G1 F1200 X89.698 Y128.5 E1001.92456
G1 F1333.3 X89.748 Y128.049 E1001.94154
G1 F1500 X89.748 Y127.648 E1001.95487
G1 X89.347 Y127.648 E1001.96821
G1 F1295.9 X88.948 Y127.711 E1001.98376
G1 F1140.7 X56.211 Y127.711 E1003.41558
G1 X56.211 Y128.237 E1003.43859
G1 X88.948 Y128.237 E1004.87041
G1 F1169.6 X89.198 Y128.5 E1004.88589
G1 F1200 X89.198 Y153.25 E1005.91487
G1 X89.698 Y153.25 E1005.93566
G1 F1500 E999.43566
G0 F9000 X89.47 Y153.02
G0 X89.38 Y128.07
G0 X89.38 Y126.785
G0 X55.297 Y108.153
G0 X55.297 Y105.847
G0 X88.285 Y82.076
G0 X145.408 Y82.086
;TYPE:WALL-INNER
G1 F1500 E1005.93566
G1 F1612.9 X145.339 Y82.046 E1005.93813
G1 X145.339 Y82.126 E1005.9406
G1 X145.408 Y82.086 E1005.94307
G1 F1500 E999.44307
G0 F9000 X145.43 Y82.02
G0 X145.512 Y106.938
G0 X145.948 Y106.99
G0 X145.948 Y107.25
;TYPE:WALL-OUTER
G1 F1500 E1005.94307
G1 F1200 X178.698 Y107.25 E1007.30466
G1 X178.698 Y106.75 E1007.32544
G1 X145.948 Y106.75 E1008.68703
G1 F1107 X145.741 Y106.707 E1008.69656
G1 F1100.9 X145.699 Y106.544 E1008.70419
G1 F1195.2 X145.698 Y82.5 E1009.70782
G1 F1333.3 X145.748 Y82.086 E1009.72342
G1 F1500 X145.748 Y81.7 E1009.73626
G1 X145.362 Y81.7 E1009.7491
G1 F1333.3 X144.948 Y81.75 E1009.7647
G1 F1197.6 X117.404 Y81.751 E1010.91214
G1 F1190.5 X89.86 Y81.752 E1012.06645
G1 F1100.9 X89.534 Y81.793 E1012.08134
G1 F1025.6 X89.241 Y81.793 E1012.09559
G1 X89.241 Y82.086 E1012.10984
G1 F1107 X89.198 Y82.5 E1012.1286
G1 F1195.2 X89.197 Y106.544 E1013.13223
G1 F1102.9 X89.155 Y106.707 E1013.13985
G1 F1098.9 X88.992 Y106.749 E1013.14749
G1 F1195.2 X56.198 Y106.75 E1014.51636
G1 F1200 X56.198 Y107.25 E1014.53714
G1 F1195.2 X89.035 Y107.248 E1015.90781
G1 F1098.9 X89.362 Y107.207 E1015.92277
G1 F1023.9 X89.655 Y107.207 E1015.93705
G1 X89.655 Y106.914 E1015.95132
G1 F1102.9 X89.697 Y106.587 E1015.96624
G1 F1195.2 X89.698 Y82.5 E1016.97166
G1 F1107 X89.741 Y82.293 E1016.98119
G1 F1100.9 X89.904 Y82.251 E1016.98882
G1 F1190.5 X117.426 Y82.25 E1018.14221
G1 F1197.6 X144.948 Y82.25 E1019.28873
G1 F1200 X145.198 Y82.5 E1019.30343
G1 F1195.2 X145.2 Y106.587 E1020.30885
G1 F1100.9 X145.241 Y106.914 E1020.32379
G1 F1025.6 X145.241 Y107.207 E1020.33804
G1 X145.534 Y107.207 E1020.35229
G1 F1107 X145.948 Y107.25 E1020.37105
G1 F1500 E1013.87105
G0 F9000 X145.948 Y106.99
G0 X145.43 Y107.07
G0 X145.43 Y108.165
G0 X145.52 Y126.785
G0 X145.198 Y153.25
G1 F1500 E1020.37105
G1 F1200 X145.198 Y128.5 E1021.40004
G1 F1088.9 X145.249 Y128.049 E1021.42083
G1 F996.7 X145.249 Y127.749 E1021.43585
G1 X145.549 Y127.749 E1021.45086
G1 F1060.1 X145.857 Y127.713 E1021.46546
G1 F1136.4 X178.685 Y127.711 E1022.90672
G1 F1140.7 X178.685 Y128.237 E1022.92972
G1 F1136.4 X145.902 Y128.238 E1024.36901
G1 F1060.1 X145.748 Y128.274 E1024.37645
G1 F1088.9 X145.698 Y128.5 E1024.38706
G1 F1200 X145.698 Y153.25 E1025.41604
G1 X145.198 Y153.25 E1025.43683
G1 F1500 E1018.93683
;MESH:NONMESH
G0 F300 X145.198 Y153.25 Z4.6
G0 F9000 X145.43 Y153.02
G0 X145.38 Y128.02
G0 X144.285 Y128.02
G0 X90.615 Y128.02
G0 X89.397 Y128.049
;TIME_ELAPSED:6666.213736
;LAYER:22
;TYPE:WALL-INNER
;MESH:MotorCar(1).stl
G1 F1500 E1025.43683
G1 F1492.5 X89.322 Y128.006 E1025.43972
G1 X89.322 Y128.092 E1025.44259
G1 X89.397 Y128.049 E1025.44548
G1 F1500 E1018.94548
G0 F9000 X89.43 Y128.02
G0 X89.47 Y153.02
G0 X89.698 Y153.25
;TYPE:WALL-OUTER
G1 F1500 E1025.44548
G1 F1200 X89.698 Y128.5 E1026.47447
G1 F1333.3 X89.748 Y128.049 E1026.49145
G1 F1500 X89.748 Y127.648 E1026.50478
G1 X89.347 Y127.648 E1026.51812
G1 F1295.9 X88.948 Y127.711 E1026.53367
G1 F1140.7 X56.211 Y127.711 E1027.96549
G1 X56.211 Y128.237 E1027.9885
G1 X88.948 Y128.237 E1029.42032
G1 F1169.6 X89.198 Y128.5 E1029.4358
G1 F1200 X89.198 Y153.25 E1030.46478
G1 X89.698 Y153.25 E1030.48557
G1 F1500 E1023.98557
G0 F9000 X89.47 Y153.02
G0 X89.38 Y128.07
G0 X89.38 Y126.785
G0 X55.297 Y108.153
G0 X55.297 Y105.847
G0 X88.285 Y82.076
G0 X145.408 Y82.086
;TYPE:WALL-INNER
G1 F1500 E1030.48557
G1 F1612.9 X145.339 Y82.046 E1030.48804
G1 X145.339 Y82.126 E1030.49051
G1 X145.408 Y82.086 E1030.49298
G1 F1500 E1023.99298
G0 F9000 X145.43 Y82.02
G0 X145.512 Y106.938
G0 X145.948 Y106.99
G0 X145.948 Y107.25
;TYPE:WALL-OUTER
G1 F1500 E1030.49298
G1 F1200 X178.698 Y107.25 E1031.85457
G1 X178.698 Y106.75 E1031.87535
G1 X145.948 Y106.75 E1033.23694
G1 F1107 X145.741 Y106.707 E1033.24647
G1 F1100.9 X145.699 Y106.544 E1033.2541
G1 F1195.2 X145.698 Y82.5 E1034.25773
G1 F1333.3 X145.748 Y82.086 E1034.27333
G1 F1500 X145.748 Y81.7 E1034.28617
G1 X145.362 Y81.7 E1034.29901
G1 F1333.3 X144.948 Y81.75 E1034.31461
G1 F1197.6 X117.404 Y81.751 E1035.46205
G1 F1190.5 X89.86 Y81.752 E1036.61636
G1 F1100.9 X89.534 Y81.793 E1036.63125
G1 F1025.6 X89.241 Y81.793 E1036.6455
G1 X89.241 Y82.086 E1036.65975
G1 F1107 X89.198 Y82.5 E1036.67851
G1 F1195.2 X89.197 Y106.544 E1037.68214
G1 F1102.9 X89.155 Y106.707 E1037.68976
G1 F1098.9 X88.992 Y106.749 E1037.6974
G1 F1195.2 X56.198 Y106.75 E1039.06627
G1 F1200 X56.198 Y107.25 E1039.08706
G1 F1195.2 X89.035 Y107.248 E1040.45772
G1 F1098.9 X89.362 Y107.207 E1040.47268
G1 F1023.9 X89.655 Y107.207 E1040.48696
G1 X89.655 Y106.914 E1040.50124
G1 F1102.9 X89.697 Y106.587 E1040.51615
G1 F1195.2 X89.698 Y82.5 E1041.52158
G1 F1107 X89.741 Y82.293 E1041.5311
G1 F1100.9 X89.904 Y82.251 E1041.53873
G1 F1190.5 X117.426 Y82.25 E1042.69212
G1 F1197.6 X144.948 Y82.25 E1043.83864
G1 F1200 X145.198 Y82.5 E1043.85334
G1 F1195.2 X145.2 Y106.587 E1044.85876
G1 F1100.9 X145.241 Y106.914 E1044.8737
G1 F1025.6 X145.241 Y107.207 E1044.88795
G1 X145.534 Y107.207 E1044.9022
G1 F1107 X145.948 Y107.25 E1044.92096
G1 F1500 E1038.42096
G0 F9000 X145.948 Y106.99
G0 X145.43 Y107.07
G0 X145.43 Y108.165
G0 X145.52 Y126.785
G0 X145.198 Y153.25
G1 F1500 E1044.92096
G1 F1200 X145.198 Y128.5 E1045.94995
G1 F1088.9 X145.249 Y128.049 E1045.97074
G1 F996.7 X145.249 Y127.749 E1045.98576
G1 X145.549 Y127.749 E1046.00078
G1 F1060.1 X145.857 Y127.713 E1046.01537
G1 F1136.4 X178.685 Y127.711 E1047.45663
G1 F1140.7 X178.685 Y128.237 E1047.47963
G1 F1136.4 X145.902 Y128.238 E1048.91892
G1 F1060.1 X145.748 Y128.274 E1048.92636
G1 F1088.9 X145.698 Y128.5 E1048.93697
G1 F1200 X145.698 Y153.25 E1049.96595
G1 X145.198 Y153.25 E1049.98674
G1 F1500 E1043.48674
;MESH:NONMESH
G0 F300 X145.198 Y153.25 Z4.8
G0 F9000 X145.43 Y153.02
G0 X145.38 Y128.02
G0 X144.285 Y128.02
G0 X90.615 Y128.02
G0 X89.397 Y128.049
;TIME_ELAPSED:6704.090484
;LAYER:23
;TYPE:WALL-INNER
;MESH:MotorCar(1).stl
G1 F1500 E1049.98674
G1 F1492.5 X89.322 Y128.006 E1049.98963
G1 X89.322 Y128.092 E1049.9925
G1 X89.397 Y128.049 E1049.99539
G1 F1500 E1043.49539
G0 F9000 X89.43 Y128.02
G0 X89.47 Y153.02
G0 X89.698 Y153.25
;TYPE:WALL-OUTER
G1 F1500 E1049.99539
G1 F1200 X89.698 Y128.5 E1051.02438
G1 F1333.3 X89.748 Y128.049 E1051.04136
G1 F1500 X89.748 Y127.648 E1051.0547
G1 X89.347 Y127.648 E1051.06803
G1 F1295.9 X88.948 Y127.711 E1051.08358
G1 F1140.7 X56.211 Y127.711 E1052.51541
G1 X56.211 Y128.237 E1052.53841
G1 X88.948 Y128.237 E1053.97023
G1 F1169.6 X89.198 Y128.5 E1053.98571
G1 F1200 X89.198 Y153.25 E1055.0147
G1 X89.698 Y153.25 E1055.03548
G1 F1500 E1048.53548
G0 F9000 X89.47 Y153.02
G0 X89.38 Y128.07
G0 X89.38 Y126.785
G0 X55.297 Y108.153
G0 X55.297 Y105.847
G0 X88.285 Y82.076
G0 X145.408 Y82.086
;TYPE:WALL-INNER
G1 F1500 E1055.03548
G1 F1612.9 X145.339 Y82.046 E1055.03795
G1 X145.339 Y82.126 E1055.04042
G1 X145.408 Y82.086 E1055.04289
G1 F1500 E1048.54289
G0 F9000 X145.43 Y82.02
G0 X145.512 Y106.938
G0 X145.948 Y106.99
G0 X145.948 Y107.25
;TYPE:WALL-OUTER
G1 F1500 E1055.04289
G1 F1200 X178.698 Y107.25 E1056.40448
G1 X178.698 Y106.75 E1056.42527
G1 X145.948 Y106.75 E1057.78685
G1 F1107 X145.741 Y106.707 E1057.79638
G1 F1100.9 X145.699 Y106.544 E1057.80401
G1 F1195.2 X145.698 Y82.5 E1058.80764
G1 F1333.3 X145.748 Y82.086 E1058.82324
G1 F1500 X145.748 Y81.7 E1058.83608
G1 X145.362 Y81.7 E1058.84892
G1 F1333.3 X144.948 Y81.75 E1058.86452
G1 F1197.6 X117.404 Y81.751 E1060.01196
G1 F1190.5 X89.86 Y81.752 E1061.16627
G1 F1100.9 X89.534 Y81.793 E1061.18116
G1 F1025.6 X89.241 Y81.793 E1061.19541
G1 X89.241 Y82.086 E1061.20966
G1 F1107 X89.198 Y82.5 E1061.22842
G1 F1195.2 X89.197 Y106.544 E1062.23205
G1 F1102.9 X89.155 Y106.707 E1062.23967
G1 F1098.9 X88.992 Y106.749 E1062.24731
G1 F1195.2 X56.198 Y106.75 E1063.61618
G1 F1200 X56.198 Y107.25 E1063.63697
G1 F1195.2 X89.035 Y107.248 E1065.00763
G1 F1098.9 X89.362 Y107.207 E1065.02259
G1 F1023.9 X89.655 Y107.207 E1065.03687
G1 X89.655 Y106.914 E1065.05115
G1 F1102.9 X89.697 Y106.587 E1065.06606
G1 F1195.2 X89.698 Y82.5 E1066.07149
G1 F1107 X89.741 Y82.293 E1066.08101
G1 F1100.9 X89.904 Y82.251 E1066.08864
G1 F1190.5 X117.426 Y82.25 E1067.24203
G1 F1197.6 X144.948 Y82.25 E1068.38855
G1 F1200 X145.198 Y82.5 E1068.40325
G1 F1195.2 X145.2 Y106.587 E1069.40867
G1 F1100.9 X145.241 Y106.914 E1069.42361
G1 F1025.6 X145.241 Y107.207 E1069.43786
G1 X145.534 Y107.207 E1069.45211
G1 F1107 X145.948 Y107.25 E1069.47087
G1 F1500 E1062.97087
G0 F9000 X145.948 Y106.99
G0 X145.43 Y107.07
G0 X145.43 Y108.165
G0 X145.52 Y126.785
G0 X145.198 Y153.25
G1 F1500 E1069.47087
G1 F1200 X145.198 Y128.5 E1070.49986
G1 F1088.9 X145.249 Y128.049 E1070.52065
G1 F996.7 X145.249 Y127.749 E1070.53567
G1 X145.549 Y127.749 E1070.55069
G1 F1060.1 X145.857 Y127.713 E1070.56528
G1 F1136.4 X178.685 Y127.711 E1072.00654
G1 F1140.7 X178.685 Y128.237 E1072.02955
G1 F1136.4 X145.902 Y128.238 E1073.46883
G1 F1060.1 X145.748 Y128.274 E1073.47627
G1 F1088.9 X145.698 Y128.5 E1073.48688
G1 F1200 X145.698 Y153.25 E1074.51586
G1 X145.198 Y153.25 E1074.53665
G1 F1500 E1068.03665
;MESH:NONMESH
G0 F300 X145.198 Y153.25 Z5
G0 F9000 X145.43 Y153.02
G0 X145.38 Y128.02
G0 X144.285 Y128.02
G0 X90.615 Y128.02
G0 X89.397 Y128.049
;TIME_ELAPSED:6741.967233
;LAYER:24
;TYPE:WALL-INNER
;MESH:MotorCar(1).stl
G1 F1500 E1074.53665
G1 F1492.5 X89.322 Y128.006 E1074.53954
G1 X89.322 Y128.092 E1074.54242
G1 X89.397 Y128.049 E1074.54531
G1 F1500 E1068.04531
G0 F9000 X89.43 Y128.02
G0 X89.47 Y153.02
G1 F1500 E1074.54531
G0 F9000 X89.698 Y153.25
;TYPE:WALL-OUTER
G1 F1200 X89.698 Y128.5 E1075.57429
G1 F1333.3 X89.748 Y128.049 E1075.59127
G1 F1500 X89.748 Y127.648 E1075.60461
G1 X89.347 Y127.648 E1075.61794
G1 F1295.9 X88.948 Y127.711 E1075.6335
G1 F1140.7 X56.211 Y127.711 E1077.06532
G1 X56.211 Y128.237 E1077.08832
G1 X88.948 Y128.237 E1078.52014
G1 F1169.6 X89.198 Y128.5 E1078.53562
G1 F1200 X89.198 Y153.25 E1079.56461
G1 X89.698 Y153.25 E1079.58539
G1 F1500 E1073.08539
G0 F9000 X89.47 Y153.02
G0 X89.38 Y128.07
G0 X89.38 Y126.785
G0 X55.297 Y108.153
G0 X55.297 Y105.847
G0 X88.285 Y82.076
G0 X145.408 Y82.086
;TYPE:WALL-INNER
G1 F1500 E1079.58539
G1 F1612.9 X145.339 Y82.046 E1079.58786
G1 X145.339 Y82.126 E1079.59034
G1 X145.408 Y82.086 E1079.5928
G1 F1500 E1073.0928
G0 F9000 X145.43 Y82.02
G0 X145.512 Y106.938
G0 X145.948 Y106.99
G1 F1500 E1079.5928
G0 F9000 X145.948 Y107.25
;TYPE:WALL-OUTER
G1 F1200 X178.698 Y107.25 E1080.95439
G1 X178.698 Y106.75 E1080.97518
G1 X145.948 Y106.75 E1082.33676
G1 F1107 X145.741 Y106.707 E1082.34629
G1 F1100.9 X145.699 Y106.544 E1082.35392
G1 F1195.2 X145.698 Y82.5 E1083.35755
G1 F1333.3 X145.748 Y82.086 E1083.37316
G1 F1500 X145.748 Y81.7 E1083.38599
G1 X145.362 Y81.7 E1083.39883
G1 F1333.3 X144.948 Y81.75 E1083.41444
G1 F1197.6 X117.404 Y81.751 E1084.56187
G1 F1190.5 X89.86 Y81.752 E1085.71618
G1 F1100.9 X89.534 Y81.793 E1085.73107
G1 F1025.6 X89.241 Y81.793 E1085.74532
G1 X89.241 Y82.086 E1085.75957
G1 F1107 X89.198 Y82.5 E1085.77833
G1 F1195.2 X89.197 Y106.544 E1086.78196
G1 F1102.9 X89.155 Y106.707 E1086.78958
G1 F1098.9 X88.992 Y106.749 E1086.79722
G1 F1195.2 X56.198 Y106.75 E1088.16609
G1 F1200 X56.198 Y107.25 E1088.18688
G1 F1195.2 X89.035 Y107.248 E1089.55754
G1 F1098.9 X89.362 Y107.207 E1089.5725
G1 F1023.9 X89.655 Y107.207 E1089.58678
G1 X89.655 Y106.914 E1089.60106
G1 F1102.9 X89.697 Y106.587 E1089.61597
G1 F1195.2 X89.698 Y82.5 E1090.6214
G1 F1107 X89.741 Y82.293 E1090.63093
G1 F1100.9 X89.904 Y82.251 E1090.63855
G1 F1190.5 X117.426 Y82.25 E1091.79194
G1 F1197.6 X144.948 Y82.25 E1092.93846
G1 F1200 X145.198 Y82.5 E1092.95316
G1 F1195.2 X145.2 Y106.587 E1093.95859
G1 F1100.9 X145.241 Y106.914 E1093.97352
G1 F1025.6 X145.241 Y107.207 E1093.98777
G1 X145.534 Y107.207 E1094.00202
G1 F1107 X145.948 Y107.25 E1094.02078
G1 F1500 E1087.52078
G0 F9000 X145.948 Y106.99
G0 X145.43 Y107.07
G0 X145.43 Y108.165
G0 X145.52 Y126.785
G0 X145.198 Y153.25
G1 F1500 E1094.02078
G1 F1200 X145.198 Y128.5 E1095.04977
G1 F1088.9 X145.249 Y128.049 E1095.07056
G1 F996.7 X145.249 Y127.749 E1095.08558
G1 X145.549 Y127.749 E1095.1006
G1 F1060.1 X145.857 Y127.713 E1095.11519
G1 F1136.4 X178.685 Y127.711 E1096.55645
G1 F1140.7 X178.685 Y128.237 E1096.57946
G1 F1136.4 X145.902 Y128.238 E1098.01874
G1 F1060.1 X145.748 Y128.274 E1098.02618
G1 F1088.9 X145.698 Y128.5 E1098.03679
G1 F1200 X145.698 Y153.25 E1099.06577
G1 X145.198 Y153.25 E1099.08656
;TIME_ELAPSED:6778.417904
G1 F1500 E1092.58656
M140 S0
M107
G91 ;Relative positioning
G1 E-2 F2700 ;Retract a bit
G1 E-2 Z0.2 F2400 ;Retract and raise Z
G1 X5 Y5 F3000 ;Wipe out
G1 Z10 ;Raise Z more
G90 ;Absolute positioning

G1 X0 Y235 ;Present print
M106 S0 ;Turn-off fan
M104 S0 ;Turn-off hotend
M140 S0 ;Turn-off bed

M84 X Y E ;Disable all steppers but Z

M82 ;absolute extrusion mode
M104 S0
;End of Gcode
;SETTING_3 {"global_quality": "[general]\\nversion = 4\\nname = Standard Quality
;SETTING_3  #2\\ndefinition = creality_base\\n\\n[metadata]\\ntype = quality_cha
;SETTING_3 nges\\nquality_type = standard\\nsetting_version = 24\\n\\n[values]\\
;SETTING_3 n\\n", "extruder_quality": ["[general]\\nversion = 4\\nname = Standar
;SETTING_3 d Quality #2\\ndefinition = creality_cr6se\\n\\n[metadata]\\ntype = q
;SETTING_3 uality_changes\\nquality_type = standard\\nsetting_version = 24\\npos
;SETTING_3 ition = 0\\n\\n[values]\\nbottom_layers = 2\\nmaterial_print_temperat
;SETTING_3 ure = 220.0\\ntop_layers = 2\\n\\n"]}
