;FLAVOR:Marlin
;TIME:2111
;Filament used: 0.901504m
;Layer height: 0.16
;MINX:84.701
;MINY:77.539
;MINZ:0.2
;MAXX:150.3
;MAXY:157.455
;MAXZ:1
;TARGET_MACHINE.NAME:Creality CR-6 SE
;Generated with Cura_SteamEngine 5.9.1
M140 S60
M105
M190 S60
M104 S230
M105
M109 S230
M82 ;absolute extrusion mode
M201 X500.00 Y500.00 Z100.00 E5000.00 ;Setup machine max acceleration
M203 X500.00 Y500.00 Z10.00 E50.00 ;Setup machine max feedrate
M204 P500.00 R1000.00 T500.00 ;Setup Print/Retract/Travel acceleration
M205 X8.00 Y8.00 Z0.40 E5.00 ;Setup Jerk
M220 S100 ;Reset Feedrate
M221 S100 ;Reset Flowrate

G28 ;Home

G92 E0 ;Reset Extruder
G1 Z2.0 F3000 ;Move Z Axis up
G1 X10.1 Y20 Z0.28 F5000.0 ;Move to start position
G1 X10.1 Y200.0 Z0.28 F1500.0 E15 ;Draw the first line
G1 X10.4 Y200.0 Z0.28 F5000.0 ;Move to side a little
G1 X10.4 Y20 Z0.28 F1500.0 E30 ;Draw the second line
G92 E0 ;Reset Extruder
G1 Z2.0 F3000 ;Move Z Axis up

G92 E0
G92 E0
G1 F1500 E-6.5
;LAYER_COUNT:5
;LAYER:0
M107
G0 F6000 X122.676 Y157.262 Z0.2
;TYPE:SKIRT
G1 F1500 E0
G1 F1200 X121.432 Y157.396 E0.04161
G1 X120.137 Y157.455 E0.08473
G1 X119.119 Y157.438 E0.1186
G1 X117.616 Y157.395 E0.16861
G1 X116.001 Y157.368 E0.22233
G1 X114.505 Y157.307 E0.27213
G1 X113.477 Y157.234 E0.3064
G1 X111.502 Y157.049 E0.37238
G1 X109.889 Y156.852 E0.42643
G1 X108.592 Y156.67 E0.46999
G1 X106.775 Y156.366 E0.53126
G1 X105.872 Y156.228 E0.56164
G1 X104.88 Y156.053 E0.59515
G1 X104.018 Y155.863 E0.62451
G1 X101.522 Y155.205 E0.71036
G1 X99.321 Y154.641 E0.78593
G1 X98.726 Y154.47 E0.80652
G1 X97.205 Y153.983 E0.85964
G1 X95.179 Y153.298 E0.93077
G1 X94.785 Y153.155 E0.94471
G1 X94.152 Y152.907 E0.96733
G1 X93.677 Y152.706 E0.98448
G1 X92.786 Y152.281 E1.01731
G1 X92.259 Y151.998 E1.03721
G1 X91.432 Y151.505 E1.06923
G1 X90.903 Y151.134 E1.09072
G1 X90.378 Y150.742 E1.11251
G1 X89.634 Y150.131 E1.14454
G1 X89.159 Y149.679 E1.16634
G1 X88.78 Y149.293 E1.18434
G1 X88.158 Y148.602 E1.21526
G1 X87.831 Y148.187 E1.23283
G1 X87.494 Y147.735 E1.25158
G1 X86.944 Y146.921 E1.28426
G1 X86.386 Y145.893 E1.32316
G1 X86.066 Y145.209 E1.34828
G1 X85.697 Y144.317 E1.38038
G1 X85.474 Y143.635 E1.40425
G1 X85.294 Y143.015 E1.42572
G1 X85.074 Y142.101 E1.45699
G1 X84.911 Y140.959 E1.49536
G1 X84.771 Y139.386 E1.54788
G1 X84.733 Y138.734 E1.56961
G1 X84.701 Y137.382 E1.61459
G1 X84.709 Y136.199 E1.65393
G1 X84.828 Y132.884 E1.76426
G1 X84.846 Y132.656 E1.77187
G1 X84.872 Y131.825 E1.79952
G1 X84.899 Y130.16 E1.85491
G1 X84.928 Y129.155 E1.88835
G1 X84.962 Y128.551 E1.90847
G1 X85.078 Y127.293 E1.95049
G1 X85.425 Y122.83 E2.09938
G1 X85.486 Y121.796 E2.13383
G1 X85.619 Y119.993 E2.19396
G1 X85.708 Y119.051 E2.22543
G1 X85.798 Y118.238 E2.25263
G1 X86.006 Y115.746 E2.33581
G1 X86.141 Y113.242 E2.41921
G1 X86.206 Y110.708 E2.50352
G1 X86.19 Y107.519 E2.60959
G1 X86.238 Y105.875 E2.66429
G1 X86.269 Y105.212 E2.68637
G1 X86.316 Y101.478 E2.81057
G1 X86.31 Y100.612 E2.83937
G1 X86.349 Y99.639 E2.87176
G1 X86.469 Y98.704 E2.90311
G1 X86.733 Y97.54 E2.94281
G1 X86.844 Y97.152 E2.95623
G1 X87.168 Y96.194 E2.98987
G1 X87.56 Y95.303 E3.02225
G1 X88.03 Y94.45 E3.05464
G1 X88.574 Y93.642 E3.08704
G1 X89.189 Y92.882 E3.11955
G1 X89.923 Y92.128 E3.15455
G1 X90.449 Y91.638 E3.17846
G1 X92.387 Y89.783 E3.26769
G1 X93.307 Y88.855 E3.31115
G1 X94.235 Y87.953 E3.3542
G1 X94.91 Y87.352 E3.38426
G1 X95.748 Y86.73 E3.41897
G1 X96.578 Y86.223 E3.45131
G1 X97.385 Y85.821 E3.4813
G1 X98.65 Y85.255 E3.52739
G1 X100.059 Y84.657 E3.5783
G1 X100.887 Y84.318 E3.60806
G1 X103.231 Y83.281 E3.69331
G1 X105.503 Y82.2 E3.777
G1 X107.724 Y81.063 E3.85999
G1 X110.491 Y79.546 E3.96494
G1 X110.928 Y79.32 E3.9813
G1 X111.708 Y78.938 E4.01019
G1 X112.271 Y78.682 E4.03076
G1 X112.727 Y78.491 E4.0472
G1 X113.625 Y78.162 E4.07901
G1 X114.56 Y77.909 E4.11123
G1 X114.948 Y77.822 E4.12446
G1 X115.838 Y77.664 E4.15452
G1 X116.78 Y77.572 E4.186
G1 X117.682 Y77.539 E4.21602
G1 X118.727 Y77.595 E4.25083
G1 X119.677 Y77.732 E4.28275
G1 X120.241 Y77.855 E4.30195
G1 X120.977 Y78.045 E4.32723
G1 X121.587 Y78.223 E4.34837
G1 X122.47 Y78.523 E4.37938
G1 X122.975 Y78.735 E4.3976
G1 X123.531 Y78.985 E4.41788
G1 X124.299 Y79.367 E4.44641
G1 X125.272 Y79.902 E4.48334
G1 X125.846 Y80.229 E4.50531
G1 X128.025 Y81.393 E4.58748
G1 X130.289 Y82.518 E4.67156
G1 X132.577 Y83.575 E4.75539
G1 X134.936 Y84.586 E4.84075
G1 X135.982 Y85.01 E4.87829
G1 X136.496 Y85.229 E4.89687
G1 X137.103 Y85.512 E4.91915
G1 X137.76 Y85.843 E4.94362
G1 X138.673 Y86.36 E4.97851
G1 X139.235 Y86.717 E5.00066
G1 X139.998 Y87.25 E5.03162
G1 X140.462 Y87.624 E5.05144
G1 X141.155 Y88.216 E5.08175
G1 X141.887 Y88.907 E5.11523
G1 X143.01 Y90.075 E5.16912
G1 X145.572 Y92.618 E5.28919
G1 X146.231 Y93.336 E5.3216
G1 X146.822 Y94.109 E5.35396
G1 X147.344 Y94.931 E5.38635
G1 X147.791 Y95.797 E5.41877
G1 X148.159 Y96.699 E5.45117
G1 X148.446 Y97.63 E5.48357
G1 X148.65 Y98.582 E5.51595
G1 X148.769 Y99.553 E5.54849
G1 X148.8 Y100.623 E5.58409
G1 X148.756 Y102.837 E5.65775
G1 X148.769 Y105.382 E5.74239
G1 X148.825 Y107.57 E5.81519
G1 X148.807 Y110.039 E5.89731
G1 X148.858 Y112.536 E5.98038
G1 X148.979 Y115.049 E6.06406
G1 X149.165 Y117.53 E6.14681
G1 X149.437 Y120.63 E6.25031
G1 X149.712 Y123.575 E6.34869
G1 X149.979 Y126.098 E6.43307
G1 X150.084 Y127.617 E6.48372
G1 X150.15 Y129.162 E6.53515
G1 X150.288 Y134.213 E6.70321
G1 X150.3 Y135.767 E6.7549
G1 X150.275 Y138.637 E6.85036
G1 X150.24 Y139.938 E6.89364
G1 X150.19 Y140.923 E6.92645
G1 X150.124 Y141.662 E6.95112
G1 X150.072 Y142.063 E6.96457
G1 X149.906 Y143.022 E6.99694
G1 X149.676 Y143.895 E7.02697
G1 X149.33 Y144.882 E7.06176
G1 X148.951 Y145.784 E7.0943
G1 X148.461 Y146.701 E7.12888
G1 X148.187 Y147.159 E7.14663
G1 X147.651 Y147.966 E7.17885
G1 X147.173 Y148.576 E7.20463
G1 X146.836 Y148.972 E7.22192
G1 X146.178 Y149.678 E7.25402
G1 X145.605 Y150.205 E7.27992
G1 X145.305 Y150.46 E7.29301
G1 X144.569 Y151.033 E7.32403
G1 X143.917 Y151.493 E7.35057
G1 X142.762 Y152.204 E7.39568
G1 X142.438 Y152.376 E7.40788
G1 X141.674 Y152.744 E7.43609
G1 X141.079 Y152.993 E7.45754
G1 X140.109 Y153.367 E7.49212
G1 X139.306 Y153.651 E7.52045
G1 X137.038 Y154.412 E7.60002
G1 X136.327 Y154.635 E7.6248
G1 X135.851 Y154.77 E7.64126
G1 X134.174 Y155.207 E7.6989
G1 X131.876 Y155.779 E7.77766
G1 X130.125 Y156.157 E7.83724
G1 X128.998 Y156.36 E7.87533
G1 X126.479 Y156.771 E7.96022
G1 X124.838 Y157 E8.01533
G1 X123.157 Y157.195 E8.07161
G1 X122.676 Y157.262 E8.08776
G0 F6000 X123.102 Y156.799
G1 F1200 X122.633 Y156.864 E8.10351
G1 X121.414 Y156.996 E8.14429
G1 X120.119 Y157.055 E8.18741
G1 X119.13 Y157.038 E8.22031
G1 X117.627 Y156.995 E8.27032
G1 X116.017 Y156.968 E8.32388
G1 X114.533 Y156.908 E8.37327
G1 X113.514 Y156.836 E8.40725
G1 X111.55 Y156.652 E8.47286
G1 X109.945 Y156.456 E8.52664
G1 X108.658 Y156.275 E8.56987
G1 X106.841 Y155.972 E8.63113
G1 X105.941 Y155.834 E8.66142
G1 X104.966 Y155.662 E8.69435
G1 X104.12 Y155.476 E8.72316
G1 X101.621 Y154.817 E8.80912
G1 X99.432 Y154.257 E8.88427
G1 X98.848 Y154.089 E8.90448
G1 X97.333 Y153.604 E8.95739
G1 X95.315 Y152.922 E9.02824
G1 X94.931 Y152.783 E9.04182
G1 X94.308 Y152.539 E9.06407
G1 X93.849 Y152.345 E9.08065
G1 X92.975 Y151.929 E9.11284
G1 X92.463 Y151.654 E9.13217
G1 X91.661 Y151.177 E9.16321
G1 X91.142 Y150.814 E9.18427
G1 X90.632 Y150.433 E9.20545
G1 X89.91 Y149.841 E9.2365
G1 X89.435 Y149.389 E9.25831
G1 X89.077 Y149.025 E9.27529
G1 X88.472 Y148.354 E9.30534
G1 X88.151 Y147.947 E9.32258
G1 X87.825 Y147.511 E9.34069
G1 X87.296 Y146.73 E9.37206
G1 X86.738 Y145.702 E9.41096
G1 X86.435 Y145.056 E9.4347
G1 X86.077 Y144.193 E9.46577
G1 X85.858 Y143.524 E9.48918
G1 X85.683 Y142.921 E9.51007
G1 X85.463 Y142.007 E9.54133
G1 X85.309 Y140.923 E9.57775
G1 X85.17 Y139.363 E9.62984
G1 X85.133 Y138.724 E9.65113
G1 X85.101 Y137.385 E9.69568
G1 X85.109 Y136.213 E9.73466
G1 X85.227 Y132.915 E9.84442
G1 X85.245 Y132.687 E9.85203
G1 X85.272 Y131.838 E9.88028
G1 X85.299 Y130.171 E9.93573
G1 X85.327 Y129.177 E9.96881
G1 X85.36 Y128.588 E9.98843
G1 X85.477 Y127.324 E10.03065
G1 X85.824 Y122.861 E10.17954
G1 X85.885 Y121.825 E10.21405
G1 X86.017 Y120.031 E10.27388
G1 X86.106 Y119.095 E10.30516
G1 X86.196 Y118.282 E10.33236
G1 X86.404 Y115.779 E10.4159
G1 X86.541 Y113.252 E10.50007
G1 X86.606 Y110.718 E10.58438
G1 X86.59 Y107.531 E10.69038
G1 X86.638 Y105.894 E10.74485
G1 X86.669 Y105.231 E10.76693
G1 X86.716 Y101.483 E10.8916
G1 X86.71 Y100.627 E10.92007
G1 X86.746 Y99.69 E10.95125
G1 X86.866 Y98.755 E10.98261
G1 X87.118 Y97.65 E11.0203
G1 X87.229 Y97.262 E11.03373
G1 X87.534 Y96.355 E11.06555
G1 X87.911 Y95.495 E11.09679
G1 X88.362 Y94.673 E11.12797
G1 X88.885 Y93.893 E11.1592
G1 X89.476 Y93.161 E11.1905
G1 X90.196 Y92.421 E11.22484
G1 X90.722 Y91.931 E11.24875
G1 X92.664 Y90.072 E11.33816
G1 X93.586 Y89.142 E11.38172
G1 X94.501 Y88.252 E11.42417
G1 X95.176 Y87.651 E11.45423
G1 X95.957 Y87.071 E11.48659
G1 X96.757 Y86.581 E11.51779
G1 X97.548 Y86.186 E11.5472
G1 X98.806 Y85.623 E11.59304
G1 X100.21 Y85.027 E11.64377
G1 X101.049 Y84.684 E11.67392
G1 X103.393 Y83.647 E11.75917
G1 X105.675 Y82.561 E11.84322
G1 X107.916 Y81.414 E11.92695
G1 X110.675 Y79.901 E12.03161
G1 X111.104 Y79.679 E12.04768
G1 X111.874 Y79.302 E12.07619
G1 X112.426 Y79.051 E12.09636
G1 X112.865 Y78.867 E12.11219
G1 X113.763 Y78.538 E12.144
G1 X114.648 Y78.299 E12.17449
G1 X115.018 Y78.216 E12.1871
G1 X115.908 Y78.058 E12.21717
G1 X116.795 Y77.972 E12.24681
G1 X117.697 Y77.939 E12.27683
G1 X118.67 Y77.991 E12.30924
G1 X119.592 Y78.123 E12.34021
G1 X120.141 Y78.242 E12.3589
G1 X120.865 Y78.429 E12.38377
G1 X121.458 Y78.602 E12.40431
G1 X122.341 Y78.902 E12.43533
G1 X122.811 Y79.1 E12.45229
G1 X123.353 Y79.343 E12.47205
G1 X124.106 Y79.718 E12.50003
G1 X125.074 Y80.25 E12.53677
G1 X125.648 Y80.577 E12.55874
G1 X127.838 Y81.746 E12.64131
G1 X130.121 Y82.881 E12.72611
G1 X132.419 Y83.943 E12.8103
G1 X134.778 Y84.954 E12.89567
G1 X135.825 Y85.378 E12.93324
G1 X136.327 Y85.592 E12.95139
G1 X136.923 Y85.869 E12.97325
G1 X137.563 Y86.191 E12.99708
G1 X138.459 Y86.698 E13.03132
G1 X139.006 Y87.045 E13.05286
G1 X139.747 Y87.562 E13.08291
G1 X140.202 Y87.928 E13.10234
G1 X140.88 Y88.507 E13.13199
G1 X141.612 Y89.198 E13.16547
G1 X142.728 Y90.359 E13.21903
G1 X145.278 Y92.889 E13.33851
G1 X145.914 Y93.58 E13.36974
G1 X146.485 Y94.324 E13.40094
G1 X146.989 Y95.115 E13.43213
G1 X147.421 Y95.949 E13.46337
G1 X147.777 Y96.817 E13.49458
G1 X148.055 Y97.714 E13.52581
G1 X148.253 Y98.631 E13.55701
G1 X148.369 Y99.565 E13.58832
G1 X148.4 Y100.615 E13.62325
G1 X148.356 Y102.829 E13.69691
G1 X148.369 Y105.392 E13.78215
G1 X148.425 Y107.567 E13.85452
G1 X148.407 Y110.036 E13.93664
G1 X148.458 Y112.555 E14.02044
G1 X148.58 Y115.079 E14.10449
G1 X148.767 Y117.56 E14.18724
G1 X149.039 Y120.667 E14.29097
G1 X149.314 Y123.617 E14.38952
G1 X149.58 Y126.132 E14.47363
G1 X149.616 Y126.557 E14.48782
G1 X149.684 Y127.634 E14.52371
G1 X149.75 Y129.173 E14.57494
G1 X149.888 Y134.216 E14.74274
G1 X149.9 Y135.764 E14.79423
G1 X149.875 Y138.626 E14.88942
G1 X149.841 Y139.918 E14.93241
G1 X149.792 Y140.887 E14.96468
G1 X149.727 Y141.611 E14.98885
G1 X149.678 Y141.995 E15.00173
G1 X149.519 Y142.92 E15.03295
G1 X149.289 Y143.793 E15.06297
G1 X148.961 Y144.728 E15.09593
G1 X148.598 Y145.595 E15.12719
G1 X148.108 Y146.512 E15.16177
G1 X147.853 Y146.938 E15.17829
G1 X147.336 Y147.719 E15.20944
G1 X146.868 Y148.317 E15.23469
G1 X146.543 Y148.7 E15.2514
G1 X145.907 Y149.384 E15.28247
G1 X145.346 Y149.9 E15.30782
G1 X145.059 Y150.144 E15.32035
G1 X144.323 Y150.717 E15.35137
G1 X143.707 Y151.153 E15.37647
G1 X142.575 Y151.851 E15.4207
G1 X142.264 Y152.016 E15.43241
G1 X141.519 Y152.375 E15.45992
G1 X140.935 Y152.62 E15.48098
G1 X139.975 Y152.99 E15.5152
G1 X139.179 Y153.272 E15.54329
G1 X136.918 Y154.03 E15.6226
G1 X136.217 Y154.25 E15.64704
G1 X135.75 Y154.383 E15.66319
G1 X134.077 Y154.819 E15.72069
G1 X131.792 Y155.388 E15.79901
G1 X130.054 Y155.763 E15.85815
G1 X128.934 Y155.965 E15.896
G1 X126.424 Y156.375 E15.98059
G1 X124.792 Y156.603 E16.0354
G1 X123.102 Y156.799 E16.09199
G0 F6000 X123.051 Y156.403
G1 F1200 X122.59 Y156.466 E16.10746
G1 X121.395 Y156.596 E16.14744
G1 X120.126 Y156.655 E16.1897
G1 X119.141 Y156.638 E16.22246
G1 X117.638 Y156.595 E16.27247
G1 X116.033 Y156.568 E16.32586
G1 X114.561 Y156.509 E16.37486
G1 X113.551 Y156.438 E16.40854
G1 X111.598 Y156.255 E16.47378
G1 X110.001 Y156.06 E16.52729
G1 X108.724 Y155.88 E16.57018
G1 X106.907 Y155.578 E16.63144
G1 X106.01 Y155.44 E16.66163
G1 X105.052 Y155.271 E16.69398
G1 X104.222 Y155.089 E16.72225
G1 X101.72 Y154.429 E16.80831
G1 X99.542 Y153.872 E16.88308
G1 X98.97 Y153.708 E16.90287
G1 X97.461 Y153.225 E16.95557
G1 X95.451 Y152.546 E17.02614
G1 X95.077 Y152.411 E17.03936
G1 X94.463 Y152.17 E17.0613
G1 X94.021 Y151.984 E17.07725
G1 X93.164 Y151.576 E17.10882
G1 X92.667 Y151.31 E17.12757
G1 X91.89 Y150.849 E17.15762
G1 X91.381 Y150.493 E17.17828
G1 X90.885 Y150.123 E17.19886
G1 X90.186 Y149.551 E17.2289
G1 X89.72 Y149.108 E17.25028
G1 X89.374 Y148.757 E17.26668
G1 X88.769 Y148.086 E17.29672
G1 X88.471 Y147.707 E17.31276
G1 X88.156 Y147.286 E17.33025
G1 X87.648 Y146.539 E17.36029
G1 X87.09 Y145.511 E17.3992
G1 X86.804 Y144.902 E17.42158
G1 X86.457 Y144.068 E17.45162
G1 X86.242 Y143.412 E17.47458
G1 X86.072 Y142.827 E17.49484
G1 X85.859 Y141.95 E17.52486
G1 X85.707 Y140.887 E17.56058
G1 X85.569 Y139.34 E17.61223
G1 X85.533 Y138.714 E17.63309
G1 X85.501 Y137.388 E17.6772
G1 X85.509 Y136.227 E17.71582
G1 X85.626 Y132.946 E17.82502
G1 X85.644 Y132.718 E17.83262
G1 X85.672 Y131.851 E17.86147
G1 X85.699 Y130.182 E17.91699
G1 X85.726 Y129.199 E17.9497
G1 X85.758 Y128.625 E17.96882
G1 X85.876 Y127.355 E18.01124
G1 X86.223 Y122.892 E18.16013
G1 X86.284 Y121.854 E18.19471
G1 X86.415 Y120.069 E18.25424
G1 X86.504 Y119.139 E18.28532
G1 X86.594 Y118.326 E18.31252
G1 X86.802 Y115.812 E18.39642
G1 X86.941 Y113.262 E18.48136
G1 X87.006 Y110.728 E18.56567
G1 X86.99 Y107.543 E18.67161
G1 X87.038 Y105.913 E18.72584
G1 X87.069 Y105.25 E18.74792
G1 X87.116 Y101.488 E18.87305
G1 X87.11 Y100.642 E18.90119
G1 X87.143 Y99.74 E18.93121
G1 X87.256 Y98.844 E18.96125
G1 X87.503 Y97.76 E18.99823
G1 X87.614 Y97.372 E19.01165
G1 X87.901 Y96.515 E19.04171
G1 X88.262 Y95.687 E19.07176
G1 X88.695 Y94.895 E19.10178
G1 X89.197 Y94.144 E19.13182
G1 X89.763 Y93.44 E19.16187
G1 X90.469 Y92.714 E19.19555
G1 X90.995 Y92.224 E19.21946
G1 X92.941 Y90.361 E19.30906
G1 X93.865 Y89.429 E19.35271
G1 X94.767 Y88.551 E19.39458
G1 X95.442 Y87.95 E19.42464
G1 X96.167 Y87.412 E19.45467
G1 X96.936 Y86.939 E19.48469
G1 X97.712 Y86.551 E19.51355
G1 X98.962 Y85.991 E19.55911
G1 X100.361 Y85.397 E19.60966
G1 X101.211 Y85.05 E19.64019
G1 X103.555 Y84.013 E19.72544
G1 X105.847 Y82.922 E19.80987
G1 X108.108 Y81.765 E19.89435
G1 X110.859 Y80.256 E19.99871
G1 X111.28 Y80.038 E20.01448
G1 X112.04 Y79.666 E20.04262
G1 X112.581 Y79.42 E20.06239
G1 X113.02 Y79.236 E20.07822
G1 X113.868 Y78.924 E20.10827
G1 X114.735 Y78.689 E20.13815
G1 X115.088 Y78.61 E20.15018
G1 X115.978 Y78.452 E20.18024
G1 X116.81 Y78.372 E20.20804
G1 X117.712 Y78.339 E20.23806
G1 X118.614 Y78.387 E20.26811
G1 X119.508 Y78.514 E20.29814
G1 X120.041 Y78.629 E20.31628
G1 X120.753 Y78.813 E20.34074
G1 X121.33 Y78.981 E20.36072
G1 X122.186 Y79.271 E20.39078
G1 X122.648 Y79.465 E20.40745
G1 X123.175 Y79.701 E20.42666
G1 X123.913 Y80.068 E20.45407
G1 X124.876 Y80.598 E20.49063
G1 X125.45 Y80.925 E20.5126
G1 X127.651 Y82.099 E20.59557
G1 X129.953 Y83.244 E20.68108
G1 X132.261 Y84.311 E20.76565
G1 X134.62 Y85.322 E20.85102
G1 X135.668 Y85.746 E20.88862
G1 X136.159 Y85.955 E20.90637
G1 X136.743 Y86.226 E20.92778
G1 X137.366 Y86.539 E20.95097
G1 X138.245 Y87.036 E20.98455
G1 X138.777 Y87.373 E21.0055
G1 X139.518 Y87.89 E21.03555
G1 X139.942 Y88.232 E21.05367
G1 X140.605 Y88.798 E21.08266
G1 X141.337 Y89.489 E21.11614
G1 X142.446 Y90.643 E21.16938
G1 X144.984 Y93.16 E21.28826
G1 X145.597 Y93.824 E21.31832
G1 X146.148 Y94.539 E21.34834
G1 X146.634 Y95.3 E21.37838
G1 X147.051 Y96.101 E21.40841
G1 X147.395 Y96.936 E21.43845
G1 X147.664 Y97.799 E21.46851
G1 X147.856 Y98.681 E21.49854
G1 X147.969 Y99.577 E21.52857
G1 X148 Y100.607 E21.56285
G1 X147.956 Y102.821 E21.6365
G1 X147.969 Y105.402 E21.72234
G1 X148.025 Y107.564 E21.79428
G1 X148.007 Y110.033 E21.8764
G1 X148.058 Y112.574 E21.96093
G1 X148.181 Y115.109 E22.04534
G1 X148.369 Y117.59 E22.1281
G1 X148.641 Y120.704 E22.23206
G1 X148.916 Y123.659 E22.33077
G1 X149.181 Y126.167 E22.41465
G1 X149.217 Y126.582 E22.42851
G1 X149.284 Y127.651 E22.46413
G1 X149.35 Y129.184 E22.51517
G1 X149.488 Y134.219 E22.6827
G1 X149.5 Y135.76 E22.73395
G1 X149.475 Y138.616 E22.82895
G1 X149.442 Y139.898 E22.8716
G1 X149.394 Y140.851 E22.90334
G1 X149.33 Y141.561 E22.92705
G1 X149.284 Y141.928 E22.93935
G1 X149.132 Y142.818 E22.96938
G1 X148.902 Y143.691 E22.99941
G1 X148.592 Y144.574 E23.03053
G1 X148.245 Y145.407 E23.06055
G1 X147.765 Y146.307 E23.09447
G1 X147.519 Y146.718 E23.1104
G1 X147.021 Y147.472 E23.14046
G1 X146.553 Y148.07 E23.16571
G1 X146.25 Y148.428 E23.18131
G1 X145.636 Y149.09 E23.21134
G1 X145.086 Y149.596 E23.2362
G1 X144.813 Y149.829 E23.24814
G1 X144.092 Y150.391 E23.27854
G1 X143.497 Y150.813 E23.3028
G1 X142.387 Y151.498 E23.34619
G1 X142.09 Y151.656 E23.35738
G1 X141.364 Y152.006 E23.38418
G1 X140.791 Y152.247 E23.40486
G1 X139.841 Y152.613 E23.43872
G1 X139.052 Y152.893 E23.46656
G1 X136.798 Y153.648 E23.54563
G1 X136.107 Y153.865 E23.56972
G1 X135.649 Y153.996 E23.58556
G1 X133.98 Y154.431 E23.64293
G1 X131.708 Y154.997 E23.7208
G1 X129.983 Y155.369 E23.7795
G1 X128.869 Y155.57 E23.81715
G1 X126.369 Y155.979 E23.9014
G1 X124.746 Y156.206 E23.95591
G1 X123.051 Y156.403 E24.01266
G1 F1500 E17.51266
;MESH:skrita_sila_logo.stl
G0 F6000 X117.519 Y147.046
G0 X117.5 Y146.179
;TYPE:WALL-OUTER
G1 F1500 E24.01266
G1 F900 X117.139 Y146.187 E24.02467
G1 X115.327 Y146.152 E24.08495
G1 X113.224 Y145.98 E24.15513
G1 X112.251 Y145.869 E24.1877
G1 X111.884 Y145.812 E24.20006
G1 X110.697 Y145.665 E24.23984
G1 X109.131 Y145.411 E24.2926
G1 X108.697 Y145.312 E24.30741
G1 X107.666 Y145.138 E24.34219
G1 X107.292 Y145.12 E24.35464
G1 X106.875 Y145.041 E24.36876
G1 X106.067 Y144.774 E24.39706
G1 X105.482 Y144.661 E24.41688
G1 X104.978 Y144.519 E24.43429
G1 X103.917 Y144.273 E24.47052
G1 X103.229 Y144.086 E24.49423
G1 X102.566 Y143.926 E24.51691
G1 X102.109 Y143.801 E24.53267
G1 X101.678 Y143.645 E24.54792
G1 X100.803 Y143.377 E24.57835
G1 X99.774 Y143.019 E24.61459
G1 X98.812 Y142.711 E24.64819
G1 X98.002 Y142.386 E24.67722
G1 X97.53 Y142.128 E24.69511
G1 X97.121 Y141.813 E24.71228
G1 X96.749 Y141.438 E24.72985
G1 X96.51 Y141.109 E24.74337
G1 X96.364 Y140.835 E24.7537
G1 X96.189 Y140.444 E24.76794
G1 X96.057 Y139.955 E24.78479
G1 X96.075 Y139.203 E24.80981
G1 X95.923 Y138.454 E24.83523
G1 X95.9 Y138.017 E24.84978
G1 X95.893 Y137.357 E24.87174
G1 X95.908 Y135.926 E24.91934
G1 X95.943 Y135.488 E24.93395
G1 X96.014 Y135.143 E24.94566
G1 X96.036 Y134.739 E24.95912
G1 X96.068 Y131.852 E25.05515
G1 X96.099 Y131.347 E25.07198
G1 X96.166 Y130.949 E25.0854
G1 X96.188 Y130.597 E25.09713
G1 X96.113 Y129.479 E25.1344
G1 X96.255 Y128.452 E25.16888
G1 X96.364 Y126.674 E25.22813
G1 X96.736 Y121.848 E25.38912
G1 X96.756 Y121.072 E25.41494
G1 X96.866 Y120.625 E25.43025
G1 X96.876 Y120.019 E25.45041
G1 X96.946 Y119.619 E25.46391
G1 X97.059 Y118.496 E25.50145
G1 X97.116 Y118.097 E25.51486
G1 X97.263 Y116.861 E25.55626
G1 X97.585 Y114.345 E25.64062
G1 X97.667 Y114.012 E25.65203
G1 X97.805 Y113.324 E25.67537
G1 X97.909 Y112.656 E25.69785
G1 X98.004 Y112.184 E25.71387
G1 X98.091 Y111.832 E25.72593
G1 X98.174 Y111.329 E25.74288
G1 X98.249 Y110.751 E25.76227
G1 X98.487 Y109.846 E25.79339
G1 X98.623 Y109.488 E25.80613
G1 X98.926 Y108.533 E25.83945
G1 X99.274 Y107.567 E25.87361
G1 X99.465 Y107.127 E25.88956
G1 X99.453 Y107.009 E25.8935
G1 X99.363 Y106.911 E25.89793
G1 X99.248 Y106.889 E25.90182
G1 X98.76 Y106.936 E25.91813
G1 X98.138 Y107.095 E25.93948
G1 X97.415 Y107.248 E25.96406
G1 X97.515 Y106.832 E25.97829
G1 X97.719 Y106.3 E25.99724
G1 X97.822 Y105.938 E26.00976
G1 X97.978 Y105.556 E26.02349
G1 X98.443 Y104.208 E26.07091
G1 X98.65 Y103.852 E26.08461
G1 X98.906 Y103.298 E26.10491
G1 X99.103 Y102.963 E26.11783
G1 X99.113 Y102.42 E26.1359
G1 X98.824 Y102.058 E26.1513
G1 X98.185 Y101.327 E26.1836
G1 X97.951 Y101.002 E26.19692
G1 X97.52 Y100.494 E26.21907
G1 X97.582 Y100.295 E26.22601
G1 X98.532 Y99.66 E26.26401
G1 X99.304 Y99.239 E26.29326
G1 X99.802 Y98.999 E26.31165
G1 X100.17 Y98.841 E26.32497
G1 X100.545 Y98.5 E26.34182
G1 X100.612 Y98.016 E26.35808
G1 X100.756 Y97.551 E26.37427
G1 X100.879 Y97.274 E26.38435
G1 X101.2 Y96.838 E26.40235
G1 X101.528 Y96.464 E26.4189
G1 X101.768 Y96.244 E26.42973
G1 X101.979 Y96.026 E26.43982
G1 X102.427 Y95.846 E26.45588
G1 X103.012 Y95.562 E26.47751
G1 X103.422 Y95.383 E26.49239
G1 X104.495 Y95.002 E26.53026
G1 X104.884 Y94.883 E26.54379
G1 X105.177 Y94.829 E26.5537
G1 X105.582 Y94.71 E26.56774
G1 X107.438 Y94.312 E26.63087
G1 X107.838 Y94.208 E26.64462
G1 X108.383 Y93.96 E26.66453
G1 X108.75 Y93.695 E26.67959
G1 X109.163 Y93.479 E26.69509
G1 X109.556 Y93.199 E26.71114
G1 X111.274 Y92.13 E26.77844
G1 X111.799 Y91.786 E26.79932
G1 X112.679 Y91.25 E26.83359
G1 X113.186 Y90.953 E26.85313
G1 X114.475 Y90.164 E26.9034
G1 X115.653 Y89.476 E26.94877
G1 X116.701 Y88.952 E26.98774
G1 X117.043 Y88.816 E26.99998
G1 X117.338 Y88.751 E27.01003
G1 X117.6 Y88.731 E27.01877
G1 X118.35 Y88.934 E27.04461
G1 X118.921 Y89.177 E27.06525
G1 X119.186 Y89.352 E27.07581
G1 X120.529 Y90.128 E27.1274
G1 X120.981 Y90.406 E27.14505
G1 X122.034 Y91.092 E27.18685
G1 X122.467 Y91.318 E27.2031
G1 X123.815 Y92.192 E27.25653
G1 X124.287 Y92.475 E27.27483
G1 X126.929 Y94.143 E27.37875
G1 X127.444 Y94.247 E27.39623
G1 X127.843 Y94.364 E27.41006
G1 X128.449 Y94.477 E27.43056
G1 X129.421 Y94.683 E27.46361
G1 X130.104 Y94.866 E27.48713
G1 X130.585 Y94.973 E27.50352
G1 X131.83 Y95.403 E27.54733
G1 X132.281 Y95.605 E27.56376
G1 X132.708 Y95.826 E27.57975
G1 X133.146 Y96.101 E27.59695
G1 X133.416 Y96.307 E27.60825
G1 X133.843 Y96.692 E27.62737
G1 X134.116 Y97.061 E27.64264
G1 X134.308 Y97.457 E27.65728
G1 X134.461 Y97.985 E27.67556
G1 X134.602 Y98.658 E27.69843
G1 X134.985 Y98.887 E27.71327
G1 X135.306 Y99.022 E27.72485
G1 X136.197 Y99.491 E27.75834
G1 X136.676 Y99.78 E27.77695
G1 X137.143 Y100.081 E27.79543
G1 X137.529 Y100.416 E27.81243
G1 X137.181 Y100.816 E27.83006
G1 X136.423 Y101.717 E27.86923
G1 X136.013 Y102.307 E27.89312
G1 X135.924 Y102.912 E27.91346
G1 X136.437 Y103.859 E27.94928
G1 X136.576 Y104.241 E27.9628
G1 X137.132 Y105.629 E28.01253
G1 X137.432 Y106.528 E28.04406
G1 X137.587 Y107.044 E28.06198
G1 X137.606 Y107.219 E28.06783
G1 X137.097 Y107.086 E28.08533
G1 X136.595 Y106.922 E28.10289
G1 X136.232 Y106.84 E28.11527
G1 X136.103 Y106.877 E28.11973
G1 X135.768 Y107.121 E28.13352
G1 X135.691 Y107.279 E28.13937
G1 X135.858 Y107.659 E28.15317
G1 X136.018 Y108.105 E28.16893
G1 X136.181 Y108.614 E28.18671
G1 X136.347 Y109.083 E28.20325
G1 X136.522 Y109.517 E28.21882
G1 X136.631 Y109.909 E28.23235
G1 X136.7 Y110.399 E28.24881
G1 X137.015 Y111.875 E28.29901
G1 X137.383 Y113.943 E28.36887
G1 X137.567 Y114.48 E28.38775
G1 X137.5 Y114.645 E28.39367
G1 X137.533 Y114.996 E28.4054
G1 X137.797 Y116.921 E28.47002
G1 X138.001 Y118.869 E28.53517
G1 X138.086 Y119.314 E28.55024
G1 X138.12 Y119.631 E28.56084
G1 X138.14 Y120.113 E28.57689
G1 X138.616 Y125.251 E28.74851
G1 X138.677 Y125.788 E28.76648
G1 X138.723 Y126.299 E28.78355
G1 X138.711 Y126.795 E28.80005
G1 X138.843 Y127.273 E28.81654
G1 X138.821 Y128.411 E28.8544
G1 X138.929 Y128.743 E28.86601
G1 X138.948 Y129.056 E28.87644
G1 X138.98 Y131.207 E28.94799
G1 X139.012 Y132.318 E28.98496
G1 X139.084 Y133.81 E29.03464
G1 X139.104 Y136.199 E29.1141
G1 X139.068 Y139.038 E29.20854
G1 X139.02 Y140.263 E29.24931
G1 X138.976 Y140.611 E29.26098
G1 X138.831 Y141 E29.27479
G1 X138.616 Y141.359 E29.2887
G1 X138.318 Y141.713 E29.30409
G1 X137.935 Y142.031 E29.32065
G1 X137.488 Y142.332 E29.33857
G1 X137.238 Y142.466 E29.34801
G1 X136.628 Y142.713 E29.3699
G1 X134.888 Y143.338 E29.43139
G1 X133.919 Y143.644 E29.46519
G1 X133.362 Y143.799 E29.48442
G1 X133.03 Y143.939 E29.4964
G1 X132.699 Y143.997 E29.50758
G1 X132.306 Y144.123 E29.52131
G1 X131.782 Y144.245 E29.5392
G1 X131.339 Y144.373 E29.55454
G1 X131.006 Y144.444 E29.56586
G1 X130.583 Y144.57 E29.58054
G1 X129.585 Y144.808 E29.61467
G1 X129.079 Y144.91 E29.63183
G1 X128.545 Y145.057 E29.65026
G1 X128.188 Y145.131 E29.66238
G1 X127.712 Y145.206 E29.67841
G1 X126.199 Y145.482 E29.72956
G1 X125.498 Y145.586 E29.75313
G1 X124.965 Y145.677 E29.77112
G1 X124.644 Y145.708 E29.78184
G1 X124.252 Y145.782 E29.79511
G1 X122.868 Y145.96 E29.84152
G1 X122.426 Y145.992 E29.85626
G1 X121.995 Y146.001 E29.8706
G1 X121.571 Y146.085 E29.88498
G1 X121.084 Y146.127 E29.90123
G1 X120.561 Y146.123 E29.91863
G1 X120.273 Y146.256 E29.92918
G1 X119.941 Y146.204 E29.94036
G1 X119.556 Y146.223 E29.95318
G1 X117.813 Y146.172 E30.01118
G1 X117.5 Y146.179 E30.02159
G0 F6000 X117.5 Y145.817
;TYPE:SKIN
G1 F900 X117.136 Y145.823 E30.0337
G1 X115.335 Y145.792 E30.09361
G1 X113.264 Y145.62 E30.16273
G1 X112.291 Y145.509 E30.1953
G1 X111.89 Y145.45 E30.20878
G1 X110.745 Y145.306 E30.24716
G1 X109.195 Y145.055 E30.29939
G1 X108.765 Y144.957 E30.31406
G1 X107.738 Y144.782 E30.34871
G1 X107.328 Y144.757 E30.36237
G1 X106.969 Y144.693 E30.3745
G1 X106.116 Y144.414 E30.40435
G1 X105.575 Y144.309 E30.42268
G1 X105.071 Y144.167 E30.44009
G1 X103.997 Y143.922 E30.47673
G1 X103.218 Y143.707 E30.50361
G1 X102.662 Y143.578 E30.52259
G1 X102.213 Y143.453 E30.53809
G1 X101.788 Y143.299 E30.55313
G1 X100.907 Y143.029 E30.58378
G1 X99.999 Y142.711 E30.61578
G1 X98.94 Y142.375 E30.65273
G1 X98.158 Y142.058 E30.68079
G1 X97.73 Y141.824 E30.69702
G1 X97.353 Y141.533 E30.71286
G1 X97.03 Y141.21 E30.72805
G1 X96.814 Y140.909 E30.74037
G1 X96.688 Y140.675 E30.74921
G1 X96.525 Y140.316 E30.76233
G1 X96.417 Y139.911 E30.77627
G1 X96.429 Y139.14 E30.80191
G1 X96.28 Y138.407 E30.82679
G1 X96.26 Y137.998 E30.84041
G1 X96.253 Y137.422 E30.85957
G1 X96.268 Y135.941 E30.90883
G1 X96.299 Y135.549 E30.92191
G1 X96.372 Y135.192 E30.93403
G1 X96.396 Y134.768 E30.94816
G1 X96.428 Y131.872 E31.04448
G1 X96.46 Y131.382 E31.06081
G1 X96.522 Y130.975 E31.07451
G1 X96.548 Y130.602 E31.08694
G1 X96.473 Y129.48 E31.12434
G1 X96.611 Y128.496 E31.15739
G1 X96.724 Y126.702 E31.21718
G1 X97.092 Y121.876 E31.37816
G1 X97.116 Y121.116 E31.40345
G1 X97.221 Y120.681 E31.41833
G1 X97.236 Y120.056 E31.43913
G1 X97.302 Y119.679 E31.45186
G1 X97.415 Y118.544 E31.48979
G1 X97.941 Y114.393 E31.62896
G1 X97.989 Y114.223 E31.63484
G1 X98.149 Y113.428 E31.66181
G1 X98.261 Y112.724 E31.68552
G1 X98.356 Y112.252 E31.70153
G1 X98.439 Y111.916 E31.71304
G1 X98.522 Y111.426 E31.72957
G1 X98.605 Y110.82 E31.74992
G1 X98.835 Y109.941 E31.78014
G1 X98.956 Y109.618 E31.79161
G1 X99.262 Y108.653 E31.82528
G1 X99.602 Y107.711 E31.85859
G1 X99.805 Y107.239 E31.87568
G1 X99.812 Y106.957 E31.88506
G1 X99.707 Y106.743 E31.89299
G1 X99.53 Y106.595 E31.90066
G1 X99.237 Y106.525 E31.91068
G1 X98.652 Y106.588 E31.93025
G1 X97.923 Y106.77 E31.95524
G1 X98.059 Y106.421 E31.9677
G1 X98.166 Y106.046 E31.98067
G1 X98.318 Y105.673 E31.99407
G1 X98.767 Y104.36 E32.04022
G1 X98.969 Y104.018 E32.05343
G1 X99.23 Y103.449 E32.07425
G1 X99.455 Y103.064 E32.08908
G1 X99.468 Y102.432 E32.11011
G1 X99.418 Y102.226 E32.11716
G1 X99.102 Y101.824 E32.13417
G1 X98.465 Y101.095 E32.16636
G1 X98.259 Y100.807 E32.17814
G1 X97.97 Y100.466 E32.19301
G1 X98.716 Y99.968 E32.22284
G1 X99.447 Y99.57 E32.25052
G1 X99.954 Y99.323 E32.26928
G1 X100.353 Y99.154 E32.28369
G1 X100.766 Y98.781 E32.3022
G1 X100.894 Y98.573 E32.31033
G1 X100.964 Y98.1 E32.32623
G1 X101.135 Y97.533 E32.34593
G1 X101.481 Y97.062 E32.36537
G1 X101.788 Y96.712 E32.38085
G1 X102.032 Y96.488 E32.39187
G1 X102.183 Y96.33 E32.39914
G1 X102.563 Y96.178 E32.41275
G1 X103.156 Y95.89 E32.43468
G1 X103.566 Y95.711 E32.44955
G1 X104.599 Y95.346 E32.48599
G1 X104.976 Y95.231 E32.4991
G1 X105.257 Y95.179 E32.50861
G1 X105.669 Y95.059 E32.52288
G1 X107.518 Y94.664 E32.58577
G1 X107.954 Y94.547 E32.60078
G1 X108.592 Y94.255 E32.62412
G1 X108.942 Y93.999 E32.63854
G1 X109.355 Y93.783 E32.65404
G1 X109.756 Y93.495 E32.67046
G1 X111.462 Y92.439 E32.7372
G1 X111.988 Y92.093 E32.75814
G1 X112.87 Y91.552 E32.79255
G1 X113.37 Y91.261 E32.81179
G1 X114.611 Y90.501 E32.86019
G1 X115.825 Y89.792 E32.90695
G1 X116.842 Y89.279 E32.94484
G1 X117.143 Y89.16 E32.9556
G1 X117.515 Y89.078 E32.96827
G1 X118.222 Y89.27 E32.99264
G1 X118.748 Y89.493 E33.01164
G1 X118.981 Y89.647 E33.02093
G1 X120.341 Y90.436 E33.07323
G1 X120.788 Y90.713 E33.09072
G1 X121.843 Y91.396 E33.13252
G1 X122.287 Y91.629 E33.14919
G1 X123.623 Y92.496 E33.20217
G1 X124.095 Y92.779 E33.22047
G1 X126.773 Y94.475 E33.3259
G1 X127.359 Y94.595 E33.3458
G1 X127.734 Y94.708 E33.35882
G1 X128.381 Y94.829 E33.38072
G1 X129.333 Y95.031 E33.41308
G1 X130.012 Y95.214 E33.43647
G1 X130.481 Y95.317 E33.45244
G1 X131.698 Y95.739 E33.49529
G1 X132.113 Y95.925 E33.51041
G1 X132.536 Y96.142 E33.52622
G1 X132.941 Y96.396 E33.54212
G1 X133.179 Y96.582 E33.55217
G1 X133.571 Y96.932 E33.56965
G1 X133.808 Y97.253 E33.58292
G1 X133.968 Y97.581 E33.59506
G1 X134.109 Y98.069 E33.61195
G1 X134.248 Y98.741 E33.63478
G1 X134.403 Y98.958 E33.64365
G1 X134.839 Y99.214 E33.66046
G1 X135.146 Y99.345 E33.67157
G1 X136.025 Y99.807 E33.70459
G1 X136.475 Y100.078 E33.72207
G1 X137.032 Y100.44 E33.74416
G1 X136.127 Y101.513 E33.79085
G1 X135.664 Y102.182 E33.81791
G1 X135.572 Y102.858 E33.8406
G1 X135.612 Y103.091 E33.84846
G1 X136.108 Y104.006 E33.88308
G1 X136.243 Y104.384 E33.89643
G1 X136.783 Y105.728 E33.9446
G1 X137.113 Y106.71 E33.97906
G1 X136.702 Y106.577 E33.99343
G1 X136.252 Y106.48 E34.00874
G1 X135.918 Y106.563 E34.02018
G1 X135.453 Y106.898 E34.03925
G1 X135.351 Y107.173 E34.049
G1 X135.357 Y107.418 E34.05715
G1 X135.526 Y107.803 E34.07114
G1 X135.674 Y108.213 E34.08564
G1 X135.837 Y108.719 E34.10332
G1 X136.003 Y109.194 E34.12005
G1 X136.178 Y109.633 E34.13577
G1 X136.279 Y109.989 E34.14808
G1 X136.341 Y110.459 E34.16385
G1 X136.659 Y111.939 E34.21419
G1 X137.031 Y114.02 E34.28451
G1 X137.182 Y114.47 E34.30029
G1 X137.14 Y114.646 E34.30631
G1 X137.172 Y115.032 E34.31919
G1 X137.437 Y116.957 E34.38382
G1 X137.641 Y118.917 E34.44937
G1 X137.729 Y119.365 E34.46455
G1 X137.756 Y119.646 E34.47394
G1 X137.776 Y120.117 E34.48962
G1 X138.236 Y125.103 E34.65616
G1 X138.359 Y126.308 E34.69645
G1 X138.349 Y126.841 E34.71418
G1 X138.479 Y127.318 E34.73062
G1 X138.465 Y128.459 E34.76857
G1 X138.57 Y128.806 E34.78063
G1 X138.588 Y129.061 E34.78913
G1 X138.62 Y131.211 E34.86065
G1 X138.652 Y132.322 E34.89762
G1 X138.724 Y133.814 E34.9473
G1 X138.744 Y136.116 E35.02387
G1 X138.708 Y139.022 E35.12053
G1 X138.66 Y140.219 E35.16037
G1 X138.62 Y140.528 E35.17074
G1 X138.506 Y140.837 E35.18169
G1 X138.32 Y141.147 E35.19371
G1 X138.058 Y141.456 E35.20719
G1 X137.719 Y141.735 E35.22179
G1 X137.307 Y142.016 E35.23838
G1 X137.074 Y142.142 E35.24719
G1 X136.492 Y142.377 E35.26807
G1 X134.776 Y142.994 E35.32872
G1 X133.818 Y143.296 E35.36213
G1 X133.243 Y143.458 E35.38199
G1 X132.932 Y143.59 E35.39323
G1 X132.648 Y143.635 E35.4028
G1 X132.211 Y143.774 E35.41805
G1 X131.687 Y143.892 E35.43591
G1 X131.251 Y144.021 E35.45104
G1 X130.915 Y144.092 E35.46246
G1 X130.495 Y144.218 E35.47704
G1 X129.501 Y144.456 E35.51104
G1 X129.024 Y144.551 E35.52721
G1 X128.469 Y144.701 E35.54634
G1 X128.115 Y144.775 E35.55836
G1 X127.596 Y144.858 E35.57585
G1 X126.139 Y145.126 E35.62512
G1 X124.902 Y145.321 E35.66677
G1 X124.585 Y145.35 E35.67736
G1 X124.204 Y145.422 E35.69025
G1 X122.831 Y145.597 E35.73629
G1 X122.398 Y145.632 E35.75074
G1 X121.955 Y145.641 E35.76547
G1 X121.508 Y145.729 E35.78063
G1 X121.08 Y145.763 E35.79491
G1 X120.514 Y145.76 E35.81373
G1 X120.219 Y145.882 E35.82435
G1 X119.982 Y145.846 E35.83232
G1 X119.546 Y145.859 E35.84683
G1 X117.822 Y145.812 E35.90419
G1 X117.5 Y145.817 E35.9149
G1 F1500 E29.4149
G0 F6000 X117.146 Y147.055
G0 X114.983 Y146.993
G0 X111.582 Y146.649
G0 X106.651 Y145.879
G0 X101.851 Y144.629
G0 X97.837 Y143.253
G0 X98.37 Y141.928
G1 F1500 E35.9149
G1 F900 X96.734 Y140.291 E35.99188
G0 F6000 X96.623 Y139.615
G1 F900 X99.281 Y142.273 E36.1169
G0 F6000 X100.112 Y142.539
G1 F900 X96.612 Y139.038 E36.28156
G0 F6000 X96.476 Y138.337
G1 F900 X100.983 Y142.843 E36.49353
G0 F6000 X101.799 Y143.094
G1 F900 X96.456 Y137.751 E36.74485
G0 F6000 X96.455 Y137.184
G1 F900 X102.632 Y143.362 E37.03542
G0 F6000 X103.38 Y143.543
G1 F900 X96.461 Y136.624 E37.36087
G0 F6000 X96.466 Y136.064
G1 F900 X104.154 Y143.752 E37.72249
G0 F6000 X104.887 Y143.92
G1 F900 X96.505 Y135.537 E38.11677
G0 F6000 X96.58 Y135.047
G1 F900 X105.654 Y144.12 E38.54356
G0 F6000 X106.394 Y144.295
G1 F900 X96.599 Y134.5 E39.00429
G0 F6000 X96.606 Y133.941
G1 F900 X107.195 Y144.53 E39.50236
G0 F6000 X107.824 Y144.593
G1 F900 X96.611 Y133.381 E40.02977
G0 F6000 X96.618 Y132.822
G1 F900 X108.506 Y144.709 E40.58892
G0 F6000 X109.216 Y144.854
G1 F900 X96.624 Y132.262 E41.18121
G0 F6000 X96.639 Y131.711
G1 F900 X109.893 Y144.965 E41.80463
G0 F6000 X110.568 Y145.075
G1 F900 X96.69 Y131.197 E42.45741
G0 F6000 X96.742 Y130.683
G1 F900 X111.223 Y145.164 E43.13855
G0 F6000 X111.87 Y145.245
G1 F900 X96.714 Y130.089 E43.85145
G0 F6000 X96.674 Y129.484
G1 F900 X112.525 Y145.334 E44.59701
G0 F6000 X113.163 Y145.407
G1 F900 X96.744 Y128.988 E45.3693
G0 F6000 X96.811 Y128.489
G1 F900 X113.783 Y145.462 E46.16764
G0 F6000 X114.401 Y145.513
G1 F900 X96.845 Y127.957 E46.99342
G0 F6000 X96.878 Y127.425
G1 F900 X115.017 Y145.564 E47.84662
G0 F6000 X115.615 Y145.596
G1 F900 X96.912 Y126.893 E48.72635
G0 F6000 X96.95 Y126.366
G1 F900 X116.19 Y145.606 E49.63134
G0 F6000 X116.766 Y145.616
G1 F900 X96.99 Y125.84 E50.56155
G0 F6000 X97.03 Y125.314
G1 F900 X117.335 Y145.619 E51.51663
G0 F6000 X117.894 Y145.613
G1 F900 X97.07 Y124.789 E52.49613
G0 F6000 X97.11 Y124.263
G1 F900 X118.476 Y145.629 E53.50112
G0 F6000 X119.058 Y145.645
G1 F900 X97.15 Y123.737 E54.53161
G0 F6000 X97.19 Y123.211
G1 F900 X119.634 Y145.656 E55.58733
G0 F6000 X120.212 Y145.668
G1 F900 X97.23 Y122.686 E56.66833
G0 F6000 X97.27 Y122.16
G1 F900 X120.674 Y145.564 E57.76918
G0 F6000 X121.226 Y145.551
G1 F900 X97.299 Y121.624 E58.89463
G0 F6000 X97.328 Y121.087
G1 F900 X121.724 Y145.483 E60.04215
G0 F6000 X122.242 Y145.435
G1 F900 X97.42 Y120.613 E61.2097
G0 F6000 X97.438 Y120.065
G1 F900 X122.774 Y145.401 E62.40143
G0 F6000 X123.276 Y145.338
G1 F900 X97.512 Y119.574 E63.61328
G0 F6000 X97.564 Y119.06
G1 F900 X123.778 Y145.274 E64.84631
G0 F6000 X124.274 Y145.204
G1 F900 X97.616 Y118.546 E66.10022
G0 F6000 X97.68 Y118.044
G1 F900 X124.768 Y145.132 E67.37436
G0 F6000 X125.258 Y145.057
G1 F900 X97.743 Y117.542 E68.66858
G0 F6000 X97.807 Y117.04
G1 F900 X125.748 Y144.982 E69.98286
G0 F6000 X126.237 Y144.905
G1 F900 X97.871 Y116.538 E71.31714
G0 F6000 X97.934 Y116.036
G1 F900 X126.715 Y144.817 E72.67091
G0 F6000 X127.192 Y144.728
G1 F900 X97.998 Y115.534 E74.0441
G0 F6000 X98.062 Y115.032
G1 F900 X127.672 Y144.643 E75.43689
G0 F6000 X128.157 Y144.562
G1 F900 X98.125 Y114.53 E76.8495
G0 F6000 X98.225 Y114.064
G1 F900 X128.615 Y144.454 E78.27895
G0 F6000 X129.065 Y144.339
G1 F900 X98.32 Y113.593 E79.72513
G0 F6000 X98.402 Y113.11
G1 F900 X129.535 Y144.243 E81.18953
G0 F6000 X129.991 Y144.133
G1 F900 X98.484 Y112.627 E82.6715
G0 F6000 X98.584 Y112.161
G1 F900 X130.447 Y144.024 E84.17024
G0 F6000 X130.883 Y143.893
G1 F900 X98.68 Y111.69 E85.68497
G0 F6000 X98.755 Y111.2
G1 F900 X131.341 Y143.786 E87.21771
G0 F6000 X131.785 Y143.664
G1 F900 X98.839 Y110.718 E88.76739
G0 F6000 X98.955 Y110.269
G1 F900 X132.241 Y143.555 E90.33306
G0 F6000 X132.679 Y143.427
G1 F900 X99.088 Y109.836 E91.91308
G0 F6000 X99.23 Y109.413
G1 F900 X133.114 Y143.297 E93.50688
G0 F6000 X133.547 Y143.164
G1 F900 X99.366 Y108.983 E95.11465
G0 F6000 X99.508 Y108.559
G1 F900 X133.983 Y143.034 E96.73625
G0 F6000 X134.413 Y142.898
G1 F900 X99.658 Y108.143 E98.37102
G0 F6000 X99.811 Y107.731
G1 F900 X134.838 Y142.758 E100.01858
G0 F6000 X135.255 Y142.609
G1 F900 X99.984 Y107.338 E101.67762
G0 F6000 X99.903 Y106.691
G1 F900 X135.67 Y142.459 E103.36001
G0 F6000 X136.087 Y142.309
G1 F900 X98.764 Y104.986 E105.11557
G0 F6000 X98.908 Y104.565
G1 F900 X136.501 Y142.157 E106.88381
G0 F6000 X136.904 Y141.996
G1 F900 X99.098 Y104.189 E108.66211
G0 F6000 X99.284 Y103.81
G1 F900 X137.272 Y141.798 E110.44895
G0 F6000 X137.608 Y141.568
G1 F900 X99.471 Y103.431 E112.2428
G0 F6000 X99.656 Y103.05
G1 F900 X137.918 Y141.312 E114.04252
G0 F6000 X138.174 Y141.003
G1 F900 X99.662 Y102.491 E115.85401
G1 F1500 E109.35401
G0 F6000 X98.404 Y100.667
G1 F1500 E115.85401
G1 F900 X138.369 Y140.632 E117.73384
G0 F6000 X138.462 Y140.159
G1 F900 X98.593 Y100.29 E119.60916
G0 F6000 X98.942 Y100.073
G1 F900 X138.484 Y139.615 E121.46909
G0 F6000 X138.506 Y139.072
G1 F900 X99.308 Y99.874 E123.31284
G0 F6000 X99.68 Y99.68
G1 F900 X138.515 Y138.515 E125.13952
G0 F6000 X138.522 Y137.957
G1 F900 X100.061 Y99.496 E126.94861
G0 F6000 X100.458 Y99.327
G1 F900 X138.529 Y137.398 E128.73935
G0 F6000 X138.536 Y136.839
G1 F900 X100.755 Y99.058 E130.51646
G0 F6000 X101.019 Y98.756
G1 F900 X138.543 Y136.281 E132.28149
G0 F6000 X138.541 Y135.712
G1 F900 X101.135 Y98.306 E134.04096
G0 F6000 X101.247 Y97.853
G1 F900 X138.536 Y135.142 E135.79492
G0 F6000 X138.531 Y134.571
G1 F900 X101.43 Y97.47 E137.54003
G0 F6000 X101.672 Y97.147
G1 F900 X138.526 Y134 E139.27351
G0 F6000 X138.505 Y133.413
G1 F900 X101.938 Y96.847 E140.99349
G0 F6000 X102.229 Y96.572
G1 F900 X138.476 Y132.819 E142.69843
G0 F6000 X138.449 Y132.226
G1 F900 X102.602 Y96.379 E144.38457
G0 F6000 X102.985 Y96.197
G1 F900 X138.432 Y131.644 E146.05189
G0 F6000 X138.418 Y131.064
G1 F900 X103.37 Y96.016 E147.70044
G0 F6000 X103.771 Y95.851
G1 F900 X138.409 Y130.489 E149.3297
G0 F6000 X138.401 Y129.915
G1 F900 X104.189 Y95.703 E150.93893
G0 F6000 X104.607 Y95.556
G1 F900 X138.392 Y129.341 E152.52807
G0 F6000 X138.336 Y128.719
G1 F900 X105.04 Y95.423 E154.09421
G0 F6000 X105.499 Y95.317
G1 F900 X138.271 Y128.089 E155.63571
G0 F6000 X138.278 Y127.53
G1 F900 X105.951 Y95.203 E157.15627
G0 F6000 X106.418 Y95.104
G1 F900 X138.15 Y126.836 E158.64885
G0 F6000 X138.155 Y126.276
G1 F900 X106.884 Y95.005 E160.11974
G0 F6000 X107.351 Y94.906
G1 F900 X138.091 Y125.646 E161.56565
G0 F6000 X138.028 Y125.017
G1 F900 X107.805 Y94.794 E162.98725
G0 F6000 X108.222 Y94.646
G1 F900 X137.971 Y124.394 E164.38653
G0 F6000 X137.913 Y123.771
G1 F900 X108.611 Y94.469 E165.76481
G0 F6000 X108.948 Y94.24
G1 F900 X137.855 Y123.148 E167.12453
G0 F6000 X137.798 Y122.525
G1 F900 X109.307 Y94.034 E168.46466
G0 F6000 X109.654 Y93.815
G1 F900 X137.74 Y121.901 E169.78573
G0 F6000 X137.683 Y121.278
G1 F900 X109.99 Y93.586 E171.0883
G0 F6000 X110.34 Y93.369
G1 F900 X137.626 Y120.655 E172.37175
G0 F6000 X137.573 Y120.036
G1 F900 X110.689 Y93.153 E173.63627
G0 F6000 X111.038 Y92.936
G1 F900 X137.535 Y119.433 E174.88261
G0 F6000 X137.424 Y118.756
G1 F900 X111.388 Y92.72 E176.10726
G0 F6000 X111.733 Y92.5
G1 F900 X137.358 Y118.124 E177.31256
G0 F6000 X137.292 Y117.493
G1 F900 X112.075 Y92.276 E178.49869
G0 F6000 X112.425 Y92.06
G1 F900 X137.221 Y116.856 E179.66502
G0 F6000 X137.131 Y116.201
G1 F900 X112.776 Y91.845 E180.81063
G0 F6000 X113.129 Y91.633
G1 F900 X137.041 Y115.545 E181.93537
G0 F6000 X136.961 Y114.899
G1 F900 X113.487 Y91.425 E183.03952
G0 F6000 X113.838 Y91.21
G1 F900 X136.906 Y114.279 E184.12459
G0 F6000 X136.745 Y113.552
G1 F900 X114.189 Y90.995 E185.18558
G0 F6000 X114.539 Y90.78
G1 F900 X136.622 Y112.863 E186.2243
G0 F6000 X136.498 Y112.174
G1 F900 X114.894 Y90.569 E187.24051
G0 F6000 X115.251 Y90.36
G1 F900 X136.353 Y111.463 E188.2331
G0 F6000 X136.199 Y110.743
G1 F900 X115.608 Y90.152 E189.20164
G0 F6000 X115.967 Y89.945
G1 F900 X136.088 Y110.066 E190.14807
G0 F6000 X135.798 Y109.211
G1 F900 X116.343 Y89.756 E191.06317
G0 F6000 X116.719 Y89.566
G1 F900 X135.512 Y108.359 E191.94714
G0 F6000 X135.154 Y107.436
G1 F900 X117.108 Y89.39 E192.79597
G0 F6000 X117.59 Y89.305
G1 F900 X135.227 Y106.943 E193.62558
G0 F6000 X135.482 Y106.632
G1 F900 X118.423 Y89.573 E194.42798
G0 F6000 X119.727 Y90.311
G1 F900 X135.809 Y106.393 E195.18443
G0 F6000 X136.262 Y106.28
G1 F900 X121.197 Y91.216 E195.89302
G1 F1500 E189.39302
G0 F6000 X122.65 Y92.103
G1 F1500 E195.89302
G1 F900 X136.722 Y106.175 E196.55492
G0 F6000 X136.384 Y105.271
G1 F900 X124.186 Y93.074 E197.12866
G1 F1500 E190.62866
G0 F6000 X125.726 Y94.048
G1 F1500 E197.12866
G1 F900 X136.013 Y104.335 E197.61253
G0 F6000 X135.441 Y103.197
G1 F900 X126.966 Y94.722 E198.01116
G0 F6000 X127.72 Y94.91
G1 F900 X135.406 Y102.596 E198.37269
G0 F6000 X135.479 Y102.103
G1 F900 X128.416 Y95.041 E198.70489
G0 F6000 X129.135 Y95.194
G1 F900 X135.71 Y101.769 E199.01416
G0 F6000 X135.941 Y101.434
G1 F900 X129.897 Y95.39 E199.29845
G0 F6000 X130.666 Y95.593
G1 F900 X136.194 Y101.122 E199.55849
G0 F6000 X136.454 Y100.816
G1 F900 X135.279 Y99.641 E199.61376
G1 F1500 E193.11376
G0 F6000 X136.602 Y100.399
G1 F1500 E199.61376
G1 F900 X136.713 Y100.509 E199.61896
G1 F1500 E193.11896
G0 F6000 X137.151 Y99.058
G0 X136.863 Y98.892
G0 X135.369 Y98.113
G0 X133.957 Y98.319
G1 F1500 E199.61896
G1 F900 X131.531 Y95.893 E199.73307
G0 F6000 X132.66 Y96.456
G1 F900 X133.708 Y97.504 E199.78236
G1 F1500 E193.28236
G0 F6000 X134.993 Y96.886
G0 X134.49 Y96.108
G0 X133.655 Y95.4
G0 X132.649 Y94.82
G0 X118.641 Y88.12
G0 X117.688 Y87.857
G0 X116.787 Y87.987
G0 X101.486 Y95.296
G0 X96.849 Y99.75
G0 X96.562 Y100.689
G0 X96.409 Y108.267
G0 X98.244 Y107.938
G0 X99.668 Y106.456
G1 F1500 E199.78236
G1 F900 X98.619 Y105.408 E199.83168
G0 F6000 X98.471 Y105.825
G1 F900 X98.996 Y106.35 E199.85638
G0 F6000 X98.501 Y106.42
G1 F900 X98.318 Y106.238 E199.86496
G1 F1500 E193.36496
;MESH:NONMESH
G0 F300 X98.318 Y106.238 Z0.4
G0 F6000 X98.244 Y107.938
G0 X97.66 Y109.602
G0 X97.4 Y110.585
G0 X96.733 Y114.196
G0 X95.895 Y120.962
G0 X95.245 Y129.463
G0 X95.03 Y137.285
G0 X95.062 Y138.565
G0 X95.191 Y140.06
G0 X95.378 Y140.741
G0 X95.773 Y141.564
G0 X96.096 Y142.005
G0 X96.545 Y142.461
G0 X96.963 Y142.781
G0 X122.59 Y156.466
;TIME_ELAPSED:411.087971
;LAYER:1
M106 S85
;TYPE:SKIRT
G1 F1500 E199.86496
G1 F1200 X121.395 Y156.596 E199.90494
G1 X120.126 Y156.655 E199.94719
G1 X119.141 Y156.638 E199.97996
G1 X117.638 Y156.595 E200.02997
G1 X116.033 Y156.568 E200.08336
G1 X114.561 Y156.509 E200.13236
G1 X113.551 Y156.438 E200.16603
G1 X111.598 Y156.255 E200.23128
G1 X110.001 Y156.06 E200.28479
G1 X108.724 Y155.88 E200.32768
G1 X106.907 Y155.578 E200.38894
G1 X106.01 Y155.44 E200.41913
G1 X105.052 Y155.271 E200.45148
G1 X104.222 Y155.089 E200.47974
G1 X101.72 Y154.429 E200.56581
G1 X99.542 Y153.872 E200.64058
G1 X98.97 Y153.708 E200.66037
G1 X97.461 Y153.225 E200.71307
G1 X95.451 Y152.546 E200.78363
G1 X95.077 Y152.411 E200.79686
G1 X94.463 Y152.17 E200.8188
G1 X94.021 Y151.984 E200.83475
G1 X93.164 Y151.576 E200.86632
G1 X92.667 Y151.31 E200.88506
G1 X91.89 Y150.849 E200.91511
G1 X91.381 Y150.493 E200.93577
G1 X90.885 Y150.123 E200.95635
G1 X90.186 Y149.551 E200.9864
G1 X89.72 Y149.108 E201.00778
G1 X89.374 Y148.757 E201.02417
G1 X88.769 Y148.086 E201.05422
G1 X88.471 Y147.707 E201.07026
G1 X88.156 Y147.286 E201.08775
G1 X87.648 Y146.539 E201.11779
G1 X87.09 Y145.511 E201.1567
G1 X86.804 Y144.902 E201.17907
G1 X86.457 Y144.068 E201.20912
G1 X86.242 Y143.412 E201.23208
G1 X86.072 Y142.827 E201.25234
G1 X85.859 Y141.95 E201.28236
G1 X85.707 Y140.887 E201.31807
G1 X85.569 Y139.34 E201.36973
G1 X85.533 Y138.714 E201.39059
G1 X85.501 Y137.388 E201.4347
G1 X85.509 Y136.227 E201.47332
G1 X85.626 Y132.946 E201.58251
G1 X85.644 Y132.718 E201.59012
G1 X85.672 Y131.851 E201.61897
G1 X85.699 Y130.182 E201.67449
G1 X85.726 Y129.199 E201.7072
G1 X85.758 Y128.625 E201.72632
G1 X85.876 Y127.355 E201.76874
G1 X86.223 Y122.892 E201.91763
G1 X86.284 Y121.854 E201.95221
G1 X86.415 Y120.069 E202.01174
G1 X86.504 Y119.139 E202.04282
G1 X86.594 Y118.326 E202.07002
G1 X86.802 Y115.812 E202.15392
G1 X86.941 Y113.262 E202.23886
G1 X87.006 Y110.728 E202.32317
G1 X86.99 Y107.543 E202.42911
G1 X87.038 Y105.913 E202.48334
G1 X87.069 Y105.25 E202.50542
G1 X87.116 Y101.488 E202.63055
G1 X87.11 Y100.642 E202.65869
G1 X87.143 Y99.74 E202.68871
G1 X87.256 Y98.844 E202.71875
G1 X87.503 Y97.76 E202.75573
G1 X87.614 Y97.372 E202.76915
G1 X87.901 Y96.515 E202.79921
G1 X88.262 Y95.687 E202.82925
G1 X88.695 Y94.895 E202.85928
G1 X89.197 Y94.144 E202.88932
G1 X89.763 Y93.44 E202.91936
G1 X90.469 Y92.714 E202.95305
G1 X90.995 Y92.224 E202.97696
G1 X92.941 Y90.361 E203.06656
G1 X93.865 Y89.429 E203.11021
G1 X94.767 Y88.551 E203.15208
G1 X95.442 Y87.95 E203.18214
G1 X96.167 Y87.412 E203.21216
G1 X96.936 Y86.939 E203.24219
G1 X97.712 Y86.551 E203.27105
G1 X98.962 Y85.991 E203.3166
G1 X100.361 Y85.397 E203.36716
G1 X101.211 Y85.05 E203.39769
G1 X103.555 Y84.013 E203.48294
G1 X105.847 Y82.922 E203.56737
G1 X108.108 Y81.765 E203.65185
G1 X110.859 Y80.256 E203.75621
G1 X111.28 Y80.038 E203.77197
G1 X112.04 Y79.666 E203.80012
G1 X112.581 Y79.42 E203.81988
G1 X113.02 Y79.236 E203.83572
G1 X113.868 Y78.924 E203.86577
G1 X114.735 Y78.689 E203.89565
G1 X115.088 Y78.61 E203.90768
G1 X115.978 Y78.452 E203.93774
G1 X116.81 Y78.372 E203.96554
G1 X117.712 Y78.339 E203.99556
G1 X118.614 Y78.387 E204.02561
G1 X119.508 Y78.514 E204.05564
G1 X120.041 Y78.629 E204.07377
G1 X120.753 Y78.813 E204.09823
G1 X121.33 Y78.981 E204.11822
G1 X122.186 Y79.271 E204.14828
G1 X122.648 Y79.465 E204.16495
G1 X123.175 Y79.701 E204.18415
G1 X123.913 Y80.068 E204.21157
G1 X124.876 Y80.598 E204.24813
G1 X125.45 Y80.925 E204.2701
G1 X127.651 Y82.099 E204.35307
G1 X129.953 Y83.244 E204.43858
G1 X132.261 Y84.311 E204.52315
G1 X134.62 Y85.322 E204.60851
G1 X135.668 Y85.746 E204.64612
G1 X136.159 Y85.955 E204.66386
G1 X136.743 Y86.226 E204.68528
G1 X137.366 Y86.539 E204.70847
G1 X138.245 Y87.036 E204.74205
G1 X138.777 Y87.373 E204.763
G1 X139.518 Y87.89 E204.79305
G1 X139.942 Y88.232 E204.81117
G1 X140.605 Y88.798 E204.84016
G1 X141.337 Y89.489 E204.87364
G1 X142.446 Y90.643 E204.92687
G1 X144.984 Y93.16 E205.04576
G1 X145.597 Y93.824 E205.07582
G1 X146.148 Y94.539 E205.10584
G1 X146.634 Y95.3 E205.13587
G1 X147.051 Y96.101 E205.16591
G1 X147.395 Y96.936 E205.19595
G1 X147.664 Y97.799 E205.22601
G1 X147.856 Y98.681 E205.25603
G1 X147.969 Y99.577 E205.28607
G1 X148 Y100.607 E205.32034
G1 X147.956 Y102.821 E205.394
G1 X147.969 Y105.402 E205.47984
G1 X148.025 Y107.564 E205.55178
G1 X148.007 Y110.033 E205.6339
G1 X148.058 Y112.574 E205.71843
G1 X148.181 Y115.109 E205.80284
G1 X148.369 Y117.59 E205.8856
G1 X148.641 Y120.704 E205.98956
G1 X148.916 Y123.659 E206.08827
G1 X149.181 Y126.167 E206.17215
G1 X149.217 Y126.582 E206.18601
G1 X149.284 Y127.651 E206.22163
G1 X149.35 Y129.184 E206.27267
G1 X149.488 Y134.219 E206.44019
G1 X149.5 Y135.76 E206.49145
G1 X149.475 Y138.616 E206.58644
G1 X149.442 Y139.898 E206.6291
G1 X149.394 Y140.851 E206.66083
G1 X149.33 Y141.561 E206.68455
G1 X149.284 Y141.928 E206.69685
G1 X149.132 Y142.818 E206.72688
G1 X148.902 Y143.691 E206.7569
G1 X148.592 Y144.574 E206.78803
G1 X148.245 Y145.407 E206.81804
G1 X147.765 Y146.307 E206.85197
G1 X147.519 Y146.718 E206.8679
G1 X147.021 Y147.472 E206.89795
G1 X146.553 Y148.07 E206.92321
G1 X146.25 Y148.428 E206.93881
G1 X145.636 Y149.09 E206.96884
G1 X145.086 Y149.596 E206.9937
G1 X144.813 Y149.829 E207.00564
G1 X144.092 Y150.391 E207.03604
G1 X143.497 Y150.813 E207.0603
G1 X142.387 Y151.498 E207.10369
G1 X142.09 Y151.656 E207.11487
G1 X141.364 Y152.006 E207.14168
G1 X140.791 Y152.247 E207.16236
G1 X139.841 Y152.613 E207.19622
G1 X139.052 Y152.893 E207.22406
G1 X136.798 Y153.648 E207.30313
G1 X136.107 Y153.865 E207.32721
G1 X135.649 Y153.996 E207.34306
G1 X133.98 Y154.431 E207.40042
G1 X131.708 Y154.997 E207.4783
G1 X129.983 Y155.369 E207.53699
G1 X128.869 Y155.57 E207.57464
G1 X126.369 Y155.979 E207.6589
G1 X124.746 Y156.206 E207.71341
G1 X123.051 Y156.403 E207.77016
G1 X122.59 Y156.466 E207.78564
G1 F1500 E201.28564
;MESH:skrita_sila_logo.stl
G0 F7500 X117.519 Y147.046
G0 X117.5 Y146.179
;TYPE:WALL-OUTER
G1 F1500 E207.78564
G1 F900 X117.139 Y146.187 E207.79765
G1 X115.327 Y146.152 E207.85793
G1 X113.224 Y145.98 E207.92811
G1 X112.251 Y145.869 E207.96068
G1 X111.884 Y145.812 E207.97303
G1 X110.697 Y145.665 E208.01281
G1 X109.131 Y145.411 E208.06558
G1 X108.697 Y145.312 E208.08038
G1 X107.666 Y145.138 E208.11516
G1 X107.292 Y145.12 E208.12761
G1 X106.875 Y145.041 E208.14173
G1 X106.067 Y144.774 E208.17003
G1 X105.482 Y144.661 E208.18985
G1 X104.978 Y144.519 E208.20727
G1 X103.917 Y144.273 E208.24349
G1 X103.229 Y144.086 E208.2672
G1 X102.566 Y143.926 E208.28989
G1 X102.109 Y143.801 E208.30565
G1 X101.678 Y143.645 E208.32089
G1 X100.803 Y143.377 E208.35133
G1 X99.774 Y143.019 E208.38757
G1 X98.812 Y142.711 E208.42116
G1 X98.002 Y142.386 E208.45019
G1 X97.53 Y142.128 E208.46808
G1 X97.121 Y141.813 E208.48525
G1 X96.749 Y141.438 E208.50282
G1 X96.51 Y141.109 E208.51634
G1 X96.364 Y140.835 E208.52667
G1 X96.189 Y140.444 E208.54092
G1 X96.057 Y139.955 E208.55777
G1 X96.075 Y139.203 E208.58278
G1 X95.923 Y138.454 E208.6082
G1 X95.9 Y138.017 E208.62276
G1 X95.893 Y137.357 E208.64471
G1 X95.908 Y135.926 E208.69231
G1 X95.943 Y135.488 E208.70692
G1 X96.014 Y135.143 E208.71864
G1 X96.036 Y134.739 E208.7321
G1 X96.052 Y133.8 E208.76333
G1 X96.056 Y132.527 E208.80567
G1 X96.068 Y131.852 E208.82813
G1 X96.1 Y131.347 E208.84496
G1 X96.166 Y130.949 E208.85837
G1 X96.188 Y130.597 E208.8701
G1 X96.113 Y129.479 E208.90737
G1 X96.255 Y128.452 E208.94186
G1 X96.364 Y126.674 E209.0011
G1 X96.74 Y121.776 E209.16449
G1 X96.756 Y121.075 E209.18781
G1 X96.865 Y120.636 E209.20286
G1 X96.876 Y120.019 E209.22338
G1 X96.946 Y119.619 E209.23689
G1 X97.059 Y118.496 E209.27443
G1 X97.139 Y117.932 E209.29337
G1 X97.263 Y116.861 E209.32923
G1 X97.585 Y114.345 E209.4136
G1 X97.667 Y114.012 E209.42501
G1 X97.805 Y113.324 E209.44834
G1 X97.909 Y112.656 E209.47083
G1 X98.004 Y112.184 E209.48684
G1 X98.091 Y111.832 E209.4989
G1 X98.174 Y111.329 E209.51586
G1 X98.249 Y110.751 E209.53524
G1 X98.487 Y109.846 E209.56637
G1 X98.623 Y109.488 E209.57911
G1 X98.926 Y108.533 E209.61243
G1 X99.274 Y107.567 E209.64658
G1 X99.465 Y107.127 E209.66253
G1 X99.453 Y107.009 E209.66648
G1 X99.363 Y106.911 E209.6709
G1 X99.248 Y106.889 E209.6748
G1 X98.76 Y106.936 E209.69111
G1 X98.138 Y107.095 E209.71246
G1 X97.415 Y107.248 E209.73704
G1 X97.515 Y106.832 E209.75127
G1 X97.719 Y106.3 E209.77022
G1 X97.822 Y105.938 E209.78274
G1 X97.978 Y105.556 E209.79646
G1 X98.443 Y104.208 E209.84389
G1 X98.65 Y103.852 E209.85758
G1 X98.906 Y103.298 E209.87788
G1 X99.103 Y102.963 E209.89081
G1 X99.113 Y102.42 E209.90887
G1 X98.824 Y102.058 E209.92428
G1 X98.185 Y101.327 E209.95657
G1 X97.951 Y101.002 E209.96989
G1 X97.52 Y100.494 E209.99205
G1 X97.582 Y100.295 E209.99898
G1 X98.532 Y99.66 E210.03699
G1 X99.304 Y99.239 E210.06623
G1 X99.802 Y98.999 E210.08462
G1 X100.17 Y98.841 E210.09794
G1 X100.545 Y98.5 E210.1148
G1 X100.612 Y98.016 E210.13105
G1 X100.756 Y97.551 E210.14724
G1 X100.879 Y97.274 E210.15732
G1 X101.2 Y96.838 E210.17533
G1 X101.528 Y96.464 E210.19188
G1 X101.768 Y96.244 E210.2027
G1 X101.979 Y96.026 E210.21279
G1 X102.427 Y95.846 E210.22885
G1 X103.012 Y95.562 E210.25048
G1 X103.422 Y95.383 E210.26536
G1 X104.495 Y95.002 E210.30323
G1 X104.884 Y94.883 E210.31676
G1 X105.177 Y94.829 E210.32667
G1 X105.582 Y94.71 E210.34071
G1 X107.438 Y94.312 E210.40385
G1 X107.838 Y94.208 E210.41759
G1 X108.383 Y93.96 E210.43751
G1 X108.75 Y93.695 E210.45256
G1 X109.163 Y93.479 E210.46807
G1 X109.556 Y93.199 E210.48411
G1 X111.342 Y92.086 E210.55411
G1 X111.807 Y91.782 E210.57259
G1 X114.475 Y90.164 E210.67637
G1 X115.653 Y89.476 E210.72174
G1 X116.701 Y88.952 E210.76071
G1 X117.043 Y88.816 E210.77295
G1 X117.338 Y88.751 E210.783
G1 X117.6 Y88.731 E210.79174
G1 X118.35 Y88.934 E210.81758
G1 X118.921 Y89.177 E210.83822
G1 X119.186 Y89.352 E210.84878
G1 X120.529 Y90.128 E210.90037
G1 X120.981 Y90.406 E210.91802
G1 X122.034 Y91.092 E210.95982
G1 X122.467 Y91.318 E210.97607
G1 X123.815 Y92.192 E211.0295
G1 X124.287 Y92.475 E211.04781
G1 X126.929 Y94.143 E211.15173
G1 X127.444 Y94.247 E211.1692
G1 X127.843 Y94.364 E211.18303
G1 X128.449 Y94.477 E211.20353
G1 X129.421 Y94.683 E211.23658
G1 X130.104 Y94.866 E211.2601
G1 X130.585 Y94.973 E211.27649
G1 X131.83 Y95.403 E211.3203
G1 X132.281 Y95.605 E211.33673
G1 X132.708 Y95.826 E211.35272
G1 X133.146 Y96.101 E211.36993
G1 X133.416 Y96.307 E211.38122
G1 X133.843 Y96.692 E211.40034
G1 X134.116 Y97.061 E211.41561
G1 X134.308 Y97.457 E211.43025
G1 X134.461 Y97.985 E211.44853
G1 X134.602 Y98.658 E211.4714
G1 X134.985 Y98.887 E211.48624
G1 X135.306 Y99.022 E211.49783
G1 X136.197 Y99.491 E211.53132
G1 X136.676 Y99.78 E211.54992
G1 X137.143 Y100.081 E211.5684
G1 X137.529 Y100.416 E211.5854
G1 X137.181 Y100.816 E211.60303
G1 X136.423 Y101.717 E211.6422
G1 X136.013 Y102.307 E211.66609
G1 X135.924 Y102.912 E211.68643
G1 X136.437 Y103.859 E211.72225
G1 X136.576 Y104.241 E211.73577
G1 X137.135 Y105.636 E211.78576
G1 X137.587 Y107.046 E211.83501
G1 X137.606 Y107.219 E211.84079
G1 X137.098 Y107.086 E211.85826
G1 X136.595 Y106.921 E211.87587
G1 X136.233 Y106.84 E211.88821
G1 X136.102 Y106.877 E211.89273
G1 X135.768 Y107.121 E211.90649
G1 X135.691 Y107.279 E211.91234
G1 X135.858 Y107.659 E211.92614
G1 X136.018 Y108.105 E211.9419
G1 X136.181 Y108.614 E211.95968
G1 X136.347 Y109.083 E211.97622
G1 X136.522 Y109.517 E211.99179
G1 X136.631 Y109.909 E212.00532
G1 X136.7 Y110.399 E212.02178
G1 X137.015 Y111.875 E212.07198
G1 X137.383 Y113.943 E212.14184
G1 X137.567 Y114.48 E212.16072
G1 X137.5 Y114.645 E212.16664
G1 X137.533 Y114.996 E212.17837
G1 X137.797 Y116.961 E212.24431
G1 X137.909 Y117.938 E212.27702
G1 X138.001 Y118.865 E212.308
G1 X138.086 Y119.314 E212.3232
G1 X138.12 Y119.631 E212.33381
G1 X138.14 Y120.113 E212.34985
G1 X138.616 Y125.251 E212.52147
G1 X138.677 Y125.788 E212.53945
G1 X138.723 Y126.299 E212.55651
G1 X138.711 Y126.795 E212.57302
G1 X138.843 Y127.273 E212.58951
G1 X138.821 Y128.411 E212.62737
G1 X138.929 Y128.743 E212.63898
G1 X138.952 Y129.143 E212.6523
G1 X138.98 Y131.207 E212.72096
G1 X139.012 Y132.314 E212.75779
G1 X139.056 Y133.094 E212.78378
G1 X139.084 Y133.901 E212.81064
G1 X139.1 Y136.193 E212.88687
G1 X139.068 Y139.038 E212.9815
G1 X139.02 Y140.263 E213.02228
G1 X138.976 Y140.611 E213.03394
G1 X138.831 Y141 E213.04775
G1 X138.616 Y141.359 E213.06167
G1 X138.318 Y141.713 E213.07706
G1 X137.935 Y142.031 E213.09362
G1 X137.488 Y142.332 E213.11154
G1 X137.238 Y142.466 E213.12097
G1 X136.628 Y142.713 E213.14286
G1 X134.888 Y143.338 E213.20436
G1 X133.919 Y143.644 E213.23815
G1 X133.362 Y143.799 E213.25738
G1 X133.03 Y143.939 E213.26937
G1 X132.699 Y143.997 E213.28054
G1 X132.306 Y144.123 E213.29427
G1 X131.782 Y144.245 E213.31217
G1 X131.339 Y144.373 E213.3275
G1 X131.006 Y144.444 E213.33883
G1 X130.583 Y144.57 E213.35351
G1 X129.585 Y144.808 E213.38763
G1 X129.079 Y144.91 E213.4048
G1 X128.545 Y145.057 E213.42322
G1 X128.188 Y145.131 E213.43535
G1 X127.712 Y145.206 E213.45137
G1 X126.199 Y145.482 E213.50253
G1 X125.498 Y145.586 E213.5261
G1 X124.965 Y145.677 E213.54408
G1 X124.644 Y145.708 E213.55481
G1 X124.252 Y145.782 E213.56808
G1 X122.868 Y145.96 E213.61449
G1 X122.426 Y145.992 E213.62923
G1 X121.995 Y146.001 E213.64357
G1 X121.571 Y146.085 E213.65794
G1 X121.084 Y146.127 E213.6742
G1 X120.561 Y146.123 E213.69159
G1 X120.273 Y146.256 E213.70215
G1 X119.941 Y146.204 E213.71332
G1 X119.556 Y146.223 E213.72614
G1 X117.813 Y146.172 E213.78414
G1 X117.5 Y146.179 E213.79455
G0 F7500 X117.5 Y145.817
;TYPE:SKIN
G1 F900 X117.136 Y145.823 E213.80666
G1 X115.335 Y145.792 E213.86657
G1 X113.264 Y145.62 E213.93569
G1 X112.291 Y145.509 E213.96826
G1 X111.89 Y145.45 E213.98174
G1 X110.745 Y145.306 E214.02013
G1 X109.195 Y145.055 E214.07235
G1 X108.765 Y144.957 E214.08702
G1 X107.738 Y144.782 E214.12167
G1 X107.329 Y144.757 E214.1353
G1 X106.966 Y144.689 E214.14758
G1 X106.116 Y144.414 E214.1773
G1 X105.571 Y144.309 E214.19576
G1 X105.095 Y144.175 E214.2122
G1 X103.998 Y143.922 E214.24965
G1 X103.218 Y143.707 E214.27656
G1 X102.662 Y143.578 E214.29554
G1 X102.213 Y143.453 E214.31104
G1 X101.788 Y143.299 E214.32608
G1 X100.907 Y143.029 E214.35673
G1 X99.999 Y142.711 E214.38873
G1 X98.94 Y142.375 E214.42568
G1 X98.158 Y142.058 E214.45374
G1 X97.73 Y141.824 E214.46997
G1 X97.353 Y141.533 E214.48581
G1 X97.03 Y141.21 E214.501
G1 X96.814 Y140.909 E214.51332
G1 X96.688 Y140.675 E214.52216
G1 X96.525 Y140.316 E214.53528
G1 X96.417 Y139.911 E214.54922
G1 X96.429 Y139.14 E214.57486
G1 X96.28 Y138.407 E214.59974
G1 X96.26 Y137.998 E214.61336
G1 X96.253 Y137.422 E214.63252
G1 X96.268 Y135.941 E214.68178
G1 X96.299 Y135.549 E214.69486
G1 X96.372 Y135.192 E214.70698
G1 X96.396 Y134.764 E214.72124
G1 X96.412 Y133.804 E214.75317
G1 X96.416 Y132.531 E214.79551
G1 X96.428 Y131.873 E214.8174
G1 X96.46 Y131.378 E214.8339
G1 X96.522 Y130.975 E214.84746
G1 X96.548 Y130.602 E214.8599
G1 X96.473 Y129.48 E214.8973
G1 X96.611 Y128.496 E214.93035
G1 X96.724 Y126.702 E214.99013
G1 X97.096 Y121.804 E215.15351
G1 X97.116 Y121.123 E215.17617
G1 X97.217 Y120.707 E215.19041
G1 X97.236 Y120.056 E215.21207
G1 X97.302 Y119.679 E215.2248
G1 X97.415 Y118.544 E215.26274
G1 X97.495 Y117.976 E215.28181
G1 X97.619 Y116.905 E215.31767
G1 X97.941 Y114.396 E215.40181
G1 X97.993 Y114.208 E215.4083
G1 X98.149 Y113.428 E215.43475
G1 X98.261 Y112.724 E215.45846
G1 X98.356 Y112.252 E215.47448
G1 X98.439 Y111.916 E215.48599
G1 X98.522 Y111.426 E215.50252
G1 X98.605 Y110.82 E215.52286
G1 X98.835 Y109.941 E215.55308
G1 X98.956 Y109.618 E215.56455
G1 X99.262 Y108.653 E215.59822
G1 X99.602 Y107.711 E215.63153
G1 X99.805 Y107.239 E215.64862
G1 X99.812 Y106.957 E215.658
G1 X99.697 Y106.727 E215.66656
G1 X99.527 Y106.584 E215.67395
G1 X99.202 Y106.529 E215.68491
G1 X98.652 Y106.588 E215.70331
G1 X97.923 Y106.77 E215.7283
G1 X98.059 Y106.421 E215.74076
G1 X98.166 Y106.046 E215.75373
G1 X98.318 Y105.673 E215.76712
G1 X98.767 Y104.36 E215.81328
G1 X98.969 Y104.018 E215.82649
G1 X99.23 Y103.449 E215.84731
G1 X99.455 Y103.061 E215.86223
G1 X99.468 Y102.432 E215.88315
G1 X99.418 Y102.226 E215.8902
G1 X99.102 Y101.824 E215.90721
G1 X98.465 Y101.095 E215.93941
G1 X98.259 Y100.807 E215.95118
G1 X97.97 Y100.466 E215.96605
G1 X98.716 Y99.968 E215.99588
G1 X99.447 Y99.57 E216.02357
G1 X99.954 Y99.323 E216.04233
G1 X100.353 Y99.154 E216.05674
G1 X100.766 Y98.781 E216.07525
G1 X100.894 Y98.573 E216.08337
G1 X100.964 Y98.1 E216.09927
G1 X101.135 Y97.533 E216.11897
G1 X101.481 Y97.062 E216.13841
G1 X101.788 Y96.712 E216.15389
G1 X102.032 Y96.488 E216.16491
G1 X102.183 Y96.33 E216.17218
G1 X102.563 Y96.178 E216.18579
G1 X103.156 Y95.89 E216.20772
G1 X103.566 Y95.711 E216.2226
G1 X104.599 Y95.346 E216.25904
G1 X104.976 Y95.231 E216.27215
G1 X105.257 Y95.179 E216.28165
G1 X105.669 Y95.059 E216.29592
G1 X107.518 Y94.664 E216.35881
G1 X107.954 Y94.547 E216.37382
G1 X108.592 Y94.255 E216.39716
G1 X108.942 Y93.999 E216.41158
G1 X109.355 Y93.783 E216.42709
G1 X109.756 Y93.495 E216.44351
G1 X111.53 Y92.394 E216.51295
G1 X111.999 Y92.086 E216.53161
G1 X113.375 Y91.26 E216.58499
G1 X114.579 Y90.516 E216.63206
G1 X115.816 Y89.796 E216.67967
G1 X116.842 Y89.279 E216.71788
G1 X117.143 Y89.16 E216.72865
G1 X117.515 Y89.078 E216.74132
G1 X118.222 Y89.27 E216.76568
G1 X118.748 Y89.493 E216.78469
G1 X118.981 Y89.647 E216.79397
G1 X120.341 Y90.436 E216.84627
G1 X120.788 Y90.713 E216.86376
G1 X121.843 Y91.396 E216.90556
G1 X122.287 Y91.629 E216.92224
G1 X123.623 Y92.496 E216.97521
G1 X124.095 Y92.779 E216.99351
G1 X126.782 Y94.482 E217.09932
G1 X127.359 Y94.595 E217.11888
G1 X127.734 Y94.708 E217.13191
G1 X128.381 Y94.829 E217.1538
G1 X129.333 Y95.031 E217.18617
G1 X130.012 Y95.214 E217.20956
G1 X130.481 Y95.317 E217.22553
G1 X131.698 Y95.739 E217.26837
G1 X132.113 Y95.925 E217.28349
G1 X132.536 Y96.142 E217.29931
G1 X132.941 Y96.396 E217.31521
G1 X133.179 Y96.582 E217.32525
G1 X133.571 Y96.932 E217.34273
G1 X133.808 Y97.253 E217.356
G1 X133.968 Y97.581 E217.36814
G1 X134.109 Y98.069 E217.38504
G1 X134.248 Y98.741 E217.40786
G1 X134.403 Y98.958 E217.41673
G1 X134.839 Y99.214 E217.43355
G1 X135.146 Y99.345 E217.44465
G1 X136.025 Y99.807 E217.47768
G1 X136.475 Y100.078 E217.49515
G1 X137.032 Y100.44 E217.51724
G1 X136.127 Y101.513 E217.56393
G1 X135.664 Y102.182 E217.59099
G1 X135.572 Y102.858 E217.61368
G1 X135.607 Y103.084 E217.62129
G1 X136.109 Y104.007 E217.65623
G1 X136.243 Y104.38 E217.66941
G1 X136.789 Y105.74 E217.71816
G1 X137.102 Y106.708 E217.75199
G1 X136.711 Y106.578 E217.7657
G1 X136.232 Y106.475 E217.782
G1 X135.909 Y106.57 E217.79319
G1 X135.524 Y106.853 E217.80909
G1 X135.383 Y107.056 E217.81731
G1 X135.347 Y107.387 E217.82838
G1 X135.522 Y107.79 E217.84299
G1 X135.674 Y108.213 E217.85794
G1 X135.837 Y108.718 E217.87559
G1 X136.003 Y109.194 E217.89236
G1 X136.178 Y109.633 E217.90808
G1 X136.279 Y109.989 E217.92039
G1 X136.341 Y110.459 E217.93615
G1 X136.659 Y111.939 E217.9865
G1 X137.031 Y114.02 E218.05681
G1 X137.182 Y114.47 E218.0726
G1 X137.14 Y114.646 E218.07862
G1 X137.172 Y115.034 E218.09157
G1 X137.437 Y117.001 E218.15758
G1 X137.549 Y117.97 E218.19003
G1 X137.645 Y118.917 E218.22168
G1 X137.729 Y119.364 E218.23681
G1 X137.756 Y119.646 E218.24623
G1 X137.776 Y120.117 E218.26191
G1 X138.236 Y125.103 E218.42845
G1 X138.359 Y126.308 E218.46874
G1 X138.349 Y126.841 E218.48647
G1 X138.479 Y127.318 E218.50291
G1 X138.465 Y128.459 E218.54087
G1 X138.569 Y128.805 E218.55288
G1 X138.592 Y129.148 E218.56432
G1 X138.62 Y131.207 E218.63281
G1 X138.652 Y132.326 E218.67004
G1 X138.696 Y133.106 E218.69602
G1 X138.724 Y133.901 E218.72248
G1 X138.74 Y136.119 E218.79625
G1 X138.708 Y139.022 E218.89281
G1 X138.66 Y140.219 E218.93266
G1 X138.62 Y140.528 E218.94302
G1 X138.506 Y140.837 E218.95398
G1 X138.32 Y141.147 E218.966
G1 X138.058 Y141.456 E218.97948
G1 X137.719 Y141.735 E218.99408
G1 X137.307 Y142.016 E219.01067
G1 X137.074 Y142.142 E219.01948
G1 X136.492 Y142.377 E219.04035
G1 X134.776 Y142.994 E219.101
G1 X133.818 Y143.296 E219.13441
G1 X133.242 Y143.458 E219.15431
G1 X132.932 Y143.59 E219.16552
G1 X132.648 Y143.635 E219.17508
G1 X132.211 Y143.774 E219.19034
G1 X131.687 Y143.892 E219.2082
G1 X131.251 Y144.021 E219.22332
G1 X130.915 Y144.092 E219.23474
G1 X130.495 Y144.218 E219.24933
G1 X129.501 Y144.456 E219.28332
G1 X129.024 Y144.551 E219.2995
G1 X128.469 Y144.701 E219.31862
G1 X128.115 Y144.775 E219.33065
G1 X127.596 Y144.858 E219.34813
G1 X126.139 Y145.126 E219.39741
G1 X124.902 Y145.321 E219.43906
G1 X124.585 Y145.35 E219.44964
G1 X124.204 Y145.422 E219.46254
G1 X122.831 Y145.597 E219.50858
G1 X122.398 Y145.632 E219.52302
G1 X121.955 Y145.641 E219.53776
G1 X121.508 Y145.729 E219.55291
G1 X121.08 Y145.763 E219.56719
G1 X120.514 Y145.76 E219.58602
G1 X120.219 Y145.882 E219.59664
G1 X119.982 Y145.846 E219.60461
G1 X119.546 Y145.859 E219.61912
G1 X117.822 Y145.812 E219.67648
G1 X117.5 Y145.817 E219.68719
G1 F1500 E213.18719
G0 F7500 X117.816 Y147.04
G0 X120.406 Y147.153
G0 X126.34 Y146.338
G0 X128.75 Y145.896
G0 X133.283 Y144.771
G0 X136.945 Y143.522
G0 X137.954 Y143.065
G0 X138.928 Y142.332
G0 X139.316 Y141.875
G0 X139.489 Y141.589
G0 X139.775 Y140.947
G0 X138.427 Y140.456
G1 F1500 E219.68719
G1 F900 X136.875 Y142.008 E219.76019
G0 F7500 X135.962 Y142.355
G1 F900 X138.474 Y139.843 E219.87835
G0 F7500 X138.498 Y139.253
G1 F900 X135.079 Y142.672 E220.03917
G0 F7500 X134.229 Y142.956
G1 F900 X138.512 Y138.674 E220.2406
G0 F7500 X138.518 Y138.102
G1 F900 X133.42 Y143.2 E220.4804
G0 F7500 X132.616 Y143.439
G1 F900 X138.524 Y137.53 E220.75832
G0 F7500 X138.53 Y136.959
G1 F900 X131.835 Y143.654 E221.07323
G0 F7500 X131.067 Y143.856
G1 F900 X138.536 Y136.387 E221.42455
G0 F7500 X138.537 Y135.82
G1 F900 X130.297 Y144.06 E221.81213
G0 F7500 X129.553 Y144.238
G1 F900 X138.534 Y135.258 E222.23455
G0 F7500 X138.529 Y134.697
G1 F900 X128.828 Y144.398 E222.69085
G0 F7500 X128.082 Y144.578
G1 F900 X138.525 Y134.135 E223.18206
G0 F7500 X138.512 Y133.582
G1 F900 X127.404 Y144.691 E223.70457
G0 F7500 X126.711 Y144.818
G1 F900 X138.491 Y133.038 E224.25866
G0 F7500 X138.461 Y132.503
G1 F900 X126.021 Y144.943 E224.8438
G0 F7500 X125.35 Y145.048
G1 F900 X138.44 Y131.957 E225.45954
G0 F7500 X138.425 Y131.407
G1 F900 X124.693 Y145.139 E226.10545
G0 F7500 X124.023 Y145.243
G1 F900 X138.415 Y130.852 E226.78238
G0 F7500 X138.407 Y130.294
G1 F900 X123.375 Y145.326 E227.48944
G0 F7500 X122.73 Y145.405
G1 F900 X138.4 Y129.735 E228.22651
G0 F7500 X138.392 Y129.177
G1 F900 X122.131 Y145.438 E228.99138
G0 F7500 X121.471 Y145.532
G1 F900 X138.324 Y128.68 E229.78407
G0 F7500 X138.27 Y128.168
G1 F900 X120.874 Y145.564 E230.60232
G0 F7500 X120.198 Y145.674
G1 F900 X138.276 Y127.596 E231.45266
G0 F7500 X138.213 Y127.094
G1 F900 X119.651 Y145.656 E232.32576
G0 F7500 X119.094 Y145.647
G1 F900 X138.153 Y126.588 E233.22223
G0 F7500 X138.13 Y126.045
G1 F900 X118.543 Y145.632 E234.14355
G0 F7500 X117.993 Y145.617
G1 F900 X138.078 Y125.531 E235.08831
G0 F7500 X138.027 Y125.017
G1 F900 X117.425 Y145.619 E236.05736
G0 F7500 X116.859 Y145.619
G1 F900 X137.978 Y124.5 E237.05073
G0 F7500 X137.931 Y123.981
G1 F900 X116.304 Y145.609 E238.06803
G0 F7500 X115.748 Y145.599
G1 F900 X137.883 Y123.464 E239.10919
G0 F7500 X137.835 Y122.946
G1 F900 X115.2 Y145.581 E240.17387
G0 F7500 X114.679 Y145.537
G1 F900 X137.788 Y122.428 E241.26085
G0 F7500 X137.739 Y121.91
G1 F900 X114.156 Y145.494 E242.37014
G0 F7500 X113.633 Y145.45
G1 F900 X137.691 Y121.393 E243.50173
G0 F7500 X137.644 Y120.874
G1 F900 X113.116 Y145.402 E244.65545
G0 F7500 X112.608 Y145.344
G1 F900 X137.596 Y120.357 E245.83079
G0 F7500 X137.562 Y119.825
G1 F900 X112.107 Y145.28 E247.02812
G0 F7500 X111.608 Y145.214
G1 F900 X137.515 Y119.307 E248.2467
G0 F7500 X137.434 Y118.822
G1 F900 X111.106 Y145.15 E249.48509
G0 F7500 X110.608 Y145.082
G1 F900 X137.382 Y118.308 E250.74446
G0 F7500 X137.327 Y117.797
G1 F900 X110.121 Y145.003 E252.02414
G0 F7500 X109.634 Y144.924
G1 F900 X137.269 Y117.289 E253.32401
G0 F7500 X137.207 Y116.786
G1 F900 X109.153 Y144.84 E254.64358
G0 F7500 X108.686 Y144.741
G1 F900 X137.139 Y116.288 E255.98192
G0 F7500 X137.072 Y115.789
G1 F900 X108.203 Y144.658 E257.33983
G0 F7500 X107.714 Y144.581
G1 F900 X137.005 Y115.291 E258.71757
G0 F7500 X136.95 Y114.78
G1 F900 X107.2 Y144.53 E260.11692
G0 F7500 X106.753 Y144.411
G1 F900 X136.9 Y114.264 E261.53494
G0 F7500 X136.791 Y113.808
G1 F900 X106.326 Y144.273 E262.96792
G0 F7500 X105.869 Y144.164
G1 F900 X136.704 Y113.329 E264.4183
G0 F7500 X136.619 Y112.849
G1 F900 X105.411 Y144.056 E265.88621
G0 F7500 X104.962 Y143.939
G1 F900 X136.532 Y112.369 E267.37117
G0 F7500 X136.444 Y111.892
G1 F900 X104.503 Y143.833 E268.87357
G0 F7500 X104.043 Y143.727
G1 F900 X136.344 Y111.426 E270.39291
G0 F7500 X136.245 Y110.96
G1 F900 X103.6 Y143.605 E271.92843
G0 F7500 X103.152 Y143.487
G1 F900 X136.144 Y110.495 E273.48028
G0 F7500 X136.074 Y110
G1 F900 X102.694 Y143.379 E275.05035
G0 F7500 X102.253 Y143.255
G1 F900 X135.937 Y109.57 E276.63476
G0 F7500 X135.78 Y109.162
G1 F900 X101.836 Y143.106 E278.23138
G0 F7500 X101.403 Y142.973
G1 F900 X135.639 Y108.737 E279.84174
G0 F7500 X135.497 Y108.314
G1 F900 X100.971 Y142.84 E281.46574
G0 F7500 X100.551 Y142.693
G1 F900 X135.347 Y107.897 E283.10243
G0 F7500 X135.178 Y107.501
G1 F900 X100.133 Y142.546 E284.75084
G0 F7500 X99.705 Y142.408
G1 F900 X135.334 Y106.779 E286.42672
G1 X135.462 Y106.652
G1 X136.515 Y105.598 E286.47627
G0 F7500 X136.354 Y105.194
G1 F900 X99.276 Y142.272 E288.22031
G0 F7500 X98.856 Y142.126
G1 F900 X136.192 Y104.79 E289.97648
G0 F7500 X136.032 Y104.385
G1 F900 X98.454 Y141.962 E291.74401
G0 F7500 X98.069 Y141.782
G1 F900 X135.868 Y103.983 E293.52196
G0 F7500 X135.67 Y103.615
G1 F900 X97.72 Y141.565 E295.30701
G0 F7500 X97.411 Y141.308
G1 F900 X135.471 Y103.248 E297.09724
G0 F7500 X135.381 Y102.773
G1 F900 X97.137 Y141.016 E298.8961
G0 F7500 X96.909 Y140.679
G1 F900 X135.472 Y102.115 E300.71
G1 F1500 E294.21
G0 F7500 X136.616 Y100.406
G1 F1500 E300.71
G1 F900 X96.733 Y140.289 E302.58598
G0 F7500 X96.618 Y139.838
G1 F900 X136.269 Y100.187 E304.45104
G0 F7500 X135.917 Y99.974
G1 F900 X96.631 Y139.26 E306.29893
G0 F7500 X96.558 Y138.767
G1 F900 X135.545 Y99.78 E308.13276
G0 F7500 X135.174 Y99.585
G1 F900 X96.475 Y138.285 E309.95307
G0 F7500 X96.457 Y137.737
G1 F900 X134.787 Y99.407 E311.75599
G0 F7500 X134.424 Y99.204
G1 F900 X96.456 Y137.172 E313.54189
G0 F7500 X96.461 Y136.601
G1 F900 X134.135 Y98.927 E315.31396
G0 F7500 X133.995 Y98.502
G1 F900 X96.467 Y136.03 E317.07916
G0 F7500 X96.534 Y135.398
G1 F900 X133.892 Y98.039 E318.83639
G0 F7500 X133.758 Y97.608
G1 F900 X96.596 Y134.769 E320.58436
G0 F7500 X96.606 Y134.194
G1 F900 X133.553 Y97.246 E322.32225
G0 F7500 X133.288 Y96.946
G1 F900 X96.613 Y133.621 E324.04733
G0 F7500 X96.615 Y133.053
G1 F900 X132.985 Y96.683 E325.75806
G0 F7500 X132.652 Y96.451
G1 F900 X96.618 Y132.485 E327.45299
G0 F7500 X96.628 Y131.909
G1 F900 X132.294 Y96.243 E329.13061
G0 F7500 X131.916 Y96.056
G1 F900 X96.675 Y131.296 E330.78822
G0 F7500 X96.744 Y130.661
G1 F900 X131.518 Y95.888 E332.42386
G0 F7500 X131.098 Y95.742
G1 F900 X96.717 Y130.123 E334.04103
G0 F7500 X96.681 Y129.593
G1 F900 X130.678 Y95.597 E335.64013
G0 F7500 X130.24 Y95.469
G1 F900 X96.748 Y128.961 E337.21549
G0 F7500 X96.822 Y128.321
G1 F900 X129.784 Y95.359 E338.76592
G0 F7500 X129.338 Y95.24
G1 F900 X96.86 Y127.717 E340.29356
G0 F7500 X96.899 Y127.112
G1 F900 X128.874 Y95.138 E341.79754
G0 F7500 X128.408 Y95.038
G1 F900 X96.94 Y126.506 E343.2777
G0 F7500 X96.987 Y125.893
G1 F900 X127.932 Y94.948 E344.73326
G0 F7500 X127.477 Y94.838
G1 F900 X97.033 Y125.282 E346.16525
G0 F7500 X97.079 Y124.669
G1 F900 X127.018 Y94.731 E347.57347
G0 F7500 X126.59 Y94.593
G1 F900 X97.126 Y124.057 E348.95936
G0 F7500 X97.172 Y123.445
G1 F900 X126.243 Y94.374 E350.32677
G0 F7500 X125.897 Y94.155
G1 F900 X97.219 Y122.833 E351.6757
G0 F7500 X97.265 Y122.221
G1 F900 X125.55 Y93.936 E353.00614
G0 F7500 X125.204 Y93.716
G1 F900 X97.301 Y121.619 E354.31861
G0 F7500 X97.35 Y121.005
G1 F900 X124.857 Y93.497 E355.61248
G0 F7500 X124.511 Y93.278
G1 F900 X97.429 Y120.36 E356.88633
G0 F7500 X97.497 Y119.727
G1 F900 X124.164 Y93.059 E358.14069
G0 F7500 X123.814 Y92.843
G1 F900 X97.561 Y119.097 E359.37557
G0 F7500 X97.629 Y118.463
G1 F900 X123.462 Y92.63 E360.59068
G0 F7500 X123.119 Y92.407
G1 F900 X97.716 Y117.81 E361.78556
G0 F7500 X97.79 Y117.17
G1 F900 X122.776 Y92.184 E362.96082
G0 F7500 X122.433 Y91.961
G1 F900 X97.87 Y116.525 E364.11621
G0 F7500 X97.953 Y115.876
G1 F900 X122.083 Y91.746 E365.25122
G0 F7500 X121.714 Y91.55
G1 F900 X98.038 Y115.226 E366.36486
G0 F7500 X98.121 Y114.577
G1 F900 X121.37 Y91.328 E367.45842
G0 F7500 X121.026 Y91.106
G1 F900 X98.265 Y113.867 E368.52903
G0 F7500 X98.392 Y113.174
G1 F900 X120.683 Y90.883 E369.57753
G0 F7500 X120.334 Y90.667
G1 F900 X98.513 Y112.488 E370.60392
G0 F7500 X98.667 Y111.768
G1 F900 X119.978 Y90.457 E371.60633
G0 F7500 X119.621 Y90.249
G1 F900 X98.769 Y111.1 E372.58712
G0 F7500 X98.928 Y110.375
G1 F900 X119.263 Y90.041 E373.54359
G0 F7500 X118.904 Y89.834
G1 F900 X99.187 Y109.551 E374.47102
G0 F7500 X99.45 Y108.723
G1 F900 X118.547 Y89.625 E375.36931
G0 F7500 X118.149 Y89.457
G1 F900 X99.769 Y107.838 E376.23387
G0 F7500 X100.023 Y107.018
G1 F900 X117.704 Y89.337 E377.06553
G0 F7500 X117.072 Y89.403
G1 F900 X99.859 Y106.616 E377.87518
G0 F7500 X99.526 Y106.384
G1 F900 X115.963 Y89.946 E378.64835
G1 F1500 E372.14835
G0 F7500 X114.615 Y90.729
G1 F1500 E378.64835
G1 F900 X98.992 Y106.352 E379.3832
G0 F7500 X98.307 Y106.471
G1 F900 X113.151 Y91.627 E380.08142
G1 F1500 E373.58142
G0 F7500 X111.676 Y92.536
G1 F1500 E380.08142
G1 F900 X98.524 Y105.688 E380.70005
G0 F7500 X98.818 Y104.829
G1 F900 X110.181 Y93.466 E381.23453
G1 F1500 E374.73453
G0 F7500 X108.614 Y94.467
G1 F1500 E381.23453
G1 F900 X99.296 Y103.785 E381.67282
G0 F7500 X99.661 Y102.854
G1 F900 X107.691 Y94.824 E382.05053
G0 F7500 X106.962 Y94.988
G1 F900 X99.643 Y102.306 E382.39477
G0 F7500 X99.446 Y101.938
G1 F900 X106.244 Y95.141 E382.7145
G0 F7500 X105.503 Y95.315
G1 F900 X99.194 Y101.625 E383.01128
G0 F7500 X98.93 Y101.323
G1 F900 X104.741 Y95.512 E383.28461
G0 F7500 X103.873 Y95.814
G1 F900 X101.092 Y98.595 E383.41542
G0 F7500 X101.239 Y97.883
G1 F900 X102.868 Y96.253 E383.49207
G1 F1500 E376.99207
G0 F7500 X102.074 Y95.056
G0 X101.486 Y95.296
G0 X100.522 Y96.301
G0 X100.131 Y96.84
G0 X100.028 Y97.122
G0 X99.696 Y98.11
G0 X100.285 Y99.402
G1 F1500 E383.49207
G1 F900 X98.666 Y101.021 E383.56822
G0 F7500 X98.426 Y100.696
G1 F900 X99.177 Y99.945 E383.60355
G1 F1500 E377.10355
G0 F7500 X98.495 Y98.697
G0 X100.925 Y95.847
G0 X101.486 Y95.296
G0 X116.787 Y87.987
G0 X117.688 Y87.857
G0 X118.641 Y88.12
G0 X133.129 Y95.072
G0 X133.959 Y95.635
G0 X138.733 Y100.336
G0 X138.567 Y108.224
G0 X137.66 Y108.098
G0 X136.837 Y107.893
G0 X136.379 Y106.3
G1 F1500 E383.60355
G1 F900 X136.667 Y106.012 E383.61709
G1 F1500 E377.11709
;MESH:NONMESH
G0 F300 X136.667 Y106.012 Z0.6
G0 F7500 X138.02 Y105.558
G0 X138.44 Y106.865
G0 X138.567 Y108.224
G0 X139.816 Y129.125
G0 X139.968 Y136.272
G0 X139.881 Y140.351
G0 X139.822 Y140.816
G0 X139.62 Y141.372
G0 X139.316 Y141.875
G0 X139.002 Y142.245
G0 X122.59 Y156.466
;TIME_ELAPSED:793.624186
;LAYER:2
M106 S170
;TYPE:SKIRT
G1 F1500 E383.61709
G1 F1200 X121.395 Y156.596 E383.65707
G1 X120.126 Y156.655 E383.69933
G1 X119.141 Y156.638 E383.73209
G1 X117.638 Y156.595 E383.7821
G1 X116.033 Y156.568 E383.83549
G1 X114.561 Y156.509 E383.88449
G1 X113.551 Y156.438 E383.91817
G1 X111.598 Y156.255 E383.98341
G1 X110.001 Y156.06 E384.03692
G1 X108.724 Y155.88 E384.07981
G1 X106.907 Y155.578 E384.14107
G1 X106.01 Y155.44 E384.17126
G1 X105.052 Y155.271 E384.20361
G1 X104.222 Y155.089 E384.23188
G1 X101.72 Y154.429 E384.31794
G1 X99.542 Y153.872 E384.39271
G1 X98.97 Y153.708 E384.4125
G1 X97.461 Y153.225 E384.4652
G1 X95.451 Y152.546 E384.53577
G1 X95.077 Y152.411 E384.54899
G1 X94.463 Y152.17 E384.57093
G1 X94.021 Y151.984 E384.58688
G1 X93.164 Y151.576 E384.61845
G1 X92.667 Y151.31 E384.6372
G1 X91.89 Y150.849 E384.66725
G1 X91.381 Y150.493 E384.68791
G1 X90.885 Y150.123 E384.70849
G1 X90.186 Y149.551 E384.73853
G1 X89.72 Y149.108 E384.75991
G1 X89.374 Y148.757 E384.77631
G1 X88.769 Y148.086 E384.80636
G1 X88.471 Y147.707 E384.82239
G1 X88.156 Y147.286 E384.83988
G1 X87.648 Y146.539 E384.86993
G1 X87.09 Y145.511 E384.90883
G1 X86.804 Y144.902 E384.93121
G1 X86.457 Y144.068 E384.96125
G1 X86.242 Y143.412 E384.98421
G1 X86.072 Y142.827 E385.00447
G1 X85.859 Y141.95 E385.03449
G1 X85.707 Y140.887 E385.07021
G1 X85.569 Y139.34 E385.12186
G1 X85.533 Y138.714 E385.14272
G1 X85.501 Y137.388 E385.18683
G1 X85.509 Y136.227 E385.22545
G1 X85.626 Y132.946 E385.33465
G1 X85.644 Y132.718 E385.34225
G1 X85.672 Y131.851 E385.3711
G1 X85.699 Y130.182 E385.42662
G1 X85.726 Y129.199 E385.45933
G1 X85.758 Y128.625 E385.47845
G1 X85.876 Y127.355 E385.52087
G1 X86.223 Y122.892 E385.66976
G1 X86.284 Y121.854 E385.70434
G1 X86.415 Y120.069 E385.76387
G1 X86.504 Y119.139 E385.79495
G1 X86.594 Y118.326 E385.82215
G1 X86.802 Y115.812 E385.90605
G1 X86.941 Y113.262 E385.99099
G1 X87.006 Y110.728 E386.0753
G1 X86.99 Y107.543 E386.18124
G1 X87.038 Y105.913 E386.23548
G1 X87.069 Y105.25 E386.25755
G1 X87.116 Y101.488 E386.38269
G1 X87.11 Y100.642 E386.41082
G1 X87.143 Y99.74 E386.44084
G1 X87.256 Y98.844 E386.47088
G1 X87.503 Y97.76 E386.50786
G1 X87.614 Y97.372 E386.52128
G1 X87.901 Y96.515 E386.55134
G1 X88.262 Y95.687 E386.58139
G1 X88.695 Y94.895 E386.61141
G1 X89.197 Y94.144 E386.64145
G1 X89.763 Y93.44 E386.6715
G1 X90.469 Y92.714 E386.70518
G1 X90.995 Y92.224 E386.72909
G1 X92.941 Y90.361 E386.81869
G1 X93.865 Y89.429 E386.86234
G1 X94.767 Y88.551 E386.90421
G1 X95.442 Y87.95 E386.93427
G1 X96.167 Y87.412 E386.9643
G1 X96.936 Y86.939 E386.99432
G1 X97.712 Y86.551 E387.02318
G1 X98.962 Y85.991 E387.06874
G1 X100.361 Y85.397 E387.11929
G1 X101.211 Y85.05 E387.14982
G1 X103.555 Y84.013 E387.23507
G1 X105.847 Y82.922 E387.3195
G1 X108.108 Y81.765 E387.40398
G1 X110.859 Y80.256 E387.50834
G1 X111.28 Y80.038 E387.52411
G1 X112.04 Y79.666 E387.55225
G1 X112.581 Y79.42 E387.57202
G1 X113.02 Y79.236 E387.58785
G1 X113.868 Y78.924 E387.6179
G1 X114.735 Y78.689 E387.64778
G1 X115.088 Y78.61 E387.65981
G1 X115.978 Y78.452 E387.68987
G1 X116.81 Y78.372 E387.71767
G1 X117.712 Y78.339 E387.74769
G1 X118.614 Y78.387 E387.77774
G1 X119.508 Y78.514 E387.80777
G1 X120.041 Y78.629 E387.82591
G1 X120.753 Y78.813 E387.85037
G1 X121.33 Y78.981 E387.87035
G1 X122.186 Y79.271 E387.90041
G1 X122.648 Y79.465 E387.91708
G1 X123.175 Y79.701 E387.93629
G1 X123.913 Y80.068 E387.9637
G1 X124.876 Y80.598 E388.00026
G1 X125.45 Y80.925 E388.02223
G1 X127.651 Y82.099 E388.1052
G1 X129.953 Y83.244 E388.19071
G1 X132.261 Y84.311 E388.27528
G1 X134.62 Y85.322 E388.36065
G1 X135.668 Y85.746 E388.39825
G1 X136.159 Y85.955 E388.416
G1 X136.743 Y86.226 E388.43741
G1 X137.366 Y86.539 E388.4606
G1 X138.245 Y87.036 E388.49418
G1 X138.777 Y87.373 E388.51513
G1 X139.518 Y87.89 E388.54518
G1 X139.942 Y88.232 E388.5633
G1 X140.605 Y88.798 E388.59229
G1 X141.337 Y89.489 E388.62577
G1 X142.446 Y90.643 E388.67901
G1 X144.984 Y93.16 E388.79789
G1 X145.597 Y93.824 E388.82795
G1 X146.148 Y94.539 E388.85797
G1 X146.634 Y95.3 E388.88801
G1 X147.051 Y96.101 E388.91804
G1 X147.395 Y96.936 E388.94808
G1 X147.664 Y97.799 E388.97814
G1 X147.856 Y98.681 E389.00817
G1 X147.969 Y99.577 E389.0382
G1 X148 Y100.607 E389.07248
G1 X147.956 Y102.821 E389.14613
G1 X147.969 Y105.402 E389.23197
G1 X148.025 Y107.564 E389.30391
G1 X148.007 Y110.033 E389.38603
G1 X148.058 Y112.574 E389.47056
G1 X148.181 Y115.109 E389.55497
G1 X148.369 Y117.59 E389.63773
G1 X148.641 Y120.704 E389.74169
G1 X148.916 Y123.659 E389.8404
G1 X149.181 Y126.167 E389.92428
G1 X149.217 Y126.582 E389.93814
G1 X149.284 Y127.651 E389.97376
G1 X149.35 Y129.184 E390.0248
G1 X149.488 Y134.219 E390.19233
G1 X149.5 Y135.76 E390.24358
G1 X149.475 Y138.616 E390.33858
G1 X149.442 Y139.898 E390.38123
G1 X149.394 Y140.851 E390.41297
G1 X149.33 Y141.561 E390.43668
G1 X149.284 Y141.928 E390.44898
G1 X149.132 Y142.818 E390.47901
G1 X148.902 Y143.691 E390.50904
G1 X148.592 Y144.574 E390.54016
G1 X148.245 Y145.407 E390.57018
G1 X147.765 Y146.307 E390.6041
G1 X147.519 Y146.718 E390.62003
G1 X147.021 Y147.472 E390.65009
G1 X146.553 Y148.07 E390.67534
G1 X146.25 Y148.428 E390.69094
G1 X145.636 Y149.09 E390.72097
G1 X145.086 Y149.596 E390.74583
G1 X144.813 Y149.829 E390.75777
G1 X144.092 Y150.391 E390.78817
G1 X143.497 Y150.813 E390.81243
G1 X142.387 Y151.498 E390.85582
G1 X142.09 Y151.656 E390.86701
G1 X141.364 Y152.006 E390.89381
G1 X140.791 Y152.247 E390.91449
G1 X139.841 Y152.613 E390.94835
G1 X139.052 Y152.893 E390.9762
G1 X136.798 Y153.648 E391.05526
G1 X136.107 Y153.865 E391.07935
G1 X135.649 Y153.996 E391.09519
G1 X133.98 Y154.431 E391.15256
G1 X131.708 Y154.997 E391.23043
G1 X129.983 Y155.369 E391.28913
G1 X128.869 Y155.57 E391.32678
G1 X126.369 Y155.979 E391.41103
G1 X124.746 Y156.206 E391.46554
G1 X123.051 Y156.403 E391.52229
G1 X122.59 Y156.466 E391.53777
G1 F1500 E385.03777
;MESH:skrita_sila_logo.stl
G0 F9000 X117.519 Y147.046
G0 X117.5 Y146.179
;TYPE:WALL-OUTER
G1 F1500 E391.53777
G1 F900 X117.139 Y146.187 E391.54978
G1 X115.327 Y146.152 E391.61006
G1 X113.224 Y145.98 E391.68024
G1 X112.251 Y145.869 E391.71281
G1 X111.884 Y145.812 E391.72516
G1 X110.697 Y145.665 E391.76494
G1 X109.131 Y145.411 E391.81771
G1 X108.697 Y145.312 E391.83251
G1 X107.666 Y145.138 E391.86729
G1 X107.292 Y145.12 E391.87974
G1 X106.875 Y145.041 E391.89386
G1 X106.067 Y144.774 E391.92216
G1 X105.482 Y144.661 E391.94198
G1 X104.978 Y144.519 E391.9594
G1 X103.917 Y144.273 E391.99562
G1 X103.229 Y144.086 E392.01934
G1 X102.566 Y143.926 E392.04202
G1 X102.109 Y143.801 E392.05778
G1 X101.678 Y143.645 E392.07302
G1 X100.803 Y143.377 E392.10346
G1 X99.774 Y143.019 E392.1397
G1 X98.812 Y142.711 E392.17329
G1 X98.002 Y142.386 E392.20232
G1 X97.53 Y142.128 E392.22021
G1 X97.121 Y141.813 E392.23738
G1 X96.749 Y141.438 E392.25495
G1 X96.51 Y141.109 E392.26848
G1 X96.364 Y140.835 E392.2788
G1 X96.189 Y140.444 E392.29305
G1 X96.057 Y139.955 E392.3099
G1 X96.075 Y139.203 E392.33492
G1 X95.923 Y138.454 E392.36034
G1 X95.9 Y138.017 E392.37489
G1 X95.893 Y137.357 E392.39684
G1 X95.908 Y135.926 E392.44444
G1 X95.943 Y135.488 E392.45906
G1 X96.014 Y135.143 E392.47077
G1 X96.036 Y134.739 E392.48423
G1 X96.052 Y133.8 E392.51546
G1 X96.056 Y132.527 E392.5578
G1 X96.068 Y131.852 E392.58026
G1 X96.1 Y131.347 E392.59709
G1 X96.166 Y130.949 E392.61051
G1 X96.188 Y130.597 E392.62224
G1 X96.113 Y129.479 E392.65951
G1 X96.255 Y128.452 E392.69399
G1 X96.364 Y126.674 E392.75324
G1 X96.74 Y121.776 E392.91662
G1 X96.756 Y121.075 E392.93994
G1 X96.865 Y120.636 E392.95499
G1 X96.876 Y120.019 E392.97551
G1 X96.946 Y119.619 E392.98902
G1 X97.059 Y118.496 E393.02656
G1 X97.139 Y117.932 E393.04551
G1 X97.263 Y116.861 E393.08137
G1 X97.585 Y114.345 E393.16573
G1 X97.667 Y114.012 E393.17714
G1 X97.805 Y113.324 E393.20048
G1 X97.909 Y112.656 E393.22296
G1 X98.004 Y112.184 E393.23898
G1 X98.091 Y111.832 E393.25104
G1 X98.174 Y111.329 E393.26799
G1 X98.249 Y110.751 E393.28738
G1 X98.487 Y109.846 E393.3185
G1 X98.623 Y109.488 E393.33124
G1 X98.926 Y108.533 E393.36456
G1 X99.274 Y107.567 E393.39871
G1 X99.465 Y107.127 E393.41467
G1 X99.453 Y107.009 E393.41861
G1 X99.363 Y106.911 E393.42304
G1 X99.248 Y106.889 E393.42693
G1 X98.76 Y106.936 E393.44324
G1 X98.138 Y107.095 E393.46459
G1 X97.415 Y107.248 E393.48917
G1 X97.515 Y106.832 E393.5034
G1 X97.719 Y106.3 E393.52235
G1 X97.822 Y105.938 E393.53487
G1 X97.978 Y105.556 E393.54859
G1 X98.443 Y104.208 E393.59602
G1 X98.65 Y103.852 E393.60972
G1 X98.906 Y103.298 E393.63002
G1 X99.103 Y102.963 E393.64294
G1 X99.113 Y102.42 E393.661
G1 X98.824 Y102.058 E393.67641
G1 X98.185 Y101.327 E393.7087
G1 X97.951 Y101.002 E393.72202
G1 X97.52 Y100.494 E393.74418
G1 X97.582 Y100.295 E393.75111
G1 X98.532 Y99.66 E393.78912
G1 X99.304 Y99.239 E393.81837
G1 X99.802 Y98.999 E393.83675
G1 X100.17 Y98.841 E393.85007
G1 X100.545 Y98.5 E393.86693
G1 X100.612 Y98.016 E393.88318
G1 X100.756 Y97.551 E393.89937
G1 X100.879 Y97.274 E393.90945
G1 X101.2 Y96.838 E393.92746
G1 X101.528 Y96.464 E393.94401
G1 X101.768 Y96.244 E393.95484
G1 X101.979 Y96.026 E393.96493
G1 X102.427 Y95.846 E393.98098
G1 X103.012 Y95.562 E394.00261
G1 X103.422 Y95.383 E394.01749
G1 X104.495 Y95.002 E394.05536
G1 X104.884 Y94.883 E394.06889
G1 X105.177 Y94.829 E394.0788
G1 X105.582 Y94.71 E394.09284
G1 X107.438 Y94.312 E394.15598
G1 X107.838 Y94.208 E394.16972
G1 X108.383 Y93.96 E394.18964
G1 X108.75 Y93.695 E394.2047
G1 X109.163 Y93.479 E394.2202
G1 X109.556 Y93.199 E394.23625
G1 X111.342 Y92.086 E394.30624
G1 X111.807 Y91.782 E394.32472
G1 X114.475 Y90.164 E394.4285
G1 X115.653 Y89.476 E394.47387
G1 X116.701 Y88.952 E394.51284
G1 X117.043 Y88.816 E394.52508
G1 X117.338 Y88.751 E394.53513
G1 X117.6 Y88.731 E394.54387
G1 X118.35 Y88.934 E394.56971
G1 X118.921 Y89.177 E394.59035
G1 X119.186 Y89.352 E394.60092
G1 X120.529 Y90.128 E394.6525
G1 X120.981 Y90.406 E394.67015
G1 X122.034 Y91.092 E394.71195
G1 X122.467 Y91.318 E394.7282
G1 X123.815 Y92.192 E394.78163
G1 X124.287 Y92.475 E394.79994
G1 X126.929 Y94.143 E394.90386
G1 X127.444 Y94.247 E394.92133
G1 X127.843 Y94.364 E394.93516
G1 X128.449 Y94.477 E394.95567
G1 X129.421 Y94.683 E394.98871
G1 X130.104 Y94.866 E395.01223
G1 X130.585 Y94.973 E395.02862
G1 X131.83 Y95.403 E395.07243
G1 X132.281 Y95.605 E395.08886
G1 X132.708 Y95.826 E395.10486
G1 X133.146 Y96.101 E395.12206
G1 X133.416 Y96.307 E395.13335
G1 X133.843 Y96.692 E395.15248
G1 X134.116 Y97.061 E395.16774
G1 X134.308 Y97.457 E395.18238
G1 X134.461 Y97.985 E395.20066
G1 X134.602 Y98.658 E395.22353
G1 X134.985 Y98.887 E395.23838
G1 X135.306 Y99.022 E395.24996
G1 X136.197 Y99.491 E395.28345
G1 X136.676 Y99.78 E395.30205
G1 X137.143 Y100.081 E395.32053
G1 X137.529 Y100.416 E395.33753
G1 X137.181 Y100.816 E395.35517
G1 X136.423 Y101.717 E395.39433
G1 X136.013 Y102.307 E395.41822
G1 X135.924 Y102.912 E395.43856
G1 X136.437 Y103.859 E395.47439
G1 X136.576 Y104.241 E395.48791
G1 X137.132 Y105.622 E395.53742
G1 X137.312 Y106.157 E395.5562
G1 X137.587 Y107.037 E395.58686
G1 X137.606 Y107.218 E395.59291
G1 X137.098 Y107.086 E395.61037
G1 X136.587 Y106.919 E395.62825
G1 X136.232 Y106.84 E395.64035
G1 X136.103 Y106.877 E395.64481
G1 X135.768 Y107.121 E395.6586
G1 X135.691 Y107.279 E395.66444
G1 X135.858 Y107.659 E395.67825
G1 X136.018 Y108.105 E395.69401
G1 X136.181 Y108.614 E395.71178
G1 X136.347 Y109.083 E395.72833
G1 X136.522 Y109.517 E395.74389
G1 X136.631 Y109.909 E395.75743
G1 X136.7 Y110.399 E395.77389
G1 X137.015 Y111.875 E395.82408
G1 X137.383 Y113.943 E395.89395
G1 X137.567 Y114.48 E395.91283
G1 X137.5 Y114.645 E395.91875
G1 X137.533 Y114.996 E395.93047
G1 X137.712 Y116.312 E395.97465
G1 X137.877 Y117.643 E396.01926
G1 X138.001 Y118.865 E396.06011
G1 X138.086 Y119.314 E396.07531
G1 X138.12 Y119.631 E396.08591
G1 X138.14 Y120.113 E396.10196
G1 X138.616 Y125.251 E396.27358
G1 X138.677 Y125.788 E396.29155
G1 X138.723 Y126.299 E396.30862
G1 X138.711 Y126.795 E396.32512
G1 X138.843 Y127.273 E396.34161
G1 X138.821 Y128.411 E396.37947
G1 X138.929 Y128.743 E396.39108
G1 X138.952 Y129.143 E396.40441
G1 X138.98 Y131.207 E396.47306
G1 X139.012 Y132.314 E396.5099
G1 X139.056 Y133.094 E396.53588
G1 X139.084 Y133.901 E396.56274
G1 X139.1 Y136.193 E396.63897
G1 X139.068 Y139.038 E396.73361
G1 X139.02 Y140.263 E396.77438
G1 X138.976 Y140.611 E396.78605
G1 X138.831 Y141 E396.79985
G1 X138.616 Y141.359 E396.81377
G1 X138.318 Y141.713 E396.82916
G1 X137.935 Y142.031 E396.84572
G1 X137.488 Y142.332 E396.86364
G1 X137.238 Y142.466 E396.87308
G1 X136.628 Y142.713 E396.89497
G1 X134.888 Y143.338 E396.95646
G1 X133.919 Y143.644 E396.99026
G1 X133.362 Y143.799 E397.00949
G1 X133.03 Y143.939 E397.02147
G1 X132.699 Y143.997 E397.03265
G1 X132.306 Y144.123 E397.04637
G1 X131.782 Y144.245 E397.06427
G1 X131.339 Y144.373 E397.07961
G1 X131.006 Y144.444 E397.09093
G1 X130.583 Y144.57 E397.10561
G1 X129.585 Y144.808 E397.13974
G1 X129.079 Y144.91 E397.1569
G1 X128.545 Y145.057 E397.17532
G1 X128.188 Y145.131 E397.18745
G1 X127.712 Y145.206 E397.20348
G1 X126.199 Y145.482 E397.25463
G1 X125.498 Y145.586 E397.2782
G1 X124.965 Y145.677 E397.29619
G1 X124.644 Y145.708 E397.30691
G1 X124.252 Y145.782 E397.32018
G1 X122.868 Y145.96 E397.36659
G1 X122.426 Y145.992 E397.38133
G1 X121.995 Y146.001 E397.39567
G1 X121.571 Y146.085 E397.41005
G1 X121.084 Y146.127 E397.4263
G1 X120.561 Y146.123 E397.4437
G1 X120.273 Y146.256 E397.45425
G1 X119.941 Y146.204 E397.46543
G1 X119.556 Y146.223 E397.47825
G1 X117.813 Y146.172 E397.53625
G1 X117.5 Y146.179 E397.54666
G0 F9000 X117.5 Y145.817
;TYPE:SKIN
G1 F900 X117.136 Y145.823 E397.55877
G1 X115.335 Y145.792 E397.61868
G1 X113.264 Y145.62 E397.6878
G1 X112.291 Y145.509 E397.72037
G1 X111.89 Y145.45 E397.73385
G1 X110.745 Y145.306 E397.77223
G1 X109.195 Y145.055 E397.82446
G1 X108.765 Y144.957 E397.83912
G1 X107.738 Y144.782 E397.87378
G1 X107.329 Y144.757 E397.8874
G1 X106.966 Y144.689 E397.89969
G1 X106.116 Y144.414 E397.9294
G1 X105.571 Y144.309 E397.94786
G1 X105.095 Y144.175 E397.96431
G1 X103.998 Y143.922 E398.00175
G1 X103.218 Y143.707 E398.02866
G1 X102.662 Y143.578 E398.04765
G1 X102.213 Y143.453 E398.06315
G1 X101.788 Y143.299 E398.07818
G1 X100.907 Y143.029 E398.10883
G1 X99.999 Y142.711 E398.14083
G1 X98.94 Y142.375 E398.17778
G1 X98.158 Y142.058 E398.20585
G1 X97.73 Y141.824 E398.22207
G1 X97.353 Y141.533 E398.23791
G1 X97.03 Y141.21 E398.2531
G1 X96.814 Y140.909 E398.26543
G1 X96.688 Y140.675 E398.27427
G1 X96.525 Y140.316 E398.28738
G1 X96.417 Y139.911 E398.30132
G1 X96.429 Y139.14 E398.32697
G1 X96.28 Y138.407 E398.35185
G1 X96.26 Y137.998 E398.36547
G1 X96.253 Y137.422 E398.38463
G1 X96.268 Y135.941 E398.43389
G1 X96.299 Y135.549 E398.44696
G1 X96.372 Y135.192 E398.45908
G1 X96.396 Y134.764 E398.47334
G1 X96.412 Y133.804 E398.50528
G1 X96.416 Y132.531 E398.54762
G1 X96.428 Y131.873 E398.56951
G1 X96.46 Y131.378 E398.586
G1 X96.522 Y130.975 E398.59956
G1 X96.548 Y130.602 E398.612
G1 X96.473 Y129.48 E398.6494
G1 X96.611 Y128.496 E398.68245
G1 X96.724 Y126.702 E398.74224
G1 X97.096 Y121.804 E398.90561
G1 X97.116 Y121.123 E398.92827
G1 X97.217 Y120.707 E398.94251
G1 X97.236 Y120.056 E398.96417
G1 X97.302 Y119.679 E398.9769
G1 X97.415 Y118.544 E399.01484
G1 X97.495 Y117.976 E399.03392
G1 X97.619 Y116.905 E399.06978
G1 X97.941 Y114.396 E399.15391
G1 X97.993 Y114.208 E399.1604
G1 X98.149 Y113.428 E399.18686
G1 X98.261 Y112.724 E399.21057
G1 X98.356 Y112.252 E399.22658
G1 X98.439 Y111.916 E399.23809
G1 X98.522 Y111.426 E399.25462
G1 X98.605 Y110.82 E399.27497
G1 X98.835 Y109.941 E399.30519
G1 X98.956 Y109.618 E399.31666
G1 X99.262 Y108.653 E399.35033
G1 X99.602 Y107.711 E399.38364
G1 X99.805 Y107.239 E399.40073
G1 X99.812 Y106.957 E399.41011
G1 X99.697 Y106.727 E399.41866
G1 X99.527 Y106.584 E399.42605
G1 X99.202 Y106.529 E399.43701
G1 X98.652 Y106.588 E399.45541
G1 X97.923 Y106.77 E399.4804
G1 X98.059 Y106.421 E399.49286
G1 X98.166 Y106.046 E399.50583
G1 X98.318 Y105.673 E399.51923
G1 X98.767 Y104.36 E399.56538
G1 X98.969 Y104.018 E399.57859
G1 X99.23 Y103.449 E399.59941
G1 X99.455 Y103.061 E399.61433
G1 X99.468 Y102.432 E399.63526
G1 X99.418 Y102.226 E399.64231
G1 X99.102 Y101.824 E399.65931
G1 X98.465 Y101.095 E399.69151
G1 X98.259 Y100.807 E399.70329
G1 X97.97 Y100.466 E399.71816
G1 X98.716 Y99.968 E399.74799
G1 X99.447 Y99.57 E399.77567
G1 X99.954 Y99.323 E399.79443
G1 X100.353 Y99.154 E399.80884
G1 X100.766 Y98.781 E399.82735
G1 X100.894 Y98.573 E399.83547
G1 X100.964 Y98.1 E399.85138
G1 X101.135 Y97.533 E399.87108
G1 X101.481 Y97.062 E399.89051
G1 X101.788 Y96.712 E399.906
G1 X102.032 Y96.488 E399.91701
G1 X102.183 Y96.33 E399.92428
G1 X102.563 Y96.178 E399.9379
G1 X103.156 Y95.89 E399.95982
G1 X103.566 Y95.711 E399.9747
G1 X104.599 Y95.346 E400.01114
G1 X104.976 Y95.231 E400.02425
G1 X105.257 Y95.179 E400.03376
G1 X105.669 Y95.059 E400.04803
G1 X107.518 Y94.664 E400.11091
G1 X107.954 Y94.547 E400.12593
G1 X108.592 Y94.255 E400.14927
G1 X108.942 Y93.999 E400.16369
G1 X109.355 Y93.783 E400.17919
G1 X109.756 Y93.495 E400.19561
G1 X111.53 Y92.394 E400.26505
G1 X111.999 Y92.086 E400.28372
G1 X113.375 Y91.26 E400.33709
G1 X114.579 Y90.516 E400.38417
G1 X115.816 Y89.796 E400.43177
G1 X116.842 Y89.279 E400.46999
G1 X117.143 Y89.16 E400.48075
G1 X117.515 Y89.078 E400.49342
G1 X118.222 Y89.27 E400.51779
G1 X118.748 Y89.493 E400.53679
G1 X118.981 Y89.647 E400.54608
G1 X120.341 Y90.436 E400.59837
G1 X120.788 Y90.713 E400.61586
G1 X121.843 Y91.396 E400.65767
G1 X122.287 Y91.629 E400.67434
G1 X123.623 Y92.496 E400.72731
G1 X124.095 Y92.779 E400.74562
G1 X126.782 Y94.482 E400.85143
G1 X127.359 Y94.595 E400.87098
G1 X127.734 Y94.708 E400.88401
G1 X128.381 Y94.829 E400.9059
G1 X129.333 Y95.031 E400.93827
G1 X130.012 Y95.214 E400.96166
G1 X130.481 Y95.317 E400.97763
G1 X131.698 Y95.739 E401.02047
G1 X132.113 Y95.925 E401.0356
G1 X132.536 Y96.142 E401.05141
G1 X132.941 Y96.396 E401.06731
G1 X133.179 Y96.582 E401.07736
G1 X133.571 Y96.932 E401.09484
G1 X133.808 Y97.253 E401.10811
G1 X133.968 Y97.581 E401.12025
G1 X134.109 Y98.069 E401.13714
G1 X134.248 Y98.741 E401.15996
G1 X134.403 Y98.958 E401.16883
G1 X134.839 Y99.214 E401.18565
G1 X135.146 Y99.345 E401.19675
G1 X136.025 Y99.807 E401.22978
G1 X136.475 Y100.078 E401.24725
G1 X137.032 Y100.44 E401.26935
G1 X136.127 Y101.513 E401.31603
G1 X135.664 Y102.182 E401.34309
G1 X135.572 Y102.858 E401.36578
G1 X135.612 Y103.09 E401.37361
G1 X136.108 Y104.007 E401.40829
G1 X136.239 Y104.372 E401.42119
G1 X136.796 Y105.753 E401.47072
G1 X137.106 Y106.709 E401.50414
G1 X136.69 Y106.573 E401.5187
G1 X136.231 Y106.475 E401.53431
G1 X135.914 Y106.57 E401.54532
G1 X135.523 Y106.853 E401.56137
G1 X135.383 Y107.056 E401.56957
G1 X135.347 Y107.387 E401.58065
G1 X135.522 Y107.79 E401.59526
G1 X135.674 Y108.213 E401.61021
G1 X135.837 Y108.718 E401.62786
G1 X136.003 Y109.194 E401.64463
G1 X136.178 Y109.633 E401.66034
G1 X136.279 Y109.989 E401.67265
G1 X136.341 Y110.459 E401.68842
G1 X136.659 Y111.939 E401.73877
G1 X137.031 Y114.02 E401.80908
G1 X137.182 Y114.47 E401.82487
G1 X137.14 Y114.646 E401.83088
G1 X137.172 Y115.032 E401.84377
G1 X137.393 Y116.674 E401.89887
G1 X137.517 Y117.679 E401.93255
G1 X137.641 Y118.917 E401.97393
G1 X137.729 Y119.365 E401.98912
G1 X137.756 Y119.646 E401.99851
G1 X137.776 Y120.117 E402.01419
G1 X138.236 Y125.103 E402.18073
G1 X138.359 Y126.308 E402.22101
G1 X138.349 Y126.841 E402.23875
G1 X138.479 Y127.318 E402.25519
G1 X138.465 Y128.459 E402.29314
G1 X138.569 Y128.805 E402.30516
G1 X138.592 Y129.148 E402.31659
G1 X138.62 Y131.207 E402.38508
G1 X138.652 Y132.326 E402.42231
G1 X138.696 Y133.106 E402.4483
G1 X138.724 Y133.901 E402.47476
G1 X138.74 Y136.119 E402.54853
G1 X138.708 Y139.022 E402.64509
G1 X138.66 Y140.219 E402.68493
G1 X138.62 Y140.528 E402.6953
G1 X138.506 Y140.837 E402.70625
G1 X138.32 Y141.147 E402.71828
G1 X138.058 Y141.456 E402.73175
G1 X137.719 Y141.735 E402.74635
G1 X137.307 Y142.016 E402.76294
G1 X137.074 Y142.142 E402.77175
G1 X136.492 Y142.377 E402.79263
G1 X134.776 Y142.994 E402.85328
G1 X133.818 Y143.296 E402.88669
G1 X133.242 Y143.458 E402.90659
G1 X132.932 Y143.59 E402.91779
G1 X132.648 Y143.635 E402.92736
G1 X132.211 Y143.774 E402.94261
G1 X131.687 Y143.892 E402.96048
G1 X131.251 Y144.021 E402.9756
G1 X130.915 Y144.092 E402.98702
G1 X130.495 Y144.218 E403.0016
G1 X129.501 Y144.456 E403.0356
G1 X129.024 Y144.551 E403.05178
G1 X128.469 Y144.701 E403.0709
G1 X128.115 Y144.775 E403.08293
G1 X127.596 Y144.858 E403.10041
G1 X126.139 Y145.126 E403.14968
G1 X124.902 Y145.321 E403.19133
G1 X124.585 Y145.35 E403.20192
G1 X124.204 Y145.422 E403.21482
G1 X122.831 Y145.597 E403.26085
G1 X122.398 Y145.632 E403.2753
G1 X121.955 Y145.641 E403.29004
G1 X121.508 Y145.729 E403.30519
G1 X121.08 Y145.763 E403.31947
G1 X120.514 Y145.76 E403.3383
G1 X120.219 Y145.882 E403.34891
G1 X119.982 Y145.846 E403.35689
G1 X119.546 Y145.859 E403.37139
G1 X117.822 Y145.812 E403.42876
G1 X117.5 Y145.817 E403.43947
G1 F1500 E396.93947
G0 F9000 X117.146 Y147.055
G0 X114.983 Y146.993
G0 X111.582 Y146.649
G0 X106.651 Y145.879
G0 X101.851 Y144.629
G0 X97.837 Y143.253
G0 X98.37 Y141.928
G1 F1500 E403.43947
G1 F900 X96.734 Y140.291 E403.51644
G0 F9000 X96.623 Y139.615
G1 F900 X99.281 Y142.273 E403.64147
G0 F9000 X100.112 Y142.539
G1 F900 X96.613 Y139.039 E403.80607
G0 F9000 X96.476 Y138.337
G1 F900 X100.983 Y142.843 E404.01804
G0 F9000 X101.799 Y143.094
G1 F900 X96.456 Y137.751 E404.26936
G0 F9000 X96.455 Y137.184
G1 F900 X102.632 Y143.362 E404.55993
G0 F9000 X103.38 Y143.543
G1 F900 X96.461 Y136.624 E404.88538
G0 F9000 X96.466 Y136.064
G1 F900 X104.155 Y143.753 E405.24705
G0 F9000 X104.889 Y143.922
G1 F900 X96.505 Y135.537 E405.64143
G0 F9000 X96.58 Y135.047
G1 F900 X105.654 Y144.12 E406.06822
G0 F9000 X106.393 Y144.294
G1 F900 X96.6 Y134.501 E406.52885
G0 F9000 X96.609 Y133.944
G1 F900 X107.192 Y144.528 E407.02667
G0 F9000 X107.824 Y144.593
G1 F900 X96.613 Y133.383 E407.55398
G0 F9000 X96.615 Y132.819
G1 F900 X108.506 Y144.709 E408.11327
G0 F9000 X109.216 Y144.854
G1 F900 X96.62 Y132.259 E408.70572
G0 F9000 X96.638 Y131.711
G1 F900 X109.893 Y144.965 E409.32917
G0 F9000 X110.568 Y145.075
G1 F900 X96.69 Y131.197 E409.98195
G0 F9000 X96.742 Y130.683
G1 F900 X111.223 Y145.164 E410.66309
G0 F9000 X111.87 Y145.245
G1 F900 X96.714 Y130.089 E411.37599
G0 F9000 X96.674 Y129.484
G1 F900 X112.525 Y145.334 E412.12154
G0 F9000 X113.163 Y145.407
G1 F900 X96.744 Y128.988 E412.89384
G0 F9000 X96.811 Y128.489
G1 F900 X113.783 Y145.462 E413.69218
G0 F9000 X114.401 Y145.513
G1 F900 X96.845 Y127.957 E414.51796
G0 F9000 X96.879 Y127.426
G1 F900 X115.017 Y145.564 E415.37111
G0 F9000 X115.615 Y145.596
G1 F900 X96.913 Y126.894 E416.2508
G0 F9000 X96.95 Y126.366
G1 F900 X116.19 Y145.606 E417.15579
G0 F9000 X116.766 Y145.616
G1 F900 X96.99 Y125.84 E418.08599
G0 F9000 X97.03 Y125.314
G1 F900 X117.335 Y145.619 E419.04108
G0 F9000 X117.894 Y145.613
G1 F900 X97.069 Y124.788 E420.02062
G0 F9000 X97.11 Y124.263
G1 F900 X118.476 Y145.629 E421.02561
G0 F9000 X119.058 Y145.646
G1 F900 X97.149 Y123.737 E422.05614
G0 F9000 X97.189 Y123.211
G1 F900 X119.634 Y145.656 E423.11189
G0 F9000 X120.212 Y145.668
G1 F900 X97.229 Y122.685 E424.19294
G0 F9000 X97.269 Y122.159
G1 F900 X120.674 Y145.564 E425.29384
G0 F9000 X121.226 Y145.551
G1 F900 X97.301 Y121.625 E426.41922
G0 F9000 X97.329 Y121.088
G1 F900 X121.724 Y145.483 E427.56669
G0 F9000 X122.242 Y145.435
G1 F900 X97.421 Y120.614 E428.73419
G0 F9000 X97.437 Y120.065
G1 F900 X122.774 Y145.401 E429.92594
G0 F9000 X123.276 Y145.338
G1 F900 X97.512 Y119.574 E431.1378
G0 F9000 X97.564 Y119.06
G1 F900 X123.778 Y145.274 E432.37083
G0 F9000 X124.274 Y145.204
G1 F900 X97.617 Y118.547 E433.62469
G0 F9000 X97.686 Y118.051
G1 F900 X124.768 Y145.132 E434.89852
G0 F9000 X125.263 Y145.062
G1 F900 X97.746 Y117.545 E436.19284
G0 F9000 X97.805 Y117.038
G1 F900 X125.751 Y144.984 E437.50733
G0 F9000 X126.237 Y144.905
G1 F900 X97.868 Y116.535 E438.84174
G0 F9000 X97.932 Y116.034
G1 F900 X126.715 Y144.817 E440.19561
G0 F9000 X127.193 Y144.729
G1 F900 X97.997 Y115.533 E441.5689
G0 F9000 X98.062 Y115.032
G1 F900 X127.673 Y144.644 E442.96173
G0 F9000 X128.157 Y144.562
G1 F900 X98.126 Y114.531 E444.3743
G0 F9000 X98.225 Y114.064
G1 F900 X128.615 Y144.454 E445.80375
G0 F9000 X129.065 Y144.339
G1 F900 X98.32 Y113.593 E447.24993
G0 F9000 X98.402 Y113.11
G1 F900 X129.535 Y144.243 E448.71433
G0 F9000 X129.991 Y144.133
G1 F900 X98.484 Y112.627 E450.1963
G0 F9000 X98.584 Y112.161
G1 F900 X130.447 Y144.024 E451.69503
G0 F9000 X130.883 Y143.894
G1 F900 X98.68 Y111.69 E453.20979
G0 F9000 X98.755 Y111.2
G1 F900 X131.341 Y143.786 E454.74253
G0 F9000 X131.785 Y143.664
G1 F900 X98.839 Y110.718 E456.29221
G0 F9000 X98.955 Y110.269
G1 F900 X132.241 Y143.555 E457.85788
G0 F9000 X132.679 Y143.427
G1 F900 X99.088 Y109.836 E459.4379
G0 F9000 X99.23 Y109.413
G1 F900 X133.114 Y143.297 E461.0317
G0 F9000 X133.547 Y143.164
G1 F900 X99.366 Y108.983 E462.63947
G0 F9000 X99.508 Y108.559
G1 F900 X133.983 Y143.034 E464.26107
G0 F9000 X134.413 Y142.898
G1 F900 X99.658 Y108.143 E465.89584
G0 F9000 X99.811 Y107.731
G1 F900 X134.838 Y142.758 E467.5434
G0 F9000 X135.255 Y142.609
G1 F900 X99.983 Y107.337 E469.20249
G0 F9000 X99.902 Y106.69
G1 F900 X135.671 Y142.459 E470.88495
G0 F9000 X136.087 Y142.309
G1 F900 X98.764 Y104.986 E472.64051
G0 F9000 X98.908 Y104.565
G1 F900 X136.501 Y142.157 E474.40875
G0 F9000 X136.904 Y141.996
G1 F900 X99.099 Y104.19 E476.187
G0 F9000 X99.284 Y103.81
G1 F900 X137.272 Y141.798 E477.97384
G0 F9000 X137.608 Y141.568
G1 F900 X99.471 Y103.431 E479.76769
G0 F9000 X99.659 Y103.053
G1 F900 X137.918 Y141.312 E481.56727
G0 F9000 X138.174 Y141.003
G1 F900 X99.662 Y102.491 E483.37876
G1 F1500 E476.87876
G0 F9000 X98.404 Y100.667
G1 F1500 E483.37876
G1 F900 X138.369 Y140.632 E485.25859
G0 F9000 X138.462 Y140.159
G1 F900 X98.593 Y100.29 E487.13391
G0 F9000 X98.942 Y100.073
G1 F900 X138.484 Y139.615 E488.99384
G0 F9000 X138.506 Y139.072
G1 F900 X99.308 Y99.874 E490.83759
G0 F9000 X99.68 Y99.68
G1 F900 X138.514 Y138.514 E492.66423
G0 F9000 X138.52 Y137.954
G1 F900 X100.061 Y99.496 E494.4732
G0 F9000 X100.458 Y99.327
G1 F900 X138.526 Y137.395 E496.2638
G0 F9000 X138.532 Y136.835
G1 F900 X100.755 Y99.058 E498.04071
G0 F9000 X101.019 Y98.756
G1 F900 X138.538 Y136.276 E499.80552
G0 F9000 X138.537 Y135.709
G1 F900 X101.135 Y98.306 E501.56481
G0 F9000 X101.247 Y97.853
G1 F900 X138.533 Y135.139 E503.31863
G0 F9000 X138.529 Y134.569
G1 F900 X101.43 Y97.47 E505.06366
G0 F9000 X101.672 Y97.147
G1 F900 X138.525 Y134 E506.79711
G0 F9000 X138.507 Y133.415
G1 F900 X101.938 Y96.847 E508.51718
G0 F9000 X102.229 Y96.572
G1 F900 X138.48 Y132.823 E510.22231
G0 F9000 X138.449 Y132.226
G1 F900 X102.602 Y96.379 E511.90845
G0 F9000 X102.985 Y96.197
G1 F900 X138.432 Y131.644 E513.57577
G0 F9000 X138.418 Y131.064
G1 F900 X103.37 Y96.016 E515.22432
G0 F9000 X103.771 Y95.851
G1 F900 X138.41 Y130.491 E516.85365
G0 F9000 X138.403 Y129.917
G1 F900 X104.189 Y95.703 E518.46297
G0 F9000 X104.607 Y95.556
G1 F900 X138.395 Y129.344 E520.05226
G0 F9000 X138.336 Y128.719
G1 F900 X105.04 Y95.423 E521.6184
G0 F9000 X105.499 Y95.317
G1 F900 X138.271 Y128.089 E523.15989
G0 F9000 X138.278 Y127.53
G1 F900 X105.951 Y95.203 E524.68046
G0 F9000 X106.418 Y95.104
G1 F900 X138.15 Y126.836 E526.17303
G0 F9000 X138.155 Y126.276
G1 F900 X106.884 Y95.005 E527.64392
G0 F9000 X107.351 Y94.906
G1 F900 X138.091 Y125.646 E529.08984
G0 F9000 X138.027 Y125.016
G1 F900 X107.805 Y94.794 E530.51139
G0 F9000 X108.222 Y94.646
G1 F900 X137.97 Y124.394 E531.91065
G0 F9000 X137.913 Y123.771
G1 F900 X108.611 Y94.469 E533.28892
G0 F9000 X108.948 Y94.24
G1 F900 X137.855 Y123.147 E534.64862
G0 F9000 X137.797 Y122.524
G1 F900 X109.307 Y94.034 E535.9887
G0 F9000 X109.654 Y93.815
G1 F900 X137.74 Y121.901 E537.30978
G0 F9000 X137.683 Y121.278
G1 F900 X109.99 Y93.585 E538.61237
G0 F9000 X110.339 Y93.369
G1 F900 X137.626 Y120.655 E539.89585
G0 F9000 X137.573 Y120.036
G1 F900 X110.688 Y93.152 E541.16041
G0 F9000 X111.037 Y92.935
G1 F900 X137.54 Y119.438 E542.40703
G0 F9000 X137.425 Y118.757
G1 F900 X111.386 Y92.719 E543.6318
G0 F9000 X111.733 Y92.499
G1 F900 X137.361 Y118.128 E544.83729
G0 F9000 X137.293 Y117.494
G1 F900 X112.074 Y92.275 E546.02351
G0 F9000 X112.427 Y92.062
G1 F900 X137.213 Y116.849 E547.18939
G0 F9000 X137.128 Y116.197
G1 F900 X112.781 Y91.85 E548.3346
G0 F9000 X113.134 Y91.638
G1 F900 X137.039 Y115.543 E549.45902
G0 F9000 X136.961 Y114.899
G1 F900 X113.488 Y91.426 E550.56312
G0 F9000 X113.837 Y91.21
G1 F900 X136.906 Y114.279 E551.64821
G0 F9000 X136.745 Y113.552
G1 F900 X114.187 Y90.994 E552.70927
G0 F9000 X114.536 Y90.778
G1 F900 X136.622 Y112.863 E553.74811
G0 F9000 X136.498 Y112.174
G1 F900 X114.891 Y90.567 E554.76443
G0 F9000 X115.249 Y90.358
G1 F900 X136.353 Y111.463 E555.75712
G0 F9000 X136.199 Y110.743
G1 F900 X115.606 Y90.15 E556.72576
G0 F9000 X115.967 Y89.945
G1 F900 X136.088 Y110.066 E557.67219
G0 F9000 X135.796 Y109.209
G1 F900 X116.342 Y89.755 E558.58724
G0 F9000 X116.719 Y89.566
G1 F900 X135.511 Y108.358 E559.47116
G0 F9000 X135.15 Y107.431
G1 F900 X117.108 Y89.39 E560.31978
G0 F9000 X117.59 Y89.305
G1 F900 X135.22 Y106.936 E561.14906
G0 F9000 X135.484 Y106.635
G1 F900 X118.423 Y89.573 E561.95158
G0 F9000 X119.727 Y90.311
G1 F900 X135.812 Y106.396 E562.70817
G0 F9000 X136.26 Y106.279
G1 F900 X121.2 Y91.218 E563.41657
G1 F1500 E556.91657
G0 F9000 X122.65 Y92.103
G1 F1500 E563.41657
G1 F900 X136.723 Y106.176 E564.07852
G0 F9000 X136.39 Y105.277
G1 F900 X124.186 Y93.074 E564.65254
G1 F1500 E558.15254
G0 F9000 X125.726 Y94.048
G1 F1500 E564.65254
G1 F900 X136.014 Y104.336 E565.13645
G0 F9000 X135.448 Y103.204
G1 F900 X126.966 Y94.722 E565.53542
G0 F9000 X127.72 Y94.91
G1 F900 X135.406 Y102.596 E565.89695
G0 F9000 X135.479 Y102.103
G1 F900 X128.416 Y95.041 E566.22915
G0 F9000 X129.135 Y95.194
G1 F900 X135.71 Y101.769 E566.53841
G0 F9000 X135.941 Y101.434
G1 F900 X129.897 Y95.39 E566.8227
G0 F9000 X130.666 Y95.593
G1 F900 X136.194 Y101.122 E567.08275
G0 F9000 X136.454 Y100.816
G1 F900 X135.279 Y99.641 E567.13802
G1 F1500 E560.63802
G0 F9000 X136.602 Y100.399
G1 F1500 E567.13802
G1 F900 X136.713 Y100.509 E567.14321
G1 F1500 E560.64321
G0 F9000 X137.151 Y99.058
G0 X136.863 Y98.892
G0 X135.369 Y98.113
G0 X133.957 Y98.319
G1 F1500 E567.14321
G1 F900 X131.531 Y95.893 E567.25733
G0 F9000 X132.66 Y96.456
G1 F900 X133.708 Y97.504 E567.30662
G1 F1500 E560.80662
G0 F9000 X134.993 Y96.886
G0 X134.49 Y96.108
G0 X133.655 Y95.4
G0 X132.649 Y94.82
G0 X118.641 Y88.12
G0 X117.688 Y87.857
G0 X116.787 Y87.987
G0 X101.486 Y95.296
G0 X96.849 Y99.75
G0 X96.562 Y100.689
G0 X96.409 Y108.267
G0 X98.244 Y107.938
G0 X99.643 Y106.431
G1 F1500 E567.30662
G1 F900 X98.619 Y105.408 E567.35476
G0 F9000 X98.471 Y105.825
G1 F900 X98.996 Y106.35 E567.37946
G0 F9000 X98.501 Y106.42
G1 F900 X98.318 Y106.238 E567.38804
G1 F1500 E560.88804
;MESH:NONMESH
G0 F300 X98.318 Y106.238 Z0.8
G0 F9000 X98.244 Y107.938
G0 X97.66 Y109.602
G0 X97.4 Y110.585
G0 X96.733 Y114.194
G0 X95.896 Y120.959
G0 X95.245 Y129.463
G0 X95.03 Y137.285
G0 X95.062 Y138.565
G0 X95.191 Y140.06
G0 X95.378 Y140.741
G0 X95.773 Y141.564
G0 X96.096 Y142.005
G0 X96.545 Y142.461
G0 X97.061 Y142.855
G0 X97.636 Y143.172
G0 X98.512 Y143.525
G0 X102.36 Y144.768
G0 X107.195 Y145.984
G0 X112.146 Y146.73
G0 X114.785 Y146.964
G0 X117.519 Y147.046
G0 X117.5 Y146.179
;TIME_ELAPSED:1176.322315
;LAYER:3
M106 S255
;TYPE:WALL-OUTER
;MESH:skrita_sila_logo.stl
G1 F1500 E567.38804
G1 F900 X117.139 Y146.187 E567.40005
G1 X115.327 Y146.152 E567.46033
G1 X113.224 Y145.98 E567.53051
G1 X112.251 Y145.869 E567.56308
G1 X111.884 Y145.812 E567.57543
G1 X110.697 Y145.665 E567.61522
G1 X109.131 Y145.411 E567.66798
G1 X108.697 Y145.312 E567.68279
G1 X107.666 Y145.138 E567.71756
G1 X107.292 Y145.12 E567.73002
G1 X106.875 Y145.041 E567.74413
G1 X106.067 Y144.774 E567.77244
G1 X105.482 Y144.661 E567.79225
G1 X104.978 Y144.519 E567.80967
G1 X103.917 Y144.273 E567.84589
G1 X103.229 Y144.086 E567.86961
G1 X102.566 Y143.926 E567.89229
G1 X102.109 Y143.801 E567.90805
G1 X101.678 Y143.645 E567.9233
G1 X100.803 Y143.377 E567.95373
G1 X99.774 Y143.019 E567.98997
G1 X98.812 Y142.711 E568.02357
G1 X98.002 Y142.386 E568.05259
G1 X97.53 Y142.128 E568.07048
G1 X97.121 Y141.813 E568.08766
G1 X96.749 Y141.438 E568.10522
G1 X96.51 Y141.109 E568.11875
G1 X96.364 Y140.835 E568.12908
G1 X96.189 Y140.444 E568.14332
G1 X96.057 Y139.955 E568.16017
G1 X96.075 Y139.203 E568.18519
G1 X95.923 Y138.454 E568.21061
G1 X95.9 Y138.017 E568.22516
G1 X95.893 Y137.357 E568.24712
G1 X95.908 Y135.926 E568.29471
G1 X95.943 Y135.488 E568.30933
G1 X96.014 Y135.143 E568.32104
G1 X96.036 Y134.739 E568.3345
G1 X96.052 Y133.8 E568.36574
G1 X96.056 Y132.527 E568.40808
G1 X96.068 Y131.852 E568.43053
G1 X96.1 Y131.347 E568.44736
G1 X96.166 Y130.949 E568.46078
G1 X96.188 Y130.597 E568.47251
G1 X96.113 Y129.479 E568.50978
G1 X96.255 Y128.452 E568.54426
G1 X96.364 Y126.674 E568.60351
G1 X96.74 Y121.776 E568.7669
G1 X96.756 Y121.075 E568.79022
G1 X96.865 Y120.636 E568.80526
G1 X96.876 Y120.019 E568.82579
G1 X96.946 Y119.619 E568.83929
G1 X97.059 Y118.496 E568.87683
G1 X97.139 Y117.932 E568.89578
G1 X97.263 Y116.861 E568.93164
G1 X97.585 Y114.345 E569.016
G1 X97.667 Y114.012 E569.02741
G1 X97.805 Y113.324 E569.05075
G1 X97.909 Y112.656 E569.07323
G1 X98.004 Y112.184 E569.08925
G1 X98.091 Y111.832 E569.10131
G1 X98.174 Y111.329 E569.11826
G1 X98.249 Y110.751 E569.13765
G1 X98.487 Y109.846 E569.16877
G1 X98.623 Y109.488 E569.18151
G1 X98.926 Y108.533 E569.21483
G1 X99.274 Y107.567 E569.24898
G1 X99.465 Y107.127 E569.26494
G1 X99.453 Y107.009 E569.26888
G1 X99.363 Y106.911 E569.27331
G1 X99.248 Y106.889 E569.2772
G1 X98.76 Y106.936 E569.29351
G1 X98.138 Y107.095 E569.31486
G1 X97.415 Y107.248 E569.33944
G1 X97.515 Y106.832 E569.35367
G1 X97.719 Y106.3 E569.37262
G1 X97.822 Y105.938 E569.38514
G1 X97.978 Y105.556 E569.39886
G1 X98.443 Y104.208 E569.44629
G1 X98.65 Y103.852 E569.45999
G1 X98.906 Y103.298 E569.48029
G1 X99.103 Y102.963 E569.49321
G1 X99.113 Y102.42 E569.51128
G1 X98.824 Y102.058 E569.52668
G1 X98.185 Y101.327 E569.55898
G1 X97.951 Y101.002 E569.5723
G1 X97.52 Y100.494 E569.59445
G1 X97.582 Y100.295 E569.60139
G1 X98.532 Y99.66 E569.63939
G1 X99.304 Y99.239 E569.66864
G1 X99.802 Y98.999 E569.68703
G1 X100.17 Y98.841 E569.70035
G1 X100.545 Y98.5 E569.7172
G1 X100.612 Y98.016 E569.73346
G1 X100.756 Y97.551 E569.74965
G1 X100.879 Y97.274 E569.75973
G1 X101.2 Y96.838 E569.77773
G1 X101.528 Y96.464 E569.79428
G1 X101.768 Y96.244 E569.80511
G1 X101.979 Y96.026 E569.8152
G1 X102.427 Y95.846 E569.83126
G1 X103.012 Y95.562 E569.85289
G1 X103.422 Y95.383 E569.86777
G1 X104.495 Y95.002 E569.90564
G1 X104.884 Y94.883 E569.91917
G1 X105.177 Y94.829 E569.92908
G1 X105.582 Y94.71 E569.94312
G1 X107.438 Y94.312 E570.00625
G1 X107.838 Y94.208 E570.02
G1 X108.383 Y93.96 E570.03991
G1 X108.75 Y93.695 E570.05497
G1 X109.163 Y93.479 E570.07047
G1 X109.556 Y93.199 E570.08652
G1 X111.342 Y92.086 E570.15651
G1 X111.807 Y91.782 E570.17499
G1 X114.475 Y90.164 E570.27877
G1 X115.653 Y89.476 E570.32414
G1 X116.701 Y88.952 E570.36312
G1 X117.043 Y88.816 E570.37536
G1 X117.338 Y88.751 E570.3854
G1 X117.6 Y88.731 E570.39414
G1 X118.35 Y88.934 E570.41999
G1 X118.921 Y89.177 E570.44063
G1 X119.186 Y89.352 E570.45119
G1 X120.529 Y90.128 E570.50278
G1 X120.981 Y90.406 E570.52043
G1 X122.034 Y91.092 E570.56223
G1 X122.467 Y91.318 E570.57847
G1 X123.815 Y92.192 E570.6319
G1 X124.287 Y92.475 E570.65021
G1 X126.929 Y94.143 E570.75413
G1 X127.444 Y94.247 E570.7716
G1 X127.843 Y94.364 E570.78543
G1 X128.449 Y94.477 E570.80594
G1 X129.421 Y94.683 E570.83898
G1 X130.104 Y94.866 E570.8625
G1 X130.585 Y94.973 E570.87889
G1 X131.83 Y95.403 E570.9227
G1 X132.281 Y95.605 E570.93914
G1 X132.708 Y95.826 E570.95513
G1 X133.146 Y96.101 E570.97233
G1 X133.416 Y96.307 E570.98362
G1 X133.843 Y96.692 E571.00275
G1 X134.116 Y97.061 E571.01801
G1 X134.308 Y97.457 E571.03265
G1 X134.461 Y97.985 E571.05094
G1 X134.602 Y98.658 E571.07381
G1 X134.985 Y98.887 E571.08865
G1 X135.306 Y99.022 E571.10023
G1 X136.197 Y99.491 E571.13372
G1 X136.676 Y99.78 E571.15233
G1 X137.143 Y100.081 E571.17081
G1 X137.529 Y100.416 E571.1878
G1 X137.181 Y100.816 E571.20544
G1 X136.423 Y101.717 E571.2446
G1 X136.013 Y102.307 E571.2685
G1 X135.924 Y102.912 E571.28884
G1 X136.437 Y103.859 E571.32466
G1 X136.576 Y104.241 E571.33818
G1 X137.132 Y105.622 E571.38769
G1 X137.312 Y106.157 E571.40647
G1 X137.587 Y107.037 E571.43713
G1 X137.606 Y107.218 E571.44319
G1 X137.098 Y107.086 E571.46064
G1 X136.587 Y106.919 E571.47852
G1 X136.232 Y106.84 E571.49062
G1 X136.103 Y106.877 E571.49508
G1 X135.768 Y107.121 E571.50887
G1 X135.691 Y107.279 E571.51471
G1 X135.858 Y107.659 E571.52852
G1 X136.018 Y108.105 E571.54428
G1 X136.181 Y108.614 E571.56205
G1 X136.347 Y109.083 E571.5786
G1 X136.522 Y109.517 E571.59417
G1 X136.631 Y109.909 E571.6077
G1 X136.7 Y110.399 E571.62416
G1 X137.015 Y111.875 E571.67435
G1 X137.383 Y113.943 E571.74422
G1 X137.567 Y114.48 E571.7631
G1 X137.5 Y114.645 E571.76902
G1 X137.533 Y114.996 E571.78075
G1 X137.809 Y117.028 E571.84895
G1 X138.001 Y118.869 E571.91052
G1 X138.086 Y119.314 E571.92558
G1 X138.12 Y119.631 E571.93619
G1 X138.14 Y120.113 E571.95223
G1 X138.616 Y125.251 E572.12386
G1 X138.677 Y125.788 E572.14183
G1 X138.723 Y126.299 E572.1589
G1 X138.711 Y126.795 E572.1754
G1 X138.843 Y127.273 E572.19189
G1 X138.821 Y128.411 E572.22975
G1 X138.929 Y128.743 E572.24136
G1 X138.952 Y129.143 E572.25469
G1 X138.98 Y131.207 E572.32334
G1 X139.012 Y132.314 E572.36018
G1 X139.056 Y133.094 E572.38616
G1 X139.084 Y133.905 E572.41315
G1 X139.099 Y135.679 E572.47216
G1 X139.092 Y137.508 E572.53299
G1 X139.068 Y139.038 E572.58388
G1 X139.02 Y140.263 E572.62466
G1 X138.976 Y140.611 E572.63632
G1 X138.831 Y141 E572.65013
G1 X138.616 Y141.359 E572.66405
G1 X138.318 Y141.713 E572.67944
G1 X137.935 Y142.031 E572.696
G1 X137.488 Y142.332 E572.71392
G1 X137.238 Y142.466 E572.72336
G1 X136.628 Y142.713 E572.74524
G1 X134.888 Y143.338 E572.80674
G1 X133.919 Y143.644 E572.84054
G1 X133.362 Y143.799 E572.85976
G1 X133.03 Y143.939 E572.87175
G1 X132.699 Y143.997 E572.88293
G1 X132.306 Y144.123 E572.89665
G1 X131.782 Y144.245 E572.91455
G1 X131.339 Y144.373 E572.92988
G1 X131.006 Y144.444 E572.94121
G1 X130.583 Y144.57 E572.95589
G1 X129.585 Y144.808 E572.99001
G1 X129.079 Y144.91 E573.00718
G1 X128.545 Y145.057 E573.0256
G1 X128.188 Y145.131 E573.03773
G1 X127.712 Y145.206 E573.05376
G1 X126.199 Y145.482 E573.10491
G1 X125.498 Y145.586 E573.12848
G1 X124.965 Y145.677 E573.14646
G1 X124.644 Y145.708 E573.15719
G1 X124.252 Y145.782 E573.17046
G1 X122.868 Y145.96 E573.21687
G1 X122.426 Y145.992 E573.23161
G1 X121.995 Y146.001 E573.24595
G1 X121.571 Y146.085 E573.26032
G1 X121.084 Y146.127 E573.27658
G1 X120.561 Y146.123 E573.29398
G1 X120.273 Y146.256 E573.30453
G1 X119.941 Y146.204 E573.3157
G1 X119.556 Y146.223 E573.32853
G1 X117.813 Y146.172 E573.38652
G1 X117.5 Y146.179 E573.39694
G0 F9000 X117.5 Y145.817
;TYPE:SKIN
G1 F900 X117.136 Y145.823 E573.40904
G1 X115.335 Y145.792 E573.46895
G1 X113.264 Y145.62 E573.53807
G1 X112.291 Y145.509 E573.57065
G1 X111.89 Y145.45 E573.58413
G1 X110.745 Y145.306 E573.62251
G1 X109.195 Y145.055 E573.67473
G1 X108.765 Y144.957 E573.6894
G1 X107.738 Y144.782 E573.72405
G1 X107.329 Y144.757 E573.73768
G1 X106.966 Y144.689 E573.74997
G1 X106.116 Y144.414 E573.77968
G1 X105.571 Y144.309 E573.79814
G1 X105.095 Y144.175 E573.81459
G1 X103.998 Y143.922 E573.85203
G1 X103.218 Y143.707 E573.87894
G1 X102.662 Y143.578 E573.89792
G1 X102.213 Y143.453 E573.91343
G1 X101.788 Y143.299 E573.92846
G1 X100.907 Y143.029 E573.95911
G1 X99.999 Y142.711 E573.99111
G1 X98.94 Y142.375 E574.02806
G1 X98.158 Y142.058 E574.05613
G1 X97.73 Y141.824 E574.07235
G1 X97.353 Y141.533 E574.08819
G1 X97.03 Y141.21 E574.10338
G1 X96.814 Y140.909 E574.1157
G1 X96.688 Y140.675 E574.12454
G1 X96.525 Y140.316 E574.13766
G1 X96.417 Y139.911 E574.1516
G1 X96.429 Y139.14 E574.17725
G1 X96.28 Y138.407 E574.20212
G1 X96.26 Y137.998 E574.21574
G1 X96.253 Y137.422 E574.2349
G1 X96.268 Y135.941 E574.28416
G1 X96.299 Y135.549 E574.29724
G1 X96.372 Y135.192 E574.30936
G1 X96.396 Y134.764 E574.32362
G1 X96.412 Y133.804 E574.35555
G1 X96.416 Y132.531 E574.39789
G1 X96.428 Y131.873 E574.41978
G1 X96.46 Y131.378 E574.43628
G1 X96.522 Y130.975 E574.44984
G1 X96.548 Y130.602 E574.46228
G1 X96.473 Y129.48 E574.49968
G1 X96.611 Y128.496 E574.53273
G1 X96.724 Y126.702 E574.59251
G1 X97.096 Y121.804 E574.75589
G1 X97.116 Y121.123 E574.77855
G1 X97.217 Y120.707 E574.79279
G1 X97.236 Y120.056 E574.81445
G1 X97.302 Y119.679 E574.82718
G1 X97.415 Y118.544 E574.86512
G1 X97.495 Y117.976 E574.8842
G1 X97.619 Y116.905 E574.92006
G1 X97.941 Y114.396 E575.00419
G1 X97.993 Y114.208 E575.01068
G1 X98.149 Y113.428 E575.03713
G1 X98.261 Y112.724 E575.06084
G1 X98.356 Y112.252 E575.07686
G1 X98.439 Y111.916 E575.08837
G1 X98.522 Y111.426 E575.1049
G1 X98.605 Y110.82 E575.12524
G1 X98.835 Y109.941 E575.15546
G1 X98.956 Y109.618 E575.16693
G1 X99.262 Y108.653 E575.20061
G1 X99.602 Y107.711 E575.23392
G1 X99.805 Y107.239 E575.251
G1 X99.812 Y106.957 E575.26039
G1 X99.697 Y106.727 E575.26894
G1 X99.527 Y106.584 E575.27633
G1 X99.202 Y106.529 E575.28729
G1 X98.652 Y106.588 E575.30569
G1 X97.923 Y106.77 E575.33068
G1 X98.059 Y106.421 E575.34314
G1 X98.166 Y106.046 E575.35611
G1 X98.318 Y105.673 E575.3695
G1 X98.767 Y104.36 E575.41566
G1 X98.969 Y104.018 E575.42887
G1 X99.23 Y103.449 E575.44969
G1 X99.455 Y103.061 E575.46461
G1 X99.468 Y102.432 E575.48553
G1 X99.418 Y102.226 E575.49258
G1 X99.102 Y101.824 E575.50959
G1 X98.465 Y101.095 E575.54179
G1 X98.259 Y100.807 E575.55357
G1 X97.97 Y100.466 E575.56843
G1 X98.716 Y99.968 E575.59827
G1 X99.447 Y99.57 E575.62595
G1 X99.954 Y99.323 E575.64471
G1 X100.353 Y99.154 E575.65912
G1 X100.766 Y98.781 E575.67763
G1 X100.894 Y98.573 E575.68575
G1 X100.964 Y98.1 E575.70166
G1 X101.135 Y97.533 E575.72135
G1 X101.481 Y97.062 E575.74079
G1 X101.788 Y96.712 E575.75628
G1 X102.032 Y96.488 E575.76729
G1 X102.183 Y96.33 E575.77456
G1 X102.563 Y96.178 E575.78817
G1 X103.156 Y95.89 E575.8101
G1 X103.566 Y95.711 E575.82498
G1 X104.599 Y95.346 E575.86142
G1 X104.976 Y95.231 E575.87453
G1 X105.257 Y95.179 E575.88403
G1 X105.669 Y95.059 E575.89831
G1 X107.518 Y94.664 E575.96119
G1 X107.954 Y94.547 E575.97621
G1 X108.592 Y94.255 E575.99954
G1 X108.942 Y93.999 E576.01397
G1 X109.355 Y93.783 E576.02947
G1 X109.756 Y93.495 E576.04589
G1 X111.53 Y92.394 E576.11533
G1 X111.999 Y92.086 E576.13399
G1 X113.375 Y91.26 E576.18737
G1 X114.579 Y90.516 E576.23445
G1 X115.816 Y89.796 E576.28205
G1 X116.842 Y89.279 E576.32026
G1 X117.143 Y89.16 E576.33103
G1 X117.515 Y89.078 E576.3437
G1 X118.222 Y89.27 E576.36806
G1 X118.748 Y89.493 E576.38707
G1 X118.981 Y89.647 E576.39636
G1 X120.341 Y90.436 E576.44865
G1 X120.788 Y90.713 E576.46614
G1 X121.843 Y91.396 E576.50794
G1 X122.287 Y91.629 E576.52462
G1 X123.623 Y92.496 E576.57759
G1 X124.095 Y92.779 E576.5959
G1 X126.782 Y94.482 E576.7017
G1 X127.359 Y94.595 E576.72126
G1 X127.734 Y94.708 E576.73429
G1 X128.381 Y94.829 E576.75618
G1 X129.333 Y95.031 E576.78855
G1 X130.012 Y95.214 E576.81194
G1 X130.481 Y95.317 E576.82791
G1 X131.698 Y95.739 E576.87075
G1 X132.113 Y95.925 E576.88588
G1 X132.536 Y96.142 E576.90169
G1 X132.941 Y96.396 E576.91759
G1 X133.179 Y96.582 E576.92764
G1 X133.571 Y96.932 E576.94511
G1 X133.808 Y97.253 E576.95838
G1 X133.968 Y97.581 E576.97052
G1 X134.109 Y98.069 E576.98742
G1 X134.248 Y98.741 E577.01024
G1 X134.403 Y98.958 E577.01911
G1 X134.839 Y99.214 E577.03593
G1 X135.146 Y99.345 E577.04703
G1 X136.025 Y99.807 E577.08006
G1 X136.475 Y100.078 E577.09753
G1 X137.032 Y100.44 E577.11962
G1 X136.127 Y101.513 E577.16631
G1 X135.664 Y102.182 E577.19337
G1 X135.572 Y102.858 E577.21606
G1 X135.612 Y103.09 E577.22389
G1 X136.108 Y104.007 E577.25857
G1 X136.239 Y104.372 E577.27147
G1 X136.796 Y105.753 E577.32099
G1 X137.106 Y106.709 E577.35442
G1 X136.69 Y106.573 E577.36898
G1 X136.231 Y106.475 E577.38459
G1 X135.914 Y106.57 E577.39559
G1 X135.523 Y106.853 E577.41165
G1 X135.383 Y107.056 E577.41985
G1 X135.347 Y107.387 E577.43092
G1 X135.522 Y107.79 E577.44554
G1 X135.674 Y108.213 E577.46049
G1 X135.837 Y108.718 E577.47814
G1 X136.003 Y109.194 E577.4949
G1 X136.178 Y109.633 E577.51062
G1 X136.279 Y109.989 E577.52293
G1 X136.341 Y110.459 E577.5387
G1 X136.659 Y111.939 E577.58905
G1 X137.031 Y114.02 E577.65936
G1 X137.182 Y114.47 E577.67514
G1 X137.14 Y114.646 E577.68116
G1 X137.172 Y115.034 E577.69411
G1 X137.449 Y117.064 E577.76225
G1 X137.641 Y118.917 E577.82422
G1 X137.729 Y119.365 E577.8394
G1 X137.756 Y119.646 E577.84879
G1 X137.776 Y120.117 E577.86447
G1 X138.236 Y125.103 E578.03101
G1 X138.359 Y126.308 E578.0713
G1 X138.349 Y126.841 E578.08903
G1 X138.479 Y127.318 E578.10547
G1 X138.465 Y128.459 E578.14342
G1 X138.569 Y128.805 E578.15544
G1 X138.592 Y129.148 E578.16687
G1 X138.62 Y131.207 E578.23536
G1 X138.652 Y132.326 E578.2726
G1 X138.696 Y133.106 E578.29858
G1 X138.724 Y133.905 E578.32517
G1 X138.735 Y135.709 E578.38517
G1 X138.732 Y137.463 E578.44351
G1 X138.708 Y139.022 E578.49537
G1 X138.66 Y140.219 E578.53521
G1 X138.62 Y140.528 E578.54558
G1 X138.506 Y140.837 E578.55653
G1 X138.32 Y141.147 E578.56856
G1 X138.058 Y141.456 E578.58203
G1 X137.719 Y141.735 E578.59663
G1 X137.307 Y142.016 E578.61322
G1 X137.074 Y142.142 E578.62203
G1 X136.492 Y142.377 E578.64291
G1 X134.776 Y142.994 E578.70356
G1 X133.818 Y143.296 E578.73697
G1 X133.242 Y143.458 E578.75687
G1 X132.932 Y143.59 E578.76807
G1 X132.648 Y143.635 E578.77764
G1 X132.211 Y143.774 E578.79289
G1 X131.687 Y143.892 E578.81076
G1 X131.251 Y144.021 E578.82588
G1 X130.915 Y144.092 E578.8373
G1 X130.495 Y144.218 E578.85188
G1 X129.501 Y144.456 E578.88588
G1 X129.024 Y144.551 E578.90206
G1 X128.469 Y144.701 E578.92118
G1 X128.115 Y144.775 E578.93321
G1 X127.596 Y144.858 E578.95069
G1 X126.139 Y145.126 E578.99996
G1 X124.902 Y145.321 E579.04161
G1 X124.585 Y145.35 E579.0522
G1 X124.204 Y145.422 E579.0651
G1 X122.831 Y145.597 E579.11113
G1 X122.398 Y145.632 E579.12558
G1 X121.955 Y145.641 E579.14032
G1 X121.508 Y145.729 E579.15547
G1 X121.08 Y145.763 E579.16975
G1 X120.514 Y145.76 E579.18858
G1 X120.219 Y145.882 E579.19919
G1 X119.982 Y145.846 E579.20717
G1 X119.546 Y145.859 E579.22167
G1 X117.822 Y145.812 E579.27904
G1 X117.5 Y145.817 E579.28975
G1 F1500 E572.78975
G0 F9000 X117.816 Y147.04
G0 X120.406 Y147.153
G0 X126.34 Y146.338
G0 X128.75 Y145.896
G0 X133.283 Y144.771
G0 X136.945 Y143.522
G0 X137.954 Y143.065
G0 X138.928 Y142.332
G0 X139.316 Y141.875
G0 X139.489 Y141.589
G0 X139.775 Y140.947
G0 X138.427 Y140.456
G1 F1500 E579.28975
G1 F900 X136.875 Y142.008 E579.36275
G0 F9000 X135.962 Y142.355
G1 F900 X138.474 Y139.843 E579.48091
G0 F9000 X138.498 Y139.253
G1 F900 X135.08 Y142.672 E579.6417
G0 F9000 X134.23 Y142.956
G1 F900 X138.513 Y138.673 E579.84316
G0 F9000 X138.522 Y138.098
G1 F900 X133.42 Y143.2 E580.08314
G0 F9000 X132.616 Y143.439
G1 F900 X138.531 Y137.524 E580.36137
G0 F9000 X138.533 Y136.956
G1 F900 X131.835 Y143.654 E580.67642
G0 F9000 X131.067 Y143.856
G1 F900 X138.534 Y136.39 E581.02762
G0 F9000 X138.534 Y135.823
G1 F900 X130.297 Y144.06 E581.41506
G0 F9000 X129.553 Y144.238
G1 F900 X138.532 Y135.26 E581.83739
G0 F9000 X138.529 Y134.697
G1 F900 X128.828 Y144.398 E582.29369
G0 F9000 X128.082 Y144.578
G1 F900 X138.525 Y134.135 E582.7849
G0 F9000 X138.512 Y133.583
G1 F900 X127.404 Y144.69 E583.30736
G0 F9000 X126.711 Y144.818
G1 F900 X138.491 Y133.038 E583.86145
G0 F9000 X138.461 Y132.503
G1 F900 X126.021 Y144.942 E584.44657
G0 F9000 X125.356 Y145.042
G1 F900 X138.44 Y131.957 E585.06203
G0 F9000 X138.425 Y131.407
G1 F900 X124.693 Y145.139 E585.70794
G0 F9000 X124.023 Y145.243
G1 F900 X138.415 Y130.852 E586.38487
G0 F9000 X138.407 Y130.294
G1 F900 X123.375 Y145.326 E587.09193
G0 F9000 X122.73 Y145.405
G1 F900 X138.399 Y129.736 E587.82895
G0 F9000 X138.392 Y129.177
G1 F900 X122.131 Y145.438 E588.59382
G0 F9000 X121.471 Y145.532
G1 F900 X138.324 Y128.68 E589.38651
G0 F9000 X138.27 Y128.168
G1 F900 X120.874 Y145.564 E590.20476
G0 F9000 X120.198 Y145.674
G1 F900 X138.276 Y127.596 E591.0551
G0 F9000 X138.213 Y127.094
G1 F900 X119.651 Y145.656 E591.9282
G0 F9000 X119.094 Y145.647
G1 F900 X138.153 Y126.588 E592.82467
G0 F9000 X138.13 Y126.045
G1 F900 X118.543 Y145.632 E593.74598
G0 F9000 X117.993 Y145.617
G1 F900 X138.078 Y125.531 E594.69074
G0 F9000 X138.027 Y125.016
G1 F900 X117.425 Y145.619 E595.65982
G0 F9000 X116.859 Y145.619
G1 F900 X137.979 Y124.499 E596.65324
G0 F9000 X137.932 Y123.981
G1 F900 X116.304 Y145.609 E597.67056
G0 F9000 X115.748 Y145.599
G1 F900 X137.884 Y123.463 E598.71177
G0 F9000 X137.836 Y122.945
G1 F900 X115.2 Y145.581 E599.7765
G0 F9000 X114.679 Y145.537
G1 F900 X137.788 Y122.427 E600.8635
G0 F9000 X137.74 Y121.909
G1 F900 X114.156 Y145.494 E601.97284
G0 F9000 X113.633 Y145.45
G1 F900 X137.693 Y121.391 E603.10452
G0 F9000 X137.645 Y120.874
G1 F900 X113.116 Y145.402 E604.25827
G0 F9000 X112.608 Y145.344
G1 F900 X137.597 Y120.355 E605.43367
G0 F9000 X137.563 Y119.824
G1 F900 X112.107 Y145.28 E606.63105
G0 F9000 X111.608 Y145.214
G1 F900 X137.514 Y119.307 E607.84961
G0 F9000 X137.43 Y118.825
G1 F900 X111.106 Y145.15 E609.08783
G0 F9000 X110.608 Y145.082
G1 F900 X137.377 Y118.313 E610.34696
G0 F9000 X137.324 Y117.8
G1 F900 X110.121 Y145.003 E611.62651
G0 F9000 X109.634 Y144.924
G1 F900 X137.271 Y117.288 E612.92645
G0 F9000 X137.208 Y116.784
G1 F900 X109.153 Y144.84 E614.24609
G0 F9000 X108.686 Y144.741
G1 F900 X137.141 Y116.287 E615.5845
G0 F9000 X137.073 Y115.789
G1 F900 X108.203 Y144.658 E616.94244
G0 F9000 X107.714 Y144.581
G1 F900 X137.005 Y115.29 E618.3202
G0 F9000 X136.951 Y114.779
G1 F900 X107.2 Y144.53 E619.71959
G0 F9000 X106.753 Y144.411
G1 F900 X136.9 Y114.264 E621.13761
G0 F9000 X136.791 Y113.808
G1 F900 X106.326 Y144.273 E622.57059
G0 F9000 X105.869 Y144.164
G1 F900 X136.704 Y113.329 E624.02098
G0 F9000 X136.619 Y112.849
G1 F900 X105.411 Y144.056 E625.48888
G0 F9000 X104.962 Y143.939
G1 F900 X136.532 Y112.369 E626.97384
G0 F9000 X136.444 Y111.892
G1 F900 X104.503 Y143.833 E628.47625
G0 F9000 X104.043 Y143.727
G1 F900 X136.344 Y111.426 E629.99559
G0 F9000 X136.245 Y110.96
G1 F900 X103.6 Y143.605 E631.53111
G0 F9000 X103.152 Y143.487
G1 F900 X136.144 Y110.495 E633.08295
G0 F9000 X136.074 Y110
G1 F900 X102.694 Y143.379 E634.65302
G0 F9000 X102.253 Y143.255
G1 F900 X135.937 Y109.57 E636.23743
G0 F9000 X135.781 Y109.161
G1 F900 X101.836 Y143.106 E637.8341
G0 F9000 X101.403 Y142.973
G1 F900 X135.639 Y108.737 E639.44446
G0 F9000 X135.497 Y108.314
G1 F900 X100.971 Y142.84 E641.06846
G0 F9000 X100.551 Y142.693
G1 F900 X135.347 Y107.897 E642.70515
G0 F9000 X135.178 Y107.501
G1 F900 X100.133 Y142.546 E644.35356
G0 F9000 X99.705 Y142.408
G1 F900 X135.334 Y106.779 E646.02944
G1 X135.46 Y106.653
G1 X136.518 Y105.596 E646.07918
G0 F9000 X136.355 Y105.193
G1 F900 X99.276 Y142.272 E647.82327
G0 F9000 X98.856 Y142.126
G1 F900 X136.192 Y104.79 E649.57944
G0 F9000 X136.031 Y104.385
G1 F900 X98.454 Y141.962 E651.34694
G0 F9000 X98.069 Y141.782
G1 F900 X135.867 Y103.984 E653.12485
G0 F9000 X135.67 Y103.615
G1 F900 X97.72 Y141.565 E654.9099
G0 F9000 X97.411 Y141.308
G1 F900 X135.472 Y103.247 E656.70017
G0 F9000 X135.381 Y102.773
G1 F900 X97.137 Y141.016 E658.49903
G0 F9000 X96.909 Y140.679
G1 F900 X135.472 Y102.115 E660.31294
G1 F1500 E653.81294
G0 F9000 X136.616 Y100.406
G1 F1500 E660.31294
G1 F900 X96.733 Y140.289 E662.18891
G0 F9000 X96.618 Y139.838
G1 F900 X136.269 Y100.187 E664.05397
G0 F9000 X135.917 Y99.974
G1 F900 X96.631 Y139.26 E665.90186
G0 F9000 X96.558 Y138.767
G1 F900 X135.545 Y99.78 E667.73569
G0 F9000 X135.174 Y99.585
G1 F900 X96.475 Y138.285 E669.556
G0 F9000 X96.457 Y137.737
G1 F900 X134.787 Y99.407 E671.35892
G0 F9000 X134.424 Y99.204
G1 F900 X96.456 Y137.172 E673.14482
G0 F9000 X96.461 Y136.601
G1 F900 X134.135 Y98.927 E674.91689
G0 F9000 X133.995 Y98.502
G1 F900 X96.467 Y136.03 E676.68209
G0 F9000 X96.534 Y135.398
G1 F900 X133.892 Y98.039 E678.43932
G0 F9000 X133.758 Y97.608
G1 F900 X96.596 Y134.769 E680.18729
G0 F9000 X96.606 Y134.194
G1 F900 X133.553 Y97.246 E681.92518
G0 F9000 X133.288 Y96.946
G1 F900 X96.613 Y133.621 E683.65026
G0 F9000 X96.615 Y133.053
G1 F900 X132.985 Y96.683 E685.361
G0 F9000 X132.652 Y96.451
G1 F900 X96.618 Y132.485 E687.05593
G0 F9000 X96.628 Y131.909
G1 F900 X132.294 Y96.243 E688.73355
G0 F9000 X131.916 Y96.056
G1 F900 X96.675 Y131.296 E690.39115
G0 F9000 X96.744 Y130.661
G1 F900 X131.518 Y95.888 E692.02679
G0 F9000 X131.098 Y95.742
G1 F900 X96.717 Y130.123 E693.64397
G0 F9000 X96.681 Y129.593
G1 F900 X130.678 Y95.597 E695.24306
G0 F9000 X130.24 Y95.469
G1 F900 X96.748 Y128.961 E696.81842
G0 F9000 X96.822 Y128.321
G1 F900 X129.784 Y95.359 E698.36885
G0 F9000 X129.338 Y95.24
G1 F900 X96.86 Y127.717 E699.89649
G0 F9000 X96.899 Y127.112
G1 F900 X128.874 Y95.138 E701.40047
G0 F9000 X128.408 Y95.038
G1 F900 X96.94 Y126.506 E702.88063
G0 F9000 X96.987 Y125.893
G1 F900 X127.932 Y94.948 E704.33619
G0 F9000 X127.477 Y94.838
G1 F900 X97.033 Y125.282 E705.76818
G0 F9000 X97.079 Y124.669
G1 F900 X127.018 Y94.731 E707.1764
G0 F9000 X126.589 Y94.594
G1 F900 X97.125 Y124.058 E708.56229
G0 F9000 X97.172 Y123.445
G1 F900 X126.243 Y94.375 E709.92968
G0 F9000 X125.896 Y94.156
G1 F900 X97.219 Y122.833 E711.27856
G0 F9000 X97.265 Y122.221
G1 F900 X125.55 Y93.936 E712.609
G0 F9000 X125.204 Y93.716
G1 F900 X97.301 Y121.619 E713.92147
G0 F9000 X97.35 Y121.005
G1 F900 X124.857 Y93.497 E715.21534
G0 F9000 X124.511 Y93.278
G1 F900 X97.429 Y120.36 E716.48919
G0 F9000 X97.497 Y119.727
G1 F900 X124.164 Y93.059 E717.74355
G0 F9000 X123.814 Y92.843
G1 F900 X97.561 Y119.097 E718.97843
G0 F9000 X97.629 Y118.463
G1 F900 X123.462 Y92.63 E720.19354
G0 F9000 X123.119 Y92.407
G1 F900 X97.716 Y117.81 E721.38842
G0 F9000 X97.79 Y117.17
G1 F900 X122.776 Y92.184 E722.56368
G0 F9000 X122.433 Y91.961
G1 F900 X97.87 Y116.525 E723.71908
G0 F9000 X97.953 Y115.876
G1 F900 X122.083 Y91.746 E724.85408
G0 F9000 X121.713 Y91.551
G1 F900 X98.038 Y115.226 E725.96768
G0 F9000 X98.121 Y114.577
G1 F900 X121.37 Y91.328 E727.06124
G0 F9000 X121.026 Y91.106
G1 F900 X98.265 Y113.867 E728.13185
G0 F9000 X98.392 Y113.174
G1 F900 X120.683 Y90.883 E729.18035
G0 F9000 X120.334 Y90.667
G1 F900 X98.513 Y112.488 E730.20674
G0 F9000 X98.667 Y111.768
G1 F900 X119.978 Y90.457 E731.20914
G0 F9000 X119.621 Y90.249
G1 F900 X98.769 Y111.101 E732.18996
G0 F9000 X98.928 Y110.375
G1 F900 X119.263 Y90.041 E733.14643
G0 F9000 X118.904 Y89.834
G1 F900 X99.187 Y109.551 E734.07386
G0 F9000 X99.45 Y108.723
G1 F900 X118.547 Y89.625 E734.97214
G0 F9000 X118.149 Y89.457
G1 F900 X99.769 Y107.838 E735.83671
G0 F9000 X100.023 Y107.018
G1 F900 X117.704 Y89.337 E736.66837
G0 F9000 X117.072 Y89.403
G1 F900 X99.859 Y106.616 E737.47801
G0 F9000 X99.526 Y106.384
G1 F900 X115.963 Y89.946 E738.25118
G1 F1500 E731.75118
G0 F9000 X114.612 Y90.732
G1 F1500 E738.25118
G1 F900 X98.992 Y106.352 E738.9859
G0 F9000 X98.307 Y106.471
G1 F900 X113.151 Y91.628 E739.68409
G1 F1500 E733.18409
G0 F9000 X111.676 Y92.536
G1 F1500 E739.68409
G1 F900 X98.524 Y105.688 E740.30272
G0 F9000 X98.818 Y104.829
G1 F900 X110.181 Y93.466 E740.8372
G1 F1500 E734.3372
G0 F9000 X108.614 Y94.467
G1 F1500 E740.8372
G1 F900 X99.295 Y103.786 E741.27554
G0 F9000 X99.661 Y102.854
G1 F900 X107.691 Y94.824 E741.65325
G0 F9000 X106.962 Y94.988
G1 F900 X99.643 Y102.306 E741.99749
G0 F9000 X99.446 Y101.938
G1 F900 X106.244 Y95.141 E742.31722
G0 F9000 X105.503 Y95.315
G1 F900 X99.194 Y101.625 E742.614
G0 F9000 X98.93 Y101.323
G1 F900 X104.741 Y95.512 E742.88733
G0 F9000 X103.873 Y95.814
G1 F900 X101.092 Y98.595 E743.01814
G0 F9000 X101.239 Y97.883
G1 F900 X102.868 Y96.253 E743.09479
G1 F1500 E736.59479
G0 F9000 X102.074 Y95.056
G0 X101.486 Y95.296
G0 X100.522 Y96.301
G0 X100.131 Y96.84
G0 X100.028 Y97.122
G0 X99.696 Y98.11
G0 X100.285 Y99.402
G1 F1500 E743.09479
G1 F900 X98.666 Y101.021 E743.17094
G0 F9000 X98.426 Y100.696
G1 F900 X99.177 Y99.945 E743.20627
G1 F1500 E736.70627
G0 F9000 X98.495 Y98.697
G0 X100.925 Y95.847
G0 X101.486 Y95.296
G0 X116.787 Y87.987
G0 X117.688 Y87.857
G0 X118.641 Y88.12
G0 X133.129 Y95.072
G0 X133.959 Y95.635
G0 X138.733 Y100.336
G0 X138.567 Y108.224
G0 X137.66 Y108.098
G0 X136.837 Y107.893
G0 X136.374 Y106.305
G1 F1500 E743.20627
G1 F900 X136.668 Y106.011 E743.22009
G1 F1500 E736.72009
;MESH:NONMESH
G0 F300 X136.668 Y106.011 Z1
G0 F9000 X138.02 Y105.556
G0 X138.733 Y100.336
G0 X133.959 Y95.635
G0 X133.129 Y95.072
G0 X118.641 Y88.12
G0 X117.688 Y87.857
G0 X116.787 Y87.987
G0 X101.486 Y95.296
G0 X96.849 Y99.75
G0 X96.562 Y100.689
G0 X97.287 Y104.908
G0 X99.268 Y105.595
;TIME_ELAPSED:1546.650532
;LAYER:4
;TYPE:WALL-OUTER
;MESH:skrita_sila_logo.stl
G1 F1500 E743.22009
G1 F900 X99.587 Y104.891 E743.2458
G1 X99.875 Y104.303 E743.26758
G1 X100.169 Y103.744 E743.28859
G1 X100.438 Y103.263 E743.30692
G1 X100.706 Y102.881 E743.32244
G1 X100.735 Y102.782 E743.32587
G1 X100.611 Y102.346 E743.34094
G1 X100.242 Y101.841 E743.36175
G1 X99.944 Y101.486 E743.37716
G1 X99.631 Y101.082 E743.39416
G1 X99.348 Y100.66 E743.41106
G1 X99.494 Y100.541 E743.41732
G1 X99.848 Y100.36 E743.43055
G1 X100.33 Y100.137 E743.44821
G1 X101.497 Y99.688 E743.4898
G1 X101.571 Y99.547 E743.4951
G1 X101.608 Y100.032 E743.51127
G1 X101.628 Y100.582 E743.52958
G1 X101.631 Y102.242 E743.58479
G1 X101.616 Y102.8 E743.60336
G1 X101.582 Y103.177 E743.61595
G1 X101.474 Y103.593 E743.63024
G1 X101.375 Y104.132 E743.64847
G1 X101.372 Y104.777 E743.66992
G1 X101.744 Y105.16 E743.68768
G1 X101.856 Y105.22 E743.69191
G1 X101.135 Y105.293 E743.71601
G1 X99.973 Y105.47 E743.7551
G1 X99.268 Y105.595 E743.77892
G1 F1500 E737.27892
G0 F9000 X101.174 Y102.698
;TYPE:SKIN
G1 F1500 E743.77892
G1 F745.3 X100.965 Y102.273 E743.79794
G1 F900 X100.917 Y102.153 E743.80224
G1 X100.509 Y101.601 E743.82507
G1 X100.231 Y101.27 E743.83945
G1 X99.842 Y100.766 E743.86062
G1 X100.464 Y100.471 E743.88352
G1 X101.248 Y100.167 E743.91148
G1 X101.268 Y100.591 E743.9256
G1 X101.268 Y102.232 E743.98018
G1 F745.3 X101.174 Y102.698 E743.99927
G1 F641.7 X101.171 Y102.848 E744.00627
G1 F1500 E737.50627
G0 F9000 X99.876 Y105.125
G1 F1500 E744.00627
G1 F900 X100.195 Y104.466 E744.03062
G1 X100.457 Y103.967 E744.04937
G1 X100.741 Y103.455 E744.06884
G1 F818.2 X101.079 Y103.021 E744.08897
G1 F695 X101.171 Y102.848 E744.09741
G1 F710.1 X101.197 Y103.105 E744.1083
G1 F839.2 X101.017 Y104.084 E744.14381
G1 F900 X101.012 Y104.686 E744.16383
G1 X101.072 Y104.936 E744.17238
G1 X99.876 Y105.125 E744.21265
G0 F9000 X100.261 Y104.787
G1 F900 X100.326 Y104.852 E744.21571
G0 F9000 X100.45 Y104.41
G1 F900 X100.812 Y104.771 E744.23271
G0 F9000 X100.817 Y104.211
G1 F900 X100.645 Y104.039 E744.24081
G1 F1500 E737.74081
G0 F9000 X101.068 Y101.634
G1 F1500 E744.24081
G1 F900 X100.233 Y100.799 E744.28008
G0 F9000 X100.624 Y100.624
G1 F900 X101.068 Y101.068 E744.30097
G1 F1500 E737.80097
G0 F9000 X109.945 Y100.975
;TYPE:WALL-OUTER
G1 F1500 E744.30097
G1 F913.7 X109.439 Y100.938 E744.31759
G1 F904.5 X109.821 Y100.634 E744.33374
G1 F1016.9 X110.115 Y100.272 E744.34747
G1 F1011.2 X110.288 Y99.915 E744.35921
G1 X110.363 Y99.945 E744.3616
G1 X110.199 Y100.553 E744.38025
G1 X110.153 Y100.812 E744.38803
G1 F1028.6 X109.945 Y100.975 E744.39572
G0 F9000 X109.419 Y100.955
G1 F665.4 X109.326 Y100.983 E744.40009
G1 F640.6 X108.927 Y101.024 E744.41884
G0 F9000 X107.474 Y101.333
G1 F777.5 X107.623 Y101.106 E744.42929
G1 F897.8 X107.686 Y100.678 E744.44371
G1 F900 X107.592 Y99.098 E744.49636
G1 X107.572 Y98.261 E744.5242
G1 X107.5 Y97.469 E744.55066
G1 X107.256 Y97.086 E744.56576
G1 X107.06 Y96.905 E744.57463
G1 X107.542 Y96.802 E744.59103
G1 X108.108 Y96.714 E744.61008
G1 X108.614 Y96.604 E744.6273
G1 X108.773 Y96.589 E744.63261
G1 X108.552 Y96.878 E744.64471
G1 X108.512 Y96.992 E744.64873
G1 X108.496 Y97.424 E744.66311
G1 X108.568 Y99.695 E744.73868
G1 X108.617 Y100.412 E744.76258
G1 X108.719 Y100.785 E744.77545
G1 F782.6 X108.807 Y100.969 E744.78325
G1 F652.2 X108.927 Y101.024 E744.78931
G1 F730.2 X108.458 Y101.203 E744.80988
G1 F897.8 X107.847 Y101.321 E744.83063
G1 F777.5 X107.474 Y101.333 E744.845
G1 F642.9 X106.887 Y101.426 E744.87268
G0 F9000 X106.385 Y101.631
G1 F766 X106.215 Y101.479 E744.88159
G1 F839.2 X105.99 Y100.769 E744.90816
G1 X106.018 Y100.757 E744.90924
G1 X106.276 Y101.047 E744.92309
G1 X106.529 Y101.194 E744.93353
G1 F766 X106.855 Y101.439 E744.94946
G1 F703.1 X106.385 Y101.631 E744.97108
G1 F1500 E738.47108
G0 F9000 X106.404 Y101.405
G0 X107.982 Y97.259
;TYPE:SKIN
G1 F1500 E744.97108
G1 F534.9 X108.047 Y98.244 E745.02632
G1 F574.2 X108.098 Y99.726 E745.10363
G1 F573.2 X108.155 Y100.531 E745.14577
G1 F545.5 X108.184 Y100.742 E745.15746
G1 F1500 E738.65746
G0 F9000 X114.232 Y96.426
;TYPE:WALL-OUTER
G1 F1500 E745.15746
G1 F701.8 X114.185 Y96.365 E745.16074
G1 F717.1 X113.92 Y96.128 E745.17558
G1 F753.1 X113.628 Y95.969 E745.1888
G1 F750 X113.166 Y95.978 E745.20724
G0 F9000 X112.714 Y96.304
G0 X112.612 Y96.654
G0 X112.695 Y96.896
G1 F692.3 X112.47 Y96.888 E745.21697
G1 X112.347 Y96.707 E745.22644
G1 F693.6 X112.399 Y96.376 E745.2409
G1 F695 X112.669 Y96.104 E745.2574
G1 F701.8 X112.998 Y95.975 E745.27248
G1 F712.9 X113.149 Y95.977 E745.27882
G1 X113.023 Y96.031 E745.28458
G1 F701.8 X112.925 Y96.208 E745.29321
G1 F695 X112.903 Y96.503 E745.30595
G1 F693.6 X112.865 Y96.758 E745.31707
G1 F692.3 X112.695 Y96.896 E745.32654
G1 F1500 E738.82654
G0 F9000 X112.612 Y96.654
G0 X111.988 Y100.691
G1 F1500 E745.32654
G1 F900 X112.218 Y100.462 E745.33734
G1 X112.541 Y100.013 E745.35573
G1 X112.721 Y99.733 E745.3668
G1 X112.932 Y99.368 E745.38083
G1 F725.8 X113.216 Y99.072 E745.39774
G1 F610.2 X113.892 Y97.894 E745.46437
G1 F728.7 X114.045 Y97.43 E745.48444
G1 F900 X114.211 Y97.134 E745.49573
G1 F837.2 X114.24 Y96.435 E745.52074
G1 X114.519 Y96.778 E745.53655
G1 F900 X114.893 Y97.426 E745.56144
G1 F865.4 X115.188 Y97.967 E745.58275
G1 F878 X115.556 Y98.563 E745.60663
G1 F918.4 X116.07 Y99.503 E745.64155
G1 F888.9 X116.238 Y99.778 E745.65241
G1 F839.2 X116.381 Y100.068 E745.66394
G1 F784.3 X116.73 Y100.358 E745.68126
G1 F759.5 X115.975 Y100.371 E745.71102
G1 X115.615 Y100.403 E745.72526
G1 X115.87 Y100.214 E745.73777
G1 F796.5 X115.927 Y100.071 E745.74356
G1 F878 X115.232 Y98.775 E745.79369
G1 X114.829 Y98.203 E745.81755
G1 F865.4 X114.602 Y98.139 E745.82571
G1 F728.7 X114.402 Y98.185 E745.83414
G1 F612.2 X113.744 Y99.324 E745.89845
G1 F728.7 X113.657 Y99.749 E745.91627
G1 F900 X113.622 Y99.823 E745.91899
G1 X113.6 Y100.258 E745.93348
G1 X113.627 Y100.51 E745.94191
G1 X113.336 Y100.559 E745.95172
G1 X111.988 Y100.691 E745.99677
G0 F9000 X112.763 Y100.28
;TYPE:SKIN
G1 F1040.5 X113.014 Y99.89 E746.01012
G1 X113.202 Y99.56 E746.02104
G1 X113.341 Y99.465 E746.02589
G1 X113.343 Y99.643 E746.03101
G1 X113.294 Y99.801 E746.03577
G1 X113.267 Y100.23 E746.04813
G1 X112.763 Y100.28 E746.0627
G1 F1500 E739.5627
G0 F9000 X113.431 Y100.306
G0 X115.182 Y98.35
G0 X114.56 Y97.675
G1 F1500 E746.0627
G1 F560.7 X114.52 Y97.744 E746.06696
G1 X114.44 Y97.744 E746.07123
G1 X114.4 Y97.675 E746.07549
G1 X114.44 Y97.606 E746.07975
G1 X114.52 Y97.606 E746.08402
G1 X114.56 Y97.675 E746.08828
G1 F1500 E739.58828
G0 F9000 X114.858 Y97.794
G0 X115.182 Y98.35
G0 X132.469 Y103.4
G0 X132.717 Y103.702
;TYPE:WALL-OUTER
G1 F1500 E746.08828
G1 F900 X132.228 Y103.542 E746.10539
G1 X131.751 Y103.364 E746.12232
G1 X131.022 Y103.138 E746.14771
G1 X130.707 Y103.085 E746.15833
G1 X130.325 Y102.954 E746.17176
G1 X129.972 Y102.896 E746.18366
G1 X129.11 Y102.655 E746.21343
G1 F930.2 X128.354 Y102.523 E746.23813
G1 F952.4 X127.785 Y102.382 E746.25655
G1 F873.8 X127.465 Y102.273 E746.26813
G1 F895.5 X126.878 Y102.196 E746.28792
G1 F818.2 X126.536 Y101.978 E746.30276
G1 X126.916 Y101.836 E746.3176
G1 F962.6 X127.095 Y101.847 E746.32318
G1 F869.6 X127.576 Y101.829 E746.33975
G1 X127.834 Y102.002 E746.35044
G1 F947.4 X128.403 Y102.155 E746.36906
G1 F937.5 X128.554 Y102.125 E746.37398
G1 F904.5 X128.797 Y101.695 E746.39032
G1 F900 X129.043 Y100.705 E746.42425
G1 X129.116 Y100.144 E746.44307
G1 X129.087 Y100.007 E746.44772
G1 X128.678 Y99.72 E746.46434
G1 X128.202 Y99.74 E746.48019
G1 X128.065 Y99.803 E746.4852
G1 X127.885 Y100.101 E746.49678
G1 X127.582 Y100.442 E746.51195
G1 X127.215 Y100.564 E746.52482
G1 X126.76 Y100.51 E746.54006
G1 X126.54 Y100.362 E746.54888
G1 X126.306 Y99.986 E746.56361
G1 X126.248 Y99.68 E746.57397
G1 X126.24 Y98.952 E746.59818
G1 X126.256 Y98.605 E746.60973
G1 X126.317 Y98.236 E746.62217
G1 X126.618 Y97.655 E746.64394
G1 X126.862 Y97.466 E746.6542
G1 X127.196 Y97.432 E746.66537
G1 X127.617 Y97.576 E746.68017
G1 X127.94 Y97.881 E746.69494
G1 X128.12 Y98.305 E746.71026
G1 X128.299 Y98.769 E746.7268
G1 X128.399 Y98.853 E746.73115
G1 X129.013 Y98.94 E746.75177
G1 X129.186 Y98.859 E746.75813
G1 X129.377 Y98.466 E746.77266
G1 X129.364 Y97.803 E746.79472
G1 X129.186 Y97.368 E746.81035
G1 X128.909 Y96.923 E746.82778
G1 X128.515 Y96.567 E746.84544
G1 F849.1 X128.208 Y96.344 E746.85882
G1 F734.7 X128.013 Y96.179 E746.86923
G1 X128.268 Y96.195 E746.87964
G1 F849.1 X128.718 Y96.262 E746.89568
G1 F900 X130.253 Y96.664 E746.94846
G1 X131.158 Y96.951 E746.98003
G1 X131.653 Y97.185 E746.99824
G1 X132.131 Y97.47 E747.01675
G1 X132.433 Y97.704 E747.02946
G1 X132.683 Y98.058 E747.04388
G1 X132.791 Y98.484 E747.05849
G1 X132.78 Y99.046 E747.07719
G1 X132.691 Y99.506 E747.09277
G1 X132.663 Y99.77 E747.1016
G1 X132.62 Y100.472 E747.12499
G1 X132.608 Y101.074 E747.14502
G1 X132.608 Y101.744 E747.1673
G1 X132.628 Y102.661 E747.19781
G1 X132.66 Y103.181 E747.21514
G1 X132.717 Y103.702 E747.23257
G1 F1500 E740.73257
G0 F9000 X132.469 Y103.4
G0 X128.013 Y96.179
G1 F1500 E747.23257
G1 F721.4 X127.502 Y96.044 E747.2545
G1 F780.9 X127.181 Y95.987 E747.267
G1 F772.5 X126.844 Y95.944 E747.28016
G1 F693.6 X126.244 Y95.89 E747.30616
G1 F1500 E740.80616
G0 F9000 X118.313 Y95.169
G1 F1500 E747.30616
G1 F618.6 X119.568 Y95.196 E747.36691
G1 F631.6 X120.722 Y95.259 E747.42168
G1 F619.6 X121.996 Y95.347 E747.48338
G1 F607.1 X122.871 Y95.436 E747.52675
G1 F1500 E741.02675
G0 F9000 X122.336 Y97.302
G1 F1500 E747.52675
G1 F849.1 X122.318 Y97.271 E747.52801
G0 F9000 X120.904 Y97.461
G0 X120.901 Y97.637
G1 F900 X120.617 Y97.596 E747.53755
G1 X120.577 Y97.438 E747.54297
G1 X120.576 Y96.665 E747.56868
G1 X121.038 Y96.699 E747.58409
G1 X121.631 Y96.764 E747.60393
G1 X121.943 Y96.887 E747.61509
G1 F882.4 X122.26 Y97.164 E747.62937
G1 F857.1 X122.318 Y97.271 E747.63362
G1 F863.3 X122.216 Y97.183 E747.63829
G1 F882.4 X121.627 Y97.107 E747.65844
G1 F895.5 X121.483 Y97.198 E747.66413
G1 F900 X121.215 Y97.584 E747.67976
G1 X120.901 Y97.637 E747.69035
G1 F1500 E741.19035
G0 F9000 X120.904 Y97.461
G0 X120.78 Y99.128
G0 X120.667 Y99.673
G1 F1500 E747.69035
G1 F607.1 X120.643 Y99.093 E747.71898
G1 X120.711 Y98.99 E747.72506
G1 X120.829 Y99 E747.7309
G1 X121.185 Y99.148 E747.74991
G1 X121.432 Y99.463 E747.76965
G1 X121.621 Y99.552 E747.77995
G1 X121.717 Y99.534 E747.78477
G1 X121.634 Y99.612 E747.79038
G1 X121.358 Y99.664 E747.80423
G1 X120.667 Y99.673 E747.83831
G1 F1500 E741.33831
G0 F9000 X120.842 Y99.484
G0 X121.314 Y99.532
G0 X122.57 Y98.823
G0 X122.239 Y99.13
G1 F1500 E747.83831
G1 F1237.1 X122.253 Y99.109 E747.83892
G1 F1500 E741.33892
G0 F9000 X122.57 Y98.823
G0 X127.306 Y102.049
G0 X126.518 Y101.967
G1 F1500 E747.83892
G1 F538.9 X126.252 Y101.921 E747.85391
G1 F520.2 X125.844 Y101.812 E747.87821
G0 F9000 X125.379 Y101.895
G1 F900 X124.297 Y101.735 E747.91459
G1 X123.562 Y101.61 E747.93939
G1 F904.5 X122.888 Y101.527 E747.96186
G1 F952.4 X122.538 Y101.504 E747.97288
G1 F1028.6 X121.716 Y101.424 E747.99692
G1 F707.3 X121.335 Y101.219 E748.01523
G1 X121.745 Y101.083 E748.03351
G1 F1028.6 X122.553 Y101.147 E748.0571
G1 F952.4 X122.702 Y101.088 E748.06214
G1 F904.5 X122.929 Y100.793 E748.07446
G1 F900 X123.043 Y100.311 E748.09093
G1 X123.148 Y99.743 E748.11014
G1 X123.106 Y99.158 E748.12965
G1 X122.952 Y99.059 E748.13574
G1 F918.4 X122.441 Y98.973 E748.15263
G1 F1065.1 X122.253 Y99.109 E748.15915
G1 F1128.5 X122.369 Y98.749 E748.16918
G1 F965.1 X122.388 Y97.975 E748.1932
G1 F873.8 X122.336 Y97.302 E748.21632
G1 F871.7 X122.523 Y97.595 E748.22826
G1 F897.8 X122.628 Y97.681 E748.23278
G1 F900 X123.072 Y97.841 E748.24848
G1 X123.225 Y97.802 E748.25373
G1 X123.528 Y97.371 E748.27125
G1 X123.548 Y97.257 E748.2751
G1 X123.305 Y95.949 E748.31935
G1 F814.5 X123.016 Y95.566 E748.33699
G1 F666.7 X122.871 Y95.436 E748.34573
G1 X123.096 Y95.402 E748.35595
G1 F814.5 X123.506 Y95.4 E748.37102
G1 F900 X124.37 Y95.502 E748.39995
G1 X125.574 Y95.678 E748.44042
G1 F816.3 X126.26 Y95.883 E748.46668
G1 X125.613 Y96.172 E748.49266
G1 F900 X125.421 Y96.246 E748.49951
G1 X124.974 Y96.578 E748.51803
G1 X124.606 Y96.99 E748.5364
G1 X124.354 Y97.424 E748.55309
G1 X124.216 Y97.861 E748.56833
G1 X124.156 Y98.411 E748.58673
G1 X124.148 Y98.775 E748.59884
G1 X124.16 Y99.583 E748.62572
G1 X124.275 Y100.058 E748.64198
G1 X124.521 Y100.495 E748.65866
G1 X124.892 Y100.959 E748.67842
G1 X125.356 Y101.343 E748.69845
G1 X125.541 Y101.455 E748.70564
G1 F641.7 X125.844 Y101.812 E748.72748
G1 X125.379 Y101.895 E748.74952
G1 F1500 E742.24952
G0 F9000 X121.335 Y101.219
G1 F1500 E748.74952
G1 F535.7 X120.915 Y101.183 E748.77307
G1 F553.8 X119.389 Y101.096 E748.85568
G1 F566.9 X118.361 Y101.065 E748.90999
G0 F9000 X117.932 Y101.139
G1 F746.9 X117.563 Y101.136 E748.92477
G1 F693.6 X117.159 Y101.067 E748.94246
G1 X117.564 Y100.751 E748.96463
G1 F835.3 X117.557 Y100.561 E748.97144
G1 F935.1 X117.449 Y100.048 E748.98823
G1 F911.4 X117.367 Y99.964 E748.99208
G1 F900 X116.984 Y99.786 E749.00613
G1 X116.731 Y99.466 E749.0197
G1 X116.555 Y99.199 E749.03033
G1 X116.156 Y98.507 E749.0569
G1 X115.886 Y97.991 E749.07627
G1 X115.727 Y97.741 E749.08613
G1 X115.468 Y97.268 E749.10406
G1 X115.282 Y96.952 E749.11626
G1 X115.04 Y96.511 E749.13299
G1 X114.709 Y96.041 E749.15211
G1 F886.7 X114.325 Y95.64 E749.17085
G1 F857.1 X113.825 Y95.388 E749.19041
G1 F764.3 X113.536 Y95.286 E749.20241
G1 F782.6 X113.911 Y95.204 E749.21709
G1 F895.5 X115.127 Y95.132 E749.25781
G1 F900 X116.185 Y95.041 E749.29313
G1 X117.707 Y95.054 E749.34375
G1 F851.1 X118.026 Y95.086 E749.35503
G1 F691 X118.313 Y95.169 E749.36797
G1 X118.166 Y95.346 E749.37794
G1 F851.1 X117.995 Y95.682 E749.3912
G1 F900 X118.01 Y95.829 E749.39611
G1 X118.52 Y96.511 E749.42444
G1 X118.52 Y99.518 E749.52445
G1 X118.464 Y99.735 E749.5319
G1 X118.264 Y99.876 E749.54004
G1 F902.3 X117.933 Y100.159 E749.55449
G1 F913.7 X117.902 Y100.307 E749.55945
G1 F935.1 X117.942 Y100.604 E749.56904
G1 F835.3 X117.943 Y100.747 E749.57416
G1 F691 X118.345 Y101.068 E749.59645
G1 X117.932 Y101.139 E749.6146
G0 F9000 X117.144 Y101.065
G1 F567.8 X115.426 Y101.124 E749.70523
G1 F1500 E743.20523
G0 F9000 X114.623 Y101.064
G0 X112.169 Y101.558
G1 F1500 E749.70523
G1 F705.9 X111.755 Y101.442 E749.72346
G1 F609.1 X112.116 Y101.213 E749.74447
G1 F769.2 X112.92 Y101.135 E749.7759
G1 F939.9 X113.725 Y101.058 E749.80165
G1 F1005.6 X114.165 Y101.001 E749.81486
G1 F796.5 X114.43 Y100.789 E749.82762
G1 F712.9 X114.457 Y100.462 E749.84139
G1 F674.2 X114.342 Y100.174 E749.85516
G1 F608.1 X114.292 Y99.935 E749.86718
G1 F603 X114.454 Y99.63 E749.88433
G1 F600 X114.708 Y99.211 E749.90877
G1 X115.084 Y99.902 E749.94802
G1 X114.924 Y100.008 E749.95759
G1 F606.1 X114.872 Y100.112 E749.96334
G1 F674.2 X114.9 Y100.355 E749.9742
G1 F789.5 X114.901 Y100.637 E749.98489
G1 F748.4 X114.872 Y100.845 E749.99329
G1 F678 X115.057 Y100.993 E750.00375
G1 F615.4 X115.426 Y101.124 E750.0228
G1 X115.041 Y101.198 E750.04187
G1 F678 X114.656 Y101.222 E750.0589
G1 F740.7 X114.244 Y101.347 E750.0763
G1 F923.1 X113.157 Y101.451 E750.11171
G1 F1046.5 X112.169 Y101.558 E750.14014
G0 F9000 X111.755 Y101.442
G1 F538.9 X111.67 Y101.454 E750.1449
G1 F1500 E743.6449
G0 F9000 X111.248 Y101.376
G0 X110.942 Y100.869
G0 X109.124 Y95.861
G1 F1500 E750.1449
G1 F639.4 X107.394 Y96.163 E750.22712
G1 F592.1 X106.769 Y96.324 E750.25974
G1 F532.5 X106.422 Y96.452 E750.28053
G1 F1500 E743.78053
G0 F9000 X102.886 Y106.99
G0 X102.325 Y103.612
G1 F1500 E750.28053
G1 F900 X102.403 Y103.09 E750.29809
G1 X102.44 Y102.683 E750.31168
G1 X102.464 Y101.686 E750.34485
G1 X102.456 Y101.029 E750.3667
G1 X102.408 Y99.875 E750.40512
G1 X102.372 Y99.377 E750.42173
G1 X102.32 Y98.988 E750.43478
G1 X102.29 Y98.534 E750.44991
G1 X102.4 Y98.144 E750.46339
G1 X102.68 Y97.752 E750.47941
G1 X102.89 Y97.553 E750.48904
G1 X103.292 Y97.312 E750.50462
G1 X103.693 Y97.114 E750.5195
G1 X104.141 Y96.917 E750.53578
G1 X104.616 Y96.781 E750.55221
G1 X105.074 Y96.632 E750.56823
G1 X105.767 Y96.438 E750.59216
G1 F759.5 X106.431 Y96.444 E750.61834
G1 F596 X106.382 Y96.491 E750.62175
G1 F679.2 X106.316 Y96.81 E750.6361
G1 F900 X106.344 Y97.126 E750.64665
G1 X106.405 Y97.264 E750.65167
G1 X106.862 Y97.485 E750.66856
G1 X106.95 Y97.735 E750.67737
G1 X106.975 Y98.022 E750.68695
G1 X107.114 Y100.635 E750.77398
G1 X107.089 Y100.751 E750.77793
G1 X106.985 Y100.743 E750.7814
G1 X106.595 Y100.536 E750.79609
G1 X106.35 Y100.202 E750.80986
G1 X106.17 Y100.12 E750.81644
G1 X105.611 Y100.191 E750.83518
G1 X105.524 Y100.31 E750.84009
G1 X105.395 Y100.724 E750.85451
G1 X105.475 Y101.14 E750.8686
G1 X105.761 Y102.121 E750.90259
G1 X105.938 Y102.192 E750.90893
G1 F942.4 X106.384 Y102.162 E750.92313
G1 F1008.4 X106.716 Y102.11 E750.9331
G1 F1014.1 X107.122 Y102.006 E750.94547
G1 F1022.7 X107.888 Y101.875 E750.96822
G1 F1028.6 X108.453 Y101.751 E750.98505
G1 F1022.7 X108.93 Y101.674 E750.9992
G1 F1040.5 X109.314 Y101.624 E751.01034
G1 F1028.6 X109.692 Y101.526 E751.0217
G1 F978.3 X110.304 Y101.45 E751.04057
G1 F818.2 X110.748 Y101.159 E751.05999
G1 F774.2 X110.748 Y100.761 E751.07538
G1 F871.7 X110.923 Y99.772 E751.10987
G1 F900 X110.858 Y99.351 E751.12404
G1 X110.69 Y99.256 E751.13046
G1 X110.266 Y99.297 E751.14463
G1 X109.8 Y99.609 E751.16328
G1 X109.724 Y99.705 E751.16735
G1 X109.601 Y100.077 E751.18039
G1 X109.299 Y100.306 E751.19299
G1 X109.175 Y100.281 E751.1972
G1 X109.122 Y99.638 E751.21866
G1 X109.08 Y98.711 E751.24952
G1 X109.06 Y97.306 E751.29626
G1 X109.086 Y97.078 E751.30389
G1 X109.292 Y96.915 E751.31263
G1 X109.584 Y96.488 E751.32983
G1 X109.542 Y96.314 E751.33578
G1 F882.4 X109.311 Y95.985 E751.34942
G1 F734.7 X109.124 Y95.861 E751.35856
G1 F737.7 X109.462 Y95.721 E751.37341
G1 F886.7 X110.924 Y95.505 E751.4233
G1 F900 X111.825 Y95.412 E751.45343
G1 F878 X112.146 Y95.389 E751.4644
G1 F753.1 X112.473 Y95.407 E751.47742
G1 X112.249 Y95.636 E751.49015
G1 F865.4 X111.973 Y95.881 E751.50291
G1 F888.9 X111.696 Y96.436 E751.5238
G1 F900 X111.747 Y97.013 E751.54307
G1 X111.785 Y97.099 E751.5462
G1 X112.205 Y97.505 E751.56562
G1 F818.2 X112.957 Y97.494 E751.59314
G1 F689.7 X113.476 Y97.116 E751.62101
G1 F667.9 X113.461 Y97.227 E751.62603
G1 F786 X113.254 Y97.704 E751.64583
G1 F900 X112.964 Y98.151 E751.66355
G1 X112.704 Y98.58 E751.68024
G1 X112.354 Y99.223 E751.70459
G1 X111.891 Y99.97 E751.73382
G1 X111.566 Y100.323 E751.74978
G1 F888.9 X111.177 Y100.683 E751.76763
G1 F803.6 X111.185 Y100.907 E751.77597
G1 F674.2 X111.393 Y101.291 E751.79537
G1 F576.9 X111.67 Y101.454 E751.81204
G1 X111.279 Y101.538 E751.83279
G1 F617.5 X111.058 Y101.563 E751.84357
G1 F720 X110.582 Y101.75 E751.86484
G1 F932.6 X110.307 Y101.806 E751.87384
G1 F1016.9 X110.138 Y101.821 E751.87884
G1 F1011.2 X109.758 Y101.881 E751.89023
G1 F1028.6 X109.371 Y101.959 E751.90171
G1 F1037.5 X108.52 Y102.098 E751.92659
G1 F1008.4 X107.205 Y102.356 E751.96637
G1 F1014.1 X106.819 Y102.445 E751.97807
G1 F1008.4 X106.434 Y102.521 E751.98972
G1 F942.4 X105.979 Y102.588 E752.00432
G1 F900 X105.622 Y102.655 E752.01641
G1 X105.2 Y102.778 E752.03103
G1 X104.219 Y102.993 E752.06443
G1 X103.894 Y103.091 E752.07572
G1 X103.362 Y103.228 E752.09399
G1 X102.325 Y103.612 E752.13077
G1 F1500 E745.63077
G0 F9000 X102.886 Y106.99
G0 X112.473 Y95.407
G1 F1500 E752.13077
G1 F721.4 X112.948 Y95.314 E752.15085
G1 F734.7 X113.536 Y95.286 E752.17484
G1 F1500 E745.67484
G0 F9000 X113.54 Y96.902
G1 F1500 E752.17484
G1 F628.3 X113.476 Y97.116 E752.18548
G1 F1500 E745.68548
G0 F9000 X111.01 Y100.535
G0 X111.222 Y100.162
;TYPE:SKIN
G1 F1500 E752.18548
G1 F900 X111.288 Y99.778 E752.19844
G1 X111.221 Y99.346 E752.21298
G1 X111.095 Y99.086 E752.22259
G1 X110.772 Y98.896 E752.23505
G1 X110.286 Y98.932 E752.25126
G1 X110.033 Y99.015 E752.26012
G1 X109.605 Y99.301 E752.27724
G1 X109.475 Y99.45 E752.28381
G1 X109.441 Y98.725 E752.30795
G1 X109.418 Y97.265 E752.35652
G1 X109.61 Y97.085 E752.36527
G1 X109.864 Y96.712 E752.38028
G1 X109.939 Y96.495 E752.38792
G1 X109.859 Y96.164 E752.39925
G1 X109.78 Y96.031 E752.40439
G1 X110.959 Y95.86 E752.44401
G1 X111.612 Y95.792 E752.46585
G1 X111.324 Y96.358 E752.48697
G1 X111.39 Y97.07 E752.51076
G1 X111.49 Y97.303 E752.51919
G1 X111.947 Y97.753 E752.54052
G1 X112.183 Y97.868 E752.54925
G1 X112.719 Y97.863 E752.56708
G1 X112.397 Y98.387 E752.58754
G1 X112.038 Y99.047 E752.61253
G1 X111.6 Y99.75 E752.64007
G1 X111.222 Y100.162 E752.65867
G1 F1500 E746.15867
G0 F9000 X111.01 Y100.535
G0 X109.727 Y98.979
G1 F1500 E752.65867
G1 F900 X109.65 Y98.902 E752.66229
G0 F9000 X110.096 Y98.782
G1 F900 X109.634 Y98.32 E752.68402
G0 F9000 X109.625 Y97.745
G1 F900 X110.584 Y98.705 E752.72916
G0 F9000 X111.684 Y99.239
G1 F900 X109.709 Y97.264 E752.82205
G0 F9000 X109.95 Y96.939
G1 F900 X111.898 Y98.887 E752.91368
G0 F9000 X112.097 Y98.52
G1 F900 X110.128 Y96.551 E753.0063
G0 F9000 X110.301 Y96.159
G1 F900 X111.186 Y97.044 E753.04793
G0 F9000 X111.132 Y96.424
G1 F900 X110.794 Y96.087 E753.0638
G1 F1500 E746.5638
G0 F9000 X112.201 Y98.059
G1 F1500 E753.0638
G1 F900 X112.302 Y98.16 E753.06855
G1 F1500 E746.56855
G0 F9000 X102.766 Y103.061
G1 F1500 E753.06855
G1 F900 X102.8 Y102.703 E753.08051
G1 X102.825 Y101.679 E753.11458
G1 X102.816 Y101.017 E753.1366
G1 X102.768 Y99.855 E753.17528
G1 X102.728 Y99.324 E753.19299
G1 X102.676 Y98.94 E753.20588
G1 X102.654 Y98.57 E753.21821
G1 X102.728 Y98.3 E753.22752
G1 X102.947 Y97.997 E753.23996
G1 X103.114 Y97.841 E753.24756
G1 X103.465 Y97.628 E753.26121
G1 X103.806 Y97.457 E753.2739
G1 X104.261 Y97.257 E753.29043
G1 X104.708 Y97.129 E753.3059
G1 X105.143 Y96.987 E753.32112
G1 X105.701 Y96.828 E753.34041
G1 X105.949 Y96.773 E753.34886
G1 X105.992 Y97.294 E753.36625
G1 X106.177 Y97.552 E753.37681
G1 X106.59 Y97.75 E753.39204
G1 X106.724 Y100.105 E753.4705
G1 X106.569 Y99.934 E753.47817
G1 X106.178 Y99.754 E753.49249
G1 X105.493 Y99.844 E753.51547
G1 X105.218 Y100.076 E753.52743
G1 X105.023 Y100.695 E753.54902
G1 X105.115 Y101.197 E753.56599
G1 X105.388 Y102.14 E753.59865
G1 X105.486 Y102.318 E753.60541
G1 X105.101 Y102.427 E753.61871
G1 X104.145 Y102.636 E753.65126
G1 X103.821 Y102.735 E753.66253
G1 X103.242 Y102.884 E753.68241
G1 X102.766 Y103.061 E753.69931
G0 F9000 X103.242 Y102.676
G1 F900 X103.004 Y102.438 E753.7105
G0 F9000 X103.019 Y101.888
G1 F900 X103.692 Y102.56 E753.74213
G0 F9000 X104.131 Y102.434
G1 F900 X103.021 Y101.323 E753.79437
G0 F9000 X103.005 Y100.742
G1 F900 X104.596 Y102.333 E753.8692
G0 F9000 X105.061 Y102.232
G1 F900 X102.98 Y100.152 E753.96706
G0 F9000 X102.945 Y99.551
G1 F900 X105.036 Y101.642 E754.06542
G0 F9000 X104.859 Y100.899
G1 F900 X102.874 Y98.914 E754.15879
G0 F9000 X102.912 Y98.386
G1 F900 X104.911 Y100.386 E754.25284
G0 F9000 X105.048 Y99.957
G1 F900 X103.149 Y98.058 E754.34216
G0 F9000 X103.499 Y97.842
G1 F900 X105.356 Y99.699 E754.42951
G0 F9000 X105.823 Y99.6
G1 F900 X103.871 Y97.649 E754.5213
G0 F9000 X104.263 Y97.475
G1 F900 X106.446 Y99.658 E754.62398
G0 F9000 X106.468 Y99.114
G1 F900 X104.695 Y97.341 E754.70738
G0 F9000 X105.123 Y97.204
G1 F900 X106.435 Y98.516 E754.76909
G0 F9000 X106.401 Y97.916
G1 F900 X106.332 Y97.847 E754.77234
G0 F9000 X105.827 Y97.342
G1 F900 X105.561 Y97.076 E754.78485
G1 F1500 E748.28485
G0 F9000 X117.743 Y99.845
G1 F1500 E754.78485
G1 F900 X117.547 Y99.652 E754.794
G1 X117.212 Y99.495 E754.8063
G1 X117.027 Y99.258 E754.8163
G1 X116.855 Y98.998 E754.82667
G1 X116.476 Y98.343 E754.85184
G1 X116.206 Y97.827 E754.87121
G1 X116.042 Y97.564 E754.88152
G1 X115.344 Y96.32 E754.92896
G1 X114.988 Y95.816 E754.94949
G1 X114.703 Y95.515 E754.96327
G1 X115.146 Y95.492 E754.97803
G1 X116.189 Y95.401 E755.01285
G1 X117.727 Y95.412 E755.064
G1 X117.642 Y95.574 E755.07009
G1 X117.677 Y95.974 E755.08344
G1 X118.16 Y96.63 E755.11054
G1 X118.16 Y99.492 E755.20573
G1 X117.743 Y99.845 E755.2239
G0 F9000 X117.521 Y99.419
G1 F900 X117.082 Y98.98 E755.24455
G0 F9000 X117.96 Y98.727
G1 F900 X115.601 Y96.368 E755.35551
G0 F9000 X115.464 Y95.665
G1 F900 X117.96 Y98.161 E755.47291
G0 F9000 X117.96 Y97.596
G1 F900 X115.985 Y95.62 E755.56584
G0 F9000 X116.533 Y95.603
G1 F900 X117.96 Y97.03 E755.63296
G0 F9000 X117.477 Y95.981
G1 F900 X117.103 Y95.606 E755.65057
G1 F1500 E749.15057
G0 F9000 X116.353 Y97.685
G1 F1500 E755.65057
G1 F900 X117.96 Y99.293 E755.72618
G1 F1500 E749.22618
G0 F9000 X120.837 Y97.416
G0 X121.074 Y97.127
G1 F1500 E755.72618
G1 F664.2 X121.041 Y97.185 E755.72919
G1 X120.974 Y97.185 E755.73221
G1 X120.94 Y97.127 E755.73524
G1 X120.973 Y97.069 E755.73825
G1 X121.04 Y97.069 E755.74127
G1 X121.074 Y97.127 E755.7443
G1 F1500 E749.2443
G0 F9000 X120.934 Y97.417
G0 X124.942 Y101.468
G1 F1500 E755.7443
G1 F900 X123.594 Y101.25 E755.78971
G1 X123.073 Y101.188 E755.80717
G1 X123.261 Y100.95 E755.81725
G1 F920.7 X123.418 Y100.299 E755.83903
G1 F962.6 X123.488 Y99.772 E755.85556
G1 F975.6 X123.444 Y99.175 E755.87393
G1 F880.2 X123.359 Y98.844 E755.88555
G1 F753.1 X123.232 Y98.704 E755.89306
G1 F750 X122.756 Y98.635 E755.91226
G1 F803.6 X122.767 Y98.14 E755.9307
G1 X122.97 Y98.215 E755.93876
G1 F704.5 X123.345 Y98.221 E755.9547
G1 F631.6 X123.515 Y98.167 E755.96315
G1 F638.3 X123.731 Y97.841 E755.98149
G1 F688.3 X123.891 Y97.547 E755.99605
G1 X123.769 Y97.855 E756.01045
G1 F638.3 X123.697 Y98.467 E756.03935
G1 F714.3 X123.768 Y98.771 E756.05244
G1 F884.5 X123.807 Y99.112 E756.06405
G1 F989 X123.828 Y99.632 E756.0798
G1 F954.9 X123.929 Y100.178 E756.09721
G1 F900 X124.201 Y100.666 E756.11579
G1 X124.61 Y101.188 E756.13785
G1 X124.942 Y101.468 E756.15229
G1 F1500 E749.65229
G0 F9000 X123.962 Y97.269
G1 F1500 E756.15229
G1 F841.1 X123.817 Y96.728 E756.17223
G1 F900 X123.646 Y95.782 E756.2042
G1 X124.321 Y95.859 E756.2268
G1 X125.169 Y95.981 E756.25529
G1 X124.762 Y96.278 E756.27205
G1 X124.311 Y96.774 E756.29435
G1 F841.1 X123.962 Y97.269 E756.3159
G0 F9000 X123.903 Y97.507
G1 F740.7 X123.891 Y97.547 E756.31759
G1 F724.3 X123.948 Y97.31 E756.32766
G1 X123.903 Y97.507 E756.33601
G0 F9000 X124.523 Y96.239
G1 F900 X124.354 Y96.07 E756.34396
G0 F9000 X123.924 Y96.205
G1 F900 X124.256 Y96.537 E756.35958
G1 F1500 E749.85958
G0 F9000 X123.599 Y100.406
G1 F1500 E756.35958
G1 F900 X124.266 Y101.073 E756.39095
G0 F9000 X123.691 Y101.063
G1 F900 X123.488 Y100.861 E756.40048
G1 F1500 E749.90048
G0 F9000 X132.445 Y103.363
G0 X132.298 Y103.177
G1 F1500 E756.40048
G1 F900 X131.86 Y103.019 E756.41596
G1 X131.13 Y102.79 E756.44141
G1 X130.794 Y102.733 E756.45274
G1 X130.438 Y102.61 E756.46527
G1 X130.04 Y102.54 E756.47871
G1 X129.206 Y102.307 E756.50751
G1 X128.895 Y102.248 E756.51804
G1 X129.12 Y101.845 E756.53339
G1 X129.395 Y100.769 E756.57033
G1 X129.472 Y100.169 E756.59045
G1 X129.414 Y99.875 E756.60042
G1 X129.271 Y99.704 E756.60783
G1 F789.5 X128.754 Y99.32 E756.63225
G1 F748.4 X128.973 Y99.319 E756.64101
G1 F847.1 X129.268 Y99.241 E756.65179
G1 F900 X129.482 Y99.061 E756.66109
G1 X129.737 Y98.546 E756.68021
G1 X129.719 Y97.725 E756.70752
G1 X129.507 Y97.206 E756.72617
G1 X129.236 Y96.768 E756.7433
G1 X130.155 Y97.011 E756.77492
G1 X131.022 Y97.283 E756.80514
G1 X131.477 Y97.501 E756.82192
G1 X131.928 Y97.771 E756.8394
G1 X132.169 Y97.953 E756.84945
G1 X132.347 Y98.209 E756.85982
G1 X132.427 Y98.523 E756.87059
G1 X132.416 Y99.007 E756.8867
G1 X132.332 Y99.467 E756.90225
G1 X132.305 Y99.739 E756.91134
G1 X132.26 Y100.439 E756.93467
G1 X132.248 Y101.062 E756.95539
G1 X132.248 Y101.748 E756.97821
G1 X132.268 Y102.673 E757.00898
G1 X132.298 Y103.177 E757.02578
G1 F1500 E750.52578
G0 F9000 X132.445 Y103.363
G0 X128.754 Y99.32
G1 F1500 E757.02578
G1 F704.5 X128.653 Y99.305 E757.03012
G1 F1500 E750.53012
G0 F9000 X127.175 Y100.196
G1 F1500 E757.03012
G1 F900 X126.888 Y100.162 E757.03973
G1 X126.805 Y100.106 E757.04306
G1 X126.646 Y99.847 E757.05317
G1 X126.608 Y99.644 E757.06004
G1 X126.6 Y98.982 E757.08206
G1 X126.616 Y98.642 E757.09338
G1 X126.665 Y98.352 E757.10316
G1 X126.902 Y97.887 E757.12052
G1 X127.001 Y97.81 E757.12469
G1 X127.152 Y97.796 E757.12973
G1 X127.425 Y97.888 E757.13931
G1 X127.636 Y98.089 E757.14901
G1 F869.6 X127.997 Y98.978 E757.18204
G1 F816.3 X128.256 Y99.192 E757.19436
G1 F746.9 X128.653 Y99.305 E757.2109
G1 F791.2 X127.954 Y99.439 E757.23783
G1 F900 X127.785 Y99.567 E757.24488
G1 X127.588 Y99.89 E757.25746
G1 X127.378 Y100.13 E757.26807
G1 X127.175 Y100.196 E757.27517
G1 F1500 E750.77517
G0 F9000 X129.378 Y101.659
G1 F1500 E757.27517
G1 F900 X130.056 Y102.337 E757.30706
G0 F9000 X130.812 Y102.528
G1 F900 X129.491 Y101.207 E757.36919
G0 F9000 X129.599 Y100.749
G1 F900 X131.571 Y102.721 E757.46195
G0 F9000 X132.068 Y102.652
G1 F900 X129.664 Y100.248 E757.57503
G0 F9000 X129.382 Y99.401
G1 F900 X132.055 Y102.074 E757.70076
G0 F9000 X132.048 Y101.501
G1 F900 X129.671 Y99.124 E757.81256
G0 F9000 X129.859 Y98.747
G1 F900 X132.051 Y100.938 E757.91565
G0 F9000 X132.063 Y100.384
G1 F900 X129.93 Y98.252 E758.01595
G0 F9000 X129.908 Y97.664
G1 F900 X132.097 Y99.853 E758.11892
G0 F9000 X132.152 Y99.342
G1 F900 X129.981 Y97.171 E758.22103
G0 F9000 X130.798 Y97.422
G1 F900 X132.219 Y98.844 E758.2879
G1 F1500 E751.7879
G0 F9000 X127.754 Y98.904
G1 F1500 E758.2879
G1 F900 X126.994 Y98.144 E758.32364
G0 F9000 X126.834 Y98.549
G1 F900 X127.684 Y99.399 E758.36363
G0 F9000 X127.45 Y99.732
G1 F900 X126.801 Y99.083 E758.39415
G0 F9000 X126.808 Y99.655
G1 F900 X127.145 Y99.992 E758.41
G1 F1500 E751.91
G0 F9000 X104.818 Y105.03
;TYPE:WALL-OUTER
G1 F1500 E758.41
G1 F989 X104.552 Y105.286 E758.42118
G1 F1046.5 X104.117 Y105.422 E758.43421
G1 F1077.8 X104.041 Y105.438 E758.43637
G0 F9000 X103 Y105.591
G1 F1081.1 X102.369 Y105.667 E758.45397
G1 X101.323 Y105.775 E758.48309
G1 F1058.8 X100.371 Y105.91 E758.51027
G1 F957.4 X99.171 Y106.117 E758.54834
G1 F801.8 X98.867 Y106.123 E758.55969
G1 F637.2 X98.675 Y106.093 E758.56882
G1 F663 X98.681 Y105.83 E758.5807
G1 F833.3 X98.787 Y105.47 E758.59418
G1 F857.1 X99.078 Y104.768 E758.62072
G1 F814.5 X99.324 Y104.249 E758.64183
G1 F782.6 X99.78 Y103.341 E758.68069
G1 F772.5 X99.973 Y102.982 E758.69649
G1 F727.3 X100.052 Y102.756 E758.70634
G1 F725.8 X100.029 Y102.445 E758.7192
G1 F807.2 X99.799 Y102.141 E758.73334
G1 F847.1 X99.681 Y101.968 E758.74074
G1 F937.5 X99.419 Y101.675 E758.75329
G1 F960 X99.087 Y101.214 E758.771
G1 F863.3 X98.836 Y100.912 E758.78462
G1 F676.7 X98.709 Y100.576 E758.80051
G1 F625 X98.763 Y100.434 E758.80779
G1 F779.2 X98.899 Y100.301 E758.81509
G1 F911.4 X99.376 Y100.02 E758.83328
G1 F947.4 X99.642 Y99.879 E758.84279
G1 F935.1 X100.081 Y99.683 E758.85818
G1 F886.7 X100.371 Y99.565 E758.86875
G1 F829.5 X101.011 Y99.331 E758.89334
G1 F793 X101.17 Y99.153 E758.90235
G1 F909.1 X101.225 Y98.856 E758.9123
G0 F9000 X101.447 Y97.747
G1 F954.9 X101.617 Y97.462 E758.9227
G1 F989 X101.826 Y97.168 E758.93362
G1 F986.3 X102.339 Y96.787 E758.95301
G1 F939.9 X102.768 Y96.523 E758.96905
G1 F857.1 X103.611 Y96.136 E759.00145
G1 F810.8 X104.041 Y95.999 E759.01811
G1 F812.6 X104.446 Y95.854 E759.03395
G1 F809 X105.263 Y95.623 E759.06537
G1 F839.2 X105.98 Y95.435 E759.09181
G1 F845.1 X106.529 Y95.311 E759.11175
G1 F801.8 X107.306 Y95.165 E759.14126
G1 F796.5 X108.084 Y95.046 E759.17084
G1 F932.6 X108.676 Y95.051 E759.18984
G1 F1087.6 X108.808 Y94.971 E759.19409
G1 F1097.6 X109.56 Y94.844 E759.21489
G0 F9000 X110.164 Y94.078
G0 X110.945 Y94.604
G1 F965.1 X111.349 Y94.411 E759.22878
G1 F900 X111.872 Y94.096 E759.24909
G1 X112.212 Y93.874 E759.26259
G1 X112.838 Y93.505 E759.28676
G1 X113.51 Y93.067 E759.31344
G1 X115.753 Y91.709 E759.40065
G1 X116.635 Y91.217 E759.43424
G1 X117.181 Y90.963 E759.45427
G1 X117.224 Y93.167 E759.52759
G1 X117.22 Y93.807 E759.54888
G1 X117.155 Y94.125 E759.55967
G1 X116.318 Y94.155 E759.58753
G1 X114.321 Y94.26 E759.65404
G1 X111.87 Y94.472 E759.73587
G1 X111.396 Y94.526 E759.75173
G1 F965.1 X110.945 Y94.604 E759.76593
G0 F9000 X110.803 Y94.634
G1 F1065.1 X110.945 Y94.604 E759.77001
G1 F1500 E753.27001
G0 F9000 X110.676 Y93.847
G0 X112.057 Y93.134
G0 X112.625 Y94.045
;TYPE:SKIN
G1 F1500 E759.77001
G1 F900 X112.979 Y93.837 E759.78366
G1 X113.695 Y93.373 E759.81204
G1 X115.91 Y92.034 E759.89813
G1 X116.83 Y91.519 E759.93319
G1 X116.863 Y93.174 E759.98825
G1 X116.858 Y93.772 E760.00814
G1 X116.305 Y93.791 E760.02654
G1 X114.297 Y93.9 E760.09343
G1 X112.625 Y94.045 E760.14925
G0 F9000 X113.867 Y93.502
G1 F900 X114.082 Y93.717 E760.15936
G0 F9000 X114.22 Y93.289
G1 F900 X114.612 Y93.682 E760.17782
G0 F9000 X115.149 Y93.653
G1 F900 X114.573 Y93.076 E760.20494
G0 F9000 X114.925 Y92.863
G1 F900 X115.685 Y93.624 E760.24071
G0 F9000 X116.222 Y93.595
G1 F900 X115.277 Y92.65 E760.28516
G0 F9000 X115.63 Y92.437
G1 F900 X116.661 Y93.468 E760.33366
G0 F9000 X116.658 Y92.899
G1 F900 X115.982 Y92.224 E760.36543
G0 F9000 X116.344 Y92.019
G1 F900 X116.646 Y92.322 E760.37966
G1 F1500 E753.87966
G0 F9000 X114.036 Y89.419
G0 X115.801 Y88.429
G0 X116.787 Y87.989
G0 X117.689 Y87.857
G0 X118.641 Y88.121
G0 X133.131 Y95.074
G0 X133.96 Y95.636
G0 X138.734 Y100.338
G0 X138.568 Y108.225
G0 X137.661 Y108.099
G0 X136.839 Y107.894
G0 X134.967 Y105.888
;TYPE:WALL-OUTER
G1 F1500 E760.37966
G1 F1090.9 X135.095 Y105.915 E760.38325
G0 F9000 X136.403 Y106.03
G1 F705.9 X136.396 Y105.818 E760.39224
G1 F857.1 X136.217 Y105.293 E760.41162
G1 F916 X135.747 Y104.252 E760.44894
G1 F878 X135.438 Y103.6 E760.47354
G1 F845.1 X135.059 Y102.976 E760.4994
G1 F837.2 X134.885 Y102.641 E760.5129
G0 F9000 X135.211 Y102.099
G1 F954.9 X135.346 Y101.911 E760.52015
G1 F952.4 X135.552 Y101.652 E760.53055
G0 F9000 X136.137 Y100.899
G1 F791.2 X136.286 Y100.627 E760.54229
G1 F796.5 X136.152 Y100.367 E760.55328
G1 F925.4 X135.879 Y100.17 E760.56417
G1 F1040.5 X135.428 Y99.934 E760.57881
G1 F1028.6 X134.912 Y99.684 E760.5955
G1 F939.9 X134.325 Y99.435 E760.61581
G1 F859.2 X134.019 Y99.324 E760.62715
G1 F800 X133.92 Y99.274 E760.6313
G1 F1500 E754.1313
G0 F9000 X133.557 Y97.558
G1 F1500 E760.6313
G1 F1043.5 X133.356 Y97.256 E760.6417
G0 F9000 X132.776 Y96.745
G1 F913.7 X132.49 Y96.552 E760.65301
G1 F821.9 X132.143 Y96.353 E760.66758
G1 F784.3 X131.868 Y96.216 E760.6793
G1 F775.9 X131.546 Y96.079 E760.6928
G1 F801.8 X130.988 Y95.885 E760.71486
G1 F869.6 X129.977 Y95.589 E760.75112
G1 F925.4 X128.649 Y95.266 E760.79533
G1 F1500 E754.29533
G0 F9000 X128.612 Y93.629
G0 X125.821 Y92.42
G0 X123.845 Y94.515
G1 F1500 E760.79533
G1 F900 X123.587 Y94.481 E760.80398
G1 X121.281 Y94.24 E760.8811
G1 X119.544 Y94.14 E760.93897
G1 X117.996 Y94.1 E760.99047
G1 X117.778 Y94.063 E760.99783
G1 X117.761 Y92.662 E761.04443
G1 X117.764 Y90.904 E761.1029
G1 X118.07 Y91.046 E761.11412
G1 X118.937 Y91.504 E761.14673
G1 X120.432 Y92.411 E761.20489
G1 X121.441 Y92.999 E761.24373
G1 X122.523 Y93.7 E761.28661
G1 X123.845 Y94.515 E761.33827
G1 F1500 E754.83827
G0 F9000 X124.201 Y93.743
G0 X123.269 Y93.284
G0 X122.015 Y94.111
G0 X122.307 Y93.983
;TYPE:SKIN
G1 F1500 E761.33827
G1 F900 X121.31 Y93.876 E761.37162
G1 X119.568 Y93.78 E761.42965
G1 X118.134 Y93.737 E761.47736
G1 X118.12 Y92.664 E761.51305
G1 X118.124 Y91.48 E761.55243
G1 X118.753 Y91.814 E761.57612
G1 X120.24 Y92.715 E761.63395
G1 X121.266 Y93.316 E761.6735
G1 X122.307 Y93.983 E761.71462
G0 F9000 X121.399 Y93.68
G1 F900 X121.283 Y93.564 E761.72007
G0 F9000 X120.8 Y93.647
G1 F900 X119.89 Y92.737 E761.76288
G0 F9000 X119.602 Y93.581
G1 F900 X118.321 Y92.299 E761.82316
G0 F9000 X118.488 Y91.901
G1 F900 X120.201 Y93.614 E761.90373
G0 F9000 X119.019 Y93.563
G1 F900 X118.322 Y92.866 E761.93652
G0 F9000 X118.33 Y93.44
G1 F900 X118.436 Y93.546 E761.9415
G1 F1500 E755.4415
G0 F9000 X121.442 Y89.674
G0 X119.325 Y88.413
G0 X118.641 Y88.121
G0 X117.689 Y87.857
G0 X116.787 Y87.989
G0 X115.239 Y88.718
G0 X110.219 Y91.771
G0 X109.454 Y94.343
;TYPE:WALL-OUTER
G1 F1500 E761.9415
G1 F721.4 X109.736 Y94.15 E761.95568
G1 F714.3 X110.804 Y93.489 E762.00832
G1 F695 X111.137 Y93.261 E762.0257
G1 F692.3 X111.737 Y92.907 E762.05582
G1 X112.044 Y92.699 E762.07185
G1 F695 X112.56 Y92.393 E762.09769
G1 F699 X113.357 Y91.882 E762.13824
G1 X114.163 Y91.418 E762.17806
G1 X114.548 Y91.169 E762.1977
G1 F707.3 X115.006 Y90.912 E762.21992
G1 F717.1 X115.286 Y90.728 E762.23391
G1 F703.1 X116.381 Y90.113 E762.28738
G1 F689.7 X116.838 Y89.886 E762.30952
G1 F679.2 X117.313 Y89.676 E762.33241
G1 F672.9 X117.6 Y89.696 E762.34521
G1 F684.4 X117.987 Y89.811 E762.36287
G1 F697.7 X118.503 Y90.041 E762.38711
G1 F707.3 X119.499 Y90.593 E762.4353
G1 F724.3 X119.955 Y90.878 E762.45752
G1 F727.3 X120.415 Y91.143 E762.47937
G1 F717.1 X120.777 Y91.364 E762.49708
G1 F708.7 X121.166 Y91.581 E762.51589
G1 F718.6 X122.258 Y92.247 E762.56918
G1 F728.7 X124.141 Y93.441 E762.66076
G1 F734.7 X124.621 Y93.709 E762.68316
G1 F745.3 X125.495 Y94.297 E762.72547
G1 X124.729 Y94.19 E762.75653
G1 X124.328 Y94.094 E762.77309
G1 F734.7 X124.001 Y93.934 E762.78792
G1 F715.7 X123.192 Y93.439 E762.82759
G1 F720 X122.028 Y92.679 E762.88538
G1 F722.9 X120.422 Y91.739 E762.96244
G1 F717.1 X120.156 Y91.57 E762.9756
G1 X119.256 Y91.034 E763.01932
G1 F711.5 X118.409 Y90.568 E763.05999
G1 F705.9 X117.883 Y90.321 E763.08464
G1 F696.3 X117.41 Y90.2 E763.10563
G1 F693.6 X116.801 Y90.48 E763.13455
G1 F704.5 X115.641 Y91.105 E763.19054
G1 F708.7 X114.418 Y91.86 E763.25125
G1 F705.9 X113.294 Y92.524 E763.30661
G1 X112.848 Y92.814 E763.32917
G1 F703.1 X111.139 Y93.884 E763.41501
G1 F710.1 X110.773 Y94.086 E763.43264
G1 F721.4 X110.426 Y94.201 E763.4478
G1 X109.929 Y94.282 E763.4687
G1 X109.454 Y94.343 E763.48857
G1 F1500 E756.98857
G0 F9000 X110.239 Y94.05
G0 X108.71 Y92.739
G0 X103.109 Y94.577
G0 X101.486 Y95.296
G0 X96.845 Y99.758
G0 X96.561 Y100.692
G0 X96.409 Y108.263
G0 X97.446 Y108.083
G0 X98.245 Y107.936
G0 X99.235 Y106.776
G1 F1500 E763.48857
G1 F595 X98.749 Y106.851 E763.51331
G1 F627.2 X98.485 Y106.922 E763.52635
G0 F9000 X97.75 Y106.972
G0 X97.447 Y107.225
G1 F800 X97.542 Y106.833 E763.54145
G1 F737.7 X97.749 Y106.512 E763.55695
G1 F733.2 X97.903 Y106.754 E763.56866
G1 F750 X98.45 Y106.937 E763.59168
G1 F746.9 X98.132 Y107.067 E763.60545
G1 F793 X97.447 Y107.225 E763.63198
G0 F9000 X97.758 Y106.498
G1 F593.1 X97.928 Y105.941 E763.66138
G1 F605 X98.361 Y104.724 E763.72529
G1 F581.6 X98.553 Y104.265 E763.75089
G1 F572.3 X98.99 Y103.361 E763.80341
G1 F604 X99.16 Y103.048 E763.82106
G1 F557.3 X99.263 Y102.759 E763.83754
G1 F510.6 X99.261 Y102.62 E763.84569
G1 F566 X99.171 Y102.369 E763.85979
G1 F631.6 X98.817 Y101.926 E763.88667
G1 F603 X98.278 Y101.278 E763.92851
G1 F591.1 X98.082 Y101.025 E763.94471
G1 F603 X98.03 Y100.945 E763.94945
G0 F9000 X97.748 Y100.447
G1 F446.7 X97.75 Y100.429 E763.95066
G1 F497.2 X97.928 Y100.212 E763.96756
G1 F590.2 X98.463 Y99.8 E764.00181
G1 F625 X99.343 Y99.315 E764.04994
G1 X99.832 Y99.08 E764.07592
G1 F627.2 X100.246 Y98.894 E764.09758
G1 F574.2 X100.488 Y98.745 E764.1124
G1 F582.5 X100.628 Y98.472 E764.12816
G1 F627.2 X100.707 Y98.035 E764.14936
G1 F612.2 X100.791 Y97.714 E764.16558
G1 F616.4 X100.958 Y97.324 E764.18618
G1 F620.7 X101.267 Y96.888 E764.21196
G1 F612.2 X101.615 Y96.523 E764.23661
G1 F568.7 X102.054 Y96.139 E764.26731
G1 F572.3 X103.013 Y95.666 E764.32324
G1 F605 X103.449 Y95.478 E764.34673
G1 F607.1 X103.927 Y95.306 E764.37178
G1 F596 X104.53 Y95.11 E764.40362
G1 F573.2 X104.911 Y94.998 E764.42436
G1 F576.9 X105.229 Y94.928 E764.44125
G1 F583.5 X105.611 Y94.818 E764.46165
G1 X105.895 Y94.75 E764.47663
G1 F585.4 X107.474 Y94.415 E764.55917
G1 F571.4 X107.86 Y94.325 E764.57994
G1 F536.5 X108.356 Y94.149 E764.6093
G1 F512.8 X108.819 Y93.829 E764.64215
G1 F528.6 X109.25 Y93.574 E764.67051
G1 F538.1 X109.639 Y93.31 E764.69666
G1 F525.5 X112.182 Y91.714 E764.86767
G1 F519.5 X113.52 Y90.92 E764.95732
G1 F531 X113.894 Y90.672 E764.98262
G1 F542.2 X114.194 Y90.491 E765.00197
G1 F525.5 X114.606 Y90.262 E765.02881
G1 F519.5 X115.716 Y89.602 E765.10323
G1 F536.5 X116.487 Y89.202 E765.15169
G1 F537.3 X116.971 Y88.978 E765.1814
G1 F523.3 X117.534 Y88.872 E765.21418
G1 F514.3 X118.243 Y89.05 E765.25672
G1 F497.2 X118.841 Y89.329 E765.29645
G1 F503.5 X120.909 Y90.528 E765.43857
G1 F531.8 X121.21 Y90.711 E765.4584
G1 F542.2 X121.963 Y91.201 E765.508
G1 F538.9 X122.496 Y91.5 E765.54194
G1 F530.2 X122.952 Y91.801 E765.57279
G1 F538.1 X123.419 Y92.084 E765.60317
G1 F541.4 X123.85 Y92.371 E765.6318
G1 F538.1 X124.336 Y92.661 E765.66328
G1 X124.741 Y92.923 E765.69012
G1 F543.8 X125.2 Y93.195 E765.71949
G1 F545.5 X125.592 Y93.462 E765.74551
G1 F534.9 X126.614 Y94.116 E765.81341
G1 F566.9 X126.912 Y94.236 E765.83038
G1 F623.9 X128.125 Y94.499 E765.88992
G1 F655.7 X129.199 Y94.706 E765.93985
G1 F651 X129.649 Y94.83 E765.96132
G1 F636 X130.566 Y95.056 E766.00577
G1 F655.7 X130.99 Y95.184 E766.02598
G1 F660.6 X131.961 Y95.546 E766.07295
G1 F652.2 X132.494 Y95.798 E766.10001
G1 F659.3 X132.793 Y95.967 E766.1156
G1 F656.9 X133.145 Y96.192 E766.13463
G1 F641.7 X133.468 Y96.468 E766.15445
G1 F610.2 X133.827 Y96.817 E766.17902
G1 F590.2 X134.034 Y97.122 E766.19771
G1 F608.1 X134.198 Y97.42 E766.21446
G1 F631.6 X134.348 Y97.878 E766.2373
G1 F612.2 X134.488 Y98.668 E766.27653
G1 F578.8 X134.633 Y98.814 E766.28717
G1 F590.2 X134.967 Y98.982 E766.30613
G1 F610.2 X135.281 Y99.118 E766.32292
G1 F611.2 X135.689 Y99.315 E766.34511
G1 F616.4 X136.263 Y99.633 E766.37697
G1 F600 X136.88 Y100.041 E766.41388
G0 F9000 X137.259 Y100.435
G1 F509.9 X137.134 Y100.698 E766.43097
G1 F594.1 X136.848 Y101.074 E766.45477
G1 F623.9 X136.355 Y101.682 E766.49233
G1 X135.942 Y102.255 E766.52622
G1 F537.3 X135.788 Y102.612 E766.54788
G1 F1500 E760.04788
G0 F9000 X136.821 Y102.758
G0 X137.233 Y103.516
G0 X138.243 Y106.216
G0 X138.441 Y106.869
G0 X138.568 Y108.225
G0 X137.661 Y108.099
G0 X136.839 Y107.894
G0 X136.25 Y106.773
G1 F1500 E766.54788
G1 F667.9 X136.622 Y106.864 E766.56504
G0 F9000 X137.327 Y106.923
G1 F506.3 X137.35 Y106.563 E766.58637
G1 F631.6 X137.204 Y106.081 E766.61024
G1 F637.2 X137.055 Y105.663 E766.63109
G1 F630.5 X136.683 Y104.727 E766.67891
G1 F602 X136.334 Y103.911 E766.72304
G1 F586.3 X135.869 Y103.023 E766.77421
G1 F1500 E760.27421
G0 F9000 X129.793 Y104.295
G1 F1500 E766.77421
G1 F659.3 X129.626 Y104.592 E766.78968
G1 F714.3 X129.63 Y105.006 E766.80703
G1 F720 X129.73 Y105.361 E766.82237
G1 F714.3 X130.058 Y105.699 E766.8421
G1 F700.4 X130.361 Y105.848 E766.85654
G1 X130.656 Y105.935 E766.86968
G1 F725.8 X130.972 Y106.004 E766.88302
G1 F742.3 X131.302 Y106.054 E766.89648
G1 F734.7 X133.532 Y106.303 E766.9879
G1 F727.3 X134.424 Y106.42 E767.02493
G1 F718.6 X134.757 Y106.475 E767.03899
G1 F671.6 X135.111 Y106.565 E767.05527
G0 F9000 X135.566 Y107.294
G1 F651 X135.348 Y106.967 E767.07334
G1 F692.3 X135.26 Y106.732 E767.08419
G1 F659.3 X135.111 Y106.565 E767.09435
G1 F667.9 X135.516 Y106.6 E767.11257
G1 F689.7 X136.12 Y106.734 E767.13943
G1 F669.1 X136.25 Y106.773 E767.1455
G1 X136.125 Y106.796 E767.15118
G1 F689.7 X135.746 Y107.069 E767.17146
G1 F651 X135.566 Y107.294 E767.18471
G0 F9000 X135.572 Y107.302
G1 F535.7 X135.592 Y107.377 E767.18904
G1 F544.6 X135.995 Y108.439 E767.25148
G1 F524.8 X136.38 Y109.573 E767.31979
G1 F509.9 X136.503 Y110.022 E767.34712
G1 F521.7 X136.551 Y110.341 E767.36562
G1 F533.3 X136.79 Y111.428 E767.42809
G1 F539.7 X136.891 Y111.963 E767.45829
G1 F544.6 X136.986 Y112.401 E767.48292
G1 F538.1 X137.261 Y114.017 E767.57411
G1 F495.9 X137.371 Y114.458 E767.60154
G1 F495.2 X137.362 Y114.681 E767.61504
G1 F524.8 X137.673 Y117.052 E767.75144
G1 F542.2 X137.848 Y118.555 E767.83498
G1 F527.9 X137.946 Y119.484 E767.88796
G1 F526.3 X138.008 Y119.917 E767.91283
G1 F550.5 X138.038 Y120.422 E767.94035
G1 F553 X138.279 Y122.937 E768.07711
G1 F537.3 X138.581 Y126.316 E768.2661
G1 F533.3 X138.596 Y126.851 E768.29614
G1 F1500 E761.79614
G0 F9000 X139.58 Y126.693
G0 X139.715 Y127.164
G0 X139.938 Y133.431
G0 X139.963 Y137.574
G0 X139.882 Y140.352
G0 X139.828 Y140.816
G0 X139.62 Y141.373
G0 X139.317 Y141.876
G0 X138.935 Y142.326
G0 X138.466 Y142.739
G0 X137.605 Y143.254
G0 X134.701 Y144.313
G0 X132.531 Y144.963
G0 X128.348 Y145.985
G0 X125.11 Y146.535
G0 X123.62 Y146.72
G0 X122.105 Y146.867
G0 X117.5 Y146.175
G1 F1500 E768.29614
G1 F857.1 X117.147 Y146.177 E768.30847
G1 F837.2 X115.967 Y146.158 E768.35067
G1 F820 X115.041 Y146.108 E768.38452
G1 F831.4 X114.13 Y146.041 E768.41741
G1 F837.2 X112.75 Y145.924 E768.46693
G1 F833.3 X112.259 Y145.867 E768.48468
G1 F847.1 X111.702 Y145.781 E768.5046
G1 F875.9 X110.481 Y145.626 E768.54666
G1 F895.5 X109.119 Y145.407 E768.59277
G1 F904.5 X108.723 Y145.323 E768.60617
G1 F891.1 X107.663 Y145.132 E768.64235
G1 F843.1 X107.292 Y145.112 E768.65554
G1 F820 X106.865 Y145.024 E768.67146
G1 F841.1 X106.501 Y144.927 E768.68486
G1 F900 X106.056 Y144.781 E768.70044
G1 F916 X105.481 Y144.659 E768.71965
G1 F900 X103.809 Y144.248 E768.77691
G1 F909.1 X103.229 Y144.089 E768.79672
G1 F904.5 X102.571 Y143.931 E768.81911
G1 F900 X102.116 Y143.804 E768.83482
G1 F916 X101.67 Y143.649 E768.85025
G1 F935.1 X100.825 Y143.395 E768.8785
G1 F947.4 X100.457 Y143.266 E768.89082
G1 F937.5 X100.123 Y143.168 E768.90194
G1 F952.4 X99.77 Y143.034 E768.9138
G1 F973 X98.806 Y142.725 E768.94495
G1 F983.6 X98.002 Y142.409 E768.97124
G1 F1005.6 X97.521 Y142.149 E768.98751
G1 F1014.1 X97.092 Y141.83 E769.00329
G1 F1025.6 X96.735 Y141.475 E769.01799
G1 F1028.6 X96.482 Y141.113 E769.03084
G1 F1046.5 X96.338 Y140.852 E769.03937
G1 F1034.5 X96.169 Y140.47 E769.05146
G1 F978.3 X96.041 Y139.965 E769.0674
G1 F989 X96.046 Y139.187 E769.09094
G1 F942.4 X95.923 Y138.458 E769.11443
G1 F857.1 X95.905 Y137.713 E769.14045
G1 F853.1 X95.917 Y135.932 E769.20295
G1 F878 X95.943 Y135.489 E769.21808
G1 F935.1 X95.996 Y135.15 E769.22906
G1 F994.5 X96.014 Y134.738 E769.24147
G1 X96.048 Y131.857 E769.3282
G1 X96.077 Y131.348 E769.34355
G1 F1049.6 X96.128 Y130.955 E769.35485
G1 F1104.3 X96.149 Y130.595 E769.36462
G1 F1022.7 X96.1 Y129.489 E769.39703
G1 F1002.8 X96.22 Y128.447 E769.42834
G1 F1071.4 X96.476 Y124.775 E769.53118
G1 F1058.8 X96.709 Y121.773 E769.6163
G1 F1016.9 X96.738 Y121.065 E769.63716
G1 F1034.5 X96.826 Y120.635 E769.64986
G1 F1061.9 X96.85 Y120.013 E769.66741
G1 F1058.8 X96.914 Y119.609 E769.67897
G1 F1068.2 X97.03 Y118.498 E769.71027
G1 F1058.8 X97.229 Y116.858 E769.75698
G1 F1049.6 X97.436 Y115.327 E769.80104
G1 F1028.6 X97.493 Y114.808 E769.81623
G1 F1008.4 X97.555 Y114.369 E769.82939
G1 F1046.5 X97.75 Y113.417 E769.85719
G1 F1084.3 X97.873 Y112.66 E769.87836
G1 F1081.1 X97.97 Y112.161 E769.89244
G1 F1097.6 X98.054 Y111.821 E769.90199
G1 F1046.5 X98.232 Y110.752 E769.93299
G1 F994.5 X98.462 Y109.87 E769.96042
G1 F1016.9 X98.592 Y109.496 E769.97208
G1 F1040.5 X98.893 Y108.542 E770.00086
G1 F1034.5 X99.25 Y107.567 E770.0309
G1 F1016.9 X99.446 Y107.106 E770.04565
G1 F886.7 X99.46 Y106.965 E770.05043
G1 F664.2 X99.235 Y106.776 E770.06367
G1 F655.7 X99.661 Y106.597 E770.08477
G1 F753.1 X100.28 Y106.524 E770.10954
G1 F775.9 X99.873 Y106.873 E770.13023
G1 F902.3 X99.781 Y107.211 E770.14185
G1 F1019.8 X99.577 Y107.696 E770.15729
G1 F1034.5 X99.219 Y108.654 E770.18689
G1 F1025.6 X98.756 Y110.15 E770.23259
G1 F1019.8 X98.536 Y111.04 E770.2595
G1 F1071.4 X98.375 Y111.866 E770.28301
G1 F1097.6 X98.242 Y112.49 E770.30041
G1 F1046.5 X97.909 Y114.421 E770.35646
G1 F1028.6 X97.567 Y116.902 E770.42935
G1 F1065.1 X97.435 Y117.968 E770.45954
G1 F1055.7 X97.197 Y120.044 E770.51879
G1 F1061.9 X97.152 Y120.688 E770.53698
G1 F1034.5 X97.1 Y121.105 E770.54914
G1 F1016.9 X97.054 Y121.785 E770.56921
G1 F1058.8 X96.809 Y124.794 E770.65455
G1 F1046.5 X96.636 Y127.548 E770.73348
G1 X96.554 Y128.485 E770.76039
G1 F1002.8 X96.483 Y129.502 E770.79082
G1 F1022.7 X96.471 Y130.569 E770.82205
G1 F1061.9 X96.433 Y131.366 E770.84454
G1 F1000 X96.399 Y132.534 E770.87952
G1 F986.3 X96.361 Y135.175 E770.95968
G1 F937.5 X96.343 Y135.517 E770.97062
G1 F869.6 X96.331 Y137.707 E771.04601
G1 F857.1 X96.338 Y138.428 E771.07119
G1 F947.4 X96.394 Y139.211 E771.09599
G1 F1034.5 X96.396 Y139.485 E771.10392
G1 F983.6 X96.42 Y139.928 E771.11742
G1 F978.3 X96.499 Y140.332 E771.13002
G1 F1034.5 X96.658 Y140.736 E771.14258
G1 F1049.6 X96.957 Y141.194 E771.15818
G1 F1046.5 X97.163 Y141.428 E771.1671
G1 F1040.5 X97.508 Y141.707 E771.17987
G1 F1028.6 X97.908 Y141.97 E771.1938
G1 F1022.7 X98.405 Y142.191 E771.20972
G1 F989 X98.875 Y142.356 E771.22479
G1 F954.9 X99.293 Y142.475 E771.23842
G1 F962.6 X99.753 Y142.646 E771.25368
G1 X100.116 Y142.756 E771.26548
G1 F932.6 X100.991 Y143.043 E771.29503
G1 F925.4 X100.998 Y143.037 E771.29533
G1 X101.744 Y143.264 E771.32055
G1 F923.1 X102.044 Y143.369 E771.33086
G1 F918.4 X103.097 Y143.654 E771.36642
G1 F913.7 X103.289 Y143.696 E771.37286
G1 F909.1 X103.968 Y143.88 E771.39602
G1 F897.8 X104.453 Y143.987 E771.41258
G1 F904.5 X104.967 Y144.136 E771.43029
G1 F906.8 X105.753 Y144.302 E771.45681
G1 F913.7 X106.208 Y144.429 E771.47229
G1 F875.9 X106.959 Y144.598 E771.49859
G1 F820 X107.355 Y144.674 E771.51331
G1 F845.1 X108.019 Y144.777 E771.53711
G1 F893.3 X108.497 Y144.884 E771.55353
G1 F904.5 X109.409 Y145.05 E771.5842
G1 F895.5 X110.504 Y145.223 E771.62126
G1 F869.6 X111.019 Y145.268 E771.63906
G1 F849.1 X111.527 Y145.33 E771.6571
G1 F855.1 X111.867 Y145.386 E771.66916
G1 F845.1 X112.791 Y145.492 E771.70211
G1 F837.2 X114.144 Y145.616 E771.75069
G1 F833.3 X115.98 Y145.721 E771.81674
G1 F837.2 X117.15 Y145.755 E771.85859
G1 F821.9 X119.556 Y145.758 E771.94622
G1 F796.5 X119.987 Y145.741 E771.96243
G1 F782.6 X120.234 Y145.742 E771.97188
G1 F796.5 X120.495 Y145.707 E771.98178
G1 F837.2 X121.375 Y145.663 E772.01328
G1 F861.2 X121.919 Y145.602 E772.03231
G1 F869.6 X122.419 Y145.564 E772.04957
G1 F865.4 X123.427 Y145.469 E772.08459
G1 F913.7 X125.521 Y145.22 E772.15368
G1 F952.4 X126.467 Y145.067 E772.1838
G1 F944.9 X128.257 Y144.736 E772.24146
G1 F960 X129.73 Y144.416 E772.28847
G1 F967.7 X130.206 Y144.287 E772.30372
G1 X131.65 Y143.925 E772.34977
G1 F1000 X132.026 Y143.854 E772.36122
G1 F994.5 X132.367 Y143.734 E772.3721
G1 F978.3 X132.932 Y143.601 E772.38986
G1 F983.6 X134.321 Y143.166 E772.43416
G1 F978.3 X134.711 Y143.018 E772.44692
G1 F983.6 X135.457 Y142.784 E772.47072
G1 F1008.4 X136.447 Y142.436 E772.50187
G1 F1016.9 X136.98 Y142.228 E772.51871
G1 F1046.5 X137.443 Y142.018 E772.53325
G1 F1094.2 X137.902 Y141.706 E772.54844
G1 F1111.1 X138.159 Y141.458 E772.55806
G1 F1118 X138.481 Y141.063 E772.5717
G1 F1125 X138.685 Y140.604 E772.58507
G1 X138.741 Y140.242 E772.59481
G1 F1139.2 X138.764 Y139.951 E772.60248
G1 F1150.2 X138.797 Y138.957 E772.62837
G1 F1146.5 X138.815 Y137.867 E772.65683
G1 F1118 X138.813 Y135.975 E772.70749
G1 F1094.2 X138.784 Y133.654 E772.77099
G1 F1118 X138.729 Y131.78 E772.82118
G1 F1111.1 X138.663 Y129.989 E772.86947
G1 F1028.6 X138.587 Y128.791 E772.9044
G1 F1046.5 X138.541 Y128.432 E772.91476
G1 F1037.5 X138.489 Y127.309 E772.94719
G1 F703.1 X138.596 Y126.851 E772.96722
G1 F720 X138.862 Y127.258 E772.98743
G1 F1074.6 X138.863 Y128.411 E773.01955
G1 F1046.5 X138.951 Y128.744 E773.0294
G1 F989 X138.974 Y129.151 E773.04174
G1 F1058.8 X139.022 Y131.206 E773.09985
G1 F1118 X139.108 Y133.453 E773.16006
G1 F1084.3 X139.129 Y134.425 E773.1869
G1 X139.143 Y135.975 E773.22969
G1 F1107.7 X139.136 Y137.561 E773.27255
G1 F1128.5 X139.098 Y139.532 E773.32484
G1 F1132.1 X139.06 Y140.266 E773.34427
G1 F1111.1 X139.015 Y140.62 E773.35389
G1 F1100.9 X138.868 Y141.009 E773.36519
G1 F1097.6 X138.645 Y141.384 E773.37709
G1 F1094.2 X138.338 Y141.745 E773.39006
G1 F1087.6 X137.962 Y142.075 E773.40382
G1 F1065.1 X137.518 Y142.36 E773.41865
G1 F1037.5 X137.252 Y142.491 E773.42721
G1 F1016.9 X136.964 Y142.618 E773.43647
G1 F1000 X135.904 Y143.015 E773.47036
G1 F978.3 X134.837 Y143.366 E773.50473
G1 X134.442 Y143.507 E773.51756
G1 F1011.2 X133.36 Y143.827 E773.55096
G1 F1005.6 X133.035 Y143.954 E773.56135
G1 F991.7 X132.697 Y144.021 E773.57175
G1 F1011.2 X132.086 Y144.202 E773.59061
G1 F1005.6 X131.787 Y144.266 E773.59971
G1 F973 X131.361 Y144.389 E773.61335
G1 F967.7 X131.018 Y144.459 E773.62418
G1 X130.603 Y144.577 E773.63753
G1 F947.4 X128.679 Y145.037 E773.70003
G1 F937.5 X128.181 Y145.143 E773.71629
G1 X125.885 Y145.553 E773.79076
G1 F944.9 X125.502 Y145.6 E773.80299
G1 F937.5 X124.981 Y145.681 E773.81982
G1 F882.4 X122.909 Y145.945 E773.89068
G1 F853.1 X122.455 Y145.985 E773.90668
G1 F869.6 X122.005 Y146.001 E773.92218
G1 F857.1 X121.589 Y146.078 E773.93695
G1 F833.3 X121.073 Y146.112 E773.95553
G1 X120.552 Y146.13 E773.97425
G1 F796.5 X120.276 Y146.224 E773.98521
G1 F782.6 X119.963 Y146.186 E773.99727
G1 F796.5 X119.566 Y146.213 E774.01223
G1 F825.7 X118.149 Y146.172 E774.06362
G1 F865.4 X117.5 Y146.175 E774.08607
G1 F1500 E767.58607
G0 F9000 X118.796 Y139.677
G0 X115.026 Y145.894
G0 X114.958 Y146.993
G0 X112.137 Y146.74
G0 X106.656 Y145.88
G0 X101.85 Y144.63
G0 X98.508 Y143.526
G0 X97.634 Y143.172
G0 X97.064 Y142.858
G0 X96.544 Y142.474
G0 X96.09 Y142.013
G0 X95.589 Y141.217
G0 X95.375 Y140.763
G0 X95.187 Y140.066
G0 X95.03 Y137.716
G0 X95.241 Y129.468
G0 X96.013 Y119.936
G0 X96.731 Y114.196
G0 X97.399 Y110.586
G0 X97.799 Y109.268
G0 X98.245 Y107.936
G0 X100.298 Y106.522
G1 F1500 E774.08607
G1 F695 X100.954 Y106.413 E774.11471
G1 F692.3 X101.861 Y106.294 E774.15426
G1 F699 X103.654 Y106.077 E774.23161
G1 F708.7 X104.572 Y105.91 E774.27102
G1 F692.3 X104.827 Y105.807 E774.28291
G1 F669.1 X105.062 Y105.68 E774.29486
G1 F663 X105.238 Y105.451 E774.3079
G1 F688.3 X105.435 Y105.046 E774.32749
G1 F703.1 X105.398 Y104.568 E774.3479
G1 F665.4 X105.304 Y104.295 E774.36088
G1 F1500 E767.86088
G0 F9000 X122.435 Y96.275
G0 X122.874 Y97.011
G1 F1500 E774.36088
G1 F801.8 X122.679 Y96.727 E774.37375
G1 X122.32 Y96.427 E774.39121
G1 F661.8 X121.86 Y96.127 E774.41605
G1 X122.337 Y96.071 E774.43778
G1 F801.8 X122.712 Y96.12 E774.4519
G1 X122.778 Y96.327 E774.46001
G1 X122.846 Y96.702 E774.47424
G1 X122.874 Y97.011 E774.48582
G0 F9000 X122.558 Y96.341
G0 X121.86 Y96.127
G1 F587.3 X121.204 Y96.044 E774.51953
G1 F610.2 X120.569 Y96.011 E774.55072
G1 F593.1 X120.186 Y96.004 E774.57005
G1 F1500 E768.07005
G0 F9000 X120.672 Y98.258
G1 F1500 E774.57005
G1 F751.6 X120.734 Y98.259 E774.57252
G0 F9000 X121.612 Y98.335
G0 X121.779 Y98.769
G1 F843.1 X121.609 Y98.575 E774.58168
G1 X121.164 Y98.364 E774.59917
G1 F793 X120.734 Y98.259 E774.61588
G1 X121.114 Y98.217 E774.63031
G1 F841.1 X121.438 Y98.16 E774.64202
G1 F843.1 X121.786 Y97.801 E774.65977
G1 X121.791 Y98.28 E774.67678
G1 X121.779 Y98.769 E774.69415
G1 F1500 E768.19415
G0 F9000 X121.612 Y98.335
G0 X122.268 Y100.247
G0 X122.412 Y100.563
G1 F1500 E774.69415
G1 F803.6 X121.874 Y100.529 E774.71423
G1 F721.4 X121.468 Y100.413 E774.73175
G1 F687 X121.951 Y100.272 E774.75367
G1 F759.5 X122.375 Y99.887 E774.77624
G1 F803.6 X122.517 Y99.701 E774.78496
G1 X122.561 Y99.75 E774.78741
G1 X122.485 Y100.076 E774.79988
G1 X122.412 Y100.563 E774.81823
G0 F9000 X121.468 Y100.413
G1 F688.3 X120.761 Y100.399 E774.84898
G1 F704.5 X120.291 Y100.362 E774.86901
G0 F9000 X119.895 Y100.412
G1 F900 X119.024 Y100.384 E774.89799
G1 X118.634 Y100.359 E774.91099
G1 X118.808 Y100.209 E774.91863
G1 X119.011 Y99.875 E774.93163
G1 X119.063 Y99.394 E774.94772
G1 X119.072 Y99.033 E774.95974
G1 X119.073 Y96.804 E775.03387
G1 X119.057 Y96.442 E775.04592
G1 X118.935 Y96.048 E775.05964
G1 X118.747 Y95.85 E775.06872
G1 X119.2 Y95.853 E775.08379
G1 X119.753 Y95.872 E775.10219
G1 F705.9 X120.186 Y96.004 E775.12139
G1 X120.031 Y96.256 E775.13394
G1 F900 X119.995 Y97.709 E775.18228
G1 F857.1 X120.194 Y98.124 E775.19835
G1 F786 X120.672 Y98.258 E775.21726
G1 F820 X120.052 Y98.557 E775.24238
G1 F900 X120.008 Y98.674 E775.24654
G1 X119.992 Y99.01 E775.25773
G1 X119.992 Y99.493 E775.27379
G1 X120.124 Y100.141 E775.29579
G1 F777.5 X120.291 Y100.362 E775.30645
G1 X119.895 Y100.412 E775.32182
G1 F1500 E768.82182
G0 F9000 X119.534 Y96.353
;TYPE:SKIN
G1 F1500 E775.32182
G1 F567.8 X119.541 Y96.812 E775.34602
G1 F592.1 X119.532 Y97.783 E775.39511
G0 F9000 X119.54 Y98.654
G1 F642.9 X119.421 Y98.237 E775.4153
G1 F721.4 X119.53 Y97.792 E775.43431
G1 F767.6 X119.894 Y98.243 E775.45691
G1 F825.7 X119.727 Y98.38 E775.46475
G1 F688.3 X119.54 Y98.654 E775.47917
G1 F579.7 X119.52 Y99.523 E775.52406
G1 F531 X119.535 Y99.873 E775.54381
G1 F1500 E769.04381
G0 F9000 X124.504 Y91.596
G0 X132.65 Y94.819
G0 X133.96 Y95.636
G0 X138.734 Y100.338
G0 X139.822 Y129.134
G0 X139.973 Y135.945
G0 X139.882 Y140.352
G0 X139.828 Y140.816
G0 X139.62 Y141.373
G0 X139.317 Y141.876
G0 X138.935 Y142.326
G0 X138.466 Y142.739
G0 X137.605 Y143.254
G0 X134.701 Y144.313
G0 X132.531 Y144.963
G0 X128.348 Y145.985
G0 X125.11 Y146.535
G0 X120.388 Y147.151
G0 X116.587 Y147.044
G0 X116.761 Y139.251
;TYPE:WALL-OUTER
G1 F1500 E775.54381
G1 F696.3 X116.76 Y139.322 E775.54686
G1 F1500 E769.04686
G0 F9000 X116.588 Y147.044
G0 X114.987 Y146.995
G0 X112.137 Y146.74
G0 X106.656 Y145.88
G0 X102.764 Y144.868
G0 X100.675 Y144.245
G0 X101.52 Y141.472
G1 F1500 E775.54686
G1 F900 X101.634 Y141.464 E775.55066
G1 F962.6 X101.738 Y141.302 E775.55665
G1 F1014.1 X101.744 Y140.878 E775.56916
G1 F909.1 X101.778 Y140.578 E775.5791
G1 F829.5 X101.778 Y139.69 E775.61115
G1 F809 X101.753 Y139.373 E775.62292
G1 F841.1 X101.664 Y139.246 E775.62843
G1 F825.7 X101.263 Y138.885 E775.648
G1 F769.2 X100.715 Y139.064 E775.67043
G1 F829.5 X100.626 Y139.172 E775.67548
G1 F900 X100.588 Y139.485 E775.68597
G1 X100.364 Y139.755 E775.69764
G1 X100.116 Y139.735 E775.70591
G1 X99.841 Y139.432 E775.71952
G1 X99.721 Y139.076 E775.73202
G1 X99.664 Y138.548 E775.74968
G1 X99.661 Y137.953 E775.76947
G1 X99.71 Y137.445 E775.78644
G1 X99.805 Y137.098 E775.79841
G1 X99.988 Y136.945 E775.80634
G1 X100.271 Y137.038 E775.81625
G1 X100.497 Y137.353 E775.82915
G1 X100.647 Y137.881 E775.8474
G1 X100.947 Y138.234 E775.86281
G1 F769.2 X101.131 Y138.37 E775.87171
G1 X101.707 Y138.235 E775.89474
G1 F937.5 X101.866 Y138.066 E775.90214
G1 F989 X101.825 Y137.525 E775.91857
G1 F1028.6 X101.733 Y137.199 E775.92842
G1 F991.7 X101.667 Y136.867 E775.93864
G1 F916 X101.395 Y136.392 E775.95653
G1 F900 X101.037 Y135.997 E775.97426
G1 F829.5 X100.624 Y135.657 E775.99356
G1 F775.9 X100.012 Y135.441 E776.0186
G1 F809 X99.396 Y135.443 E776.0414
G1 F853.1 X98.911 Y135.613 E776.05943
G1 F882.4 X98.502 Y135.987 E776.07823
G1 F900 X98.215 Y136.466 E776.0968
G1 X98.075 Y136.932 E776.11299
G1 X98.04 Y137.443 E776.13002
G1 X98.036 Y138.07 E776.15088
G1 X98.053 Y138.677 E776.17107
G1 X98.11 Y139.109 E776.18557
G1 X98.274 Y139.589 E776.20244
G1 X98.524 Y140.101 E776.22139
G1 X98.848 Y140.491 E776.23825
G1 X99.252 Y140.814 E776.25546
G1 X99.826 Y141.107 E776.27689
G1 X100.335 Y141.203 E776.29412
G1 X100.705 Y141.208 E776.30643
G1 X101.09 Y141.375 E776.32038
G1 X101.52 Y141.472 E776.33505
G1 F1500 E769.83505
G0 F9000 X103.927 Y141.052
G1 F1500 E776.33505
G1 F587.3 X104.125 Y141.449 E776.35766
G1 F598 X104.097 Y141.732 E776.37189
G1 F1500 E769.87189
G0 F9000 X105.602 Y142.64
G1 F1500 E776.37189
G1 F900 X105.741 Y142.594 E776.37676
G1 X106.059 Y142.306 E776.39103
G1 X106.097 Y142.142 E776.39663
G1 X105.844 Y141.631 E776.4156
G1 X105.006 Y140.319 E776.46738
G1 X104.979 Y140.093 E776.47495
G1 X105.588 Y139.152 E776.51223
G1 X105.823 Y138.846 E776.52506
G1 X106.366 Y138.081 E776.55626
G1 F873.8 X106.395 Y137.941 E776.56116
G1 F825.7 X106.061 Y137.404 E776.58409
G1 F759.5 X105.535 Y137.178 E776.60665
G1 F737.7 X104.924 Y137.05 E776.63198
G1 F691 X104.45 Y137.019 E776.65256
G1 F671.6 X104.358 Y137.107 E776.65823
G1 F857.1 X104.375 Y137.379 E776.66775
G1 F954.9 X104.352 Y137.776 E776.68022
G1 F865.4 X104.231 Y138.166 E776.69434
G1 F875.9 X103.905 Y138.698 E776.71566
G1 X103.802 Y138.251 E776.73134
G1 F857.1 X103.901 Y137.759 E776.74887
G1 F918.4 X104.034 Y137.432 E776.76037
G1 F1046.5 X104.04 Y137.31 E776.76387
G1 F857.1 X104.121 Y137.01 E776.77472
G1 F671.6 X104.117 Y136.883 E776.78038
G1 F688.3 X103.939 Y136.786 E776.7892
G1 F746.9 X103.195 Y136.555 E776.82042
G1 F743.8 X102.735 Y136.398 E776.83998
G1 F714.3 X102.301 Y136.308 E776.85856
G1 F779.2 X102.096 Y136.452 E776.86818
G1 F900 X102.06 Y136.555 E776.87181
G1 F947.4 X102.054 Y137.09 E776.88872
G1 F983.6 X102.2 Y137.532 E776.90288
G1 F975.6 X102.232 Y138.029 E776.91816
G1 F937.5 X102.223 Y138.996 E776.94904
G1 F841.1 X102.203 Y139.349 E776.96162
G1 F810.8 X102.217 Y139.965 E776.98437
G1 F829.5 X102.209 Y140.629 E777.00833
G1 F916 X102.079 Y140.984 E777.02069
G1 F952.4 X102.085 Y141.639 E777.04128
G1 F900 X102.186 Y141.733 E777.04587
G1 X103.148 Y142.017 E777.07923
G1 X103.74 Y142.132 E777.09929
G1 X103.857 Y142.1 E777.10332
G1 F851.1 X103.964 Y141.989 E777.10874
G1 F704.5 X104.097 Y141.732 E777.12104
G1 F737.7 X104.419 Y142.305 E777.14771
G1 F900 X104.49 Y142.363 E777.15076
G1 X105.078 Y142.49 E777.17077
G1 X105.602 Y142.64 E777.18889
G1 F1500 E770.68889
G0 F9000 X108.037 Y142.4
G1 F1500 E777.18889
G1 F900 X108.698 Y142.27 E777.2113
G1 X109.061 Y141.837 E777.23009
G1 X109.076 Y141.403 E777.24454
G1 X109.057 Y140.985 E777.25845
G1 X108.691 Y140.489 E777.27896
G1 X108.136 Y140.235 E777.29926
G1 X107.705 Y140.251 E777.3136
G1 X107.546 Y140.383 E777.32047
G1 X107.497 Y140.847 E777.33599
G1 X107.492 Y141.333 E777.35216
G1 X107.551 Y142.041 E777.37579
G1 X107.612 Y142.151 E777.37997
G1 X108.037 Y142.4 E777.39635
G1 F1500 E770.89635
G0 F9000 X110.255 Y135.6
G1 F1500 E777.39635
G1 F900 X110.351 Y135.569 E777.39971
G1 X110.665 Y135.335 E777.41273
G1 X110.721 Y135.23 E777.41669
G1 X110.756 Y134.601 E777.43765
G1 X110.703 Y134.035 E777.45655
G1 X110.463 Y133.727 E777.46954
G1 X110.315 Y133.672 E777.47479
G1 X109.902 Y133.775 E777.48895
G1 X109.429 Y133.837 E777.50482
G1 X107.842 Y134.09 E777.55827
G1 X107.375 Y134.174 E777.57405
G1 X106.661 Y134.269 E777.598
G1 F823.8 X106.451 Y134.458 E777.60827
G1 F759.5 X106.442 Y134.787 E777.62124
G1 F823.8 X106.637 Y134.945 E777.63036
G1 F900 X107.021 Y135.02 E777.64338
G1 X107.53 Y135.139 E777.66076
G1 X107.996 Y135.233 E777.67657
G1 X109.022 Y135.41 E777.7112
G1 X110.255 Y135.6 E777.7527
G1 F1500 E771.2527
G0 F9000 X111.912 Y138.937
G1 F1500 E777.7527
G1 F539.7 X112.05 Y139.397 E777.77933
G1 F1500 E771.27933
G0 F9000 X112.055 Y143.344
G1 F1500 E777.77933
G1 F533.3 X111.954 Y142.859 E777.80714
G1 F1500 E771.30714
G0 F9000 X113.812 Y142.664
G1 F1500 E777.80714
G1 F809 X113.855 Y142.971 E777.81861
G1 F878 X113.935 Y143.326 E777.83101
G1 F1500 E771.33101
G0 F9000 X117.524 Y145.156
G1 F1500 E777.83101
G1 F900 X117.5 Y145.155 E777.83181
G1 X117.186 Y145.14 E777.84227
G1 X116.877 Y145.148 E777.85255
G1 X115.332 Y145.108 E777.90395
G1 X113.697 Y145.014 E777.95842
G1 X112.945 Y144.949 E777.98353
G1 X112.199 Y144.834 E778.00863
G1 X111.005 Y144.706 E778.04857
G1 X110.328 Y144.611 E778.07131
G1 X109.927 Y144.506 E778.0851
G1 X109.551 Y144.464 E778.09768
G1 X107.911 Y144.174 E778.15307
G1 X107.365 Y144.099 E778.1714
G1 X106.978 Y143.991 E778.18477
G1 X106.401 Y143.884 E778.20429
G1 X106.036 Y143.786 E778.21686
G1 X104.808 Y143.509 E778.25873
G1 X104.101 Y143.333 E778.28296
G1 X103.746 Y143.216 E778.29539
G1 X103.215 Y143.102 E778.31345
G1 X102.836 Y142.983 E778.32667
G1 X102.291 Y142.851 E778.34532
G1 X101.85 Y142.709 E778.36073
G1 X100.928 Y142.446 E778.39262
G1 X99.438 Y141.961 E778.44473
G1 X98.504 Y141.632 E778.47767
G1 X98.072 Y141.408 E778.49385
G1 X97.665 Y141.124 E778.51036
G1 X97.325 Y140.751 E778.52715
G1 X97.1 Y140.38 E778.54158
G1 X96.964 Y139.949 E778.55661
G1 X96.924 Y138.776 E778.59565
G1 X96.91 Y137.456 E778.63955
G1 X96.905 Y135.409 E778.70764
G1 X96.914 Y134.341 E778.74316
G1 F762.7 X96.99 Y133.844 E778.76289
G1 F656.9 X96.999 Y133.076 E778.79789
G1 F651 X97.043 Y131.632 E778.86432
G1 X97.132 Y129.471 E778.96377
G1 F656.9 X97.249 Y127.261 E779.06461
G1 F652.2 X97.526 Y123.315 E779.24618
G1 F647.5 X97.654 Y121.831 E779.31504
G1 F654.5 X97.835 Y119.946 E779.40164
G1 F661.8 X98.066 Y117.85 E779.49702
G1 F663 X98.213 Y116.67 E779.55071
G1 F658.1 X98.313 Y115.773 E779.59177
G1 F651 X98.513 Y114.453 E779.65315
G1 F664.2 X98.901 Y112.262 E779.75343
G1 F674.2 X99.074 Y111.412 E779.79195
G1 F670.4 X99.312 Y110.438 E779.83672
G1 F681.8 X99.448 Y109.988 E779.85736
G1 X99.604 Y109.401 E779.88402
G1 F676.7 X99.752 Y109.007 E779.90264
G1 F674.2 X100.063 Y108.124 E779.94421
G1 F666.7 X100.44 Y107.279 E779.98576
G1 F721.4 X100.751 Y107.124 E780.00018
G1 F831.4 X100.998 Y107.051 E780.00945
G1 F902.3 X101.514 Y106.961 E780.02683
G1 F918.4 X102.271 Y106.872 E780.05167
G1 F880.2 X103.092 Y106.755 E780.07987
G1 F873.8 X103.889 Y106.659 E780.10737
G1 F923.1 X104.567 Y106.553 E780.12963
G1 F960 X104.958 Y106.439 E780.14233
G1 F967.7 X105.468 Y106.142 E780.16058
G1 F927.8 X105.845 Y105.723 E780.17877
G1 F900 X106.038 Y105.201 E780.19728
G1 X106.057 Y104.643 E780.21585
G1 X105.917 Y104.141 E780.23318
G1 X106.009 Y103.862 E780.24295
G1 X106.261 Y103.796 E780.25162
G1 X107.716 Y103.471 E780.3012
G1 X110.083 Y103.058 E780.38112
G1 X112.676 Y102.673 E780.46831
G1 X113.601 Y102.574 E780.49925
G1 X114.513 Y102.507 E780.52966
G1 F750 X114.925 Y102.531 E780.54614
G1 F629.4 X115.518 Y102.434 E780.57472
G1 F671.6 X115.944 Y102.21 E780.59617
G1 F807.2 X116.428 Y102.184 E780.61414
G1 F900 X118.157 Y102.18 E780.67165
G1 X118.672 Y102.212 E780.68881
G1 X119.087 Y102.284 E780.70282
G1 X119.492 Y102.383 E780.71669
G1 F829.5 X119.88 Y102.526 E780.73161
G1 X120.752 Y102.537 E780.76308
G1 F900 X121.864 Y102.635 E780.80021
G1 X123.185 Y102.791 E780.84445
G1 X124.271 Y102.956 E780.88098
G1 X125.868 Y103.229 E780.93487
G1 X126.935 Y103.432 E780.971
G1 X128.81 Y103.845 E781.03485
G1 X129.205 Y103.997 E781.04893
G1 X129.107 Y104.225 E781.05719
G1 X128.996 Y104.88 E781.07928
G1 X129.083 Y105.316 E781.09407
G1 X129.273 Y105.775 E781.11059
G1 X129.521 Y106.093 E781.124
G1 X129.887 Y106.338 E781.13865
G1 X130.361 Y106.518 E781.15552
G1 X130.929 Y106.617 E781.17469
G1 X131.653 Y106.699 E781.19893
G1 X132.075 Y106.724 E781.21299
G1 X132.404 Y106.758 E781.22399
G1 X132.733 Y106.843 E781.23529
G1 X133.144 Y106.872 E781.249
G1 X134.179 Y106.998 E781.28367
G1 X134.605 Y107.069 E781.29804
G1 X134.81 Y107.317 E781.30874
G1 X135.235 Y108.391 E781.34716
G1 X135.58 Y109.443 E781.38398
G1 X135.893 Y110.588 E781.42346
G1 X136.161 Y111.851 E781.4664
G1 X136.37 Y112.955 E781.50377
G1 X136.505 Y113.821 E781.53292
G1 X136.587 Y114.148 E781.54414
G1 X136.669 Y114.686 E781.56224
G1 X136.761 Y115.557 E781.59137
G1 X137.193 Y118.954 E781.70526
G1 X137.323 Y120.103 E781.74372
G1 X137.477 Y121.662 E781.79583
G1 X137.636 Y123.625 E781.86133
G1 X137.804 Y125.366 E781.91951
G1 X137.924 Y126.876 E781.96989
G1 X138.057 Y128.931 E782.03838
G1 X138.131 Y130.483 E782.09006
G1 X138.228 Y133.196 E782.18035
G1 X138.26 Y135.051 E782.24206
G1 F805.4 X138.167 Y135.62 E782.26349
G1 X138.279 Y136.2 E782.28544
G1 F900 X138.292 Y138.388 E782.35822
G1 X138.288 Y139.41 E782.39221
G1 X138.268 Y139.771 E782.40423
G1 X138.215 Y140.109 E782.41561
G1 X138.117 Y140.518 E782.4296
G1 X137.944 Y140.9 E782.44355
G1 X137.702 Y141.191 E782.45614
G1 X137.337 Y141.451 E782.47104
G1 X136.84 Y141.692 E782.48941
G1 X136.511 Y141.819 E782.50114
G1 X136.168 Y141.934 E782.51318
G1 X135.778 Y142.104 E782.52733
G1 X135.281 Y142.256 E782.54461
G1 X134.827 Y142.41 E782.56056
G1 X134.357 Y142.589 E782.57729
G1 X133.417 Y142.855 E782.60978
G1 X132.425 Y143.153 E782.64423
G1 X132.112 Y143.209 E782.6548
G1 X131.673 Y143.363 E782.67028
G1 X131.109 Y143.484 E782.68946
G1 X130.741 Y143.611 E782.70241
G1 X129.76 Y143.831 E782.73585
G1 X129.249 Y143.931 E782.75317
G1 X128.737 Y144.072 E782.77083
G1 X127.947 Y144.202 E782.79746
G1 X127.103 Y144.378 E782.82614
G1 X126.78 Y144.417 E782.83696
G1 X126.261 Y144.498 E782.85443
G1 X125.597 Y144.623 E782.8769
G1 X125.053 Y144.686 E782.89511
G1 X124.702 Y144.748 E782.90697
G1 X123.978 Y144.825 E782.93119
G1 X123.46 Y144.921 E782.94871
G1 X122.725 Y144.99 E782.97326
G1 X122.289 Y145.004 E782.98777
G1 X121.564 Y145.058 E783.01195
G1 X120.859 Y145.091 E783.03543
G1 X120.521 Y145.096 E783.04667
G1 X119.821 Y145.128 E783.06997
G1 X119.286 Y145.132 E783.08777
G1 X118.714 Y145.156 E783.10681
G1 X117.524 Y145.156 E783.14639
G1 F1500 E776.64639
G0 F9000 X117.69 Y143.086
G0 X117.5 Y142.255
G1 F1500 E783.14639
G1 F705.9 X117.444 Y142.226 E783.14906
G1 F829.5 X117.058 Y142.116 E783.16355
G1 F873.8 X116.932 Y142.166 E783.16819
G1 F900 X116.481 Y142.52 E783.18726
G1 X116.453 Y139.891 E783.27471
G1 F880.2 X116.679 Y139.653 E783.28587
G1 F766 X116.76 Y139.322 E783.29919
G1 X116.875 Y139.64 E783.3124
G1 F878 X117.149 Y140.084 E783.33019
G1 F900 X117.421 Y141.208 E783.36865
G1 X117.577 Y141.7 E783.38582
G1 F851.1 X117.655 Y142.024 E783.39754
G1 F675.4 X117.665 Y142.341 E783.4116
G1 F602 X117.5 Y142.255 E783.42085
G0 F9000 X117.69 Y143.086
G0 X117.679 Y143.344
G0 X117.5 Y143.314
G1 F871.7 X117.551 Y142.81 E783.43825
G1 F692.3 X117.682 Y142.407 E783.45657
G1 X117.892 Y142.776 E783.47493
G1 F867.5 X117.947 Y142.984 E783.48235
G1 F857.1 X117.924 Y143.428 E783.49788
G1 F861.2 X118.136 Y144.019 E783.5197
G1 F886.7 X118.3 Y144.088 E783.52571
G1 F900 X118.658 Y144.088 E783.53761
G1 X119.53 Y144.002 E783.56676
G1 X119.626 Y143.921 E783.57093
G1 X119.905 Y143.51 E783.58746
G1 X120.072 Y142.986 E783.60575
G1 X120.229 Y142.245 E783.63094
G1 X120.723 Y140.181 E783.70153
G1 X120.928 Y139.722 E783.71825
G1 X121.132 Y139.175 E783.73767
G1 X121.094 Y138.813 E783.74977
G1 X120.944 Y138.715 E783.75573
G1 X120.602 Y138.704 E783.76711
G1 X120.047 Y138.717 E783.78558
G1 X119.435 Y138.793 E783.80609
G1 X119.033 Y138.982 E783.82086
G1 F818.2 X118.996 Y139.157 E783.82741
G1 F734.7 X119.087 Y139.675 E783.84884
G1 F703.1 X119.039 Y139.881 E783.85784
G1 F687 X118.779 Y139.929 E783.86936
G1 X118.58 Y139.925 E783.87803
G1 X118.489 Y139.778 E783.88557
G1 F743.8 X118.612 Y139.413 E783.90107
G1 F851.1 X118.466 Y138.946 E783.91828
G1 F897.8 X118.399 Y138.844 E783.92235
G1 F900 X118.321 Y138.805 E783.92525
G1 X117.952 Y138.8 E783.93752
G1 F865.4 X117.157 Y138.84 E783.96505
G1 F800 X116.834 Y139.125 E783.98117
G1 F734.7 X116.761 Y139.251 E783.98711
G1 F740.7 X116.75 Y139.076 E783.99419
G1 F837.2 X116.651 Y138.92 E784.0008
G1 F900 X116.545 Y138.873 E784.00465
G1 X115.957 Y138.801 E784.02436
G1 X115.017 Y138.749 E784.05567
G1 X114.927 Y138.785 E784.05889
G1 X114.634 Y139.078 E784.07268
G1 X114.616 Y139.185 E784.07628
G1 X114.68 Y139.557 E784.08884
G1 X114.845 Y139.924 E784.10222
G1 X114.864 Y140.358 E784.11667
G1 X114.864 Y142.078 E784.17388
G1 X114.851 Y142.437 E784.18583
G1 X114.822 Y142.452 E784.18691
G1 X114.649 Y142.245 E784.19589
G1 X114.197 Y142.072 E784.21198
G1 X113.96 Y142.21 E784.2211
G1 F873.8 X113.81 Y142.639 E784.23667
G1 X113.773 Y142.209 E784.25146
G1 F900 X113.768 Y140.869 E784.29603
G1 X113.781 Y140.028 E784.324
G1 X113.817 Y139.554 E784.33981
G1 X113.975 Y139.146 E784.35437
G1 X113.969 Y139.036 E784.35803
G1 X113.615 Y138.601 E784.37668
G1 X112.557 Y138.494 E784.41205
G1 X112.149 Y138.75 E784.42807
G1 F827.6 X112.084 Y138.759 E784.43045
G1 F621.8 X111.912 Y138.937 E784.44236
G1 X111.779 Y138.652 E784.4575
G1 F827.6 X111.658 Y138.507 E784.46433
G1 F900 X111.367 Y138.341 E784.47548
G1 X110.718 Y138.184 E784.49769
G1 X110.193 Y138.237 E784.51524
G1 X110.07 Y138.303 E784.51988
G1 X110.019 Y138.395 E784.52338
G1 X110.041 Y138.997 E784.54341
G1 X110.195 Y139.306 E784.5549
G1 X110.228 Y139.742 E784.56944
G1 X110.236 Y141.696 E784.63443
G1 X110.228 Y142.107 E784.6481
G1 X110.189 Y142.47 E784.66025
G1 X110.004 Y142.806 E784.673
G1 X110.156 Y143.37 E784.69243
G1 X110.237 Y143.442 E784.69604
G1 X110.65 Y143.547 E784.71021
G1 X111.226 Y143.634 E784.72958
G1 X111.776 Y143.601 E784.74791
G1 F715.7 X112.017 Y143.446 E784.75989
G1 F555.6 X112.055 Y143.344 E784.76576
G1 F660.6 X112.563 Y143.754 E784.79534
G1 F900 X112.9 Y143.789 E784.80661
G1 X113.482 Y143.884 E784.82623
G1 F909.1 X113.638 Y143.836 E784.8316
G1 F923.1 X113.905 Y143.458 E784.84661
G1 F942.4 X113.935 Y143.326 E784.85091
G1 F937.5 X114.063 Y143.8 E784.86658
G1 F913.7 X114.164 Y143.896 E784.87115
G1 F900 X114.539 Y143.943 E784.88372
G1 X116.681 Y144.052 E784.95505
G1 X117.119 Y144.054 E784.96962
G1 F895.5 X117.224 Y144.013 E784.97339
G1 F891.1 X117.47 Y143.61 E784.98925
G1 F882.4 X117.5 Y143.314 E784.99935
G0 F9000 X117.682 Y142.407
G1 F578.8 X117.665 Y142.341 E785.00287
G1 F1500 E778.50287
G0 F9000 X117.778 Y147.041
G0 X120.388 Y147.151
G0 X126.355 Y146.347
G0 X128.74 Y145.901
G0 X133.284 Y144.772
G0 X137.287 Y143.397
G0 X137.949 Y143.081
G0 X138.466 Y142.739
G0 X138.935 Y142.326
G0 X139.317 Y141.876
G0 X139.62 Y141.373
G0 X139.828 Y140.816
G0 X139.882 Y140.11
G0 X139.968 Y136.959
G0 X133.389 Y136.923
G1 F1500 E785.00287
G1 F1493.8 X133.385 Y136.96 E785.00362
G1 F1500 E778.50362
G0 F9000 X129.705 Y138.046
G1 F1500 E785.00362
G1 F1022.7 X129.68 Y137.981 E785.00565
G1 F1500 E778.50565
G0 F9000 X127.797 Y138.579
G1 F1500 E785.00565
G1 F527.9 X127.925 Y138.803 E785.02028
G1 F1500 E778.52028
G0 F9000 X128.019 Y142.599
G1 F1500 E785.02028
G1 F534.1 X127.885 Y142.226 E785.0425
G1 F1500 E778.5425
G0 F9000 X125.889 Y140.968
G0 X125.979 Y141.364
G1 F1500 E785.0425
G1 F560.7 X126.015 Y142.125 E785.08317
G1 F671.6 X125.946 Y142.596 E785.10438
G1 F800 X125.94 Y143.064 E785.12189
G1 F1500 E778.62189
G0 F9000 X123.898 Y143.756
G1 F1500 E785.12189
G1 F900 X124.474 Y143.747 E785.14106
G1 X125.026 Y143.54 E785.16066
G1 F888.9 X125.469 Y143.444 E785.17593
G1 F867.5 X125.842 Y143.192 E785.19146
G1 F829.5 X125.94 Y143.064 E785.19728
G1 F839.2 X126.024 Y143.244 E785.20436
G1 F888.9 X126.489 Y143.34 E785.22035
G1 F900 X127.508 Y143.164 E785.25475
G1 X127.835 Y142.821 E785.27051
G1 F833.3 X127.886 Y142.803 E785.27245
G1 F629.4 X128.019 Y142.599 E785.28403
G1 X128.241 Y142.824 E785.29907
G1 F833.3 X128.4 Y142.932 E785.30597
G1 F900 X128.835 Y142.907 E785.32046
G1 X129.667 Y142.707 E785.34893
G1 X129.794 Y142.611 E785.35422
G1 F884.5 X129.856 Y142.315 E785.36446
G1 F807.2 X129.959 Y142.032 E785.37562
G1 F818.2 X129.74 Y141.593 E785.39357
G1 F900 X129.717 Y141.154 E785.40819
G1 X129.704 Y139.611 E785.45952
G1 F904.5 X129.724 Y138.412 E785.4992
G1 F965.1 X129.705 Y138.046 E785.51057
G1 F967.7 X129.801 Y138.393 E785.5217
G1 F904.5 X129.973 Y138.858 E785.53811
G1 F900 X130.109 Y139.293 E785.55327
G1 X130.241 Y139.832 E785.57173
G1 X130.645 Y141.3 E785.62237
G1 X130.572 Y141.6 E785.63264
G1 F821.9 X130.463 Y141.865 E785.64307
G1 F786 X130.737 Y142.345 E785.66412
G1 F859.2 X130.879 Y142.38 E785.66922
G1 F900 X131.343 Y142.308 E785.68484
G1 X131.853 Y142.155 E785.70254
G1 X132.345 Y141.985 E785.71986
G1 X132.469 Y141.863 E785.72564
G1 X132.602 Y141.399 E785.7417
G1 X132.968 Y139.305 E785.8124
G1 X133.147 Y138.369 E785.8441
G1 X133.281 Y137.794 E785.86373
G1 X133.444 Y137.354 E785.87934
G1 F927.8 X133.445 Y137.232 E785.88328
G1 X133.577 Y137.484 E785.89245
G1 F900 X133.742 Y137.969 E785.90949
G1 X134.085 Y138.877 E785.94178
G1 X134.222 Y139.407 E785.95998
G1 X134.351 Y139.727 E785.97146
G1 X134.433 Y140.004 E785.98107
G1 X134.463 Y140.467 E785.9965
G1 X134.416 Y140.909 E786.01128
G1 X134.445 Y141.013 E786.01487
G1 X134.515 Y141.081 E786.01812
G1 X134.967 Y141.25 E786.03417
G1 X135.422 Y141.116 E786.04995
G1 X136.309 Y140.775 E786.08155
G1 X136.491 Y140.284 E786.09897
G1 X136.583 Y139.75 E786.11699
G1 X136.7 Y139.362 E786.13047
G1 X136.75 Y138.99 E786.14295
G1 X136.904 Y138.266 E786.16757
G1 X137.211 Y136.632 E786.22287
G1 X137.374 Y136.091 E786.24166
G1 F807.2 X137.602 Y135.584 E786.26228
G1 X137.181 Y135.206 E786.28326
G1 F900 X137.031 Y135.146 E786.28864
G1 X136.631 Y135.309 E786.303
G1 X136.126 Y135.496 E786.32091
G1 X135.635 Y135.692 E786.3385
G1 X135.535 Y135.832 E786.34422
G1 F847.1 X135.414 Y136.351 E786.36305
G1 F779.2 X135.421 Y136.491 E786.36844
G1 F746.9 X135.526 Y136.744 E786.37942
G1 F731.7 X135.422 Y136.882 E786.38648
G1 X134.983 Y136.96 E786.40473
G1 F766 X134.968 Y136.293 E786.4308
G1 F849.1 X134.856 Y136.118 E786.43812
G1 F900 X134.754 Y136.084 E786.4417
G1 X134.333 Y136.135 E786.4558
G1 X133.54 Y136.41 E786.48372
G1 X133.478 Y136.466 E786.4865
G1 X133.388 Y136.692 E786.49459
G1 X133.306 Y136.587 E786.49902
G1 X132.828 Y136.631 E786.51499
G1 X132.317 Y136.775 E786.53265
G1 X131.759 Y136.97 E786.5523
G1 F904.5 X131.665 Y137.041 E786.5562
G1 F884.5 X131.533 Y137.562 E786.57439
G1 F831.4 X131.644 Y137.921 E786.58792
G1 F784.3 X131.412 Y139.35 E786.64317
G1 F764.3 X131.155 Y138.473 E786.67897
G1 X131.117 Y138.21 E786.68937
G1 F784.3 X131.201 Y137.889 E786.70204
G1 F859.2 X131.158 Y137.477 E786.71647
G1 F909.1 X131.058 Y137.31 E786.72288
G1 F900 X130.563 Y137.264 E786.73941
G1 X130.061 Y137.373 E786.7565
G1 X129.688 Y137.682 E786.77261
G1 F942.4 X129.644 Y137.897 E786.77958
G1 F1002.8 X129.68 Y137.981 E786.78231
G1 F954.9 X129.484 Y137.632 E786.79485
G1 F897.8 X129.343 Y137.528 E786.8007
G1 F893.3 X128.213 Y137.796 E786.83961
G1 F886.7 X127.895 Y138.312 E786.86008
G1 F807.2 X127.843 Y138.351 E786.86249
G1 F622.8 X127.797 Y138.579 E786.87366
G1 X127.579 Y138.397 E786.88731
G1 F807.2 X127.516 Y138.378 E786.88975
G1 F891.1 X127.164 Y138.037 E786.90622
G1 F900 X127 Y137.995 E786.91185
G1 X126.555 Y138.107 E786.92711
G1 X126.191 Y138.151 E786.9393
G1 X126.113 Y138.207 E786.9425
G1 X125.899 Y138.598 E786.95732
G1 F720 X125.777 Y138.719 E786.96447
G1 F555.6 X125.762 Y138.845 E786.9713
G1 X125.652 Y138.759 E786.97883
G1 F720 X125.438 Y138.692 E786.98815
G1 F900 X125.111 Y138.427 E787.00215
G1 X124.596 Y138.296 E787.01982
G1 X124.022 Y138.344 E787.03898
G1 X123.457 Y138.533 E787.0588
G1 X122.96 Y138.938 E787.08012
G1 X122.682 Y139.348 E787.0966
G1 X122.488 Y139.741 E787.11117
G1 X122.395 Y140.074 E787.12267
G1 X122.326 Y140.525 E787.13785
G1 X122.312 Y141.083 E787.15641
G1 X122.328 Y141.473 E787.1694
G1 X122.364 Y141.863 E787.18242
G1 X122.424 Y142.229 E787.19476
G1 X122.644 Y142.794 E787.21492
G1 X122.913 Y143.176 E787.23046
G1 X123.375 Y143.582 E787.25092
G1 X123.898 Y143.756 E787.26925
G1 F1500 E780.76925
G0 F9000 X123.84 Y142.86
G0 X124.335 Y142.26
G1 F1500 E787.26925
G1 F900 X124.102 Y142.069 E787.27927
G1 X123.977 Y141.77 E787.29005
G1 X123.928 Y141.277 E787.30653
G1 X123.924 Y140.903 E787.31897
G1 X123.974 Y140.24 E787.34108
G1 X124.111 Y139.917 E787.35275
G1 X124.364 Y139.729 E787.36324
G1 X124.609 Y139.788 E787.37162
G1 X124.796 Y140.172 E787.38582
G1 F787.7 X125.311 Y140.661 E787.41281
G1 F669.1 X125.746 Y140.558 E787.43281
G1 F639.4 X125.93 Y140.379 E787.44483
G1 F671.6 X126.057 Y139.92 E787.46605
G1 X126.031 Y140.395 E787.48725
G1 F639.4 X126.031 Y140.85 E787.50855
G1 F586.3 X125.979 Y141.364 E787.53493
G1 X125.699 Y141.127 E787.55366
G1 F666.7 X125.389 Y141.16 E787.56766
G1 F687 X125.224 Y141.163 E787.57485
G1 F737.7 X125.136 Y141.231 E787.57936
G1 F853.1 X124.787 Y141.734 E787.60084
G1 F900 X124.591 Y142.165 E787.61659
G1 X124.335 Y142.26 E787.62567
G1 F1500 E781.12567
G0 F9000 X123.84 Y142.86
G0 X125.058 Y141.024
G0 X126.057 Y139.92
G1 F1500 E787.62567
G1 F705.9 X126.057 Y139.845 E787.62885
G1 F616.4 X125.954 Y139.194 E787.66086
G1 F531 X125.762 Y138.845 E787.68331
G1 F1500 E781.18331
G0 F9000 X125.042 Y135.644
G1 F1500 E787.68331
G1 F900 X125.443 Y135.595 E787.69675
G1 X127.256 Y135.269 E787.75802
G1 X128.203 Y135.085 E787.7901
G1 X128.766 Y134.937 E787.80947
G1 X128.872 Y134.772 E787.81599
G1 X128.857 Y134.44 E787.82704
G1 X128.723 Y134.304 E787.83339
G1 X127.732 Y134.123 E787.8669
G1 X125.683 Y133.806 E787.93586
G1 X125.033 Y133.764 E787.95752
G1 X124.862 Y133.863 E787.9641
G1 X124.691 Y134.428 E787.98373
G1 X124.686 Y134.883 E787.99886
G1 X124.883 Y135.546 E788.02187
G1 X125.042 Y135.644 E788.02808
G1 F1500 E781.52808
G0 F9000 X122.465 Y127.32
G0 X122.597 Y127.797
G1 F1500 E788.02808
G1 F759.5 X122.502 Y127.601 E788.03666
G1 F796.5 X122.241 Y127.387 E788.04935
G1 F793 X121.954 Y127.373 E788.0602
G1 F784.3 X122.353 Y127.051 E788.07977
G1 F775.9 X122.675 Y126.84 E788.09462
G1 F759.5 X122.832 Y126.762 E788.10153
G1 F782.6 X122.667 Y127.256 E788.12145
G1 F772.5 X122.597 Y127.797 E788.14259
G0 F9000 X121.954 Y127.373
G1 F843.1 X121.557 Y127.738 E788.16173
G1 F1500 E781.66173
G0 F9000 X121.025 Y130.519
G1 F1500 E788.16173
G1 F518.7 X121.453 Y130.085 E788.19691
G1 F548.8 X121.858 Y129.549 E788.23355
G1 F571.4 X122.144 Y129.087 E788.26202
G1 F576.9 X122.33 Y128.719 E788.28341
G1 F615.4 X122.439 Y128.402 E788.29972
G1 F664.2 X122.556 Y128.009 E788.3182
G1 F705.9 X122.597 Y127.797 E788.32735
G0 F9000 X122.436 Y127.245
G0 X122.865 Y126.746
G1 F707.3 X122.971 Y126.69 E788.33243
G1 F644 X123.265 Y126.574 E788.34712
G1 F591.1 X123.327 Y126.558 E788.35036
G1 F1500 E781.85036
G0 F9000 X125.994 Y120.413
G1 F1500 E788.35036
G1 F695 X126.322 Y120.188 E788.36749
G1 F580.6 X126.685 Y120.058 E788.38737
G1 F1500 E781.88737
G0 F9000 X127.767 Y118.316
G1 F1500 E788.38737
G1 F1153.8 X127.7 Y117.97 E788.39651
G0 F9000 X127.584 Y117.484
G1 F687 X127.411 Y117.209 E788.41067
G1 X126.939 Y116.788 E788.43823
G1 X126.768 Y116.697 E788.44667
G1 X127.222 Y116.626 E788.46669
G1 X127.447 Y116.465 E788.47874
G1 F645.2 X127.804 Y116.281 E788.49738
G1 X127.651 Y116.76 E788.52071
G1 F687 X127.584 Y117.484 E788.55239
G0 F9000 X127.44 Y116.974
G0 X127.504 Y116.635
G0 X127.847 Y116.198
G1 F547.1 X127.81 Y116.264 E788.55653
G1 F1500 E782.05653
G0 F9000 X127.504 Y116.635
G0 X127.18 Y116.792
G0 X126.189 Y116.517
G1 F1500 E788.55653
G1 F1002.8 X126.194 Y116.519 E788.55669
G1 X126.189 Y116.517 E788.55685
G1 F1011.2 X126.095 Y116.476 E788.55989
G1 F947.4 X125.62 Y116.309 E788.57579
G1 F820 X125.279 Y116.175 E788.58917
G1 F1500 E782.08917
G0 F9000 X123.616 Y117.225
G1 F1500 E788.58917
G1 F1016.9 X123.292 Y117.186 E788.59877
G1 F911.4 X123.03 Y117.166 E788.6074
G1 F1500 E782.1074
G0 F9000 X122.303 Y111.065
G0 X121.535 Y112.505
G1 F1500 E788.6074
G1 F833.3 X121.499 Y112.225 E788.61755
G1 F880.2 X121.363 Y112.116 E788.62347
G1 F873.8 X121.595 Y111.811 E788.6366
G1 F857.1 X121.863 Y111.4 E788.65374
G1 F849.1 X122.199 Y110.822 E788.67731
G1 F820 X122.4 Y110.312 E788.69732
G1 F742.3 X122.426 Y110.142 E788.70425
G1 F739.2 X122.297 Y109.787 E788.71955
G1 X122.549 Y109.861 E788.73018
G1 F674.2 X122.902 Y109.702 E788.74737
G1 F642.9 X123.079 Y109.55 E788.75824
G1 F703.1 X122.881 Y110.356 E788.79357
G1 F818.2 X122.576 Y111.011 E788.82001
G1 F851.1 X122.225 Y111.622 E788.84479
G1 F837.2 X121.876 Y112.131 E788.86686
G1 F807.2 X121.535 Y112.505 E788.88563
G1 F786 X121.495 Y112.559 E788.88819
G1 F1500 E782.38819
G0 F9000 X122.637 Y110.337
G0 X122.448 Y110.787
G0 X120.043 Y113.833
G1 F1500 E788.88819
G1 F711.5 X119.71 Y114.014 E788.90413
G1 F1500 E782.40413
G0 F9000 X113.263 Y106.467
G1 F1500 E788.90413
G1 F1025.6 X112.983 Y106.016 E788.91962
G1 F1114.6 X112.91 Y105.923 E788.9228
G0 F9000 X112.042 Y106.386
G1 F710.1 X111.95 Y106.666 E788.93523
G1 F766 X111.826 Y107.188 E788.95619
G1 F782.6 X111.703 Y107.912 E788.98428
G1 F786 X111.687 Y108.354 E789.00113
G1 F803.6 X111.744 Y108.889 E789.02117
G1 F805.4 X111.852 Y109.405 E789.04076
G0 F9000 X112.798 Y109.49
G1 F1037.5 X112.933 Y109.237 E789.04904
G1 F1046.5 X113.072 Y109.01 E789.05665
G1 F1040.5 X113.252 Y108.746 E789.06584
G1 F1500 E782.56584
G0 F9000 X112.538 Y108.236
G0 X115.153 Y109.436
G1 F1500 E789.06584
G1 F900 X115.002 Y109.235 E789.0742
G1 X114.53 Y109.077 E789.09076
G1 X114.009 Y108.838 E789.10982
G1 F911.4 X113.442 Y108.684 E789.12912
G1 F947.4 X113.272 Y108.731 E789.13469
G1 F932.6 X113.384 Y108.366 E789.14695
G1 F900 X113.408 Y107.308 E789.18215
G1 X113.404 Y106.842 E789.19765
G1 F918.4 X113.263 Y106.467 E789.21071
G1 X113.484 Y106.519 E789.21811
G1 F900 X113.844 Y106.364 E789.23114
G1 X114.134 Y106.198 E789.24226
G1 X114.602 Y105.975 E789.2595
G1 X114.982 Y105.817 E789.27319
G1 X115.216 Y105.57 E789.2845
G1 X115.217 Y105.708 E789.28909
G1 X115.391 Y106.042 E789.30162
G1 X115.565 Y106.294 E789.3118
G1 X115.902 Y106.831 E789.33289
G1 X116.23 Y107.275 E789.35125
G1 X115.937 Y107.57 E789.36508
G1 X115.762 Y107.857 E789.37626
G1 X115.587 Y108.178 E789.38842
G1 X115.401 Y108.473 E789.40002
G1 X115.111 Y109.125 E789.42375
G1 X115.153 Y109.436 E789.43419
G0 F9000 X115.522 Y110.161
G1 F1084.3 X115.669 Y110.421 E789.44244
G1 F1500 E782.94244
G0 F9000 X115.607 Y114.112
G1 F1500 E789.44244
G1 F678 X115.233 Y113.98 E789.45995
G1 F1500 E782.95995
G0 F9000 X113.475 Y112.153
G1 F1500 E789.45995
G1 F543.8 X113.16 Y111.796 E789.48615
G0 F9000 X113.163 Y111.809
G1 F849.1 X112.777 Y111.565 E789.50225
G1 F1008.4 X112.503 Y111.136 E789.51737
G1 F960 X112.285 Y110.716 E789.53212
G1 F906.8 X112.146 Y110.416 E789.54303
G1 F857.1 X111.979 Y109.93 E789.56098
G1 F821.9 X111.857 Y109.424 E789.57994
G1 X112.164 Y109.845 E789.59891
G1 F845.1 X112.311 Y109.935 E789.60502
G1 F882.4 X112.462 Y109.912 E789.6102
G1 F962.6 X112.798 Y109.49 E789.62698
G1 F920.7 X112.512 Y109.994 E789.64582
G1 F845.1 X112.493 Y110.117 E789.65023
G1 F886.7 X112.609 Y110.513 E789.66416
G1 F952.4 X112.763 Y110.838 E789.67546
G1 F1008.4 X113.056 Y111.367 E789.69341
G1 F849.1 X113.163 Y111.809 E789.70944
G1 F1500 E783.20944
G0 F9000 X104.866 Y116.475
G1 F1500 E789.70944
G1 F1040.5 X104.805 Y116.865 E789.7208
G1 F1016.9 X104.773 Y117.164 E789.72965
G1 F1000 X104.752 Y117.681 E789.74514
G1 F937.5 X104.754 Y118.036 E789.75648
G1 F875.9 X104.783 Y118.604 E789.77591
G1 F833.3 X104.834 Y119.118 E789.79447
G1 F814.5 X104.9 Y119.523 E789.80955
G1 F791.2 X105.012 Y119.945 E789.82607
G1 F767.6 X105.223 Y120.641 E789.85443
G1 F761.1 X105.59 Y121.5 E789.89117
G1 F753.1 X105.742 Y121.805 E789.90471
G1 F722.9 X105.905 Y122.104 E789.91881
G1 F1500 E783.41881
G0 F9000 X106.214 Y122.942
G0 X105.576 Y123.743
G1 F1500 E789.91881
G1 F942.4 X105.595 Y123.809 E789.92099
G1 F825.7 X105.965 Y124.54 E789.9507
G1 F1500 E783.4507
G0 F9000 X113.82 Y123.374
G1 F1500 E789.9507
G1 F597 X113.641 Y123.104 E789.96694
G1 F1500 E783.46694
G0 F9000 X113.13 Y122.485
G0 X112.232 Y122.771
G0 X109.84 Y123.271
G0 X110.612 Y123.366
G1 F1500 E789.96694
G1 F900 X110.705 Y123.311 E789.97053
G1 X110.927 Y123.013 E789.98289
G1 X110.877 Y122.831 E789.98917
G1 X110.161 Y122.022 E790.0251
G1 X109.892 Y121.653 E790.04029
G1 X109.551 Y121.079 E790.0625
G1 X109.308 Y120.603 E790.08027
G1 X109.09 Y120.094 E790.09869
G1 X108.846 Y119.441 E790.12188
G1 F801.8 X108.811 Y119.19 E790.13134
G1 F661.8 X108.799 Y118.895 E790.14469
G1 F622.8 X108.738 Y118.422 E790.16761
G1 F656.9 X108.693 Y117.844 E790.19403
G1 F699 X108.669 Y117.243 E790.21979
G1 F725.8 X108.674 Y116.638 E790.24474
G1 F714.3 X108.718 Y116.071 E790.26857
G1 F684.4 X108.777 Y115.6 E790.28933
G1 F671.6 X108.887 Y115.122 E790.31119
G1 F667.9 X109.054 Y114.642 E790.33397
G1 F642.9 X109.302 Y113.994 E790.36628
G1 F687 X109.338 Y113.744 E790.37728
G1 F829.5 X109.263 Y113.509 E790.38619
G1 F900 X108.932 Y113.334 E790.39864
G1 X108.744 Y113.366 E790.40498
G1 X108.492 Y113.691 E790.41866
G1 X108.106 Y114.31 E790.44292
G1 X107.91 Y114.695 E790.45729
G1 X107.942 Y114.37 E790.46815
G1 X108.052 Y113.625 E790.4932
G1 X107.962 Y113.488 E790.49865
G1 X107.659 Y113.361 E790.50958
G1 X107.53 Y113.373 E790.51389
G1 X107.323 Y113.605 E790.52423
G1 X107.091 Y114.037 E790.54054
G1 F841.1 X106.703 Y114.999 E790.57746
G1 F692.3 X106.594 Y115.209 E790.58769
G1 F618.6 X106.558 Y115.393 E790.59676
G1 F734.7 X106.581 Y115.968 E790.62021
G1 F900 X106.54 Y116.529 E790.63892
G1 X106.536 Y117.094 E790.65771
G1 X106.586 Y117.718 E790.67853
G1 F728.7 X106.529 Y118.108 E790.69472
G1 F619.6 X106.609 Y118.447 E790.71155
G1 F646.3 X106.766 Y119.032 E790.7396
G1 F676.7 X106.94 Y119.527 E790.76281
G1 F697.7 X107.163 Y120.074 E790.78815
G1 F727.3 X107.422 Y120.547 E790.81035
G1 F748.4 X107.713 Y121.005 E790.83205
G1 F746.9 X108.051 Y121.487 E790.85565
G1 F737.7 X108.394 Y121.91 E790.87774
G1 F714.3 X108.771 Y122.305 E790.90063
G1 F681.8 X109.133 Y122.628 E790.92193
G1 F638.3 X109.443 Y122.875 E790.94052
G1 F731.7 X109.997 Y123.119 E790.96528
G1 F900 X110.056 Y123.157 E790.96761
G1 X110.475 Y123.354 E790.98301
G1 X110.612 Y123.366 E790.98759
G1 F1500 E784.48759
G0 F9000 X109.767 Y123.239
G0 X111.474 Y127.442
G1 F1500 E790.98759
G1 F534.9 X111.493 Y127.472 E790.98958
G1 F1500 E784.48958
G0 F9000 X113.881 Y126.963
G1 F1500 E790.98958
G1 F900 X113.389 Y126.952 E791.00594
G1 X112.958 Y126.783 E791.02134
G1 X112.704 Y126.5 E791.03399
G1 X112.589 Y126.218 E791.04412
G1 X112.6 Y125.769 E791.05906
G1 X112.707 Y125.285 E791.07554
G1 X112.912 Y124.849 E791.09157
G1 X113.186 Y124.42 E791.1085
G1 X113.504 Y124.046 E791.12483
G1 X113.626 Y123.791 E791.13423
G1 F835.3 X113.756 Y123.573 E791.14332
G1 F684.4 X113.82 Y123.374 E791.15247
G1 X114.013 Y123.552 E791.16395
G1 F835.3 X114.792 Y124.459 E791.2068
G1 F900 X115.257 Y124.933 E791.22888
G1 X115.656 Y125.255 E791.24594
G1 X115.75 Y125.546 E791.25611
G1 X115.533 Y125.832 E791.26805
G1 X115.164 Y126.24 E791.28635
G1 X114.954 Y126.439 E791.29597
G1 X114.536 Y126.759 E791.31348
G1 X114.261 Y126.884 E791.32352
G1 X113.881 Y126.963 E791.33643
G1 F1500 E784.83643
G0 F9000 X115.37 Y129.52
G1 F1500 E791.33643
G1 F697.7 X115.418 Y129.492 E791.33882
G0 F9000 X115.004 Y128.283
G1 F549.6 X115.207 Y128.197 E791.35082
G1 F560.7 X115.658 Y127.959 E791.37805
G1 F549.6 X115.814 Y127.865 E791.38797
G1 F1500 E784.88797
G0 F9000 X117.22 Y129.505
G0 X117.5 Y128.259
G1 F1500 E791.38797
G1 F900 X116.895 Y128.796 E791.41487
G1 X116.064 Y129.262 E791.44656
G1 F782.6 X115.418 Y129.492 E791.47279
G1 X115.804 Y129.04 E791.49552
G1 F900 X116.356 Y128.443 E791.52257
G1 X116.312 Y128.238 E791.52954
G1 F793 X116.011 Y127.909 E791.54637
G1 F613.3 X115.814 Y127.865 E791.55623
G1 F633.8 X115.968 Y127.633 E791.56938
G1 F825.7 X116.14 Y127.426 E791.57913
G1 F900 X116.32 Y127.259 E791.5873
G1 X116.744 Y126.795 E791.60821
G1 X117.003 Y126.484 E791.62167
G1 X117.207 Y126.158 E791.63446
G1 X117.817 Y126.563 E791.65881
G1 X118.24 Y126.8 E791.67494
G1 X118.716 Y126.998 E791.69209
G1 X118.382 Y127.366 E791.70862
G1 X117.558 Y128.207 E791.74778
G1 X117.5 Y128.259 E791.75037
G1 F1500 E785.25037
G0 F9000 X118.023 Y128.861
G0 X117.227 Y129.537
G1 F1500 E791.75037
G0 F9000 X119.368 Y128.58
G1 F957.4 X119.089 Y128.979 E791.76559
G1 F782.6 X118.777 Y129.365 E791.78457
G1 F696.3 X118.398 Y129.752 E791.80786
G1 F658.1 X118.162 Y129.975 E791.82263
G1 F628.3 X117.734 Y130.314 E791.84864
G1 F621.8 X117.393 Y130.535 E791.8682
G1 F620.7 X117.169 Y130.649 E791.88032
G1 F629.4 X116.43 Y130.954 E791.91835
G1 F639.4 X116.201 Y131.024 E791.92956
G0 F9000 X116.251 Y131.879
G1 F537.3 X116.336 Y131.895 E791.93438
G1 F1500 E785.43438
G0 F9000 X117.387 Y133.08
G0 X118.1 Y134.441
G1 F1500 E791.93438
G1 F688.3 X118.125 Y135.003 E791.95884
G1 F660.6 X118.079 Y135.619 E791.98683
G0 F9000 X117.5 Y136.426
G1 F853.1 X117.721 Y136.213 E791.99761
G1 F707.3 X118.079 Y135.619 E792.02696
G1 F648.6 X118.172 Y136.349 E792.06092
G1 F743.8 X117.986 Y136.574 E792.07267
G1 F821.9 X117.886 Y137.207 E792.09601
G1 F873.8 X117.937 Y137.331 E792.1006
G1 F900 X118.321 Y137.545 E792.11522
G1 X118.938 Y137.588 E792.13579
G1 X119.277 Y137.58 E792.14707
G1 X119.891 Y137.514 E792.16761
G1 X120.163 Y137.187 E792.18176
G1 F867.5 X120.217 Y137.008 E792.18821
G1 F845.1 X119.997 Y136.551 E792.20618
G1 F855.1 X119.902 Y136.236 E792.21769
G1 X119.899 Y135.821 E792.23222
G1 X120.31 Y136.259 E792.25325
G1 F845.1 X120.535 Y136.653 E792.26932
G1 F837.2 X120.402 Y137.018 E792.28321
G1 F867.5 X120.441 Y137.228 E792.29058
G1 F900 X120.904 Y137.512 E792.30864
G1 X121.783 Y137.516 E792.33788
G1 X122.119 Y137.492 E792.34908
G1 X122.538 Y137.421 E792.36322
G1 X122.655 Y137.262 E792.36978
G1 X122.652 Y136.649 E792.39017
G1 X122.605 Y136.554 E792.3937
G1 X122.266 Y136.315 E792.40749
G1 X121.928 Y136.008 E792.42268
G1 X121.528 Y135.588 E792.44197
G1 X121.318 Y135.323 E792.45322
G1 X121.301 Y135.132 E792.4596
G1 X121.455 Y134.881 E792.46939
G1 X121.731 Y134.374 E792.48859
G1 X121.968 Y134.035 E792.50235
G1 X122.135 Y133.73 E792.51391
G1 X122.404 Y133.347 E792.52948
G1 X122.808 Y132.91 E792.54927
G1 X122.877 Y132.356 E792.56784
G1 X122.82 Y132.229 E792.57247
G1 X122.437 Y132.016 E792.58705
G1 X120.659 Y132.02 E792.64618
G1 X120.511 Y132.086 E792.65157
G1 X120.461 Y132.198 E792.65565
G1 F957.4 X120.469 Y132.792 E792.67423
G1 F909.1 X120.526 Y133.1 E792.68454
G1 F818.2 X120.337 Y133.403 E792.69761
G1 F816.3 X119.966 Y134.053 E792.72505
G1 X119.916 Y133.889 E792.73134
G1 X119.912 Y133.516 E792.74502
G1 X119.933 Y133.216 E792.75604
G1 F837.2 X120.147 Y132.879 E792.77032
G1 F878 X120.078 Y132.207 E792.79335
G1 F900 X120.022 Y132.098 E792.79742
G1 X119.899 Y132.04 E792.80195
G1 X119.396 Y131.992 E792.81875
G1 F913.7 X118.354 Y131.995 E792.85289
G1 F925.4 X117.938 Y132.192 E792.86778
G1 F911.4 X117.876 Y132.359 E792.87363
G1 F855.1 X117.91 Y132.927 E792.89355
G1 F762.7 X118.098 Y133.329 E792.91096
G1 F710.1 X118.128 Y133.724 E792.92766
G1 F692.3 X118.101 Y134.422 E792.95787
G1 F697.7 X117.874 Y133.865 E792.98367
G1 F708.7 X117.568 Y133.427 E793.00624
G1 F756.3 X117.423 Y133.346 E793.01282
G1 F855.1 X117.037 Y133.087 E793.02909
G1 F900 X116.431 Y132.84 E793.05086
G1 F839.2 X116.584 Y132.461 E793.06543
G1 F705.9 X116.357 Y131.887 E793.09161
G1 F717.1 X116.642 Y131.776 E793.10438
G1 F853.1 X116.917 Y131.746 E793.11408
G1 F900 X117.733 Y131.719 E793.14124
G1 F923.1 X118.209 Y131.65 E793.15684
G1 F927.8 X118.548 Y131.556 E793.16819
G1 F906.8 X118.941 Y131.467 E793.18149
G1 F900 X119.417 Y131.283 E793.19846
G1 X119.953 Y131.034 E793.21812
G1 X120.471 Y130.736 E793.23799
G1 F651 X121.025 Y130.519 E793.26535
G1 F542.2 X121.013 Y130.625 E793.27124
G1 F704.5 X121.14 Y130.852 E793.2823
G1 F900 X121.304 Y131.069 E793.29134
G1 X121.481 Y131.156 E793.2979
G1 X121.922 Y130.992 E793.31355
G1 X122.556 Y130.63 E793.33783
G1 X123.029 Y130.219 E793.35867
G1 X123.421 Y129.746 E793.37911
G1 X123.641 Y129.374 E793.39348
G1 X123.867 Y128.895 E793.4111
G1 X123.92 Y128.368 E793.42871
G1 X123.92 Y127.936 E793.44308
G1 X123.897 Y127.567 E793.45538
G1 X123.79 Y127.09 E793.47164
G1 X123.604 Y126.751 E793.4845
G1 F794.7 X123.344 Y126.545 E793.49699
G1 X123.766 Y126.205 E793.51741
G1 F900 X124.043 Y126.057 E793.52785
G1 X124.622 Y125.699 E793.55049
G1 X125.084 Y125.357 E793.56961
G1 X125.436 Y125.044 E793.58528
G1 X125.699 Y124.706 E793.59952
G1 X125.865 Y124.208 E793.61698
G1 X125.929 Y123.413 E793.64351
G1 X126.818 Y122.68 E793.68183
G1 X127.171 Y122.432 E793.69618
G1 X127.539 Y122.146 E793.71168
G1 X128.638 Y121.385 E793.75614
G1 X129.105 Y120.972 E793.77688
G1 X129.285 Y120.455 E793.79509
G1 X129.226 Y120.327 E793.79977
G1 F878 X129.061 Y120.246 E793.80604
G1 F873.8 X128.667 Y120.275 E793.81958
G1 F895.5 X128.242 Y120.264 E793.83379
G1 F900 X127.914 Y120.229 E793.84476
G1 X127.278 Y120.2 E793.86593
G1 F766 X126.675 Y120.068 E793.89006
G1 F645.2 X126.798 Y119.946 E793.89809
G1 F739.2 X127.247 Y119.7 E793.91883
G1 F900 X127.753 Y119.392 E793.93853
G1 X127.889 Y118.905 E793.95535
G1 F1046.5 X127.767 Y118.316 E793.97255
G1 X127.949 Y118.866 E793.98912
G1 F900 X128.295 Y119.354 E794.00902
G1 F895.5 X128.813 Y119.787 E794.03159
G1 F873.8 X128.943 Y119.834 E794.03632
G1 F878 X129.105 Y119.736 E794.04278
G1 F900 X129.23 Y119.393 E794.05492
G1 X129.244 Y118.827 E794.07375
G1 X129.207 Y118.226 E794.09378
G1 X129.118 Y117.706 E794.11132
G1 X128.98 Y117.251 E794.12714
G1 X128.508 Y116.395 E794.15965
G1 X128.194 Y116.168 E794.17254
G1 F681.8 X127.847 Y116.198 E794.18783
G1 X127.923 Y115.718 E794.20916
G1 F900 X128.068 Y115.116 E794.22976
G1 X128.048 Y114.623 E794.24617
G1 X127.94 Y114.147 E794.26241
G1 X127.74 Y113.613 E794.28137
G1 X127.473 Y113.088 E794.30096
G1 X127.182 Y112.806 E794.31444
G1 X127.038 Y112.779 E794.31931
G1 X126.776 Y112.878 E794.32863
G1 X126.676 Y113.039 E794.33493
G1 X126.643 Y113.478 E794.34957
G1 X126.421 Y113.153 E794.36266
G1 X126.069 Y112.765 E794.38009
G1 X125.646 Y112.364 E794.39947
G1 X125.236 Y112.072 E794.41622
G1 X124.879 Y111.874 E794.42979
G1 X124.742 Y111.856 E794.43439
G1 X124.464 Y112.069 E794.44604
G1 X124.436 Y112.155 E794.44905
G1 X124.499 Y112.715 E794.46779
G1 X124.473 Y113.212 E794.48434
G1 X124.328 Y113.624 E794.49887
G1 X124.009 Y113.985 E794.51489
G1 X123.589 Y114.28 E794.53196
G1 X123.081 Y114.503 E794.55042
G1 X123.012 Y114.609 E794.55462
G1 X122.99 Y114.949 E794.56595
G1 X123.106 Y115.065 E794.57141
G1 X123.483 Y115.22 E794.58497
G1 X123.777 Y115.387 E794.59621
G1 X124.88 Y115.932 E794.63713
G1 F825.7 X125.279 Y116.175 E794.65407
G1 X124.79 Y116.089 E794.67207
G1 F900 X124.206 Y116.028 E794.6916
G1 X123.705 Y116.064 E794.70831
G1 X123.392 Y116.134 E794.71897
G1 X123.06 Y116.222 E794.7304
G1 X122.749 Y116.331 E794.74136
G1 X122.449 Y116.499 E794.75279
G1 X122.38 Y116.625 E794.75757
G1 X122.439 Y116.951 E794.76859
G1 F893.3 X122.522 Y117.056 E794.77308
G1 F880.2 X123.03 Y117.166 E794.79075
G1 F882.4 X122.823 Y117.21 E794.79793
G1 F895.5 X122.672 Y117.328 E794.80434
G1 F900 X122.65 Y117.68 E794.81607
G1 X122.71 Y117.794 E794.82035
G1 X122.909 Y117.889 E794.82769
G1 X122.683 Y117.85 E794.83532
G1 X122.554 Y117.871 E794.83966
G1 X122.47 Y117.955 E794.84361
G1 X122.364 Y118.233 E794.85351
G1 X122.441 Y118.46 E794.86148
G1 X122.117 Y118.329 E794.87311
G1 X121.767 Y118.111 E794.88682
G1 X121.576 Y118.142 E794.89326
G1 X121.506 Y118.247 E794.89745
G1 X121.394 Y118.655 E794.91153
G1 X121.547 Y119.455 E794.93862
G1 X121.763 Y119.96 E794.95688
G1 X121.506 Y119.972 E794.96544
G1 X121.172 Y120.004 E794.9766
G1 X120.749 Y120.12 E794.99119
G1 X120.413 Y120.171 E795.00249
G1 X120.037 Y120.294 E795.01565
G1 X119.422 Y120.549 E795.03779
G1 X119.078 Y120.741 E795.0509
G1 X118.67 Y121.054 E795.068
G1 X118.926 Y120.694 E795.08269
G1 X119.129 Y120.454 E795.09315
G1 X119.248 Y120.23 E795.10158
G1 X119.241 Y120.038 E795.10797
G1 X119.04 Y119.808 E795.11813
G1 X118.911 Y119.764 E795.12267
G1 X118.558 Y119.887 E795.1351
G1 X118.123 Y120.167 E795.15231
G1 X117.705 Y120.547 E795.1711
G1 X117.368 Y121.015 E795.19028
G1 X117.212 Y121.299 E795.20105
G1 X117.002 Y121.822 E795.2198
G1 X116.919 Y122.362 E795.23797
G1 X116.872 Y122.231 E795.2426
G1 X116.817 Y121.718 E795.25976
G1 X116.816 Y121.074 E795.28118
G1 X116.866 Y120.558 E795.29842
G1 X116.975 Y120.118 E795.3135
G1 X117.158 Y119.665 E795.32975
G1 X117.41 Y119.187 E795.34772
G1 X117.595 Y118.864 E795.3601
G1 X117.898 Y118.477 E795.37645
G1 X118.256 Y118.076 E795.39433
G1 X118.983 Y117.392 E795.42753
G1 X119.339 Y117.145 E795.44194
G1 X119.765 Y116.79 E795.46038
G1 X120.009 Y116.551 E795.47174
G1 X120.363 Y116.128 E795.49009
G1 X120.607 Y115.763 E795.50469
G1 X120.824 Y115.346 E795.52033
G1 X120.889 Y114.957 E795.53344
G1 X120.828 Y114.824 E795.53831
G1 X120.577 Y114.676 E795.548
G1 X120.36 Y114.694 E795.55524
G1 X120.532 Y114.246 E795.57121
G1 F891.1 X120.503 Y114.085 E795.5767
G1 F869.6 X120.278 Y113.882 E795.58713
G1 F791.2 X120.043 Y113.833 E795.59622
G1 F807.2 X120.646 Y113.414 E795.62345
G1 F900 X120.923 Y113.21 E795.63489
G1 X121.164 Y112.951 E795.64665
G1 F895.5 X121.267 Y112.818 E795.65228
G1 F833.3 X121.495 Y112.559 E795.66467
G1 X121.553 Y112.802 E795.67365
G1 F895.5 X121.754 Y113.014 E795.68341
G1 F900 X121.896 Y113.076 E795.68857
G1 X122.004 Y113.048 E795.69228
G1 X122.67 Y112.544 E795.72006
G1 X123.085 Y112.198 E795.73803
G1 X123.528 Y111.775 E795.7584
G1 X123.82 Y111.435 E795.77331
G1 X124.175 Y110.868 E795.79556
G1 X124.373 Y110.476 E795.81016
G1 X124.528 Y109.967 E795.82786
G1 X124.667 Y109.351 E795.84886
G1 X124.696 Y108.896 E795.86403
G1 X124.652 Y108.346 E795.88238
G1 X124.535 Y107.797 E795.90105
G1 X124.344 Y107.249 E795.92035
G1 X124.043 Y106.578 E795.94481
G1 X123.789 Y106.105 E795.96267
G1 X123.61 Y105.839 E795.97333
G1 X123.517 Y105.765 E795.97728
G1 F891.1 X123.405 Y105.748 E795.98109
G1 F878 X123.02 Y105.937 E795.99571
G1 F663 X122.866 Y106.187 E796.00897
G1 F671.6 X122.533 Y105.81 E796.03139
G1 F900 X122.235 Y105.722 E796.04172
G1 X122.322 Y105.536 E796.04855
G1 X122.321 Y105.446 E796.05154
G1 X122.08 Y105.004 E796.06829
G1 X121.739 Y104.535 E796.08757
G1 X121.375 Y104.143 E796.10537
G1 X120.983 Y103.787 E796.12298
G1 X120.532 Y103.451 E796.14168
G1 F829.5 X119.82 Y103.032 E796.1715
G1 X119.479 Y103.169 E796.18476
G1 F909.1 X119.228 Y103.233 E796.19329
G1 F927.8 X118.868 Y103.685 E796.21193
G1 F967.7 X118.837 Y103.805 E796.21576
G1 F1016.9 X118.862 Y103.888 E796.21832
G1 F967.7 X118.709 Y103.71 E796.22558
G1 F904.5 X118.257 Y103.616 E796.24086
G1 F900 X117.218 Y103.608 E796.27541
G1 X116.479 Y103.647 E796.30003
G1 X116.216 Y103.867 E796.31143
G1 X116.216 Y103.7 E796.31699
G1 X115.989 Y103.337 E796.33123
G1 X115.723 Y103.138 E796.34227
G1 F733.2 X115.589 Y103.009 E796.34987
G1 F629.4 X115.047 Y103.076 E796.37584
G1 F750 X114.744 Y103.302 E796.39093
G1 F900 X114.382 Y103.517 E796.40493
G1 X113.958 Y103.841 E796.42268
G1 X113.501 Y104.251 E796.4431
G1 X113.114 Y104.662 E796.46188
G1 X112.782 Y105.153 E796.48159
G1 X112.672 Y105.525 E796.49449
G1 F909.1 X112.707 Y105.64 E796.49845
G1 F1000 X112.91 Y105.923 E796.50888
G1 F1046.5 X112.808 Y105.781 E796.51388
G1 F957.4 X112.67 Y105.704 E796.51882
G1 F909.1 X112.568 Y105.728 E796.52227
G1 F900 X112.235 Y106.029 E796.5372
G1 F772.5 X112.042 Y106.386 E796.55293
G1 F762.7 X111.917 Y106.166 E796.56286
G1 F878 X111.537 Y106.004 E796.57694
G1 F893.3 X111.402 Y106.057 E796.5818
G1 F900 X111.232 Y106.313 E796.59202
G1 X111.007 Y106.786 E796.60944
G1 X110.836 Y107.316 E796.62796
G1 X110.728 Y107.804 E796.64459
G1 X110.692 Y108.294 E796.66093
G1 X110.696 Y108.866 E796.67995
G1 X110.736 Y109.447 E796.69932
G1 X110.812 Y109.959 E796.71654
G1 X110.94 Y110.375 E796.73102
G1 X111.161 Y110.867 E796.74896
G1 X111.438 Y111.352 E796.76753
G1 X111.745 Y111.812 E796.78593
G1 X112.08 Y112.2 E796.80298
G1 X112.472 Y112.56 E796.82068
G1 X112.99 Y112.971 E796.84267
G1 X113.328 Y113.205 E796.85634
G1 X112.836 Y113.444 E796.87454
G1 X112.374 Y113.759 E796.89313
G1 X111.919 Y114.149 E796.91307
G1 X111.504 Y114.581 E796.93299
G1 X111.133 Y115.035 E796.95249
G1 X110.913 Y115.395 E796.96652
G1 X110.691 Y115.795 E796.98174
G1 X110.789 Y115.104 E797.00495
G1 X110.897 Y114.619 E797.02148
G1 X111.038 Y114.202 E797.03612
G1 X111.354 Y113.512 E797.06136
G1 X111.37 Y113.394 E797.06532
G1 X111.308 Y113.28 E797.06964
G1 X110.994 Y113.065 E797.08229
G1 X110.811 Y113.118 E797.08863
G1 X110.438 Y113.504 E797.10648
G1 F829.5 X109.995 Y114.064 E797.13225
G1 F687 X109.82 Y114.247 E797.14328
G1 F640.6 X109.57 Y114.807 E797.17194
G1 F666.7 X109.411 Y115.239 E797.19261
G1 F671.6 X109.302 Y115.705 E797.21394
G1 F692.3 X109.2 Y116.317 E797.24077
G1 F728.7 X109.15 Y116.865 E797.26337
G1 F727.3 X109.178 Y117.431 E797.2867
G1 F679.2 X109.274 Y118.211 E797.32133
G1 F629.4 X109.391 Y118.84 E797.35176
G1 F725.8 X109.611 Y119.159 E797.36774
G1 F900 X109.764 Y119.574 E797.38245
G1 X110.008 Y120.066 E797.40072
G1 X110.302 Y120.576 E797.4203
G1 X110.652 Y121.096 E797.44115
G1 X111.092 Y121.604 E797.4635
G1 X111.61 Y122.094 E797.48721
G1 X112.123 Y122.519 E797.50937
G1 F759.5 X112.35 Y122.607 E797.51897
G1 F625 X112.72 Y122.32 E797.54139
G1 F649.8 X112.7 Y122.126 E797.55038
G1 F796.5 X112.497 Y121.854 E797.56313
G1 F900 X112.278 Y121.468 E797.5779
G1 X112.122 Y121.129 E797.59031
G1 X111.954 Y120.635 E797.60766
G1 X111.851 Y120.299 E797.61935
G1 X111.772 Y119.895 E797.63304
G1 X111.751 Y119.538 E797.64494
G1 F725.8 X111.829 Y119.127 E797.66219
G1 F644 X111.803 Y118.406 E797.69572
G1 F683.1 X111.867 Y117.902 E797.71799
G1 X112.003 Y117.44 E797.73909
G1 X112.167 Y117.048 E797.75771
G1 X112.307 Y116.768 E797.77143
G1 X112.27 Y117.124 E797.78711
G1 X112.258 Y117.686 E797.81175
G1 F666.7 X112.362 Y118.719 E797.85836
G1 F629.4 X112.413 Y119.062 E797.87486
G1 F725.8 X112.598 Y119.393 E797.8905
G1 F900 X112.64 Y119.534 E797.89539
G1 X112.786 Y119.824 E797.90619
G1 X112.928 Y119.902 E797.91158
G1 X113.268 Y119.836 E797.9231
G1 X113.381 Y119.707 E797.9288
G1 X113.435 Y119.14 E797.94774
G1 X113.506 Y118.631 E797.96484
G1 X113.607 Y118.148 E797.98125
G1 X113.743 Y117.674 E797.99765
G1 X113.914 Y117.191 E798.01469
G1 X114.146 Y116.661 E798.03393
G1 X114.384 Y116.181 E798.05175
G1 X114.578 Y115.862 E798.06417
G1 X114.874 Y115.481 E798.08022
G1 X115.286 Y115.017 E798.10086
G1 X115.687 Y114.477 E798.12323
G1 F829.5 X115.717 Y114.227 E798.13231
G1 F725.8 X115.607 Y114.112 E798.13888
G1 F779.2 X116.343 Y114.264 E798.16775
G1 F900 X116.883 Y114.308 E798.18577
G1 X117.037 Y114.255 E798.19119
G1 X117.094 Y114.159 E798.1949
G1 X117.148 Y113.835 E798.20582
G1 X117.093 Y113.647 E798.21234
G1 X116.786 Y113.561 E798.22294
G1 X116.478 Y113.374 E798.23493
G1 X116.09 Y113.075 E798.25122
G1 X115.823 Y112.829 E798.26329
G1 X115.415 Y112.636 E798.27831
G1 X115.757 Y112.523 E798.29029
G1 X116.047 Y112.054 E798.30863
G1 X116.248 Y111.644 E798.32381
G1 X116.219 Y111.392 E798.33225
G1 X116.472 Y111.624 E798.34367
G1 X116.609 Y111.676 E798.34854
G1 X118.381 Y111.672 E798.40748
G1 X118.688 Y111.521 E798.41886
G1 X118.771 Y111.904 E798.43189
G1 X119.169 Y112.552 E798.45719
G1 X119.436 Y112.681 E798.46705
G1 X119.217 Y112.75 E798.47468
G1 X118.768 Y113.127 E798.49418
G1 X118.33 Y113.416 E798.51164
G1 X117.728 Y113.694 E798.53369
G1 X117.664 Y113.86 E798.53961
G1 X117.75 Y114.239 E798.55254
G1 X117.89 Y114.318 E798.55788
G1 X118.462 Y114.292 E798.57693
G1 X118.896 Y114.238 E798.59147
G1 X119.284 Y114.113 E798.60503
G1 F782.6 X119.71 Y114.014 E798.62176
G1 F756.3 X119.502 Y114.221 E798.63337
G1 F865.4 X119.113 Y114.583 E798.65175
G1 F900 X118.208 Y115.512 E798.69489
G1 X117.595 Y116.158 E798.72451
G1 X117.25 Y116.547 E798.7418
G1 X116.88 Y117.001 E798.76128
G1 X116.669 Y117.355 E798.77499
G1 X116.476 Y117.655 E798.78686
G1 X116.214 Y118.15 E798.80548
G1 X115.95 Y118.719 E798.82635
G1 X115.822 Y119.086 E798.83927
G1 X115.809 Y118.541 E798.85741
G1 X115.832 Y117.988 E798.87581
G1 X115.908 Y117.177 E798.90291
G1 X115.87 Y117.074 E798.90656
G1 X115.779 Y117.004 E798.91038
G1 X115.409 Y116.905 E798.92312
G1 X115.266 Y117.027 E798.92937
G1 X114.97 Y117.595 E798.95067
G1 X114.719 Y118.212 E798.97283
G1 X114.622 Y118.633 E798.9872
G1 X114.517 Y118.995 E798.99973
G1 X114.48 Y119.493 E799.01634
G1 X114.472 Y119.811 E799.02692
G1 F810.8 X114.483 Y121.015 E799.07137
G1 F746.9 X114.587 Y121.314 E799.08406
G1 F757.9 X114.66 Y121.658 E799.09795
G1 X114.858 Y122.174 E799.11978
G1 X115.116 Y122.697 E799.14281
G1 X114.948 Y122.545 E799.15176
G1 X114.657 Y122.204 E799.16947
G1 X114.366 Y121.798 E799.1892
G1 X114.115 Y121.38 E799.20845
G1 F746.9 X114.031 Y121.194 E799.21663
G1 F810.8 X113.752 Y120.718 E799.237
G1 F900 X113.656 Y120.641 E799.24109
G1 X113.536 Y120.633 E799.24509
G1 X113.237 Y120.711 E799.25537
G1 X113.121 Y120.819 E799.26064
G1 X113.136 Y121.271 E799.27569
G1 F796.5 X113.194 Y122.019 E799.30388
G1 F649.8 X113.263 Y122.338 E799.31892
G1 F596 X113.367 Y122.574 E799.33187
G1 F590.2 X113.641 Y123.104 E799.36213
G1 X113.425 Y122.84 E799.37943
G1 F596 X113.244 Y122.73 E799.39007
G1 F610.2 X113.104 Y122.742 E799.39696
G1 F640.6 X112.612 Y123.084 E799.42497
G1 F681.8 X112.585 Y123.131 E799.42734
G1 F793 X111.989 Y123.844 E799.46243
G1 F900 X111.787 Y124.116 E799.47369
G1 X111.48 Y124.624 E799.49344
G1 X111.317 Y125.044 E799.50842
G1 X111.213 Y125.369 E799.51977
G1 X111.18 Y125.941 E799.53883
G1 F895.5 X111.21 Y126.591 E799.56058
G1 F891.1 X111.394 Y127.043 E799.57697
G1 F762.7 X111.471 Y127.429 E799.59242
G1 X111.107 Y127.278 E799.60789
G1 F893.3 X110.868 Y127.048 E799.619
G1 F900 X110.423 Y126.664 E799.63855
G1 X109.499 Y125.941 E799.67757
G1 X109.2 Y125.73 E799.68974
G1 F800 X108.825 Y125.403 E799.70836
G1 F740.7 X108.531 Y125.238 E799.72198
G1 F814.5 X107.871 Y124.779 E799.75153
G1 F869.6 X107.532 Y124.529 E799.76603
G1 F865.4 X107.056 Y124.145 E799.78719
G1 F841.1 X106.665 Y123.809 E799.80553
G1 F786 X106.248 Y123.411 E799.82749
G1 F714.3 X106.052 Y123.274 E799.83751
G1 F737.7 X105.816 Y123.334 E799.84739
G1 F837.2 X105.612 Y123.546 E799.85791
G1 F916 X105.576 Y123.743 E799.86445
G1 F900 X105.507 Y123.462 E799.87408
G1 F833.3 X105.425 Y122.925 E799.89359
G1 F818.2 X105.691 Y122.93 E799.90332
G1 F737.7 X105.95 Y122.87 E799.91411
G1 F678 X106.006 Y122.7 E799.92201
G1 F689.7 X105.905 Y122.104 E799.94825
G1 X106.174 Y122.603 E799.97286
G1 F678 X106.373 Y122.874 E799.9877
G1 F739.2 X106.902 Y123.427 E800.01869
G1 F841.1 X107.333 Y123.839 E800.03991
G1 F871.7 X108.132 Y124.461 E800.07468
G1 F825.7 X108.683 Y124.791 E800.09797
G1 F750 X109.049 Y124.958 E800.11402
G1 F800 X109.572 Y125.108 E800.13438
G1 F900 X109.896 Y125.18 E800.14542
G1 X110.179 Y125.173 E800.15484
G1 X110.261 Y125.101 E800.15847
G1 X110.38 Y124.819 E800.16865
G1 X110.358 Y124.667 E800.17375
G1 X109.866 Y124.23 E800.19564
G1 X109.431 Y123.815 E800.21564
G1 F731.7 X109.078 Y123.325 E800.24034
G1 F622.8 X108.973 Y123.229 E800.24718
G1 F666.7 X108.22 Y122.466 E800.29531
G1 F718.6 X107.915 Y122.105 E800.315
G1 F734.7 X107.455 Y121.486 E800.34642
G1 F745.3 X107.024 Y120.817 E800.37839
G1 F717.1 X106.626 Y120.159 E800.41048
G1 F679.2 X106.341 Y119.434 E800.44482
G1 F659.3 X106.166 Y118.955 E800.46797
G1 F627.2 X105.957 Y118.238 E800.50361
G1 F664.2 X105.759 Y117.896 E800.52142
G1 F805.4 X105.686 Y117.531 E800.53526
G1 F900 X105.518 Y116.461 E800.57128
G1 X105.472 Y116.36 E800.57497
G1 F909.1 X105.379 Y116.29 E800.57881
G1 F930.2 X105.029 Y116.305 E800.59008
G1 F983.6 X104.891 Y116.392 E800.59504
G1 F1055.7 X104.866 Y116.475 E800.5975
G1 F980.9 X105.054 Y115.909 E800.6157
G1 F900 X105.201 Y115.543 E800.62882
G1 X105.353 Y115.229 E800.64042
G1 X105.697 Y115.343 E800.65248
G1 F734.7 X105.998 Y115.243 E800.6654
G1 F618.6 X106.016 Y115.147 E800.67013
G1 F692.3 X105.955 Y114.874 E800.68222
G1 F841.1 X105.932 Y114.422 E800.69833
G1 F900 X105.952 Y112.35 E800.76725
G1 X105.952 Y108.404 E800.89849
G1 X105.932 Y107.14 E800.94054
G1 X105.905 Y106.616 E800.95799
G1 X105.848 Y106.508 E800.96205
G1 F923.1 X105.673 Y106.464 E800.9679
G1 F952.4 X105.044 Y106.807 E800.99042
G1 X104.776 Y106.891 E800.99925
G1 F927.8 X104.388 Y106.984 E801.01212
G1 F878 X103.158 Y107.173 E801.05454
G1 F884.5 X101.597 Y107.342 E801.10768
G1 F882.4 X101.025 Y107.461 E801.1275
G1 F746.9 X100.876 Y107.623 E801.13632
G1 F672.9 X100.746 Y107.876 E801.14898
G1 F674.2 X100.566 Y108.317 E801.17013
G1 F670.4 X100.077 Y109.666 E801.2342
G1 F671.6 X99.832 Y110.566 E801.27577
G1 F670.4 X99.599 Y111.524 E801.31979
G1 F674.2 X99.425 Y112.339 E801.3568
G1 F664.2 X99.063 Y114.492 E801.45519
G1 F654.5 X98.914 Y115.444 E801.49926
G1 F663 X98.456 Y119.2 E801.6701
G1 F665.4 X98.386 Y119.885 E801.70107
G1 F654.5 X98.07 Y123.492 E801.86666
G1 F652.2 X97.8 Y127.198 E802.03721
G1 F659.3 X97.712 Y128.768 E802.1086
G1 F654.5 X97.599 Y131.65 E802.24051
G1 F700.4 X97.53 Y133.82 E802.3333
G1 F825.7 X97.954 Y134.096 E802.35164
G1 F837.2 X100.131 Y135 E802.43592
G1 F775.9 X100.835 Y135.247 E802.46471
G1 F829.5 X101.31 Y135.373 E802.48244
G1 F900 X101.919 Y135.581 E802.50384
G1 F779.2 X102.419 Y135.798 E802.52478
G1 F715.7 X104.083 Y136.328 E802.59782
G1 F714.3 X104.36 Y136.439 E802.61033
G1 F659.3 X104.433 Y136.477 E802.61407
G1 F669.1 X104.743 Y136.527 E802.62811
G1 F731.7 X105.099 Y136.607 E802.64304
G1 F740.7 X105.644 Y136.695 E802.66535
G1 F801.8 X105.819 Y136.597 E802.67284
G1 F900 X105.875 Y136.51 E802.67628
G1 X105.916 Y136.136 E802.68879
G1 X105.93 Y135.522 E802.70922
G1 F823.8 X105.972 Y134.824 E802.73463
G1 F759.5 X105.977 Y134.446 E802.74953
G1 F823.8 X105.946 Y133.638 E802.77891
G1 F888.9 X105.954 Y124.873 E803.07408
G1 F841.1 X105.975 Y124.554 E803.08546
G1 F853.1 X106.216 Y124.873 E803.09949
G1 F900 X106.358 Y125.085 E803.10797
G1 X106.67 Y125.457 E803.12412
G1 X107.072 Y125.896 E803.14392
G1 X107.499 Y126.315 E803.16382
G1 X107.901 Y126.641 E803.18103
G1 X108.34 Y126.969 E803.19926
G1 F855.1 X108.872 Y127.316 E803.22149
G1 F818.2 X109.137 Y127.473 E803.23276
G1 F807.2 X109.677 Y127.717 E803.25474
G1 F782.6 X110.721 Y128.076 E803.29696
G1 F800 X111.186 Y128.031 E803.31444
G1 F865.4 X111.276 Y127.952 E803.31859
G1 F769.2 X111.517 Y127.483 E803.33911
G1 F737.7 X111.797 Y127.616 E803.35168
G1 F857.1 X111.988 Y127.775 E803.36036
G1 F900 X112.424 Y128.067 E803.37782
G1 X112.991 Y128.322 E803.39849
G1 F871.7 X113.455 Y128.418 E803.41477
G1 F861.2 X113.72 Y128.402 E803.42399
G1 F923.1 X114.033 Y128.369 E803.4342
G1 F1002.8 X114.598 Y128.252 E803.45142
G1 F962.6 X114.647 Y128.269 E803.45304
G1 F791.2 X115.026 Y128.284 E803.46739
G1 F833.3 X114.659 Y128.61 E803.48502
G1 F1008.4 X114.248 Y128.691 E803.49745
G1 F937.5 X113.752 Y128.81 E803.51374
G1 F861.2 X113.444 Y128.839 E803.52449
G1 X113.23 Y128.874 E803.53203
G1 F886.7 X112.909 Y128.896 E803.54289
G1 F900 X112.349 Y128.896 E803.56152
G1 X111.747 Y128.845 E803.58161
G1 X111.299 Y128.761 E803.59677
G1 F895.5 X111.021 Y128.679 E803.60646
G1 F816.3 X110.678 Y128.542 E803.62
G1 F761.1 X110.55 Y128.511 E803.62518
G1 F775.9 X109.638 Y128.194 E803.66244
G1 F793 X109.132 Y127.965 E803.6834
G1 F809 X108.677 Y127.71 E803.7027
G1 F855.1 X108.453 Y127.775 E803.71087
G1 F900 X108.238 Y128.063 E803.72282
G1 X108.222 Y128.183 E803.72685
G1 X108.28 Y128.292 E803.73095
G1 X108.776 Y128.772 E803.75391
G1 X109.604 Y129.499 E803.79056
G1 X110.085 Y129.837 E803.81011
G1 X110.5 Y130.101 E803.82647
G1 X111.071 Y130.416 E803.84816
G1 X111.605 Y130.659 E803.86768
G1 X112.269 Y130.908 E803.89126
G1 X112.864 Y131.039 E803.91153
G1 X113.422 Y131.193 E803.93078
G1 X114.015 Y131.22 E803.95052
G1 X114.998 Y131.212 E803.98322
G1 X115.56 Y131.135 E804.00208
G1 X115.724 Y131.084 E804.0078
G1 F812.6 X116.215 Y131.007 E804.0261
G1 F717.1 X116.128 Y131.109 E804.0317
G1 F782.6 X116.123 Y131.321 E804.03981
G1 F900 X116.175 Y131.601 E804.04928
G1 F670.4 X116.251 Y131.879 E804.06215
G1 X115.831 Y132.007 E804.08176
G1 F900 X114.816 Y131.988 E804.11552
G1 X114.238 Y132.026 E804.13479
G1 X114.132 Y132.161 E804.1405
G1 X114.064 Y132.597 E804.15517
G1 X114.134 Y132.854 E804.16403
G1 X113.763 Y132.959 E804.17686
G1 X113.262 Y133.234 E804.19587
G1 X112.827 Y133.651 E804.21591
G1 X112.566 Y134.073 E804.23241
G1 X112.465 Y134.614 E804.25072
G1 X112.462 Y135.247 E804.27177
G1 X112.555 Y135.764 E804.28924
G1 X112.823 Y136.244 E804.30753
G1 X113.243 Y136.641 E804.32675
G1 X113.726 Y136.88 E804.34467
G1 X114.17 Y136.974 E804.35977
G1 X114.092 Y137.547 E804.379
G1 X114.123 Y137.637 E804.38217
G1 X114.248 Y137.724 E804.38723
G1 X114.613 Y137.752 E804.39941
G1 X115.695 Y137.796 E804.43542
G1 X116.327 Y137.727 E804.45657
G1 X116.48 Y137.625 E804.46269
G1 X116.498 Y137.479 E804.46758
G1 X116.335 Y136.991 E804.48469
G1 X116.905 Y136.836 E804.50434
G1 F891.1 X117.399 Y136.523 E804.52398
G1 F869.6 X117.5 Y136.426 E804.5288
G1 F1500 E798.0288
G0 F9000 X117.818 Y136.642
G0 X122.866 Y106.187
G1 F1500 E804.5288
G1 F551.3 X123.048 Y106.709 E804.55882
G1 F566.9 X123.131 Y107.039 E804.57679
G1 F586.3 X123.213 Y107.527 E804.60205
G1 F636 X123.254 Y107.927 E804.62098
G1 F653.4 X123.252 Y108.499 E804.64718
G1 F621.8 X123.157 Y109.168 E804.67971
G1 F592.1 X123.068 Y109.566 E804.70033
G0 F9000 X122.262 Y109.743
G1 F960 X121.761 Y108.834 E804.7327
G1 F1500 E798.2327
G0 F9000 X122.375 Y108.345
G0 X119.381 Y110.341
G1 F1500 E804.7327
G1 F1097.6 X119.536 Y110.044 E804.74183
G1 F1285.7 X119.575 Y109.9 E804.74531
G0 F9000 X119.862 Y109.429
G1 F900 X119.879 Y109.262 E804.75089
G1 X119.691 Y108.686 E804.77104
G1 X119.364 Y108.151 E804.7919
G1 X119.188 Y107.795 E804.8051
G1 X118.898 Y107.394 E804.82156
G1 X118.787 Y107.317 E804.82606
G1 X118.635 Y107.287 E804.83121
G1 X118.9 Y107.177 E804.84075
G1 X119.234 Y106.556 E804.86421
G1 X119.786 Y105.809 E804.8951
G1 X119.791 Y105.68 E804.89939
G1 F983.6 X119.627 Y105.269 E804.91286
G1 X119.876 Y105.697 E804.92793
G1 F900 X120.421 Y105.943 E804.94782
G1 X121.483 Y106.546 E804.98844
G1 X121.642 Y106.492 E804.99402
G1 X121.545 Y106.7 E805.00165
G1 X121.497 Y107.117 E805.01562
G1 F904.5 X121.488 Y108.22 E805.05212
G1 F909.1 X121.581 Y108.566 E805.06392
G1 F975.6 X121.761 Y108.834 E805.07382
G1 X121.491 Y108.665 E805.08359
G1 F906.8 X121.377 Y108.677 E805.08738
G1 F900 X120.622 Y109.017 E805.11492
G1 X120.094 Y109.198 E805.13348
G1 X119.862 Y109.429 E805.14437
G1 F1500 E798.64437
G0 F9000 X119.627 Y105.269
G1 F1500 E805.14437
G1 F1100.9 X119.588 Y105.203 E805.14646
G0 F9000 X118.968 Y104.075
G1 F1058.8 X118.862 Y103.888 E805.15253
G1 F1500 E798.65253
G0 F9000 X106.657 Y114.577
G0 X106.344 Y114.843
;TYPE:SKIN
G1 F1500 E805.15253
G1 F900 X106.288 Y114.413 E805.16696
G1 X106.31 Y112.556 E805.22873
G1 X106.312 Y108.4 E805.36695
G1 X106.293 Y107.14 E805.40887
G1 X106.255 Y106.527 E805.42929
G1 X106.112 Y106.269 E805.43911
G1 X105.912 Y106.18 E805.44639
G1 X106.148 Y105.928 E805.45787
G1 X106.383 Y105.315 E805.4797
G1 X106.417 Y104.597 E805.50361
G1 X106.297 Y104.16 E805.51869
G1 X107.772 Y103.824 E805.569
G1 X110.044 Y103.422 E805.64574
G1 X112.707 Y103.032 E805.73526
G1 X113.602 Y102.936 E805.7652
G1 X114.528 Y102.867 E805.79608
G1 X114.654 Y102.895 E805.80037
G1 X114.558 Y102.993 E805.80494
G1 X114.222 Y103.191 E805.81791
G1 X113.723 Y103.564 E805.83863
G1 X113.269 Y103.976 E805.85902
G1 X112.831 Y104.437 E805.88017
G1 X112.457 Y104.975 E805.90196
G1 X112.32 Y105.457 E805.91863
G1 X112.05 Y105.7 E805.93071
G1 X111.773 Y105.623 E805.94027
G1 X111.677 Y105.672 E805.94386
G1 X111.593 Y105.652 E805.94673
G1 X111.345 Y105.686 E805.95506
G1 X111.111 Y105.81 E805.96386
G1 X110.903 Y106.162 E805.97746
G1 X110.662 Y106.675 E805.99631
G1 X110.485 Y107.222 E806.01544
G1 X110.364 Y107.781 E806.03446
G1 X110.332 Y108.267 E806.05066
G1 X110.336 Y108.894 E806.07151
G1 X110.376 Y109.467 E806.09062
G1 X110.462 Y110.047 E806.11012
G1 X110.592 Y110.475 E806.125
G1 X110.837 Y111.023 E806.14496
G1 X111.121 Y111.527 E806.1642
G1 X111.441 Y112.007 E806.18339
G1 F878 X111.609 Y112.221 E806.19267
G1 F769.2 X111.764 Y112.472 E806.20415
G1 F708.7 X112.015 Y112.698 E806.21841
G1 F679.2 X112.203 Y112.908 E806.23083
G1 F645.2 X112.494 Y113.141 E806.24813
G1 X112.105 Y113.41 E806.27007
G1 X111.754 Y113.703 E806.29129
G1 X111.801 Y113.4 E806.30552
G1 X111.779 Y113.25 E806.31255
G1 F669.1 X111.681 Y113.078 E806.32141
G1 F737.7 X111.38 Y112.815 E806.33762
G1 F841.1 X111.008 Y112.716 E806.35132
G1 F900 X110.747 Y112.745 E806.36006
G1 X110.579 Y112.838 E806.36644
G1 X110.178 Y113.252 E806.38561
G1 X109.788 Y113.748 E806.4066
G1 X109.715 Y113.799 E806.40956
G1 X109.692 Y113.611 E806.41586
G1 X109.516 Y113.232 E806.42976
G1 X109.047 Y112.989 E806.44733
G1 X108.751 Y112.977 E806.45718
G1 X108.486 Y113.103 E806.46694
G1 X108.293 Y113.353 E806.47745
G1 X108.166 Y113.183 E806.4845
G1 X107.747 Y113.013 E806.49954
G1 X107.403 Y113.03 E806.511
G1 X107.097 Y113.257 E806.52367
G1 X106.771 Y113.861 E806.5465
G1 X106.536 Y114.451 E806.56762
G1 X106.344 Y114.843 E806.58214
G1 F1500 E800.08214
G0 F9000 X106.187 Y114.95
G0 X106.657 Y114.577
G0 X118.644 Y103.241
G1 F1500 E806.58214
G1 F642.9 X118.279 Y103.179 E806.59938
G1 F649.8 X117.19 Y103.172 E806.64955
G1 F646.3 X116.432 Y103.203 E806.68468
G1 F637.2 X116.31 Y103.025 E806.69482
G1 F632.7 X115.939 Y102.743 E806.71687
G1 X116.061 Y102.647 E806.72421
G1 X116.447 Y102.628 E806.7425
G1 F639.4 X118.11 Y102.618 E806.82035
G1 F640.6 X118.616 Y102.65 E806.84404
G1 F634.9 X119.004 Y102.718 E806.86261
G1 X119.243 Y102.775 E806.8742
G1 X118.963 Y102.854 E806.88791
G1 X118.644 Y103.241 E806.91156
G1 F1500 E800.41156
G0 F9000 X113.594 Y103.412
G1 F1500 E806.91156
G1 F900 X113.347 Y103.165 E806.92318
G0 F9000 X112.836 Y103.219
G1 F900 X113.298 Y103.681 E806.94491
G0 F9000 X113.01 Y103.959
G1 F900 X112.339 Y103.289 E806.97645
G0 F9000 X111.847 Y103.361
G1 F900 X112.735 Y104.25 E807.01824
G0 F9000 X112.495 Y104.575
G1 F900 X111.353 Y103.433 E807.07196
G0 F9000 X110.86 Y103.506
G1 F900 X112.271 Y104.917 E807.13833
G0 F9000 X112.139 Y105.35
G1 F900 X110.367 Y103.579 E807.22165
G0 F9000 X109.878 Y103.655
G1 F900 X111.66 Y105.437 E807.30547
G0 F9000 X111.197 Y105.541
G1 F900 X109.397 Y103.74 E807.39016
G0 F9000 X108.916 Y103.825
G1 F900 X110.888 Y105.797 E807.48292
G0 F9000 X110.684 Y106.159
G1 F900 X108.436 Y103.911 E807.58866
G0 F9000 X107.955 Y103.996
G1 F900 X110.503 Y106.543 E807.70848
G0 F9000 X110.36 Y106.965
G1 F900 X107.489 Y104.095 E807.8435
G0 F9000 X107.028 Y104.199
G1 F900 X110.239 Y107.411 E807.99456
G0 F9000 X110.158 Y107.895
G1 F900 X106.567 Y104.304 E808.16347
G0 F9000 X106.604 Y104.907
G1 F900 X110.133 Y108.436 E808.32946
G0 F9000 X110.145 Y109.013
G1 F900 X106.555 Y105.423 E808.49833
G0 F9000 X106.396 Y105.831
G1 F900 X110.198 Y109.633 E808.67716
G0 F9000 X110.345 Y110.345
G1 F900 X106.434 Y106.434 E808.86112
G0 F9000 X106.487 Y107.053
G1 F900 X110.804 Y111.37 E809.06418
G0 F9000 X110.832 Y112.529
G1 F900 X106.509 Y108.206 E809.26752
G0 F9000 X106.511 Y108.774
G1 F900 X110.437 Y112.699 E809.45217
G0 F9000 X110.157 Y112.986
G1 F900 X106.511 Y109.34 E809.62366
G0 F9000 X106.511 Y109.905
G1 F900 X109.896 Y113.291 E809.78291
G0 F9000 X109.536 Y113.781
G0 X108.808 Y112.768
G1 F900 X106.511 Y110.471 E809.89095
G0 F9000 X106.51 Y111.036
G1 F900 X108.392 Y112.917 E809.97945
G0 F9000 X107.729 Y112.82
G1 F900 X106.509 Y111.601 E810.03681
G0 F9000 X106.509 Y112.166
G1 F900 X107.238 Y112.895 E810.0711
G0 F9000 X106.927 Y113.15
G1 F900 X106.507 Y112.73 E810.09086
G0 F9000 X106.501 Y113.289
G1 F900 X106.729 Y113.518 E810.10161
G1 F1500 E803.60161
G0 F9000 X107.272 Y113.391
G0 X111.507 Y112.639
G1 F1500 E810.10161
G1 F900 X106.5 Y107.632 E810.33712
G1 F1500 E803.83712
G0 F9000 X108.099 Y138.587
G1 F1500 E810.33712
G1 F1065.1 X108.078 Y138.623 E810.33829
G1 X108.015 Y138.587 E810.34033
G1 X108.036 Y138.551 E810.3415
G1 X108.099 Y138.587 E810.34354
G1 F1500 E803.84354
G0 F9000 X117.5 Y120.241
G1 F1500 E810.34354
G1 F900 X117.434 Y120.299 E810.34646
G1 X117.226 Y120.592 E810.35841
G1 X117.318 Y120.235 E810.37068
G1 X117.486 Y119.812 E810.38581
G1 X117.722 Y119.365 E810.40263
G1 X117.895 Y119.064 E810.41417
G1 X118.166 Y118.713 E810.42892
G1 X118.515 Y118.324 E810.4463
G1 X119.211 Y117.672 E810.47802
G1 X119.564 Y117.424 E810.49237
G1 X120.009 Y117.055 E810.5116
G1 X120.249 Y116.819 E810.52279
G1 X120.65 Y116.341 E810.54355
G1 X120.923 Y115.936 E810.55979
G1 X121.169 Y115.456 E810.57773
G1 X121.261 Y114.868 E810.59753
G1 X121.075 Y114.546 E810.60989
G1 X120.845 Y114.42 E810.61862
G1 X120.884 Y114.287 E810.62323
G1 X120.834 Y113.938 E810.63495
G1 X120.708 Y113.808 E810.64097
G1 X121.16 Y113.481 E810.65953
G1 X121.253 Y113.385 E810.66397
G1 X121.355 Y113.428 E810.66766
G1 X121.575 Y113.338 E810.67556
G1 X121.757 Y113.419 E810.68219
G1 X122.095 Y113.42 E810.69343
G1 X122.877 Y112.836 E810.72589
G1 X123.312 Y112.474 E810.74471
G1 F891.1 X123.767 Y112.047 E810.76568
G1 F841.1 X123.828 Y112.016 E810.76811
G1 F693.6 X124.069 Y111.84 E810.78099
G1 F722.9 X124.074 Y112.162 E810.79433
G1 F891.1 X124.135 Y112.722 E810.81325
G1 F900 X124.113 Y113.136 E810.82704
G1 X124.008 Y113.437 E810.83764
G1 X123.765 Y113.714 E810.8499
G1 X123.408 Y113.965 E810.86441
G1 X122.851 Y114.217 E810.88474
G1 X122.648 Y114.525 E810.89701
G1 X122.632 Y114.968 E810.91176
G1 X122.812 Y115.332 E810.92526
G1 X123.313 Y115.538 E810.94328
G1 X123.625 Y115.714 E810.95519
G1 X123.314 Y115.779 E810.96576
G1 X122.976 Y115.87 E810.9774
G1 X122.626 Y115.991 E810.98972
G1 X122.205 Y116.217 E811.00561
G1 X122.003 Y116.566 E811.01903
G1 X122.086 Y117.052 E811.03542
G1 X122.214 Y117.254 E811.04338
G1 X122.315 Y117.324 E811.04747
G1 X122.292 Y117.629 E811.05764
G1 X122.167 Y117.759 E811.06364
G1 X122.106 Y117.894 E811.06856
G1 X121.895 Y117.764 E811.07681
G1 X121.5 Y117.766 E811.08995
G1 X121.2 Y117.996 E811.10252
G1 X121.023 Y118.648 E811.12499
G1 X121.208 Y119.619 E811.15787
G1 X120.673 Y119.764 E811.1763
G1 X120.319 Y119.822 E811.18823
G1 X119.906 Y119.953 E811.20264
G1 X119.578 Y120.091 E811.21448
G1 X119.544 Y119.845 E811.22274
G1 X119.269 Y119.511 E811.23713
G1 X118.891 Y119.392 E811.25031
G1 X118.44 Y119.542 E811.26612
G1 X117.932 Y119.859 E811.28603
G1 X117.5 Y120.241 E811.30521
G1 F1500 E804.80521
G0 F9000 X124.138 Y111.759
G1 F1500 E811.30521
G1 F610.2 X124.069 Y111.84 E811.31043
G1 F1500 E804.81043
G0 F9000 X128.818 Y120.062
G0 X129.472 Y120.036
G1 F1500 E811.31043
G1 F975.6 X129.342 Y119.983 E811.31474
G0 F9000 X128.818 Y120.062
G0 X128.12 Y119.762
G1 F569.6 X128.081 Y119.83 E811.31886
G1 X128.002 Y119.83 E811.32301
G1 X127.962 Y119.762 E811.32716
G1 X128.001 Y119.694 E811.33128
G1 X128.08 Y119.694 E811.33543
G1 X128.12 Y119.762 E811.33957
G1 F1500 E804.83957
G0 F9000 X128.766 Y120.039
G0 X125.001 Y136.002
G1 F1500 E811.33957
G1 F900 X125.487 Y135.951 E811.35583
G1 X127.32 Y135.621 E811.41777
G1 X128.262 Y135.441 E811.44967
G1 X128.901 Y135.276 E811.47162
G1 X129.062 Y135.163 E811.47816
G1 X129.231 Y134.881 E811.4891
G1 X129.219 Y134.366 E811.50623
G1 X129.102 Y134.15 E811.5144
G1 X128.872 Y133.971 E811.5241
G1 X127.861 Y133.779 E811.55832
G1 X125.699 Y133.446 E811.63108
G1 X124.945 Y133.397 E811.65621
G1 X124.634 Y133.567 E811.668
G1 X124.515 Y133.749 E811.67523
G1 X124.332 Y134.373 E811.69686
G1 X124.328 Y134.93 E811.71539
G1 X124.529 Y135.642 E811.73999
G1 X124.723 Y135.891 E811.75049
G1 X125.001 Y136.002 E811.76045
G1 F1500 E805.26045
G0 F9000 X121.547 Y131.588
G1 F1500 E811.76045
G1 F665.4 X121.501 Y131.589 E811.76252
G0 F9000 X120.165 Y131.926
G0 X120.249 Y131.815
G1 F833.3 X119.97 Y131.668 E811.77385
G1 X119.569 Y131.629 E811.78832
G1 F803.6 X120.775 Y131.047 E811.8382
G1 F737.7 X121.002 Y131.35 E811.85356
G1 F695 X121.45 Y131.591 E811.87547
G1 F710.1 X120.663 Y131.616 E811.90867
G1 F775.9 X120.414 Y131.7 E811.91881
G1 F827.6 X120.249 Y131.815 E811.92608
G1 F1500 E805.42608
G0 F9000 X120.165 Y131.926
G0 X114.171 Y131.63
G1 F1500 E811.92608
G1 F753.1 X114.768 Y131.601 E811.94984
G1 F786 X114.998 Y131.602 E811.9586
G1 F693.6 X115.709 Y131.553 E811.98935
G1 F1500 E805.48935
G0 F9000 X116.008 Y138.282
G1 F1500 E811.98935
G1 F514.3 X115.719 Y138.288 E812.00618
G1 F537.3 X114.966 Y138.256 E812.04817
G0 F9000 X114.295 Y139.162
G1 F1100.9 X114.294 Y139.214 E812.04958
G1 F1500 E805.54958
G0 F9000 X114.511 Y141.814
G1 F1500 E812.04958
G1 F930.2 X114.281 Y141.73 E812.05746
G1 X114.125 Y141.765 E812.06261
G1 F942.4 X114.124 Y140.073 E812.11635
G1 F957.4 X114.161 Y139.628 E812.13031
G1 F1022.7 X114.294 Y139.214 E812.14304
G1 X114.335 Y139.611 E812.15472
G1 F960 X114.498 Y140.003 E812.16796
G1 F947.4 X114.512 Y140.357 E812.17915
G1 F932.6 X114.511 Y141.814 E812.22591
G1 F1500 E805.72591
G0 F9000 X117.539 Y144.767
G1 F1500 E812.22591
G1 F833.3 X117.5 Y144.769 E812.22732
G1 F895.5 X117.272 Y144.784 E812.23495
G1 F913.7 X116.876 Y144.794 E812.24793
G1 F909.1 X115.35 Y144.747 E812.2982
G1 F882.4 X114.044 Y144.668 E812.34259
G1 F829.5 X113.812 Y144.633 E812.35106
G1 F845.1 X113.478 Y144.634 E812.36289
G1 F891.1 X113.016 Y144.589 E812.37848
G1 F888.9 X112.419 Y144.501 E812.3988
G1 F814.5 X112.021 Y144.407 E812.41383
G1 F786 X111.738 Y144.404 E812.42461
G1 F882.4 X111.156 Y144.365 E812.4444
G1 F923.1 X110.411 Y144.262 E812.46879
G1 F916 X109.995 Y144.158 E812.4828
G1 F909.1 X109.595 Y144.106 E812.49608
G1 F900 X108.936 Y143.989 E812.51835
G1 F748.4 X108.204 Y143.777 E812.54883
G1 F642.9 X107.422 Y143.66 E812.58564
G1 F751.6 X107.025 Y143.631 E812.6015
G1 F900 X106.476 Y143.528 E812.62008
G1 X105.936 Y143.392 E812.6386
G1 F957.4 X105.516 Y143.325 E812.65189
G1 F1002.8 X104.19 Y143.001 E812.69264
G1 F909.1 X103.892 Y142.872 E812.70333
G1 F897.8 X103.67 Y142.847 E812.71078
G1 F967.7 X103.3 Y142.768 E812.72249
G1 F1008.4 X102.937 Y142.663 E812.7337
G1 F1014.1 X102.401 Y142.529 E812.75001
G1 F949.9 X101.426 Y142.214 E812.7823
G1 F937.5 X100.867 Y142.06 E812.80082
G1 F942.4 X100.523 Y141.938 E812.81241
G1 F983.6 X100.207 Y141.861 E812.82231
G1 F1104.3 X99.591 Y141.678 E812.83973
G1 F1094.2 X98.966 Y141.438 E812.85804
G1 F954.9 X98.637 Y141.294 E812.8693
G1 F845.1 X98.259 Y141.071 E812.88485
G1 F762.7 X97.934 Y140.815 E812.90108
G1 F703.1 X97.664 Y140.494 E812.91894
G1 F674.2 X97.488 Y140.195 E812.93435
G1 F678 X97.379 Y139.88 E812.94906
G1 F759.5 X97.31 Y139.177 E812.9769
G1 F865.4 X97.286 Y138.702 E812.99335
G1 F893.3 X97.276 Y138.085 E813.01403
G1 F867.5 X97.279 Y136.811 E813.058
G1 X97.265 Y136.283 E813.07622
G1 F900 X97.272 Y134.366 E813.13998
G1 X97.341 Y134.131 E813.14813
G1 X97.822 Y134.43 E813.16696
G1 X99.348 Y135.072 E813.22203
G1 X98.717 Y135.297 E813.24431
G1 X98.225 Y135.753 E813.26662
G1 X97.881 Y136.316 E813.28857
G1 F867.5 X97.701 Y136.869 E813.30863
G1 F861.2 X97.677 Y137.408 E813.32739
G1 F893.3 X97.676 Y138.071 E813.3496
G1 X97.69 Y138.676 E813.36988
G1 F855.1 X97.741 Y139.189 E813.38793
G1 F770.9 X97.898 Y139.815 E813.41299
G1 F740.7 X98.196 Y140.371 E813.43848
G1 F786 X98.58 Y140.764 E813.45941
G1 F900 X99.069 Y141.101 E813.47916
G1 F1084.3 X99.728 Y141.402 E813.49916
G1 F1107.7 X100.284 Y141.53 E813.51458
G1 F983.6 X100.626 Y141.559 E813.52502
G1 F942.4 X100.982 Y141.706 E813.53726
G1 F918.4 X101.549 Y141.835 E813.55621
G1 F857.1 X101.756 Y141.807 E813.56351
G1 F839.2 X101.774 Y141.844 E813.56497
G1 F902.3 X102.021 Y142.034 E813.57531
G1 F983.6 X102.501 Y142.181 E813.59059
G1 F1014.1 X103.062 Y142.339 E813.60779
G1 F1002.8 X103.752 Y142.484 E813.62884
G1 F937.5 X104.056 Y142.424 E813.63873
G1 F873.8 X104.11 Y142.526 E813.64269
G1 F906.8 X104.337 Y142.675 E813.65165
G1 F978.3 X104.982 Y142.821 E813.67189
G1 F973 X105.595 Y142.988 E813.69143
G1 F927.8 X105.949 Y142.892 E813.70327
G1 F900 X106.328 Y142.547 E813.72031
G1 F810.8 X106.536 Y142.153 E813.73676
G1 F669.1 X106.502 Y141.954 E813.74579
G1 F649.8 X106.448 Y141.903 E813.74922
G1 F782.6 X106.235 Y141.613 E813.76298
G1 F900 X106.147 Y141.437 E813.76952
G1 X105.352 Y140.18 E813.81899
G1 X105.884 Y139.356 E813.85161
G1 X106.112 Y139.058 E813.86409
G1 X106.481 Y138.536 E813.88535
G1 X106.707 Y138.553 E813.89289
G1 X106.928 Y138.259 E813.90513
G1 X106.933 Y138.116 E813.90988
G1 X106.321 Y137.151 E813.94789
G1 X105.936 Y136.937 E813.96254
G1 X106.092 Y136.822 E813.96899
G1 X106.233 Y136.578 E813.97836
G1 X106.272 Y136.175 E813.99183
G1 X106.288 Y135.534 E814.01315
G1 X106.334 Y135.131 E814.02664
G1 X106.577 Y135.301 E814.03651
G1 X106.918 Y135.367 E814.04806
G1 X107.787 Y135.564 E814.0777
G1 X108.953 Y135.766 E814.11706
G1 X110.275 Y135.96 E814.1615
G1 X110.528 Y135.878 E814.17034
G1 X110.963 Y135.56 E814.18826
G1 X111.075 Y135.28 E814.19829
G1 X111.113 Y134.646 E814.21942
G1 X111.059 Y134.029 E814.24002
G1 X110.999 Y133.842 E814.24655
G1 X110.668 Y133.4 E814.26492
G1 X110.299 Y133.303 E814.27761
G1 X109.842 Y133.419 E814.29329
G1 X109.386 Y133.477 E814.30858
G1 X107.788 Y133.73 E814.36239
G1 X107.157 Y133.848 E814.38374
G1 X107.149 Y133.84 E814.38412
G1 X106.625 Y133.909 E814.4017
G1 X106.344 Y134.113 E814.41325
G1 X106.305 Y133.659 E814.4284
G1 X106.312 Y125.604 E814.69631
G1 X106.809 Y126.141 E814.72065
G1 X107.244 Y126.567 E814.7409
G1 X107.676 Y126.923 E814.75952
G1 X108.389 Y127.442 E814.78885
G1 X108.173 Y127.545 E814.79681
G1 X107.912 Y127.884 E814.81104
G1 X107.862 Y128.265 E814.82382
G1 X108.032 Y128.556 E814.83503
G1 X108.517 Y129.024 E814.85744
G1 X109.38 Y129.78 E814.8956
G1 X109.88 Y130.132 E814.91594
G1 X110.32 Y130.413 E814.93331
G1 X110.927 Y130.748 E814.95637
G1 X111.445 Y130.983 E814.97528
G1 X112.141 Y131.245 E815.00002
G1 X112.776 Y131.387 E815.02166
G1 X113.368 Y131.548 E815.04207
G1 X113.627 Y131.561 E815.05069
G1 F871.7 X113.891 Y131.588 E815.0598
G1 F777.5 X114.171 Y131.63 E815.0707
G1 F753.1 X114.029 Y131.71 E815.07718
G1 F814.5 X113.79 Y132.036 E815.09204
G1 F869.6 X113.708 Y132.577 E815.11087
G1 F900 X113.052 Y132.936 E815.13575
G1 X112.548 Y133.421 E815.15901
G1 X112.214 Y133.961 E815.18013
G1 X112.107 Y134.556 E815.20024
G1 X112.101 Y135.246 E815.22319
G1 X112.203 Y135.877 E815.24445
G1 X112.527 Y136.453 E815.26643
G1 X113.025 Y136.934 E815.28946
G1 X113.584 Y137.208 E815.31016
G1 X113.764 Y137.255 E815.31635
G1 X113.729 Y137.567 E815.32679
G1 F904.5 X113.821 Y137.83 E815.33601
G1 F923.1 X113.959 Y137.969 E815.34236
G1 F865.4 X114.193 Y138.103 E815.35169
G1 F742.3 X114.586 Y138.173 E815.36779
G1 F608.1 X114.966 Y138.256 E815.38694
G1 F588.2 X114.727 Y138.396 E815.40103
G1 F664.2 X114.311 Y138.805 E815.42732
G1 F689.7 X114.137 Y138.576 E815.43981
G1 F740.7 X113.83 Y138.319 E815.45599
G1 F849.1 X113.57 Y138.235 E815.46562
G1 F904.5 X112.61 Y138.128 E815.49759
G1 F900 X112.347 Y138.2 E815.50665
G1 X112.021 Y138.402 E815.51941
G1 X111.843 Y138.197 E815.52844
G1 X111.476 Y137.99 E815.54245
G1 X110.743 Y137.824 E815.56745
G1 X110.114 Y137.879 E815.58845
G1 X109.808 Y138.048 E815.60008
G1 X109.657 Y138.314 E815.61025
G1 X109.685 Y139.085 E815.63591
G1 X109.839 Y139.401 E815.6476
G1 F886.7 X109.859 Y139.751 E815.65944
G1 F833.3 X109.842 Y140.113 E815.67246
G1 F734.7 X109.804 Y140.423 E815.68518
G1 F678 X109.805 Y140.632 E815.69441
G1 X109.573 Y140.689 E815.70496
G1 F703.1 X109.472 Y140.771 E815.7105
G1 F767.6 X109.427 Y140.963 E815.71819
G1 F745.3 X109.354 Y140.681 E815.72989
G1 F684.4 X109.161 Y140.413 E815.74433
G1 F678 X109.355 Y140.232 E815.75605
G1 F734.7 X109.396 Y140.038 E815.76412
G1 F843.1 X109.325 Y139.89 E815.76995
G1 F893.3 X108.816 Y139.654 E815.78875
G1 F900 X108.321 Y139.508 E815.80592
G1 X108.085 Y139.499 E815.81377
G1 X107.962 Y139.577 E815.81862
G1 X107.831 Y139.885 E815.82975
G1 X107.603 Y139.907 E815.83737
G1 X107.347 Y140.044 E815.84703
G1 X107.193 Y140.269 E815.85609
G1 X107.137 Y140.798 E815.87379
G1 X107.132 Y141.361 E815.89251
G1 F782.6 X107.102 Y141.719 E815.90625
G1 F649.8 X107.081 Y141.864 E815.913
G1 F618.6 X107.109 Y142.117 E815.92532
G1 F679.2 X107.181 Y142.185 E815.92969
G1 F814.5 X107.376 Y142.427 E815.94111
G1 F900 X107.545 Y142.533 E815.94774
G1 X107.45 Y142.823 E815.95789
G1 F891.1 X107.485 Y142.98 E815.9633
G1 F743.8 X107.572 Y143.125 E815.9701
G1 F642.9 X108.254 Y143.221 E816.00217
G1 F748.4 X108.453 Y143.009 E816.0138
G1 F900 X108.442 Y142.689 E816.02445
G1 X108.694 Y142.641 E816.03298
G1 X108.918 Y142.547 E816.04106
G1 F807.2 X109.348 Y142.127 E816.06335
G1 F779.2 X109.253 Y142.371 E816.07341
G1 F865.4 X109.254 Y142.538 E816.07919
G1 F900 X109.355 Y142.652 E816.08426
G1 X109.661 Y142.75 E816.09494
G1 X109.663 Y142.942 E816.10133
G1 X109.835 Y143.559 E816.12263
G1 F909.1 X110.099 Y143.778 E816.13393
G1 F920.7 X110.563 Y143.891 E816.14945
G1 F927.8 X111.196 Y143.984 E816.17009
G1 F865.4 X111.8 Y143.973 E816.19099
G1 F772.5 X112.009 Y143.924 E816.19931
G1 F743.8 X112.097 Y143.847 E816.20401
G1 X112.212 Y143.992 E816.21146
G1 F800 X112.429 Y144.1 E816.22053
G1 F873.8 X112.839 Y144.147 E816.23467
G1 F891.1 X113.478 Y144.239 E816.25636
G1 F873.8 X113.799 Y144.185 E816.26751
G1 F821.9 X113.873 Y144.128 E816.27091
G1 F818.2 X113.983 Y144.245 E816.27679
G1 F869.6 X114.524 Y144.3 E816.2955
G1 F913.7 X116.67 Y144.405 E816.36589
G1 F918.4 X117.213 Y144.396 E816.3836
G1 F796.5 X117.482 Y144.312 E816.39419
G1 F711.5 X117.697 Y144.026 E816.40924
G1 X117.832 Y144.306 E816.42232
G1 F810.8 X118.256 Y144.435 E816.43868
G1 F949.9 X118.67 Y144.432 E816.45173
G1 F937.5 X119.656 Y144.355 E816.48331
G1 F909.1 X119.926 Y144.113 E816.49525
G1 F900 X120.241 Y143.651 E816.51384
G1 X120.42 Y143.076 E816.53387
G1 X120.578 Y142.332 E816.55917
G1 F825.7 X121.066 Y140.274 E816.63585
G1 F710.1 X121.331 Y139.872 E816.65615
G1 F634.9 X121.382 Y139.809 E816.65997
G1 F616.4 X121.566 Y139.293 E816.68657
G1 F737.7 X121.474 Y139.006 E816.6988
G1 F895.5 X121.42 Y138.615 E816.712
G1 F869.6 X121.012 Y138.338 E816.72897
G1 F803.6 X120.608 Y138.308 E816.74406
G1 F711.5 X120.379 Y138.278 E816.75378
G1 F714.3 X119.286 Y138.423 E816.79999
G1 F737.7 X118.868 Y138.562 E816.81786
G1 F684.4 X118.779 Y138.65 E816.82334
G1 F659.3 X118.664 Y138.504 E816.83177
G1 F728.7 X118.368 Y138.395 E816.84473
G1 F855.1 X117.568 Y138.456 E816.87282
G1 F900 X117.115 Y138.48 E816.8879
G1 X116.867 Y138.629 E816.89753
G1 X116.616 Y138.52 E816.90663
G1 F878 X116.359 Y138.476 E816.91552
G1 F630.5 X116.008 Y138.282 E816.93456
G1 X116.362 Y138.093 E816.95361
G1 F878 X116.659 Y137.967 E816.96461
G1 F900 X116.847 Y137.659 E816.97661
G1 X116.852 Y137.41 E816.9849
G1 X116.799 Y137.24 E816.99082
G1 X117.05 Y137.17 E816.99948
G1 X117.577 Y136.83 E817.02034
G1 X117.512 Y137.266 E817.03501
G1 F863.3 X117.718 Y137.621 E817.04924
G1 F796.5 X118.251 Y137.934 E817.07247
G1 F769.2 X118.387 Y137.942 E817.07777
G1 F711.5 X118.851 Y138.017 E817.09755
G1 F684.4 X119.969 Y137.894 E817.14674
G1 F687 X120.197 Y137.804 E817.15742
G1 F666.7 X120.322 Y137.662 E817.16591
G1 F700.4 X120.681 Y137.849 E817.18321
G1 F772.5 X120.898 Y137.889 E817.19176
G1 F853.1 X121.763 Y137.876 E817.22212
G1 F900 X122.157 Y137.85 E817.23525
G1 X122.355 Y137.816 E817.24193
G1 F816.3 X122.755 Y137.806 E817.25661
G1 F681.8 X122.939 Y137.655 E817.26706
G1 F739.2 X123.012 Y137.297 E817.28185
G1 F900 X123.009 Y136.575 E817.30587
G1 X122.885 Y136.31 E817.3156
G1 X122.49 Y136.031 E817.33168
G1 X122.184 Y135.752 E817.34545
G1 X121.677 Y135.22 E817.3699
G1 X122.043 Y134.554 E817.39517
G1 X122.265 Y134.235 E817.4081
G1 X122.442 Y133.915 E817.42026
G1 X122.68 Y133.579 E817.43396
G1 X123.082 Y133.143 E817.45368
G1 X123.159 Y132.977 E817.45977
G1 X123.241 Y132.316 E817.48192
G1 X123.087 Y131.963 E817.49473
G1 X122.662 Y131.725 E817.51093
G1 X122.422 Y131.661 E817.51919
G1 X122.169 Y131.657 E817.52761
G1 F762.7 X121.547 Y131.588 E817.55217
G1 X122.127 Y131.286 E817.57783
G1 F900 X122.802 Y130.898 E817.60373
G1 X123.286 Y130.466 E817.62531
G1 X123.678 Y130.001 E817.64554
G1 X123.948 Y129.56 E817.66273
G1 X124.22 Y128.991 E817.68371
G1 X124.276 Y128.399 E817.70349
G1 X124.28 Y127.926 E817.71922
G1 X124.249 Y127.493 E817.73366
G1 X124.129 Y126.961 E817.7518
G1 X123.901 Y126.538 E817.76778
G1 X124.214 Y126.374 E817.77953
G1 X124.814 Y126.003 E817.803
G1 X125.292 Y125.649 E817.82278
G1 X125.712 Y125.272 E817.84155
G1 X126.03 Y124.853 E817.85905
G1 X126.217 Y124.278 E817.87916
G1 X126.273 Y123.593 E817.90202
G1 X127.026 Y122.972 E817.93448
G1 X127.379 Y122.724 E817.94883
G1 X127.743 Y122.442 E817.96414
G1 X128.854 Y121.673 E818.00908
G1 X129.346 Y121.235 E818.03099
G1 X129.562 Y121.281 E818.03834
G1 X129.664 Y121.214 E818.0424
G1 X129.708 Y121.104 E818.04634
G1 X129.704 Y120.192 E818.07667
G1 F930.2 X129.568 Y120.064 E818.08268
G1 F973 X129.472 Y120.036 E818.08576
G1 X129.568 Y120.032 E818.08871
G1 F930.2 X129.704 Y119.903 E818.09475
G1 F900 X129.703 Y117.399 E818.17803
G1 X129.641 Y117.301 E818.18189
G1 X129.506 Y117.248 E818.18671
G1 X129.363 Y117.266 E818.1915
G1 X129.32 Y117.136 E818.19606
G1 X128.781 Y116.147 E818.23352
G1 X128.458 Y115.913 E818.24679
G1 X128.271 Y115.829 E818.2536
G1 X128.428 Y115.134 E818.2773
G1 X128.4 Y114.563 E818.29632
G1 X128.288 Y114.067 E818.31323
G1 X128.06 Y113.453 E818.33501
G1 X127.757 Y112.866 E818.35698
G1 X127.393 Y112.501 E818.37413
G1 X127.001 Y112.404 E818.38756
G1 X126.602 Y112.56 E818.40181
G1 X126.504 Y112.678 E818.40691
G1 X125.853 Y112.067 E818.43661
G1 X125.429 Y111.768 E818.45386
G1 X125.026 Y111.547 E818.46915
G1 X124.752 Y111.5 E818.4784
G1 F878 X124.468 Y111.601 E818.48867
G1 F714.3 X124.138 Y111.759 E818.50401
G1 F720 X124.276 Y111.379 E818.52081
G1 F891.1 X124.496 Y111.03 E818.53467
G1 F900 X124.709 Y110.603 E818.55054
G1 X124.884 Y110.031 E818.57044
G1 X125.022 Y109.402 E818.59186
G1 X125.052 Y108.847 E818.61034
G1 X125.004 Y108.271 E818.62957
G1 X124.892 Y107.742 E818.64755
G1 X124.681 Y107.13 E818.66908
G1 X124.371 Y106.43 E818.69455
G1 X124.085 Y105.897 E818.71466
G1 X123.896 Y105.616 E818.72593
G1 X123.645 Y105.429 E818.73634
G1 X123.368 Y105.384 E818.74567
G1 X123.121 Y105.485 E818.75455
G1 X122.984 Y105.525 E818.75929
G1 X122.849 Y105.642 E818.76524
G1 X122.673 Y105.497 E818.77282
G1 X122.652 Y105.304 E818.77928
G1 X122.384 Y104.812 E818.79791
G1 X122.047 Y104.339 E818.81723
G1 X121.631 Y103.888 E818.83764
G1 X121.176 Y103.479 E818.85798
G1 X120.74 Y103.155 E818.87605
G1 X120.39 Y102.918 E818.89011
G1 X120.734 Y102.898 E818.90157
G1 X121.818 Y102.992 E818.93776
G1 X123.127 Y103.145 E818.98159
G1 X124.23 Y103.313 E819.0187
G1 X125.788 Y103.581 E819.07128
G1 X126.859 Y103.785 E819.10755
G1 X128.738 Y104.197 E819.17153
G1 X128.628 Y104.894 E819.195
G1 X128.755 Y105.475 E819.21478
G1 X128.968 Y105.963 E819.23249
G1 X129.278 Y106.362 E819.24929
G1 X129.697 Y106.645 E819.26611
G1 X130.261 Y106.866 E819.28626
G1 X130.881 Y106.974 E819.30719
G1 X131.622 Y107.055 E819.33198
G1 X132.05 Y107.084 E819.34625
G1 X132.337 Y107.114 E819.35585
G1 X132.664 Y107.195 E819.36705
G1 X133.116 Y107.232 E819.38213
G1 X134.098 Y107.349 E819.41503
G1 X134.413 Y107.401 E819.42565
G1 X134.497 Y107.503 E819.43004
G1 X134.891 Y108.5 E819.4657
G1 X135.232 Y109.538 E819.50204
G1 X135.545 Y110.684 E819.54155
G1 X135.818 Y111.968 E819.58521
G1 X136.02 Y113.067 E819.62237
G1 X136.142 Y113.859 E819.64903
G1 X136.231 Y114.212 E819.66113
G1 X136.309 Y114.722 E819.67829
G1 X136.401 Y115.589 E819.70729
G1 X136.831 Y118.978 E819.82092
G1 X136.962 Y120.107 E819.85872
G1 X137.113 Y121.656 E819.91048
G1 X137.256 Y123.476 E819.9712
G1 X137.439 Y125.342 E820.03356
G1 X137.566 Y126.955 E820.08738
G1 X137.693 Y128.895 E820.15204
G1 X137.767 Y130.475 E820.20465
G1 X137.868 Y133.186 E820.29488
G1 X137.899 Y135.028 E820.35615
G1 X137.81 Y135.288 E820.36529
G1 X137.402 Y134.921 E820.38355
G1 X137.091 Y134.794 E820.39472
G1 X136.941 Y134.794 E820.39971
G1 X135.938 Y135.18 E820.43545
G1 X135.467 Y135.373 E820.45238
G1 X135.319 Y135.49 E820.45866
G1 X135.179 Y135.76 E820.46877
G1 X135.134 Y135.917 E820.47421
G1 X135.045 Y135.812 E820.47878
G1 X134.76 Y135.724 E820.4887
G1 X134.268 Y135.779 E820.50517
G1 X133.395 Y136.072 E820.5358
G1 X133.22 Y136.231 E820.54366
G1 X132.777 Y136.272 E820.55846
G1 X132.209 Y136.431 E820.57808
G1 X131.604 Y136.643 E820.5994
G1 X131.407 Y136.797 E820.60772
G1 X131.301 Y137.072 E820.61752
G1 X131.075 Y136.952 E820.62603
G1 X130.519 Y136.905 E820.64459
G1 X129.897 Y137.044 E820.66579
G1 X129.598 Y137.285 E820.67856
G1 X129.435 Y137.193 E820.68478
G1 X129.22 Y137.185 E820.69194
G1 X128.137 Y137.444 E820.72898
G1 X127.919 Y137.583 E820.73758
G1 X127.656 Y138.018 E820.75448
G1 X127.374 Y137.746 E820.76751
G1 X127.181 Y137.65 E820.77468
G1 X126.932 Y137.639 E820.78297
G1 X126.491 Y137.751 E820.79811
G1 X126.124 Y137.795 E820.8104
G1 X125.936 Y137.884 E820.81732
G1 X125.775 Y138.061 E820.82528
G1 X125.612 Y138.368 E820.83684
G1 X125.277 Y138.1 E820.85111
G1 X124.648 Y137.934 E820.87274
G1 X123.923 Y137.993 E820.89694
G1 F810.8 X123.595 Y138.104 E820.90972
G1 F679.2 X123.253 Y138.128 E820.92483
G1 F631.6 X123.052 Y138.287 E820.93698
G1 F687 X122.924 Y138.443 E820.94577
G1 F816.3 X122.691 Y138.694 E820.95833
G1 F851.1 X122.28 Y139.292 E820.98385
G1 F700.4 X122.077 Y139.54 E820.99755
G1 F613.3 X121.951 Y139.956 E821.01876
G1 F634.9 X121.961 Y140.058 E821.02359
G1 F762.7 X121.966 Y140.506 E821.04118
G1 F900 X121.952 Y141.091 E821.06064
G1 X121.964 Y141.475 E821.07342
G1 X122.004 Y141.904 E821.08775
G1 X122.073 Y142.312 E821.10151
G1 X122.311 Y142.935 E821.12369
G1 X122.639 Y143.414 E821.143
G1 F918.4 X123.185 Y143.897 E821.16676
G1 F957.4 X123.815 Y144.108 E821.18754
G1 F1000 X124.572 Y144.073 E821.21022
G1 F939.9 X125.132 Y143.891 E821.22897
G1 F849.1 X125.643 Y143.791 E821.24733
G1 F780.9 X125.932 Y143.611 E821.26038
G1 F736.2 X126.02 Y143.653 E821.26435
G1 F803.6 X126.445 Y143.703 E821.28029
G1 F891.1 X126.978 Y143.623 E821.29839
G1 F900 X127.546 Y143.517 E821.31761
G1 F847.1 X127.798 Y143.423 E821.32712
G1 F756.3 X128.059 Y143.178 E821.34128
G1 F720 X128.196 Y143.28 E821.34838
G1 F766 X128.427 Y143.304 E821.35746
G1 F863.3 X128.851 Y143.265 E821.37222
G1 F900 X129.796 Y143.043 E821.40451
G1 F754.7 X130.183 Y142.815 E821.42233
G1 F656.9 X130.277 Y142.424 E821.44065
G1 X130.527 Y142.722 E821.45837
G1 F730.2 X130.837 Y142.749 E821.47113
G1 F869.6 X131.384 Y142.662 E821.4902
G1 F893.3 X132.481 Y142.322 E821.52868
G1 F875.9 X132.802 Y142.015 E821.54386
G1 F891.1 X132.949 Y141.499 E821.56189
G1 F900 X133.325 Y139.347 E821.63455
G1 X133.513 Y138.38 E821.66731
G1 X133.73 Y138.957 E821.68781
G1 X133.87 Y139.495 E821.7063
G1 X134.068 Y139.991 E821.72407
G1 X134.099 Y140.46 E821.7397
G1 X134.052 Y140.923 E821.75518
G1 X134.144 Y141.212 E821.76527
G1 X134.336 Y141.394 E821.77406
G1 X134.774 Y141.56 E821.78964
G1 F932.6 X135.05 Y141.582 E821.79853
G1 F975.6 X135.525 Y141.44 E821.81374
G1 F983.6 X136.438 Y141.093 E821.84347
G1 F942.4 X136.654 Y140.853 E821.85372
G1 F900 X136.838 Y140.366 E821.87104
G1 X136.935 Y139.826 E821.88929
G1 X137.052 Y139.434 E821.90289
G1 X137.11 Y139.019 E821.91683
G1 F766 X137.325 Y138.349 E821.94433
G1 F666.7 X137.626 Y136.745 E822.01761
G1 X137.775 Y136.24 E822.04125
G1 X137.821 Y136.17 E822.04501
G1 X137.845 Y136.238 E822.04825
G1 X137.861 Y138.407 E822.14564
G1 F766 X137.929 Y139.108 E822.17316
G1 F900 X137.928 Y139.379 E822.18218
G1 X137.908 Y139.734 E822.194
G1 X137.859 Y140.036 E822.20418
G1 X137.773 Y140.398 E822.21656
G1 X137.632 Y140.705 E822.22779
G1 X137.453 Y140.924 E822.2372
G1 X137.154 Y141.139 E822.24945
G1 X136.97 Y141.224 E822.25619
G1 F942.4 X136.531 Y141.452 E822.2719
G1 F986.3 X136.523 Y141.448 E822.27217
G1 F1000 X136.04 Y141.62 E822.28752
G1 F997.2 X135.665 Y141.778 E822.29974
G1 F939.9 X134.658 Y142.086 E822.33327
G1 F900 X134.249 Y142.242 E822.34783
G1 F882.4 X132.631 Y142.706 E822.40494
G1 F875.9 X132.347 Y142.795 E822.41511
G1 F913.7 X132.008 Y142.871 E822.42649
G1 F930.2 X131.563 Y143.022 E822.44161
G1 F803.6 X130.613 Y143.218 E822.47774
G1 F685.7 X130.467 Y143.226 E822.48413
G1 F699 X130.273 Y143.305 E822.4931
G1 F814.5 X129.835 Y143.445 E822.51
G1 F913.7 X129.196 Y143.578 E822.53138
G1 F891.1 X128.673 Y143.704 E822.54945
G1 F837.2 X128.417 Y143.737 E822.55868
G1 F766 X128.133 Y143.754 E822.5698
G1 F793 X127.723 Y143.885 E822.58605
G1 F888.9 X127.052 Y144.019 E822.60909
G1 F891.1 X126.432 Y144.101 E822.6301
G1 F803.6 X126.007 Y144.13 E822.64597
G1 F766 X125.839 Y144.182 E822.65284
G1 F816.3 X125.543 Y144.25 E822.66398
G1 F882.4 X124.986 Y144.337 E822.6831
G1 F978.3 X124.638 Y144.416 E822.69402
G1 F989 X123.92 Y144.478 E822.71583
G1 F925.4 X123.408 Y144.566 E822.73264
G1 F900 X122.732 Y144.627 E822.75521
G1 X122.268 Y144.644 E822.77066
G1 X121.553 Y144.695 E822.7945
G1 X120.843 Y144.728 E822.81814
G1 F909.1 X119.29 Y144.776 E822.8693
G1 F935.1 X118.711 Y144.808 E822.88786
G1 F939.9 X118.157 Y144.802 E822.90551
G1 F803.6 X117.66 Y144.743 E822.92415
G1 F746.9 X117.539 Y144.767 E822.92909
G1 F1500 E816.42909
G0 F9000 X117.146 Y147.056
G0 X114.987 Y146.995
G0 X112.137 Y146.74
G0 X108.515 Y146.163
G0 X109.348 Y142.127
G1 F1500 E822.92909
G1 F693.6 X109.496 Y141.788 E822.94506
G1 F656.9 X109.507 Y141.382 E822.96356
G1 F724.3 X109.427 Y140.963 E822.98119
G1 F1500 E816.48119
G0 F9000 X108.515 Y146.163
G0 X106.656 Y145.88
G0 X101.85 Y144.63
G0 X98.508 Y143.526
G0 X97.634 Y143.172
G0 X97.064 Y142.858
G0 X96.544 Y142.474
G0 X96.09 Y142.013
G0 X95.589 Y141.217
G0 X95.375 Y140.763
G0 X95.187 Y140.066
G0 X95.06 Y138.162
G0 X95.038 Y136.58
G0 X97.568 Y136.6
G1 F1500 E822.98119
G1 F900 X97.477 Y136.51 E822.98545
G0 F9000 X97.724 Y136.19
G1 F900 X97.466 Y135.933 E822.99756
G0 F9000 X97.939 Y135.84
G1 F900 X97.468 Y135.369 E823.01972
G0 F9000 X97.47 Y134.805
G1 F900 X98.184 Y135.519 E823.0533
G0 F9000 X98.477 Y135.247
G1 F900 X97.922 Y134.692 E823.07941
G1 F1500 E816.57941
G0 F9000 X106.158 Y135.022
G0 X106.479 Y135.895
G1 F1500 E823.07941
G1 F900 X109.478 Y138.893 E823.22045
G0 F9000 X109.454 Y138.304
G1 F900 X106.674 Y135.524 E823.35121
G0 F9000 X107.396 Y135.68
G1 F900 X109.641 Y137.925 E823.45681
G0 F9000 X109.997 Y137.715
G1 F900 X108.103 Y135.822 E823.54587
G0 F9000 X108.788 Y135.941
G1 F900 X110.49 Y137.643 E823.62593
G0 F9000 X111.114 Y137.701
G1 F900 X109.458 Y136.045 E823.70382
G0 F9000 X110.124 Y136.146
G1 F900 X112.1 Y138.121 E823.79674
G0 F9000 X112.489 Y137.945
G1 F900 X110.606 Y136.061 E823.88534
G0 F9000 X110.937 Y135.827
G1 F900 X113.091 Y137.981 E823.98665
G0 F9000 X113.774 Y138.099
G1 F900 X111.195 Y135.519 E824.10799
G0 F9000 X111.289 Y135.047
G1 F900 X111.979 Y135.738 E824.14047
G0 F9000 X111.905 Y135.098
G1 F900 X111.299 Y134.492 E824.16897
G0 F9000 X111.91 Y134.538
G1 F900 X111.205 Y133.832 E824.20215
G0 F9000 X111.994 Y134.056
G1 F900 X106.509 Y128.571 E824.46015
G0 F9000 X106.509 Y129.136
G1 F900 X110.525 Y133.152 E824.64905
G0 F9000 X109.983 Y133.176
G1 F900 X106.508 Y129.701 E824.81251
G0 F9000 X106.508 Y130.267
G1 F900 X109.502 Y133.261 E824.95333
G0 F9000 X109.01 Y133.334
G1 F900 X106.507 Y130.832 E825.07104
G0 F9000 X106.507 Y131.397
G1 F900 X108.521 Y133.411 E825.16578
G0 F9000 X108.032 Y133.488
G1 F900 X106.507 Y131.962 E825.23753
G0 F9000 X106.506 Y132.527
G1 F900 X107.549 Y133.57 E825.28659
G0 F9000 X107.062 Y133.65
G1 F900 X106.505 Y133.092 E825.31281
G0 F9000 X106.505 Y133.658
G1 F900 X106.569 Y133.722 E825.31582
G1 F1500 E818.81582
G0 F9000 X106.603 Y134.069
G0 X106.448 Y136.429
G1 F1500 E825.31582
G1 F900 X109.648 Y139.63 E825.46637
G0 F9000 X108.947 Y139.494
G1 F900 X106.306 Y136.853 E825.59059
G1 F1500 E819.09059
G0 F9000 X105.916 Y137.12
G0 X107.122 Y138.235
G1 F1500 E825.59059
G1 F900 X108.194 Y139.307 E825.64101
G0 F9000 X107.793 Y139.472
G1 F900 X106.919 Y138.598 E825.68212
G0 F9000 X106.546 Y138.79
G1 F900 X107.494 Y139.738 E825.72672
G0 F9000 X107.159 Y139.969
G1 F900 X106.311 Y139.121 E825.7666
G0 F9000 X106.068 Y139.444
G1 F900 X106.982 Y140.358 E825.80959
G0 F9000 X106.937 Y140.878
G1 F900 X105.844 Y139.785 E825.86101
G0 F9000 X105.623 Y140.129
G1 F900 X106.921 Y141.428 E825.92208
G0 F9000 X106.796 Y141.868
G1 F900 X106.376 Y141.449 E825.94182
G0 F9000 X106.702 Y142.34
G1 F900 X107.253 Y142.891 E825.96773
G0 F9000 X107.215 Y143.419
G1 F900 X106.476 Y142.68 E826.00249
G0 F9000 X106.181 Y142.95
G1 F900 X106.574 Y143.343 E826.02098
G1 F1500 E819.52098
G0 F9000 X108.338 Y143.41
G1 F1500 E826.02098
G1 F900 X108.549 Y143.621 E826.0309
G0 F9000 X108.611 Y143.118
G1 F900 X109.353 Y143.86 E826.0658
G0 F9000 X109.641 Y143.582
G1 F900 X108.844 Y142.785 E826.10329
G1 F1500 E819.60329
G0 F9000 X116.678 Y138.174
G1 F1500 E826.10329
G1 F900 X116.878 Y138.374 E826.1127
G0 F9000 X117.334 Y138.264
G1 F900 X116.949 Y137.879 E826.13081
G0 F9000 X117.047 Y137.412
G1 F900 X117.865 Y138.229 E826.16926
G1 F1500 E819.66926
G0 F9000 X121.127 Y138.098
G1 F1500 E826.16926
G1 F900 X121.354 Y138.325 E826.17994
G0 F9000 X121.591 Y138.561
G1 F900 X122.156 Y139.126 E826.20652
G0 F9000 X122.385 Y138.79
G1 F900 X121.674 Y138.079 E826.23996
G0 F9000 X122.204 Y138.044
G1 F900 X122.626 Y138.466 E826.25981
G0 F9000 X122.847 Y138.121
G1 F900 X122.783 Y138.057 E826.26282
G0 F9000 X123.204 Y137.346
G1 F900 X123.711 Y137.853 E826.28667
G0 F9000 X124.195 Y137.771
G1 F900 X123.211 Y136.788 E826.33293
G1 F1500 E819.83293
G0 F9000 X124.325 Y135.639
G1 F1500 E826.33293
G1 F900 X122.651 Y133.965 E826.41167
G0 F9000 X122.894 Y133.642
G1 F900 X124.133 Y134.881 E826.46995
G0 F9000 X124.14 Y134.323
G1 F900 X123.167 Y133.35 E826.51571
G0 F9000 X123.359 Y132.976
G1 F900 X124.268 Y133.884 E826.55845
G0 F9000 X124.444 Y133.495
G1 F900 X123.423 Y132.474 E826.60647
G0 F9000 X122.412 Y131.463
G1 F900 X122.343 Y131.394 E826.60972
G0 F9000 X122.704 Y131.189
G1 F900 X124.775 Y133.261 E826.70715
G0 F9000 X125.299 Y133.219
G1 F900 X123.037 Y130.956 E826.81357
G0 F9000 X123.336 Y130.69
G1 F900 X125.926 Y133.28 E826.9354
G0 F9000 X126.593 Y133.382
G1 F900 X123.604 Y130.393 E827.07599
G0 F9000 X123.862 Y130.085
G1 F900 X127.262 Y133.484 E827.2359
G0 F9000 X127.93 Y133.587
G1 F900 X124.077 Y129.734 E827.41713
G0 F9000 X124.264 Y129.355
G1 F900 X128.628 Y133.719 E827.6224
G0 F9000 X128.873 Y135.111
G0 X129.421 Y134.512
G1 F900 X131.436 Y136.527 E827.71718
G0 F9000 X131.095 Y136.752
G1 F900 X129.373 Y135.03 E827.79817
G0 F9000 X129.134 Y135.357
G1 F900 X130.485 Y136.707 E827.8617
G0 F9000 X130.024 Y136.812
G1 F900 X128.736 Y135.524 E827.92228
G0 F9000 X128.286 Y135.64
G1 F900 X129.64 Y136.994 E827.98597
G0 F9000 X129.092 Y137.011
G1 F900 X127.811 Y135.731 E828.0462
G0 F9000 X127.336 Y135.821
G1 F900 X128.635 Y137.121 E828.10733
G0 F9000 X128.179 Y137.23
G1 F900 X126.856 Y135.907 E828.16956
G0 F9000 X126.378 Y135.994
G1 F900 X127.805 Y137.422 E828.2367
G0 F9000 X127.312 Y137.495
G1 F900 X125.898 Y136.081 E828.30321
G0 F9000 X125.413 Y136.161
G1 F900 X126.735 Y137.483 E828.36539
G0 F9000 X126.262 Y137.576
G1 F900 X124.838 Y136.152 E828.43237
G1 F1500 E821.93237
G0 F9000 X124.741 Y137.752
G1 F1500 E828.43237
G1 F900 X122.013 Y135.023 E828.56071
G0 F9000 X122.214 Y134.659
G1 F900 X125.573 Y138.018 E828.71871
G0 F9000 X125.834 Y137.713
G1 F900 X122.444 Y134.323 E828.87817
G1 F1500 E822.37817
G0 F9000 X124.42 Y128.946
G1 F1500 E828.87817
G1 F900 X131.828 Y136.354 E829.22662
G0 F9000 X132.252 Y136.212
G1 F900 X124.473 Y128.433 E829.59252
G0 F9000 X124.478 Y127.872
G1 F900 X132.696 Y136.09 E829.97907
G0 F9000 X133.174 Y136.002
G1 F900 X124.39 Y127.218 E830.39224
G0 F9000 X124.296 Y126.559
G1 F900 X133.548 Y135.811 E830.82742
G0 F9000 X133.973 Y135.67
G1 F900 X124.646 Y126.343 E831.26614
G0 F9000 X124.99 Y126.122
G1 F900 X134.427 Y135.558 E831.71
G0 F9000 X135.026 Y135.592
G1 F900 X125.316 Y125.881 E832.16675
G0 F9000 X125.622 Y125.622
G1 F900 X135.273 Y135.273 E832.62071
G0 F9000 X135.649 Y135.084
G1 F900 X125.909 Y125.343 E833.07887
G0 F9000 X126.156 Y125.024
G1 F900 X136.054 Y134.923 E833.54447
G0 F9000 X136.465 Y134.768
G1 F900 X126.315 Y124.618 E834.02189
G0 F9000 X126.426 Y124.163
G1 F900 X136.871 Y134.608 E834.51319
G0 F9000 X137.696 Y134.868
G1 F900 X126.496 Y123.668 E835.04
G0 F9000 X126.806 Y123.412
G1 F900 X137.687 Y134.293 E835.55181
G0 F9000 X137.677 Y133.717
G1 F900 X127.117 Y123.157 E836.04852
G0 F9000 X127.447 Y122.921
G1 F900 X137.667 Y133.141 E836.52924
G0 F9000 X137.645 Y132.554
G1 F900 X127.768 Y122.677 E836.99383
G0 F9000 X128.097 Y122.44
G1 F900 X137.623 Y131.966 E837.4419
G0 F9000 X137.601 Y131.378
G1 F900 X128.432 Y122.209 E837.87318
G0 F9000 X128.766 Y121.977
G1 F900 X137.579 Y130.791 E838.28774
G0 F9000 X137.554 Y130.2
G1 F900 X129.087 Y121.733 E838.686
G0 F9000 X129.387 Y121.468
G1 F900 X137.527 Y129.607 E839.06886
G0 F9000 X137.498 Y129.013
G1 F900 X129.81 Y121.325 E839.43048
G0 F9000 X129.905 Y120.854
G1 F900 X137.462 Y128.411 E839.78594
G0 F9000 X137.422 Y127.805
G1 F900 X129.903 Y120.287 E840.13958
G0 F9000 X129.903 Y119.72
G1 F900 X137.382 Y127.2 E840.4914
G0 F9000 X137.337 Y126.589
G1 F900 X129.903 Y119.155 E840.84107
G0 F9000 X129.902 Y118.588
G1 F900 X137.289 Y125.975 E841.18853
G0 F9000 X137.24 Y125.361
G1 F900 X129.901 Y118.022 E841.53374
G0 F9000 X129.901 Y117.456
G1 F900 X137.179 Y124.734 E841.87607
G0 F9000 X137.118 Y124.107
G1 F900 X128.542 Y115.531 E842.27946
G0 F9000 X128.623 Y115.047
G1 F900 X137.056 Y123.48 E842.67612
G0 F9000 X137.008 Y122.866
G1 F900 X128.575 Y114.433 E843.07278
G0 F9000 X128.338 Y113.63
G1 F900 X136.96 Y122.252 E843.47834
G0 F9000 X136.911 Y121.637
G1 F900 X125.127 Y109.853 E844.03262
G0 F9000 X125.009 Y110.302
G1 F900 X126.925 Y112.217 E844.12272
G0 F9000 X126.518 Y112.376
G1 F900 X124.869 Y110.727 E844.20028
G0 F9000 X124.681 Y111.105
G1 F900 X124.896 Y111.319 E844.21037
G1 F1500 E837.71037
G0 F9000 X123.698 Y112.384
G1 F1500 E844.21037
G1 F900 X123.923 Y112.609 E844.22096
G0 F9000 X123.405 Y112.657
G1 F900 X123.897 Y113.149 E844.2441
G0 F9000 X123.684 Y113.502
G1 F900 X123.097 Y112.914 E844.27173
G0 F9000 X122.778 Y113.162
G1 F900 X123.365 Y113.749 E844.29934
G0 F9000 X122.984 Y113.933
G1 F900 X122.457 Y113.406 E844.32413
G0 F9000 X122.104 Y113.619
G1 F900 X122.648 Y114.162 E844.3497
G0 F9000 X122.45 Y114.53
G1 F900 X121.518 Y113.598 E844.39353
G0 F9000 X121.115 Y113.761
G1 F900 X122.496 Y115.142 E844.45849
G0 F9000 X122.583 Y115.794
G1 F900 X121.25 Y114.462 E844.52117
G1 X121.156 Y114.367
G1 X121.095 Y114.307 E844.52402
G0 F9000 X121.41 Y115.187
G1 F900 X122.209 Y115.987 E844.56162
G0 F9000 X121.936 Y116.279
G1 F900 X121.298 Y115.641 E844.59163
G0 F9000 X121.106 Y116.015
G1 F900 X121.831 Y116.74 E844.62573
G0 F9000 X122.083 Y117.558
G1 F900 X120.882 Y116.357 E844.68222
G0 F9000 X120.632 Y116.672
G1 F900 X121.527 Y117.567 E844.72432
G0 F9000 X121.166 Y117.771
G1 F900 X120.373 Y116.979 E844.7616
G0 F9000 X120.083 Y117.255
G1 F900 X120.956 Y118.128 E844.80266
G0 F9000 X120.834 Y118.571
G1 F900 X119.774 Y117.511 E844.85252
G0 F9000 X119.447 Y117.75
G1 F900 X120.93 Y119.233 E844.92228
G0 F9000 X120.684 Y119.553
G1 F900 X119.143 Y118.011 E844.99478
G0 F9000 X118.851 Y118.285
G1 F900 X120.211 Y119.645 E845.05875
G0 F9000 X119.783 Y119.783
G1 F900 X119.6 Y119.6 E845.06736
G0 F9000 X119.316 Y119.316
G1 F900 X118.566 Y118.566 E845.10264
G0 F9000 X118.3 Y118.866
G1 F900 X118.684 Y119.249 E845.12068
G0 F9000 X118.273 Y119.404
G1 F900 X118.056 Y119.187 E845.13089
G0 F9000 X117.854 Y119.551
G1 F900 X117.928 Y119.625 E845.13437
G1 F1500 E838.63437
G0 F9000 X125.222 Y109.383
G1 F1500 E845.13437
G1 F900 X136.849 Y121.01 E845.68126
G0 F9000 X136.788 Y120.383
G1 F900 X125.252 Y108.847 E846.22388
G0 F9000 X125.199 Y108.228
G1 F900 X136.719 Y119.749 E846.76577
G0 F9000 X136.646 Y119.109
G1 F900 X125.01 Y107.474 E847.31307
G0 F9000 X124.635 Y106.533
G1 F900 X136.564 Y118.462 E847.87417
G0 F9000 X136.482 Y117.815
G1 F900 X121.866 Y103.199 E848.56167
G0 F9000 X121.245 Y103.143
G1 F900 X123.302 Y105.2 E848.65842
G1 F1500 E842.15842
G0 F9000 X123.817 Y103.453
G1 F1500 E848.65842
G1 F900 X136.235 Y115.871 E849.24253
G0 F9000 X136.163 Y115.232
G1 F900 X124.492 Y103.561 E849.79149
G0 F9000 X125.176 Y103.68
G1 F900 X136.088 Y114.592 E850.30476
G0 F9000 X135.943 Y113.882
G1 F900 X125.862 Y103.8 E850.77896
G0 F9000 X126.559 Y103.932
G1 F900 X135.839 Y113.211 E851.21544
G0 F9000 X135.716 Y112.523
G1 F900 X130.26 Y107.067 E851.47208
G0 F9000 X130.941 Y107.182
G1 F900 X135.583 Y111.825 E851.69044
G0 F9000 X135.431 Y111.106
G1 F900 X131.576 Y107.252 E851.87175
G0 F9000 X132.19 Y107.3
G1 F900 X135.25 Y110.36 E852.01568
G0 F9000 X135.035 Y109.58
G1 F900 X132.867 Y107.411 E852.11768
G0 F9000 X133.501 Y107.48
G1 F900 X134.759 Y108.737 E852.17683
G0 F9000 X134.408 Y107.82
G1 F900 X134.144 Y107.557 E852.18922
G1 F1500 E845.68922
G0 F9000 X128.518 Y105.325
G1 F1500 E852.18922
G1 F900 X127.274 Y104.081 E852.24774
G0 F9000 X127.999 Y104.24
G1 F900 X128.457 Y104.698 E852.26928
G1 F1500 E845.76928
G0 F9000 X128.942 Y104.152
G0 X123.15 Y103.351
G1 F1500 E852.26928
G1 F900 X136.318 Y116.519 E852.88866
G0 F9000 X136.4 Y117.167
G1 F900 X122.508 Y103.274 E853.54212
G1 F1500 E847.04212
G0 F9000 X106.511 Y126.31
G1 F1500 E853.54212
G1 F900 X107.845 Y127.644 E853.60487
G0 F9000 X107.689 Y128.054
G1 F900 X106.511 Y126.875 E853.6603
G0 F9000 X106.51 Y127.44
G1 F900 X112.38 Y133.311 E853.93643
G0 F9000 X112.663 Y133.028
G1 F900 X110.225 Y130.589 E854.05113
G0 F9000 X111.369 Y131.168
G1 F900 X112.96 Y132.759 E854.12597
G0 F9000 X113.326 Y132.559
G1 F900 X112.237 Y131.47 E854.17719
G0 F9000 X112.982 Y131.649
G1 F900 X113.558 Y132.225 E854.20429
G1 F1500 E847.70429
G0 F9000 X112.166 Y133.662
G1 F1500 E854.20429
G1 F900 X106.509 Y128.005 E854.47037
G1 F1500 E847.97037
G0 F9000 X95.458 Y127.318
G0 X95.241 Y129.468
G0 X95.03 Y137.716
G0 X95.187 Y140.066
G0 X95.375 Y140.763
G0 X95.766 Y141.556
G0 X96.09 Y142.013
G0 X96.544 Y142.474
G0 X97.064 Y142.858
G0 X97.634 Y143.172
G0 X99.85 Y143.985
G0 X102.359 Y144.769
G0 X107.195 Y145.997
G0 X112.669 Y146.804
G0 X115.934 Y147.041
G0 X120.388 Y147.151
G0 X122.105 Y146.867
G0 X121.453 Y140.121
G1 F1500 E854.47037
G1 F900 X121.76 Y140.428 E854.48481
G0 F9000 X121.226 Y140.46
G1 F900 X121.755 Y140.988 E854.50967
G0 F9000 X121.772 Y141.571
G1 F900 X121.118 Y140.917 E854.54044
G0 F9000 X121.01 Y141.375
G1 F900 X121.855 Y142.22 E854.58018
G0 F9000 X122.209 Y143.14
G1 F900 X120.902 Y141.832 E854.64168
G0 F9000 X120.794 Y142.29
G1 F900 X122.914 Y144.41 E854.7414
G0 F9000 X123.172 Y144.103
G1 F900 X123.43 Y144.36 E854.75351
G0 F9000 X122.378 Y144.44
G1 F900 X120.693 Y142.754 E854.83279
G0 F9000 X120.586 Y143.214
G1 F900 X121.845 Y144.473 E854.89201
G0 F9000 X121.31 Y144.503
G1 F900 X120.451 Y143.644 E854.93242
G0 F9000 X120.243 Y144.002
G1 F900 X120.765 Y144.524 E854.95697
G0 F9000 X120.221 Y144.545
G1 F900 X119.998 Y144.323 E854.96744
G1 F1500 E848.46744
G0 F9000 X120.746 Y147.004
G0 X122.957 Y146.823
G0 X126.772 Y146.263
G0 X128.74 Y145.901
G0 X132.918 Y144.838
G0 X132.742 Y142.359
G1 F1500 E854.96744
G1 F900 X132.824 Y142.44 E854.97127
G0 F9000 X132.998 Y142.049
G1 F900 X133.266 Y142.317 E854.98388
G0 F9000 X133.705 Y142.191
G1 F900 X133.125 Y141.61 E855.01118
G0 F9000 X133.215 Y141.134
G1 F900 X134.145 Y142.064 E855.05493
G0 F9000 X134.558 Y141.912
G1 F900 X133.3 Y140.653 E855.11412
G0 F9000 X133.385 Y140.173
G1 F900 X133.879 Y140.667 E855.13736
G0 F9000 X133.875 Y140.098
G1 F900 X133.47 Y139.692 E855.15643
G1 F1500 E848.65643
G0 F9000 X136.877 Y140.837
G1 F1500 E855.15643
G1 F900 X137.02 Y140.98 E855.16316
G0 F9000 X137.346 Y140.74
G1 F900 X137.029 Y140.423 E855.17807
G0 F9000 X137.116 Y139.944
G1 F900 X137.558 Y140.387 E855.19888
G0 F9000 X137.673 Y139.936
G1 F900 X137.24 Y139.503 E855.21925
G0 F9000 X137.322 Y139.019
G1 F900 X137.726 Y139.423 E855.23825
G0 F9000 X137.671 Y138.802
G1 F900 X137.491 Y138.623 E855.2467
G1 F1500 E848.7467
G0 F9000 X120.109 Y108.809
G1 F1500 E855.2467
G1 F900 X120.002 Y108.504 E855.25745
G1 X119.656 Y107.933 E855.27965
G1 X119.479 Y107.581 E855.29276
G1 X119.256 Y107.272 E855.30543
G1 X119.542 Y106.743 E855.32543
G1 X119.982 Y106.139 E855.35029
G1 X120.24 Y106.257 E855.35972
G1 X121.17 Y106.781 E855.39523
G1 X121.137 Y107.077 E855.40513
G1 X121.128 Y108.182 E855.44189
G1 X121.164 Y108.375 E855.44842
G1 X120.494 Y108.677 E855.47286
G1 X120.109 Y108.809 E855.4864
G0 F9000 X120.386 Y108.507
G1 F900 X120.007 Y108.127 E855.50425
G0 F9000 X120.776 Y108.331
G1 F900 X119.565 Y107.12 E855.56121
G0 F9000 X119.775 Y106.764
G1 F900 X120.931 Y107.92 E855.61558
G0 F9000 X120.936 Y107.359
G1 F900 X120.012 Y106.436 E855.65902
G1 F1500 E849.15902
G0 F9000 X112.967 Y121.732
G0 X112.728 Y121.437
G1 F1500 E855.65902
G1 F720 X112.655 Y121.308 E855.66518
G1 X112.503 Y120.975 E855.6804
G1 X112.35 Y120.532 E855.69989
G1 X112.249 Y120.201 E855.71428
G1 X112.179 Y119.848 E855.72924
G1 X112.16 Y119.561 E855.7412
G1 X112.173 Y119.533 E855.74248
G1 X112.482 Y120.112 E855.76977
G1 F717.1 X112.81 Y120.289 E855.78532
G1 F705.9 X113.061 Y120.307 E855.79599
G1 F708.7 X112.78 Y120.601 E855.81317
G1 F720 X112.71 Y120.917 E855.82663
G1 X112.728 Y121.437 E855.84826
G0 F9000 X112.758 Y121.868
G0 X113.095 Y120.302
G1 F684.4 X113.413 Y120.229 E855.86253
G0 F9000 X114.097 Y120.51
G1 F796.5 X113.786 Y120.276 E855.87716
G1 F769.2 X113.589 Y120.214 E855.8852
G1 F717.1 X113.413 Y120.229 E855.89257
G1 F724.3 X113.592 Y120.088 E855.90199
G1 F810.8 X113.721 Y119.816 E855.9131
G1 F913.7 X113.778 Y119.185 E855.93386
G1 F957.4 X113.846 Y118.706 E855.94898
G1 F939.9 X113.944 Y118.26 E855.96352
G1 F918.4 X114.074 Y117.806 E855.97892
G1 F904.5 X114.252 Y117.322 E855.99598
G1 F886.7 X114.699 Y116.365 E856.03164
G1 F891.1 X114.881 Y116.058 E856.04363
G1 F900 X115.154 Y115.706 E856.05845
G1 X115.555 Y115.253 E856.07857
G1 X115.969 Y114.7 E856.10154
G1 X116.009 Y114.545 E856.10687
G1 X116.315 Y114.62 E856.11735
G1 X116.894 Y114.667 E856.13667
G1 X117.239 Y114.546 E856.14883
G1 X117.41 Y114.311 E856.1585
G1 X117.577 Y114.546 E856.16808
G1 X117.818 Y114.678 E856.17722
G1 X118.546 Y114.646 E856.20146
G1 X117.329 Y115.907 E856.25975
G1 X116.981 Y116.304 E856.27731
G1 X116.601 Y116.769 E856.29728
G1 X116.254 Y117.324 E856.31905
G1 X116.255 Y117.091 E856.3268
G1 X116.139 Y116.839 E856.33603
G1 X115.904 Y116.665 E856.34575
G1 X115.497 Y116.56 E856.35973
G1 X115.269 Y116.588 E856.36737
G1 F873.8 X114.98 Y116.766 E856.379
G1 F869.6 X114.629 Y117.462 E856.40583
G1 F913.7 X114.385 Y118.096 E856.42809
G1 F957.4 X114.179 Y118.927 E856.45486
G1 F967.7 X114.132 Y119.458 E856.47135
G1 F942.4 X114.118 Y119.797 E856.48212
G1 F857.1 X114.09 Y120.061 E856.4914
G1 F796.5 X114.097 Y120.51 E856.50827
G1 F1500 E850.00827
G0 F9000 X114.012 Y120.759
G0 X114.28 Y120.642
G0 X117.419 Y113.541
G1 F1500 E856.50827
G1 F900 X117.352 Y113.424 E856.51276
G1 X117.203 Y113.31 E856.519
G1 X116.927 Y113.223 E856.52862
G1 X116.69 Y113.082 E856.53779
G1 X116.31 Y112.787 E856.55379
G1 X116.121 Y112.612 E856.56236
G1 X116.359 Y112.226 E856.57744
G1 X116.474 Y111.997 E856.58597
G1 X116.613 Y112.036 E856.59077
G1 X118.423 Y112.032 E856.65097
G1 X118.794 Y112.63 E856.67438
G1 X118.559 Y112.827 E856.68458
G1 X118.15 Y113.101 E856.70095
G1 X117.494 Y113.403 E856.72497
G1 X117.419 Y113.541 E856.73019
G0 F9000 X117.889 Y112.232
G1 F900 X118.369 Y112.712 E856.75277
G0 F9000 X118.027 Y112.936
G1 F900 X117.322 Y112.231 E856.78593
G0 F9000 X116.756 Y112.231
G1 F900 X117.64 Y113.114 E856.82749
G0 F9000 X116.994 Y113.035
G1 F900 X116.436 Y112.477 E856.85374
G1 F1500 E850.35374
G0 F9000 X116.535 Y114.838
G1 F1500 E856.85374
G1 F900 X117.323 Y115.626 E856.8908
G0 F9000 X117.6 Y115.338
G1 F900 X117.078 Y114.815 E856.91538
G0 F9000 X117.629 Y114.801
G1 F900 X117.878 Y115.049 E856.92707
G0 F9000 X117.052 Y115.921
G1 F900 X116.052 Y114.921 E856.9741
G0 F9000 X115.811 Y115.245
G1 F900 X116.789 Y116.224 E857.02013
G0 F9000 X116.535 Y116.535
G1 F900 X115.555 Y115.555 E857.06622
G0 F9000 X115.29 Y115.855
G1 F900 X115.891 Y116.457 E857.09452
G0 F9000 X115.259 Y116.39
G1 F900 X115.044 Y116.176 E857.10461
G1 F1500 E850.60461
G0 F9000 X114.842 Y108.824
G1 F1500 E857.10461
G1 F900 X114.136 Y108.502 E857.13042
G1 X113.748 Y108.393 E857.14382
G1 X113.768 Y107.309 E857.17988
G1 X113.763 Y106.789 E857.19718
G1 X113.98 Y106.696 E857.20503
G1 X114.289 Y106.522 E857.21682
G1 X114.75 Y106.303 E857.2338
G1 X115.046 Y106.179 E857.24447
G1 X115.252 Y106.48 E857.2566
G1 X115.606 Y107.039 E857.27861
G1 X115.755 Y107.24 E857.28693
G1 X115.626 Y107.38 E857.29326
G1 X115.457 Y107.66 E857.30414
G1 X115.275 Y107.995 E857.31682
G1 X115.082 Y108.301 E857.32886
G1 X114.842 Y108.824 E857.34799
G0 F9000 X113.96 Y107.738
G1 F900 X114.756 Y108.533 E857.38541
G0 F9000 X114.94 Y108.152
G1 F900 X113.967 Y107.178 E857.4312
G0 F9000 X114.172 Y106.818
G1 F900 X115.154 Y107.8 E857.47739
G0 F9000 X115.357 Y107.438
G1 F900 X114.545 Y106.625 E857.51561
G0 F9000 X114.931 Y106.446
G1 F900 X115.09 Y106.605 E857.52309
G1 F1500 E851.02309
G0 F9000 X115.138 Y106.034
G0 X106.048 Y116.684
G1 F1500 E857.52309
G1 F651 X105.897 Y116.405 E857.53768
G1 F875.9 X105.847 Y116.36 E857.53998
G1 F851.1 X105.766 Y116.099 E857.54959
G1 F766 X105.58 Y115.956 E857.55876
G1 X105.489 Y115.933 E857.56242
G1 X105.512 Y115.821 E857.56689
G1 X105.652 Y115.808 E857.57239
G1 X106.124 Y115.623 E857.5922
G1 F770.9 X106.186 Y115.949 E857.60509
G1 F857.1 X106.205 Y116.293 E857.61712
G1 F695 X106.048 Y116.684 E857.63527
G0 F9000 X106.378 Y117.776
G0 X106.155 Y117.708
G1 F656.9 X106.115 Y117.447 E857.6473
G1 F590.2 X106.048 Y116.684 E857.68615
G1 F1500 E851.18615
G0 F9000 X110.766 Y126.39
G1 F1500 E857.68615
G1 F658.1 X109.762 Y125.592 E857.74448
G1 X110.043 Y125.632 E857.75739
G1 X110.344 Y125.576 E857.77131
G1 F631.6 X110.659 Y125.353 E857.78961
G1 F600 X110.731 Y125.237 E857.79642
G1 F623.9 X110.762 Y125.682 E857.81782
G1 F658.1 X110.747 Y125.948 E857.82994
G1 X110.766 Y126.39 E857.85006
G0 F9000 X109.997 Y125.402
G0 X110.738 Y125.225
G1 F547.1 X110.856 Y124.896 E857.86918
G0 F9000 X110.864 Y124.886
G1 F779.2 X110.658 Y124.457 E857.88747
G1 F900 X110.13 Y123.982 E857.91109
G1 X109.703 Y123.574 E857.93073
G1 X109.597 Y123.372 E857.93832
G1 X109.817 Y123.433 E857.94591
G1 X110.346 Y123.689 E857.96546
G1 F837.2 X110.691 Y123.721 E857.97785
G1 F736.2 X111.008 Y123.596 E857.9917
G1 F695 X111.244 Y123.279 E858.00872
G1 F655.7 X111.36 Y123.049 E858.02048
G1 F737.7 X111.187 Y122.673 E858.03728
G1 F965.1 X111.011 Y122.474 E858.04552
G1 F704.5 X110.866 Y122.07 E858.06375
G1 X111.265 Y122.231 E858.08204
G1 F965.1 X111.502 Y122.47 E858.09248
G1 F814.5 X111.699 Y122.694 E858.10344
G1 F672.9 X111.833 Y122.865 E858.1131
G1 F619.6 X112.071 Y122.993 E858.12616
G1 F649.8 X111.718 Y123.501 E858.15465
G1 F687 X111.417 Y123.91 E858.17678
G1 F770.9 X111.287 Y124.227 E858.19009
G1 F873.8 X111.101 Y124.593 E858.20415
G1 F770.9 X110.864 Y124.886 E858.21878
G1 F1500 E851.71878
G0 F9000 X110.866 Y122.07
G1 F1500 E858.21878
G1 F543 X110.531 Y121.702 E858.24622
G1 F561.6 X110.297 Y121.411 E858.26612
G1 F596 X109.922 Y120.818 E858.30136
G1 F644 X109.628 Y120.266 E858.33043
G1 F699 X109.39 Y119.733 E858.35542
G1 F730.2 X109.244 Y119.347 E858.37234
G1 F1500 E851.87234
G0 F9000 X109.018 Y119.154
G0 X110.862 Y123.873
G1 F1500 E858.37234
G1 F900 X111.109 Y124.12 E858.38396
G0 F9000 X110.845 Y124.422
G1 F900 X110.918 Y124.495 E858.38739
G1 F1500 E851.88739
G0 F9000 X113.853 Y126.603
G1 F1500 E858.38739
G1 F900 X113.462 Y126.592 E858.4004
G1 X113.166 Y126.475 E858.41099
G1 X113.013 Y126.304 E858.41862
G1 X112.95 Y126.151 E858.42412
G1 X112.96 Y125.809 E858.4355
G1 X113.047 Y125.402 E858.44935
G1 X113.224 Y125.025 E858.4632
G1 X113.474 Y124.636 E858.47858
G1 X113.829 Y124.218 E858.49682
G1 X113.922 Y124.008 E858.50446
G1 X114.54 Y124.72 E858.53582
G1 X114.997 Y125.181 E858.55741
G1 X115.364 Y125.481 E858.57317
G1 X114.815 Y126.086 E858.60034
G1 X114.344 Y126.447 E858.62008
G1 X114.14 Y126.541 E858.62755
G1 X113.853 Y126.603 E858.63732
G0 F9000 X113.928 Y126.373
G1 F900 X113.199 Y125.644 E858.67161
G0 F9000 X113.349 Y125.229
G1 F900 X114.327 Y126.207 E858.71761
G0 F9000 X114.646 Y125.96
G1 F900 X113.559 Y124.873 E858.76874
G0 F9000 X113.805 Y124.553
G1 F900 X114.923 Y125.671 E858.82133
G1 F1500 E852.32133
G0 F9000 X113.19 Y128.623
G0 X112.596 Y128.536
G1 F1500 E858.82133
G1 F900 X112.362 Y128.536 E858.82911
G1 X111.799 Y128.49 E858.8479
G1 X111.4 Y128.414 E858.86141
G1 X111.272 Y128.374 E858.86587
G1 X111.381 Y128.333 E858.86974
G1 X111.568 Y128.159 E858.87824
G1 X111.65 Y127.976 E858.88491
G1 X112.219 Y128.362 E858.90777
G1 X112.596 Y128.536 E858.92158
G1 F1500 E852.42158
G0 F9000 X113.19 Y128.623
G0 X117.5 Y127.75
G1 F1500 E858.92158
G1 F900 X117.317 Y127.939 E858.93033
G1 X116.708 Y128.478 E858.95738
G1 X116.613 Y128.038 E858.97236
G1 X116.336 Y127.732 E858.98608
G1 X116.564 Y127.524 E858.99635
G1 X117.008 Y127.04 E859.01819
G1 X117.312 Y126.663 E859.0343
G1 X117.626 Y126.868 E859.04677
G1 X118.099 Y127.132 E859.06479
G1 X117.5 Y127.75 E859.09342
G0 F9000 X117.671 Y127.288
G1 F900 X117.337 Y126.953 E859.10915
G0 F9000 X117.077 Y127.259
G1 F900 X117.392 Y127.575 E859.12399
G0 F9000 X117.107 Y127.856
G1 F900 X116.806 Y127.554 E859.13817
G1 F1500 E852.63817
G0 F9000 X117.716 Y132.973
G0 X117.5 Y132.277
G1 F1500 E859.13817
G1 F737.7 X117.468 Y132.38 E859.14255
G1 F734.7 X117.499 Y132.904 E859.16394
G1 F730.2 X117.232 Y132.733 E859.17693
G1 X116.935 Y132.603 E859.19022
G1 F731.7 X116.981 Y132.419 E859.19798
G1 F734.7 X116.887 Y132.149 E859.20963
G1 F737.7 X117.545 Y132.131 E859.23634
G1 X117.5 Y132.277 E859.24254
G1 F1500 E852.74254
G0 F9000 X117.739 Y133.049
G0 X117.957 Y133.695
G0 X116.816 Y141.85
G1 F1500 E859.24254
G1 F983.6 X116.797 Y140.17 E859.29367
G1 X116.828 Y140.218 E859.29541
G1 X117.094 Y141.308 E859.32956
G1 X117.261 Y141.833 E859.34632
G1 X117.009 Y141.782 E859.35415
G1 X116.816 Y141.85 E859.36037
G1 F1500 E852.86037
G0 F9000 X124.37 Y141.615
G1 F1500 E859.36037
G1 F725.8 X124.337 Y141.264 E859.37491
G1 X124.332 Y140.937 E859.3884
G1 X124.377 Y140.335 E859.4133
G1 X124.397 Y140.286 E859.41548
G1 X124.472 Y140.412 E859.42153
G1 X124.718 Y140.658 E859.43588
G1 X124.898 Y140.863 E859.44713
G1 X124.37 Y141.615 E859.48502
G1 F1500 E852.98502
G0 F9000 X129.967 Y141.599
G0 X130.251 Y141.305
G1 F1500 E859.48502
G1 F618.6 X130.215 Y141.367 E859.48849
G1 X130.143 Y141.367 E859.49198
G1 X130.107 Y141.305 E859.49545
G1 X130.143 Y141.243 E859.49892
G1 X130.215 Y141.243 E859.5024
G1 X130.251 Y141.305 E859.50587
G1 F1500 E853.00587
G0 F9000 X130.33 Y141.662
G0 X129.967 Y141.599
G0 X131.102 Y145.32
G0 X128.348 Y145.985
G0 X125.11 Y146.535
G0 X120.388 Y147.151
G0 X114.987 Y146.995
G0 X112.137 Y146.74
G0 X106.656 Y145.88
G0 X102.331 Y144.755
G0 X99.482 Y143.832
G0 X101.829 Y138.697
G1 F1500 E859.50587
G1 F584.4 X101.791 Y138.764 E859.50982
G1 X101.714 Y138.764 E859.51376
G1 X101.675 Y138.697 E859.51773
G1 X101.713 Y138.63 E859.52168
G1 X101.79 Y138.63 E859.52562
G1 X101.829 Y138.697 E859.52959
G0 F9000 X101.537 Y138.481
G0 X100.866 Y138.802
G0 X100.206 Y139.216
G1 F715.7 X100.124 Y138.986 E859.5398
G1 X100.076 Y138.533 E859.55886
G1 X100.072 Y137.968 E859.58249
G1 X100.116 Y137.531 E859.60086
G1 X100.273 Y138.082 E859.62482
G1 X100.729 Y138.615 E859.65416
G1 X100.472 Y138.738 E859.66607
G1 X100.26 Y138.973 E859.67931
G1 X100.206 Y139.216 E859.68972
G1 F1500 E853.18972
G0 F9000 X100.866 Y138.802
G0 X101.615 Y138.461
G0 X102.207 Y136.139
G0 X101.853 Y136.061
G1 F1500 E859.68972
G1 F532.5 X101.811 Y136.134 E859.69446
G1 X101.727 Y136.134 E859.69918
G1 X101.685 Y136.061 E859.70391
G1 X101.727 Y135.988 E859.70865
G1 X101.811 Y135.988 E859.71337
G1 X101.853 Y136.061 E859.7181
G1 F1500 E853.2181
G0 F9000 X102.297 Y135.966
G0 X102.947 Y136.165
G0 X118.028 Y106.772
;TYPE:WALL-OUTER
G1 F1500 E859.7181
G1 F900 X116.605 Y106.768 E859.76543
G1 X116.44 Y106.632 E859.77254
G1 X116.174 Y106.171 E859.79025
G1 X115.959 Y105.867 E859.80263
G1 X115.806 Y105.704 E859.81007
G1 X115.95 Y105.345 E859.82293
G1 X116.205 Y104.866 E859.84098
G1 X116.427 Y104.52 E859.85465
G1 X116.714 Y104.215 E859.86858
G1 X117.914 Y104.201 E859.9085
G1 X118.458 Y104.282 E859.92679
G1 X118.607 Y104.488 E859.93525
G1 X119.025 Y105.227 E859.96348
G1 X119.174 Y105.565 E859.97577
G1 X119.006 Y105.891 E859.98797
G1 X118.751 Y106.287 E860.00363
G1 X118.533 Y106.684 E860.0187
G1 X118.307 Y106.764 E860.02667
G1 X118.028 Y106.772 E860.03595
G0 F9000 X118.268 Y106.412
;TYPE:SKIN
G1 F900 X116.733 Y106.408 E860.08701
G1 X116.485 Y105.995 E860.10303
G1 X116.218 Y105.606 E860.11872
G1 X116.517 Y105.041 E860.13999
G1 X116.711 Y104.74 E860.1519
G1 X116.868 Y104.572 E860.15954
G1 X117.89 Y104.561 E860.19354
G1 X118.265 Y104.616 E860.20614
G1 X118.79 Y105.547 E860.24169
G1 X118.443 Y106.096 E860.26329
G1 X118.268 Y106.412 E860.27531
G0 F9000 X116.956 Y106.208
G1 F900 X116.678 Y105.93 E860.28839
G0 F9000 X116.609 Y105.295
G1 F900 X117.523 Y106.21 E860.3314
G0 F9000 X118.09 Y106.21
G1 F900 X116.819 Y104.94 E860.39116
G0 F9000 X117.214 Y104.768
G1 F900 X118.336 Y105.891 E860.44396
G0 F9000 X118.553 Y105.542
G1 F900 X117.773 Y104.762 E860.48065
G1 F1500 E853.98065
G0 F9000 X121.445 Y105.607
G0 X121.38 Y105.834
;TYPE:WALL-OUTER
G1 F1500 E860.48065
G1 F900 X120.98 Y105.592 E860.4962
G1 X120.692 Y105.452 E860.50685
G1 X120.346 Y105.302 E860.51939
G1 X120.089 Y105.005 E860.53245
G1 X119.445 Y103.839 E860.57676
G1 X119.679 Y103.629 E860.58722
G1 X120.045 Y103.821 E860.60096
G1 X120.63 Y104.213 E860.62438
G1 X120.942 Y104.509 E860.63869
G1 X121.353 Y104.949 E860.65871
G1 X121.62 Y105.31 E860.67365
G1 X121.712 Y105.584 E860.68326
G1 X121.604 Y105.766 E860.6903
G1 X121.38 Y105.834 E860.69809
G0 F9000 X121.445 Y105.607
G0 X120.722 Y104.9
;TYPE:SKIN
G1 F553.8 X120.682 Y104.97 E860.70244
G1 X120.601 Y104.97 E860.70682
G1 X120.56 Y104.9 E860.71121
G1 X120.6 Y104.83 E860.71556
G1 X120.681 Y104.83 E860.71994
G1 X120.722 Y104.9 E860.72433
G1 F1500 E854.22433
G0 F9000 X122.294 Y107.349
G0 X122.519 Y108.995
;TYPE:WALL-OUTER
G1 F1500 E860.72433
G1 F801.8 X122.372 Y108.733 E860.73554
G1 X122.145 Y108.389 E860.75093
G1 F791.2 X122.118 Y108.101 E860.76187
G1 F796.5 X122.101 Y107.389 E860.78864
G1 F814.5 X122.129 Y106.83 E860.80921
G1 X122.266 Y106.628 E860.81818
G1 X122.539 Y107.486 E860.85127
G1 F796.5 X122.576 Y107.916 E860.86749
G1 F789.5 X122.587 Y108.313 E860.88255
G1 F801.8 X122.584 Y108.573 E860.89226
G1 X122.54 Y108.944 E860.90621
G1 X122.519 Y108.995 E860.90827
G1 F1500 E854.40827
G0 F9000 X122.375 Y108.345
G0 X122.838 Y109.894
G0 X122.608 Y111.956
G1 F1500 E860.90827
G1 F1031.5 X122.853 Y111.585 E860.92117
G1 F970.4 X123.269 Y110.829 E860.94779
G1 F895.5 X123.381 Y110.6 E860.95631
G1 F849.1 X123.639 Y109.868 E860.98367
G1 F845.1 X123.86 Y108.77 E861.02335
G1 F833.3 X123.893 Y108.191 E861.04418
G1 F897.8 X123.797 Y107.341 E861.0727
G1 F1500 E854.5727
G0 F9000 X119.941 Y112.119
G1 F1500 E861.0727
G1 F900 X119.557 Y112.059 E861.08563
G1 X119.339 Y111.738 E861.09853
G1 X119.368 Y111.421 E861.10912
G1 X120.071 Y110.175 E861.1567
G1 X120.192 Y109.909 E861.16642
G1 X120.506 Y109.691 E861.17914
G1 X120.999 Y109.507 E861.19664
G1 X121.371 Y109.319 E861.2105
G1 X121.436 Y109.355 E861.21297
G1 X121.607 Y109.663 E861.22469
G1 X121.74 Y109.99 E861.23643
G1 X121.785 Y110.403 E861.25025
G1 X121.18 Y111.414 E861.28944
G1 X121.019 Y111.638 E861.29861
G1 X120.574 Y111.884 E861.31552
G1 X120.289 Y112.012 E861.32591
G1 X119.941 Y112.119 E861.33802
G0 F9000 X119.913 Y111.747
;TYPE:SKIN
G1 F900 X119.767 Y111.723 E861.34294
G1 X119.708 Y111.641 E861.3463
G1 X119.719 Y111.534 E861.34988
G1 X120.387 Y110.342 E861.39533
G1 X120.476 Y110.146 E861.40249
G1 X120.673 Y110.012 E861.41041
G1 X121.268 Y109.792 E861.43151
G1 X121.388 Y110.079 E861.44186
G1 X121.414 Y110.318 E861.44986
G1 X120.795 Y111.347 E861.4898
G1 X120.439 Y111.546 E861.50336
G1 X120.171 Y111.667 E861.51314
G1 X119.913 Y111.747 E861.52212
G0 F9000 X120.393 Y111.342
G1 F900 X120.176 Y111.125 E861.53233
G0 F9000 X120.38 Y110.763
G1 F900 X120.713 Y111.096 E861.54799
G0 F9000 X120.925 Y110.743
G1 F900 X120.581 Y110.398 E861.5642
G0 F9000 X120.892 Y110.144
G1 F900 X121.138 Y110.39 E861.57577
G1 F1500 E855.07577
G0 F9000 X116.891 Y111.091
;TYPE:WALL-OUTER
G1 F1500 E861.57577
G1 F900 X116.663 Y111.033 E861.58359
G1 X116.34 Y110.521 E861.60373
G1 X115.805 Y109.577 E861.63982
G1 X115.666 Y109.227 E861.65234
G1 X115.795 Y108.951 E861.66248
G1 X116.061 Y108.469 E861.68079
G1 X116.517 Y107.74 E861.70939
G1 X118.375 Y107.74 E861.77118
G1 X118.556 Y107.87 E861.7786
G1 X119.233 Y109.056 E861.82402
G1 X119.242 Y109.422 E861.83619
G1 X119.065 Y109.802 E861.85014
G1 X118.734 Y110.416 E861.87334
G1 X118.342 Y111.06 E861.89841
G1 X118.055 Y111.084 E861.90799
G1 X116.891 Y111.091 E861.94671
G0 F9000 X116.897 Y110.728
;TYPE:SKIN
G1 F900 X116.666 Y110.365 E861.96102
G1 X116.039 Y109.252 E862.00351
G1 X116.365 Y108.657 E862.02607
G1 X116.712 Y108.1 E862.0479
G1 X118.27 Y108.1 E862.09972
G1 X118.873 Y109.152 E862.14005
G1 X118.878 Y109.383 E862.14773
G1 X118.426 Y110.216 E862.17925
G1 X118.125 Y110.724 E862.19889
G1 X116.897 Y110.728 E862.23974
G0 F9000 X117.314 Y110.526
G1 F900 X116.563 Y109.775 E862.27506
G0 F9000 X116.387 Y109.033
G1 F900 X117.878 Y110.524 E862.34519
G0 F9000 X118.172 Y110.253
G1 F900 X116.591 Y108.672 E862.41956
G0 F9000 X116.808 Y108.323
G1 F900 X118.376 Y109.891 E862.49331
G0 F9000 X118.575 Y109.524
G1 F900 X117.351 Y108.3 E862.55089
G0 F9000 X117.916 Y108.3
G1 F900 X118.473 Y108.856 E862.57706
G1 F1500 E856.07706
G0 F9000 X113.595 Y105.494
G0 X113.487 Y105.871
;TYPE:WALL-OUTER
G1 F1500 E862.57706
G1 F900 X113.336 Y105.609 E862.58712
G1 X113.333 Y105.359 E862.59544
G1 X113.608 Y104.967 E862.61136
G1 X113.967 Y104.588 E862.62873
G1 X114.336 Y104.262 E862.6451
G1 X114.724 Y103.992 E862.66082
G1 X115.143 Y103.758 E862.67679
G1 X115.465 Y103.66 E862.68798
G1 X115.612 Y103.786 E862.69442
G1 X115.565 Y103.932 E862.69952
G1 X115.213 Y104.507 E862.72195
G1 X115.005 Y104.902 E862.73679
G1 X114.646 Y105.322 E862.75517
G1 X114.262 Y105.483 E862.76902
G1 X113.73 Y105.76 E862.78897
G1 X113.487 Y105.871 E862.79785
G1 F1500 E856.29785
G0 F9000 X113.595 Y105.494
G0 X114.611 Y104.642
;TYPE:SKIN
G1 F1500 E862.79785
G1 F559.9 X114.346 Y104.909 E862.81797
G1 F1500 E856.31797
G0 F9000 X112.686 Y107.077
G0 X112.379 Y109.031
;TYPE:WALL-OUTER
G1 F1500 E862.81797
G1 F764.3 X112.345 Y108.882 E862.82395
G1 X112.305 Y108.465 E862.84036
G1 F759.5 X112.325 Y107.965 E862.86008
G1 F766 X112.384 Y107.503 E862.87828
G1 F807.2 X112.508 Y106.969 E862.89861
G1 F841.1 X112.656 Y106.569 E862.91379
G1 X112.847 Y106.874 E862.9266
G1 X112.9 Y107.125 E862.93573
G1 F807.2 X112.843 Y107.569 E862.95233
G1 F769.2 X112.784 Y108.207 E862.97726
G1 F764.3 X112.631 Y108.618 E862.99444
G1 X112.379 Y109.031 E863.01339
G1 F1500 E856.51339
G0 F9000 X112.501 Y108.417
G0 X112.322 Y111.728
G1 F1500 E863.01339
G1 F893.3 X112.022 Y111.302 E863.03085
G1 F829.5 X111.804 Y110.943 E863.046
G1 F794.7 X111.677 Y110.706 E863.05613
G1 F751.6 X111.521 Y110.36 E863.07125
G1 F721.4 X111.399 Y109.984 E863.08765
G1 F734.7 X111.325 Y109.671 E863.10075
G1 F751.6 X111.245 Y109.272 E863.11696
G1 F767.6 X111.195 Y108.882 E863.1323
G1 F857.1 X111.182 Y108.425 E863.14826
G1 F1022.7 X111.205 Y107.926 E863.16288
G1 F1104.3 X111.269 Y107.508 E863.17434
G1 F1500 E856.67434
G0 F9000 X115.343 Y111.711
G0 X115.222 Y112.143
G1 F1500 E863.17434
G1 F900 X114.985 Y112.109 E863.18231
G1 X114.517 Y111.939 E863.19887
G1 X114.121 Y111.774 E863.21314
G1 X113.794 Y111.451 E863.22842
G1 X113.614 Y111.219 E863.23819
G1 X113.368 Y110.8 E863.25435
G1 X113.197 Y110.467 E863.2668
G1 X113.114 Y110.155 E863.27754
G1 X113.275 Y109.723 E863.29287
G1 X113.514 Y109.282 E863.30956
G1 X113.681 Y109.325 E863.31529
G1 X114.013 Y109.488 E863.32759
G1 X114.56 Y109.692 E863.34701
G1 X114.82 Y109.959 E863.35941
G1 X115.062 Y110.425 E863.37687
G1 X115.575 Y111.323 E863.41127
G1 X115.644 Y111.61 E863.42109
G1 X115.388 Y112.036 E863.43762
G1 X115.222 Y112.143 E863.44419
G0 F9000 X115.119 Y111.772
;TYPE:SKIN
G1 F900 X114.649 Y111.604 E863.46079
G1 X114.322 Y111.466 E863.47259
G1 X114.07 Y111.218 E863.48435
G1 X113.898 Y110.998 E863.49364
G1 X113.65 Y110.581 E863.50978
G1 X113.652 Y110.57 E863.51015
G1 X113.533 Y110.332 E863.519
G1 X113.49 Y110.171 E863.52454
G1 X113.653 Y109.736 E863.53999
G1 X114.356 Y110.001 E863.56498
G1 X114.524 Y110.171 E863.57293
G1 X114.742 Y110.589 E863.58861
G1 X115.266 Y111.512 E863.62391
G1 X115.119 Y111.772 E863.63384
G0 F9000 X114.862 Y111.468
G1 F900 X113.781 Y110.387 E863.68469
G0 F9000 X114.063 Y110.104
G1 F900 X114.482 Y110.522 E863.70438
G1 F1500 E857.20438
G0 F9000 X113.043 Y117.648
;TYPE:WALL-OUTER
G1 F1500 E863.70438
G1 F576.9 X113.039 Y117.671 E863.70559
G1 F1500 E857.20559
G0 F9000 X111.567 Y121.266
G1 F1500 E863.70559
G1 F900 X111.288 Y120.962 E863.71931
G1 X110.944 Y120.549 E863.73719
G1 X110.53 Y119.838 E863.76455
G1 X110.287 Y119.349 E863.78272
G1 X110.106 Y118.903 E863.79872
G1 X109.971 Y118.425 E863.81524
G1 X109.861 Y117.857 E863.83449
G1 F766 X109.952 Y117.324 E863.85562
G1 F685.7 X110.035 Y117.425 E863.86133
G1 F793 X110.554 Y117.517 E863.88122
G1 F847.1 X110.702 Y117.485 E863.88657
G1 F746.9 X110.811 Y117.409 E863.8919
G1 F697.7 X110.996 Y116.709 E863.92297
G1 F692.3 X111.175 Y116.276 E863.94322
G1 F689.7 X111.435 Y115.791 E863.96711
G1 F681.8 X111.704 Y115.373 E863.98893
G1 F724.3 X112.317 Y114.594 E864.0299
G1 F837.2 X112.637 Y114.275 E864.04605
G1 F900 X113.048 Y113.966 E864.06316
G1 X113.344 Y113.808 E864.07432
G1 X113.642 Y113.878 E864.0845
G1 X114.095 Y114.209 E864.10316
G1 X114.45 Y114.388 E864.11638
G1 X114.815 Y114.514 E864.12922
G1 X114.873 Y114.587 E864.13232
G1 X114.433 Y115.125 E864.15544
G1 X114.126 Y115.541 E864.17264
G1 X113.673 Y116.346 E864.20336
G1 X113.418 Y116.891 E864.22337
G1 X113.365 Y117.043 E864.22873
G1 F841.1 X113.037 Y117.677 E864.25413
G1 X112.933 Y116.971 E864.27953
G1 F900 X112.978 Y116.533 E864.29417
G1 X113.078 Y116.077 E864.3097
G1 X113.165 Y115.776 E864.32012
G1 X113.196 Y115.388 E864.33306
G1 X113.111 Y115.266 E864.33801
G1 X112.828 Y115.147 E864.34822
G1 F767.6 X112.577 Y115.154 E864.35801
G1 F667.9 X112.367 Y115.396 E864.37237
G1 F676.7 X112.044 Y115.806 E864.39546
G1 F692.3 X111.745 Y116.287 E864.41995
G1 F699 X111.545 Y116.725 E864.44057
G1 F708.7 X111.372 Y117.227 E864.463
G1 F714.3 X111.261 Y117.593 E864.47903
G1 F793 X111.184 Y118.177 E864.50126
G1 F900 X111.152 Y118.748 E864.52028
G1 X111.148 Y119.081 E864.53136
G1 X111.166 Y119.709 E864.55226
G1 X111.258 Y120.265 E864.571
G1 X111.403 Y120.793 E864.58921
G1 X111.567 Y121.266 E864.60586
G1 F1500 E858.10586
G0 F9000 X109.962 Y117.336
G1 F1500 E864.60586
G1 F532.5 X109.943 Y116.915 E864.62955
G1 F547.1 X109.955 Y116.407 E864.65735
G1 F571.4 X109.999 Y115.924 E864.68276
G1 F617.5 X110.067 Y115.514 E864.70291
G1 F1500 E858.20291
G0 F9000 X113.635 Y115.447
;TYPE:SKIN
G1 F1500 E864.70291
G1 F622.8 X113.633 Y115.285 E864.71069
G1 X113.498 Y115.024 E864.72482
G1 F630.5 X113.277 Y114.852 E864.73811
G1 F638.3 X112.864 Y114.683 E864.75904
G1 X112.933 Y114.604 E864.76396
G1 X113.377 Y114.27 E864.79001
G1 X113.455 Y114.289 E864.79378
G1 F630.5 X113.867 Y114.594 E864.81812
G1 F622.8 X114.162 Y114.743 E864.834
G1 X113.635 Y115.447 E864.87627
G1 F1500 E858.37627
G0 F9000 X110.761 Y119.421
G1 F1500 E864.87627
G1 F767.6 X110.654 Y119.204 E864.8857
G1 X110.477 Y118.776 E864.90376
G1 X110.355 Y118.334 E864.92165
G1 X110.264 Y117.868 E864.94016
G1 X110.557 Y117.918 E864.95175
G1 X110.81 Y117.862 E864.96186
G1 X110.758 Y118.717 E864.99526
G1 X110.761 Y119.421 E865.02272
G1 F1500 E858.52272
G0 F9000 X108.85 Y117.245
G0 X108.302 Y115.131
;TYPE:WALL-OUTER
G1 F1500 E865.02272
G1 F1043.5 X108.242 Y115.315 E865.02827
G0 F9000 X107.272 Y115.456
G1 F712.9 X107.251 Y115.744 E865.04039
G1 F1500 E858.54039
G0 F9000 X107.82 Y118.104
G0 X108.874 Y121.322
G1 F1500 E865.04039
G1 F663 X108.497 Y121.104 E865.06006
G1 F786 X107.933 Y120.139 E865.10262
G1 F720 X107.773 Y119.767 E865.11946
G1 F679.2 X107.58 Y119.266 E865.14312
G1 F646.3 X107.415 Y118.623 E865.17386
G1 F642.9 X107.338 Y118.463 E865.18213
G1 F754.7 X107.208 Y118.152 E865.1955
G1 F900 X107.126 Y117.5 E865.21736
G1 X107.093 Y116.969 E865.23505
G1 X107.112 Y116.437 E865.25276
G1 F875.9 X107.158 Y116.059 E865.26577
G1 F762.7 X107.251 Y115.744 E865.27866
G1 X107.379 Y116.022 E865.29068
G1 F875.9 X107.525 Y116.131 E865.2969
G1 F900 X107.841 Y116.15 E865.30743
G1 X107.996 Y116.022 E865.31412
G1 F947.4 X108.242 Y115.315 E865.33777
G1 X108.138 Y115.823 E865.35415
G1 F900 X108.073 Y116.372 E865.37254
G1 X108.032 Y116.933 E865.39125
G1 X108.016 Y117.484 E865.40958
G1 X108.028 Y118.051 E865.42845
G1 F728.7 X107.967 Y118.475 E865.44604
G1 F633.8 X108.082 Y119.024 E865.47253
G1 F669.1 X108.171 Y119.347 E865.48752
G1 F712.9 X108.385 Y119.971 E865.51522
G1 F769.2 X108.545 Y120.294 E865.52925
G1 F843.1 X108.736 Y120.74 E865.54648
G1 F930.2 X108.824 Y120.919 E865.55289
G1 F697.7 X108.874 Y121.322 E865.57032
G0 F9000 X109.129 Y121.654
G1 F586.3 X108.874 Y121.322 E865.59169
G1 F1500 E859.09169
G0 F9000 X108.463 Y120.637
G0 X108.2 Y120.065
G0 X107.86 Y118.725
G0 X107.82 Y118.104
G0 X107.579 Y116.607
;TYPE:SKIN
G1 F1500 E865.59169
G1 F579.7 X107.562 Y116.957 E865.60978
G1 F606.1 X107.57 Y117.469 E865.63508
G1 F664.2 X107.61 Y118.035 E865.66065
G1 F1500 E859.16065
G0 F9000 X107.791 Y118.322
G0 X107.996 Y119.405
G0 X108.196 Y119.967
G0 X108.499 Y120.708
G0 X107.639 Y124.349
G0 X109.189 Y124.357
;TYPE:WALL-OUTER
G1 F1500 E865.66065
G1 F1025.6 X109.016 Y124.283 E865.66614
G1 X108.547 Y124.033 E865.68165
G1 X108.115 Y123.745 E865.6968
G1 F973 X107.721 Y123.413 E865.71266
G1 F897.8 X107.376 Y123.075 E865.72876
G1 F861.2 X107.065 Y122.712 E865.74537
G1 F853.1 X106.624 Y122.112 E865.7715
G1 F895.5 X106.161 Y121.298 E865.8028
G1 F954.9 X105.961 Y120.889 E865.81708
G1 F983.6 X105.846 Y120.62 E865.82598
G1 F829.5 X105.85 Y120.202 E865.84107
G1 X106.17 Y120.467 E865.85606
G1 F975.6 X106.467 Y121.069 E865.87666
G1 F906.8 X106.928 Y121.808 E865.90541
G1 F861.2 X107.27 Y122.284 E865.92578
G1 F863.3 X107.576 Y122.675 E865.943
G1 F886.7 X107.847 Y122.987 E865.95695
G1 F962.6 X108.34 Y123.48 E865.97863
G1 F1025.6 X109.189 Y124.357 E866.01425
G1 F1500 E859.51425
G0 F9000 X108.868 Y125.163
G0 X108.011 Y124.673
G0 X107.179 Y124.03
G0 X106.826 Y123.677
G0 X106.355 Y123.123
G0 X105.85 Y120.189
G1 F1500 E866.01425
G1 F576.9 X105.66 Y119.695 E866.04172
G1 F670.4 X105.428 Y118.902 E866.07861
G1 F1500 E859.57861
G0 F9000 X109.522 Y126.834
G1 F1500 E866.07861
G1 F521.7 X109.2 Y126.645 E866.10003
G1 F484.5 X108.722 Y126.327 E866.1355
G1 F481.3 X108.097 Y125.857 E866.18414
G1 F515.8 X107.692 Y125.526 E866.21449
G1 F580.6 X107.3 Y125.19 E866.24111
G1 F1500 E859.74111
G0 F9000 X109.371 Y134.659
G0 X110.055 Y134.974
G1 F1500 E866.24111
G1 F714.3 X109.568 Y134.855 E866.26212
G1 X108.357 Y134.648 E866.31361
G1 X109.698 Y134.446 E866.37044
G1 X110.103 Y134.362 E866.38777
G1 X110.121 Y134.688 E866.40146
G1 X110.055 Y134.974 E866.41376
G1 F1500 E859.91376
G0 F9000 X109.888 Y134.699
G0 X115.234 Y134.748
G0 X114.456 Y135.721
G1 F1500 E866.41376
G1 F1049.6 X114.376 Y135.678 E866.41635
G1 X114.119 Y135.357 E866.42807
G1 F1011.2 X114.067 Y134.916 E866.44122
G1 F975.6 X114.174 Y134.467 E866.45538
G1 X114.412 Y134.165 E866.46718
G1 X114.437 Y134.281 E866.47082
G1 X114.44 Y134.924 E866.49055
G1 F1011.2 X114.454 Y135.286 E866.50127
G1 F1049.6 X114.456 Y135.721 E866.51368
G1 F1500 E860.01368
G0 F9000 X115.245 Y135.734
G1 F1500 E866.51368
G0 F9000 X116.057 Y135.658
G1 F1005.6 X116.062 Y134.487 E866.54854
G1 F1008.4 X116.107 Y134.211 E866.55684
G1 X116.248 Y134.319 E866.56211
G1 X116.418 Y134.687 E866.57414
G1 F1005.6 X116.417 Y135.194 E866.58924
G1 X116.229 Y135.57 E866.60175
G1 X116.057 Y135.658 E866.6075
G1 F1500 E860.1075
G0 F9000 X115.251 Y135.689
G0 X115.306 Y133.553
G1 F1500 E866.6075
G0 F9000 X116.219 Y133.522
G1 F610.2 X116.168 Y133.516 E866.61002
G1 F1500 E860.11002
G0 F9000 X115.511 Y133.516
G0 X115.087 Y133.484
G1 F1500 E866.61002
G0 F9000 X114.526 Y133.427
G1 F652.2 X114.346 Y133.485 E866.6187
G1 F620.7 X114.06 Y133.597 E866.63351
G1 F1500 E860.13351
G0 F9000 X113.443 Y134.16
G0 X113.951 Y136.327
G1 F1500 E866.63351
G1 F849.1 X113.56 Y136.149 E866.64866
G1 F882.4 X113.266 Y135.836 E866.66323
G1 F831.4 X113.094 Y135.458 E866.67818
G1 F805.4 X113.019 Y134.962 E866.69683
G1 F800 X113.068 Y134.508 E866.71391
G1 F818.2 X113.242 Y134.058 E866.73156
G1 F809 X113.585 Y133.69 E866.75018
G1 F782.6 X114.042 Y133.58 E866.76816
G1 F841.1 X113.84 Y133.981 E866.78414
G1 F893.3 X113.633 Y134.235 E866.79512
G1 F837.2 X113.495 Y134.622 E866.80981
G1 F800 X113.481 Y134.956 E866.82232
G1 F794.7 X113.497 Y135.297 E866.83517
G1 F827.6 X113.686 Y135.724 E866.85206
G1 F708.7 X114.216 Y136.312 E866.8855
G1 F679.2 X113.951 Y136.327 E866.8972
G0 F9000 X114.216 Y136.312
G1 F598 X114.526 Y136.365 E866.91294
G0 F9000 X115.158 Y136.588
G0 X115.302 Y136.867
G0 X115.695 Y137.243
G1 F699 X115.147 Y137.231 E866.93641
G1 X114.789 Y137.196 E866.95182
G1 X115.007 Y136.936 E866.96635
G1 F652.2 X114.981 Y136.647 E866.97967
G1 F606.1 X114.569 Y136.37 E867.00419
G1 F604 X114.74 Y136.389 E867.01271
G1 F615.4 X114.919 Y136.352 E867.0216
G1 F616.4 X115.058 Y136.205 E867.03143
G1 F683.1 X115.018 Y135.919 E867.04408
G1 F786 X115.03 Y134.188 E867.11001
G1 F782.6 X115.022 Y133.895 E867.12122
G1 F656.9 X115.041 Y133.643 E867.13273
G1 F592.1 X114.757 Y133.445 E867.15024
G1 F639.4 X114.526 Y133.427 E867.16108
G1 F645.2 X114.939 Y133.381 E867.18036
G1 F596 X115.063 Y133.259 E867.1891
G1 F620.7 X115.051 Y132.997 E867.20175
G1 F675.4 X114.881 Y132.639 E867.21931
G1 X115.774 Y132.642 E867.25889
G1 X115.565 Y132.949 E867.27535
G1 F620.7 X115.61 Y133.301 E867.29246
G1 F575.1 X115.7 Y133.417 E867.30011
G1 F578.8 X115.846 Y133.477 E867.30827
G1 F586.3 X116.143 Y133.513 E867.32354
G1 F582.5 X115.655 Y133.607 E867.34908
G1 F575.1 X115.505 Y133.687 E867.35793
G1 F671.6 X115.473 Y134.362 E867.38805
G1 F803.6 X115.468 Y135.387 E867.42623
G1 F787.7 X115.478 Y135.885 E867.44516
G1 F683.1 X115.555 Y136.124 E867.45616
G1 F611.2 X115.701 Y136.293 E867.4671
G1 F608.1 X115.99 Y136.381 E867.48197
G1 X115.553 Y136.496 E867.50421
G1 F616.4 X115.464 Y136.621 E867.51167
G1 F659.3 X115.487 Y136.866 E867.52284
G1 F699 X115.695 Y137.243 E867.54128
G0 F9000 X115.35 Y137.035
G0 X116.975 Y135.833
G0 X116.493 Y136.235
G1 F596 X116.569 Y136.143 E867.54727
G1 F746.9 X116.66 Y135.886 E867.5582
G1 F871.7 X116.843 Y135.668 E867.56797
G1 F818.2 X116.978 Y135.115 E867.5888
G1 F807.2 X116.972 Y134.63 E867.60678
G1 F835.3 X116.777 Y134.085 E867.62753
G1 F780.9 X116.24 Y133.52 E867.65741
G1 F714.3 X116.382 Y133.507 E867.66338
G1 F810.8 X116.871 Y133.642 E867.68211
G1 F891.1 X117.16 Y133.914 E867.69544
G1 F809 X117.341 Y134.28 E867.71055
G1 F772.5 X117.445 Y134.697 E867.7272
G1 F764.3 X117.435 Y135.253 E867.74898
G1 F782.6 X117.3 Y135.675 E867.76593
G1 F833.3 X117.184 Y135.906 E867.77522
G1 F853.1 X116.912 Y136.19 E867.78901
G1 F679.2 X116.493 Y136.235 E867.80759
G1 F582.5 X116.01 Y136.376 E867.83344
G1 F1500 E861.33344
G0 F9000 X115.513 Y136.334
G0 X118.997 Y136.358
G0 X119.706 Y134.789
G1 F1500 E867.83344
G1 F540.5 X119.915 Y134.909 E867.84679
G0 F9000 X120.321 Y135.04
G0 X120.657 Y135.652
G1 F622.8 X120.439 Y135.458 E867.86081
G1 F654.5 X120.186 Y135.208 E867.87708
G1 F616.4 X120.029 Y135.006 E867.8895
G1 F555.6 X119.915 Y134.909 E867.89757
G1 X120.054 Y134.907 E867.90506
G1 F616.4 X120.209 Y134.807 E867.91402
G1 F703.1 X120.311 Y134.626 E867.92286
G1 F746.9 X120.549 Y134.3 E867.93904
G1 F743.8 X120.696 Y134.026 E867.95155
G1 F774.2 X121.147 Y133.258 E867.98599
G1 F853.1 X121.044 Y132.584 E868.00991
G1 F900 X121.48 Y132.565 E868.02443
G1 X122.292 Y132.569 E868.05143
G1 X122.29 Y132.638 E868.05373
G1 X122.016 Y132.902 E868.06639
G1 F888.9 X121.769 Y133.27 E868.08131
G1 F801.8 X121.548 Y133.537 E868.09425
G1 F739.2 X121.123 Y134.254 E868.128
G1 F743.8 X120.946 Y134.577 E868.14283
G1 F746.9 X120.72 Y134.871 E868.15769
G1 F703.1 X120.65 Y135.055 E868.16607
G1 F654.5 X120.596 Y135.406 E868.18231
G1 F622.8 X120.657 Y135.652 E868.19449
G1 F1500 E861.69449
G0 F9000 X120.447 Y135.214
G0 X121.327 Y136.515
G0 X121.947 Y136.847
G1 F1500 E868.19449
G1 F753.1 X121.913 Y136.877 E868.19629
G1 X121.158 Y136.865 E868.22631
G1 X121.056 Y136.808 E868.23095
G1 F743.8 X121.164 Y136.457 E868.24573
G1 F649.8 X121.158 Y136.182 E868.2584
G1 X121.444 Y136.388 E868.27464
G1 F743.8 X121.947 Y136.847 E868.30204
G0 F9000 X121.439 Y136.67
G0 X121.158 Y136.182
G1 F592.1 X120.657 Y135.652 E868.33891
G1 F1500 E861.83891
G0 F9000 X120.447 Y135.214
G0 X119.075 Y135.834
G0 X119.442 Y136.92
G1 F1500 E868.33891
G1 F672.9 X118.581 Y136.917 E868.37721
G1 X118.676 Y136.77 E868.385
G1 F704.5 X118.806 Y136.392 E868.40198
G1 F751.6 X118.799 Y135.86 E868.42318
G1 F753.1 X118.808 Y135.039 E868.45581
G1 F675.4 X118.854 Y134.645 E868.47339
G1 F683.1 X118.801 Y134.257 E868.49055
G1 F699 X118.799 Y133.074 E868.54121
G1 F647.5 X118.526 Y132.644 E868.56476
G1 X119.456 Y132.648 E868.60775
G1 F671.6 X119.274 Y133.07 E868.62823
G1 F728.7 X119.27 Y134.217 E868.67535
G1 F681.8 X119.312 Y134.396 E868.68342
G1 F598 X119.563 Y134.688 E868.7027
G1 F560.7 X119.706 Y134.789 E868.71204
G1 X119.544 Y134.76 E868.72083
G1 F598 X119.34 Y134.858 E868.73216
G1 F675.4 X119.293 Y135.055 E868.74113
G1 F751.6 X119.272 Y135.472 E868.75776
G1 F764.3 X119.269 Y135.833 E868.7719
G1 F753.1 X119.289 Y136.374 E868.79342
G1 F722.9 X119.276 Y136.672 E868.80577
G1 F689.7 X119.442 Y136.92 E868.81872
G1 F1500 E862.31872
G0 F9000 X119.081 Y136.739
G0 X118.997 Y133.223
G0 X120.873 Y134.094
G0 X121.561 Y132.963
;TYPE:SKIN
G1 F1500 E868.81872
G1 F775.9 X121.532 Y133.013 E868.82095
G1 X121.474 Y133.013 E868.82319
G1 X121.445 Y132.963 E868.82542
G1 X121.474 Y132.913 E868.82765
G1 X121.532 Y132.913 E868.82989
G1 X121.561 Y132.963 E868.83212
G1 F1500 E862.33212
G0 F9000 X121.545 Y133.223
G0 X125.496 Y134.769
G0 X125.316 Y134.99
;TYPE:WALL-OUTER
G1 F1500 E868.83212
G1 F728.7 X125.313 Y134.733 E868.84267
G1 X125.451 Y134.405 E868.85729
G1 X125.805 Y134.468 E868.87206
G1 X127.106 Y134.658 E868.92607
G1 X126.664 Y134.736 E868.9445
G1 X126.268 Y134.821 E868.96114
G1 X125.687 Y134.916 E868.98532
G1 X125.316 Y134.99 E869.00086
G1 F1500 E862.50086
G0 F9000 X125.54 Y134.718
G0 X123.846 Y142.959
G0 X123.853 Y143.144
G1 F1500 E869.00086
G1 F796.5 X123.572 Y143.008 E869.0126
G1 F847.1 X123.282 Y142.728 E869.02684
G1 F818.2 X123.074 Y142.358 E869.04237
G1 F796.5 X122.957 Y141.995 E869.0567
G1 F794.7 X122.902 Y141.524 E869.07457
G1 F803.6 X122.891 Y140.778 E869.10236
G1 F810.8 X122.931 Y140.277 E869.12091
G1 F843.1 X123.099 Y139.786 E869.13934
G1 F882.4 X123.281 Y139.428 E869.15296
G1 F942.4 X123.563 Y139.139 E869.16579
G1 F1000 X123.798 Y139.003 E869.17392
G1 F841.1 X124.005 Y138.976 E869.18135
G1 F634.9 X124.263 Y139.028 E869.19376
G1 X124.063 Y139.2 E869.20619
G1 F841.1 X123.962 Y139.322 E869.21183
G1 F1000 X123.799 Y139.41 E869.21737
G1 F973 X123.532 Y139.777 E869.23134
G1 F873.8 X123.364 Y140.378 E869.25271
G1 F810.8 X123.337 Y140.786 E869.26781
G1 F814.5 X123.329 Y141.062 E869.27796
G1 X123.343 Y141.419 E869.29109
G1 F812.6 X123.425 Y142.055 E869.31471
G1 F837.2 X123.668 Y142.537 E869.33401
G1 F859.2 X123.763 Y142.632 E869.33869
G1 F865.4 X123.984 Y142.748 E869.34732
G1 F743.8 X124.232 Y142.952 E869.36025
G1 F600 X124.368 Y143.012 E869.36766
G1 X124.218 Y143.079 E869.37586
G1 F693.6 X123.853 Y143.144 E869.39186
G0 F9000 X124.368 Y143.012
G1 F538.9 X124.616 Y142.955 E869.40599
G1 F545.5 X124.926 Y142.806 E869.42487
G1 F493.8 X125.204 Y142.605 E869.44566
G1 F1500 E862.94566
G0 F9000 X125.196 Y142.631
G0 X125.297 Y139.716
G1 F1500 E869.44566
G1 F588.2 X125.142 Y139.344 E869.46617
G1 F566.9 X124.928 Y139.157 E869.48118
G1 F536.5 X124.616 Y139.047 E869.49964
G1 F546.3 X124.263 Y139.028 E869.51901
G1 F1500 E863.01901
G0 F9000 X117.715 Y139.573
G1 F1500 E869.51901
G1 F564.3 X117.737 Y139.852 E869.53385
G1 F611.2 X117.904 Y140.368 E869.56042
G1 F604 X117.924 Y140.398 E869.5622
G1 F1500 E863.0622
G0 F9000 X118.628 Y143.492
G1 F1500 E869.5622
G1 F900 X118.48 Y143.437 E869.56745
G1 X118.563 Y143.118 E869.57842
G1 F875.9 X118.498 Y142.803 E869.58941
G1 F784.3 X118.463 Y142.517 E869.60041
G1 X118.66 Y142.622 E869.60893
G1 F875.9 X118.947 Y142.635 E869.61874
G1 F900 X119.072 Y142.544 E869.62389
G1 F893.3 X119.208 Y142.318 E869.63272
G1 F878 X119.28 Y141.922 E869.64645
G1 F875.9 X119.403 Y141.485 E869.66196
G1 F829.5 X119.503 Y140.832 E869.6858
G1 F731.7 X119.366 Y140.7 E869.69358
G1 F681.8 X118.827 Y140.617 E869.71753
G1 F687 X119.41 Y140.547 E869.74311
G1 F731.7 X119.558 Y140.487 E869.74964
G1 F775.9 X119.755 Y140.009 E869.76959
G1 F766 X119.797 Y139.6 E869.78566
G1 F745.3 X119.721 Y139.358 E869.79585
G1 X120.182 Y139.329 E869.8144
G1 X120.451 Y139.348 E869.82523
G1 F767.6 X120.286 Y139.572 E869.83608
G1 F814.5 X120.146 Y140.178 E869.85894
G1 F794.7 X120.013 Y140.617 E869.87621
G1 F725.8 X119.956 Y140.757 E869.88245
G1 F756.3 X119.912 Y141.057 E869.89445
G1 F853.1 X119.791 Y141.607 E869.91421
G1 F878 X119.684 Y142.018 E869.92869
G1 F882.4 X119.435 Y143.15 E869.96801
G1 F900 X119.325 Y143.438 E869.97826
G1 X119.014 Y143.492 E869.98876
G1 X118.628 Y143.492 E870.0016
G0 F9000 X118.463 Y142.517
G1 F715.7 X118.331 Y142.11 E870.0195
G1 F733.2 X118.182 Y141.54 E870.04355
G1 F756.3 X118.122 Y141.357 E870.05117
G0 F9000 X118.107 Y141.306
G1 F714.3 X118.042 Y141.087 E870.06075
G1 F697.7 X117.94 Y140.59 E870.08251
G1 F841.1 X117.839 Y140.568 E870.08619
G1 F779.2 X117.924 Y140.398 E870.09349
G1 X118.085 Y140.372 E870.09976
G1 F825.7 X118.07 Y140.481 E870.10375
G1 F833.3 X118.273 Y140.455 E870.1111
G1 F814.5 X118.351 Y140.612 E870.11754
G1 X118.295 Y140.754 E870.12315
G1 F853.1 X118.188 Y140.716 E870.12714
G1 F692.3 X118.12 Y140.873 E870.13453
G1 F705.9 X118.107 Y141.306 E870.15291
G0 F9000 X118.351 Y140.612
G1 F656.9 X118.827 Y140.617 E870.1746
G1 F1500 E863.6746
G0 F9000 X119.057 Y143.059
;TYPE:SKIN
G1 F1500 E870.1746
G1 F661.8 X119.023 Y143.118 E870.17768
G1 X118.955 Y143.118 E870.18075
G1 X118.921 Y143.059 E870.18383
G1 X118.955 Y143 E870.18691
G1 X119.023 Y143 E870.18999
G1 X119.057 Y143.059 E870.19307
G1 F1500 E863.69307
G0 F9000 X114.597 Y143.232
;TYPE:WALL-OUTER
G1 F1500 E870.19307
G1 F568.7 X114.769 Y143.268 E870.20232
G0 F9000 X115.498 Y143.203
G0 X116.109 Y143.38
G1 F680.5 X115.613 Y143.377 E870.22414
G1 F714.3 X115.308 Y143.364 E870.23693
G1 F669.1 X114.934 Y143.314 E870.25381
G1 F602 X114.769 Y143.268 E870.26233
G1 F638.3 X115.277 Y143.08 E870.28773
G1 F737.7 X115.435 Y142.969 E870.29556
G1 F786 X115.466 Y142.35 E870.31917
G1 F782.6 X115.443 Y139.828 E870.41564
G1 F737.7 X115.399 Y139.498 E870.42914
G1 F720 X115.339 Y139.359 E870.43544
G1 X116.055 Y139.434 E870.46537
G1 X115.916 Y139.714 E870.47837
G1 F753.1 X115.905 Y140.207 E870.49797
G1 F803.6 X115.908 Y142.348 E870.57772
G1 F798.2 X115.898 Y142.915 E870.59899
G1 F746.9 X115.876 Y143.115 E870.60705
G1 F695 X115.968 Y143.318 E870.61665
G1 F661.8 X116.109 Y143.38 E870.62362
G1 F647.5 X116.157 Y143.381 E870.62584
G0 F9000 X116.748 Y143.501
G1 F944.9 X116.463 Y143.479 E870.63489
G1 F750 X116.157 Y143.381 E870.64772
G1 X116.438 Y143.235 E870.66036
G1 F942.4 X116.704 Y143.139 E870.66934
G1 F997.2 X116.983 Y142.777 E870.68306
G1 X116.929 Y143.45 E870.70332
G1 F1000 X116.748 Y143.501 E870.70895
G1 F1500 E864.20895
G0 F9000 X111.894 Y140.886
G1 F1500 E870.70895
G1 F714.3 X112.033 Y141.181 E870.72262
G1 F684.4 X112.113 Y141.294 E870.72868
G1 F1500 E864.22868
G0 F9000 X110.983 Y142.474
G0 X111.237 Y142.984
G1 F1500 E870.72868
G1 F780.9 X110.743 Y142.942 E870.74768
G1 X110.666 Y142.855 E870.75213
G1 F796.5 X110.772 Y142.583 E870.7631
G1 F853.1 X110.788 Y142.09 E870.78041
G1 F886.7 X110.799 Y141.031 E870.81617
G1 X110.796 Y140.137 E870.84635
G1 F818.2 X110.821 Y139.57 E870.86711
G1 F757.9 X110.758 Y138.995 E870.88996
G1 F764.3 X110.702 Y138.841 E870.89637
G1 X111.005 Y138.877 E870.90833
G1 X111.227 Y138.982 E870.91794
G1 F757.9 X111.289 Y139.481 E870.9378
G1 F818.2 X111.54 Y139.977 E870.95814
G1 F900 X111.774 Y140.507 E870.97741
G1 F798.2 X111.894 Y140.886 E870.99232
G1 X111.627 Y140.796 E871.00289
G1 F900 X111.362 Y140.851 E871.01189
G1 F886.7 X111.21 Y141.038 E871.02002
G1 F873.8 X111.184 Y142.438 E871.06799
G1 F825.7 X111.196 Y142.699 E871.07746
G1 F780.9 X111.237 Y142.984 E871.0885
G1 F1500 E864.5885
G0 F9000 X110.956 Y142.718
G0 X113.004 Y142.988
G0 X113.326 Y143.279
G1 F1500 E871.0885
G1 F900 X112.93 Y143.224 E871.1018
G1 X112.728 Y142.992 E871.11203
G1 X112.557 Y142.516 E871.12885
G1 X112.256 Y141.827 E871.15386
G1 F825.7 X112.102 Y141.287 E871.17422
G1 F737.7 X112.212 Y141.36 E871.17957
G1 F798.2 X112.457 Y141.368 E871.18877
G1 F900 X112.654 Y141.296 E871.19574
G1 X112.783 Y141.142 E871.20242
G1 F911.4 X112.798 Y140.851 E871.212
G1 F927.8 X112.813 Y139.81 E871.24558
G1 F900 X112.792 Y139.305 E871.26239
G1 F841.1 X112.713 Y139.127 E871.26933
G1 F812.6 X112.89 Y139.105 E871.2759
G1 F835.3 X113.263 Y139.2 E871.28969
G1 F884.5 X113.198 Y139.751 E871.30847
G1 F923.1 X113.188 Y140.332 E871.32731
G1 F918.4 X113.185 Y142.495 E871.39781
G1 F900 X113.265 Y143.091 E871.41781
G1 X113.326 Y143.279 E871.42439
G1 F1500 E864.92439
G0 F9000 X113.025 Y143.009
G0 X112.798 Y141.755
;TYPE:SKIN
G1 F1500 E871.42439
G1 F604 X112.761 Y141.819 E871.42805
G1 X112.687 Y141.819 E871.43172
G1 X112.65 Y141.755 E871.43538
G1 X112.687 Y141.691 E871.43905
G1 X112.761 Y141.691 E871.44271
G1 X112.798 Y141.755 E871.44638
G1 F1500 E864.94638
G0 F9000 X111.313 Y139.978
G0 X111.317 Y140.417
G1 F1500 E871.44638
G1 F625 X111.281 Y140.479 E871.44981
G1 X111.209 Y140.479 E871.45326
G1 X111.173 Y140.417 E871.45669
G1 X111.209 Y140.355 E871.46013
G1 X111.281 Y140.355 E871.46357
G1 X111.317 Y140.417 E871.46701
G1 F1500 E864.96701
G0 F9000 X111.277 Y139.906
G0 X111.007 Y140.026
G0 X108.34 Y141.359
G0 X108.324 Y141.774
;TYPE:WALL-OUTER
G1 F1500 E871.46701
G1 F882.4 X108.085 Y141.744 E871.47518
G1 F880.2 X108.086 Y140.866 E871.50504
G1 F878 X108.147 Y140.834 E871.50739
G1 X108.375 Y140.983 E871.51667
G1 X108.497 Y141.314 E871.5287
G1 F880.2 X108.49 Y141.565 E871.53724
G1 F882.4 X108.324 Y141.774 E871.54629
G1 F1500 E865.04629
G0 F9000 X108.34 Y141.359
G0 X103.06 Y141.197
G0 X103.328 Y141.453
G1 F1500 E871.54629
G1 F727.3 X102.763 Y141.289 E871.57051
G1 F725.8 X102.706 Y141.07 E871.57984
G1 F750 X102.766 Y140.825 E871.58991
G1 F791.2 X102.784 Y139.813 E871.6282
G1 F697.7 X102.855 Y139.324 E871.6494
G1 X102.785 Y138.62 E871.67976
G1 F746.9 X102.788 Y137.286 E871.73322
G1 F692.3 X102.733 Y137.102 E871.74153
G1 X103.274 Y137.265 E871.76596
G1 X103.349 Y137.451 E871.77463
G1 F714.3 X103.256 Y137.701 E871.78581
G1 F769.2 X103.229 Y138.113 E871.80187
G1 F807.2 X103.225 Y138.582 E871.81927
G1 F697.7 X103.38 Y139.145 E871.84432
G1 F679.2 X103.765 Y139.393 E871.8645
G1 F796.5 X103.926 Y139.418 E871.87063
G1 F742.3 X104.072 Y139.39 E871.87662
G1 F697.7 X104.348 Y139.161 E871.89201
G1 F743.8 X104.554 Y138.796 E871.90888
G1 F759.5 X104.762 Y138.461 E871.92442
G1 F714.3 X104.984 Y137.942 E871.94808
G1 F674.2 X104.992 Y137.765 E871.95594
G1 X105.65 Y137.931 E871.98607
G1 X105.674 Y138 E871.98932
G1 F687 X105.472 Y138.181 E872.00114
G1 F711.5 X105.292 Y138.469 E872.01543
G1 F740.7 X105.07 Y138.872 E872.03402
G1 F775.9 X104.692 Y139.442 E872.06041
G1 F727.3 X104.45 Y139.752 E872.07659
G1 F676.7 X104.281 Y140.055 E872.09194
G1 F714.3 X104.301 Y140.313 E872.10279
G1 F722.9 X104.049 Y139.811 E872.12604
G1 F764.3 X103.932 Y139.807 E872.13063
G1 F913.7 X103.671 Y139.731 E872.13954
G1 F762.7 X103.3 Y139.576 E872.15532
G1 F697.7 X103.23 Y139.82 E872.16621
G1 F814.5 X103.22 Y140.168 E872.179
G1 F805.4 X103.222 Y140.804 E872.20264
G1 F759.5 X103.211 Y141.104 E872.21447
G1 F727.3 X103.328 Y141.453 E872.22962
G0 F9000 X103.002 Y141.142
G0 X102.991 Y140.296
G0 X104 Y139.613
G0 X104.301 Y140.313
G1 F759.5 X104.533 Y140.678 E872.24667
G1 F734.7 X104.921 Y141.35 E872.27829
G1 F578.8 X105.012 Y141.671 E872.29554
G1 F1500 E865.79554
G0 F9000 X99.66 Y136.203
G0 X100.405 Y136.325
G1 F1500 E872.29554
G1 F615.4 X100.611 Y136.473 E872.30788
G1 F621.8 X100.857 Y136.741 E872.32539
G1 F656.9 X101.094 Y137.184 E872.34829
G1 F679.2 X101.221 Y137.559 E872.36574
G1 F1500 E865.86574
G0 F9000 X101.018 Y140.246
G0 X101.209 Y140.734
G1 F1500 E872.36574
G1 F770.9 X100.885 Y140.578 E872.3797
G1 F906.8 X100.54 Y140.652 E872.39135
G1 F1111.1 X99.942 Y140.605 E872.40751
G1 F1118 X99.572 Y140.393 E872.41892
G1 F1104.3 X99.249 Y140.106 E872.43064
G1 F1011.2 X98.967 Y139.716 E872.44488
G1 F904.5 X98.783 Y139.288 E872.4603
G1 F821.9 X98.668 Y138.844 E872.477
G1 F761.1 X98.63 Y138.397 E872.49465
G1 F740.7 X98.617 Y137.821 E872.51793
G1 F734.7 X98.65 Y137.258 E872.54091
G1 X98.707 Y136.931 E872.55443
G1 F737.7 X98.861 Y136.565 E872.57055
G1 X99.092 Y136.24 E872.58673
G1 F736.2 X99.406 Y136.062 E872.6014
G1 X99.605 Y136.015 E872.60972
G1 X100.039 Y136.117 E872.62784
G1 F703.1 X100.293 Y136.245 E872.63995
G1 F656.9 X100.405 Y136.325 E872.64622
G1 X100.28 Y136.3 E872.65203
G1 F705.9 X99.665 Y136.389 E872.67838
G1 F743.8 X99.337 Y136.693 E872.69638
G1 F742.3 X99.157 Y137.119 E872.71503
G1 F740.7 X99.11 Y137.681 E872.73782
G1 F742.3 X99.106 Y138.121 E872.75557
G1 F762.7 X99.131 Y138.911 E872.78659
G1 F893.3 X99.237 Y139.471 E872.80569
G1 F1065.1 X99.501 Y139.893 E872.81968
G1 F1114.6 X99.873 Y140.231 E872.83318
G1 F1146.5 X99.999 Y140.288 E872.83679
G1 F1118 X100.56 Y140.311 E872.85182
G1 F900 X100.804 Y140.197 E872.86078
G1 F770.9 X101.022 Y139.976 E872.87283
G1 X101.145 Y139.661 E872.88596
G1 X101.2 Y140.033 E872.90057
G1 X101.209 Y140.734 E872.92779
G1 F1500 E866.42779
G0 F9000 X100.975 Y140.365
G0 X99.521 Y143.848
G0 X102.359 Y144.769
G0 X107.195 Y145.997
G0 X112.669 Y146.804
G0 X115.934 Y147.041
G0 X120.388 Y147.151
G0 X126.355 Y146.347
G0 X128.74 Y145.901
G0 X133.284 Y144.772
G0 X137.287 Y143.397
G0 X137.949 Y143.081
G0 X138.466 Y142.739
G0 X138.935 Y142.326
G0 X139.317 Y141.876
G0 X139.62 Y141.373
G0 X139.828 Y140.816
G0 X139.923 Y139.572
G0 X139.963 Y134.42
G0 X139.791 Y128.58
G0 X139.73 Y127.433
G0 X139.58 Y126.693
G0 X123.287 Y128.024
G1 F1500 E872.92779
G1 F570.5 X123.206 Y128.5 E872.95312
G1 F552.1 X123.097 Y128.903 E872.97576
G1 F567.8 X122.89 Y129.347 E873.00158
G1 F646.3 X122.583 Y129.79 E873.02654
G1 F814.5 X122.368 Y130.052 E873.039
G1 F1500 E866.539
G0 F9000 X123.65 Y122.145
G1 F1500 E873.039
G1 F909.1 X123.627 Y122.159 E873.03989
G1 F1500 E866.53989
G0 F9000 X122.517 Y123.561
G1 F1500 E873.03989
G1 F796.5 X122.614 Y123.411 E873.0466
G1 F902.3 X122.718 Y123.015 E873.06018
G1 F895.5 X122.753 Y122.985 E873.06172
G1 F839.2 X122.72 Y122.839 E873.06706
G1 X122.414 Y122.472 E873.08411
G1 X123.19 Y122.348 E873.11214
G1 F869.6 X123.627 Y122.159 E873.12853
G1 X123.284 Y122.407 E873.1431
G1 F839.2 X122.921 Y122.85 E873.16353
G1 X122.874 Y122.992 E873.16887
G1 F895.5 X122.961 Y123.121 E873.17407
G1 F962.6 X123.205 Y123.24 E873.18251
G1 X122.897 Y123.438 E873.1939
G1 F843.1 X122.517 Y123.561 E873.20808
G1 F748.4 X122.479 Y123.578 E873.20974
G1 F1500 E866.70974
G0 F9000 X120.602 Y123.598
G1 F1500 E873.20974
G1 F636 X120.872 Y123.76 E873.22456
G1 F708.7 X121.383 Y123.795 E873.2462
G1 F699 X121.68 Y123.768 E873.25897
G1 F581.6 X121.953 Y123.631 E873.27469
G1 F1500 E866.77469
G0 F9000 X128.654 Y118.941
G1 F1500 E873.27469
G1 F980.9 X128.571 Y118.852 E873.2784
G1 X128.376 Y118.478 E873.29127
G1 F978.3 X128.257 Y118.142 E873.30218
G1 F1000 X128.197 Y117.656 E873.31684
G1 F1022.7 X128.208 Y117.127 E873.33233
G1 X128.263 Y117.013 E873.33603
G1 X128.547 Y117.649 E873.35642
G1 F1000 X128.626 Y118.103 E873.37021
G1 F980.9 X128.668 Y118.778 E873.39085
G1 X128.654 Y118.941 E873.39584
G1 F1500 E866.89584
G0 F9000 X126.57 Y116.084
G1 F1500 E873.39584
G1 F900 X126.031 Y115.869 E873.41514
G1 X124.828 Y115.255 E873.46007
G1 X124.545 Y115.093 E873.47091
G1 X123.839 Y114.767 E873.49678
G1 X124.039 Y114.673 E873.50413
G1 X124.531 Y114.32 E873.52427
G1 X124.859 Y113.88 E873.54252
G1 X125.038 Y113.377 E873.56028
G1 X125.075 Y112.622 E873.58542
G1 X125.439 Y112.904 E873.60073
G1 X125.712 Y113.202 E873.61418
G1 X126.047 Y113.616 E873.63189
G1 X126.312 Y114.056 E873.64897
G1 X126.553 Y114.382 E873.66246
G1 X126.664 Y114.412 E873.66628
G1 X126.946 Y114.359 E873.67582
G1 X127.066 Y114.252 E873.68117
G1 X127.185 Y113.753 E873.69823
G1 X127.389 Y114.28 E873.71703
G1 X127.452 Y114.697 E873.73106
G1 X127.456 Y114.978 E873.7404
G1 X127.437 Y115.341 E873.75249
G1 X127.312 Y115.759 E873.767
G1 X127.034 Y116 E873.77924
G1 X126.57 Y116.084 E873.79492
G0 F9000 X126.605 Y115.709
;TYPE:SKIN
G1 F900 X126.183 Y115.541 E873.81003
G1 X125.01 Y114.943 E873.85382
G1 X124.595 Y114.716 E873.86956
G1 X124.801 Y114.556 E873.87823
G1 X125.181 Y114.045 E873.89941
G1 X125.404 Y113.398 E873.92217
G1 X125.751 Y113.823 E873.94042
G1 X126 Y114.239 E873.95655
G1 X126.254 Y114.577 E873.97061
G1 X126.421 Y114.711 E873.97773
G1 X126.681 Y114.785 E873.98672
G1 X127.086 Y114.696 E874.00051
G1 X127.096 Y114.956 E874.00917
G1 X127.077 Y115.281 E874.02
G1 X126.996 Y115.554 E874.02947
G1 X126.871 Y115.66 E874.03492
G1 X126.605 Y115.709 E874.04391
G0 F9000 X126.832 Y114.953
G1 F900 X126.892 Y115.012 E874.04671
G0 F9000 X126.769 Y115.456
G1 F900 X125.384 Y114.07 E874.11188
G0 F9000 X125.157 Y114.409
G1 F900 X125.942 Y115.194 E874.14881
G1 F1500 E867.64881
G0 F9000 X121.162 Y129.13
;TYPE:WALL-OUTER
G1 F1500 E874.14881
G1 F555.6 X121.261 Y129.01 E874.15719
G1 F1500 E867.65719
G0 F9000 X125.113 Y123.563
G1 F1500 E874.15719
G1 F567.8 X125.199 Y123.927 E874.17691
G1 F537.3 X125.118 Y124.203 E874.19293
G1 F540.5 X124.93 Y124.574 E874.21596
G1 F584.4 X124.661 Y124.857 E874.23596
G1 F616.4 X124.437 Y125.057 E874.25055
G1 F661.8 X123.944 Y125.391 E874.27748
G1 F687 X123.452 Y125.656 E874.30183
G1 F663 X123.149 Y125.797 E874.31692
G1 F1500 E867.81692
G0 F9000 X115.181 Y119.631
G1 F1500 E874.31692
G1 F576 X115.182 Y119.275 E874.33542
G1 F660.6 X115.208 Y118.836 E874.35535
G1 F1500 E867.85535
G0 F9000 X117.211 Y118
G0 X117.5 Y118.021
G1 F1500 E874.35535
G1 F821.9 X117.273 Y118.318 E874.36896
G1 F863.3 X116.995 Y118.75 E874.38678
G1 F932.6 X116.741 Y119.257 E874.40498
G1 F1000 X116.578 Y119.675 E874.41841
G1 F886.7 X116.478 Y119.771 E874.42309
G1 F636 X116.303 Y119.992 E874.43635
G1 F612.2 X116.238 Y119.591 E874.45622
G1 F803.6 X116.486 Y118.891 E874.48388
G1 F904.5 X116.689 Y118.476 E874.49917
G1 F849.1 X116.955 Y118.013 E874.51799
G1 F780.9 X117.255 Y117.561 E874.53879
G1 F720 X117.55 Y117.165 E874.55932
G1 F676.7 X117.814 Y116.872 E874.57677
G1 F634.9 X118.355 Y116.309 E874.61358
G1 F728.7 X118.573 Y115.932 E874.63147
G1 F900 X119.247 Y115.226 E874.66393
G1 X119.47 Y115.027 E874.67387
G1 X119.188 Y115.497 E874.6921
G1 X119.221 Y115.745 E874.70042
G1 X119.409 Y115.925 E874.70908
G1 X119.531 Y115.98 E874.71353
G1 X119.656 Y115.949 E874.71781
G1 X119.866 Y115.815 E874.7261
G1 X119.6 Y116.155 E874.74046
G1 X119.177 Y116.54 E874.75948
G1 F728.7 X118.752 Y116.739 E874.77876
G1 F651 X117.936 Y117.506 E874.83025
G1 F725.8 X117.579 Y117.918 E874.85274
G1 F786 X117.5 Y118.021 E874.85768
G1 F1500 E868.35768
G0 F9000 X117.287 Y117.845
G0 X116.303 Y119.992
G1 F1500 E874.85768
G1 F547.1 X116.199 Y120.408 E874.88114
G1 F1500 E868.38114
G0 F9000 X117.92 Y121.282
G1 F1500 E874.88114
G1 F724.3 X117.762 Y121.629 E874.8969
G1 F1500 E868.3969
G0 F9000 X115.158 Y123.752
G1 F1500 E874.8969
G1 F526.3 X114.882 Y123.483 E874.91882
G1 F592.1 X114.608 Y123.184 E874.93932
G1 F666.7 X114.305 Y122.815 E874.96076
G1 F751.6 X114.072 Y122.455 E874.97784
G1 F916 X113.815 Y121.99 E874.9952
G1 F1500 E868.4952
G0 F9000 X114.374 Y121.374
G0 X114.477 Y121.636
G0 X112.917 Y123.764
G1 F1500 E874.9952
G1 F687 X112.683 Y124.016 E875.01018
G1 F634.9 X112.334 Y124.465 E875.03699
G1 F591.1 X112.081 Y124.988 E875.06641
G1 F548.8 X111.901 Y125.653 E875.10399
G1 F538.9 X111.869 Y125.967 E875.12152
G1 F526.3 X111.937 Y126.427 E875.14797
G1 F513.6 X111.991 Y126.588 E875.15787
G1 F1500 E868.65787
G0 F9000 X110.109 Y129.088
G1 F1500 E875.15787
G1 F714.3 X110.116 Y129.092 E875.15821
G1 F1500 E868.65821
G0 F9000 X114.03 Y130.495
G1 F1500 E875.15821
G1 F547.1 X113.677 Y130.482 E875.17753
G0 F9000 X113.374 Y130.552
G1 F839.2 X113.094 Y130.541 E875.18753
G1 F900 X112.553 Y130.4 E875.20612
G1 X112.238 Y130.284 E875.21729
G1 X111.747 Y130.123 E875.23448
G1 X110.871 Y129.657 E875.26748
G1 X110.407 Y129.366 E875.28569
G1 F796.5 X110.116 Y129.092 E875.30072
G1 X110.494 Y129.162 E875.31516
G1 F900 X110.891 Y129.263 E875.32879
G1 X111.739 Y129.421 E875.35748
G1 X112.656 Y129.44 E875.38799
G1 X113.637 Y129.402 E875.42064
G1 F757.9 X114.14 Y129.395 E875.44051
G1 X113.709 Y129.656 E875.46041
G1 F900 X113.587 Y129.707 E875.46481
G1 X113.464 Y129.91 E875.4727
G1 F839.2 X113.515 Y130.297 E875.48662
G1 F652.2 X113.677 Y130.482 E875.49791
G1 X113.374 Y130.552 E875.51219
G0 F9000 X114.14 Y129.395
G1 F728.7 X114.682 Y129.183 E875.53609
G1 F1500 E869.03609
G0 F9000 X116.717 Y129.811
G0 X117.5 Y129.617
G1 F1500 E875.53609
G1 F779.2 X117.27 Y129.784 E875.54701
G1 F780.9 X116.972 Y129.956 E875.5602
G1 F794.7 X116.593 Y130.153 E875.57629
G1 F814.5 X116.185 Y130.348 E875.59291
G1 F847.1 X115.809 Y130.48 E875.60699
G1 F904.5 X115.321 Y130.589 E875.62354
G1 F957.4 X114.831 Y130.655 E875.639
G1 F1005.6 X114.433 Y130.677 E875.65086
G1 F708.7 X114.03 Y130.495 E875.66954
G1 X114.43 Y130.332 E875.68779
G1 F1040.5 X114.526 Y130.33 E875.69055
G1 F986.3 X115.244 Y130.216 E875.71261
G1 F904.5 X115.65 Y130.099 E875.72659
G1 F849.1 X116.108 Y129.903 E875.74416
G1 F810.8 X116.627 Y129.629 E875.76583
G1 F789.5 X117.097 Y129.344 E875.78667
G1 F793 X117.555 Y129.005 E875.80818
G1 F818.2 X117.967 Y128.641 E875.82829
G1 F831.4 X118.205 Y128.413 E875.84016
G1 F857.1 X118.892 Y127.678 E875.87529
G1 F895.5 X119.263 Y127.215 E875.89512
G1 F904.5 X119.381 Y126.772 E875.9103
G1 F902.3 X119.275 Y126.599 E875.91703
G1 F900 X118.843 Y126.457 E875.93215
G1 X118.353 Y126.226 E875.95017
G1 X117.952 Y126 E875.96548
G1 X117.572 Y125.674 E875.98213
G1 X117.241 Y125.464 E875.99517
G1 X117.083 Y125.476 E876.00044
G1 X116.738 Y125.837 E876.01705
G1 F895.5 X116.462 Y126.214 E876.03267
G1 X116.121 Y126.638 E876.05085
G1 F900 X115.905 Y126.866 E876.0613
G1 F913.7 X115.615 Y127.137 E876.0743
G1 F952.4 X115.264 Y127.383 E876.08778
G1 F973 X114.872 Y127.603 E876.10161
G1 F1016.9 X114.429 Y127.752 E876.11536
G1 F1107.7 X113.871 Y127.82 E876.13055
G1 F1132.1 X113.272 Y127.813 E876.14639
G1 F1125 X112.854 Y127.682 E876.15805
G1 F1111.1 X112.531 Y127.528 E876.16769
G1 F1104.3 X112.253 Y127.305 E876.17735
G1 F1100.9 X112.059 Y127.033 E876.18643
G1 F825.7 X111.996 Y126.77 E876.19624
G1 F687 X111.992 Y126.616 E876.20295
G1 F859.2 X112.333 Y126.849 E876.21734
G1 F1104.3 X112.527 Y127.154 E876.22714
G1 F1121.5 X112.983 Y127.391 E876.24086
G1 F1142.9 X113.399 Y127.513 E876.25221
G1 F1168.8 X113.802 Y127.514 E876.26253
G1 F1132.1 X114.243 Y127.447 E876.27433
G1 F1022.7 X114.712 Y127.263 E876.28907
G1 F978.3 X115.088 Y127.065 E876.30207
G1 F975.6 X115.48 Y126.741 E876.31768
G1 F932.6 X115.968 Y126.2 E876.34106
G1 F904.5 X116.34 Y125.701 E876.36166
G1 X116.354 Y125.15 E876.3799
G1 F900 X115.415 Y124.266 E876.4228
G1 F689.7 X115.19 Y123.846 E876.44348
G1 F598 X115.153 Y123.737 E876.44924
G1 F750 X115.705 Y123.923 E876.47249
G1 F900 X116.024 Y123.968 E876.4832
G1 X116.194 Y123.892 E876.4894
G1 F878 X116.346 Y123.593 E876.50083
G1 F793 X116.334 Y123.5 E876.50437
G1 F717.1 X115.83 Y122.636 E876.54612
G1 F681.8 X115.729 Y122.419 E876.55663
G1 F751.6 X115.509 Y122.131 E876.57107
G1 F878 X115.333 Y121.713 E876.58653
G1 F900 X115.207 Y121.284 E876.6014
G1 X115.109 Y120.786 E876.61828
G1 F927.8 X115.019 Y120.058 E876.64195
G1 F769.2 X115.176 Y119.643 E876.65921
G1 F700.4 X115.381 Y120.014 E876.67733
G1 F845.1 X115.446 Y120.342 E876.68917
G1 F916 X115.561 Y120.488 E876.69525
G1 F900 X115.919 Y120.487 E876.70715
G1 F687 X116.199 Y120.408 E876.71983
G1 X116.236 Y120.834 E876.73846
G1 F900 X116.188 Y121.32 E876.7547
G1 X116.224 Y121.859 E876.77267
G1 F766 X116.232 Y122.24 E876.78756
G1 F695 X116.34 Y122.545 E876.8015
G1 F770.9 X116.659 Y123.166 E876.82861
G1 F843.1 X116.941 Y123.416 E876.84199
G1 F880.2 X117.093 Y123.412 E876.84716
G1 F900 X117.338 Y123.317 E876.8559
G1 X117.429 Y123.198 E876.86088
G1 X117.46 Y122.683 E876.87804
G1 X117.533 Y122.141 E876.89623
G1 F807.2 X117.699 Y121.713 E876.91326
G1 F708.7 X117.762 Y121.629 E876.91769
G1 F756.3 X117.775 Y121.938 E876.92993
G1 F869.6 X117.84 Y122.11 E876.93626
G1 F900 X118.177 Y122.26 E876.94853
G1 X118.307 Y122.229 E876.95298
G1 X118.796 Y121.732 E876.97617
G1 X119.041 Y121.502 E876.98734
G1 X119.351 Y121.241 E877.00082
G1 X119.63 Y121.101 E877.0112
G1 X120.093 Y120.893 E877.02809
G1 X120.495 Y120.742 E877.04237
G1 X120.946 Y120.654 E877.05765
G1 X121.266 Y120.619 E877.06836
G1 X122.123 Y120.488 E877.09719
G1 X122.224 Y120.416 E877.10132
G1 X122.412 Y120.027 E877.11569
G1 X122.397 Y119.873 E877.12084
G1 X122.166 Y119.44 E877.13716
G1 X122.025 Y119.011 E877.15218
G1 X122.054 Y118.907 E877.15577
G1 X122.592 Y119.138 E877.17524
G1 X123.107 Y119.219 E877.19258
G1 X123.673 Y119.215 E877.21141
G1 X123.781 Y119.146 E877.21567
G1 X123.885 Y118.841 E877.22639
G1 X123.875 Y118.7 E877.23109
G1 X123.684 Y118.538 E877.23942
G1 X124.021 Y118.545 E877.25063
G1 X124.313 Y118.484 E877.26055
G1 X124.414 Y118.368 E877.26567
G1 X124.464 Y118.088 E877.27513
G1 X124.357 Y117.906 E877.28215
G1 X124.18 Y117.815 E877.28877
G1 X124.768 Y117.827 E877.30833
G1 X124.918 Y117.745 E877.31402
G1 X124.999 Y117.416 E877.32529
G1 X124.911 Y117.198 E877.33311
G1 X124.377 Y116.946 E877.35274
G1 X123.602 Y116.67 E877.38011
G1 X124.103 Y116.594 E877.39696
G1 X124.573 Y116.634 E877.41265
G1 X125.095 Y116.752 E877.43045
G1 X125.919 Y117.009 E877.45916
G1 X126.421 Y117.216 E877.47722
G1 X126.795 Y117.49 E877.49264
G1 X127.061 Y117.826 E877.50689
G1 X127.236 Y118.252 E877.52221
G1 X127.298 Y118.737 E877.53847
G1 X127.271 Y118.957 E877.54584
G1 X127.017 Y119.169 E877.55685
G1 X126.583 Y119.308 E877.57201
G1 X126.144 Y119.5 E877.58794
G1 X125.665 Y119.917 E877.60907
G1 X125.312 Y120.374 E877.62827
G1 X125.118 Y120.871 E877.64602
G1 F923.1 X125.081 Y121.169 E877.65575
G1 F957.4 X125.178 Y121.362 E877.66251
G1 F932.6 X125.437 Y121.507 E877.67204
G1 F900 X125.563 Y121.483 E877.6763
G1 X126.192 Y120.978 E877.70313
G1 X126.575 Y120.816 E877.71696
G1 X127.026 Y120.769 E877.73204
G1 X128.034 Y120.824 E877.76562
G1 X128.334 Y120.854 E877.77565
G1 X128.356 Y120.882 E877.77683
G1 X127.898 Y121.18 E877.79501
G1 X127.593 Y121.422 E877.80795
G1 X127.216 Y121.673 E877.82302
G1 X126.749 Y122.038 E877.84273
G1 X126.431 Y122.254 E877.85552
G1 X125.58 Y122.954 E877.89217
G1 F845.1 X125.24 Y123.358 E877.91087
G1 F665.4 X125.113 Y123.563 E877.92172
G1 F640.6 X124.986 Y123.363 E877.93279
G1 F803.6 X124.806 Y123.24 E877.94091
G1 F869.6 X124.178 Y123.189 E877.9626
G1 F737.7 X124.036 Y123.264 E877.96912
G1 F714.3 X124.01 Y123.088 E877.97657
G1 F837.2 X123.702 Y122.858 E877.99032
G1 F900 X124.359 Y122.265 E878.01975
G1 X124.674 Y121.923 E878.03522
G1 X124.856 Y121.657 E878.04594
G1 F925.4 X124.857 Y121.534 E878.04992
G1 F937.5 X124.618 Y121.196 E878.06314
G1 F913.7 X124.473 Y121.188 E878.06789
G1 F900 X123.599 Y121.573 E878.09966
G1 X123.129 Y121.731 E878.11615
G1 X122.636 Y121.846 E878.13299
G1 X121.531 Y121.984 E878.17003
G1 X121.014 Y122.175 E878.18836
G1 X120.502 Y122.574 E878.20995
G1 X120.217 Y122.95 E878.22564
G1 X119.938 Y123.11 E878.23634
G1 X119.431 Y123.178 E878.25335
G1 X118.943 Y123.437 E878.27173
G1 X118.498 Y123.886 E878.29275
G1 X118.424 Y124.178 E878.30277
G1 X118.443 Y124.311 E878.30724
G1 X118.72 Y124.521 E878.3188
G1 X118.859 Y124.52 E878.32342
G1 X119.297 Y124.302 E878.3397
G1 X119.756 Y124.236 E878.35512
G1 X120.081 Y124.233 E878.36593
G1 X120.431 Y124.258 E878.3776
G1 X120.749 Y124.351 E878.38862
G1 X121.309 Y124.404 E878.40733
G1 X121.955 Y124.384 E878.42882
G1 X122.338 Y124.286 E878.44197
G1 X123.206 Y123.92 E878.4733
G1 F725.8 X123.834 Y123.586 E878.50264
G1 F640.6 X123.802 Y123.705 E878.5084
G1 F772.5 X123.578 Y124.199 E878.52942
G1 F900 X123.271 Y124.607 E878.5464
G1 X122.92 Y124.992 E878.56373
G1 X122.726 Y125.235 E878.57407
G1 X122.704 Y125.38 E878.57895
G1 X122.906 Y125.665 E878.59057
G1 F750 X123.149 Y125.797 E878.6016
G1 X122.839 Y126.065 E878.61796
G1 F900 X122.303 Y126.346 E878.63809
G1 X121.875 Y126.649 E878.65553
G1 X121.565 Y126.9 E878.6688
G1 X121.159 Y127.374 E878.68955
G1 F882.4 X120.838 Y127.839 E878.70872
G1 F807.2 X120.677 Y128.093 E878.71987
G1 F796.5 X120.476 Y128.585 E878.73985
G1 F869.6 X120.549 Y128.919 E878.75162
G1 F807.2 X120.613 Y129 E878.75545
G1 F669.1 X121.055 Y129.16 E878.77648
G1 F646.3 X121.183 Y129.124 E878.78263
G1 F774.2 X120.988 Y129.546 E878.80061
G1 F900 X120.787 Y129.78 E878.81087
G1 X120.169 Y130.233 E878.83635
G1 X119.643 Y130.549 E878.85676
G1 X119.014 Y130.824 E878.8796
G1 X118.189 Y131.079 E878.90832
G1 X117.677 Y131.123 E878.92541
G1 X118.032 Y130.913 E878.93913
G1 X118.472 Y130.585 E878.95738
G1 X118.897 Y130.191 E878.97666
G1 X119.259 Y129.79 E878.99462
G1 X119.53 Y129.414 E879.01004
G1 X119.784 Y128.952 E879.02757
G1 X119.875 Y128.751 E879.03491
G1 F841.1 X120.054 Y128.419 E879.04834
G1 F772.5 X120.241 Y127.91 E879.06935
G1 F821.9 X120.232 Y127.547 E879.08257
G1 F900 X120.182 Y127.379 E879.0884
G1 X119.803 Y127.232 E879.10192
G1 F909.1 X119.663 Y127.32 E879.10737
G1 F935.1 X119.485 Y127.54 E879.11643
G1 F911.4 X119.194 Y127.954 E879.13305
G1 F857.1 X118.859 Y128.348 E879.15111
G1 F833.3 X118.46 Y128.768 E879.17192
G1 F821.9 X118.044 Y129.166 E879.19289
G1 F800 X117.635 Y129.519 E879.2131
G1 F782.6 X117.5 Y129.617 E879.21948
G1 F1500 E872.71948
G0 F9000 X117.366 Y129.437
G0 X117.704 Y129.181
G0 X118.373 Y128.578
G0 X118.691 Y128.2
G0 X123.834 Y123.586
G1 F1500 E879.21948
G1 F631.6 X124.036 Y123.264 E879.2375
G1 F1500 E872.7375
G0 F9000 X119.364 Y130.247
;TYPE:SKIN
G1 F1500 E879.2375
G1 F796.5 X119.568 Y130.02 E879.24897
G1 X119.856 Y129.621 E879.26746
G1 X120.179 Y129.022 E879.29304
G1 X120.348 Y129.275 E879.30447
G1 X120.608 Y129.395 E879.31524
G1 X120.521 Y129.497 E879.32028
G1 X119.959 Y129.909 E879.34647
G1 X119.477 Y130.197 E879.36757
G1 X119.364 Y130.247 E879.37221
G1 F1500 E872.87221
G0 F9000 X117.5 Y125.202
G1 F1500 E879.37221
G1 F900 X117.344 Y125.104 E879.37834
G1 X117.009 Y125.122 E879.3895
G1 X116.708 Y125.345 E879.40196
G1 X116.708 Y125.197 E879.40688
G1 X116.629 Y124.917 E879.41656
G1 X116.014 Y124.338 E879.44465
G1 X116.402 Y124.167 E879.45875
G1 X116.491 Y124.088 E879.46271
G1 X116.692 Y123.67 E879.47814
G1 X116.953 Y123.768 E879.48741
G1 X117.2 Y123.755 E879.49564
G1 F878 X117.557 Y123.609 E879.50879
G1 F807.2 X117.727 Y123.481 E879.51668
G1 F786 X117.794 Y123.315 E879.5235
G1 F829.5 X117.826 Y122.496 E879.55307
G1 F849.1 X118.153 Y122.64 E879.56567
G1 F754.7 X118.493 Y122.6 E879.57925
G1 F676.7 X118.594 Y122.541 E879.58442
G1 F766 X118.818 Y122.222 E879.59966
G1 F895.5 X119.055 Y121.98 E879.61098
G1 F900 X119.55 Y121.542 E879.63296
G1 X120.288 Y121.197 E879.66006
G1 F772.5 X120.581 Y121.162 E879.67149
G1 F664.2 X122.295 Y120.895 E879.74967
G1 F756.3 X122.524 Y120.617 E879.76392
G1 F900 X122.769 Y120.103 E879.78286
G1 X122.73 Y119.722 E879.7956
G1 X122.613 Y119.511 E879.80363
G1 X123.055 Y119.574 E879.81848
G1 X123.743 Y119.581 E879.84136
G1 X124.116 Y119.332 E879.85628
G1 X124.254 Y118.86 E879.87263
G1 X124.476 Y118.801 E879.88027
G1 X124.61 Y118.71 E879.88566
G1 X124.756 Y118.476 E879.89483
G1 X124.82 Y118.162 E879.90549
G1 X124.995 Y118.124 E879.91145
G1 X125.253 Y117.88 E879.92326
G1 X125.343 Y117.51 E879.93592
G1 X125.248 Y117.177 E879.94744
G1 X125.812 Y117.353 E879.96709
G1 X126.24 Y117.528 E879.98247
G1 X126.543 Y117.753 E879.99502
G1 X126.742 Y118.003 E880.00565
G1 X126.884 Y118.344 E880.01794
G1 X126.936 Y118.764 E880.03201
G1 X126.838 Y118.845 E880.03624
G1 X126.454 Y118.969 E880.04966
G1 X125.938 Y119.199 E880.06845
G1 X125.411 Y119.653 E880.09159
G1 X124.983 Y120.213 E880.11503
G1 X124.773 Y120.751 E880.13424
G1 X124.753 Y120.884 E880.13871
G1 X124.679 Y120.85 E880.14142
G1 X124.374 Y120.835 E880.15158
G1 X123.45 Y121.241 E880.18515
G1 X122.957 Y121.409 E880.20247
G1 F800 X122.549 Y121.441 E880.21778
G1 F685.7 X122.412 Y121.431 E880.22378
G1 F659.3 X121.405 Y121.572 E880.26994
G1 F661.8 X120.873 Y121.732 E880.29507
G1 F759.5 X120.73 Y121.937 E880.30492
G1 F900 X120.233 Y122.332 E880.32604
G1 X119.973 Y122.674 E880.34033
G1 X119.823 Y122.758 E880.34605
G1 X119.349 Y122.821 E880.36195
G1 F769.2 X118.91 Y122.965 E880.37993
G1 F676.7 X118.711 Y123.078 E880.39005
G1 F748.4 X118.494 Y123.39 E880.40525
G1 F810.8 X118.14 Y123.69 E880.42238
G1 X118.059 Y124.169 E880.44032
G1 F861.2 X118.161 Y124.546 E880.45389
G1 F900 X118.501 Y124.812 E880.46825
G1 X118.778 Y124.888 E880.4778
G1 X118.982 Y124.856 E880.48467
G1 X119.408 Y124.646 E880.50047
G1 X119.775 Y124.596 E880.51279
G1 X120.058 Y124.593 E880.5222
G1 X120.364 Y124.614 E880.5324
G1 X120.694 Y124.707 E880.54381
G1 X121.302 Y124.76 E880.56411
G1 X122.048 Y124.734 E880.58893
G1 X122.462 Y124.621 E880.60321
G1 X122.963 Y124.41 E880.62129
G1 X122.648 Y124.752 E880.63675
G1 X122.405 Y125.043 E880.64936
G1 X122.345 Y125.384 E880.66088
G1 X122.424 Y125.599 E880.6685
G1 X122.559 Y125.798 E880.67649
G1 X122.116 Y126.036 E880.69322
G1 X121.668 Y126.352 E880.71145
G1 X121.258 Y126.695 E880.72923
G1 X120.841 Y127.192 E880.75081
G1 X120.592 Y127.566 E880.76576
G1 X120.5 Y127.213 E880.77789
G1 X120.259 Y127.018 E880.7882
G1 X119.934 Y126.898 E880.79972
G1 X119.717 Y126.898 E880.80694
G1 X119.744 Y126.761 E880.81158
G1 X119.663 Y126.503 E880.82058
G1 X119.461 Y126.279 E880.83061
G1 X118.967 Y126.117 E880.8479
G1 X118.528 Y125.91 E880.86404
G1 X118.152 Y125.699 E880.87839
G1 X117.781 Y125.378 E880.8947
G1 X117.5 Y125.202 E880.90573
G1 F1500 E874.40573
G0 F9000 X125.065 Y122.928
G1 F1500 E880.90573
G1 F683.1 X124.902 Y122.817 E880.91437
G1 X124.414 Y122.782 E880.93581
G1 X124.688 Y122.533 E880.95204
G1 F676.7 X125.012 Y122.18 E880.97323
G1 F656.9 X125.23 Y121.883 E880.99002
G1 F644 X125.378 Y121.941 E880.99741
G1 F724.3 X125.715 Y121.826 E881.01212
G1 F833.3 X126.387 Y121.302 E881.04273
G1 F841.1 X126.667 Y121.182 E881.05357
G1 X127.029 Y121.143 E881.06653
G1 X127.306 Y121.159 E881.07641
G1 X126.996 Y121.366 E881.08967
G1 X126.542 Y121.723 E881.11023
G1 F853.1 X126.226 Y121.949 E881.12386
G1 X125.943 Y122.178 E881.13663
G1 F728.7 X125.516 Y122.435 E881.1571
G1 F664.2 X125.264 Y122.672 E881.17269
G1 F684.4 X125.065 Y122.928 E881.18688
G1 F1500 E874.68688
G0 F9000 X126.327 Y117.841
G1 F1500 E881.18688
G1 F900 X126.481 Y117.996 E881.19414
G0 F9000 X126.623 Y118.703
G1 F900 X125.525 Y117.605 E881.24579
G0 F9000 X125.385 Y118.031
G1 F900 X126.211 Y118.858 E881.28467
G0 F9000 X125.824 Y119.036
G1 F900 X125.089 Y118.3 E881.31926
G0 F9000 X124.879 Y118.657
G1 F900 X125.52 Y119.297 E881.34939
G0 F9000 X125.224 Y119.568
G1 F900 X124.608 Y118.952 E881.37836
G0 F9000 X124.346 Y119.255
G1 F900 X124.981 Y119.89 E881.40823
G0 F9000 X124.761 Y120.236
G1 F900 X124.105 Y119.58 E881.43909
G0 F9000 X123.732 Y119.772
G1 F900 X124.601 Y120.641 E881.47996
G0 F9000 X124.118 Y120.724
G1 F900 X123.171 Y119.777 E881.52451
G0 F9000 X122.969 Y120.14
G1 F900 X123.727 Y120.899 E881.56018
G0 F9000 X123.333 Y121.07
G1 F900 X122.791 Y120.528 E881.58568
G0 F9000 X122.577 Y120.88
G1 F900 X122.91 Y121.213 E881.60134
G1 F1500 E875.10134
G0 F9000 X120.62 Y121.751
G1 F1500 E881.60134
G1 F900 X120.292 Y121.423 E881.61677
G0 F9000 X119.903 Y121.6
G1 F900 X120.313 Y122.01 E881.63605
G0 F9000 X120.02 Y122.283
G1 F900 X119.548 Y121.81 E881.65828
G0 F9000 X119.249 Y122.077
G1 F900 X119.739 Y122.567 E881.68133
G0 F9000 X119.25 Y122.644
G1 F900 X118.965 Y122.359 E881.69473
G0 F9000 X118.317 Y122.842
G1 F900 X118.483 Y123.008 E881.70254
G0 F9000 X118.245 Y123.336
G1 F900 X118.004 Y123.095 E881.71388
G0 F9000 X117.588 Y123.811
G1 F900 X117.87 Y124.093 E881.72714
G0 F9000 X117.165 Y123.954
G1 F900 X119.194 Y125.982 E881.82256
G0 F9000 X118.853 Y125.076
G1 F900 X120.758 Y126.98 E881.91214
G0 F9000 X121.016 Y126.673
G1 F900 X119.277 Y124.934 E881.99394
G0 F9000 X119.715 Y124.806
G1 F900 X121.305 Y126.396 E882.06872
G0 F9000 X121.618 Y126.144
G1 F900 X120.284 Y124.809 E882.13149
G0 F9000 X120.97 Y124.93
G1 F900 X121.949 Y125.909 E882.17754
G0 F9000 X122.218 Y125.613
G1 F900 X121.557 Y124.951 E882.20866
G0 F9000 X122.098 Y124.926
G1 F900 X122.205 Y125.033 E882.21369
G1 F1500 E875.71369
G0 F9000 X117.803 Y125.156
G1 F1500 E882.21369
G1 F900 X116.719 Y124.073 E882.26466
G0 F9000 X116.436 Y124.355
G1 F900 X117.011 Y124.93 E882.2917
G1 F1500 E875.7917
G0 F9000 X116.746 Y123.514
G0 X115.86 Y121.998
G1 F1500 E882.2917
G1 F986.3 X115.802 Y121.942 E882.29415
G1 X115.652 Y121.59 E882.30576
G1 X115.544 Y121.219 E882.31749
G1 X115.458 Y120.792 E882.33071
G1 X115.593 Y120.825 E882.33493
G1 X115.89 Y120.826 E882.34394
G1 X115.846 Y121.291 E882.35812
G1 X115.877 Y121.862 E882.37547
G1 X115.86 Y121.998 E882.37963
G1 F1500 E875.87963
G0 F9000 X115.871 Y122.272
G0 X116.025 Y122.022
G0 X117.211 Y118
G0 X119.058 Y116.123
G1 F1500 E882.37963
G1 F659.3 X119.024 Y116.182 E882.38272
G1 X118.956 Y116.182 E882.38581
G1 X118.922 Y116.123 E882.3889
G1 X118.956 Y116.064 E882.39199
G1 X119.024 Y116.064 E882.39508
G1 X119.058 Y116.123 E882.39817
G1 F1500 E875.89817
G0 F9000 X118.908 Y116.447
G0 X118.007 Y117.205
G0 X117.428 Y117.8
G0 X113.145 Y130.196
G1 F1500 E882.39817
G1 F983.6 X112.642 Y130.065 E882.41399
G1 X111.875 Y129.803 E882.43866
G1 X111.8 Y129.764 E882.44123
G1 X112.644 Y129.783 E882.46692
G1 X113.195 Y129.76 E882.4837
G1 X113.121 Y129.943 E882.48971
G1 X113.168 Y130.134 E882.4957
G1 X113.145 Y130.196 E882.49771
G1 F1500 E875.99771
G0 F9000 X105.719 Y136.873
G0 X105.396 Y136.102
;TYPE:WALL-OUTER
G1 F1500 E882.49771
G1 F900 X104.605 Y135.915 E882.52474
G1 X104.23 Y135.816 E882.53764
G1 X102.932 Y135.383 E882.58316
G1 X102.587 Y135.252 E882.59543
G1 X100.961 Y134.73 E882.65223
G1 X99.335 Y134.142 E882.70974
G1 X98.324 Y133.7 E882.74644
G1 X98.156 Y133.581 E882.75328
G1 X98.144 Y133.325 E882.76181
G1 X98.224 Y130.007 E882.8722
G1 X98.315 Y127.936 E882.94115
G1 X98.448 Y125.744 E883.01419
G1 X98.58 Y124.384 E883.05963
G1 X98.683 Y122.953 E883.10735
G1 X98.915 Y120.249 E883.19762
G1 X99.262 Y117.235 E883.29852
G1 X99.373 Y116.351 E883.32816
G1 X99.559 Y115.041 E883.37216
G1 X99.666 Y114.175 E883.40119
G1 X100.056 Y112.105 E883.47125
G1 X100.167 Y111.611 E883.48809
G1 X100.529 Y110.159 E883.53786
G1 X100.766 Y109.412 E883.56392
G1 X100.984 Y108.806 E883.58535
G1 X101.291 Y108.025 E883.61326
G1 X101.544 Y107.859 E883.62332
G1 X101.954 Y107.824 E883.63701
G1 X102.368 Y107.767 E883.65091
G1 X102.869 Y107.715 E883.66766
G1 X104.178 Y107.547 E883.71155
G1 X104.81 Y107.425 E883.73296
G1 X105.196 Y107.298 E883.74648
G1 X105.407 Y107.201 E883.7542
G1 X105.416 Y112.089 E883.91678
G1 X105.397 Y114.411 E883.99401
G1 X105.191 Y114.531 E884.00194
G1 X104.943 Y114.915 E884.01714
G1 X104.657 Y115.504 E884.03892
G1 X104.482 Y116 E884.05641
G1 X104.385 Y116.387 E884.06968
G1 X104.312 Y116.871 E884.08596
G1 X104.284 Y117.384 E884.10305
G1 X104.276 Y118.085 E884.12637
G1 X104.292 Y118.9 E884.15348
G1 X104.336 Y119.406 E884.17037
G1 X104.438 Y119.817 E884.18446
G1 X104.711 Y120.791 E884.2181
G1 X104.884 Y121.258 E884.23467
G1 X105.321 Y122.193 E884.26899
G1 X105.338 Y122.315 E884.27309
G1 X105.209 Y122.268 E884.27766
G1 X104.95 Y122.391 E884.28719
G1 X104.912 Y122.822 E884.30158
G1 X104.979 Y123.439 E884.32223
G1 X105.111 Y123.903 E884.33827
G1 X105.427 Y124.672 E884.36592
G1 X105.396 Y136.102 E884.74609
G0 F9000 X105.036 Y135.641
;TYPE:SKIN
G1 F900 X104.344 Y135.471 E884.76979
G1 X103.044 Y135.039 E884.81535
G1 X102.716 Y134.913 E884.82704
G1 X101.069 Y134.386 E884.88455
G1 X99.467 Y133.806 E884.94122
G1 X98.5 Y133.382 E884.97634
G1 X98.584 Y130.023 E885.0881
G1 X98.671 Y127.985 E885.15594
G1 X98.808 Y125.764 E885.22995
G1 X98.936 Y124.411 E885.27515
G1 X99.031 Y123.09 E885.3192
G1 X99.269 Y120.322 E885.41161
G1 X99.699 Y116.582 E885.53682
G1 X99.914 Y115.089 E885.58699
G1 X100.022 Y114.219 E885.61615
G1 X100.408 Y112.181 E885.68514
G1 X100.511 Y111.727 E885.70062
G1 X100.877 Y110.247 E885.75133
G1 X101.102 Y109.533 E885.77623
G1 X101.327 Y108.911 E885.79823
G1 X101.584 Y108.263 E885.82141
G1 X101.666 Y108.207 E885.82472
G1 X101.986 Y108.18 E885.8354
G1 X102.41 Y108.122 E885.84963
G1 X102.901 Y108.071 E885.86605
G1 X104.222 Y107.903 E885.91034
G1 X105.052 Y107.741 E885.93847
G1 X105.056 Y112.077 E886.08268
G1 X105.036 Y114.203 E886.1534
G1 X104.884 Y114.339 E886.16018
G1 X104.628 Y114.736 E886.17589
G1 X104.317 Y115.375 E886.19953
G1 X104.147 Y115.861 E886.21665
G1 X104.034 Y116.298 E886.23167
G1 X103.954 Y116.83 E886.24956
G1 X103.924 Y117.352 E886.26695
G1 X103.916 Y118.085 E886.29133
G1 X103.932 Y118.916 E886.31898
G1 X103.976 Y119.434 E886.33627
G1 X104.085 Y119.895 E886.35202
G1 X104.368 Y120.907 E886.38697
G1 X104.552 Y121.395 E886.40432
G1 X104.875 Y122.091 E886.42984
G1 X104.698 Y122.175 E886.43636
G1 X104.587 Y122.297 E886.44184
G1 X104.552 Y122.854 E886.46041
G1 X104.618 Y123.465 E886.48085
G1 X104.762 Y123.997 E886.49918
G1 X105.063 Y124.739 E886.52581
G1 X105.036 Y135.641 E886.88841
G1 F1500 E880.38841
G0 F9000 X98.704 Y133.21
G1 F1500 E886.88841
G1 F900 X98.781 Y133.288 E886.89206
G0 F9000 X98.718 Y132.659
G1 F900 X99.757 Y133.698 E886.94093
G0 F9000 X100.643 Y134.019
G1 F900 X98.731 Y132.107 E887.03086
G0 F9000 X98.745 Y131.555
G1 F900 X101.506 Y134.316 E887.16073
G0 F9000 X102.338 Y134.582
G1 F900 X98.759 Y131.004 E887.32905
G0 F9000 X98.773 Y130.451
G1 F900 X103.202 Y134.881 E887.5374
G0 F9000 X104.049 Y135.162
G1 F900 X98.789 Y129.902 E887.78482
G0 F9000 X98.813 Y129.36
G1 F900 X104.838 Y135.385 E888.06822
G0 F9000 X104.838 Y134.82
G1 F900 X98.835 Y128.816 E888.3506
G0 F9000 X98.858 Y128.274
G1 F900 X104.84 Y134.256 E888.63198
G0 F9000 X104.841 Y133.691
G1 F900 X98.886 Y127.736 E888.91208
G0 F9000 X98.919 Y127.203
G1 F900 X104.843 Y133.127 E889.19073
G0 F9000 X104.844 Y132.563
G1 F900 X98.952 Y126.67 E889.46789
G0 F9000 X98.985 Y126.138
G1 F900 X104.846 Y131.998 E889.74355
G0 F9000 X104.847 Y131.434
G1 F900 X99.023 Y125.61 E890.0175
G0 F9000 X99.072 Y125.094
G1 F900 X104.848 Y130.87 E890.28918
G0 F9000 X104.85 Y130.306
G1 F900 X99.121 Y124.577 E890.55866
G0 F9000 X99.161 Y124.051
G1 F900 X104.851 Y129.741 E890.8263
G0 F9000 X104.853 Y129.177
G1 F900 X99.199 Y123.524 E891.09222
G0 F9000 X99.239 Y122.998
G1 F900 X104.854 Y128.613 E891.35633
G0 F9000 X104.855 Y128.049
G1 F900 X99.283 Y122.477 E891.61842
G0 F9000 X99.328 Y121.955
G1 F900 X104.857 Y127.484 E891.87849
G0 F9000 X104.858 Y126.92
G1 F900 X99.373 Y121.435 E892.13649
G0 F9000 X99.418 Y120.914
G1 F900 X104.86 Y126.356 E892.39246
G0 F9000 X104.861 Y125.791
G1 F900 X99.463 Y120.393 E892.64637
G0 F9000 X99.52 Y119.884
G1 F900 X104.863 Y125.227 E892.89769
G0 F9000 X104.785 Y124.584
G1 F900 X99.578 Y119.377 E893.14261
G0 F9000 X99.636 Y118.87
G1 F900 X104.478 Y123.711 E893.37034
G0 F9000 X104.372 Y123.04
G1 F900 X99.695 Y118.363 E893.59033
G0 F9000 X99.753 Y117.855
G1 F900 X104.377 Y122.479 E893.80783
G0 F9000 X104.539 Y122.076
G1 F900 X99.812 Y117.348 E894.03019
G0 F9000 X99.87 Y116.841
G1 F900 X104.288 Y121.259 E894.238
G0 F9000 X104.028 Y120.433
G1 F900 X99.935 Y116.34 E894.43053
G0 F9000 X100.007 Y115.846
G1 F900 X103.827 Y119.667 E894.61023
G0 F9000 X103.739 Y119.012
G1 F900 X100.078 Y115.352 E894.78241
G0 F9000 X100.145 Y114.853
G1 F900 X103.723 Y118.43 E894.95068
G0 F9000 X103.719 Y117.861
G1 F900 X100.207 Y114.349 E895.11588
G0 F9000 X100.292 Y113.868
G1 F900 X103.727 Y117.303 E895.27745
G0 F9000 X103.761 Y116.772
G1 F900 X100.382 Y113.392 E895.43641
G0 F9000 X100.472 Y112.917
G1 F900 X103.836 Y116.281 E895.59464
G0 F9000 X103.95 Y115.829
G1 F900 X100.563 Y112.442 E895.75396
G0 F9000 X100.66 Y111.974
G1 F900 X104.096 Y115.41 E895.91558
G0 F9000 X104.27 Y115.018
G1 F900 X100.769 Y111.517 E896.08025
G0 F9000 X100.882 Y111.064
G1 F900 X104.457 Y114.639 E896.24841
G0 F9000 X104.676 Y114.292
G1 F900 X100.993 Y110.61 E896.42162
G0 F9000 X101.113 Y110.164
G1 F900 X104.839 Y113.89 E896.59688
G0 F9000 X104.845 Y113.33
G1 F900 X101.248 Y109.733 E896.76607
G0 F9000 X101.393 Y109.313
G1 F900 X104.85 Y112.769 E896.92866
G0 F9000 X104.855 Y112.209
G1 F900 X101.546 Y108.9 E897.0843
G0 F9000 X101.707 Y108.495
G1 F900 X104.856 Y111.644 E897.23242
G0 F9000 X104.855 Y111.078
G1 F900 X102.139 Y108.361 E897.3602
G0 F9000 X102.642 Y108.299
G1 F900 X104.855 Y110.512 E897.46429
G0 F9000 X104.855 Y109.946
G1 F900 X103.15 Y108.241 E897.54449
G0 F9000 X103.651 Y108.177
G1 F900 X104.854 Y109.38 E897.60107
G0 F9000 X104.854 Y108.814
G1 F900 X104.153 Y108.112 E897.63407
G0 F9000 X104.633 Y108.027
G1 F900 X104.853 Y108.247 E897.64442
G1 F1500 E891.14442
G0 F9000 X126.967 Y96.732
;TYPE:WALL-OUTER
G1 F1500 E897.64442
G1 F519.5 X127.289 Y96.761 E897.66305
G1 F565.1 X127.586 Y96.819 E897.67908
G1 F586.3 X128.023 Y97.036 E897.70399
G1 F562.5 X128.278 Y97.238 E897.7213
G1 F586.3 X128.54 Y97.581 E897.74333
G1 F623.9 X128.691 Y97.934 E897.76175
G1 F1500 E891.26175
G0 F9000 X125.852 Y100.746
G0 X126.3 Y101.056
G1 F1500 E897.76175
G1 F669.1 X126.002 Y101.027 E897.77515
G1 F814.5 X125.611 Y100.836 E897.79114
G1 F869.6 X125.184 Y100.451 E897.81093
G1 F900 X124.955 Y100.117 E897.8244
G1 X124.835 Y99.855 E897.83399
G1 X124.759 Y99.523 E897.84532
G1 X124.725 Y99.004 E897.86261
G1 X124.74 Y98.454 E897.88091
G1 X124.797 Y97.955 E897.89762
G1 X124.918 Y97.577 E897.91082
G1 X125.186 Y97.183 E897.92667
G1 X125.546 Y96.84 E897.94321
G1 X125.915 Y96.644 E897.9571
G1 X126.385 Y96.558 E897.973
G1 F703.1 X126.865 Y96.673 E897.99401
G1 F538.9 X126.967 Y96.732 E898.00055
G1 F567.8 X126.394 Y97.055 E898.03523
G1 F753.1 X125.997 Y97.529 E898.0598
G1 F900 X125.824 Y97.98 E898.07587
G1 X125.7 Y98.59 E898.09657
G1 X125.648 Y99.178 E898.11621
G1 X125.665 Y99.751 E898.13527
G1 X125.813 Y100.217 E898.15154
G1 X125.978 Y100.544 E898.16372
G1 F841.1 X126.157 Y100.816 E898.17531
G1 F669.1 X126.3 Y101.056 E898.1878
G1 F1500 E891.6878
G0 F9000 X125.852 Y100.746
G0 X128.001 Y101.106
G0 X128.217 Y101.441
G1 F1500 E898.1878
G1 F756.3 X127.776 Y101.191 E898.20787
G1 F722.9 X127.542 Y101.167 E898.21761
G1 F733.2 X128.006 Y100.888 E898.23971
G1 F772.5 X128.356 Y100.486 E898.26037
G1 X128.484 Y100.401 E898.26632
G1 X128.278 Y101.382 E898.30516
G1 F766 X128.217 Y101.441 E898.30848
G0 F9000 X127.542 Y101.167
G1 F684.4 X127.322 Y101.21 E898.31828
G1 F665.4 X126.84 Y101.221 E898.33997
G1 F619.6 X126.465 Y101.12 E898.35873
G1 F583.5 X126.3 Y101.056 E898.36781
G1 F1500 E891.86781
G0 F9000 X125.852 Y100.746
G0 X125.78 Y97.167
;TYPE:SKIN
G1 F1500 E898.36781
G1 F679.2 X125.531 Y97.475 E898.38527
G1 F576.9 X125.362 Y97.796 E898.40409
G1 F531.8 X125.291 Y98.056 E898.41926
G1 F537.3 X125.225 Y98.487 E898.44355
G1 F576.9 X125.188 Y99.078 E898.47428
G1 F610.2 X125.205 Y99.459 E898.49299
G1 F646.3 X125.237 Y99.717 E898.50503
G1 F715.7 X125.302 Y99.922 E898.51402
G1 F1500 E892.01402
G0 F9000 X101.999 Y104.412
;TYPE:WALL-OUTER
G1 F1500 E898.51402
G1 F841.1 X101.973 Y104.458 E898.5159
G1 X101.92 Y104.458 E898.51779
G1 X101.893 Y104.412 E898.51969
G1 X101.919 Y104.366 E898.52157
G1 X101.972 Y104.366 E898.52345
G1 X101.999 Y104.412 E898.52535
G1 F1500 E892.02535
G0 F9000 X133.16 Y104.34
G1 F1500 E898.52535
G1 F1077.8 X133.099 Y104.376 E898.52732
G1 X133.098 Y104.304 E898.52932
G1 X133.16 Y104.34 E898.53131
G1 F1500 E892.03131
G0 F9000 X135.683 Y105.521
G1 F1500 E898.53131
G1 F900 X134.869 Y105.386 E898.55875
G1 X134.4 Y105.322 E898.5745
G1 X133.294 Y105.208 E898.61148
G1 X133.616 Y104.876 E898.62686
G1 X133.672 Y104.734 E898.63194
G1 X133.667 Y104.28 E898.64704
G1 X133.443 Y102.666 E898.70123
G1 X133.409 Y102.217 E898.71621
G1 X133.396 Y101.787 E898.73052
G1 X133.42 Y100.823 E898.76259
G1 X133.475 Y100.171 E898.78435
G1 X133.532 Y99.644 E898.80198
G1 X133.588 Y99.71 E898.80486
G1 X134.454 Y100.062 E898.83596
G1 X134.971 Y100.298 E898.85486
G1 X135.509 Y100.561 E898.87478
G1 X135.625 Y100.699 E898.88077
G1 X134.335 Y102.431 E898.9526
G1 X134.308 Y102.548 E898.95659
G1 X134.401 Y102.926 E898.96954
G1 X134.865 Y103.721 E899.00016
G1 X135.116 Y104.193 E899.01794
G1 X135.606 Y105.2 E899.05519
G1 X135.683 Y105.521 E899.06616
G1 F1500 E892.56616
G0 F9000 X133.871 Y102.499
;TYPE:SKIN
G1 F1500 E899.06616
G1 F731.7 X133.772 Y102.138 E899.08148
G1 F886.7 X133.756 Y101.794 E899.0931
G1 F900 X133.78 Y100.832 E899.12511
G1 X133.836 Y100.199 E899.14625
G1 X134.303 Y100.388 E899.163
G1 X135.117 Y100.773 E899.19295
G1 F886.7 X134.034 Y102.221 E899.254
G1 F731.7 X133.871 Y102.499 E899.26718
G1 F639.4 X133.873 Y102.603 E899.27205
G1 F622.8 X133.966 Y103.096 E899.29616
G1 F1500 E892.79616
G0 F9000 X135.14 Y105.065
G1 F1500 E899.29616
G1 F900 X134.446 Y104.962 E899.3195
G1 X133.967 Y104.912 E899.33551
G1 X134.028 Y104.718 E899.34228
G1 X134.023 Y104.228 E899.35858
G1 X134.002 Y104.081 E899.36351
G1 F800 X133.953 Y103.078 E899.40109
G1 X134.547 Y103.891 E899.43876
G1 F900 X134.75 Y104.264 E899.45289
G1 X135.14 Y105.065 E899.48252
G0 F9000 X134.221 Y104.24
G1 F900 X134.792 Y104.81 E899.50935
G1 F1500 E893.00935
G0 F9000 X134.08 Y101.836
G1 F1500 E899.50935
G1 F900 X133.957 Y101.713 E899.51514
G0 F9000 X134.321 Y101.511
G1 F900 X133.972 Y101.162 E899.53156
G0 F9000 X134 Y100.624
G1 F900 X134.562 Y101.186 E899.55799
G1 F1500 E893.05799
G0 F9000 X136.137 Y98.472
G0 X137.662 Y99.388
G0 X138.734 Y100.338
G0 X139.822 Y129.134
G0 X139.907 Y132.996
G0 X139.967 Y137.057
G0 X135.535 Y137.557
;TYPE:WALL-OUTER
G1 F1500 E899.55799
G1 F701.8 X135.011 Y137.705 E899.58122
G1 F1500 E893.08122
G0 F9000 X134.542 Y137.852
G0 X135.032 Y140.607
G1 F1500 E899.58122
G1 F900 X135.09 Y140.383 E899.58891
G1 X135.016 Y140.067 E899.59971
G1 F725.8 X134.995 Y139.62 E899.61816
G1 F655.7 X135.129 Y139.7 E899.62529
G1 F794.7 X135.512 Y139.647 E899.63985
G1 F900 X135.668 Y139.531 E899.64632
G1 F913.7 X135.831 Y138.757 E899.67223
G1 F891.1 X135.951 Y138.06 E899.69599
G1 F734.7 X135.838 Y137.694 E899.7116
G1 F647.5 X135.713 Y137.579 E899.71945
G1 F656.9 X135.535 Y137.557 E899.72762
G1 F689.7 X135.856 Y137.41 E899.74295
G1 F769.2 X136.137 Y136.988 E899.76268
G1 F800 X136.187 Y136.832 E899.7688
G1 F759.5 X136.113 Y136.186 E899.79443
G1 F727.3 X136.757 Y135.928 E899.82299
G1 F743.8 X136.616 Y136.458 E899.84506
G1 F754.7 X136.599 Y136.935 E899.86399
G1 F684.4 X136.362 Y137.62 E899.89569
G1 F712.9 X136.358 Y137.951 E899.90959
G1 F849.1 X136.329 Y138.294 E899.92173
G1 F913.7 X136.218 Y138.798 E899.93864
G1 F909.1 X136.119 Y139.363 E899.95752
G1 F897.8 X136.01 Y139.802 E899.97261
G1 F900 X135.935 Y140.291 E899.98906
G1 X135.727 Y140.43 E899.99738
G1 X135.253 Y140.582 E900.01394
G1 X135.032 Y140.607 E900.02133
G0 F9000 X134.995 Y139.62
G1 F636 X134.856 Y139.3 E900.03775
G1 F683.1 X134.686 Y138.812 E900.0604
G1 F676.7 X134.549 Y138.321 E900.08295
G1 F718.6 X134.366 Y137.923 E900.1012
G1 F762.7 X134.253 Y137.407 E900.12193
G1 X134.732 Y137.681 E900.14359
G1 F782.6 X134.991 Y137.711 E900.15356
G1 X134.744 Y138 E900.1681
G1 F772.5 X134.624 Y138.111 E900.17443
G1 F697.7 X134.549 Y138.321 E900.184
G0 F9000 X134.262 Y137.398
G1 F527.1 X134.182 Y136.975 E900.20845
G1 F1500 E893.70845
G0 F9000 X135.514 Y140.078
;TYPE:SKIN
G1 F1500 E900.20845
G1 F692.3 X135.482 Y140.134 E900.21124
G1 X135.417 Y140.134 E900.21405
G1 X135.384 Y140.078 E900.21686
G1 X135.416 Y140.022 E900.21965
G1 X135.481 Y140.022 E900.22246
G1 X135.514 Y140.078 E900.22527
G1 F1500 E893.72527
G0 F9000 X131.735 Y141.379
G0 X131.327 Y141.718
;TYPE:WALL-OUTER
G1 F1500 E900.22527
G1 F900 X131.164 Y141.705 E900.23071
G1 X131.232 Y141.447 E900.23958
G1 F895.5 X131.122 Y140.922 E900.25751
G1 F810.8 X131.071 Y140.578 E900.27035
G1 X131.302 Y140.677 E900.27963
G1 F895.5 X131.614 Y140.66 E900.29007
G1 X131.727 Y140.531 E900.29581
G1 F909.1 X131.864 Y140.116 E900.3102
G1 F918.4 X131.919 Y139.745 E900.32242
G1 F927.8 X132.025 Y139.299 E900.33721
G1 F942.4 X132.213 Y138.271 E900.37041
G1 F849.1 X132.234 Y137.609 E900.39376
G1 F777.5 X132.208 Y137.421 E900.40106
G1 X132.841 Y137.22 E900.42663
G1 F784.3 X132.671 Y137.695 E900.44589
G1 F861.2 X132.582 Y138.379 E900.46986
G1 F939.9 X132.253 Y140.137 E900.52682
G1 F909.1 X132.188 Y140.435 E900.53686
G1 F893.3 X132.107 Y140.992 E900.55572
G1 F900 X131.984 Y141.487 E900.57269
G1 X131.733 Y141.615 E900.58206
G1 X131.327 Y141.718 E900.59599
G1 F1500 E894.09599
G0 F9000 X131.617 Y141.425
G0 X130.384 Y138.08
G1 F1500 E900.59599
G1 F622.8 X130.496 Y138.41 E900.61274
G1 F712.9 X130.627 Y138.92 E900.63485
G1 F746.9 X130.779 Y139.455 E900.65714
G1 F745.3 X130.873 Y139.848 E900.67337
G1 F743.8 X131.071 Y140.578 E900.70381
G0 F9000 X131.687 Y141.104
;TYPE:SKIN
G1 F629.4 X131.652 Y141.165 E900.70715
G1 X131.581 Y141.165 E900.71053
G1 X131.545 Y141.104 E900.7139
G1 X131.58 Y141.043 E900.71724
G1 X131.651 Y141.043 E900.72062
G1 X131.687 Y141.104 E900.72399
G1 F1500 E894.22399
G0 F9000 X131.663 Y141.414
G0 X126.909 Y141.489
G0 X126.622 Y142.729
;TYPE:WALL-OUTER
G1 F1500 E900.72399
G1 F780.9 X126.696 Y142.337 E900.73928
G1 F833.3 X126.705 Y140.602 E900.80161
G1 F882.4 X126.692 Y139.967 E900.82315
G1 X126.697 Y139.575 E900.83645
G1 F780.9 X126.733 Y139.298 E900.84716
G1 F711.5 X126.607 Y138.721 E900.87201
G1 F712.9 X126.697 Y138.689 E900.87602
G1 X127.045 Y138.746 E900.89083
G1 F711.5 X127.21 Y139.139 E900.90876
G1 F780.9 X127.383 Y139.405 E900.92092
G1 F882.4 X127.702 Y139.997 E900.94374
G1 F851.1 X127.84 Y140.287 E900.95503
G1 F722.9 X127.928 Y140.551 E900.96656
G1 X127.704 Y140.385 E900.9781
G1 F851.1 X127.525 Y140.336 E900.98463
G1 F900 X127.263 Y140.424 E900.99382
G1 F882.4 X127.124 Y140.606 E901.00159
G1 F871.7 X127.112 Y141.19 E901.02165
G1 F855.1 X127.121 Y142.11 E901.05386
G1 F793 X127.189 Y142.595 E901.07235
G1 F756.3 X126.622 Y142.729 E901.09541
G1 F1500 E894.59541
G0 F9000 X126.91 Y142.431
G0 X126.908 Y141.294
G0 X127.928 Y140.551
G1 F1500 E901.09541
G1 F654.5 X127.957 Y140.592 E901.0977
G1 F1500 E894.5977
G0 F9000 X128.594 Y141.513
G0 X128.716 Y142.3
G1 F1500 E901.0977
G1 F722.9 X128.632 Y141.989 E901.11104
G1 F800 X128.372 Y141.536 E901.13059
G1 F900 X128.198 Y141.187 E901.14356
G1 F821.9 X128.017 Y140.778 E901.15985
G1 F700.4 X127.957 Y140.592 E901.1682
G1 X128.117 Y140.706 E901.17659
G1 F821.9 X128.363 Y140.726 E901.18558
G1 F900 X128.571 Y140.641 E901.19306
G1 F882.4 X128.7 Y140.491 E901.19977
G1 F873.8 X128.704 Y139.304 E901.24043
G1 F829.5 X128.671 Y138.57 E901.26695
G1 F786 X128.575 Y138.417 E901.27383
G1 X128.744 Y138.284 E901.28202
G1 X129.146 Y138.215 E901.29755
G1 F810.8 X129.115 Y138.406 E901.30469
G1 F869.6 X129.12 Y141.333 E901.40545
G1 F800 X129.108 Y141.855 E901.42499
G1 F722.9 X129.234 Y142.106 E901.43662
G1 F725.8 X129.136 Y142.194 E901.44205
G1 X128.716 Y142.3 E901.45992
G0 F9000 X128.883 Y142.018
G0 X128.914 Y141.508
G0 X128.735 Y141.093
;TYPE:SKIN
G1 F610.2 X128.699 Y141.156 E901.46348
G1 X128.626 Y141.156 E901.46706
G1 X128.589 Y141.093 E901.47064
G1 X128.625 Y141.03 E901.4742
G1 X128.698 Y141.03 E901.47778
G1 X128.735 Y141.093 E901.48137
G1 F1500 E894.98137
G0 F9000 X128.914 Y141.508
G0 X128.594 Y141.513
G0 X127.14 Y139.401
G0 X127.232 Y139.969
G1 F1500 E901.48137
G1 F592.1 X127.194 Y140.035 E901.48522
G1 X127.118 Y140.035 E901.48906
G1 X127.08 Y139.969 E901.49291
G1 X127.118 Y139.903 E901.49676
G1 X127.194 Y139.903 E901.5006
G1 X127.232 Y139.969 E901.50445
;TIME_ELAPSED:2111.513116
G1 F1500 E895.00445
M140 S0
M107
G91 ;Relative positioning
G1 E-2 F2700 ;Retract a bit
G1 E-2 Z0.2 F2400 ;Retract and raise Z
G1 X5 Y5 F3000 ;Wipe out
G1 Z10 ;Raise Z more
G90 ;Absolute positioning

G1 X0 Y235 ;Present print
M106 S0 ;Turn-off fan
M104 S0 ;Turn-off hotend
M140 S0 ;Turn-off bed

M84 X Y E ;Disable all steppers but Z

M82 ;absolute extrusion mode
M104 S0
;End of Gcode
;SETTING_3 {"global_quality": "[general]\\nversion = 4\\nname = Dynamic Quality 
;SETTING_3 #2\\ndefinition = creality_base\\n\\n[metadata]\\ntype = quality_chan
;SETTING_3 ges\\nquality_type = adaptive\\nsetting_version = 24\\n\\n[values]\\n
;SETTING_3 \\n", "extruder_quality": ["[general]\\nversion = 4\\nname = Dynamic 
;SETTING_3 Quality #2\\ndefinition = creality_cr6se\\n\\n[metadata]\\ntype = qua
;SETTING_3 lity_changes\\nquality_type = adaptive\\nsetting_version = 24\\nposit
;SETTING_3 ion = 0\\n\\n[values]\\nmaterial_print_temperature = 230\\nspeed_prin
;SETTING_3 t = 30\\nwall_thickness = 0.1\\n\\n"]}
