;FLAVOR:Marlin
;TIME:1454
;Filament used: 1.0041m
;Layer height: 0.28
;MINX:101.612
;MINY:81.617
;MINZ:0.28
;MAXX:133.388
;MAXY:133.383
;MAXZ:29.96
;TARGET_MACHINE.NAME:Creality CR-6 SE
;Generated with Cura_SteamEngine 5.9.1
M140 S60
M105
M190 S60
M104 S220
M105
M109 S220
M82 ;absolute extrusion mode
M201 X500.00 Y500.00 Z100.00 E5000.00 ;Setup machine max acceleration
M203 X500.00 Y500.00 Z10.00 E50.00 ;Setup machine max feedrate
M204 P500.00 R1000.00 T500.00 ;Setup Print/Retract/Travel acceleration
M205 X8.00 Y8.00 Z0.40 E5.00 ;Setup Jerk
M220 S100 ;Reset Feedrate
M221 S100 ;Reset Flowrate

G28 ;Home

G92 E0 ;Reset Extruder
G1 Z2.0 F3000 ;Move Z Axis up
G1 X10.1 Y20 Z0.28 F5000.0 ;Move to start position
G1 X10.1 Y200.0 Z0.28 F1500.0 E15 ;Draw the first line
G1 X10.4 Y200.0 Z0.28 F5000.0 ;Move to side a little
G1 X10.4 Y20 Z0.28 F1500.0 E30 ;Draw the second line
G92 E0 ;Reset Extruder
G1 Z2.0 F3000 ;Move Z Axis up

G92 E0
G92 E0
G1 F1500 E-6.5
;LAYER_COUNT:107
;LAYER:0
M107
G0 F6000 X119.652 Y133.208 Z0.28
;TYPE:SKIRT
G1 F1500 E0
G1 F1200 X118.752 Y133.317 E0.04221
G1 X117.781 Y133.383 E0.08753
G1 X116.878 Y133.368 E0.12959
G1 X116.281 Y133.316 E0.15749
G1 X115.495 Y133.227 E0.19432
G1 X114.662 Y133.111 E0.23349
G1 X113.706 Y132.927 E0.27882
G1 X112.781 Y132.664 E0.3236
G1 X112.222 Y132.46 E0.3513
G1 X111.183 Y132.044 E0.40342
G1 X110.692 Y131.833 E0.4283
G1 X109.88 Y131.439 E0.47033
G1 X108.995 Y130.91 E0.51834
G1 X108.538 Y130.59 E0.54432
G1 X107.888 Y130.109 E0.58197
G1 X107.261 Y129.621 E0.61897
G1 X106.495 Y128.958 E0.66614
G1 X105.846 Y128.289 E0.70954
G1 X105.444 Y127.811 E0.73862
G1 X104.954 Y127.194 E0.77531
G1 X104.436 Y126.503 E0.81552
G1 X103.891 Y125.695 E0.86091
G1 X103.426 Y124.855 E0.90561
G1 X103.187 Y124.342 E0.93197
G1 X102.756 Y123.337 E0.98289
G1 X102.555 Y122.83 E1.00828
G1 X102.238 Y121.908 E1.05368
G1 X102.006 Y120.978 E1.09831
G1 X101.907 Y120.42 E1.1247
G1 X101.748 Y119.319 E1.1765
G1 X101.681 Y118.745 E1.20341
G1 X101.614 Y117.766 E1.2491
G1 X101.645 Y116.627 E1.30216
G1 X101.798 Y114.911 E1.38238
G1 X101.968 Y112.458 E1.49688
G1 X102.073 Y109.866 E1.61767
G1 X102.105 Y107.355 E1.7346
G1 X102.065 Y104.869 E1.85037
G1 X101.954 Y102.36 E1.96732
G1 X101.747 Y99.536 E2.09917
G1 X101.652 Y98.469 E2.14905
G1 X101.612 Y97.567 E2.19109
G1 X101.685 Y96.27 E2.25158
G1 X101.798 Y95.283 E2.29784
G1 X101.909 Y94.522 E2.33365
G1 X102.102 Y93.567 E2.37902
G1 X102.356 Y92.701 E2.42104
G1 X102.544 Y92.19 E2.44639
G1 X102.789 Y91.58 E2.477
G1 X103.154 Y90.725 E2.52029
G1 X103.578 Y89.846 E2.56574
G1 X104.04 Y89.07 E2.60779
G1 X104.423 Y88.52 E2.639
G1 X104.88 Y87.904 E2.67471
G1 X105.399 Y87.239 E2.71399
G1 X106.036 Y86.502 E2.75935
G1 X106.683 Y85.872 E2.8014
G1 X107.183 Y85.451 E2.83184
G1 X108.073 Y84.75 E2.88459
G1 X108.497 Y84.436 E2.90916
G1 X109.305 Y83.891 E2.95454
G1 X110.095 Y83.453 E2.9966
G1 X110.651 Y83.193 E3.02518
G1 X111.663 Y82.756 E3.07651
G1 X112.17 Y82.555 E3.10191
G1 X113.092 Y82.238 E3.14731
G1 X114.022 Y82.006 E3.19194
G1 X114.577 Y81.907 E3.21819
G1 X115.35 Y81.792 E3.25458
G1 X116.241 Y81.684 E3.29637
G1 X117.212 Y81.617 E3.34169
G1 X118.142 Y81.633 E3.385
G1 X118.708 Y81.682 E3.41146
G1 X119.505 Y81.773 E3.44881
G1 X120.342 Y81.89 E3.48816
G1 X121.298 Y82.074 E3.5335
G1 X122.167 Y82.32 E3.57555
G1 X122.775 Y82.539 E3.60564
G1 X123.51 Y82.83 E3.64245
G1 X124.301 Y83.166 E3.68247
G1 X125.176 Y83.591 E3.72776
G1 X125.952 Y84.054 E3.76984
G1 X126.48 Y84.423 E3.79984
G1 X127.096 Y84.88 E3.83555
G1 X127.761 Y85.399 E3.87483
G1 X128.498 Y86.036 E3.92019
G1 X129.128 Y86.683 E3.96224
G1 X129.546 Y87.178 E3.99241
G1 X130.052 Y87.814 E4.03025
G1 X130.565 Y88.498 E4.07006
G1 X131.11 Y89.306 E4.11545
G1 X131.548 Y90.096 E4.15751
G1 X131.809 Y90.65 E4.18602
G1 X132.131 Y91.391 E4.22365
G1 X132.442 Y92.16 E4.26227
G1 X132.75 Y93.047 E4.30599
G1 X132.992 Y94.012 E4.35232
G1 X133.091 Y94.567 E4.37857
G1 X133.253 Y95.688 E4.43131
G1 X133.32 Y96.265 E4.45836
G1 X133.386 Y97.244 E4.50405
G1 X133.354 Y98.396 E4.55771
G1 X133.201 Y100.097 E4.63724
G1 X133.032 Y102.542 E4.75136
G1 X132.927 Y105.134 E4.87215
G1 X132.895 Y107.616 E4.98773
G1 X132.935 Y110.131 E5.10486
G1 X133.046 Y112.64 E5.2218
G1 X133.253 Y115.464 E5.35365
G1 X133.348 Y116.531 E5.40353
G1 X133.388 Y117.433 E5.44557
G1 X133.318 Y118.704 E5.50485
G1 X133.19 Y119.805 E5.55646
G1 X133.11 Y120.351 E5.58215
G1 X132.925 Y121.306 E5.62745
G1 X132.678 Y122.175 E5.66952
G1 X132.464 Y122.77 E5.69896
G1 X132.06 Y123.779 E5.74957
G1 X131.837 Y124.298 E5.77587
G1 X131.427 Y125.142 E5.81956
G1 X130.917 Y125.995 E5.86584
G1 X130.589 Y126.463 E5.89245
G1 X130.108 Y127.114 E5.93014
G1 X129.621 Y127.739 E5.96704
G1 X128.958 Y128.505 E6.01421
G1 X128.31 Y129.135 E6.05629
G1 X127.809 Y129.556 E6.08676
G1 X126.935 Y130.244 E6.13856
G1 X126.497 Y130.569 E6.16395
G1 X125.689 Y131.112 E6.20929
G1 X124.899 Y131.55 E6.25135
G1 X124.357 Y131.804 E6.27922
G1 X123.302 Y132.259 E6.33272
G1 X122.823 Y132.448 E6.3567
G1 X121.903 Y132.764 E6.40199
G1 X120.973 Y132.996 E6.44662
G1 X120.426 Y133.093 E6.47249
G1 X119.652 Y133.208 E6.50893
G0 F6000 X119.604 Y132.811
G1 F1200 X118.724 Y132.918 E6.55021
G1 X117.788 Y132.983 E6.59389
G1 X116.885 Y132.968 E6.63595
G1 X116.326 Y132.919 E6.66208
G1 X115.55 Y132.831 E6.69844
G1 X114.737 Y132.718 E6.73666
G1 X113.815 Y132.542 E6.78037
G1 X112.918 Y132.288 E6.82378
G1 X112.371 Y132.089 E6.85088
G1 X111.341 Y131.677 E6.90254
G1 X110.867 Y131.473 E6.92657
G1 X110.055 Y131.079 E6.96859
G1 X109.225 Y130.583 E7.01362
G1 X108.776 Y130.268 E7.03916
G1 X108.134 Y129.793 E7.07634
G1 X107.507 Y129.305 E7.11334
G1 X106.782 Y128.679 E7.15794
G1 X106.152 Y128.031 E7.20003
G1 X105.757 Y127.562 E7.22858
G1 X105.274 Y126.954 E7.26474
G1 X104.767 Y126.279 E7.30405
G1 X104.241 Y125.501 E7.34777
G1 X103.789 Y124.686 E7.39117
G1 X103.555 Y124.184 E7.41696
G1 X103.128 Y123.189 E7.46738
G1 X102.933 Y122.699 E7.49193
G1 X102.626 Y121.811 E7.53568
G1 X102.4 Y120.908 E7.57903
G1 X102.303 Y120.363 E7.60481
G1 X102.145 Y119.272 E7.65614
G1 X102.08 Y118.717 E7.68216
G1 X102.014 Y117.777 E7.72603
G1 X102.045 Y116.638 E7.77909
G1 X102.196 Y114.947 E7.85814
G1 X102.368 Y112.474 E7.97358
G1 X102.473 Y109.882 E8.09437
G1 X102.505 Y107.36 E8.21181
G1 X102.465 Y104.851 E8.32866
G1 X102.354 Y102.342 E8.4456
G1 X102.146 Y99.507 E8.57797
G1 X102.052 Y98.451 E8.62733
G1 X102.012 Y97.549 E8.66937
G1 X102.082 Y96.316 E8.72688
G1 X102.194 Y95.34 E8.77263
G1 X102.301 Y94.601 E8.8074
G1 X102.486 Y93.68 E8.85114
G1 X102.74 Y92.814 E8.89316
G1 X102.915 Y92.339 E8.91673
G1 X103.157 Y91.737 E8.94694
G1 X103.515 Y90.898 E8.98942
G1 X103.922 Y90.051 E9.03318
G1 X104.384 Y89.275 E9.07523
G1 X104.744 Y88.758 E9.10456
G1 X105.195 Y88.15 E9.13981
G1 X105.702 Y87.5 E9.1782
G1 X106.315 Y86.789 E9.22191
G1 X106.962 Y86.159 E9.26396
G1 X107.431 Y85.765 E9.29248
G1 X108.312 Y85.071 E9.34471
G1 X108.721 Y84.767 E9.36844
G1 X109.499 Y84.241 E9.41217
G1 X110.289 Y83.803 E9.45423
G1 X110.809 Y83.56 E9.48095
G1 X111.811 Y83.128 E9.53176
G1 X112.301 Y82.933 E9.55632
G1 X113.189 Y82.626 E9.60007
G1 X114.092 Y82.4 E9.64341
G1 X114.636 Y82.303 E9.66914
G1 X115.398 Y82.189 E9.70502
G1 X116.269 Y82.083 E9.74588
G1 X117.205 Y82.017 E9.78957
G1 X118.108 Y82.032 E9.83162
G1 X118.674 Y82.081 E9.85808
G1 X119.45 Y82.169 E9.89444
G1 X120.267 Y82.283 E9.93285
G1 X121.189 Y82.459 E9.97656
G1 X122.058 Y82.705 E10.01862
G1 X122.628 Y82.911 E10.04684
G1 X123.354 Y83.198 E10.08319
G1 X124.127 Y83.526 E10.12229
G1 X124.971 Y83.935 E10.16596
G1 X125.747 Y84.398 E10.20804
G1 X126.242 Y84.744 E10.23616
G1 X126.85 Y85.195 E10.27141
G1 X127.5 Y85.702 E10.30979
G1 X128.211 Y86.315 E10.35351
G1 X128.841 Y86.962 E10.39556
G1 X129.233 Y87.427 E10.42388
G1 X129.732 Y88.054 E10.46119
G1 X130.234 Y88.722 E10.5001
G1 X130.76 Y89.5 E10.54383
G1 X131.198 Y90.29 E10.58589
G1 X131.442 Y90.809 E10.61259
G1 X131.76 Y91.541 E10.64976
G1 X132.064 Y92.292 E10.68748
G1 X132.362 Y93.145 E10.72956
G1 X132.598 Y94.082 E10.77455
G1 X132.695 Y94.624 E10.80019
G1 X132.856 Y95.734 E10.85242
G1 X132.921 Y96.293 E10.87862
G1 X132.986 Y97.233 E10.9225
G1 X132.955 Y98.363 E10.97513
G1 X132.876 Y99.312 E11.01947
G1 X132.803 Y100.058 E11.05438
G1 X132.632 Y102.526 E11.16957
G1 X132.527 Y105.118 E11.29037
G1 X132.495 Y107.611 E11.40646
G1 X132.535 Y110.149 E11.52466
G1 X132.646 Y112.658 E11.6416
G1 X132.854 Y115.493 E11.77396
G1 X132.948 Y116.549 E11.82333
G1 X132.988 Y117.451 E11.86537
G1 X132.921 Y118.658 E11.92166
G1 X132.794 Y119.747 E11.97271
G1 X132.717 Y120.276 E11.99761
G1 X132.54 Y121.197 E12.04128
G1 X132.293 Y122.066 E12.08334
G1 X132.093 Y122.621 E12.11081
G1 X131.693 Y123.621 E12.16096
G1 X131.477 Y124.123 E12.18641
G1 X131.067 Y124.967 E12.2301
G1 X130.589 Y125.766 E12.27346
G1 X130.268 Y126.225 E12.29954
G1 X129.792 Y126.868 E12.33679
G1 X129.305 Y127.493 E12.37369
G1 X128.679 Y128.218 E12.41829
G1 X128.031 Y128.848 E12.46037
G1 X127.562 Y129.242 E12.48889
G1 X126.697 Y129.923 E12.54016
G1 X126.273 Y130.237 E12.56472
G1 X125.495 Y130.762 E12.60843
G1 X124.705 Y131.2 E12.65049
G1 X124.199 Y131.437 E12.67651
G1 X123.155 Y131.887 E12.72944
G1 X122.693 Y132.07 E12.75258
G1 X121.806 Y132.376 E12.79627
G1 X120.903 Y132.602 E12.83962
G1 X120.367 Y132.697 E12.86496
G1 X119.604 Y132.811 E12.90089
G0 F6000 X119.556 Y132.414
G1 F1200 X118.696 Y132.519 E12.94123
G1 X117.795 Y132.583 E12.98329
G1 X116.892 Y132.568 E13.02534
G1 X116.371 Y132.522 E13.0497
G1 X115.605 Y132.435 E13.08559
G1 X114.811 Y132.325 E13.12292
G1 X113.924 Y132.157 E13.16496
G1 X113.055 Y131.912 E13.207
G1 X112.519 Y131.717 E13.23356
G1 X111.499 Y131.31 E13.28469
G1 X111.042 Y131.113 E13.30787
G1 X110.23 Y130.719 E13.34989
G1 X109.455 Y130.255 E13.39195
G1 X109.014 Y129.946 E13.41703
G1 X108.38 Y129.477 E13.45375
G1 X107.753 Y128.989 E13.49075
G1 X107.069 Y128.4 E13.53278
G1 X106.439 Y127.752 E13.57486
G1 X106.07 Y127.313 E13.60156
G1 X105.594 Y126.713 E13.63723
G1 X105.098 Y126.054 E13.67563
G1 X104.591 Y125.307 E13.71767
G1 X104.152 Y124.517 E13.75975
G1 X103.923 Y124.026 E13.78498
G1 X103.5 Y123.041 E13.8349
G1 X103.311 Y122.567 E13.85866
G1 X103.014 Y121.714 E13.90072
G1 X102.794 Y120.838 E13.94277
G1 X102.699 Y120.305 E13.96798
G1 X102.542 Y119.225 E14.0188
G1 X102.479 Y118.688 E14.04398
G1 X102.414 Y117.788 E14.086
G1 X102.444 Y116.671 E14.13803
G1 X102.512 Y115.837 E14.17699
G1 X102.594 Y114.985 E14.21685
G1 X102.768 Y112.49 E14.33331
G1 X102.873 Y109.898 E14.4541
G1 X102.905 Y107.365 E14.57206
G1 X102.865 Y104.833 E14.68997
G1 X102.754 Y102.324 E14.80692
G1 X102.545 Y99.478 E14.93979
G1 X102.452 Y98.433 E14.98865
G1 X102.412 Y97.531 E15.03069
G1 X102.479 Y96.362 E15.08521
G1 X102.59 Y95.397 E15.13044
G1 X102.693 Y94.679 E15.16422
G1 X102.87 Y93.793 E15.20629
G1 X103.124 Y92.927 E15.24831
G1 X103.286 Y92.488 E15.2701
G1 X103.525 Y91.894 E15.29991
G1 X103.876 Y91.071 E15.34158
G1 X104.266 Y90.256 E15.38365
G1 X104.728 Y89.48 E15.4257
G1 X105.065 Y88.996 E15.45316
G1 X105.51 Y88.396 E15.48795
G1 X106.005 Y87.761 E15.52544
G1 X106.594 Y87.076 E15.5675
G1 X107.241 Y86.446 E15.60955
G1 X107.678 Y86.079 E15.63613
G1 X108.551 Y85.392 E15.68785
G1 X108.946 Y85.098 E15.71078
G1 X109.693 Y84.591 E15.75282
G1 X110.483 Y84.153 E15.79488
G1 X110.967 Y83.927 E15.81975
G1 X111.959 Y83.5 E15.87004
G1 X112.433 Y83.311 E15.89381
G1 X113.286 Y83.014 E15.93586
G1 X114.162 Y82.794 E15.97792
G1 X114.695 Y82.699 E16.00313
G1 X115.447 Y82.586 E16.03854
G1 X116.298 Y82.482 E16.07846
G1 X117.198 Y82.417 E16.12048
G1 X118.101 Y82.432 E16.16253
G1 X118.629 Y82.478 E16.18721
G1 X119.395 Y82.565 E16.22311
G1 X120.193 Y82.676 E16.26062
G1 X121.08 Y82.844 E16.30266
G1 X121.949 Y83.09 E16.34471
G1 X122.481 Y83.283 E16.37107
G1 X123.198 Y83.566 E16.40696
G1 X123.953 Y83.886 E16.44514
G1 X124.766 Y84.279 E16.48719
G1 X125.542 Y84.742 E16.52927
G1 X126.004 Y85.065 E16.55552
G1 X126.604 Y85.51 E16.5903
G1 X127.239 Y86.005 E16.62779
G1 X127.924 Y86.594 E16.66986
G1 X128.554 Y87.241 E16.71191
G1 X128.92 Y87.676 E16.73838
G1 X129.412 Y88.295 E16.7752
G1 X129.903 Y88.947 E16.8132
G1 X130.41 Y89.694 E16.85524
G1 X130.848 Y90.484 E16.8973
G1 X131.075 Y90.969 E16.92224
G1 X131.389 Y91.691 E16.9589
G1 X131.686 Y92.424 E16.99573
G1 X131.984 Y93.277 E17.0378
G1 X132.204 Y94.153 E17.07986
G1 X132.299 Y94.682 E17.10488
G1 X132.459 Y95.78 E17.15655
G1 X132.522 Y96.321 E17.18191
G1 X132.586 Y97.222 E17.22397
G1 X132.556 Y98.33 E17.27558
G1 X132.478 Y99.273 E17.31964
G1 X132.405 Y100.019 E17.35455
G1 X132.232 Y102.51 E17.47082
G1 X132.127 Y105.102 E17.59161
G1 X132.095 Y107.606 E17.70822
G1 X132.135 Y110.167 E17.82748
G1 X132.246 Y112.676 E17.94443
G1 X132.455 Y115.522 E18.0773
G1 X132.548 Y116.567 E18.12616
G1 X132.588 Y117.469 E18.1682
G1 X132.524 Y118.612 E18.2215
G1 X132.398 Y119.69 E18.27204
G1 X132.324 Y120.201 E18.29608
G1 X132.155 Y121.088 E18.33813
G1 X131.908 Y121.957 E18.3802
G1 X131.721 Y122.473 E18.40575
G1 X131.326 Y123.463 E18.45539
G1 X131.117 Y123.949 E18.48002
G1 X130.724 Y124.762 E18.52207
G1 X130.261 Y125.537 E18.5641
G1 X129.946 Y125.987 E18.58968
G1 X129.476 Y126.622 E18.62647
G1 X128.989 Y127.247 E18.66336
G1 X128.4 Y127.931 E18.70539
G1 X127.752 Y128.561 E18.74748
G1 X127.315 Y128.928 E18.77405
G1 X126.458 Y129.602 E18.82482
G1 X126.049 Y129.906 E18.84855
G1 X125.301 Y130.412 E18.8906
G1 X124.511 Y130.85 E18.93266
G1 X124.041 Y131.07 E18.95682
G1 X123.007 Y131.515 E19.00924
G1 X122.562 Y131.692 E19.03154
G1 X121.709 Y131.988 E19.07358
G1 X120.833 Y132.208 E19.11564
G1 X120.308 Y132.301 E19.14047
G1 X119.556 Y132.414 E19.17588
G1 F1500 E12.67588
;MESH:yc1hingeDubel.stl(1)
G0 F6000 X122.882 Y118.934
G0 X123.07 Y117.5
G0 X122.899 Y116.203
G0 X117.643 Y103.05
G0 X117.499 Y101.79
;TYPE:WALL-INNER
G1 F1500 E19.17588
G1 F1200 X118.615 Y101.643 E19.22829
G1 X119.641 Y101.219 E19.27998
G1 X120.535 Y100.532 E19.33248
G1 X121.216 Y99.645 E19.38456
G1 X121.647 Y98.607 E19.43689
G1 X121.79 Y97.497 E19.489
G1 X121.643 Y96.381 E19.54142
G1 X121.219 Y95.355 E19.59311
G1 X120.531 Y94.46 E19.64568
G1 X119.645 Y93.777 E19.69777
G1 X118.615 Y93.353 E19.74963
G1 X117.499 Y93.206 E19.80205
G1 X116.381 Y93.353 E19.85456
G1 X115.356 Y93.776 E19.90619
G1 X114.464 Y94.464 E19.95864
G1 X113.776 Y95.356 E20.0111
G1 X113.349 Y96.388 E20.0631
G1 X113.206 Y97.495 E20.11508
G1 X113.353 Y98.616 E20.16772
G1 X113.777 Y99.645 E20.21955
G1 X114.46 Y100.531 E20.27164
G1 X115.355 Y101.219 E20.3242
G1 X116.381 Y101.643 E20.3759
G1 X117.499 Y101.79 E20.4284
G0 F6000 X117.499 Y102.194
;TYPE:WALL-OUTER
G1 F1200 X118.719 Y102.033 E20.4857
G1 X119.843 Y101.569 E20.54233
G1 X120.821 Y100.817 E20.59977
G1 X121.565 Y99.847 E20.6567
G1 X122.037 Y98.711 E20.71398
G1 X122.194 Y97.497 E20.77098
G1 X122.033 Y96.277 E20.82828
G1 X121.569 Y95.153 E20.8849
G1 X120.817 Y94.175 E20.94235
G1 X119.847 Y93.427 E20.99938
G1 X118.719 Y92.963 E21.05618
G1 X117.499 Y92.802 E21.11348
G1 X116.277 Y92.963 E21.17087
G1 X115.154 Y93.427 E21.22745
G1 X114.179 Y94.179 E21.28479
G1 X113.427 Y95.154 E21.34212
G1 X112.959 Y96.284 E21.39907
G1 X112.802 Y97.495 E21.45593
G1 X112.963 Y98.72 E21.51347
G1 X113.427 Y99.847 E21.57022
G1 X114.175 Y100.817 E21.62725
G1 X115.153 Y101.569 E21.6847
G1 X116.277 Y102.033 E21.74132
G1 X117.499 Y102.194 E21.79871
G0 F6000 X117.496 Y101.426
;TYPE:SKIN
G1 F1200 X116.469 Y101.289 E21.84696
G1 X115.537 Y100.905 E21.8939
G1 X114.719 Y100.277 E21.94192
G1 X114.091 Y99.459 E21.98994
G1 X113.703 Y98.523 E22.03712
G1 X113.57 Y97.491 E22.08557
G1 X113.7 Y96.476 E22.13322
G1 X114.087 Y95.541 E22.18034
G1 X114.719 Y94.719 E22.22862
G1 X115.537 Y94.087 E22.27675
G1 X116.472 Y93.703 E22.32382
G1 X117.496 Y93.57 E22.3719
G1 X118.523 Y93.703 E22.42012
G1 X119.459 Y94.091 E22.4673
G1 X120.277 Y94.719 E22.51532
G1 X120.901 Y95.533 E22.56308
G1 X121.289 Y96.473 E22.61043
G1 X121.426 Y97.497 E22.65854
G1 X121.293 Y98.515 E22.70634
G1 X120.901 Y99.459 E22.75394
G1 X120.281 Y100.269 E22.80144
G1 X119.455 Y100.905 E22.84998
G1 X118.523 Y101.289 E22.89692
G1 X117.496 Y101.426 E22.94516
G0 F6000 X117.461 Y101.684
G0 X116.423 Y101.486
G0 X115.437 Y101.078
G0 X114.575 Y100.417
G0 X114.043 Y99.726
G0 X113.582 Y98.909
G0 X114.008 Y98.734
G1 F1200 X116.259 Y100.985 E23.0934
G0 F6000 X116.996 Y101.157
G1 F1200 X113.837 Y97.998 E23.30142
G0 F6000 X113.786 Y97.381
G1 F1200 X117.612 Y101.207 E23.55337
G0 F6000 X118.112 Y101.142
G1 F1200 X113.85 Y96.879 E23.83406
G0 F6000 X113.945 Y96.408
G1 F1200 X118.584 Y101.048 E24.13958
G0 F6000 X118.984 Y100.882
G1 F1200 X114.11 Y96.008 E24.46054
G0 F6000 X114.283 Y95.615
G1 F1200 X119.379 Y100.711 E24.79612
G0 F6000 X119.698 Y100.465
G1 F1200 X114.529 Y95.295 E25.13654
G0 F6000 X114.774 Y94.975
G1 F1200 X120.018 Y100.219 E25.48187
G0 F6000 X120.292 Y99.927
G1 F1200 X115.068 Y94.704 E25.82585
G0 F6000 X115.387 Y94.457
G1 F1200 X120.537 Y99.607 E26.16498
G0 F6000 X120.764 Y99.268
G1 F1200 X115.724 Y94.228 E26.49687
G0 F6000 X116.125 Y94.063
G1 F1200 X120.93 Y98.868 E26.81329
G0 F6000 X121.096 Y98.469
G1 F1200 X116.526 Y93.898 E27.11427
G0 F6000 X117.027 Y93.834
G1 F1200 X121.163 Y97.97 E27.38663
G0 F6000 X121.22 Y97.461
G1 F1200 X117.537 Y93.778 E27.62916
G0 F6000 X118.186 Y93.861
G1 F1200 X121.132 Y96.808 E27.82319
G0 F6000 X120.869 Y95.978
G1 F1200 X119.013 Y94.123 E27.94538
G1 F1500 E21.44538
;MESH:yc1hingeDubel.stl
G0 F6000 X119.189 Y93.698
G0 X119.563 Y93.918
G0 X120.417 Y94.575
G0 X121.079 Y95.437
G0 X121.486 Y96.423
G0 X121.629 Y97.498
G0 X121.49 Y98.565
G0 X121.075 Y99.564
G0 X120.42 Y100.417
G0 X119.646 Y101.013
G0 X117.5 Y101.967
G0 X117.643 Y103.05
G0 X117.642 Y111.949
G0 X117.499 Y121.79
;TYPE:WALL-INNER
G1 F1500 E27.94538
G1 F1200 X118.615 Y121.643 E27.9978
G1 X119.641 Y121.219 E28.04949
G1 X120.535 Y120.532 E28.10199
G1 X121.216 Y119.645 E28.15406
G1 X121.647 Y118.607 E28.2064
G1 X121.79 Y117.497 E28.25851
G1 X121.643 Y116.381 E28.31092
G1 X121.219 Y115.355 E28.36262
G1 X120.531 Y114.46 E28.41518
G1 X119.645 Y113.777 E28.46727
G1 X118.615 Y113.353 E28.51914
G1 X117.499 Y113.206 E28.57155
G1 X116.381 Y113.353 E28.62406
G1 X115.356 Y113.776 E28.67569
G1 X114.464 Y114.464 E28.72815
G1 X113.776 Y115.356 E28.7806
G1 X113.349 Y116.388 E28.83261
G1 X113.206 Y117.495 E28.88458
G1 X113.353 Y118.616 E28.93723
G1 X113.777 Y119.645 E28.98905
G1 X114.46 Y120.531 E29.04114
G1 X115.355 Y121.219 E29.09371
G1 X116.381 Y121.643 E29.1454
G1 X117.499 Y121.79 E29.19791
G0 F6000 X117.499 Y122.194
;TYPE:WALL-OUTER
G1 F1200 X118.719 Y122.033 E29.25521
G1 X119.843 Y121.569 E29.31183
G1 X120.821 Y120.817 E29.36928
G1 X121.565 Y119.847 E29.4262
G1 X122.037 Y118.711 E29.48348
G1 X122.194 Y117.497 E29.54048
G1 X122.033 Y116.277 E29.59778
G1 X121.569 Y115.153 E29.65441
G1 X120.817 Y114.175 E29.71185
G1 X119.847 Y113.427 E29.76889
G1 X118.719 Y112.963 E29.82568
G1 X117.499 Y112.802 E29.88298
G1 X116.277 Y112.963 E29.94038
G1 X115.154 Y113.427 E29.99696
G1 X114.179 Y114.179 E30.05429
G1 X113.427 Y115.154 E30.11163
G1 X112.959 Y116.284 E30.16858
G1 X112.802 Y117.495 E30.22544
G1 X112.963 Y118.72 E30.28297
G1 X113.427 Y119.847 E30.33972
G1 X114.175 Y120.817 E30.39676
G1 X115.153 Y121.569 E30.4542
G1 X116.277 Y122.033 E30.51083
G1 X117.499 Y122.194 E30.56822
G0 F6000 X117.496 Y121.426
;TYPE:SKIN
G1 F1200 X116.469 Y121.289 E30.61647
G1 X115.537 Y120.905 E30.6634
G1 X114.719 Y120.277 E30.71142
G1 X114.091 Y119.459 E30.75944
G1 X113.703 Y118.523 E30.80662
G1 X113.57 Y117.491 E30.85507
G1 X113.7 Y116.476 E30.90272
G1 X114.087 Y115.541 E30.94984
G1 X114.719 Y114.719 E30.99812
G1 X115.537 Y114.087 E31.04626
G1 X116.472 Y113.703 E31.09332
G1 X117.496 Y113.57 E31.14141
G1 X118.523 Y113.703 E31.18963
G1 X119.459 Y114.091 E31.23681
G1 X120.277 Y114.719 E31.28483
G1 X120.901 Y115.533 E31.33259
G1 X121.289 Y116.473 E31.37994
G1 X121.426 Y117.497 E31.42804
G1 X121.293 Y118.515 E31.47585
G1 X120.901 Y119.459 E31.52345
G1 X120.281 Y120.269 E31.57094
G1 X119.455 Y120.905 E31.61949
G1 X118.523 Y121.289 E31.66642
G1 X117.496 Y121.426 E31.71467
G0 F6000 X117.461 Y121.684
G0 X116.423 Y121.486
G0 X115.437 Y121.078
G0 X114.661 Y120.483
G0 X113.838 Y119.53
G0 X114.264 Y119.355
G1 F1200 X115.64 Y120.731 E31.80528
G0 F6000 X115.464 Y121.155
G0 X116.515 Y121.559
G0 X116.576 Y121.101
G1 F1200 X113.89 Y118.416 E31.98212
G0 F6000 X113.807 Y117.767
G1 F1200 X117.228 Y121.188 E32.2074
G0 F6000 X117.791 Y121.185
G1 F1200 X113.809 Y117.203 E32.46963
G0 F6000 X113.872 Y116.701
G1 F1200 X118.29 Y121.118 E32.76052
G0 F6000 X118.726 Y120.989
G1 F1200 X114.003 Y116.266 E33.07154
G0 F6000 X114.169 Y115.866
G1 F1200 X119.126 Y120.823 E33.39797
G0 F6000 X119.492 Y120.623
G1 F1200 X114.37 Y115.501 E33.73526
G0 F6000 X114.616 Y115.181
G1 F1200 X119.811 Y120.377 E34.07739
G0 F6000 X120.131 Y120.131
G1 F1200 X114.862 Y114.862 E34.42437
G0 F6000 X115.181 Y114.616
G1 F1200 X120.379 Y119.813 E34.76663
G0 F6000 X120.624 Y119.493
G1 F1200 X115.5 Y114.369 E35.10406
G0 F6000 X115.866 Y114.169
G1 F1200 X120.823 Y119.126 E35.43048
G0 F6000 X120.989 Y118.726
G1 F1200 X116.267 Y114.004 E35.74143
G0 F6000 X116.704 Y113.875
G1 F1200 X121.12 Y118.292 E36.03227
G0 F6000 X121.185 Y117.791
G1 F1200 X117.204 Y113.81 E36.29442
G0 F6000 X117.767 Y113.807
G1 F1200 X121.188 Y117.228 E36.5197
G0 F6000 X121.101 Y116.576
G1 F1200 X118.416 Y113.891 E36.69651
G0 F6000 X118.477 Y113.436
G0 X119.532 Y113.84
G0 X119.356 Y114.265
G1 F1200 X120.728 Y115.637 E36.78686
G1 F1500 E30.28686
;MESH:NONMESH
G0 F300 X120.728 Y115.637 Z0.56
G0 F6000 X121.094 Y115.357
G0 X121.486 Y116.423
G0 X121.629 Y117.498
G0 X121.49 Y118.565
G0 X121.116 Y119.464
G0 X119.735 Y121.368
G0 X120.154 Y122.378
G0 X119.556 Y132.414
;TIME_ELAPSED:50.993312
;LAYER:1
M106 S85
;TYPE:SKIRT
G1 F1500 E36.78686
G1 F1200 X118.696 Y132.519 E36.82721
G1 X117.795 Y132.583 E36.86927
G1 X116.892 Y132.568 E36.91132
G1 X116.371 Y132.522 E36.93567
G1 X115.605 Y132.435 E36.97157
G1 X114.811 Y132.325 E37.0089
G1 X113.924 Y132.157 E37.05093
G1 X113.055 Y131.912 E37.09297
G1 X112.519 Y131.717 E37.11953
G1 X111.499 Y131.31 E37.17067
G1 X111.042 Y131.113 E37.19384
G1 X110.23 Y130.719 E37.23587
G1 X109.455 Y130.255 E37.27793
G1 X109.014 Y129.946 E37.303
G1 X108.38 Y129.477 E37.33972
G1 X107.753 Y128.989 E37.37672
G1 X107.069 Y128.4 E37.41875
G1 X106.439 Y127.752 E37.46084
G1 X106.07 Y127.313 E37.48754
G1 X105.594 Y126.713 E37.5232
G1 X105.098 Y126.054 E37.56161
G1 X104.591 Y125.307 E37.60365
G1 X104.152 Y124.517 E37.64573
G1 X103.923 Y124.026 E37.67096
G1 X103.5 Y123.041 E37.72087
G1 X103.311 Y122.567 E37.74464
G1 X103.014 Y121.714 E37.78669
G1 X102.794 Y120.838 E37.82875
G1 X102.699 Y120.305 E37.85396
G1 X102.542 Y119.225 E37.90478
G1 X102.479 Y118.688 E37.92995
G1 X102.414 Y117.788 E37.97197
G1 X102.444 Y116.671 E38.024
G1 X102.512 Y115.837 E38.06297
G1 X102.594 Y114.985 E38.10282
G1 X102.768 Y112.49 E38.21928
G1 X102.873 Y109.898 E38.34008
G1 X102.905 Y107.365 E38.45803
G1 X102.865 Y104.833 E38.57595
G1 X102.754 Y102.324 E38.69289
G1 X102.545 Y99.478 E38.82577
G1 X102.452 Y98.433 E38.87462
G1 X102.412 Y97.531 E38.91666
G1 X102.479 Y96.362 E38.97119
G1 X102.59 Y95.397 E39.01642
G1 X102.693 Y94.679 E39.05019
G1 X102.87 Y93.793 E39.09226
G1 X103.124 Y92.927 E39.13429
G1 X103.286 Y92.488 E39.15608
G1 X103.525 Y91.894 E39.18589
G1 X103.876 Y91.071 E39.22755
G1 X104.266 Y90.256 E39.26962
G1 X104.728 Y89.48 E39.31168
G1 X105.065 Y88.996 E39.33914
G1 X105.51 Y88.396 E39.37392
G1 X106.005 Y87.761 E39.41141
G1 X106.594 Y87.076 E39.45348
G1 X107.241 Y86.446 E39.49553
G1 X107.678 Y86.079 E39.5221
G1 X108.551 Y85.392 E39.57383
G1 X108.946 Y85.098 E39.59676
G1 X109.693 Y84.591 E39.6388
G1 X110.483 Y84.153 E39.68086
G1 X110.967 Y83.927 E39.70573
G1 X111.959 Y83.5 E39.75602
G1 X112.433 Y83.311 E39.77978
G1 X113.286 Y83.014 E39.82184
G1 X114.162 Y82.794 E39.8639
G1 X114.695 Y82.699 E39.88911
G1 X115.447 Y82.586 E39.92452
G1 X116.298 Y82.482 E39.96444
G1 X117.198 Y82.417 E40.00645
G1 X118.101 Y82.432 E40.04851
G1 X118.629 Y82.478 E40.07319
G1 X119.395 Y82.565 E40.10908
G1 X120.193 Y82.676 E40.1466
G1 X121.08 Y82.844 E40.18864
G1 X121.949 Y83.09 E40.23069
G1 X122.481 Y83.283 E40.25704
G1 X123.198 Y83.566 E40.29293
G1 X123.953 Y83.886 E40.33112
G1 X124.766 Y84.279 E40.37317
G1 X125.542 Y84.742 E40.41524
G1 X126.004 Y85.065 E40.44149
G1 X126.604 Y85.51 E40.47628
G1 X127.239 Y86.005 E40.51377
G1 X127.924 Y86.594 E40.55583
G1 X128.554 Y87.241 E40.59788
G1 X128.92 Y87.676 E40.62435
G1 X129.412 Y88.295 E40.66117
G1 X129.903 Y88.947 E40.69918
G1 X130.41 Y89.694 E40.74122
G1 X130.848 Y90.484 E40.78328
G1 X131.075 Y90.969 E40.80821
G1 X131.389 Y91.691 E40.84487
G1 X131.686 Y92.424 E40.8817
G1 X131.984 Y93.277 E40.92377
G1 X132.204 Y94.153 E40.96583
G1 X132.299 Y94.682 E40.99086
G1 X132.459 Y95.78 E41.04253
G1 X132.522 Y96.321 E41.06789
G1 X132.586 Y97.222 E41.10995
G1 X132.556 Y98.33 E41.16156
G1 X132.478 Y99.273 E41.20562
G1 X132.405 Y100.019 E41.24052
G1 X132.232 Y102.51 E41.35679
G1 X132.127 Y105.102 E41.47759
G1 X132.095 Y107.606 E41.59419
G1 X132.135 Y110.167 E41.71346
G1 X132.246 Y112.676 E41.8304
G1 X132.455 Y115.522 E41.96328
G1 X132.548 Y116.567 E42.01213
G1 X132.588 Y117.469 E42.05417
G1 X132.524 Y118.612 E42.10748
G1 X132.398 Y119.69 E42.15802
G1 X132.324 Y120.201 E42.18206
G1 X132.155 Y121.088 E42.22411
G1 X131.908 Y121.957 E42.26617
G1 X131.721 Y122.473 E42.29173
G1 X131.326 Y123.463 E42.34136
G1 X131.117 Y123.949 E42.366
G1 X130.724 Y124.762 E42.40804
G1 X130.261 Y125.537 E42.45008
G1 X129.946 Y125.987 E42.47566
G1 X129.476 Y126.622 E42.51244
G1 X128.989 Y127.247 E42.54934
G1 X128.4 Y127.931 E42.59137
G1 X127.752 Y128.561 E42.63345
G1 X127.315 Y128.928 E42.66003
G1 X126.458 Y129.602 E42.71079
G1 X126.049 Y129.906 E42.73452
G1 X125.301 Y130.412 E42.77657
G1 X124.511 Y130.85 E42.81864
G1 X124.041 Y131.07 E42.8428
G1 X123.007 Y131.515 E42.89522
G1 X122.562 Y131.692 E42.91752
G1 X121.709 Y131.988 E42.95956
G1 X120.833 Y132.208 E43.00162
G1 X120.308 Y132.301 E43.02644
G1 X119.556 Y132.414 E43.06185
G1 F1500 E36.56185
;MESH:yc1hingeDubel.stl(1)
G0 F7500 X122.88 Y118.941
G0 X123.07 Y117.5
G0 X122.899 Y116.203
G0 X117.643 Y103.05
G0 X117.499 Y101.79
;TYPE:WALL-INNER
G1 F1500 E43.06185
G1 F1350 X118.615 Y101.643 E43.11427
G1 X119.642 Y101.219 E43.166
G1 X120.535 Y100.535 E43.21838
G1 X121.219 Y99.642 E43.27076
G1 X121.643 Y98.615 E43.3225
G1 X121.789 Y97.501 E43.37481
G1 X121.643 Y96.381 E43.42741
G1 X121.219 Y95.355 E43.4791
G1 X120.531 Y94.46 E43.53166
G1 X119.645 Y93.777 E43.58376
G1 X118.615 Y93.353 E43.63562
G1 X117.499 Y93.207 E43.68803
G1 X116.381 Y93.353 E43.74053
G1 X115.356 Y93.776 E43.79216
G1 X114.464 Y94.464 E43.84462
G1 X113.777 Y95.356 E43.89704
G1 X113.353 Y96.381 E43.9487
G1 X113.206 Y97.501 E44.00129
G1 X113.353 Y98.615 E44.05362
G1 X113.777 Y99.645 E44.10548
G1 X114.46 Y100.531 E44.15757
G1 X115.355 Y101.219 E44.21014
G1 X116.381 Y101.643 E44.26183
G1 X117.499 Y101.79 E44.31434
G0 F7500 X117.499 Y102.194
;TYPE:WALL-OUTER
G1 F1350 X118.719 Y102.033 E44.37164
G1 X119.843 Y101.569 E44.42826
G1 X120.821 Y100.821 E44.4856
G1 X121.569 Y99.843 E44.54293
G1 X122.033 Y98.719 E44.59955
G1 X122.193 Y97.501 E44.65675
G1 X122.033 Y96.277 E44.71423
G1 X121.569 Y95.153 E44.77085
G1 X120.817 Y94.175 E44.8283
G1 X119.847 Y93.427 E44.88534
G1 X118.719 Y92.963 E44.94213
G1 X117.499 Y92.803 E44.99943
G1 X116.277 Y92.963 E45.05681
G1 X115.154 Y93.427 E45.11339
G1 X114.179 Y94.179 E45.17073
G1 X113.427 Y95.154 E45.22806
G1 X112.963 Y96.277 E45.28464
G1 X112.802 Y97.501 E45.34213
G1 X112.963 Y98.719 E45.39934
G1 X113.427 Y99.847 E45.45613
G1 X114.175 Y100.817 E45.51317
G1 X115.153 Y101.569 E45.57061
G1 X116.277 Y102.033 E45.62724
G1 X117.499 Y102.194 E45.68463
G0 F7500 X117.5 Y101.421
;TYPE:SKIN
G1 F1350 X117.495 Y101.422 E45.68487
G1 X116.468 Y101.288 E45.73309
G1 X115.537 Y100.905 E45.77997
G1 X114.719 Y100.277 E45.82799
G1 X114.091 Y99.459 E45.87601
G1 X113.703 Y98.523 E45.92319
G1 X113.57 Y97.499 E45.97127
G1 X113.703 Y96.472 E46.01949
G1 X114.087 Y95.537 E46.06656
G1 X114.719 Y94.719 E46.11469
G1 X115.537 Y94.087 E46.16283
G1 X116.472 Y93.703 E46.20989
G1 X117.497 Y93.571 E46.25801
G1 X118.523 Y93.703 E46.30618
G1 X119.459 Y94.091 E46.35336
G1 X120.277 Y94.719 E46.40138
G1 X120.901 Y95.533 E46.44914
G1 X121.289 Y96.472 E46.49645
G1 X121.422 Y97.499 E46.54467
G1 X121.289 Y98.523 E46.59276
G1 X120.901 Y99.459 E46.63994
G1 X120.277 Y100.277 E46.68784
G1 X119.459 Y100.901 E46.73575
G1 X118.52 Y101.289 E46.78306
G1 X117.5 Y101.421 E46.83095
G0 F7500 X117.465 Y101.684
G0 X118.573 Y101.486
G0 X119.56 Y101.078
G0 X120.335 Y100.487
G0 X121.175 Y99.483
G0 X120.747 Y99.305
G1 F1350 X119.302 Y100.75 E46.92611
G0 F7500 X118.38 Y101.106
G1 F1350 X121.105 Y98.38 E47.10558
G0 F7500 X121.19 Y97.731
G1 F1350 X117.73 Y101.19 E47.3334
G0 F7500 X117.175 Y101.179
G1 F1350 X121.178 Y97.176 E47.597
G0 F7500 X121.113 Y96.676
G1 F1350 X116.675 Y101.113 E47.88922
G0 F7500 X116.244 Y100.979
G1 F1350 X120.978 Y96.245 E48.20096
G0 F7500 X120.813 Y95.845
G1 F1350 X115.843 Y100.814 E48.52821
G0 F7500 X115.482 Y100.61
G1 F1350 X120.61 Y95.482 E48.8659
G0 F7500 X120.364 Y95.162
G1 F1350 X115.162 Y100.365 E49.20849
G0 F7500 X114.847 Y100.114
G1 F1350 X120.114 Y94.846 E49.55537
G0 F7500 X119.794 Y94.6
G1 F1350 X114.602 Y99.793 E49.8973
G0 F7500 X114.355 Y99.474
G1 F1350 X119.474 Y94.355 E50.2344
G0 F7500 X119.104 Y94.16
G1 F1350 X114.161 Y99.102 E50.55987
G0 F7500 X113.995 Y98.703
G1 F1350 X118.703 Y93.994 E50.86993
G0 F7500 X118.26 Y93.872
G1 F1350 X113.872 Y98.26 E51.15889
G0 F7500 X113.807 Y97.76
G1 F1350 X117.759 Y93.808 E51.41913
G0 F7500 X117.188 Y93.813
G1 F1350 X113.812 Y97.188 E51.64142
G0 F7500 X113.897 Y96.538
G1 F1350 X116.539 Y93.896 E51.8154
G0 F7500 X116.481 Y93.441
G0 X115.222 Y94.006
G0 X115.501 Y94.368
G1 F1350 X114.369 Y95.5 E51.88994
G1 F1500 E45.38994
;MESH:yc1hingeDubel.stl
G0 F7500 X114.008 Y95.22
G0 X113.51 Y96.423
G0 X113.368 Y97.501
G0 X113.51 Y98.573
G0 X113.877 Y99.464
G0 X115.265 Y101.368
G0 X114.847 Y102.379
G0 X116.675 Y112.039
G0 X117.499 Y121.79
;TYPE:WALL-INNER
G1 F1500 E51.88994
G1 F1350 X118.615 Y121.643 E51.94236
G1 X119.642 Y121.219 E51.99409
G1 X120.535 Y120.535 E52.04647
G1 X121.219 Y119.642 E52.09885
G1 X121.643 Y118.615 E52.15059
G1 X121.789 Y117.501 E52.2029
G1 X121.643 Y116.381 E52.25549
G1 X121.219 Y115.355 E52.30719
G1 X120.531 Y114.46 E52.35975
G1 X119.645 Y113.777 E52.41185
G1 X118.615 Y113.353 E52.46371
G1 X117.499 Y113.207 E52.51612
G1 X116.381 Y113.353 E52.56862
G1 X115.356 Y113.776 E52.62025
G1 X114.464 Y114.464 E52.67271
G1 X113.777 Y115.356 E52.72513
G1 X113.353 Y116.381 E52.77678
G1 X113.206 Y117.501 E52.82938
G1 X113.353 Y118.615 E52.88171
G1 X113.777 Y119.645 E52.93357
G1 X114.46 Y120.531 E52.98566
G1 X115.355 Y121.219 E53.03823
G1 X116.381 Y121.643 E53.08992
G1 X117.499 Y121.79 E53.14243
G0 F7500 X117.499 Y122.194
;TYPE:WALL-OUTER
G1 F1350 X118.719 Y122.033 E53.19973
G1 X119.843 Y121.569 E53.25635
G1 X120.821 Y120.821 E53.31368
G1 X121.569 Y119.843 E53.37102
G1 X122.033 Y118.719 E53.42764
G1 X122.193 Y117.501 E53.48484
G1 X122.033 Y116.277 E53.54232
G1 X121.569 Y115.153 E53.59894
G1 X120.817 Y114.175 E53.65639
G1 X119.847 Y113.427 E53.71343
G1 X118.719 Y112.963 E53.77022
G1 X117.499 Y112.803 E53.82752
G1 X116.277 Y112.963 E53.8849
G1 X115.154 Y113.427 E53.94148
G1 X114.179 Y114.179 E53.99882
G1 X113.427 Y115.154 E54.05615
G1 X112.963 Y116.277 E54.11273
G1 X112.802 Y117.501 E54.17022
G1 X112.963 Y118.719 E54.22743
G1 X113.427 Y119.847 E54.28422
G1 X114.175 Y120.817 E54.34126
G1 X115.153 Y121.569 E54.3987
G1 X116.277 Y122.033 E54.45532
G1 X117.499 Y122.194 E54.51272
G0 F7500 X117.5 Y121.421
;TYPE:SKIN
G1 F1350 X117.495 Y121.422 E54.51296
G1 X116.468 Y121.288 E54.56118
G1 X115.537 Y120.905 E54.60806
G1 X114.719 Y120.277 E54.65608
G1 X114.091 Y119.459 E54.7041
G1 X113.703 Y118.523 E54.75128
G1 X113.57 Y117.499 E54.79936
G1 X113.703 Y116.472 E54.84758
G1 X114.087 Y115.537 E54.89465
G1 X114.719 Y114.719 E54.94278
G1 X115.537 Y114.087 E54.99092
G1 X116.472 Y113.703 E55.03798
G1 X117.497 Y113.571 E55.0861
G1 X118.523 Y113.703 E55.13427
G1 X119.459 Y114.091 E55.18145
G1 X120.277 Y114.719 E55.22947
G1 X120.901 Y115.533 E55.27723
G1 X121.289 Y116.472 E55.32454
G1 X121.422 Y117.499 E55.37276
G1 X121.289 Y118.523 E55.42084
G1 X120.901 Y119.459 E55.46802
G1 X120.277 Y120.277 E55.51593
G1 X119.459 Y120.901 E55.56384
G1 X118.52 Y121.289 E55.61115
G1 X117.5 Y121.421 E55.65904
G0 F7500 X117.465 Y121.684
G0 X118.573 Y121.486
G0 X119.56 Y121.078
G0 X120.421 Y120.421
G0 X120.793 Y119.932
G0 X121.319 Y119.136
G0 X120.891 Y118.959
G1 F1350 X118.959 Y120.892 E55.7863
G0 F7500 X118.149 Y121.136
G1 F1350 X121.135 Y118.15 E55.98293
G0 F7500 X121.22 Y117.499
G1 F1350 X117.499 Y121.22 E56.22797
G0 F7500 X116.998 Y121.156
G1 F1350 X121.155 Y116.999 E56.50171
G0 F7500 X121.084 Y116.504
G1 F1350 X116.501 Y121.086 E56.80348
G0 F7500 X116.101 Y120.922
G1 F1350 X120.92 Y116.103 E57.12082
G0 F7500 X120.754 Y115.702
G1 F1350 X115.7 Y120.756 E57.45363
G0 F7500 X115.367 Y120.524
G1 F1350 X120.522 Y115.369 E57.7931
G0 F7500 X120.277 Y115.048
G1 F1350 X115.048 Y120.277 E58.13743
G0 F7500 X114.759 Y120
G1 F1350 X120.001 Y114.758 E58.48263
G0 F7500 X119.681 Y114.513
G1 F1350 X114.514 Y119.68 E58.82288
G0 F7500 X114.268 Y119.36
G1 F1350 X119.361 Y114.267 E59.15827
G0 F7500 X118.962 Y114.101
G1 F1350 X114.102 Y118.961 E59.47831
G0 F7500 X113.935 Y118.561
G1 F1350 X118.561 Y113.935 E59.78294
G0 F7500 X118.082 Y113.849
G1 F1350 X113.848 Y118.083 E60.06175
G0 F7500 X113.783 Y117.582
G1 F1350 X117.581 Y113.785 E60.31182
G0 F7500 X116.958 Y113.842
G1 F1350 X113.842 Y116.958 E60.51702
G0 F7500 X114.029 Y116.205
G1 F1350 X116.205 Y114.029 E60.66031
G1 F1500 E54.16031
;MESH:NONMESH
G0 F300 X116.205 Y114.029 Z0.84
G0 F7500 X116.031 Y113.606
G0 X115.437 Y113.917
G0 X114.579 Y114.579
G0 X113.917 Y115.437
G0 X113.51 Y116.423
G0 X113.368 Y117.501
G0 X113.51 Y118.573
G0 X113.918 Y119.563
G0 X114.575 Y120.417
G0 X115.437 Y121.078
G0 X116.235 Y121.408
G0 X118.168 Y121.898
G0 X118.308 Y122.963
G0 X119.556 Y132.414
;TIME_ELAPSED:81.850237
;LAYER:2
M106 S170
;TYPE:SKIRT
G1 F1500 E60.66031
G1 F1200 X118.696 Y132.519 E60.70065
G1 X117.795 Y132.583 E60.74271
G1 X116.892 Y132.568 E60.78477
G1 X116.371 Y132.522 E60.80912
G1 X115.605 Y132.435 E60.84502
G1 X114.811 Y132.325 E60.88234
G1 X113.924 Y132.157 E60.92438
G1 X113.055 Y131.912 E60.96642
G1 X112.519 Y131.717 E60.99298
G1 X111.499 Y131.31 E61.04412
G1 X111.042 Y131.113 E61.06729
G1 X110.23 Y130.719 E61.10932
G1 X109.455 Y130.255 E61.15138
G1 X109.014 Y129.946 E61.17645
G1 X108.38 Y129.477 E61.21317
G1 X107.753 Y128.989 E61.25017
G1 X107.069 Y128.4 E61.2922
G1 X106.439 Y127.752 E61.33428
G1 X106.07 Y127.313 E61.36099
G1 X105.594 Y126.713 E61.39665
G1 X105.098 Y126.054 E61.43506
G1 X104.591 Y125.307 E61.4771
G1 X104.152 Y124.517 E61.51918
G1 X103.923 Y124.026 E61.54441
G1 X103.5 Y123.041 E61.59432
G1 X103.311 Y122.567 E61.61808
G1 X103.014 Y121.714 E61.66014
G1 X102.794 Y120.838 E61.7022
G1 X102.699 Y120.305 E61.72741
G1 X102.542 Y119.225 E61.77823
G1 X102.479 Y118.688 E61.8034
G1 X102.414 Y117.788 E61.84542
G1 X102.444 Y116.671 E61.89745
G1 X102.512 Y115.837 E61.93642
G1 X102.594 Y114.985 E61.97627
G1 X102.768 Y112.49 E62.09273
G1 X102.873 Y109.898 E62.21352
G1 X102.905 Y107.365 E62.33148
G1 X102.865 Y104.833 E62.4494
G1 X102.754 Y102.324 E62.56634
G1 X102.545 Y99.478 E62.69922
G1 X102.452 Y98.433 E62.74807
G1 X102.412 Y97.531 E62.79011
G1 X102.479 Y96.362 E62.84464
G1 X102.59 Y95.397 E62.88987
G1 X102.693 Y94.679 E62.92364
G1 X102.87 Y93.793 E62.96571
G1 X103.124 Y92.927 E63.00774
G1 X103.286 Y92.488 E63.02952
G1 X103.525 Y91.894 E63.05934
G1 X103.876 Y91.071 E63.101
G1 X104.266 Y90.256 E63.14307
G1 X104.728 Y89.48 E63.18512
G1 X105.065 Y88.996 E63.21259
G1 X105.51 Y88.396 E63.24737
G1 X106.005 Y87.761 E63.28486
G1 X106.594 Y87.076 E63.32693
G1 X107.241 Y86.446 E63.36898
G1 X107.678 Y86.079 E63.39555
G1 X108.551 Y85.392 E63.44728
G1 X108.946 Y85.098 E63.47021
G1 X109.693 Y84.591 E63.51225
G1 X110.483 Y84.153 E63.55431
G1 X110.967 Y83.927 E63.57918
G1 X111.959 Y83.5 E63.62947
G1 X112.433 Y83.311 E63.65323
G1 X113.286 Y83.014 E63.69529
G1 X114.162 Y82.794 E63.73735
G1 X114.695 Y82.699 E63.76256
G1 X115.447 Y82.586 E63.79796
G1 X116.298 Y82.482 E63.83789
G1 X117.198 Y82.417 E63.8799
G1 X118.101 Y82.432 E63.92196
G1 X118.629 Y82.478 E63.94663
G1 X119.395 Y82.565 E63.98253
G1 X120.193 Y82.676 E64.02005
G1 X121.08 Y82.844 E64.06208
G1 X121.949 Y83.09 E64.10414
G1 X122.481 Y83.283 E64.13049
G1 X123.198 Y83.566 E64.16638
G1 X123.953 Y83.886 E64.20457
G1 X124.766 Y84.279 E64.24662
G1 X125.542 Y84.742 E64.28869
G1 X126.004 Y85.065 E64.31494
G1 X126.604 Y85.51 E64.34972
G1 X127.239 Y86.005 E64.38722
G1 X127.924 Y86.594 E64.42928
G1 X128.554 Y87.241 E64.47133
G1 X128.92 Y87.676 E64.4978
G1 X129.412 Y88.295 E64.53462
G1 X129.903 Y88.947 E64.57263
G1 X130.41 Y89.694 E64.61467
G1 X130.848 Y90.484 E64.65673
G1 X131.075 Y90.969 E64.68166
G1 X131.389 Y91.691 E64.71832
G1 X131.686 Y92.424 E64.75515
G1 X131.984 Y93.277 E64.79722
G1 X132.204 Y94.153 E64.83928
G1 X132.299 Y94.682 E64.86431
G1 X132.459 Y95.78 E64.91597
G1 X132.522 Y96.321 E64.94134
G1 X132.586 Y97.222 E64.9834
G1 X132.556 Y98.33 E65.03501
G1 X132.478 Y99.273 E65.07907
G1 X132.405 Y100.019 E65.11397
G1 X132.232 Y102.51 E65.23024
G1 X132.127 Y105.102 E65.35104
G1 X132.095 Y107.606 E65.46764
G1 X132.135 Y110.167 E65.58691
G1 X132.246 Y112.676 E65.70385
G1 X132.455 Y115.522 E65.83673
G1 X132.548 Y116.567 E65.88558
G1 X132.588 Y117.469 E65.92762
G1 X132.524 Y118.612 E65.98093
G1 X132.398 Y119.69 E66.03147
G1 X132.324 Y120.201 E66.05551
G1 X132.155 Y121.088 E66.09756
G1 X131.908 Y121.957 E66.13962
G1 X131.721 Y122.473 E66.16518
G1 X131.326 Y123.463 E66.21481
G1 X131.117 Y123.949 E66.23944
G1 X130.724 Y124.762 E66.28149
G1 X130.261 Y125.537 E66.32353
G1 X129.946 Y125.987 E66.34911
G1 X129.476 Y126.622 E66.38589
G1 X128.989 Y127.247 E66.42279
G1 X128.4 Y127.931 E66.46482
G1 X127.752 Y128.561 E66.5069
G1 X127.315 Y128.928 E66.53347
G1 X126.458 Y129.602 E66.58424
G1 X126.049 Y129.906 E66.60797
G1 X125.301 Y130.412 E66.65002
G1 X124.511 Y130.85 E66.69208
G1 X124.041 Y131.07 E66.71625
G1 X123.007 Y131.515 E66.76867
G1 X122.562 Y131.692 E66.79097
G1 X121.709 Y131.988 E66.83301
G1 X120.833 Y132.208 E66.87507
G1 X120.308 Y132.301 E66.89989
G1 X119.556 Y132.414 E66.9353
G1 F1500 E60.4353
;MESH:yc1hingeDubel.stl(1)
G0 F9000 X122.88 Y118.941
G0 X123.07 Y117.5
G0 X122.899 Y116.203
G0 X117.643 Y103.05
G0 X117.499 Y101.79
;TYPE:WALL-INNER
G1 F1500 E66.9353
G1 X118.615 Y101.643 E66.98772
G1 X119.642 Y101.219 E67.03945
G1 X120.535 Y100.535 E67.09183
G1 X121.219 Y99.642 E67.14421
G1 X121.643 Y98.615 E67.19595
G1 X121.789 Y97.501 E67.24826
G1 X121.643 Y96.381 E67.30085
G1 X121.219 Y95.355 E67.35255
G1 X120.531 Y94.46 E67.40511
G1 X119.645 Y93.777 E67.4572
G1 X118.615 Y93.353 E67.50907
G1 X117.499 Y93.207 E67.56148
G1 X116.381 Y93.353 E67.61398
G1 X115.356 Y93.776 E67.66561
G1 X114.464 Y94.464 E67.71807
G1 X113.777 Y95.356 E67.77049
G1 X113.353 Y96.381 E67.82214
G1 X113.206 Y97.501 E67.87474
G1 X113.353 Y98.615 E67.92707
G1 X113.777 Y99.645 E67.97893
G1 X114.46 Y100.531 E68.03102
G1 X115.355 Y101.219 E68.08359
G1 X116.381 Y101.643 E68.13528
G1 X117.499 Y101.79 E68.18779
G0 F9000 X117.499 Y102.194
;TYPE:WALL-OUTER
G1 F1500 X118.719 Y102.033 E68.24509
G1 X119.843 Y101.569 E68.30171
G1 X120.821 Y100.821 E68.35904
G1 X121.569 Y99.843 E68.41638
G1 X122.033 Y98.719 E68.473
G1 X122.193 Y97.501 E68.5302
G1 X122.033 Y96.277 E68.58768
G1 X121.569 Y95.153 E68.6443
G1 X120.817 Y94.175 E68.70175
G1 X119.847 Y93.427 E68.75879
G1 X118.719 Y92.963 E68.81558
G1 X117.499 Y92.803 E68.87288
G1 X116.277 Y92.963 E68.93026
G1 X115.154 Y93.427 E68.98684
G1 X114.179 Y94.179 E69.04418
G1 X113.427 Y95.154 E69.10151
G1 X112.963 Y96.277 E69.15809
G1 X112.802 Y97.501 E69.21558
G1 X112.963 Y98.719 E69.27279
G1 X113.427 Y99.847 E69.32958
G1 X114.175 Y100.817 E69.38662
G1 X115.153 Y101.569 E69.44406
G1 X116.277 Y102.033 E69.50068
G1 X117.499 Y102.194 E69.55808
G0 F9000 X117.5 Y101.421
;TYPE:SKIN
G1 F1500 X117.495 Y101.422 E69.55832
G1 X116.468 Y101.288 E69.60654
G1 X115.537 Y100.905 E69.65342
G1 X114.719 Y100.277 E69.70144
G1 X114.091 Y99.459 E69.74946
G1 X113.703 Y98.523 E69.79664
G1 X113.57 Y97.499 E69.84472
G1 X113.703 Y96.472 E69.89294
G1 X114.087 Y95.537 E69.94001
G1 X114.719 Y94.719 E69.98814
G1 X115.537 Y94.087 E70.03628
G1 X116.472 Y93.703 E70.08334
G1 X117.497 Y93.571 E70.13146
G1 X118.523 Y93.703 E70.17963
G1 X119.459 Y94.091 E70.22681
G1 X120.277 Y94.719 E70.27483
G1 X120.901 Y95.533 E70.32259
G1 X121.289 Y96.472 E70.3699
G1 X121.422 Y97.499 E70.41812
G1 X121.289 Y98.523 E70.4662
G1 X120.901 Y99.459 E70.51338
G1 X120.277 Y100.277 E70.56129
G1 X119.459 Y100.901 E70.6092
G1 X118.52 Y101.289 E70.65651
G1 X117.5 Y101.421 E70.7044
G0 F9000 X117.465 Y101.684
G0 X116.423 Y101.486
G0 X115.437 Y101.078
G0 X114.575 Y100.417
G0 X114.043 Y99.725
G0 X113.582 Y98.909
G0 X114.008 Y98.734
G1 F1500 X116.258 Y100.985 E70.8526
G0 F9000 X116.994 Y101.154
G1 F1500 X113.836 Y97.997 E71.06053
G0 F9000 X113.787 Y97.382
G1 F1500 X117.61 Y101.205 E71.31228
G0 F9000 X118.111 Y101.14
G1 F1500 X113.851 Y96.881 E71.59277
G0 F9000 X113.945 Y96.408
G1 F1500 X118.583 Y101.046 E71.89819
G0 F9000 X118.983 Y100.881
G1 F1500 X114.11 Y96.008 E72.21909
G0 F9000 X114.281 Y95.614
G1 F1500 X119.379 Y100.711 E72.55477
G0 F9000 X119.699 Y100.466
G1 F1500 X114.527 Y95.294 E72.89535
G0 F9000 X114.774 Y94.975
G1 F1500 X120.02 Y100.221 E73.24081
G0 F9000 X120.292 Y99.928
G1 F1500 X115.068 Y94.704 E73.58482
G0 F9000 X115.387 Y94.457
G1 F1500 X120.537 Y99.607 E73.92396
G0 F9000 X120.763 Y99.267
G1 F1500 X115.724 Y94.228 E74.25578
G0 F9000 X116.125 Y94.063
G1 F1500 X120.929 Y98.868 E74.57217
G0 F9000 X121.095 Y98.467
G1 F1500 X116.526 Y93.898 E74.87304
G0 F9000 X117.027 Y93.834
G1 F1500 X121.16 Y97.967 E75.14521
G0 F9000 X121.215 Y97.456
G1 F1500 X117.538 Y93.779 E75.38734
G0 F9000 X118.187 Y93.863
G1 F1500 X121.131 Y96.806 E75.58118
G0 F9000 X120.869 Y95.979
G1 F1500 X119.014 Y94.124 E75.70333
G1 F1500 E69.20333
;MESH:yc1hingeDubel.stl
G0 F9000 X119.19 Y93.699
G0 X119.563 Y93.918
G0 X120.417 Y94.575
G0 X121.079 Y95.437
G0 X121.486 Y96.423
G0 X121.627 Y97.501
G0 X121.486 Y98.573
G0 X121.078 Y99.56
G0 X120.421 Y100.421
G0 X119.646 Y101.012
G0 X117.5 Y101.967
G0 X117.643 Y103.05
G0 X117.642 Y111.949
G0 X117.499 Y121.79
;TYPE:WALL-INNER
G1 F1500 E75.70333
G1 X118.615 Y121.643 E75.75575
G1 X119.642 Y121.219 E75.80749
G1 X120.535 Y120.535 E75.85986
G1 X121.219 Y119.642 E75.91224
G1 X121.643 Y118.615 E75.96398
G1 X121.789 Y117.501 E76.01629
G1 X121.643 Y116.381 E76.06889
G1 X121.219 Y115.355 E76.12058
G1 X120.531 Y114.46 E76.17315
G1 X119.645 Y113.777 E76.22524
G1 X118.615 Y113.353 E76.2771
G1 X117.499 Y113.207 E76.32951
G1 X116.381 Y113.353 E76.38201
G1 X115.356 Y113.776 E76.43365
G1 X114.464 Y114.464 E76.4861
G1 X113.777 Y115.356 E76.53853
G1 X113.353 Y116.381 E76.59018
G1 X113.206 Y117.501 E76.64278
G1 X113.353 Y118.615 E76.6951
G1 X113.777 Y119.645 E76.74696
G1 X114.46 Y120.531 E76.79906
G1 X115.355 Y121.219 E76.85162
G1 X116.381 Y121.643 E76.90331
G1 X117.499 Y121.79 E76.95582
G0 F9000 X117.499 Y122.194
;TYPE:WALL-OUTER
G1 F1500 X118.719 Y122.033 E77.01312
G1 X119.843 Y121.569 E77.06974
G1 X120.821 Y120.821 E77.12708
G1 X121.569 Y119.843 E77.18441
G1 X122.033 Y118.719 E77.24103
G1 X122.193 Y117.501 E77.29823
G1 X122.033 Y116.277 E77.35571
G1 X121.569 Y115.153 E77.41234
G1 X120.817 Y114.175 E77.46978
G1 X119.847 Y113.427 E77.52682
G1 X118.719 Y112.963 E77.58361
G1 X117.499 Y112.803 E77.64091
G1 X116.277 Y112.963 E77.69829
G1 X115.154 Y113.427 E77.75487
G1 X114.179 Y114.179 E77.81221
G1 X113.427 Y115.154 E77.86954
G1 X112.963 Y116.277 E77.92612
G1 X112.802 Y117.501 E77.98361
G1 X112.963 Y118.719 E78.04082
G1 X113.427 Y119.847 E78.09761
G1 X114.175 Y120.817 E78.15465
G1 X115.153 Y121.569 E78.21209
G1 X116.277 Y122.033 E78.26872
G1 X117.499 Y122.194 E78.32611
G0 F9000 X117.5 Y121.421
;TYPE:SKIN
G1 F1500 X117.495 Y121.422 E78.32635
G1 X116.468 Y121.288 E78.37457
G1 X115.537 Y120.905 E78.42145
G1 X114.719 Y120.277 E78.46947
G1 X114.091 Y119.459 E78.51749
G1 X113.703 Y118.523 E78.56467
G1 X113.57 Y117.499 E78.61275
G1 X113.703 Y116.472 E78.66097
G1 X114.087 Y115.537 E78.70804
G1 X114.719 Y114.719 E78.75617
G1 X115.537 Y114.087 E78.80431
G1 X116.472 Y113.703 E78.85137
G1 X117.497 Y113.571 E78.8995
G1 X118.523 Y113.703 E78.94767
G1 X119.459 Y114.091 E78.99485
G1 X120.277 Y114.719 E79.04287
G1 X120.901 Y115.533 E79.09062
G1 X121.289 Y116.472 E79.13793
G1 X121.422 Y117.499 E79.18615
G1 X121.289 Y118.523 E79.23424
G1 X120.901 Y119.459 E79.28142
G1 X120.277 Y120.277 E79.32932
G1 X119.459 Y120.901 E79.37723
G1 X118.52 Y121.289 E79.42454
G1 X117.5 Y121.421 E79.47243
G0 F9000 X117.465 Y121.684
G0 X116.423 Y121.486
G0 X115.437 Y121.078
G0 X114.661 Y120.483
G0 X113.839 Y119.531
G0 X114.265 Y119.356
G1 F1500 X115.64 Y120.731 E79.56298
G0 F9000 X115.464 Y121.155
G0 X116.514 Y121.559
G0 X116.575 Y121.101
G1 F1500 X113.89 Y118.416 E79.73979
G0 F9000 X113.807 Y117.767
G1 F1500 X117.225 Y121.185 E79.96487
G0 F9000 X117.788 Y121.182
G1 F1500 X113.81 Y117.204 E80.22683
G0 F9000 X113.875 Y116.703
G1 F1500 X118.288 Y121.117 E80.51747
G0 F9000 X118.725 Y120.987
G1 F1500 X114.003 Y116.266 E80.82838
G0 F9000 X114.168 Y115.865
G1 F1500 X119.126 Y120.823 E81.15488
G0 F9000 X119.493 Y120.624
G1 F1500 X114.368 Y115.5 E81.49233
G0 F9000 X114.615 Y115.181
G1 F1500 X119.813 Y120.379 E81.83463
G0 F9000 X120.134 Y120.134
G1 F1500 X114.862 Y114.862 E82.1818
G0 F9000 X115.181 Y114.616
G1 F1500 X120.379 Y119.814 E82.5241
G0 F9000 X120.624 Y119.493
G1 F1500 X115.5 Y114.369 E82.86152
G0 F9000 X115.866 Y114.169
G1 F1500 X120.823 Y119.126 E83.18795
G0 F9000 X120.989 Y118.726
G1 F1500 X116.267 Y114.004 E83.4989
G0 F9000 X116.704 Y113.875
G1 F1500 X121.118 Y118.29 E83.7896
G0 F9000 X121.183 Y117.789
G1 F1500 X117.205 Y113.811 E84.05156
G0 F9000 X117.769 Y113.809
G1 F1500 X121.185 Y117.225 E84.27651
G0 F9000 X121.101 Y116.575
G1 F1500 X118.418 Y113.892 E84.45319
G0 F9000 X118.477 Y113.437
G0 X119.532 Y113.84
G0 X119.356 Y114.265
G1 F1500 X120.728 Y115.637 E84.54354
G1 F1500 E78.04354
;MESH:NONMESH
G0 F300 X120.728 Y115.637 Z1.12
G0 F9000 X121.094 Y115.357
G0 X119.737 Y113.634
G0 X120.155 Y112.623
G0 X118.328 Y102.96
G0 X117.499 Y101.79
;TIME_ELAPSED:111.223753
;LAYER:3
M106 S255
;TYPE:WALL-INNER
;MESH:yc1hingeDubel.stl(1)
G1 F1500 E84.54354
G1 X118.615 Y101.643 E84.59595
G1 X119.642 Y101.219 E84.64769
G1 X120.535 Y100.535 E84.70007
G1 X121.219 Y99.642 E84.75245
G1 X121.643 Y98.615 E84.80418
G1 X121.789 Y97.501 E84.8565
G1 X121.643 Y96.381 E84.90909
G1 X121.219 Y95.355 E84.96079
G1 X120.531 Y94.46 E85.01335
G1 X119.645 Y93.777 E85.06544
G1 X118.615 Y93.353 E85.11731
G1 X117.499 Y93.207 E85.16972
G1 X116.381 Y93.353 E85.22222
G1 X115.356 Y93.776 E85.27385
G1 X114.464 Y94.464 E85.32631
G1 X113.777 Y95.356 E85.37873
G1 X113.353 Y96.381 E85.43038
G1 X113.206 Y97.501 E85.48298
G1 X113.353 Y98.615 E85.5353
G1 X113.777 Y99.645 E85.58717
G1 X114.46 Y100.531 E85.63926
G1 X115.355 Y101.219 E85.69183
G1 X116.381 Y101.643 E85.74352
G1 X117.499 Y101.79 E85.79603
G0 F9000 X117.499 Y102.194
;TYPE:WALL-OUTER
G1 F1500 X118.719 Y102.033 E85.85333
G1 X119.843 Y101.569 E85.90995
G1 X120.821 Y100.821 E85.96728
G1 X121.569 Y99.843 E86.02462
G1 X122.033 Y98.719 E86.08124
G1 X122.193 Y97.501 E86.13844
G1 X122.033 Y96.277 E86.19592
G1 X121.569 Y95.153 E86.25254
G1 X120.817 Y94.175 E86.30999
G1 X119.847 Y93.427 E86.36702
G1 X118.719 Y92.963 E86.42382
G1 X117.499 Y92.803 E86.48111
G1 X116.277 Y92.963 E86.5385
G1 X115.154 Y93.427 E86.59508
G1 X114.179 Y94.179 E86.65242
G1 X113.427 Y95.154 E86.70975
G1 X112.963 Y96.277 E86.76633
G1 X112.802 Y97.501 E86.82382
G1 X112.963 Y98.719 E86.88102
G1 X113.427 Y99.847 E86.93782
G1 X114.175 Y100.817 E86.99486
G1 X115.153 Y101.569 E87.0523
G1 X116.277 Y102.033 E87.10892
G1 X117.499 Y102.194 E87.16632
G0 F9000 X117.5 Y101.421
;TYPE:SKIN
G1 F1500 X117.495 Y101.422 E87.16655
G1 X116.468 Y101.288 E87.21478
G1 X115.537 Y100.905 E87.26166
G1 X114.719 Y100.277 E87.30968
G1 X114.091 Y99.459 E87.3577
G1 X113.703 Y98.523 E87.40488
G1 X113.57 Y97.499 E87.45296
G1 X113.703 Y96.472 E87.50118
G1 X114.087 Y95.537 E87.54825
G1 X114.719 Y94.719 E87.59638
G1 X115.537 Y94.087 E87.64451
G1 X116.472 Y93.703 E87.69158
G1 X117.497 Y93.571 E87.7397
G1 X118.523 Y93.703 E87.78787
G1 X119.459 Y94.091 E87.83505
G1 X120.277 Y94.719 E87.88307
G1 X120.901 Y95.533 E87.93083
G1 X121.289 Y96.472 E87.97814
G1 X121.422 Y97.499 E88.02636
G1 X121.289 Y98.523 E88.07444
G1 X120.901 Y99.459 E88.12162
G1 X120.277 Y100.277 E88.16953
G1 X119.459 Y100.901 E88.21744
G1 X118.52 Y101.289 E88.26475
G1 X117.5 Y101.421 E88.31264
G0 F9000 X117.465 Y101.684
G0 X118.573 Y101.486
G0 X119.56 Y101.078
G0 X120.335 Y100.487
G0 X121.175 Y99.483
G0 X120.747 Y99.305
G1 F1500 X119.302 Y100.75 E88.40779
G0 F9000 X118.38 Y101.106
G1 F1500 X121.105 Y98.38 E88.58727
G0 F9000 X121.19 Y97.731
G1 F1500 X117.73 Y101.19 E88.81509
G0 F9000 X117.175 Y101.179
G1 F1500 X121.178 Y97.176 E89.07869
G0 F9000 X121.113 Y96.676
G1 F1500 X116.675 Y101.113 E89.37091
G0 F9000 X116.244 Y100.979
G1 F1500 X120.978 Y96.245 E89.68265
G0 F9000 X120.813 Y95.845
G1 F1500 X115.843 Y100.814 E90.0099
G0 F9000 X115.482 Y100.61
G1 F1500 X120.61 Y95.482 E90.34759
G0 F9000 X120.364 Y95.162
G1 F1500 X115.162 Y100.365 E90.69018
G0 F9000 X114.847 Y100.114
G1 F1500 X120.114 Y94.846 E91.03705
G0 F9000 X119.794 Y94.6
G1 F1500 X114.602 Y99.793 E91.37899
G0 F9000 X114.355 Y99.474
G1 F1500 X119.474 Y94.355 E91.71608
G0 F9000 X119.104 Y94.16
G1 F1500 X114.161 Y99.102 E92.04156
G0 F9000 X113.995 Y98.703
G1 F1500 X118.703 Y93.994 E92.35162
G0 F9000 X118.26 Y93.872
G1 F1500 X113.872 Y98.26 E92.64058
G0 F9000 X113.807 Y97.76
G1 F1500 X117.759 Y93.808 E92.90082
G0 F9000 X117.188 Y93.813
G1 F1500 X113.812 Y97.188 E93.12311
G0 F9000 X113.897 Y96.538
G1 F1500 X116.539 Y93.896 E93.29709
G0 F9000 X116.481 Y93.441
G0 X115.222 Y94.006
G0 X115.501 Y94.368
G1 F1500 X114.369 Y95.5 E93.37163
G1 F1500 E86.87163
;MESH:yc1hingeDubel.stl
G0 F9000 X114.008 Y95.22
G0 X113.51 Y96.423
G0 X113.368 Y97.501
G0 X113.51 Y98.573
G0 X113.877 Y99.464
G0 X115.265 Y101.368
G0 X114.847 Y102.379
G0 X116.675 Y112.039
G0 X117.499 Y121.79
;TYPE:WALL-INNER
G1 F1500 E93.37163
G1 X118.615 Y121.643 E93.42404
G1 X119.642 Y121.219 E93.47578
G1 X120.535 Y120.535 E93.52816
G1 X121.219 Y119.642 E93.58054
G1 X121.643 Y118.615 E93.63227
G1 X121.789 Y117.501 E93.68459
G1 X121.643 Y116.381 E93.73718
G1 X121.219 Y115.355 E93.78888
G1 X120.531 Y114.46 E93.84144
G1 X119.645 Y113.777 E93.89353
G1 X118.615 Y113.353 E93.9454
G1 X117.499 Y113.207 E93.99781
G1 X116.381 Y113.353 E94.05031
G1 X115.356 Y113.776 E94.10194
G1 X114.464 Y114.464 E94.1544
G1 X113.777 Y115.356 E94.20682
G1 X113.353 Y116.381 E94.25847
G1 X113.206 Y117.501 E94.31107
G1 X113.353 Y118.615 E94.36339
G1 X113.777 Y119.645 E94.41526
G1 X114.46 Y120.531 E94.46735
G1 X115.355 Y121.219 E94.51992
G1 X116.381 Y121.643 E94.57161
G1 X117.499 Y121.79 E94.62412
G0 F9000 X117.499 Y122.194
;TYPE:WALL-OUTER
G1 F1500 X118.719 Y122.033 E94.68142
G1 X119.843 Y121.569 E94.73804
G1 X120.821 Y120.821 E94.79537
G1 X121.569 Y119.843 E94.8527
G1 X122.033 Y118.719 E94.90933
G1 X122.193 Y117.501 E94.96653
G1 X122.033 Y116.277 E95.02401
G1 X121.569 Y115.153 E95.08063
G1 X120.817 Y114.175 E95.13808
G1 X119.847 Y113.427 E95.19511
G1 X118.719 Y112.963 E95.25191
G1 X117.499 Y112.803 E95.3092
G1 X116.277 Y112.963 E95.36659
G1 X115.154 Y113.427 E95.42317
G1 X114.179 Y114.179 E95.4805
G1 X113.427 Y115.154 E95.53784
G1 X112.963 Y116.277 E95.59442
G1 X112.802 Y117.501 E95.6519
G1 X112.963 Y118.719 E95.70911
G1 X113.427 Y119.847 E95.76591
G1 X114.175 Y120.817 E95.82294
G1 X115.153 Y121.569 E95.88039
G1 X116.277 Y122.033 E95.93701
G1 X117.499 Y122.194 E95.99441
G0 F9000 X117.5 Y121.421
;TYPE:SKIN
G1 F1500 X117.495 Y121.422 E95.99464
G1 X116.468 Y121.288 E96.04287
G1 X115.537 Y120.905 E96.08975
G1 X114.719 Y120.277 E96.13777
G1 X114.091 Y119.459 E96.18579
G1 X113.703 Y118.523 E96.23297
G1 X113.57 Y117.499 E96.28105
G1 X113.703 Y116.472 E96.32927
G1 X114.087 Y115.537 E96.37634
G1 X114.719 Y114.719 E96.42447
G1 X115.537 Y114.087 E96.4726
G1 X116.472 Y113.703 E96.51967
G1 X117.497 Y113.571 E96.56779
G1 X118.523 Y113.703 E96.61596
G1 X119.459 Y114.091 E96.66314
G1 X120.277 Y114.719 E96.71116
G1 X120.901 Y115.533 E96.75892
G1 X121.289 Y116.472 E96.80623
G1 X121.422 Y117.499 E96.85445
G1 X121.289 Y118.523 E96.90253
G1 X120.901 Y119.459 E96.94971
G1 X120.277 Y120.277 E96.99762
G1 X119.459 Y120.901 E97.04553
G1 X118.52 Y121.289 E97.09284
G1 X117.5 Y121.421 E97.14073
G0 F9000 X117.465 Y121.684
G0 X118.573 Y121.486
G0 X119.56 Y121.078
G0 X120.421 Y120.421
G0 X120.793 Y119.932
G0 X121.319 Y119.136
G0 X120.891 Y118.959
G1 F1500 X118.959 Y120.892 E97.26799
G0 F9000 X118.149 Y121.136
G1 F1500 X121.135 Y118.15 E97.46462
G0 F9000 X121.22 Y117.499
G1 F1500 X117.499 Y121.22 E97.70965
G0 F9000 X116.998 Y121.156
G1 F1500 X121.155 Y116.999 E97.9834
G0 F9000 X121.084 Y116.504
G1 F1500 X116.501 Y121.086 E98.28516
G0 F9000 X116.101 Y120.922
G1 F1500 X120.92 Y116.103 E98.6025
G0 F9000 X120.754 Y115.702
G1 F1500 X115.7 Y120.756 E98.93532
G0 F9000 X115.367 Y120.524
G1 F1500 X120.522 Y115.369 E99.27478
G0 F9000 X120.277 Y115.048
G1 F1500 X115.048 Y120.277 E99.61912
G0 F9000 X114.759 Y120
G1 F1500 X120.001 Y114.758 E99.96432
G0 F9000 X119.681 Y114.513
G1 F1500 X114.514 Y119.68 E100.30457
G0 F9000 X114.268 Y119.36
G1 F1500 X119.361 Y114.267 E100.63996
G0 F9000 X118.962 Y114.101
G1 F1500 X114.102 Y118.961 E100.95999
G0 F9000 X113.935 Y118.561
G1 F1500 X118.561 Y113.935 E101.26462
G0 F9000 X118.082 Y113.849
G1 F1500 X113.848 Y118.083 E101.54344
G0 F9000 X113.783 Y117.582
G1 F1500 X117.581 Y113.785 E101.79351
G0 F9000 X116.958 Y113.842
G1 F1500 X113.842 Y116.958 E101.99871
G0 F9000 X114.029 Y116.205
G1 F1500 X116.205 Y114.029 E102.142
G1 F1500 E95.642
;MESH:NONMESH
G0 F300 X116.205 Y114.029 Z1.4
G0 F9000 X116.031 Y113.606
G0 X117.5 Y113.033
G0 X117.357 Y111.95
G0 X117.358 Y103.051
G0 X117.499 Y101.79
;TIME_ELAPSED:132.430778
;LAYER:4
;note -- min layer time used
;TYPE:WALL-INNER
;MESH:yc1hingeDubel.stl(1)
G1 F1500 E102.142
G1 F1157.1 X118.615 Y101.643 E102.19441
G1 X119.642 Y101.219 E102.24615
G1 X120.535 Y100.535 E102.29853
G1 X121.219 Y99.642 E102.35091
G1 X121.643 Y98.615 E102.40264
G1 X121.789 Y97.501 E102.45496
G1 X121.643 Y96.381 E102.50755
G1 X121.219 Y95.355 E102.55925
G1 X120.531 Y94.46 E102.61181
G1 X119.645 Y93.777 E102.6639
G1 X118.615 Y93.353 E102.71577
G1 X117.499 Y93.207 E102.76818
G1 X116.381 Y93.353 E102.82068
G1 X115.356 Y93.776 E102.87231
G1 X114.464 Y94.464 E102.92477
G1 X113.777 Y95.356 E102.97719
G1 X113.353 Y96.381 E103.02884
G1 X113.206 Y97.501 E103.08144
G1 X113.353 Y98.615 E103.13376
G1 X113.777 Y99.645 E103.18563
G1 X114.46 Y100.531 E103.23772
G1 X115.355 Y101.219 E103.29029
G1 X116.381 Y101.643 E103.34198
G1 X117.499 Y101.79 E103.39449
G0 F9000 X117.499 Y102.194
;TYPE:WALL-OUTER
G1 F1157.1 X118.719 Y102.033 E103.45179
G1 X119.843 Y101.569 E103.50841
G1 X120.821 Y100.821 E103.56574
G1 X121.569 Y99.843 E103.62308
G1 X122.033 Y98.719 E103.6797
G1 X122.193 Y97.501 E103.7369
G1 X122.033 Y96.277 E103.79438
G1 X121.569 Y95.153 E103.851
G1 X120.817 Y94.175 E103.90845
G1 X119.847 Y93.427 E103.96548
G1 X118.719 Y92.963 E104.02228
G1 X117.499 Y92.803 E104.07957
G1 X116.277 Y92.963 E104.13696
G1 X115.154 Y93.427 E104.19354
G1 X114.179 Y94.179 E104.25088
G1 X113.427 Y95.154 E104.30821
G1 X112.963 Y96.277 E104.36479
G1 X112.802 Y97.501 E104.42228
G1 X112.963 Y98.719 E104.47948
G1 X113.427 Y99.847 E104.53628
G1 X114.175 Y100.817 E104.59332
G1 X115.153 Y101.569 E104.65076
G1 X116.277 Y102.033 E104.70738
G1 X117.499 Y102.194 E104.76478
G0 F9000 X117.5 Y101.483
G0 X116.082 Y101.187
G0 X116.071 Y101.212
;TYPE:FILL
G1 F1157.1 X115.497 Y100.975 E104.79369
G1 X114.657 Y100.33 E104.84301
G1 X114.022 Y99.506 E104.89145
G1 X113.785 Y98.929 E104.92049
G1 X114.672 Y98.928 E104.9618
G1 X115.624 Y97.976 E105.02449
G1 X115.624 Y97.024 E105.06882
G1 X114.672 Y96.072 E105.13151
G1 X113.784 Y96.071 E105.17286
G1 X114.021 Y95.496 E105.20182
G1 X114.663 Y94.663 E105.25079
G1 X115.496 Y94.021 E105.29976
G1 X116.071 Y93.784 E105.32872
G1 X116.072 Y94.672 E105.37007
G1 X117.024 Y95.624 E105.43276
G1 X117.976 Y95.624 E105.47709
G1 X118.928 Y94.672 E105.53978
G1 X118.929 Y93.785 E105.58108
G1 X119.506 Y94.022 E105.61012
G1 X120.33 Y94.657 E105.65857
G1 X120.976 Y95.497 E105.70791
G1 X121.213 Y96.071 E105.73682
G1 X120.328 Y96.072 E105.77803
G1 X119.376 Y97.024 E105.84072
G1 X119.376 Y97.976 E105.88505
G1 X120.328 Y98.928 E105.94774
G1 X121.211 Y98.929 E105.98886
G1 X120.974 Y99.501 E106.01769
G1 X120.336 Y100.336 E106.06662
G1 X119.501 Y100.974 E106.11555
G1 X118.929 Y101.211 E106.14439
G1 X118.928 Y100.328 E106.1855
G1 X117.976 Y99.376 E106.24819
G1 X117.024 Y99.376 E106.29252
G1 X116.072 Y100.328 E106.35521
G1 X116.071 Y101.212 E106.39637
G0 F9000 X116.197 Y100.91
G1 F1500 E99.89637
;MESH:yc1hingeDubel.stl
G0 F9000 X117.5 Y101.967
G0 X117.643 Y103.05
G0 X117.642 Y111.949
G0 X117.5 Y113.033
G0 X117.5 Y121.483
G0 X117.499 Y121.79
;TYPE:WALL-INNER
G1 F1500 E106.39637
G1 F1157.1 X118.615 Y121.643 E106.44879
G1 X119.642 Y121.219 E106.50053
G1 X120.535 Y120.535 E106.5529
G1 X121.219 Y119.642 E106.60528
G1 X121.643 Y118.615 E106.65702
G1 X121.789 Y117.501 E106.70933
G1 X121.643 Y116.381 E106.76193
G1 X121.219 Y115.355 E106.81362
G1 X120.531 Y114.46 E106.86619
G1 X119.645 Y113.777 E106.91828
G1 X118.615 Y113.353 E106.97014
G1 X117.499 Y113.207 E107.02255
G1 X116.381 Y113.353 E107.07505
G1 X115.356 Y113.776 E107.12669
G1 X114.464 Y114.464 E107.17914
G1 X113.777 Y115.356 E107.23157
G1 X113.353 Y116.381 E107.28322
G1 X113.206 Y117.501 E107.33582
G1 X113.353 Y118.615 E107.38814
G1 X113.777 Y119.645 E107.44
G1 X114.46 Y120.531 E107.4921
G1 X115.355 Y121.219 E107.54466
G1 X116.381 Y121.643 E107.59636
G1 X117.499 Y121.79 E107.64886
G0 F9000 X117.499 Y122.194
;TYPE:WALL-OUTER
G1 F1157.1 X118.719 Y122.033 E107.70616
G1 X119.843 Y121.569 E107.76279
G1 X120.821 Y120.821 E107.82012
G1 X121.569 Y119.843 E107.87745
G1 X122.033 Y118.719 E107.93407
G1 X122.193 Y117.501 E107.99127
G1 X122.033 Y116.277 E108.04875
G1 X121.569 Y115.153 E108.10538
G1 X120.817 Y114.175 E108.16282
G1 X119.847 Y113.427 E108.21986
G1 X118.719 Y112.963 E108.27665
G1 X117.499 Y112.803 E108.33395
G1 X116.277 Y112.963 E108.39134
G1 X115.154 Y113.427 E108.44791
G1 X114.179 Y114.179 E108.50525
G1 X113.427 Y115.154 E108.56259
G1 X112.963 Y116.277 E108.61916
G1 X112.802 Y117.501 E108.67665
G1 X112.963 Y118.719 E108.73386
G1 X113.427 Y119.847 E108.79065
G1 X114.175 Y120.817 E108.84769
G1 X115.153 Y121.569 E108.90514
G1 X116.277 Y122.033 E108.96176
G1 X117.499 Y122.194 E109.01915
G0 F9000 X117.5 Y121.483
G0 X116.082 Y121.187
G0 X116.071 Y121.212
;TYPE:FILL
G1 F1157.1 X115.497 Y120.975 E109.04807
G1 X114.657 Y120.33 E109.09738
G1 X114.022 Y119.506 E109.14582
G1 X113.785 Y118.929 E109.17487
G1 X114.672 Y118.928 E109.21617
G1 X115.624 Y117.976 E109.27886
G1 X115.624 Y117.024 E109.32319
G1 X114.672 Y116.072 E109.38588
G1 X113.784 Y116.071 E109.42723
G1 X114.021 Y115.496 E109.45619
G1 X114.663 Y114.663 E109.50516
G1 X115.496 Y114.021 E109.55413
G1 X116.071 Y113.784 E109.58309
G1 X116.072 Y114.672 E109.62444
G1 X117.024 Y115.624 E109.68713
G1 X117.976 Y115.624 E109.73146
G1 X118.928 Y114.672 E109.79415
G1 X118.929 Y113.785 E109.83545
G1 X119.506 Y114.022 E109.8645
G1 X120.33 Y114.657 E109.91294
G1 X120.976 Y115.497 E109.96228
G1 X121.213 Y116.071 E109.9912
G1 X120.328 Y116.072 E110.03241
G1 X119.376 Y117.024 E110.0951
G1 X119.376 Y117.976 E110.13943
G1 X120.328 Y118.928 E110.20212
G1 X121.211 Y118.929 E110.24324
G1 X120.974 Y119.501 E110.27207
G1 X120.336 Y120.336 E110.321
G1 X119.501 Y120.974 E110.36993
G1 X118.929 Y121.211 E110.39876
G1 X118.928 Y120.328 E110.43988
G1 X117.976 Y119.376 E110.50257
G1 X117.024 Y119.376 E110.5469
G1 X116.072 Y120.328 E110.60959
G1 X116.071 Y121.212 E110.65075
G0 F9000 X116.197 Y120.91
G1 F1500 E104.15075
;MESH:NONMESH
G0 F300 X116.197 Y120.91 Z1.68
G0 F9000 X117.5 Y113.033
G0 X117.357 Y111.95
G0 X117.358 Y103.051
G0 X117.5 Y101.967
G0 X117.5 Y101.483
G0 X117.499 Y101.79
;TIME_ELAPSED:145.048493
;LAYER:5
;note -- min layer time used
;TYPE:WALL-INNER
;MESH:yc1hingeDubel.stl(1)
G1 F1500 E110.65075
G1 F1168.2 X118.615 Y101.643 E110.70316
G1 X119.642 Y101.219 E110.7549
G1 X120.535 Y100.535 E110.80728
G1 X121.219 Y99.642 E110.85966
G1 X121.643 Y98.615 E110.91139
G1 X121.789 Y97.501 E110.96371
G1 X121.643 Y96.381 E111.0163
G1 X121.219 Y95.355 E111.068
G1 X120.531 Y94.46 E111.12056
G1 X119.645 Y93.777 E111.17265
G1 X118.615 Y93.353 E111.22452
G1 X117.499 Y93.207 E111.27693
G1 X116.381 Y93.353 E111.32943
G1 X115.356 Y93.776 E111.38106
G1 X114.464 Y94.464 E111.43352
G1 X113.777 Y95.356 E111.48594
G1 X113.353 Y96.381 E111.53759
G1 X113.206 Y97.501 E111.59019
G1 X113.353 Y98.615 E111.64251
G1 X113.777 Y99.645 E111.69438
G1 X114.46 Y100.531 E111.74647
G1 X115.355 Y101.219 E111.79904
G1 X116.381 Y101.643 E111.85073
G1 X117.499 Y101.79 E111.90324
G0 F9000 X117.499 Y102.194
;TYPE:WALL-OUTER
G1 F1168.2 X118.719 Y102.033 E111.96054
G1 X119.843 Y101.569 E112.01716
G1 X120.821 Y100.821 E112.07449
G1 X121.569 Y99.843 E112.13182
G1 X122.033 Y98.719 E112.18845
G1 X122.193 Y97.501 E112.24565
G1 X122.033 Y96.277 E112.30313
G1 X121.569 Y95.153 E112.35975
G1 X120.817 Y94.175 E112.4172
G1 X119.847 Y93.427 E112.47423
G1 X118.719 Y92.963 E112.53103
G1 X117.499 Y92.803 E112.58832
G1 X116.277 Y92.963 E112.64571
G1 X115.154 Y93.427 E112.70229
G1 X114.179 Y94.179 E112.75962
G1 X113.427 Y95.154 E112.81696
G1 X112.963 Y96.277 E112.87354
G1 X112.802 Y97.501 E112.93102
G1 X112.963 Y98.719 E112.98823
G1 X113.427 Y99.847 E113.04503
G1 X114.175 Y100.817 E113.10206
G1 X115.153 Y101.569 E113.15951
G1 X116.277 Y102.033 E113.21613
G1 X117.499 Y102.194 E113.27353
G0 F9000 X117.5 Y101.483
G0 X116.362 Y101.303
G0 X116.351 Y101.328
;TYPE:FILL
G1 F1168.2 X115.497 Y100.975 E113.31655
G1 X114.657 Y100.33 E113.36587
G1 X114.022 Y99.506 E113.41431
G1 X113.669 Y98.649 E113.45747
G1 X114.672 Y98.648 E113.50417
G1 X115.438 Y97.882 E113.55461
G1 X115.438 Y97.118 E113.59019
G1 X114.672 Y96.352 E113.64063
G1 X113.668 Y96.351 E113.68738
G1 X114.021 Y95.496 E113.73045
G1 X114.663 Y94.663 E113.77943
G1 X115.496 Y94.021 E113.8284
G1 X116.351 Y93.668 E113.87147
G1 X116.352 Y94.672 E113.91822
G1 X117.118 Y95.438 E113.96866
G1 X117.882 Y95.438 E114.00424
G1 X118.648 Y94.672 E114.05468
G1 X118.649 Y93.669 E114.10138
G1 X119.506 Y94.022 E114.14454
G1 X120.33 Y94.657 E114.19298
G1 X120.976 Y95.497 E114.24232
G1 X121.328 Y96.351 E114.28534
G1 X120.328 Y96.352 E114.3319
G1 X119.562 Y97.118 E114.38234
G1 X119.562 Y97.882 E114.41792
G1 X120.328 Y98.648 E114.46836
G1 X121.326 Y98.649 E114.51483
G1 X120.974 Y99.501 E114.55776
G1 X120.336 Y100.336 E114.60669
G1 X119.501 Y100.974 E114.65562
G1 X118.649 Y101.326 E114.69854
G1 X118.648 Y100.328 E114.74502
G1 X117.882 Y99.562 E114.79546
G1 X117.118 Y99.562 E114.83103
G1 X116.352 Y100.328 E114.88148
G1 X116.351 Y101.328 E114.92804
G0 F9000 X116.477 Y101.026
G1 F1500 E108.42804
;MESH:yc1hingeDubel.stl
G0 F9000 X117.5 Y101.967
G0 X117.643 Y103.05
G0 X117.642 Y111.949
G0 X117.5 Y113.033
G0 X117.5 Y121.483
G0 X117.499 Y121.79
;TYPE:WALL-INNER
G1 F1500 E114.92804
G1 F1168.2 X118.615 Y121.643 E114.98045
G1 X119.642 Y121.219 E115.03219
G1 X120.535 Y120.535 E115.08457
G1 X121.219 Y119.642 E115.13695
G1 X121.643 Y118.615 E115.18868
G1 X121.789 Y117.501 E115.241
G1 X121.643 Y116.381 E115.29359
G1 X121.219 Y115.355 E115.34529
G1 X120.531 Y114.46 E115.39785
G1 X119.645 Y113.777 E115.44994
G1 X118.615 Y113.353 E115.50181
G1 X117.499 Y113.207 E115.55422
G1 X116.381 Y113.353 E115.60672
G1 X115.356 Y113.776 E115.65835
G1 X114.464 Y114.464 E115.71081
G1 X113.777 Y115.356 E115.76323
G1 X113.353 Y116.381 E115.81488
G1 X113.206 Y117.501 E115.86748
G1 X113.353 Y118.615 E115.9198
G1 X113.777 Y119.645 E115.97167
G1 X114.46 Y120.531 E116.02376
G1 X115.355 Y121.219 E116.07633
G1 X116.381 Y121.643 E116.12802
G1 X117.499 Y121.79 E116.18053
G0 F9000 X117.499 Y122.194
;TYPE:WALL-OUTER
G1 F1168.2 X118.719 Y122.033 E116.23783
G1 X119.843 Y121.569 E116.29445
G1 X120.821 Y120.821 E116.35178
G1 X121.569 Y119.843 E116.40911
G1 X122.033 Y118.719 E116.46574
G1 X122.193 Y117.501 E116.52294
G1 X122.033 Y116.277 E116.58042
G1 X121.569 Y115.153 E116.63704
G1 X120.817 Y114.175 E116.69449
G1 X119.847 Y113.427 E116.75152
G1 X118.719 Y112.963 E116.80832
G1 X117.499 Y112.803 E116.86561
G1 X116.277 Y112.963 E116.923
G1 X115.154 Y113.427 E116.97958
G1 X114.179 Y114.179 E117.03691
G1 X113.427 Y115.154 E117.09425
G1 X112.963 Y116.277 E117.15083
G1 X112.802 Y117.501 E117.20831
G1 X112.963 Y118.719 E117.26552
G1 X113.427 Y119.847 E117.32232
G1 X114.175 Y120.817 E117.37935
G1 X115.153 Y121.569 E117.4368
G1 X116.277 Y122.033 E117.49342
G1 X117.499 Y122.194 E117.55082
G0 F9000 X117.5 Y121.483
G0 X116.362 Y121.303
G0 X116.351 Y121.328
;TYPE:FILL
G1 F1168.2 X115.497 Y120.975 E117.59384
G1 X114.657 Y120.33 E117.64316
G1 X114.022 Y119.506 E117.6916
G1 X113.669 Y118.649 E117.73476
G1 X114.672 Y118.648 E117.78146
G1 X115.438 Y117.882 E117.8319
G1 X115.438 Y117.118 E117.86748
G1 X114.672 Y116.352 E117.91792
G1 X113.668 Y116.351 E117.96467
G1 X114.021 Y115.496 E118.00774
G1 X114.663 Y114.663 E118.05672
G1 X115.496 Y114.021 E118.10569
G1 X116.351 Y113.668 E118.14876
G1 X116.352 Y114.672 E118.19551
G1 X117.118 Y115.438 E118.24595
G1 X117.882 Y115.438 E118.28153
G1 X118.648 Y114.672 E118.33197
G1 X118.649 Y113.669 E118.37867
G1 X119.506 Y114.022 E118.42183
G1 X120.33 Y114.657 E118.47027
G1 X120.976 Y115.497 E118.51961
G1 X121.328 Y116.351 E118.56263
G1 X120.328 Y116.352 E118.60919
G1 X119.562 Y117.118 E118.65963
G1 X119.562 Y117.882 E118.69521
G1 X120.328 Y118.648 E118.74565
G1 X121.326 Y118.649 E118.79212
G1 X120.974 Y119.501 E118.83505
G1 X120.336 Y120.336 E118.88398
G1 X119.501 Y120.974 E118.93291
G1 X118.649 Y121.326 E118.97583
G1 X118.648 Y120.328 E119.02231
G1 X117.882 Y119.562 E119.07275
G1 X117.118 Y119.562 E119.10832
G1 X116.352 Y120.328 E119.15877
G1 X116.351 Y121.328 E119.20533
G0 F9000 X116.477 Y121.026
G1 F1500 E112.70533
;MESH:NONMESH
G0 F300 X116.477 Y121.026 Z1.96
G0 F9000 X117.5 Y113.033
G0 X117.357 Y111.95
G0 X117.358 Y103.051
G0 X117.5 Y101.967
G0 X117.5 Y101.483
G0 X117.499 Y101.79
;TIME_ELAPSED:157.596518
;LAYER:6
;note -- min layer time used
;TYPE:WALL-INNER
;MESH:yc1hingeDubel.stl(1)
G1 F1500 E119.20533
G1 F1167.6 X118.615 Y101.643 E119.25774
G1 X119.642 Y101.219 E119.30948
G1 X120.535 Y100.535 E119.36186
G1 X121.219 Y99.642 E119.41424
G1 X121.643 Y98.615 E119.46597
G1 X121.789 Y97.501 E119.51829
G1 X121.643 Y96.381 E119.57088
G1 X121.219 Y95.355 E119.62258
G1 X120.531 Y94.46 E119.67514
G1 X119.645 Y93.777 E119.72723
G1 X118.615 Y93.353 E119.7791
G1 X117.499 Y93.207 E119.83151
G1 X116.381 Y93.353 E119.88401
G1 X115.356 Y93.776 E119.93564
G1 X114.464 Y94.464 E119.9881
G1 X113.777 Y95.356 E120.04052
G1 X113.353 Y96.381 E120.09217
G1 X113.206 Y97.501 E120.14477
G1 X113.353 Y98.615 E120.19709
G1 X113.777 Y99.645 E120.24896
G1 X114.46 Y100.531 E120.30105
G1 X115.355 Y101.219 E120.35362
G1 X116.381 Y101.643 E120.40531
G1 X117.499 Y101.79 E120.45782
G0 F9000 X117.499 Y102.194
;TYPE:WALL-OUTER
G1 F1167.6 X118.719 Y102.033 E120.51512
G1 X119.843 Y101.569 E120.57174
G1 X120.821 Y100.821 E120.62907
G1 X121.569 Y99.843 E120.6864
G1 X122.033 Y98.719 E120.74303
G1 X122.193 Y97.501 E120.80023
G1 X122.033 Y96.277 E120.85771
G1 X121.569 Y95.153 E120.91433
G1 X120.817 Y94.175 E120.97178
G1 X119.847 Y93.427 E121.02881
G1 X118.719 Y92.963 E121.08561
G1 X117.499 Y92.803 E121.1429
G1 X116.277 Y92.963 E121.20029
G1 X115.154 Y93.427 E121.25687
G1 X114.179 Y94.179 E121.3142
G1 X113.427 Y95.154 E121.37154
G1 X112.963 Y96.277 E121.42812
G1 X112.802 Y97.501 E121.4856
G1 X112.963 Y98.719 E121.54281
G1 X113.427 Y99.847 E121.59961
G1 X114.175 Y100.817 E121.65664
G1 X115.153 Y101.569 E121.71409
G1 X116.277 Y102.033 E121.77071
G1 X117.499 Y102.194 E121.82811
G0 F9000 X117.5 Y101.483
G0 X116.635 Y101.369
G0 X116.631 Y101.394
;TYPE:FILL
G1 F1167.6 X116.455 Y101.371 E121.83637
G1 X115.497 Y100.975 E121.88464
G1 X114.657 Y100.33 E121.93395
G1 X114.022 Y99.506 E121.9824
G1 X113.625 Y98.541 E122.03098
G1 X113.602 Y98.369 E122.03906
G1 X114.672 Y98.368 E122.08889
G1 X115.251 Y97.789 E122.12702
G1 X115.251 Y97.211 E122.15393
G1 X114.672 Y96.632 E122.19206
G1 X113.602 Y96.631 E122.24188
G1 X113.625 Y96.455 E122.25015
G1 X114.021 Y95.496 E122.29846
G1 X114.663 Y94.663 E122.34743
G1 X115.496 Y94.021 E122.3964
G1 X116.455 Y93.625 E122.44471
G1 X116.631 Y93.602 E122.45298
G1 X116.632 Y94.672 E122.5028
G1 X117.211 Y95.251 E122.54093
G1 X117.789 Y95.251 E122.56784
G1 X118.368 Y94.672 E122.60597
G1 X118.369 Y93.603 E122.65575
G1 X118.541 Y93.625 E122.66382
G1 X119.506 Y94.022 E122.71241
G1 X120.33 Y94.657 E122.76085
G1 X120.976 Y95.497 E122.8102
G1 X121.371 Y96.455 E122.85845
G1 X121.394 Y96.631 E122.86671
G1 X120.328 Y96.632 E122.91635
G1 X119.749 Y97.211 E122.95448
G1 X119.749 Y97.789 E122.98139
G1 X120.328 Y98.368 E123.01952
G1 X121.394 Y98.369 E123.06916
G1 X121.371 Y98.541 E123.07724
G1 X120.974 Y99.501 E123.12561
G1 X120.336 Y100.336 E123.17454
G1 X119.501 Y100.974 E123.22347
G1 X118.541 Y101.371 E123.27185
G1 X118.369 Y101.394 E123.27993
G1 X118.368 Y100.328 E123.32957
G1 X117.789 Y99.749 E123.36769
G1 X117.211 Y99.749 E123.39461
G1 X116.632 Y100.328 E123.43274
G1 X116.631 Y101.394 E123.48237
G0 F9000 X116.675 Y101.072
G1 F1500 E116.98237
;MESH:yc1hingeDubel.stl
G0 F9000 X117.5 Y101.967
G0 X117.643 Y103.05
G0 X117.642 Y111.949
G0 X117.5 Y113.033
G0 X117.5 Y121.483
G0 X117.499 Y121.79
;TYPE:WALL-INNER
G1 F1500 E123.48237
G1 F1167.6 X118.615 Y121.643 E123.53479
G1 X119.642 Y121.219 E123.58652
G1 X120.535 Y120.535 E123.6389
G1 X121.219 Y119.642 E123.69128
G1 X121.643 Y118.615 E123.74302
G1 X121.789 Y117.501 E123.79533
G1 X121.643 Y116.381 E123.84793
G1 X121.219 Y115.355 E123.89962
G1 X120.531 Y114.46 E123.95219
G1 X119.645 Y113.777 E124.00428
G1 X118.615 Y113.353 E124.05614
G1 X117.499 Y113.207 E124.10855
G1 X116.381 Y113.353 E124.16105
G1 X115.356 Y113.776 E124.21268
G1 X114.464 Y114.464 E124.26514
G1 X113.777 Y115.356 E124.31757
G1 X113.353 Y116.381 E124.36922
G1 X113.206 Y117.501 E124.42182
G1 X113.353 Y118.615 E124.47414
G1 X113.777 Y119.645 E124.526
G1 X114.46 Y120.531 E124.57809
G1 X115.355 Y121.219 E124.63066
G1 X116.381 Y121.643 E124.68235
G1 X117.499 Y121.79 E124.73486
G0 F9000 X117.499 Y122.194
;TYPE:WALL-OUTER
G1 F1167.6 X118.719 Y122.033 E124.79216
G1 X119.843 Y121.569 E124.84878
G1 X120.821 Y120.821 E124.90612
G1 X121.569 Y119.843 E124.96345
G1 X122.033 Y118.719 E125.02007
G1 X122.193 Y117.501 E125.07727
G1 X122.033 Y116.277 E125.13475
G1 X121.569 Y115.153 E125.19137
G1 X120.817 Y114.175 E125.24882
G1 X119.847 Y113.427 E125.30586
G1 X118.719 Y112.963 E125.36265
G1 X117.499 Y112.803 E125.41995
G1 X116.277 Y112.963 E125.47733
G1 X115.154 Y113.427 E125.53391
G1 X114.179 Y114.179 E125.59125
G1 X113.427 Y115.154 E125.64858
G1 X112.963 Y116.277 E125.70516
G1 X112.802 Y117.501 E125.76265
G1 X112.963 Y118.719 E125.81986
G1 X113.427 Y119.847 E125.87665
G1 X114.175 Y120.817 E125.93369
G1 X115.153 Y121.569 E125.99113
G1 X116.277 Y122.033 E126.04776
G1 X117.499 Y122.194 E126.10515
G0 F9000 X117.5 Y121.483
G0 X116.635 Y121.369
G0 X116.631 Y121.394
;TYPE:FILL
G1 F1167.6 X116.455 Y121.371 E126.11341
G1 X115.497 Y120.975 E126.16168
G1 X114.657 Y120.33 E126.211
G1 X114.022 Y119.506 E126.25944
G1 X113.625 Y118.541 E126.30803
G1 X113.602 Y118.369 E126.31611
G1 X114.672 Y118.368 E126.36593
G1 X115.251 Y117.789 E126.40406
G1 X115.251 Y117.211 E126.43097
G1 X114.672 Y116.632 E126.4691
G1 X113.602 Y116.631 E126.51893
G1 X113.625 Y116.455 E126.52719
G1 X114.021 Y115.496 E126.5755
G1 X114.663 Y114.663 E126.62447
G1 X115.496 Y114.021 E126.67344
G1 X116.455 Y113.625 E126.72176
G1 X116.631 Y113.602 E126.73002
G1 X116.632 Y114.672 E126.77985
G1 X117.211 Y115.251 E126.81797
G1 X117.789 Y115.251 E126.84489
G1 X118.368 Y114.672 E126.88302
G1 X118.369 Y113.603 E126.93279
G1 X118.541 Y113.625 E126.94087
G1 X119.506 Y114.022 E126.98946
G1 X120.33 Y114.657 E127.0379
G1 X120.976 Y115.497 E127.08724
G1 X121.371 Y116.455 E127.13549
G1 X121.394 Y116.631 E127.14376
G1 X120.328 Y116.632 E127.19339
G1 X119.749 Y117.211 E127.23152
G1 X119.749 Y117.789 E127.25844
G1 X120.328 Y118.368 E127.29656
G1 X121.394 Y118.369 E127.3462
G1 X121.371 Y118.541 E127.35428
G1 X120.974 Y119.501 E127.40265
G1 X120.336 Y120.336 E127.45159
G1 X119.501 Y120.974 E127.50052
G1 X118.541 Y121.371 E127.54889
G1 X118.369 Y121.394 E127.55697
G1 X118.368 Y120.328 E127.60661
G1 X117.789 Y119.749 E127.64474
G1 X117.211 Y119.749 E127.67165
G1 X116.632 Y120.328 E127.70978
G1 X116.631 Y121.394 E127.75942
G0 F9000 X116.675 Y121.072
G1 F1500 E121.25942
;MESH:NONMESH
G0 F300 X116.675 Y121.072 Z2.24
G0 F9000 X117.5 Y113.033
G0 X117.357 Y111.95
G0 X117.358 Y103.051
G0 X117.5 Y101.967
G0 X117.5 Y101.483
G0 X117.499 Y101.79
;TIME_ELAPSED:170.082486
;LAYER:7
;note -- min layer time used
;TYPE:WALL-INNER
;MESH:yc1hingeDubel.stl(1)
G1 F1500 E127.75942
G1 F1162.5 X118.615 Y101.643 E127.81183
G1 X119.642 Y101.219 E127.86357
G1 X120.535 Y100.535 E127.91595
G1 X121.219 Y99.642 E127.96832
G1 X121.643 Y98.615 E128.02006
G1 X121.789 Y97.501 E128.07238
G1 X121.643 Y96.381 E128.12497
G1 X121.219 Y95.355 E128.17666
G1 X120.531 Y94.46 E128.22923
G1 X119.645 Y93.777 E128.28132
G1 X118.615 Y93.353 E128.33319
G1 X117.499 Y93.207 E128.38559
G1 X116.381 Y93.353 E128.4381
G1 X115.356 Y93.776 E128.48973
G1 X114.464 Y94.464 E128.54218
G1 X113.777 Y95.356 E128.59461
G1 X113.353 Y96.381 E128.64626
G1 X113.206 Y97.501 E128.69886
G1 X113.353 Y98.615 E128.75118
G1 X113.777 Y99.645 E128.80305
G1 X114.46 Y100.531 E128.85514
G1 X115.355 Y101.219 E128.9077
G1 X116.381 Y101.643 E128.9594
G1 X117.499 Y101.79 E129.0119
G0 F9000 X117.499 Y102.194
;TYPE:WALL-OUTER
G1 F1162.5 X118.719 Y102.033 E129.0692
G1 X119.843 Y101.569 E129.12583
G1 X120.821 Y100.821 E129.18316
G1 X121.569 Y99.843 E129.24049
G1 X122.033 Y98.719 E129.29711
G1 X122.193 Y97.501 E129.35432
G1 X122.033 Y96.277 E129.4118
G1 X121.569 Y95.153 E129.46842
G1 X120.817 Y94.175 E129.52586
G1 X119.847 Y93.427 E129.5829
G1 X118.719 Y92.963 E129.6397
G1 X117.499 Y92.803 E129.69699
G1 X116.277 Y92.963 E129.75438
G1 X115.154 Y93.427 E129.81096
G1 X114.179 Y94.179 E129.86829
G1 X113.427 Y95.154 E129.92563
G1 X112.963 Y96.277 E129.98221
G1 X112.802 Y97.501 E130.03969
G1 X112.963 Y98.719 E130.0969
G1 X113.427 Y99.847 E130.15369
G1 X114.175 Y100.817 E130.21073
G1 X115.153 Y101.569 E130.26818
G1 X116.277 Y102.033 E130.3248
G1 X117.499 Y102.194 E130.38219
G0 F9000 X116.911 Y101.431
;TYPE:FILL
G1 F1162.5 X116.455 Y101.371 E130.40361
G1 X115.497 Y100.975 E130.45188
G1 X114.657 Y100.33 E130.50119
G1 X114.022 Y99.506 E130.54963
G1 X113.625 Y98.541 E130.59822
G1 X113.565 Y98.089 E130.61945
G1 X114.672 Y98.088 E130.671
G1 X115.065 Y97.695 E130.69688
G1 X115.065 Y97.305 E130.71504
G1 X114.672 Y96.912 E130.74092
G1 X113.565 Y96.911 E130.79247
G1 X113.625 Y96.455 E130.81388
G1 X114.021 Y95.496 E130.86219
G1 X114.663 Y94.663 E130.91117
G1 X115.496 Y94.021 E130.96014
G1 X116.455 Y93.625 E131.00845
G1 X116.911 Y93.566 E131.02986
G1 X116.912 Y94.672 E131.08136
G1 X117.305 Y95.065 E131.10724
G1 X117.695 Y95.065 E131.1254
G1 X118.088 Y94.672 E131.15128
G1 X118.089 Y93.566 E131.20278
G1 X118.541 Y93.625 E131.224
G1 X119.506 Y94.022 E131.27259
G1 X120.33 Y94.657 E131.32103
G1 X120.976 Y95.497 E131.37038
G1 X121.371 Y96.455 E131.41863
G1 X121.43 Y96.911 E131.44004
G1 X120.328 Y96.912 E131.49135
G1 X119.935 Y97.305 E131.51723
G1 X119.935 Y97.695 E131.53539
G1 X120.328 Y98.088 E131.56127
G1 X121.43 Y98.089 E131.61259
G1 X121.371 Y98.541 E131.63381
G1 X120.974 Y99.501 E131.68218
G1 X120.336 Y100.336 E131.73112
G1 X119.501 Y100.974 E131.78005
G1 X118.541 Y101.371 E131.82842
G1 X118.089 Y101.43 E131.84965
G1 X118.088 Y100.328 E131.90096
G1 X117.695 Y99.935 E131.92684
G1 X117.305 Y99.935 E131.945
G1 X116.912 Y100.328 E131.97088
G1 X116.911 Y101.431 E132.02224
G0 F9000 X116.955 Y101.109
G1 F1500 E125.52224
;MESH:yc1hingeDubel.stl
G0 F9000 X117.5 Y101.967
G0 X117.643 Y103.05
G0 X117.642 Y111.949
G0 X117.5 Y113.033
G0 X117.5 Y121.483
G0 X117.499 Y121.79
;TYPE:WALL-INNER
G1 F1500 E132.02224
G1 F1162.5 X118.615 Y121.643 E132.07465
G1 X119.642 Y121.219 E132.12639
G1 X120.535 Y120.535 E132.17877
G1 X121.219 Y119.642 E132.23115
G1 X121.643 Y118.615 E132.28288
G1 X121.789 Y117.501 E132.3352
G1 X121.643 Y116.381 E132.38779
G1 X121.219 Y115.355 E132.43949
G1 X120.531 Y114.46 E132.49205
G1 X119.645 Y113.777 E132.54414
G1 X118.615 Y113.353 E132.59601
G1 X117.499 Y113.207 E132.64842
G1 X116.381 Y113.353 E132.70092
G1 X115.356 Y113.776 E132.75255
G1 X114.464 Y114.464 E132.80501
G1 X113.777 Y115.356 E132.85743
G1 X113.353 Y116.381 E132.90908
G1 X113.206 Y117.501 E132.96168
G1 X113.353 Y118.615 E133.014
G1 X113.777 Y119.645 E133.06587
G1 X114.46 Y120.531 E133.11796
G1 X115.355 Y121.219 E133.17053
G1 X116.381 Y121.643 E133.22222
G1 X117.499 Y121.79 E133.27473
G0 F9000 X117.499 Y122.194
;TYPE:WALL-OUTER
G1 F1162.5 X118.719 Y122.033 E133.33203
G1 X119.843 Y121.569 E133.38865
G1 X120.821 Y120.821 E133.44598
G1 X121.569 Y119.843 E133.50331
G1 X122.033 Y118.719 E133.55994
G1 X122.193 Y117.501 E133.61714
G1 X122.033 Y116.277 E133.67462
G1 X121.569 Y115.153 E133.73124
G1 X120.817 Y114.175 E133.78869
G1 X119.847 Y113.427 E133.84572
G1 X118.719 Y112.963 E133.90252
G1 X117.499 Y112.803 E133.95981
G1 X116.277 Y112.963 E134.0172
G1 X115.154 Y113.427 E134.07378
G1 X114.179 Y114.179 E134.13111
G1 X113.427 Y115.154 E134.18845
G1 X112.963 Y116.277 E134.24503
G1 X112.802 Y117.501 E134.30251
G1 X112.963 Y118.719 E134.35972
G1 X113.427 Y119.847 E134.41652
G1 X114.175 Y120.817 E134.47355
G1 X115.153 Y121.569 E134.531
G1 X116.277 Y122.033 E134.58762
G1 X117.499 Y122.194 E134.64502
G0 F9000 X116.911 Y121.431
;TYPE:FILL
G1 F1162.5 X116.455 Y121.371 E134.66643
G1 X115.497 Y120.975 E134.7147
G1 X114.657 Y120.33 E134.76402
G1 X114.022 Y119.506 E134.81246
G1 X113.625 Y118.541 E134.86104
G1 X113.565 Y118.089 E134.88228
G1 X114.672 Y118.088 E134.93382
G1 X115.065 Y117.695 E134.9597
G1 X115.065 Y117.305 E134.97786
G1 X114.672 Y116.912 E135.00374
G1 X113.565 Y116.911 E135.05529
G1 X113.625 Y116.455 E135.07671
G1 X114.021 Y115.496 E135.12502
G1 X114.663 Y114.663 E135.17399
G1 X115.496 Y114.021 E135.22296
G1 X116.455 Y113.625 E135.27127
G1 X116.911 Y113.566 E135.29268
G1 X116.912 Y114.672 E135.34418
G1 X117.305 Y115.065 E135.37006
G1 X117.695 Y115.065 E135.38822
G1 X118.088 Y114.672 E135.4141
G1 X118.089 Y113.566 E135.4656
G1 X118.541 Y113.625 E135.48683
G1 X119.506 Y114.022 E135.53542
G1 X120.33 Y114.657 E135.58386
G1 X120.976 Y115.497 E135.6332
G1 X121.371 Y116.455 E135.68145
G1 X121.43 Y116.911 E135.70286
G1 X120.328 Y116.912 E135.75417
G1 X119.935 Y117.305 E135.78005
G1 X119.935 Y117.695 E135.79821
G1 X120.328 Y118.088 E135.82409
G1 X121.43 Y118.089 E135.87541
G1 X121.371 Y118.541 E135.89663
G1 X120.974 Y119.501 E135.94501
G1 X120.336 Y120.336 E135.99394
G1 X119.501 Y120.974 E136.04287
G1 X118.541 Y121.371 E136.09124
G1 X118.089 Y121.43 E136.11247
G1 X118.088 Y120.328 E136.16378
G1 X117.695 Y119.935 E136.18966
G1 X117.305 Y119.935 E136.20782
G1 X116.912 Y120.328 E136.2337
G1 X116.911 Y121.431 E136.28506
G0 F9000 X116.955 Y121.109
G1 F1500 E129.78506
;MESH:NONMESH
G0 F300 X116.955 Y121.109 Z2.52
G0 F9000 X117.5 Y113.033
G0 X117.357 Y111.95
G0 X117.358 Y103.051
G0 X117.5 Y101.967
G0 X117.5 Y101.483
G0 X117.499 Y101.79
;TIME_ELAPSED:182.444613
;LAYER:8
;note -- min layer time used
;TYPE:WALL-INNER
;MESH:yc1hingeDubel.stl(1)
G1 F1500 E136.28506
G1 F1159.3 X118.615 Y101.643 E136.33748
G1 X119.642 Y101.219 E136.38921
G1 X120.535 Y100.535 E136.44159
G1 X121.219 Y99.642 E136.49397
G1 X121.643 Y98.615 E136.54571
G1 X121.789 Y97.501 E136.59802
G1 X121.643 Y96.381 E136.65062
G1 X121.219 Y95.355 E136.70231
G1 X120.531 Y94.46 E136.75487
G1 X119.645 Y93.777 E136.80697
G1 X118.615 Y93.353 E136.85883
G1 X117.499 Y93.207 E136.91124
G1 X116.381 Y93.353 E136.96374
G1 X115.356 Y93.776 E137.01537
G1 X114.464 Y94.464 E137.06783
G1 X113.777 Y95.356 E137.12025
G1 X113.353 Y96.381 E137.17191
G1 X113.206 Y97.501 E137.2245
G1 X113.353 Y98.615 E137.27683
G1 X113.777 Y99.645 E137.32869
G1 X114.46 Y100.531 E137.38078
G1 X115.355 Y101.219 E137.43335
G1 X116.381 Y101.643 E137.48504
G1 X117.499 Y101.79 E137.53755
G0 F9000 X117.499 Y102.194
;TYPE:WALL-OUTER
G1 F1159.3 X118.719 Y102.033 E137.59485
G1 X119.843 Y101.569 E137.65147
G1 X120.821 Y100.821 E137.70881
G1 X121.569 Y99.843 E137.76614
G1 X122.033 Y98.719 E137.82276
G1 X122.193 Y97.501 E137.87996
G1 X122.033 Y96.277 E137.93744
G1 X121.569 Y95.153 E137.99406
G1 X120.817 Y94.175 E138.05151
G1 X119.847 Y93.427 E138.10855
G1 X118.719 Y92.963 E138.16534
G1 X117.499 Y92.803 E138.22264
G1 X116.277 Y92.963 E138.28002
G1 X115.154 Y93.427 E138.3366
G1 X114.179 Y94.179 E138.39394
G1 X113.427 Y95.154 E138.45127
G1 X112.963 Y96.277 E138.50785
G1 X112.802 Y97.501 E138.56534
G1 X112.963 Y98.719 E138.62255
G1 X113.427 Y99.847 E138.67934
G1 X114.175 Y100.817 E138.73638
G1 X115.153 Y101.569 E138.79382
G1 X116.277 Y102.033 E138.85045
G1 X117.499 Y102.194 E138.90784
G0 F9000 X117.191 Y101.468
G0 X117.809 Y101.467
;TYPE:FILL
G1 F1159.3 X117.808 Y100.328 E138.96088
G1 X117.602 Y100.122 E138.97444
G1 X117.398 Y100.122 E138.98394
G1 X117.192 Y100.328 E138.99751
G1 X117.191 Y101.468 E139.05059
G1 X116.455 Y101.371 E139.08516
G1 X115.497 Y100.975 E139.13343
G1 X114.657 Y100.33 E139.18274
G1 X114.022 Y99.506 E139.23118
G1 X113.625 Y98.541 E139.27977
G1 X113.529 Y97.809 E139.31415
G1 X114.672 Y97.808 E139.36737
G1 X114.878 Y97.602 E139.38093
G1 X114.878 Y97.398 E139.39043
G1 X114.672 Y97.192 E139.404
G1 X113.529 Y97.191 E139.45722
G1 X113.625 Y96.455 E139.49178
G1 X114.021 Y95.496 E139.5401
G1 X114.663 Y94.663 E139.58907
G1 X115.496 Y94.021 E139.63804
G1 X116.455 Y93.625 E139.68635
G1 X117.191 Y93.529 E139.72091
G1 X117.192 Y94.672 E139.77413
G1 X117.398 Y94.878 E139.7877
G1 X117.602 Y94.878 E139.7972
G1 X117.808 Y94.672 E139.81076
G1 X117.809 Y93.529 E139.86399
G1 X118.541 Y93.625 E139.89836
G1 X119.506 Y94.022 E139.94695
G1 X120.33 Y94.657 E139.99539
G1 X120.976 Y95.497 E140.04474
G1 X121.371 Y96.455 E140.09299
G1 X121.467 Y97.191 E140.12755
G1 X120.328 Y97.192 E140.18059
G1 X120.122 Y97.398 E140.19415
G1 X120.122 Y97.602 E140.20365
G1 X120.328 Y97.808 E140.21722
G1 X121.467 Y97.809 E140.27025
G1 X121.371 Y98.541 E140.30463
G1 X120.974 Y99.501 E140.353
G1 X120.336 Y100.336 E140.40193
G1 X119.501 Y100.974 E140.45087
G1 X118.541 Y101.371 E140.49924
G1 X117.809 Y101.467 E140.53362
G0 F9000 X117.768 Y101.145
G1 F1500 E134.03362
;MESH:yc1hingeDubel.stl
G0 F9000 X117.5 Y101.967
G0 X117.643 Y103.05
G0 X117.642 Y111.949
G0 X117.5 Y113.033
G0 X117.5 Y121.483
G0 X117.499 Y121.79
;TYPE:WALL-INNER
G1 F1500 E140.53362
G1 F1159.3 X118.615 Y121.643 E140.58603
G1 X119.642 Y121.219 E140.63777
G1 X120.535 Y120.535 E140.69014
G1 X121.219 Y119.642 E140.74252
G1 X121.643 Y118.615 E140.79426
G1 X121.789 Y117.501 E140.84658
G1 X121.643 Y116.381 E140.89917
G1 X121.219 Y115.355 E140.95086
G1 X120.531 Y114.46 E141.00343
G1 X119.645 Y113.777 E141.05552
G1 X118.615 Y113.353 E141.10738
G1 X117.499 Y113.207 E141.15979
G1 X116.381 Y113.353 E141.21229
G1 X115.356 Y113.776 E141.26393
G1 X114.464 Y114.464 E141.31638
G1 X113.777 Y115.356 E141.36881
G1 X113.353 Y116.381 E141.42046
G1 X113.206 Y117.501 E141.47306
G1 X113.353 Y118.615 E141.52538
G1 X113.777 Y119.645 E141.57725
G1 X114.46 Y120.531 E141.62934
G1 X115.355 Y121.219 E141.6819
G1 X116.381 Y121.643 E141.7336
G1 X117.499 Y121.79 E141.7861
G0 F9000 X117.499 Y122.194
;TYPE:WALL-OUTER
G1 F1159.3 X118.719 Y122.033 E141.8434
G1 X119.843 Y121.569 E141.90003
G1 X120.821 Y120.821 E141.95736
G1 X121.569 Y119.843 E142.01469
G1 X122.033 Y118.719 E142.07131
G1 X122.193 Y117.501 E142.12852
G1 X122.033 Y116.277 E142.186
G1 X121.569 Y115.153 E142.24262
G1 X120.817 Y114.175 E142.30006
G1 X119.847 Y113.427 E142.3571
G1 X118.719 Y112.963 E142.41389
G1 X117.499 Y112.803 E142.47119
G1 X116.277 Y112.963 E142.52858
G1 X115.154 Y113.427 E142.58516
G1 X114.179 Y114.179 E142.64249
G1 X113.427 Y115.154 E142.69983
G1 X112.963 Y116.277 E142.75641
G1 X112.802 Y117.501 E142.81389
G1 X112.963 Y118.719 E142.8711
G1 X113.427 Y119.847 E142.92789
G1 X114.175 Y120.817 E142.98493
G1 X115.153 Y121.569 E143.04238
G1 X116.277 Y122.033 E143.099
G1 X117.499 Y122.194 E143.15639
G0 F9000 X117.191 Y121.468
G0 X117.809 Y121.467
;TYPE:FILL
G1 F1159.3 X117.808 Y120.328 E143.20943
G1 X117.602 Y120.122 E143.22299
G1 X117.398 Y120.122 E143.23249
G1 X117.192 Y120.328 E143.24606
G1 X117.191 Y121.468 E143.29914
G1 X116.455 Y121.371 E143.33371
G1 X115.497 Y120.975 E143.38198
G1 X114.657 Y120.33 E143.43129
G1 X114.022 Y119.506 E143.47973
G1 X113.625 Y118.541 E143.52832
G1 X113.529 Y117.809 E143.5627
G1 X114.672 Y117.808 E143.61592
G1 X114.878 Y117.602 E143.62949
G1 X114.878 Y117.398 E143.63899
G1 X114.672 Y117.192 E143.65255
G1 X113.529 Y117.191 E143.70577
G1 X113.625 Y116.455 E143.74034
G1 X114.021 Y115.496 E143.78865
G1 X114.663 Y114.663 E143.83762
G1 X115.496 Y114.021 E143.88659
G1 X116.455 Y113.625 E143.9349
G1 X117.191 Y113.529 E143.96946
G1 X117.192 Y114.672 E144.02269
G1 X117.398 Y114.878 E144.03625
G1 X117.602 Y114.878 E144.04575
G1 X117.808 Y114.672 E144.05932
G1 X117.809 Y113.529 E144.11254
G1 X118.541 Y113.625 E144.14692
G1 X119.506 Y114.022 E144.19551
G1 X120.33 Y114.657 E144.24395
G1 X120.976 Y115.497 E144.29329
G1 X121.371 Y116.455 E144.34154
G1 X121.467 Y117.191 E144.3761
G1 X120.328 Y117.192 E144.42914
G1 X120.122 Y117.398 E144.4427
G1 X120.122 Y117.602 E144.4522
G1 X120.328 Y117.808 E144.46577
G1 X121.467 Y117.809 E144.51881
G1 X121.371 Y118.541 E144.55318
G1 X120.974 Y119.501 E144.60156
G1 X120.336 Y120.336 E144.65049
G1 X119.501 Y120.974 E144.69942
G1 X118.541 Y121.371 E144.74779
G1 X117.809 Y121.467 E144.78217
G0 F9000 X117.768 Y121.145
G1 F1500 E138.28217
;MESH:NONMESH
G0 F300 X117.768 Y121.145 Z2.8
G0 F9000 X117.5 Y113.033
G0 X117.357 Y111.95
G0 X117.358 Y103.051
G0 X117.5 Y101.967
G0 X117.5 Y101.483
G0 X117.499 Y101.79
;TIME_ELAPSED:194.840583
;LAYER:9
;note -- min layer time used
;TYPE:WALL-INNER
;MESH:yc1hingeDubel.stl(1)
G1 F1500 E144.78217
G1 F1160.2 X118.615 Y101.643 E144.83458
G1 X119.642 Y101.219 E144.88632
G1 X120.535 Y100.535 E144.9387
G1 X121.219 Y99.642 E144.99108
G1 X121.643 Y98.615 E145.04281
G1 X121.789 Y97.501 E145.09513
G1 X121.643 Y96.381 E145.14772
G1 X121.219 Y95.355 E145.19942
G1 X120.531 Y94.46 E145.25198
G1 X119.645 Y93.777 E145.30407
G1 X118.615 Y93.353 E145.35594
G1 X117.499 Y93.207 E145.40835
G1 X116.381 Y93.353 E145.46085
G1 X115.356 Y93.776 E145.51248
G1 X114.464 Y94.464 E145.56493
G1 X113.777 Y95.356 E145.61736
G1 X113.353 Y96.381 E145.66901
G1 X113.206 Y97.501 E145.72161
G1 X113.353 Y98.615 E145.77393
G1 X113.777 Y99.645 E145.8258
G1 X114.46 Y100.531 E145.87789
G1 X115.355 Y101.219 E145.93046
G1 X116.381 Y101.643 E145.98215
G1 X117.499 Y101.79 E146.03466
G0 F9000 X117.499 Y102.194
;TYPE:WALL-OUTER
G1 F1160.2 X118.719 Y102.033 E146.09196
G1 X119.843 Y101.569 E146.14858
G1 X120.821 Y100.821 E146.20591
G1 X121.569 Y99.843 E146.26324
G1 X122.033 Y98.719 E146.31987
G1 X122.193 Y97.501 E146.37707
G1 X122.033 Y96.277 E146.43455
G1 X121.569 Y95.153 E146.49117
G1 X120.817 Y94.175 E146.54862
G1 X119.847 Y93.427 E146.60565
G1 X118.719 Y92.963 E146.66245
G1 X117.499 Y92.803 E146.71974
G1 X116.277 Y92.963 E146.77713
G1 X115.154 Y93.427 E146.83371
G1 X114.179 Y94.179 E146.89104
G1 X113.427 Y95.154 E146.94838
G1 X112.963 Y96.277 E147.00496
G1 X112.802 Y97.501 E147.06244
G1 X112.963 Y98.719 E147.11965
G1 X113.427 Y99.847 E147.17645
G1 X114.175 Y100.817 E147.23348
G1 X115.153 Y101.569 E147.29093
G1 X116.277 Y102.033 E147.34755
G1 X117.499 Y102.194 E147.40495
G0 F9000 X117.325 Y101.485
G0 X117.675 Y101.485
;TYPE:FILL
G1 F1160.2 X117.7 Y100.328 E147.45883
G1 X117.566 Y100.194 E147.46766
G1 X117.434 Y100.194 E147.4738
G1 X117.3 Y100.328 E147.48263
G1 X117.325 Y101.485 E147.53651
G1 X116.455 Y101.371 E147.57737
G1 X115.497 Y100.975 E147.62564
G1 X114.657 Y100.33 E147.67496
G1 X114.022 Y99.506 E147.7234
G1 X113.625 Y98.541 E147.77198
G1 X113.511 Y97.675 E147.81266
G1 X114.672 Y97.7 E147.86673
G1 X114.806 Y97.566 E147.87555
G1 X114.806 Y97.434 E147.8817
G1 X114.672 Y97.3 E147.89053
G1 X113.511 Y97.325 E147.9446
G1 X113.625 Y96.455 E147.98546
G1 X114.021 Y95.496 E148.03377
G1 X114.663 Y94.663 E148.08274
G1 X115.496 Y94.021 E148.13171
G1 X116.455 Y93.625 E148.18002
G1 X117.325 Y93.512 E148.22087
G1 X117.3 Y94.672 E148.2749
G1 X117.434 Y94.806 E148.28373
G1 X117.566 Y94.806 E148.28987
G1 X117.7 Y94.672 E148.2987
G1 X117.675 Y93.512 E148.35272
G1 X118.541 Y93.625 E148.39339
G1 X119.506 Y94.022 E148.44198
G1 X120.33 Y94.657 E148.49042
G1 X120.976 Y95.497 E148.53976
G1 X121.371 Y96.455 E148.58801
G1 X121.484 Y97.325 E148.62886
G1 X120.328 Y97.3 E148.6827
G1 X120.194 Y97.434 E148.69153
G1 X120.194 Y97.566 E148.69767
G1 X120.328 Y97.7 E148.7065
G1 X121.484 Y97.675 E148.76034
G1 X121.371 Y98.541 E148.80101
G1 X120.974 Y99.501 E148.84938
G1 X120.336 Y100.336 E148.89831
G1 X119.501 Y100.974 E148.94724
G1 X118.541 Y101.371 E148.99562
G1 X117.675 Y101.485 E149.03629
G0 F9000 X117.634 Y101.162
G1 F1500 E142.53629
;MESH:yc1hingeDubel.stl
G0 F9000 X117.5 Y101.967
G0 X117.643 Y103.05
G0 X117.642 Y111.949
G0 X117.5 Y113.033
G0 X117.5 Y121.483
G0 X117.499 Y121.79
;TYPE:WALL-INNER
G1 F1500 E149.03629
G1 F1160.2 X118.615 Y121.643 E149.0887
G1 X119.642 Y121.219 E149.14044
G1 X120.535 Y120.535 E149.19282
G1 X121.219 Y119.642 E149.2452
G1 X121.643 Y118.615 E149.29693
G1 X121.789 Y117.501 E149.34925
G1 X121.643 Y116.381 E149.40184
G1 X121.219 Y115.355 E149.45354
G1 X120.531 Y114.46 E149.5061
G1 X119.645 Y113.777 E149.55819
G1 X118.615 Y113.353 E149.61006
G1 X117.499 Y113.207 E149.66247
G1 X116.381 Y113.353 E149.71497
G1 X115.356 Y113.776 E149.7666
G1 X114.464 Y114.464 E149.81905
G1 X113.777 Y115.356 E149.87148
G1 X113.353 Y116.381 E149.92313
G1 X113.206 Y117.501 E149.97573
G1 X113.353 Y118.615 E150.02805
G1 X113.777 Y119.645 E150.07992
G1 X114.46 Y120.531 E150.13201
G1 X115.355 Y121.219 E150.18457
G1 X116.381 Y121.643 E150.23627
G1 X117.499 Y121.79 E150.28878
G0 F9000 X117.499 Y122.194
;TYPE:WALL-OUTER
G1 F1160.2 X118.719 Y122.033 E150.34608
G1 X119.843 Y121.569 E150.4027
G1 X120.821 Y120.821 E150.46003
G1 X121.569 Y119.843 E150.51736
G1 X122.033 Y118.719 E150.57399
G1 X122.193 Y117.501 E150.63119
G1 X122.033 Y116.277 E150.68867
G1 X121.569 Y115.153 E150.74529
G1 X120.817 Y114.175 E150.80274
G1 X119.847 Y113.427 E150.85977
G1 X118.719 Y112.963 E150.91657
G1 X117.499 Y112.803 E150.97386
G1 X116.277 Y112.963 E151.03125
G1 X115.154 Y113.427 E151.08783
G1 X114.179 Y114.179 E151.14516
G1 X113.427 Y115.154 E151.2025
G1 X112.963 Y116.277 E151.25908
G1 X112.802 Y117.501 E151.31656
G1 X112.963 Y118.719 E151.37377
G1 X113.427 Y119.847 E151.43057
G1 X114.175 Y120.817 E151.4876
G1 X115.153 Y121.569 E151.54505
G1 X116.277 Y122.033 E151.60167
G1 X117.499 Y122.194 E151.65906
G0 F9000 X117.325 Y121.485
G0 X117.675 Y121.485
;TYPE:FILL
G1 F1160.2 X117.7 Y120.328 E151.71295
G1 X117.566 Y120.194 E151.72178
G1 X117.434 Y120.194 E151.72792
G1 X117.3 Y120.328 E151.73675
G1 X117.325 Y121.485 E151.79063
G1 X116.455 Y121.371 E151.83149
G1 X115.497 Y120.975 E151.87976
G1 X114.657 Y120.33 E151.92908
G1 X114.022 Y119.506 E151.97752
G1 X113.625 Y118.541 E152.0261
G1 X113.511 Y117.675 E152.06678
G1 X114.672 Y117.7 E152.12085
G1 X114.806 Y117.566 E152.12967
G1 X114.806 Y117.434 E152.13582
G1 X114.672 Y117.3 E152.14464
G1 X113.511 Y117.325 E152.19872
G1 X113.625 Y116.455 E152.23958
G1 X114.021 Y115.496 E152.28789
G1 X114.663 Y114.663 E152.33686
G1 X115.496 Y114.021 E152.38583
G1 X116.455 Y113.625 E152.43414
G1 X117.325 Y113.512 E152.47499
G1 X117.3 Y114.672 E152.52902
G1 X117.434 Y114.806 E152.53784
G1 X117.566 Y114.806 E152.54399
G1 X117.7 Y114.672 E152.55282
G1 X117.675 Y113.512 E152.60684
G1 X118.541 Y113.625 E152.64751
G1 X119.506 Y114.022 E152.6961
G1 X120.33 Y114.657 E152.74454
G1 X120.976 Y115.497 E152.79388
G1 X121.371 Y116.455 E152.84213
G1 X121.484 Y117.325 E152.88298
G1 X120.328 Y117.3 E152.93682
G1 X120.194 Y117.434 E152.94565
G1 X120.194 Y117.566 E152.95179
G1 X120.328 Y117.7 E152.96062
G1 X121.484 Y117.675 E153.01446
G1 X121.371 Y118.541 E153.05513
G1 X120.974 Y119.501 E153.1035
G1 X120.336 Y120.336 E153.15243
G1 X119.501 Y120.974 E153.20136
G1 X118.541 Y121.371 E153.24974
G1 X117.675 Y121.485 E153.29041
G0 F9000 X117.634 Y121.162
G1 F1500 E146.79041
;MESH:NONMESH
G0 F300 X117.634 Y121.162 Z3.08
G0 F9000 X117.5 Y113.033
G0 X117.357 Y111.95
G0 X117.358 Y103.051
G0 X117.5 Y101.967
G0 X117.5 Y101.483
G0 X117.499 Y101.79
;TIME_ELAPSED:207.177538
;LAYER:10
;note -- min layer time used
;TYPE:WALL-INNER
;MESH:yc1hingeDubel.stl(1)
G1 F1500 E153.29041
G1 F1158.3 X118.615 Y101.643 E153.34282
G1 X119.642 Y101.219 E153.39456
G1 X120.535 Y100.535 E153.44694
G1 X121.219 Y99.642 E153.49932
G1 X121.643 Y98.615 E153.55105
G1 X121.789 Y97.501 E153.60337
G1 X121.643 Y96.381 E153.65596
G1 X121.219 Y95.355 E153.70765
G1 X120.531 Y94.46 E153.76022
G1 X119.645 Y93.777 E153.81231
G1 X118.615 Y93.353 E153.86418
G1 X117.499 Y93.207 E153.91659
G1 X116.381 Y93.353 E153.96909
G1 X115.356 Y93.776 E154.02072
G1 X114.464 Y94.464 E154.07317
G1 X113.777 Y95.356 E154.1256
G1 X113.353 Y96.381 E154.17725
G1 X113.206 Y97.501 E154.22985
G1 X113.353 Y98.615 E154.28217
G1 X113.777 Y99.645 E154.33404
G1 X114.46 Y100.531 E154.38613
G1 X115.355 Y101.219 E154.43869
G1 X116.381 Y101.643 E154.49039
G1 X117.499 Y101.79 E154.54289
G0 F9000 X117.499 Y102.194
;TYPE:WALL-OUTER
G1 F1158.3 X118.719 Y102.033 E154.6002
G1 X119.843 Y101.569 E154.65682
G1 X120.821 Y100.821 E154.71415
G1 X121.569 Y99.843 E154.77148
G1 X122.033 Y98.719 E154.82811
G1 X122.193 Y97.501 E154.88531
G1 X122.033 Y96.277 E154.94279
G1 X121.569 Y95.153 E154.99941
G1 X120.817 Y94.175 E155.05686
G1 X119.847 Y93.427 E155.11389
G1 X118.719 Y92.963 E155.17069
G1 X117.499 Y92.803 E155.22798
G1 X116.277 Y92.963 E155.28537
G1 X115.154 Y93.427 E155.34195
G1 X114.179 Y94.179 E155.39928
G1 X113.427 Y95.154 E155.45662
G1 X112.963 Y96.277 E155.5132
G1 X112.802 Y97.501 E155.57068
G1 X112.963 Y98.719 E155.62789
G1 X113.427 Y99.847 E155.68469
G1 X114.175 Y100.817 E155.74172
G1 X115.153 Y101.569 E155.79917
G1 X116.277 Y102.033 E155.85579
G1 X117.499 Y102.194 E155.91318
G0 F9000 X117.247 Y101.475
G0 X117.753 Y101.475
;TYPE:FILL
G1 F1158.3 X117.752 Y100.328 E155.96659
G1 X117.583 Y100.159 E155.97772
G1 X117.417 Y100.159 E155.98545
G1 X117.248 Y100.328 E155.99658
G1 X117.247 Y101.475 E156.04999
G1 X116.455 Y101.371 E156.08719
G1 X115.497 Y100.975 E156.13545
G1 X114.657 Y100.33 E156.18477
G1 X114.022 Y99.506 E156.23321
G1 X113.625 Y98.541 E156.2818
G1 X113.521 Y97.753 E156.31881
G1 X114.672 Y97.752 E156.3724
G1 X114.841 Y97.583 E156.38353
G1 X114.841 Y97.417 E156.39126
G1 X114.672 Y97.248 E156.40239
G1 X113.521 Y97.247 E156.45599
G1 X113.625 Y96.455 E156.49318
G1 X114.021 Y95.496 E156.54149
G1 X114.663 Y94.663 E156.59047
G1 X115.496 Y94.021 E156.63944
G1 X116.455 Y93.625 E156.68775
G1 X117.247 Y93.522 E156.72494
G1 X117.248 Y94.672 E156.77849
G1 X117.417 Y94.841 E156.78962
G1 X117.583 Y94.841 E156.79735
G1 X117.752 Y94.672 E156.80848
G1 X117.753 Y93.522 E156.86202
G1 X118.541 Y93.625 E156.89903
G1 X119.506 Y94.022 E156.94762
G1 X120.33 Y94.657 E156.99606
G1 X120.976 Y95.497 E157.0454
G1 X121.371 Y96.455 E157.09365
G1 X121.474 Y97.247 E157.13084
G1 X120.328 Y97.248 E157.1842
G1 X120.159 Y97.417 E157.19533
G1 X120.159 Y97.583 E157.20306
G1 X120.328 Y97.752 E157.21419
G1 X121.474 Y97.753 E157.26755
G1 X121.371 Y98.541 E157.30456
G1 X120.974 Y99.501 E157.35293
G1 X120.336 Y100.336 E157.40186
G1 X119.501 Y100.974 E157.4508
G1 X118.541 Y101.371 E157.49917
G1 X117.753 Y101.475 E157.53618
G0 F9000 X117.712 Y101.152
G1 F1500 E151.03618
;MESH:yc1hingeDubel.stl
G0 F9000 X117.5 Y101.967
G0 X117.643 Y103.05
G0 X117.642 Y111.949
G0 X117.5 Y113.033
G0 X117.5 Y121.483
G0 X117.499 Y121.79
;TYPE:WALL-INNER
G1 F1500 E157.53618
G1 F1158.3 X118.615 Y121.643 E157.58859
G1 X119.642 Y121.219 E157.64033
G1 X120.535 Y120.535 E157.69271
G1 X121.219 Y119.642 E157.74509
G1 X121.643 Y118.615 E157.79682
G1 X121.789 Y117.501 E157.84914
G1 X121.643 Y116.381 E157.90173
G1 X121.219 Y115.355 E157.95343
G1 X120.531 Y114.46 E158.00599
G1 X119.645 Y113.777 E158.05808
G1 X118.615 Y113.353 E158.10995
G1 X117.499 Y113.207 E158.16236
G1 X116.381 Y113.353 E158.21486
G1 X115.356 Y113.776 E158.26649
G1 X114.464 Y114.464 E158.31895
G1 X113.777 Y115.356 E158.37137
G1 X113.353 Y116.381 E158.42302
G1 X113.206 Y117.501 E158.47562
G1 X113.353 Y118.615 E158.52794
G1 X113.777 Y119.645 E158.57981
G1 X114.46 Y120.531 E158.6319
G1 X115.355 Y121.219 E158.68447
G1 X116.381 Y121.643 E158.73616
G1 X117.499 Y121.79 E158.78867
G0 F9000 X117.499 Y122.194
;TYPE:WALL-OUTER
G1 F1158.3 X118.719 Y122.033 E158.84597
G1 X119.843 Y121.569 E158.90259
G1 X120.821 Y120.821 E158.95992
G1 X121.569 Y119.843 E159.01725
G1 X122.033 Y118.719 E159.07388
G1 X122.193 Y117.501 E159.13108
G1 X122.033 Y116.277 E159.18856
G1 X121.569 Y115.153 E159.24518
G1 X120.817 Y114.175 E159.30263
G1 X119.847 Y113.427 E159.35966
G1 X118.719 Y112.963 E159.41646
G1 X117.499 Y112.803 E159.47375
G1 X116.277 Y112.963 E159.53114
G1 X115.154 Y113.427 E159.58772
G1 X114.179 Y114.179 E159.64505
G1 X113.427 Y115.154 E159.70239
G1 X112.963 Y116.277 E159.75897
G1 X112.802 Y117.501 E159.81645
G1 X112.963 Y118.719 E159.87366
G1 X113.427 Y119.847 E159.93046
G1 X114.175 Y120.817 E159.98749
G1 X115.153 Y121.569 E160.04494
G1 X116.277 Y122.033 E160.10156
G1 X117.499 Y122.194 E160.15896
G0 F9000 X117.247 Y121.475
G0 X117.753 Y121.475
;TYPE:FILL
G1 F1158.3 X117.752 Y120.328 E160.21236
G1 X117.583 Y120.159 E160.22349
G1 X117.417 Y120.159 E160.23122
G1 X117.248 Y120.328 E160.24235
G1 X117.247 Y121.475 E160.29576
G1 X116.455 Y121.371 E160.33296
G1 X115.497 Y120.975 E160.38123
G1 X114.657 Y120.33 E160.43054
G1 X114.022 Y119.506 E160.47898
G1 X113.625 Y118.541 E160.52757
G1 X113.521 Y117.753 E160.56458
G1 X114.672 Y117.752 E160.61818
G1 X114.841 Y117.583 E160.6293
G1 X114.841 Y117.417 E160.63703
G1 X114.672 Y117.248 E160.64816
G1 X113.521 Y117.247 E160.70176
G1 X113.625 Y116.455 E160.73895
G1 X114.021 Y115.496 E160.78727
G1 X114.663 Y114.663 E160.83624
G1 X115.496 Y114.021 E160.88521
G1 X116.455 Y113.625 E160.93352
G1 X117.247 Y113.522 E160.97071
G1 X117.248 Y114.672 E161.02426
G1 X117.417 Y114.841 E161.03539
G1 X117.583 Y114.841 E161.04312
G1 X117.752 Y114.672 E161.05425
G1 X117.753 Y113.522 E161.1078
G1 X118.541 Y113.625 E161.1448
G1 X119.506 Y114.022 E161.19339
G1 X120.33 Y114.657 E161.24183
G1 X120.976 Y115.497 E161.29117
G1 X121.371 Y116.455 E161.33942
G1 X121.474 Y117.247 E161.37661
G1 X120.328 Y117.248 E161.42998
G1 X120.159 Y117.417 E161.4411
G1 X120.159 Y117.583 E161.44883
G1 X120.328 Y117.752 E161.45996
G1 X121.474 Y117.753 E161.51333
G1 X121.371 Y118.541 E161.55033
G1 X120.974 Y119.501 E161.5987
G1 X120.336 Y120.336 E161.64764
G1 X119.501 Y120.974 E161.69657
G1 X118.541 Y121.371 E161.74494
G1 X117.753 Y121.475 E161.78195
G0 F9000 X117.712 Y121.152
G1 F1500 E155.28195
;MESH:NONMESH
G0 F300 X117.712 Y121.152 Z3.36
G0 F9000 X117.5 Y113.033
G0 X117.357 Y111.95
G0 X117.358 Y103.051
G0 X117.5 Y101.967
G0 X117.5 Y101.483
G0 X117.499 Y101.79
;TIME_ELAPSED:219.543520
;LAYER:11
;note -- min layer time used
;TYPE:WALL-INNER
;MESH:yc1hingeDubel.stl(1)
G1 F1500 E161.78195
G1 F1161.7 X118.615 Y101.643 E161.83437
G1 X119.642 Y101.219 E161.8861
G1 X120.535 Y100.535 E161.93848
G1 X121.219 Y99.642 E161.99086
G1 X121.643 Y98.615 E162.04259
G1 X121.789 Y97.501 E162.09491
G1 X121.643 Y96.381 E162.1475
G1 X121.219 Y95.355 E162.1992
G1 X120.531 Y94.46 E162.25176
G1 X119.645 Y93.777 E162.30385
G1 X118.615 Y93.353 E162.35572
G1 X117.499 Y93.207 E162.40813
G1 X116.381 Y93.353 E162.46063
G1 X115.356 Y93.776 E162.51226
G1 X114.464 Y94.464 E162.56472
G1 X113.777 Y95.356 E162.61714
G1 X113.353 Y96.381 E162.66879
G1 X113.206 Y97.501 E162.72139
G1 X113.353 Y98.615 E162.77371
G1 X113.777 Y99.645 E162.82558
G1 X114.46 Y100.531 E162.87767
G1 X115.355 Y101.219 E162.93024
G1 X116.381 Y101.643 E162.98193
G1 X117.499 Y101.79 E163.03444
G0 F9000 X117.499 Y102.194
;TYPE:WALL-OUTER
G1 F1161.7 X118.719 Y102.033 E163.09174
G1 X119.843 Y101.569 E163.14836
G1 X120.821 Y100.821 E163.20569
G1 X121.569 Y99.843 E163.26303
G1 X122.033 Y98.719 E163.31965
G1 X122.193 Y97.501 E163.37685
G1 X122.033 Y96.277 E163.43433
G1 X121.569 Y95.153 E163.49095
G1 X120.817 Y94.175 E163.5484
G1 X119.847 Y93.427 E163.60544
G1 X118.719 Y92.963 E163.66223
G1 X117.499 Y92.803 E163.71952
G1 X116.277 Y92.963 E163.77691
G1 X115.154 Y93.427 E163.83349
G1 X114.179 Y94.179 E163.89083
G1 X113.427 Y95.154 E163.94816
G1 X112.963 Y96.277 E164.00474
G1 X112.802 Y97.501 E164.06223
G1 X112.963 Y98.719 E164.11943
G1 X113.427 Y99.847 E164.17623
G1 X114.175 Y100.817 E164.23327
G1 X115.153 Y101.569 E164.29071
G1 X116.277 Y102.033 E164.34733
G1 X117.499 Y102.194 E164.40473
G0 F9000 X116.967 Y101.438
;TYPE:FILL
G1 F1161.7 X116.455 Y101.371 E164.42877
G1 X115.497 Y100.975 E164.47704
G1 X114.657 Y100.33 E164.52636
G1 X114.022 Y99.506 E164.5748
G1 X113.625 Y98.541 E164.62338
G1 X113.558 Y98.033 E164.64724
G1 X114.672 Y98.032 E164.69912
G1 X115.028 Y97.676 E164.72256
G1 X115.028 Y97.324 E164.73895
G1 X114.672 Y96.968 E164.76239
G1 X113.558 Y96.967 E164.81427
G1 X113.625 Y96.455 E164.83831
G1 X114.021 Y95.496 E164.88662
G1 X114.663 Y94.663 E164.93559
G1 X115.496 Y94.021 E164.98456
G1 X116.455 Y93.625 E165.03288
G1 X116.967 Y93.558 E165.05692
G1 X116.968 Y94.672 E165.10879
G1 X117.324 Y95.028 E165.13224
G1 X117.676 Y95.028 E165.14863
G1 X118.032 Y94.672 E165.17207
G1 X118.033 Y93.559 E165.2239
G1 X118.541 Y93.625 E165.24775
G1 X119.506 Y94.022 E165.29634
G1 X120.33 Y94.657 E165.34478
G1 X120.976 Y95.497 E165.39412
G1 X121.371 Y96.455 E165.44237
G1 X121.438 Y96.967 E165.46642
G1 X120.328 Y96.968 E165.5181
G1 X119.972 Y97.324 E165.54155
G1 X119.972 Y97.676 E165.55794
G1 X120.328 Y98.032 E165.58138
G1 X121.437 Y98.033 E165.63302
G1 X121.371 Y98.541 E165.65687
G1 X120.974 Y99.501 E165.70525
G1 X120.336 Y100.336 E165.75418
G1 X119.501 Y100.974 E165.80311
G1 X118.541 Y101.371 E165.85148
G1 X118.033 Y101.438 E165.87534
G1 X118.032 Y100.328 E165.92703
G1 X117.676 Y99.972 E165.95047
G1 X117.324 Y99.972 E165.96686
G1 X116.968 Y100.328 E165.99031
G1 X116.967 Y101.438 E166.04199
G0 F9000 X117.011 Y101.116
G1 F1500 E159.54199
;MESH:yc1hingeDubel.stl
G0 F9000 X117.5 Y101.967
G0 X117.643 Y103.05
G0 X117.642 Y111.949
G0 X117.5 Y113.033
G0 X117.5 Y121.483
G0 X117.499 Y121.79
;TYPE:WALL-INNER
G1 F1500 E166.04199
G1 F1161.7 X118.615 Y121.643 E166.09441
G1 X119.642 Y121.219 E166.14614
G1 X120.535 Y120.535 E166.19852
G1 X121.219 Y119.642 E166.2509
G1 X121.643 Y118.615 E166.30264
G1 X121.789 Y117.501 E166.35495
G1 X121.643 Y116.381 E166.40755
G1 X121.219 Y115.355 E166.45924
G1 X120.531 Y114.46 E166.5118
G1 X119.645 Y113.777 E166.5639
G1 X118.615 Y113.353 E166.61576
G1 X117.499 Y113.207 E166.66817
G1 X116.381 Y113.353 E166.72067
G1 X115.356 Y113.776 E166.7723
G1 X114.464 Y114.464 E166.82476
G1 X113.777 Y115.356 E166.87718
G1 X113.353 Y116.381 E166.92883
G1 X113.206 Y117.501 E166.98143
G1 X113.353 Y118.615 E167.03376
G1 X113.777 Y119.645 E167.08562
G1 X114.46 Y120.531 E167.13771
G1 X115.355 Y121.219 E167.19028
G1 X116.381 Y121.643 E167.24197
G1 X117.499 Y121.79 E167.29448
G0 F9000 X117.499 Y122.194
;TYPE:WALL-OUTER
G1 F1161.7 X118.719 Y122.033 E167.35178
G1 X119.843 Y121.569 E167.4084
G1 X120.821 Y120.821 E167.46573
G1 X121.569 Y119.843 E167.52307
G1 X122.033 Y118.719 E167.57969
G1 X122.193 Y117.501 E167.63689
G1 X122.033 Y116.277 E167.69437
G1 X121.569 Y115.153 E167.75099
G1 X120.817 Y114.175 E167.80844
G1 X119.847 Y113.427 E167.86548
G1 X118.719 Y112.963 E167.92227
G1 X117.499 Y112.803 E167.97957
G1 X116.277 Y112.963 E168.03695
G1 X115.154 Y113.427 E168.09353
G1 X114.179 Y114.179 E168.15087
G1 X113.427 Y115.154 E168.2082
G1 X112.963 Y116.277 E168.26478
G1 X112.802 Y117.501 E168.32227
G1 X112.963 Y118.719 E168.37948
G1 X113.427 Y119.847 E168.43627
G1 X114.175 Y120.817 E168.49331
G1 X115.153 Y121.569 E168.55075
G1 X116.277 Y122.033 E168.60737
G1 X117.499 Y122.194 E168.66477
G0 F9000 X116.967 Y121.438
;TYPE:FILL
G1 F1161.7 X116.455 Y121.371 E168.68881
G1 X115.497 Y120.975 E168.73708
G1 X114.657 Y120.33 E168.7864
G1 X114.022 Y119.506 E168.83484
G1 X113.625 Y118.541 E168.88342
G1 X113.558 Y118.033 E168.90728
G1 X114.672 Y118.032 E168.95916
G1 X115.028 Y117.676 E168.9826
G1 X115.028 Y117.324 E168.99899
G1 X114.672 Y116.968 E169.02243
G1 X113.558 Y116.967 E169.07431
G1 X113.625 Y116.455 E169.09835
G1 X114.021 Y115.496 E169.14666
G1 X114.663 Y114.663 E169.19563
G1 X115.496 Y114.021 E169.24461
G1 X116.455 Y113.625 E169.29292
G1 X116.967 Y113.558 E169.31696
G1 X116.968 Y114.672 E169.36883
G1 X117.324 Y115.028 E169.39228
G1 X117.676 Y115.028 E169.40867
G1 X118.032 Y114.672 E169.43211
G1 X118.033 Y113.559 E169.48394
G1 X118.541 Y113.625 E169.50779
G1 X119.506 Y114.022 E169.55638
G1 X120.33 Y114.657 E169.60482
G1 X120.976 Y115.497 E169.65416
G1 X121.371 Y116.455 E169.70241
G1 X121.438 Y116.967 E169.72646
G1 X120.328 Y116.968 E169.77814
G1 X119.972 Y117.324 E169.80159
G1 X119.972 Y117.676 E169.81798
G1 X120.328 Y118.032 E169.84142
G1 X121.437 Y118.033 E169.89306
G1 X121.371 Y118.541 E169.91691
G1 X120.974 Y119.501 E169.96529
G1 X120.336 Y120.336 E170.01422
G1 X119.501 Y120.974 E170.06315
G1 X118.541 Y121.371 E170.11152
G1 X118.033 Y121.438 E170.13538
G1 X118.032 Y120.328 E170.18707
G1 X117.676 Y119.972 E170.21051
G1 X117.324 Y119.972 E170.2269
G1 X116.968 Y120.328 E170.25035
G1 X116.967 Y121.438 E170.30203
G0 F9000 X117.011 Y121.116
G1 F1500 E163.80203
;MESH:NONMESH
G0 F300 X117.011 Y121.116 Z3.64
G0 F9000 X117.5 Y113.033
G0 X117.357 Y111.95
G0 X117.358 Y103.051
G0 X117.5 Y101.967
G0 X117.5 Y101.483
G0 X117.499 Y101.79
;TIME_ELAPSED:231.892880
;LAYER:12
;note -- min layer time used
;TYPE:WALL-INNER
;MESH:yc1hingeDubel.stl(1)
G1 F1500 E170.30203
G1 F1166.8 X118.615 Y101.643 E170.35445
G1 X119.642 Y101.219 E170.40618
G1 X120.535 Y100.535 E170.45856
G1 X121.219 Y99.642 E170.51094
G1 X121.643 Y98.615 E170.56268
G1 X121.789 Y97.501 E170.61499
G1 X121.643 Y96.381 E170.66759
G1 X121.219 Y95.355 E170.71928
G1 X120.531 Y94.46 E170.77185
G1 X119.645 Y93.777 E170.82394
G1 X118.615 Y93.353 E170.8758
G1 X117.499 Y93.207 E170.92821
G1 X116.381 Y93.353 E170.98071
G1 X115.356 Y93.776 E171.03234
G1 X114.464 Y94.464 E171.0848
G1 X113.777 Y95.356 E171.13723
G1 X113.353 Y96.381 E171.18888
G1 X113.206 Y97.501 E171.24148
G1 X113.353 Y98.615 E171.2938
G1 X113.777 Y99.645 E171.34566
G1 X114.46 Y100.531 E171.39775
G1 X115.355 Y101.219 E171.45032
G1 X116.381 Y101.643 E171.50201
G1 X117.499 Y101.79 E171.55452
G0 F9000 X117.499 Y102.194
;TYPE:WALL-OUTER
G1 F1166.8 X118.719 Y102.033 E171.61182
G1 X119.843 Y101.569 E171.66844
G1 X120.821 Y100.821 E171.72578
G1 X121.569 Y99.843 E171.78311
G1 X122.033 Y98.719 E171.83973
G1 X122.193 Y97.501 E171.89693
G1 X122.033 Y96.277 E171.95441
G1 X121.569 Y95.153 E172.01103
G1 X120.817 Y94.175 E172.06848
G1 X119.847 Y93.427 E172.12552
G1 X118.719 Y92.963 E172.18231
G1 X117.499 Y92.803 E172.23961
G1 X116.277 Y92.963 E172.29699
G1 X115.154 Y93.427 E172.35357
G1 X114.179 Y94.179 E172.41091
G1 X113.427 Y95.154 E172.46824
G1 X112.963 Y96.277 E172.52482
G1 X112.802 Y97.501 E172.58231
G1 X112.963 Y98.719 E172.63952
G1 X113.427 Y99.847 E172.69631
G1 X114.175 Y100.817 E172.75335
G1 X115.153 Y101.569 E172.81079
G1 X116.277 Y102.033 E172.86742
G1 X117.499 Y102.194 E172.92481
G0 F9000 X117.5 Y101.483
G0 X116.691 Y101.376
G0 X116.687 Y101.401
;TYPE:FILL
G1 F1166.8 X116.455 Y101.371 E172.9357
G1 X115.497 Y100.975 E172.98397
G1 X114.657 Y100.33 E173.03329
G1 X114.022 Y99.506 E173.08173
G1 X113.625 Y98.541 E173.13031
G1 X113.595 Y98.313 E173.14102
G1 X114.672 Y98.312 E173.19117
G1 X115.214 Y97.77 E173.22686
G1 X115.214 Y97.23 E173.25201
G1 X114.672 Y96.688 E173.2877
G1 X113.595 Y96.687 E173.33785
G1 X113.625 Y96.455 E173.34874
G1 X114.021 Y95.496 E173.39706
G1 X114.663 Y94.663 E173.44603
G1 X115.496 Y94.021 E173.495
G1 X116.455 Y93.625 E173.54331
G1 X116.687 Y93.595 E173.5542
G1 X116.688 Y94.672 E173.60435
G1 X117.23 Y95.214 E173.64004
G1 X117.77 Y95.214 E173.66519
G1 X118.312 Y94.672 E173.70088
G1 X118.313 Y93.595 E173.75103
G1 X118.541 Y93.625 E173.76174
G1 X119.506 Y94.022 E173.81033
G1 X120.33 Y94.657 E173.85877
G1 X120.976 Y95.497 E173.90811
G1 X121.371 Y96.455 E173.95636
G1 X121.401 Y96.687 E173.96725
G1 X120.328 Y96.688 E174.01722
G1 X119.786 Y97.23 E174.05291
G1 X119.786 Y97.77 E174.07805
G1 X120.328 Y98.312 E174.11375
G1 X121.401 Y98.313 E174.16371
G1 X121.371 Y98.541 E174.17442
G1 X120.974 Y99.501 E174.22279
G1 X120.336 Y100.336 E174.27172
G1 X119.501 Y100.974 E174.32065
G1 X118.541 Y101.371 E174.36903
G1 X118.313 Y101.401 E174.37973
G1 X118.312 Y100.328 E174.4297
G1 X117.77 Y99.786 E174.46539
G1 X117.23 Y99.786 E174.49053
G1 X116.688 Y100.328 E174.52623
G1 X116.687 Y101.401 E174.57619
G0 F9000 X116.73 Y101.079
G1 F1500 E168.07619
;MESH:yc1hingeDubel.stl
G0 F9000 X117.5 Y101.967
G0 X117.643 Y103.05
G0 X117.642 Y111.949
G0 X117.5 Y113.033
G0 X117.5 Y121.483
G0 X117.499 Y121.79
;TYPE:WALL-INNER
G1 F1500 E174.57619
G1 F1166.8 X118.615 Y121.643 E174.6286
G1 X119.642 Y121.219 E174.68034
G1 X120.535 Y120.535 E174.73272
G1 X121.219 Y119.642 E174.7851
G1 X121.643 Y118.615 E174.83683
G1 X121.789 Y117.501 E174.88915
G1 X121.643 Y116.381 E174.94174
G1 X121.219 Y115.355 E174.99344
G1 X120.531 Y114.46 E175.046
G1 X119.645 Y113.777 E175.09809
G1 X118.615 Y113.353 E175.14996
G1 X117.499 Y113.207 E175.20237
G1 X116.381 Y113.353 E175.25487
G1 X115.356 Y113.776 E175.3065
G1 X114.464 Y114.464 E175.35896
G1 X113.777 Y115.356 E175.41138
G1 X113.353 Y116.381 E175.46303
G1 X113.206 Y117.501 E175.51563
G1 X113.353 Y118.615 E175.56795
G1 X113.777 Y119.645 E175.61982
G1 X114.46 Y120.531 E175.67191
G1 X115.355 Y121.219 E175.72448
G1 X116.381 Y121.643 E175.77617
G1 X117.499 Y121.79 E175.82868
G0 F9000 X117.499 Y122.194
;TYPE:WALL-OUTER
G1 F1166.8 X118.719 Y122.033 E175.88598
G1 X119.843 Y121.569 E175.9426
G1 X120.821 Y120.821 E175.99993
G1 X121.569 Y119.843 E176.05726
G1 X122.033 Y118.719 E176.11389
G1 X122.193 Y117.501 E176.17109
G1 X122.033 Y116.277 E176.22857
G1 X121.569 Y115.153 E176.28519
G1 X120.817 Y114.175 E176.34264
G1 X119.847 Y113.427 E176.39967
G1 X118.719 Y112.963 E176.45647
G1 X117.499 Y112.803 E176.51376
G1 X116.277 Y112.963 E176.57115
G1 X115.154 Y113.427 E176.62773
G1 X114.179 Y114.179 E176.68506
G1 X113.427 Y115.154 E176.7424
G1 X112.963 Y116.277 E176.79898
G1 X112.802 Y117.501 E176.85646
G1 X112.963 Y118.719 E176.91367
G1 X113.427 Y119.847 E176.97047
G1 X114.175 Y120.817 E177.0275
G1 X115.153 Y121.569 E177.08495
G1 X116.277 Y122.033 E177.14157
G1 X117.499 Y122.194 E177.19897
G0 F9000 X117.5 Y121.483
G0 X116.691 Y121.376
G0 X116.687 Y121.401
;TYPE:FILL
G1 F1166.8 X116.455 Y121.371 E177.20986
G1 X115.497 Y120.975 E177.25813
G1 X114.657 Y120.33 E177.30744
G1 X114.022 Y119.506 E177.35588
G1 X113.625 Y118.541 E177.40447
G1 X113.595 Y118.313 E177.41518
G1 X114.672 Y118.312 E177.46533
G1 X115.214 Y117.77 E177.50102
G1 X115.214 Y117.23 E177.52617
G1 X114.672 Y116.688 E177.56186
G1 X113.595 Y116.687 E177.61201
G1 X113.625 Y116.455 E177.6229
G1 X114.021 Y115.496 E177.67121
G1 X114.663 Y114.663 E177.72018
G1 X115.496 Y114.021 E177.76915
G1 X116.455 Y113.625 E177.81747
G1 X116.687 Y113.595 E177.82836
G1 X116.688 Y114.672 E177.87851
G1 X117.23 Y115.214 E177.9142
G1 X117.77 Y115.214 E177.93935
G1 X118.312 Y114.672 E177.97504
G1 X118.313 Y113.595 E178.02519
G1 X118.541 Y113.625 E178.03589
G1 X119.506 Y114.022 E178.08448
G1 X120.33 Y114.657 E178.13292
G1 X120.976 Y115.497 E178.18227
G1 X121.371 Y116.455 E178.23052
G1 X121.401 Y116.687 E178.24141
G1 X120.328 Y116.688 E178.29137
G1 X119.786 Y117.23 E178.32707
G1 X119.786 Y117.77 E178.35221
G1 X120.328 Y118.312 E178.3879
G1 X121.401 Y118.313 E178.43787
G1 X121.371 Y118.541 E178.44857
G1 X120.974 Y119.501 E178.49695
G1 X120.336 Y120.336 E178.54588
G1 X119.501 Y120.974 E178.59481
G1 X118.541 Y121.371 E178.64318
G1 X118.313 Y121.401 E178.65389
G1 X118.312 Y120.328 E178.70385
G1 X117.77 Y119.786 E178.73955
G1 X117.23 Y119.786 E178.76469
G1 X116.688 Y120.328 E178.80038
G1 X116.687 Y121.401 E178.85035
G0 F9000 X116.73 Y121.079
G1 F1500 E172.35035
;MESH:NONMESH
G0 F300 X116.73 Y121.079 Z3.92
G0 F9000 X117.5 Y113.033
G0 X117.357 Y111.95
G0 X117.358 Y103.051
G0 X117.5 Y101.967
G0 X117.5 Y101.483
G0 X117.499 Y101.79
;TIME_ELAPSED:244.367383
;LAYER:13
;note -- min layer time used
;TYPE:WALL-INNER
;MESH:yc1hingeDubel.stl(1)
G1 F1500 E178.85035
G1 F1169.5 X118.615 Y101.643 E178.90276
G1 X119.642 Y101.219 E178.9545
G1 X120.535 Y100.535 E179.00688
G1 X121.219 Y99.642 E179.05925
G1 X121.643 Y98.615 E179.11099
G1 X121.789 Y97.501 E179.16331
G1 X121.643 Y96.381 E179.2159
G1 X121.219 Y95.355 E179.26759
G1 X120.531 Y94.46 E179.32016
G1 X119.645 Y93.777 E179.37225
G1 X118.615 Y93.353 E179.42412
G1 X117.499 Y93.207 E179.47652
G1 X116.381 Y93.353 E179.52902
G1 X115.356 Y93.776 E179.58066
G1 X114.464 Y94.464 E179.63311
G1 X113.777 Y95.356 E179.68554
G1 X113.353 Y96.381 E179.73719
G1 X113.206 Y97.501 E179.78979
G1 X113.353 Y98.615 E179.84211
G1 X113.777 Y99.645 E179.89398
G1 X114.46 Y100.531 E179.94607
G1 X115.355 Y101.219 E179.99863
G1 X116.381 Y101.643 E180.05033
G1 X117.499 Y101.79 E180.10283
G0 F9000 X117.499 Y102.194
;TYPE:WALL-OUTER
G1 F1169.5 X118.719 Y102.033 E180.16013
G1 X119.843 Y101.569 E180.21676
G1 X120.821 Y100.821 E180.27409
G1 X121.569 Y99.843 E180.33142
G1 X122.033 Y98.719 E180.38804
G1 X122.193 Y97.501 E180.44525
G1 X122.033 Y96.277 E180.50273
G1 X121.569 Y95.153 E180.55935
G1 X120.817 Y94.175 E180.61679
G1 X119.847 Y93.427 E180.67383
G1 X118.719 Y92.963 E180.73063
G1 X117.499 Y92.803 E180.78792
G1 X116.277 Y92.963 E180.84531
G1 X115.154 Y93.427 E180.90189
G1 X114.179 Y94.179 E180.95922
G1 X113.427 Y95.154 E181.01656
G1 X112.963 Y96.277 E181.07314
G1 X112.802 Y97.501 E181.13062
G1 X112.963 Y98.719 E181.18783
G1 X113.427 Y99.847 E181.24462
G1 X114.175 Y100.817 E181.30166
G1 X115.153 Y101.569 E181.35911
G1 X116.277 Y102.033 E181.41573
G1 X117.499 Y102.194 E181.47312
G0 F9000 X117.5 Y101.483
G0 X116.418 Y101.326
G0 X116.407 Y101.351
;TYPE:FILL
G1 F1169.5 X115.497 Y100.975 E181.51897
G1 X114.657 Y100.33 E181.56829
G1 X114.022 Y99.506 E181.61673
G1 X113.646 Y98.593 E181.6627
G1 X114.672 Y98.592 E181.71048
G1 X115.401 Y97.863 E181.75848
G1 X115.401 Y97.137 E181.79229
G1 X114.672 Y96.408 E181.84029
G1 X113.645 Y96.407 E181.88812
G1 X114.021 Y95.496 E181.93401
G1 X114.663 Y94.663 E181.98298
G1 X115.496 Y94.021 E182.03195
G1 X116.407 Y93.645 E182.07784
G1 X116.408 Y94.672 E182.12566
G1 X117.137 Y95.401 E182.17367
G1 X117.863 Y95.401 E182.20747
G1 X118.592 Y94.672 E182.25548
G1 X118.593 Y93.646 E182.30325
G1 X119.506 Y94.022 E182.34923
G1 X120.33 Y94.657 E182.39767
G1 X120.976 Y95.497 E182.44701
G1 X121.351 Y96.407 E182.49284
G1 X120.328 Y96.408 E182.54048
G1 X119.599 Y97.137 E182.58849
G1 X119.599 Y97.863 E182.62229
G1 X120.328 Y98.592 E182.6703
G1 X121.35 Y98.593 E182.71789
G1 X120.974 Y99.501 E182.76365
G1 X120.336 Y100.336 E182.81258
G1 X119.501 Y100.974 E182.86151
G1 X118.593 Y101.35 E182.90727
G1 X118.592 Y100.328 E182.95486
G1 X117.863 Y99.599 E183.00287
G1 X117.137 Y99.599 E183.03667
G1 X116.408 Y100.328 E183.08468
G1 X116.407 Y101.351 E183.13231
G0 F9000 X116.533 Y101.049
G1 F1500 E176.63231
;MESH:yc1hingeDubel.stl
G0 F9000 X117.5 Y101.967
G0 X117.643 Y103.05
G0 X117.642 Y111.949
G0 X117.5 Y113.033
G0 X117.5 Y121.483
G0 X117.499 Y121.79
;TYPE:WALL-INNER
G1 F1500 E183.13231
G1 F1169.5 X118.615 Y121.643 E183.18473
G1 X119.642 Y121.219 E183.23647
G1 X120.535 Y120.535 E183.28884
G1 X121.219 Y119.642 E183.34122
G1 X121.643 Y118.615 E183.39296
G1 X121.789 Y117.501 E183.44527
G1 X121.643 Y116.381 E183.49787
G1 X121.219 Y115.355 E183.54956
G1 X120.531 Y114.46 E183.60213
G1 X119.645 Y113.777 E183.65422
G1 X118.615 Y113.353 E183.70608
G1 X117.499 Y113.207 E183.75849
G1 X116.381 Y113.353 E183.81099
G1 X115.356 Y113.776 E183.86263
G1 X114.464 Y114.464 E183.91508
G1 X113.777 Y115.356 E183.96751
G1 X113.353 Y116.381 E184.01916
G1 X113.206 Y117.501 E184.07176
G1 X113.353 Y118.615 E184.12408
G1 X113.777 Y119.645 E184.17594
G1 X114.46 Y120.531 E184.22804
G1 X115.355 Y121.219 E184.2806
G1 X116.381 Y121.643 E184.33229
G1 X117.499 Y121.79 E184.3848
G0 F9000 X117.499 Y122.194
;TYPE:WALL-OUTER
G1 F1169.5 X118.719 Y122.033 E184.4421
G1 X119.843 Y121.569 E184.49872
G1 X120.821 Y120.821 E184.55606
G1 X121.569 Y119.843 E184.61339
G1 X122.033 Y118.719 E184.67001
G1 X122.193 Y117.501 E184.72721
G1 X122.033 Y116.277 E184.78469
G1 X121.569 Y115.153 E184.84132
G1 X120.817 Y114.175 E184.89876
G1 X119.847 Y113.427 E184.9558
G1 X118.719 Y112.963 E185.01259
G1 X117.499 Y112.803 E185.06989
G1 X116.277 Y112.963 E185.12728
G1 X115.154 Y113.427 E185.18385
G1 X114.179 Y114.179 E185.24119
G1 X113.427 Y115.154 E185.29852
G1 X112.963 Y116.277 E185.3551
G1 X112.802 Y117.501 E185.41259
G1 X112.963 Y118.719 E185.4698
G1 X113.427 Y119.847 E185.52659
G1 X114.175 Y120.817 E185.58363
G1 X115.153 Y121.569 E185.64108
G1 X116.277 Y122.033 E185.6977
G1 X117.499 Y122.194 E185.75509
G0 F9000 X117.5 Y121.483
G0 X116.418 Y121.326
G0 X116.407 Y121.351
;TYPE:FILL
G1 F1169.5 X115.497 Y120.975 E185.80094
G1 X114.657 Y120.33 E185.85025
G1 X114.022 Y119.506 E185.89869
G1 X113.646 Y118.593 E185.94467
G1 X114.672 Y118.592 E185.99245
G1 X115.401 Y117.863 E186.04045
G1 X115.401 Y117.137 E186.07426
G1 X114.672 Y116.408 E186.12226
G1 X113.645 Y116.407 E186.17008
G1 X114.021 Y115.496 E186.21598
G1 X114.663 Y114.663 E186.26495
G1 X115.496 Y114.021 E186.31392
G1 X116.407 Y113.645 E186.35981
G1 X116.408 Y114.672 E186.40763
G1 X117.137 Y115.401 E186.45564
G1 X117.863 Y115.401 E186.48944
G1 X118.592 Y114.672 E186.53745
G1 X118.593 Y113.646 E186.58522
G1 X119.506 Y114.022 E186.6312
G1 X120.33 Y114.657 E186.67964
G1 X120.976 Y115.497 E186.72898
G1 X121.351 Y116.407 E186.77481
G1 X120.328 Y116.408 E186.82245
G1 X119.599 Y117.137 E186.87045
G1 X119.599 Y117.863 E186.90426
G1 X120.328 Y118.592 E186.95227
G1 X121.35 Y118.593 E186.99985
G1 X120.974 Y119.501 E187.04562
G1 X120.336 Y120.336 E187.09455
G1 X119.501 Y120.974 E187.14348
G1 X118.593 Y121.35 E187.18924
G1 X118.592 Y120.328 E187.23683
G1 X117.863 Y119.599 E187.28484
G1 X117.137 Y119.599 E187.31864
G1 X116.408 Y120.328 E187.36665
G1 X116.407 Y121.351 E187.41428
G0 F9000 X116.533 Y121.049
G1 F1500 E180.91428
;MESH:NONMESH
G0 F300 X116.533 Y121.049 Z4.2
G0 F9000 X117.5 Y113.033
G0 X117.357 Y111.95
G0 X117.358 Y103.051
G0 X117.5 Y101.967
G0 X117.5 Y101.483
G0 X117.499 Y101.79
;TIME_ELAPSED:256.907918
;LAYER:14
;note -- min layer time used
;TYPE:WALL-INNER
;MESH:yc1hingeDubel.stl(1)
G1 F1500 E187.41428
G1 F1164 X118.615 Y101.643 E187.4667
G1 X119.642 Y101.219 E187.51843
G1 X120.535 Y100.535 E187.57081
G1 X121.219 Y99.642 E187.62319
G1 X121.643 Y98.615 E187.67493
G1 X121.789 Y97.501 E187.72724
G1 X121.643 Y96.381 E187.77984
G1 X121.219 Y95.355 E187.83153
G1 X120.531 Y94.46 E187.8841
G1 X119.645 Y93.777 E187.93619
G1 X118.615 Y93.353 E187.98805
G1 X117.499 Y93.207 E188.04046
G1 X116.381 Y93.353 E188.09296
G1 X115.356 Y93.776 E188.14459
G1 X114.464 Y94.464 E188.19705
G1 X113.777 Y95.356 E188.24948
G1 X113.353 Y96.381 E188.30113
G1 X113.206 Y97.501 E188.35372
G1 X113.353 Y98.615 E188.40605
G1 X113.777 Y99.645 E188.45791
G1 X114.46 Y100.531 E188.51
G1 X115.355 Y101.219 E188.56257
G1 X116.381 Y101.643 E188.61426
G1 X117.499 Y101.79 E188.66677
G0 F9000 X117.499 Y102.194
;TYPE:WALL-OUTER
G1 F1164 X118.719 Y102.033 E188.72407
G1 X119.843 Y101.569 E188.78069
G1 X120.821 Y100.821 E188.83803
G1 X121.569 Y99.843 E188.89536
G1 X122.033 Y98.719 E188.95198
G1 X122.193 Y97.501 E189.00918
G1 X122.033 Y96.277 E189.06666
G1 X121.569 Y95.153 E189.12328
G1 X120.817 Y94.175 E189.18073
G1 X119.847 Y93.427 E189.23777
G1 X118.719 Y92.963 E189.29456
G1 X117.499 Y92.803 E189.35186
G1 X116.277 Y92.963 E189.40924
G1 X115.154 Y93.427 E189.46582
G1 X114.179 Y94.179 E189.52316
G1 X113.427 Y95.154 E189.58049
G1 X112.963 Y96.277 E189.63707
G1 X112.802 Y97.501 E189.69456
G1 X112.963 Y98.719 E189.75177
G1 X113.427 Y99.847 E189.80856
G1 X114.175 Y100.817 E189.8656
G1 X115.153 Y101.569 E189.92304
G1 X116.277 Y102.033 E189.97967
G1 X117.499 Y102.194 E190.03706
G0 F9000 X117.5 Y101.483
G0 X116.138 Y101.21
G0 X116.127 Y101.235
;TYPE:FILL
G1 F1164 X115.497 Y100.975 E190.06879
G1 X114.657 Y100.33 E190.11811
G1 X114.022 Y99.506 E190.16655
G1 X113.762 Y98.873 E190.19841
G1 X114.672 Y98.872 E190.24079
G1 X115.588 Y97.956 E190.30111
G1 X115.588 Y97.044 E190.34357
G1 X114.672 Y96.128 E190.40389
G1 X113.76 Y96.127 E190.44636
G1 X114.021 Y95.496 E190.47816
G1 X114.663 Y94.663 E190.52713
G1 X115.496 Y94.021 E190.5761
G1 X116.127 Y93.76 E190.6079
G1 X116.128 Y94.672 E190.65036
G1 X117.044 Y95.588 E190.71068
G1 X117.956 Y95.588 E190.75315
G1 X118.872 Y94.672 E190.81347
G1 X118.873 Y93.762 E190.85584
G1 X119.506 Y94.022 E190.88771
G1 X120.33 Y94.657 E190.93615
G1 X120.976 Y95.497 E190.98549
G1 X121.236 Y96.127 E191.01723
G1 X120.328 Y96.128 E191.05951
G1 X119.412 Y97.044 E191.11983
G1 X119.412 Y97.956 E191.16229
G1 X120.328 Y98.872 E191.22261
G1 X121.234 Y98.873 E191.2648
G1 X120.974 Y99.501 E191.29645
G1 X120.336 Y100.336 E191.34538
G1 X119.501 Y100.974 E191.39431
G1 X118.873 Y101.234 E191.42596
G1 X118.872 Y100.328 E191.46815
G1 X117.956 Y99.412 E191.52847
G1 X117.044 Y99.412 E191.57094
G1 X116.128 Y100.328 E191.63126
G1 X116.127 Y101.235 E191.67349
G0 F9000 X116.253 Y100.933
G1 F1500 E185.17349
;MESH:yc1hingeDubel.stl
G0 F9000 X117.5 Y101.967
G0 X117.643 Y103.05
G0 X117.642 Y111.949
G0 X117.5 Y113.033
G0 X117.5 Y121.483
G0 X117.499 Y121.79
;TYPE:WALL-INNER
G1 F1500 E191.67349
G1 F1164 X118.615 Y121.643 E191.7259
G1 X119.642 Y121.219 E191.77764
G1 X120.535 Y120.535 E191.83002
G1 X121.219 Y119.642 E191.8824
G1 X121.643 Y118.615 E191.93413
G1 X121.789 Y117.501 E191.98645
G1 X121.643 Y116.381 E192.03904
G1 X121.219 Y115.355 E192.09074
G1 X120.531 Y114.46 E192.1433
G1 X119.645 Y113.777 E192.19539
G1 X118.615 Y113.353 E192.24726
G1 X117.499 Y113.207 E192.29967
G1 X116.381 Y113.353 E192.35217
G1 X115.356 Y113.776 E192.4038
G1 X114.464 Y114.464 E192.45626
G1 X113.777 Y115.356 E192.50868
G1 X113.353 Y116.381 E192.56033
G1 X113.206 Y117.501 E192.61293
G1 X113.353 Y118.615 E192.66525
G1 X113.777 Y119.645 E192.71712
G1 X114.46 Y120.531 E192.76921
G1 X115.355 Y121.219 E192.82178
G1 X116.381 Y121.643 E192.87347
G1 X117.499 Y121.79 E192.92598
G0 F9000 X117.499 Y122.194
;TYPE:WALL-OUTER
G1 F1164 X118.719 Y122.033 E192.98328
G1 X119.843 Y121.569 E193.0399
G1 X120.821 Y120.821 E193.09723
G1 X121.569 Y119.843 E193.15457
G1 X122.033 Y118.719 E193.21119
G1 X122.193 Y117.501 E193.26839
G1 X122.033 Y116.277 E193.32587
G1 X121.569 Y115.153 E193.38249
G1 X120.817 Y114.175 E193.43994
G1 X119.847 Y113.427 E193.49697
G1 X118.719 Y112.963 E193.55377
G1 X117.499 Y112.803 E193.61106
G1 X116.277 Y112.963 E193.66845
G1 X115.154 Y113.427 E193.72503
G1 X114.179 Y114.179 E193.78237
G1 X113.427 Y115.154 E193.8397
G1 X112.963 Y116.277 E193.89628
G1 X112.802 Y117.501 E193.95377
G1 X112.963 Y118.719 E194.01097
G1 X113.427 Y119.847 E194.06777
G1 X114.175 Y120.817 E194.12481
G1 X115.153 Y121.569 E194.18225
G1 X116.277 Y122.033 E194.23887
G1 X117.499 Y122.194 E194.29627
G0 F9000 X117.5 Y121.483
G0 X116.138 Y121.21
G0 X116.127 Y121.235
;TYPE:FILL
G1 F1164 X115.497 Y120.975 E194.328
G1 X114.657 Y120.33 E194.37732
G1 X114.022 Y119.506 E194.42576
G1 X113.762 Y118.873 E194.45762
G1 X114.672 Y118.872 E194.49999
G1 X115.588 Y117.956 E194.56031
G1 X115.588 Y117.044 E194.60278
G1 X114.672 Y116.128 E194.6631
G1 X113.76 Y116.127 E194.70557
G1 X114.021 Y115.496 E194.73736
G1 X114.663 Y114.663 E194.78634
G1 X115.496 Y114.021 E194.83531
G1 X116.127 Y113.76 E194.8671
G1 X116.128 Y114.672 E194.90957
G1 X117.044 Y115.588 E194.96989
G1 X117.956 Y115.588 E195.01236
G1 X118.872 Y114.672 E195.07268
G1 X118.873 Y113.762 E195.11505
G1 X119.506 Y114.022 E195.14691
G1 X120.33 Y114.657 E195.19535
G1 X120.976 Y115.497 E195.2447
G1 X121.236 Y116.127 E195.27643
G1 X120.328 Y116.128 E195.31871
G1 X119.412 Y117.044 E195.37903
G1 X119.412 Y117.956 E195.4215
G1 X120.328 Y118.872 E195.48182
G1 X121.234 Y118.873 E195.52401
G1 X120.974 Y119.501 E195.55566
G1 X120.336 Y120.336 E195.60459
G1 X119.501 Y120.974 E195.65352
G1 X118.873 Y121.234 E195.68517
G1 X118.872 Y120.328 E195.72736
G1 X117.956 Y119.412 E195.78768
G1 X117.044 Y119.412 E195.83014
G1 X116.128 Y120.328 E195.89046
G1 X116.127 Y121.235 E195.9327
G0 F9000 X116.253 Y120.933
G1 F1500 E189.4327
;MESH:NONMESH
G0 F300 X116.253 Y120.933 Z4.48
G0 F9000 X117.5 Y113.033
G0 X117.357 Y111.95
G0 X117.358 Y103.051
G0 X117.5 Y101.967
G0 X117.5 Y101.483
G0 X117.499 Y101.79
;TIME_ELAPSED:269.480034
;LAYER:15
;note -- min layer time used
;TYPE:WALL-INNER
;MESH:yc1hingeDubel.stl(1)
G1 F1500 E195.9327
G1 F1157.9 X118.615 Y101.643 E195.98511
G1 X119.642 Y101.219 E196.03685
G1 X120.535 Y100.535 E196.08923
G1 X121.219 Y99.642 E196.1416
G1 X121.643 Y98.615 E196.19334
G1 X121.789 Y97.501 E196.24566
G1 X121.643 Y96.381 E196.29825
G1 X121.219 Y95.355 E196.34994
G1 X120.531 Y94.46 E196.40251
G1 X119.645 Y93.777 E196.4546
G1 X118.615 Y93.353 E196.50647
G1 X117.499 Y93.207 E196.55888
G1 X116.381 Y93.353 E196.61138
G1 X115.356 Y93.776 E196.66301
G1 X114.464 Y94.464 E196.71546
G1 X113.777 Y95.356 E196.76789
G1 X113.353 Y96.381 E196.81954
G1 X113.206 Y97.501 E196.87214
G1 X113.353 Y98.615 E196.92446
G1 X113.777 Y99.645 E196.97633
G1 X114.46 Y100.531 E197.02842
G1 X115.355 Y101.219 E197.08098
G1 X116.381 Y101.643 E197.13268
G1 X117.499 Y101.79 E197.18518
G0 F9000 X117.499 Y102.194
;TYPE:WALL-OUTER
G1 F1157.9 X118.719 Y102.033 E197.24249
G1 X119.843 Y101.569 E197.29911
G1 X120.821 Y100.821 E197.35644
G1 X121.569 Y99.843 E197.41377
G1 X122.033 Y98.719 E197.47039
G1 X122.193 Y97.501 E197.5276
G1 X122.033 Y96.277 E197.58508
G1 X121.569 Y95.153 E197.6417
G1 X120.817 Y94.175 E197.69914
G1 X119.847 Y93.427 E197.75618
G1 X118.719 Y92.963 E197.81298
G1 X117.499 Y92.803 E197.87027
G1 X116.277 Y92.963 E197.92766
G1 X115.154 Y93.427 E197.98424
G1 X114.179 Y94.179 E198.04157
G1 X113.427 Y95.154 E198.09891
G1 X112.963 Y96.277 E198.15549
G1 X112.802 Y97.501 E198.21297
G1 X112.963 Y98.719 E198.27018
G1 X113.427 Y99.847 E198.32698
G1 X114.175 Y100.817 E198.38401
G1 X115.153 Y101.569 E198.44146
G1 X116.277 Y102.033 E198.49808
G1 X117.499 Y102.194 E198.55547
G0 F9000 X117.5 Y101.483
G0 X115.853 Y101.092
G0 X115.842 Y101.117
;TYPE:FILL
G1 F1157.9 X115.497 Y100.975 E198.57285
G1 X114.657 Y100.33 E198.62216
G1 X114.022 Y99.506 E198.6706
G1 X113.877 Y99.153 E198.68837
G1 X114.672 Y99.152 E198.72539
G1 X115.774 Y98.05 E198.79796
G1 X115.774 Y96.95 E198.84918
G1 X114.672 Y95.848 E198.92175
G1 X113.877 Y95.847 E198.95877
G1 X114.021 Y95.496 E198.97643
G1 X114.663 Y94.663 E199.0254
G1 X115.496 Y94.021 E199.07437
G1 X115.847 Y93.877 E199.09204
G1 X115.848 Y94.672 E199.12906
G1 X116.95 Y95.774 E199.20163
G1 X118.05 Y95.774 E199.25285
G1 X119.152 Y94.672 E199.32542
G1 X119.153 Y93.877 E199.36243
G1 X119.506 Y94.022 E199.3802
G1 X120.33 Y94.657 E199.42864
G1 X120.976 Y95.497 E199.47799
G1 X121.118 Y95.841 E199.49532
G1 X120.328 Y95.848 E199.5321
G1 X119.226 Y96.95 E199.60467
G1 X119.226 Y98.05 E199.65589
G1 X120.328 Y99.152 E199.72846
G1 X121.116 Y99.157 E199.76516
G1 X120.974 Y99.501 E199.78248
G1 X120.336 Y100.336 E199.83142
G1 X119.501 Y100.974 E199.88035
G1 X119.157 Y101.116 E199.89768
G1 X119.152 Y100.328 E199.93437
G1 X118.05 Y99.226 E200.00694
G1 X116.95 Y99.226 E200.05816
G1 X115.848 Y100.328 E200.13073
G1 X115.842 Y101.117 E200.16747
G0 F9000 X115.968 Y100.815
G1 F1500 E193.66747
;MESH:yc1hingeDubel.stl
G0 F9000 X117.5 Y101.967
G0 X117.643 Y103.05
G0 X117.642 Y111.949
G0 X117.5 Y113.033
G0 X117.5 Y121.483
G0 X117.499 Y121.79
;TYPE:WALL-INNER
G1 F1500 E200.16747
G1 F1157.9 X118.615 Y121.643 E200.21988
G1 X119.642 Y121.219 E200.27162
G1 X120.535 Y120.535 E200.324
G1 X121.219 Y119.642 E200.37638
G1 X121.643 Y118.615 E200.42811
G1 X121.789 Y117.501 E200.48043
G1 X121.643 Y116.381 E200.53302
G1 X121.219 Y115.355 E200.58471
G1 X120.531 Y114.46 E200.63728
G1 X119.645 Y113.777 E200.68937
G1 X118.615 Y113.353 E200.74124
G1 X117.499 Y113.207 E200.79365
G1 X116.381 Y113.353 E200.84615
G1 X115.356 Y113.776 E200.89778
G1 X114.464 Y114.464 E200.95023
G1 X113.777 Y115.356 E201.00266
G1 X113.353 Y116.381 E201.05431
G1 X113.206 Y117.501 E201.10691
G1 X113.353 Y118.615 E201.15923
G1 X113.777 Y119.645 E201.2111
G1 X114.46 Y120.531 E201.26319
G1 X115.355 Y121.219 E201.31575
G1 X116.381 Y121.643 E201.36745
G1 X117.499 Y121.79 E201.41996
G0 F9000 X117.499 Y122.194
;TYPE:WALL-OUTER
G1 F1157.9 X118.719 Y122.033 E201.47726
G1 X119.843 Y121.569 E201.53388
G1 X120.821 Y120.821 E201.59121
G1 X121.569 Y119.843 E201.64854
G1 X122.033 Y118.719 E201.70517
G1 X122.193 Y117.501 E201.76237
G1 X122.033 Y116.277 E201.81985
G1 X121.569 Y115.153 E201.87647
G1 X120.817 Y114.175 E201.93392
G1 X119.847 Y113.427 E201.99095
G1 X118.719 Y112.963 E202.04775
G1 X117.499 Y112.803 E202.10504
G1 X116.277 Y112.963 E202.16243
G1 X115.154 Y113.427 E202.21901
G1 X114.179 Y114.179 E202.27634
G1 X113.427 Y115.154 E202.33368
G1 X112.963 Y116.277 E202.39026
G1 X112.802 Y117.501 E202.44774
G1 X112.963 Y118.719 E202.50495
G1 X113.427 Y119.847 E202.56175
G1 X114.175 Y120.817 E202.61878
G1 X115.153 Y121.569 E202.67623
G1 X116.277 Y122.033 E202.73285
G1 X117.499 Y122.194 E202.79024
G0 F9000 X117.5 Y121.483
G0 X115.853 Y121.092
G0 X115.842 Y121.117
;TYPE:FILL
G1 F1157.9 X115.497 Y120.975 E202.80762
G1 X114.657 Y120.33 E202.85693
G1 X114.022 Y119.506 E202.90537
G1 X113.877 Y119.153 E202.92314
G1 X114.672 Y119.152 E202.96016
G1 X115.774 Y118.05 E203.03273
G1 X115.774 Y116.95 E203.08395
G1 X114.672 Y115.848 E203.15652
G1 X113.877 Y115.847 E203.19354
G1 X114.021 Y115.496 E203.2112
G1 X114.663 Y114.663 E203.26017
G1 X115.496 Y114.021 E203.30914
G1 X115.847 Y113.877 E203.32681
G1 X115.848 Y114.672 E203.36383
G1 X116.95 Y115.774 E203.4364
G1 X118.05 Y115.774 E203.48762
G1 X119.152 Y114.672 E203.56019
G1 X119.153 Y113.877 E203.59721
G1 X119.506 Y114.022 E203.61497
G1 X120.33 Y114.657 E203.66342
G1 X120.976 Y115.497 E203.71276
G1 X121.118 Y115.841 E203.73009
G1 X120.328 Y115.848 E203.76687
G1 X119.226 Y116.95 E203.83944
G1 X119.226 Y118.05 E203.89066
G1 X120.328 Y119.152 E203.96323
G1 X121.116 Y119.157 E203.99993
G1 X120.974 Y119.501 E204.01725
G1 X120.336 Y120.336 E204.06619
G1 X119.501 Y120.974 E204.11512
G1 X119.157 Y121.116 E204.13245
G1 X119.152 Y120.328 E204.16914
G1 X118.05 Y119.226 E204.24171
G1 X116.95 Y119.226 E204.29293
G1 X115.848 Y120.328 E204.3655
G1 X115.842 Y121.117 E204.40224
G0 F9000 X115.968 Y120.815
G1 F1500 E197.90224
;MESH:NONMESH
G0 F300 X115.968 Y120.815 Z4.76
G0 F9000 X117.5 Y113.033
G0 X117.357 Y111.95
G0 X117.358 Y103.051
G0 X117.5 Y101.967
G0 X117.5 Y101.483
G0 X117.499 Y101.79
;TIME_ELAPSED:282.078324
;LAYER:16
;note -- min layer time used
;TYPE:WALL-INNER
;MESH:yc1hingeDubel.stl(1)
G1 F1500 E204.40224
G1 F1145.8 X118.615 Y101.643 E204.45465
G1 X119.642 Y101.219 E204.50639
G1 X120.535 Y100.535 E204.55877
G1 X121.219 Y99.642 E204.61115
G1 X121.643 Y98.615 E204.66288
G1 X121.789 Y97.501 E204.7152
G1 X121.643 Y96.381 E204.76779
G1 X121.219 Y95.355 E204.81949
G1 X120.531 Y94.46 E204.87205
G1 X119.645 Y93.777 E204.92414
G1 X118.615 Y93.353 E204.97601
G1 X117.499 Y93.207 E205.02842
G1 X116.381 Y93.353 E205.08092
G1 X115.356 Y93.776 E205.13255
G1 X114.464 Y94.464 E205.185
G1 X113.777 Y95.356 E205.23743
G1 X113.353 Y96.381 E205.28908
G1 X113.206 Y97.501 E205.34168
G1 X113.353 Y98.615 E205.394
G1 X113.777 Y99.645 E205.44587
G1 X114.46 Y100.531 E205.49796
G1 X115.355 Y101.219 E205.55053
G1 X116.381 Y101.643 E205.60222
G1 X117.499 Y101.79 E205.65473
G0 F9000 X117.499 Y102.194
;TYPE:WALL-OUTER
G1 F1145.8 X118.719 Y102.033 E205.71203
G1 X119.843 Y101.569 E205.76865
G1 X120.821 Y100.821 E205.82598
G1 X121.569 Y99.843 E205.88331
G1 X122.033 Y98.719 E205.93994
G1 X122.193 Y97.501 E205.99714
G1 X122.033 Y96.277 E206.05462
G1 X121.569 Y95.153 E206.11124
G1 X120.817 Y94.175 E206.16869
G1 X119.847 Y93.427 E206.22572
G1 X118.719 Y92.963 E206.28252
G1 X117.499 Y92.803 E206.33981
G1 X116.277 Y92.963 E206.3972
G1 X115.154 Y93.427 E206.45378
G1 X114.179 Y94.179 E206.51111
G1 X113.427 Y95.154 E206.56845
G1 X112.963 Y96.277 E206.62503
G1 X112.802 Y97.501 E206.68251
G1 X112.963 Y98.719 E206.73972
G1 X113.427 Y99.847 E206.79652
G1 X114.175 Y100.817 E206.85355
G1 X115.153 Y101.569 E206.911
G1 X116.277 Y102.033 E206.96762
G1 X117.499 Y102.194 E207.02501
G0 F9000 X117.5 Y101.483
G0 X115.567 Y100.925
;TYPE:FILL
G1 F1145.8 X115.511 Y100.981 E207.0287
G1 X114.657 Y100.33 E207.0787
G1 X114.016 Y99.492 E207.12783
G1 X114.075 Y99.433 E207.13172
G1 X114.672 Y99.432 E207.15952
G1 X115.961 Y98.143 E207.2444
G1 X115.961 Y96.857 E207.30428
G1 X114.672 Y95.568 E207.38916
G1 X114.075 Y95.567 E207.41696
G1 X114.016 Y95.508 E207.42085
G1 X114.663 Y94.663 E207.4704
G1 X115.508 Y94.016 E207.51996
G1 X115.567 Y94.075 E207.52384
G1 X115.568 Y94.672 E207.55164
G1 X116.857 Y95.961 E207.63653
G1 X118.143 Y95.961 E207.69641
G1 X119.432 Y94.672 E207.78129
G1 X119.433 Y94.075 E207.80909
G1 X119.492 Y94.016 E207.81298
G1 X120.33 Y94.657 E207.8621
G1 X120.982 Y95.51 E207.9121
G1 X120.925 Y95.567 E207.91585
G1 X120.328 Y95.568 E207.94365
G1 X119.039 Y96.857 E208.02853
G1 X119.039 Y98.143 E208.08841
G1 X120.328 Y99.432 E208.1733
G1 X120.925 Y99.433 E208.20109
G1 X120.98 Y99.488 E208.20472
G1 X120.336 Y100.336 E208.2543
G1 X119.488 Y100.98 E208.30388
G1 X119.433 Y100.925 E208.3075
G1 X119.432 Y100.328 E208.3353
G1 X118.143 Y99.039 E208.42018
G1 X116.857 Y99.039 E208.48007
G1 X115.568 Y100.328 E208.56495
G1 X115.567 Y100.925 E208.59275
G0 F9000 X115.666 Y100.69
G1 F1500 E202.09275
;MESH:yc1hingeDubel.stl
G0 F9000 X116.346 Y101.815
G0 X116.204 Y102.9
G0 X117.357 Y111.95
G0 X117.5 Y113.033
G0 X117.5 Y121.483
G0 X117.499 Y121.79
;TYPE:WALL-INNER
G1 F1500 E208.59275
G1 F1145.8 X118.615 Y121.643 E208.64516
G1 X119.642 Y121.219 E208.6969
G1 X120.535 Y120.535 E208.74928
G1 X121.219 Y119.642 E208.80166
G1 X121.643 Y118.615 E208.85339
G1 X121.789 Y117.501 E208.90571
G1 X121.643 Y116.381 E208.9583
G1 X121.219 Y115.355 E209.00999
G1 X120.531 Y114.46 E209.06256
G1 X119.645 Y113.777 E209.11465
G1 X118.615 Y113.353 E209.16652
G1 X117.499 Y113.207 E209.21893
G1 X116.381 Y113.353 E209.27143
G1 X115.356 Y113.776 E209.32306
G1 X114.464 Y114.464 E209.37551
G1 X113.777 Y115.356 E209.42794
G1 X113.353 Y116.381 E209.47959
G1 X113.206 Y117.501 E209.53219
G1 X113.353 Y118.615 E209.58451
G1 X113.777 Y119.645 E209.63638
G1 X114.46 Y120.531 E209.68847
G1 X115.355 Y121.219 E209.74103
G1 X116.381 Y121.643 E209.79273
G1 X117.499 Y121.79 E209.84524
G0 F9000 X117.499 Y122.194
;TYPE:WALL-OUTER
G1 F1145.8 X118.719 Y122.033 E209.90254
G1 X119.843 Y121.569 E209.95916
G1 X120.821 Y120.821 E210.01649
G1 X121.569 Y119.843 E210.07382
G1 X122.033 Y118.719 E210.13045
G1 X122.193 Y117.501 E210.18765
G1 X122.033 Y116.277 E210.24513
G1 X121.569 Y115.153 E210.30175
G1 X120.817 Y114.175 E210.3592
G1 X119.847 Y113.427 E210.41623
G1 X118.719 Y112.963 E210.47303
G1 X117.499 Y112.803 E210.53032
G1 X116.277 Y112.963 E210.58771
G1 X115.154 Y113.427 E210.64429
G1 X114.179 Y114.179 E210.70162
G1 X113.427 Y115.154 E210.75896
G1 X112.963 Y116.277 E210.81554
G1 X112.802 Y117.501 E210.87302
G1 X112.963 Y118.719 E210.93023
G1 X113.427 Y119.847 E210.98703
G1 X114.175 Y120.817 E211.04406
G1 X115.153 Y121.569 E211.10151
G1 X116.277 Y122.033 E211.15813
G1 X117.499 Y122.194 E211.21552
G0 F9000 X117.5 Y121.483
G0 X115.567 Y120.925
;TYPE:FILL
G1 F1145.8 X115.511 Y120.981 E211.21921
G1 X114.657 Y120.33 E211.26921
G1 X114.016 Y119.492 E211.31834
G1 X114.075 Y119.433 E211.32223
G1 X114.672 Y119.432 E211.35003
G1 X115.961 Y118.143 E211.43491
G1 X115.961 Y116.857 E211.49479
G1 X114.672 Y115.568 E211.57967
G1 X114.075 Y115.567 E211.60747
G1 X114.016 Y115.508 E211.61136
G1 X114.663 Y114.663 E211.66091
G1 X115.508 Y114.016 E211.71047
G1 X115.567 Y114.075 E211.71435
G1 X115.568 Y114.672 E211.74215
G1 X116.857 Y115.961 E211.82704
G1 X118.143 Y115.961 E211.88692
G1 X119.432 Y114.672 E211.9718
G1 X119.433 Y114.075 E211.9996
G1 X119.492 Y114.016 E212.00348
G1 X120.33 Y114.657 E212.05261
G1 X120.982 Y115.51 E212.10261
G1 X120.925 Y115.567 E212.10636
G1 X120.328 Y115.568 E212.13416
G1 X119.039 Y116.857 E212.21904
G1 X119.039 Y118.143 E212.27892
G1 X120.328 Y119.432 E212.36381
G1 X120.925 Y119.433 E212.3916
G1 X120.98 Y119.488 E212.39523
G1 X120.336 Y120.336 E212.44481
G1 X119.488 Y120.98 E212.49439
G1 X119.433 Y120.925 E212.49801
G1 X119.432 Y120.328 E212.52581
G1 X118.143 Y119.039 E212.61069
G1 X116.857 Y119.039 E212.67058
G1 X115.568 Y120.328 E212.75546
G1 X115.567 Y120.925 E212.78326
G0 F9000 X115.666 Y120.69
G1 F1500 E206.28326
;MESH:NONMESH
G0 F300 X115.666 Y120.69 Z5.04
G0 F9000 X117.5 Y113.033
G0 X117.357 Y111.95
G0 X117.358 Y103.051
G0 X117.5 Y101.967
G0 X117.5 Y101.483
G0 X117.499 Y101.79
;TIME_ELAPSED:294.599528
;LAYER:17
;note -- min layer time used
;TYPE:WALL-INNER
;MESH:yc1hingeDubel.stl(1)
G1 F1500 E212.78326
G1 F1127.9 X118.615 Y101.643 E212.83567
G1 X119.642 Y101.219 E212.88741
G1 X120.535 Y100.535 E212.93979
G1 X121.219 Y99.642 E212.99216
G1 X121.643 Y98.615 E213.0439
G1 X121.789 Y97.501 E213.09622
G1 X121.643 Y96.381 E213.14881
G1 X121.219 Y95.355 E213.2005
G1 X120.531 Y94.46 E213.25307
G1 X119.645 Y93.777 E213.30516
G1 X118.615 Y93.353 E213.35703
G1 X117.499 Y93.207 E213.40944
G1 X116.381 Y93.353 E213.46194
G1 X115.356 Y93.776 E213.51357
G1 X114.464 Y94.464 E213.56602
G1 X113.777 Y95.356 E213.61845
G1 X113.353 Y96.381 E213.6701
G1 X113.206 Y97.501 E213.7227
G1 X113.353 Y98.615 E213.77502
G1 X113.777 Y99.645 E213.82689
G1 X114.46 Y100.531 E213.87898
G1 X115.355 Y101.219 E213.93154
G1 X116.381 Y101.643 E213.98324
G1 X117.499 Y101.79 E214.03574
G0 F9000 X117.499 Y102.194
;TYPE:WALL-OUTER
G1 F1127.9 X118.719 Y102.033 E214.09305
G1 X119.843 Y101.569 E214.14967
G1 X120.821 Y100.821 E214.207
G1 X121.569 Y99.843 E214.26433
G1 X122.033 Y98.719 E214.32095
G1 X122.193 Y97.501 E214.37816
G1 X122.033 Y96.277 E214.43564
G1 X121.569 Y95.153 E214.49226
G1 X120.817 Y94.175 E214.5497
G1 X119.847 Y93.427 E214.60674
G1 X118.719 Y92.963 E214.66354
G1 X117.499 Y92.803 E214.72083
G1 X116.277 Y92.963 E214.77822
G1 X115.154 Y93.427 E214.8348
G1 X114.179 Y94.179 E214.89213
G1 X113.427 Y95.154 E214.94947
G1 X112.963 Y96.277 E215.00605
G1 X112.802 Y97.501 E215.06353
G1 X112.963 Y98.719 E215.12074
G1 X113.427 Y99.847 E215.17754
G1 X114.175 Y100.817 E215.23457
G1 X115.153 Y101.569 E215.29202
G1 X116.277 Y102.033 E215.34864
G1 X117.499 Y102.194 E215.40603
G0 F9000 X117.5 Y101.483
G0 X115.287 Y100.738
;TYPE:FILL
G1 F1127.9 X115.244 Y100.781 E215.40887
G1 X114.657 Y100.33 E215.44333
G1 X114.217 Y99.758 E215.47694
G1 X114.262 Y99.713 E215.4799
G1 X114.672 Y99.712 E215.49899
G1 X116.148 Y98.236 E215.59619
G1 X116.148 Y96.764 E215.66473
G1 X114.672 Y95.288 E215.76193
G1 X114.262 Y95.287 E215.78102
G1 X114.217 Y95.242 E215.78398
G1 X114.663 Y94.663 E215.81802
G1 X115.242 Y94.217 E215.85205
G1 X115.287 Y94.262 E215.85501
G1 X115.288 Y94.672 E215.8741
G1 X116.764 Y96.148 E215.9713
G1 X118.236 Y96.148 E216.03984
G1 X119.712 Y94.672 E216.13704
G1 X119.713 Y94.262 E216.15613
G1 X119.758 Y94.217 E216.15909
G1 X120.33 Y94.657 E216.1927
G1 X120.781 Y95.244 E216.22717
G1 X120.738 Y95.287 E216.23
G1 X120.328 Y95.288 E216.24909
G1 X118.852 Y96.764 E216.34629
G1 X118.852 Y98.236 E216.41483
G1 X120.328 Y99.712 E216.51203
G1 X120.738 Y99.713 E216.53112
G1 X120.78 Y99.755 E216.53388
G1 X120.336 Y100.336 E216.56793
G1 X119.755 Y100.78 E216.60198
G1 X119.713 Y100.738 E216.60475
G1 X119.712 Y100.328 E216.62384
G1 X118.236 Y98.852 E216.72104
G1 X116.764 Y98.852 E216.78958
G1 X115.288 Y100.328 E216.88678
G1 X115.287 Y100.738 E216.90587
G0 F9000 X115.45 Y100.526
G1 F1500 E210.40587
;MESH:yc1hingeDubel.stl
G0 F9000 X116.346 Y101.815
G0 X116.204 Y102.9
G0 X117.357 Y111.95
G0 X117.5 Y113.033
G0 X117.5 Y121.483
G0 X117.499 Y121.79
;TYPE:WALL-INNER
G1 F1500 E216.90587
G1 F1127.9 X118.615 Y121.643 E216.95828
G1 X119.642 Y121.219 E217.01002
G1 X120.535 Y120.535 E217.0624
G1 X121.219 Y119.642 E217.11477
G1 X121.643 Y118.615 E217.16651
G1 X121.789 Y117.501 E217.21883
G1 X121.643 Y116.381 E217.27142
G1 X121.219 Y115.355 E217.32311
G1 X120.531 Y114.46 E217.37568
G1 X119.645 Y113.777 E217.42777
G1 X118.615 Y113.353 E217.47964
G1 X117.499 Y113.207 E217.53204
G1 X116.381 Y113.353 E217.58455
G1 X115.356 Y113.776 E217.63618
G1 X114.464 Y114.464 E217.68863
G1 X113.777 Y115.356 E217.74106
G1 X113.353 Y116.381 E217.79271
G1 X113.206 Y117.501 E217.84531
G1 X113.353 Y118.615 E217.89763
G1 X113.777 Y119.645 E217.9495
G1 X114.46 Y120.531 E218.00159
G1 X115.355 Y121.219 E218.05415
G1 X116.381 Y121.643 E218.10585
G1 X117.499 Y121.79 E218.15835
G0 F9000 X117.499 Y122.194
;TYPE:WALL-OUTER
G1 F1127.9 X118.719 Y122.033 E218.21565
G1 X119.843 Y121.569 E218.27228
G1 X120.821 Y120.821 E218.32961
G1 X121.569 Y119.843 E218.38694
G1 X122.033 Y118.719 E218.44356
G1 X122.193 Y117.501 E218.50077
G1 X122.033 Y116.277 E218.55825
G1 X121.569 Y115.153 E218.61487
G1 X120.817 Y114.175 E218.67231
G1 X119.847 Y113.427 E218.72935
G1 X118.719 Y112.963 E218.78615
G1 X117.499 Y112.803 E218.84344
G1 X116.277 Y112.963 E218.90083
G1 X115.154 Y113.427 E218.95741
G1 X114.179 Y114.179 E219.01474
G1 X113.427 Y115.154 E219.07208
G1 X112.963 Y116.277 E219.12866
G1 X112.802 Y117.501 E219.18614
G1 X112.963 Y118.719 E219.24335
G1 X113.427 Y119.847 E219.30014
G1 X114.175 Y120.817 E219.35718
G1 X115.153 Y121.569 E219.41463
G1 X116.277 Y122.033 E219.47125
G1 X117.499 Y122.194 E219.52864
G0 F9000 X117.5 Y121.483
G0 X115.287 Y120.738
;TYPE:FILL
G1 F1127.9 X115.244 Y120.781 E219.53147
G1 X114.657 Y120.33 E219.56594
G1 X114.217 Y119.758 E219.59955
G1 X114.262 Y119.713 E219.60251
G1 X114.672 Y119.712 E219.6216
G1 X116.148 Y118.236 E219.7188
G1 X116.148 Y116.764 E219.78734
G1 X114.672 Y115.288 E219.88454
G1 X114.262 Y115.287 E219.90363
G1 X114.217 Y115.242 E219.90659
G1 X114.663 Y114.663 E219.94062
G1 X115.242 Y114.217 E219.97466
G1 X115.287 Y114.262 E219.97762
G1 X115.288 Y114.672 E219.99671
G1 X116.764 Y116.148 E220.09391
G1 X118.236 Y116.148 E220.16245
G1 X119.712 Y114.672 E220.25965
G1 X119.713 Y114.262 E220.27874
G1 X119.758 Y114.217 E220.2817
G1 X120.33 Y114.657 E220.31531
G1 X120.781 Y115.244 E220.34978
G1 X120.738 Y115.287 E220.35261
G1 X120.328 Y115.288 E220.3717
G1 X118.852 Y116.764 E220.4689
G1 X118.852 Y118.236 E220.53744
G1 X120.328 Y119.712 E220.63464
G1 X120.738 Y119.713 E220.65373
G1 X120.78 Y119.755 E220.65649
G1 X120.336 Y120.336 E220.69054
G1 X119.755 Y120.78 E220.72459
G1 X119.713 Y120.738 E220.72736
G1 X119.712 Y120.328 E220.74645
G1 X118.236 Y118.852 E220.84364
G1 X116.764 Y118.852 E220.91219
G1 X115.288 Y120.328 E221.00938
G1 X115.287 Y120.738 E221.02848
G0 F9000 X115.45 Y120.526
G1 F1500 E214.52848
;MESH:NONMESH
G0 F300 X115.45 Y120.526 Z5.32
G0 F9000 X117.5 Y113.033
G0 X117.357 Y111.95
G0 X117.358 Y103.051
G0 X117.5 Y101.967
G0 X117.5 Y101.483
G0 X117.499 Y101.79
;TIME_ELAPSED:307.128636
;LAYER:18
;note -- min layer time used
;TYPE:WALL-INNER
;MESH:yc1hingeDubel.stl(1)
G1 F1500 E221.02848
G1 F1108.9 X118.615 Y101.643 E221.08089
G1 X119.642 Y101.219 E221.13263
G1 X120.535 Y100.535 E221.185
G1 X121.219 Y99.642 E221.23738
G1 X121.643 Y98.615 E221.28912
G1 X121.789 Y97.501 E221.34144
G1 X121.643 Y96.381 E221.39403
G1 X121.219 Y95.355 E221.44572
G1 X120.531 Y94.46 E221.49829
G1 X119.645 Y93.777 E221.55038
G1 X118.615 Y93.353 E221.60225
G1 X117.499 Y93.207 E221.65465
G1 X116.381 Y93.353 E221.70715
G1 X115.356 Y93.776 E221.75879
G1 X114.464 Y94.464 E221.81124
G1 X113.777 Y95.356 E221.86367
G1 X113.353 Y96.381 E221.91532
G1 X113.206 Y97.501 E221.96792
G1 X113.353 Y98.615 E222.02024
G1 X113.777 Y99.645 E222.07211
G1 X114.46 Y100.531 E222.1242
G1 X115.355 Y101.219 E222.17676
G1 X116.381 Y101.643 E222.22846
G1 X117.499 Y101.79 E222.28096
G0 F9000 X117.499 Y102.194
;TYPE:WALL-OUTER
G1 F1108.9 X118.719 Y102.033 E222.33826
G1 X119.843 Y101.569 E222.39489
G1 X120.821 Y100.821 E222.45222
G1 X121.569 Y99.843 E222.50955
G1 X122.033 Y98.719 E222.56617
G1 X122.193 Y97.501 E222.62338
G1 X122.033 Y96.277 E222.68086
G1 X121.569 Y95.153 E222.73748
G1 X120.817 Y94.175 E222.79492
G1 X119.847 Y93.427 E222.85196
G1 X118.719 Y92.963 E222.90875
G1 X117.499 Y92.803 E222.96605
G1 X116.277 Y92.963 E223.02344
G1 X115.154 Y93.427 E223.08002
G1 X114.179 Y94.179 E223.13735
G1 X113.427 Y95.154 E223.19469
G1 X112.963 Y96.277 E223.25127
G1 X112.802 Y97.501 E223.30875
G1 X112.963 Y98.719 E223.36596
G1 X113.427 Y99.847 E223.42275
G1 X114.175 Y100.817 E223.47979
G1 X115.153 Y101.569 E223.53724
G1 X116.277 Y102.033 E223.59386
G1 X117.499 Y102.194 E223.65125
G0 F9000 X117.5 Y101.483
G0 X114.997 Y100.557
G0 X114.981 Y100.578
;TYPE:FILL
G1 F1108.9 X114.657 Y100.33 E223.67025
G1 X114.419 Y100.022 E223.68838
G1 X114.672 Y99.992 E223.70024
G1 X116.334 Y98.33 E223.80968
G1 X116.334 Y96.67 E223.88698
G1 X114.672 Y95.008 E223.99643
G1 X114.42 Y94.979 E224.00824
G1 X114.663 Y94.663 E224.0268
G1 X114.979 Y94.42 E224.04536
G1 X115.008 Y94.672 E224.05717
G1 X116.67 Y96.334 E224.16662
G1 X118.33 Y96.334 E224.24392
G1 X119.992 Y94.672 E224.35336
G1 X120.022 Y94.419 E224.36522
G1 X120.33 Y94.657 E224.38335
G1 X120.579 Y94.98 E224.40234
G1 X120.328 Y95.008 E224.4141
G1 X118.666 Y96.67 E224.52355
G1 X118.666 Y98.33 E224.60084
G1 X120.328 Y99.992 E224.71029
G1 X120.578 Y100.019 E224.722
G1 X120.336 Y100.336 E224.74057
G1 X120.019 Y100.578 E224.75914
G1 X119.992 Y100.328 E224.77085
G1 X118.33 Y98.666 E224.88029
G1 X116.67 Y98.666 E224.95759
G1 X115.008 Y100.328 E225.06703
G1 X114.981 Y100.578 E225.07874
G0 F9000 X115.181 Y100.319
G1 F1500 E218.57874
;MESH:yc1hingeDubel.stl
G0 F9000 X116.346 Y101.815
G0 X116.204 Y102.9
G0 X117.357 Y111.95
G0 X117.5 Y113.033
G0 X117.5 Y121.483
G0 X117.499 Y121.79
;TYPE:WALL-INNER
G1 F1500 E225.07874
G1 F1108.9 X118.615 Y121.643 E225.13116
G1 X119.642 Y121.219 E225.18289
G1 X120.535 Y120.535 E225.23527
G1 X121.219 Y119.642 E225.28765
G1 X121.643 Y118.615 E225.33939
G1 X121.789 Y117.501 E225.3917
G1 X121.643 Y116.381 E225.4443
G1 X121.219 Y115.355 E225.49599
G1 X120.531 Y114.46 E225.54855
G1 X119.645 Y113.777 E225.60065
G1 X118.615 Y113.353 E225.65251
G1 X117.499 Y113.207 E225.70492
G1 X116.381 Y113.353 E225.75742
G1 X115.356 Y113.776 E225.80905
G1 X114.464 Y114.464 E225.86151
G1 X113.777 Y115.356 E225.91393
G1 X113.353 Y116.381 E225.96559
G1 X113.206 Y117.501 E226.01818
G1 X113.353 Y118.615 E226.07051
G1 X113.777 Y119.645 E226.12237
G1 X114.46 Y120.531 E226.17446
G1 X115.355 Y121.219 E226.22703
G1 X116.381 Y121.643 E226.27872
G1 X117.499 Y121.79 E226.33123
G0 F9000 X117.499 Y122.194
;TYPE:WALL-OUTER
G1 F1108.9 X118.719 Y122.033 E226.38853
G1 X119.843 Y121.569 E226.44515
G1 X120.821 Y120.821 E226.50249
G1 X121.569 Y119.843 E226.55982
G1 X122.033 Y118.719 E226.61644
G1 X122.193 Y117.501 E226.67364
G1 X122.033 Y116.277 E226.73112
G1 X121.569 Y115.153 E226.78774
G1 X120.817 Y114.175 E226.84519
G1 X119.847 Y113.427 E226.90223
G1 X118.719 Y112.963 E226.95902
G1 X117.499 Y112.803 E227.01632
G1 X116.277 Y112.963 E227.0737
G1 X115.154 Y113.427 E227.13028
G1 X114.179 Y114.179 E227.18762
G1 X113.427 Y115.154 E227.24495
G1 X112.963 Y116.277 E227.30153
G1 X112.802 Y117.501 E227.35902
G1 X112.963 Y118.719 E227.41623
G1 X113.427 Y119.847 E227.47302
G1 X114.175 Y120.817 E227.53006
G1 X115.153 Y121.569 E227.5875
G1 X116.277 Y122.033 E227.64413
G1 X117.499 Y122.194 E227.70152
G0 F9000 X117.5 Y121.483
G0 X114.997 Y120.557
G0 X114.981 Y120.578
;TYPE:FILL
G1 F1108.9 X114.657 Y120.33 E227.72052
G1 X114.419 Y120.022 E227.73864
G1 X114.672 Y119.992 E227.75051
G1 X116.334 Y118.33 E227.85995
G1 X116.334 Y116.67 E227.93725
G1 X114.672 Y115.008 E228.04669
G1 X114.42 Y114.979 E228.0585
G1 X114.663 Y114.663 E228.07707
G1 X114.979 Y114.42 E228.09563
G1 X115.008 Y114.672 E228.10744
G1 X116.67 Y116.334 E228.21689
G1 X118.33 Y116.334 E228.29418
G1 X119.992 Y114.672 E228.40363
G1 X120.022 Y114.419 E228.41549
G1 X120.33 Y114.657 E228.43362
G1 X120.579 Y114.98 E228.45261
G1 X120.328 Y115.008 E228.46437
G1 X118.666 Y116.67 E228.57381
G1 X118.666 Y118.33 E228.65111
G1 X120.328 Y119.992 E228.76055
G1 X120.578 Y120.019 E228.77226
G1 X120.336 Y120.336 E228.79083
G1 X120.019 Y120.578 E228.8094
G1 X119.992 Y120.328 E228.82111
G1 X118.33 Y118.666 E228.93056
G1 X116.67 Y118.666 E229.00785
G1 X115.008 Y120.328 E229.1173
G1 X114.981 Y120.578 E229.12901
G0 F9000 X115.181 Y120.319
G1 F1500 E222.62901
;MESH:NONMESH
G0 F300 X115.181 Y120.319 Z5.6
G0 F9000 X117.5 Y113.033
G0 X117.357 Y111.95
G0 X117.358 Y103.051
G0 X117.5 Y101.967
G0 X117.5 Y101.483
G0 X117.499 Y101.79
;TIME_ELAPSED:319.701092
;LAYER:19
;note -- min layer time used
;TYPE:WALL-INNER
;MESH:yc1hingeDubel.stl(1)
G1 F1500 E229.12901
G1 F1092.6 X118.615 Y101.643 E229.18142
G1 X119.642 Y101.219 E229.23316
G1 X120.535 Y100.535 E229.28554
G1 X121.219 Y99.642 E229.33792
G1 X121.643 Y98.615 E229.38965
G1 X121.789 Y97.501 E229.44197
G1 X121.643 Y96.381 E229.49456
G1 X121.219 Y95.355 E229.54626
G1 X120.531 Y94.46 E229.59882
G1 X119.645 Y93.777 E229.65091
G1 X118.615 Y93.353 E229.70278
G1 X117.499 Y93.207 E229.75519
G1 X116.381 Y93.353 E229.80769
G1 X115.356 Y93.776 E229.85932
G1 X114.464 Y94.464 E229.91177
G1 X113.777 Y95.356 E229.9642
G1 X113.353 Y96.381 E230.01585
G1 X113.206 Y97.501 E230.06845
G1 X113.353 Y98.615 E230.12077
G1 X113.777 Y99.645 E230.17264
G1 X114.46 Y100.531 E230.22473
G1 X115.355 Y101.219 E230.2773
G1 X116.381 Y101.643 E230.32899
G1 X117.499 Y101.79 E230.3815
G0 F9000 X117.499 Y102.194
;TYPE:WALL-OUTER
G1 F1092.6 X118.719 Y102.033 E230.4388
G1 X119.843 Y101.569 E230.49542
G1 X120.821 Y100.821 E230.55275
G1 X121.569 Y99.843 E230.61008
G1 X122.033 Y98.719 E230.66671
G1 X122.193 Y97.501 E230.72391
G1 X122.033 Y96.277 E230.78139
G1 X121.569 Y95.153 E230.83801
G1 X120.817 Y94.175 E230.89546
G1 X119.847 Y93.427 E230.95249
G1 X118.719 Y92.963 E231.00929
G1 X117.499 Y92.803 E231.06658
G1 X116.277 Y92.963 E231.12397
G1 X115.154 Y93.427 E231.18055
G1 X114.179 Y94.179 E231.23788
G1 X113.427 Y95.154 E231.29522
G1 X112.963 Y96.277 E231.3518
G1 X112.802 Y97.501 E231.40928
G1 X112.963 Y98.719 E231.46649
G1 X113.427 Y99.847 E231.52329
G1 X114.175 Y100.817 E231.58032
G1 X115.153 Y101.569 E231.63777
G1 X116.277 Y102.033 E231.69439
G1 X117.499 Y102.194 E231.75179
G0 F9000 X117.5 Y101.483
G0 X114.825 Y100.425
G0 X114.808 Y100.446
G0 X114.872 Y100.328
;TYPE:FILL
G1 F1092.6 X114.808 Y100.446 E231.75804
G1 X114.552 Y100.194 E231.77476
G1 X114.672 Y100.128 E231.78114
G1 X116.424 Y98.376 E231.89651
G1 X116.424 Y96.624 E231.97809
G1 X114.672 Y94.872 E232.09346
G1 X114.552 Y94.806 E232.09984
G1 X114.806 Y94.552 E232.11657
G1 X114.872 Y94.672 E232.12295
G1 X116.624 Y96.424 E232.23832
G1 X118.376 Y96.424 E232.3199
G1 X120.128 Y94.672 E232.43527
G1 X120.194 Y94.552 E232.44165
G1 X120.446 Y94.808 E232.45837
G1 X120.328 Y94.872 E232.46462
G1 X118.576 Y96.624 E232.58
G1 X118.576 Y98.376 E232.66158
G1 X120.328 Y100.128 E232.77695
G1 X120.446 Y100.192 E232.7832
G1 X120.192 Y100.446 E232.79993
G1 X120.128 Y100.328 E232.80618
G1 X118.376 Y98.576 E232.92155
G1 X116.624 Y98.576 E233.00313
G1 X114.872 Y100.328 E233.1185
G0 F9000 X114.992 Y100.174
G1 F1500 E226.6185
;MESH:yc1hingeDubel.stl
G0 F9000 X116.346 Y101.815
G0 X116.204 Y102.9
G0 X117.357 Y111.95
G0 X117.5 Y113.033
G0 X117.5 Y121.483
G0 X117.499 Y121.79
;TYPE:WALL-INNER
G1 F1500 E233.1185
G1 F1092.6 X118.615 Y121.643 E233.17092
G1 X119.642 Y121.219 E233.22265
G1 X120.535 Y120.535 E233.27503
G1 X121.219 Y119.642 E233.32741
G1 X121.643 Y118.615 E233.37915
G1 X121.789 Y117.501 E233.43146
G1 X121.643 Y116.381 E233.48406
G1 X121.219 Y115.355 E233.53575
G1 X120.531 Y114.46 E233.58831
G1 X119.645 Y113.777 E233.64041
G1 X118.615 Y113.353 E233.69227
G1 X117.499 Y113.207 E233.74468
G1 X116.381 Y113.353 E233.79718
G1 X115.356 Y113.776 E233.84881
G1 X114.464 Y114.464 E233.90127
G1 X113.777 Y115.356 E233.95369
G1 X113.353 Y116.381 E234.00534
G1 X113.206 Y117.501 E234.05794
G1 X113.353 Y118.615 E234.11027
G1 X113.777 Y119.645 E234.16213
G1 X114.46 Y120.531 E234.21422
G1 X115.355 Y121.219 E234.26679
G1 X116.381 Y121.643 E234.31848
G1 X117.499 Y121.79 E234.37099
G0 F9000 X117.499 Y122.194
;TYPE:WALL-OUTER
G1 F1092.6 X118.719 Y122.033 E234.42829
G1 X119.843 Y121.569 E234.48491
G1 X120.821 Y120.821 E234.54224
G1 X121.569 Y119.843 E234.59958
G1 X122.033 Y118.719 E234.6562
G1 X122.193 Y117.501 E234.7134
G1 X122.033 Y116.277 E234.77088
G1 X121.569 Y115.153 E234.8275
G1 X120.817 Y114.175 E234.88495
G1 X119.847 Y113.427 E234.94199
G1 X118.719 Y112.963 E234.99878
G1 X117.499 Y112.803 E235.05608
G1 X116.277 Y112.963 E235.11346
G1 X115.154 Y113.427 E235.17004
G1 X114.179 Y114.179 E235.22738
G1 X113.427 Y115.154 E235.28471
G1 X112.963 Y116.277 E235.34129
G1 X112.802 Y117.501 E235.39878
G1 X112.963 Y118.719 E235.45599
G1 X113.427 Y119.847 E235.51278
G1 X114.175 Y120.817 E235.56982
G1 X115.153 Y121.569 E235.62726
G1 X116.277 Y122.033 E235.68389
G1 X117.499 Y122.194 E235.74128
G0 F9000 X117.5 Y121.483
G0 X114.825 Y120.425
G0 X114.808 Y120.446
G0 X114.872 Y120.328
;TYPE:FILL
G1 F1092.6 X114.808 Y120.446 E235.74753
G1 X114.552 Y120.194 E235.76426
G1 X114.672 Y120.128 E235.77063
G1 X116.424 Y118.376 E235.88601
G1 X116.424 Y116.624 E235.96759
G1 X114.672 Y114.872 E236.08296
G1 X114.552 Y114.806 E236.08933
G1 X114.806 Y114.552 E236.10606
G1 X114.872 Y114.672 E236.11244
G1 X116.624 Y116.424 E236.22781
G1 X118.376 Y116.424 E236.30939
G1 X120.128 Y114.672 E236.42476
G1 X120.194 Y114.552 E236.43114
G1 X120.446 Y114.808 E236.44787
G1 X120.328 Y114.872 E236.45412
G1 X118.576 Y116.624 E236.56949
G1 X118.576 Y118.376 E236.65107
G1 X120.328 Y120.128 E236.76644
G1 X120.446 Y120.192 E236.77269
G1 X120.192 Y120.446 E236.78942
G1 X120.128 Y120.328 E236.79567
G1 X118.376 Y118.576 E236.91104
G1 X116.624 Y118.576 E236.99262
G1 X114.872 Y120.328 E237.108
G0 F9000 X114.992 Y120.174
G1 F1500 E230.608
;MESH:NONMESH
G0 F300 X114.992 Y120.174 Z5.88
G0 F9000 X116.347 Y113.185
G0 X116.204 Y112.101
G0 X117.358 Y103.051
G0 X117.5 Y101.967
G0 X117.5 Y101.483
G0 X117.499 Y101.79
;TIME_ELAPSED:332.245491
;LAYER:20
;note -- min layer time used
;TYPE:WALL-INNER
;MESH:yc1hingeDubel.stl(1)
G1 F1500 E237.108
G1 F1101.8 X118.615 Y101.643 E237.16041
G1 X119.642 Y101.219 E237.21215
G1 X120.535 Y100.535 E237.26452
G1 X121.219 Y99.642 E237.3169
G1 X121.643 Y98.615 E237.36864
G1 X121.789 Y97.501 E237.42096
G1 X121.643 Y96.381 E237.47355
G1 X121.219 Y95.355 E237.52524
G1 X120.531 Y94.46 E237.57781
G1 X119.645 Y93.777 E237.6299
G1 X118.615 Y93.353 E237.68176
G1 X117.499 Y93.207 E237.73417
G1 X116.381 Y93.353 E237.78667
G1 X115.356 Y93.776 E237.83831
G1 X114.464 Y94.464 E237.89076
G1 X113.777 Y95.356 E237.94319
G1 X113.353 Y96.381 E237.99484
G1 X113.206 Y97.501 E238.04744
G1 X113.353 Y98.615 E238.09976
G1 X113.777 Y99.645 E238.15163
G1 X114.46 Y100.531 E238.20372
G1 X115.355 Y101.219 E238.25628
G1 X116.381 Y101.643 E238.30798
G1 X117.499 Y101.79 E238.36048
G0 F9000 X117.499 Y102.194
;TYPE:WALL-OUTER
G1 F1101.8 X118.719 Y102.033 E238.41778
G1 X119.843 Y101.569 E238.47441
G1 X120.821 Y100.821 E238.53174
G1 X121.569 Y99.843 E238.58907
G1 X122.033 Y98.719 E238.64569
G1 X122.193 Y97.501 E238.7029
G1 X122.033 Y96.277 E238.76037
G1 X121.569 Y95.153 E238.817
G1 X120.817 Y94.175 E238.87444
G1 X119.847 Y93.427 E238.93148
G1 X118.719 Y92.963 E238.98827
G1 X117.499 Y92.803 E239.04557
G1 X116.277 Y92.963 E239.10296
G1 X115.154 Y93.427 E239.15954
G1 X114.179 Y94.179 E239.21687
G1 X113.427 Y95.154 E239.27421
G1 X112.963 Y96.277 E239.33078
G1 X112.802 Y97.501 E239.38827
G1 X112.963 Y98.719 E239.44548
G1 X113.427 Y99.847 E239.50227
G1 X114.175 Y100.817 E239.55931
G1 X115.153 Y101.569 E239.61676
G1 X116.277 Y102.033 E239.67338
G1 X117.499 Y102.194 E239.73077
G0 F9000 X117.5 Y101.483
G0 X114.892 Y100.476
G0 X114.875 Y100.497
G0 X114.896 Y100.328
;TYPE:FILL
G1 F1101.8 X114.875 Y100.497 E239.7387
G1 X114.657 Y100.33 E239.75149
G1 X114.501 Y100.127 E239.76341
G1 X114.672 Y100.104 E239.77144
G1 X116.409 Y98.367 E239.88583
G1 X116.409 Y96.633 E239.96657
G1 X114.672 Y94.896 E240.08096
G1 X114.501 Y94.873 E240.08899
G1 X114.663 Y94.663 E240.10134
G1 X114.873 Y94.501 E240.11369
G1 X114.896 Y94.672 E240.12172
G1 X116.633 Y96.409 E240.23611
G1 X118.367 Y96.409 E240.31685
G1 X120.104 Y94.672 E240.43123
G1 X120.127 Y94.501 E240.43927
G1 X120.33 Y94.657 E240.45119
G1 X120.497 Y94.875 E240.46398
G1 X120.328 Y94.896 E240.47191
G1 X118.591 Y96.633 E240.58629
G1 X118.591 Y98.367 E240.66703
G1 X120.328 Y100.104 E240.78142
G1 X120.497 Y100.125 E240.78935
G1 X120.336 Y100.336 E240.80171
G1 X120.125 Y100.497 E240.81407
G1 X120.104 Y100.328 E240.822
G1 X118.367 Y98.591 E240.93638
G1 X116.633 Y98.591 E241.01712
G1 X114.896 Y100.328 E241.13151
G0 F9000 X115.006 Y100.185
G1 F1500 E234.63151
;MESH:yc1hingeDubel.stl
G0 F9000 X116.346 Y101.815
G0 X116.204 Y102.9
G0 X117.357 Y111.95
G0 X117.5 Y113.033
G0 X117.5 Y121.483
G0 X117.499 Y121.79
;TYPE:WALL-INNER
G1 F1500 E241.13151
G1 F1101.8 X118.615 Y121.643 E241.18392
G1 X119.642 Y121.219 E241.23566
G1 X120.535 Y120.535 E241.28804
G1 X121.219 Y119.642 E241.34041
G1 X121.643 Y118.615 E241.39215
G1 X121.789 Y117.501 E241.44447
G1 X121.643 Y116.381 E241.49706
G1 X121.219 Y115.355 E241.54875
G1 X120.531 Y114.46 E241.60132
G1 X119.645 Y113.777 E241.65341
G1 X118.615 Y113.353 E241.70528
G1 X117.499 Y113.207 E241.75768
G1 X116.381 Y113.353 E241.81018
G1 X115.356 Y113.776 E241.86182
G1 X114.464 Y114.464 E241.91427
G1 X113.777 Y115.356 E241.9667
G1 X113.353 Y116.381 E242.01835
G1 X113.206 Y117.501 E242.07095
G1 X113.353 Y118.615 E242.12327
G1 X113.777 Y119.645 E242.17514
G1 X114.46 Y120.531 E242.22723
G1 X115.355 Y121.219 E242.27979
G1 X116.381 Y121.643 E242.33149
G1 X117.499 Y121.79 E242.38399
G0 F9000 X117.499 Y122.194
;TYPE:WALL-OUTER
G1 F1101.8 X118.719 Y122.033 E242.44129
G1 X119.843 Y121.569 E242.49792
G1 X120.821 Y120.821 E242.55525
G1 X121.569 Y119.843 E242.61258
G1 X122.033 Y118.719 E242.6692
G1 X122.193 Y117.501 E242.72641
G1 X122.033 Y116.277 E242.78389
G1 X121.569 Y115.153 E242.84051
G1 X120.817 Y114.175 E242.89795
G1 X119.847 Y113.427 E242.95499
G1 X118.719 Y112.963 E243.01179
G1 X117.499 Y112.803 E243.06908
G1 X116.277 Y112.963 E243.12647
G1 X115.154 Y113.427 E243.18305
G1 X114.179 Y114.179 E243.24038
G1 X113.427 Y115.154 E243.29772
G1 X112.963 Y116.277 E243.3543
G1 X112.802 Y117.501 E243.41178
G1 X112.963 Y118.719 E243.46899
G1 X113.427 Y119.847 E243.52578
G1 X114.175 Y120.817 E243.58282
G1 X115.153 Y121.569 E243.64027
G1 X116.277 Y122.033 E243.69689
G1 X117.499 Y122.194 E243.75428
G0 F9000 X117.5 Y121.483
G0 X114.892 Y120.476
G0 X114.875 Y120.497
G0 X114.896 Y120.328
;TYPE:FILL
G1 F1101.8 X114.875 Y120.497 E243.76221
G1 X114.657 Y120.33 E243.775
G1 X114.501 Y120.127 E243.78692
G1 X114.672 Y120.104 E243.79496
G1 X116.409 Y118.367 E243.90934
G1 X116.409 Y116.633 E243.99008
G1 X114.672 Y114.896 E244.10447
G1 X114.501 Y114.873 E244.1125
G1 X114.663 Y114.663 E244.12485
G1 X114.873 Y114.501 E244.1372
G1 X114.896 Y114.672 E244.14523
G1 X116.633 Y116.409 E244.25962
G1 X118.367 Y116.409 E244.34036
G1 X120.104 Y114.672 E244.45475
G1 X120.127 Y114.501 E244.46278
G1 X120.33 Y114.657 E244.4747
G1 X120.497 Y114.875 E244.48749
G1 X120.328 Y114.896 E244.49542
G1 X118.591 Y116.633 E244.6098
G1 X118.591 Y118.367 E244.69054
G1 X120.328 Y120.104 E244.80493
G1 X120.497 Y120.125 E244.81286
G1 X120.336 Y120.336 E244.82522
G1 X120.125 Y120.497 E244.83758
G1 X120.104 Y120.328 E244.84551
G1 X118.367 Y118.591 E244.95989
G1 X116.633 Y118.591 E245.04063
G1 X114.896 Y120.328 E245.15502
G0 F9000 X115.006 Y120.185
G1 F1500 E238.65502
;MESH:NONMESH
G0 F300 X115.006 Y120.185 Z6.16
G0 F9000 X116.347 Y113.185
G0 X116.204 Y112.101
G0 X117.358 Y103.051
G0 X117.5 Y101.967
G0 X117.5 Y101.483
G0 X117.499 Y101.79
;TIME_ELAPSED:344.831183
;LAYER:21
;note -- min layer time used
;TYPE:WALL-INNER
;MESH:yc1hingeDubel.stl(1)
G1 F1500 E245.15502
G1 F1120.4 X118.615 Y101.643 E245.20743
G1 X119.642 Y101.219 E245.25917
G1 X120.535 Y100.535 E245.31155
G1 X121.219 Y99.642 E245.36392
G1 X121.643 Y98.615 E245.41566
G1 X121.789 Y97.501 E245.46798
G1 X121.643 Y96.381 E245.52057
G1 X121.219 Y95.355 E245.57226
G1 X120.531 Y94.46 E245.62483
G1 X119.645 Y93.777 E245.67692
G1 X118.615 Y93.353 E245.72879
G1 X117.499 Y93.207 E245.7812
G1 X116.381 Y93.353 E245.8337
G1 X115.356 Y93.776 E245.88533
G1 X114.464 Y94.464 E245.93778
G1 X113.777 Y95.356 E245.99021
G1 X113.353 Y96.381 E246.04186
G1 X113.206 Y97.501 E246.09446
G1 X113.353 Y98.615 E246.14678
G1 X113.777 Y99.645 E246.19865
G1 X114.46 Y100.531 E246.25074
G1 X115.355 Y101.219 E246.3033
G1 X116.381 Y101.643 E246.355
G1 X117.499 Y101.79 E246.4075
G0 F9000 X117.499 Y102.194
;TYPE:WALL-OUTER
G1 F1120.4 X118.719 Y102.033 E246.46481
G1 X119.843 Y101.569 E246.52143
G1 X120.821 Y100.821 E246.57876
G1 X121.569 Y99.843 E246.63609
G1 X122.033 Y98.719 E246.69271
G1 X122.193 Y97.501 E246.74992
G1 X122.033 Y96.277 E246.8074
G1 X121.569 Y95.153 E246.86402
G1 X120.817 Y94.175 E246.92146
G1 X119.847 Y93.427 E246.9785
G1 X118.719 Y92.963 E247.0353
G1 X117.499 Y92.803 E247.09259
G1 X116.277 Y92.963 E247.14998
G1 X115.154 Y93.427 E247.20656
G1 X114.179 Y94.179 E247.26389
G1 X113.427 Y95.154 E247.32123
G1 X112.963 Y96.277 E247.37781
G1 X112.802 Y97.501 E247.43529
G1 X112.963 Y98.719 E247.4925
G1 X113.427 Y99.847 E247.5493
G1 X114.175 Y100.817 E247.60633
G1 X115.153 Y101.569 E247.66378
G1 X116.277 Y102.033 E247.7204
G1 X117.499 Y102.194 E247.77779
G0 F9000 X117.5 Y101.483
G0 X115.175 Y100.664
;TYPE:FILL
G1 F1120.4 X115.139 Y100.7 E247.78016
G1 X114.657 Y100.33 E247.80846
G1 X114.298 Y99.863 E247.83589
G1 X114.336 Y99.825 E247.83839
G1 X114.672 Y99.824 E247.85403
G1 X116.222 Y98.274 E247.9561
G1 X116.222 Y96.726 E248.02819
G1 X114.672 Y95.176 E248.13026
G1 X114.336 Y95.175 E248.1459
G1 X114.298 Y95.137 E248.1484
G1 X114.663 Y94.663 E248.17626
G1 X115.137 Y94.298 E248.20412
G1 X115.175 Y94.336 E248.20662
G1 X115.176 Y94.672 E248.22227
G1 X116.726 Y96.222 E248.32434
G1 X118.274 Y96.222 E248.39642
G1 X119.824 Y94.672 E248.49849
G1 X119.825 Y94.336 E248.51413
G1 X119.863 Y94.298 E248.51664
G1 X120.33 Y94.657 E248.54406
G1 X120.7 Y95.139 E248.57236
G1 X120.664 Y95.175 E248.57473
G1 X120.328 Y95.176 E248.59037
G1 X118.778 Y96.726 E248.69244
G1 X118.778 Y98.274 E248.76453
G1 X120.328 Y99.824 E248.8666
G1 X120.664 Y99.825 E248.88224
G1 X120.699 Y99.86 E248.88455
G1 X120.336 Y100.336 E248.91242
G1 X119.86 Y100.699 E248.9403
G1 X119.825 Y100.664 E248.9426
G1 X119.824 Y100.328 E248.95825
G1 X118.274 Y98.778 E249.06032
G1 X116.726 Y98.778 E249.1324
G1 X115.176 Y100.328 E249.23447
G1 X115.175 Y100.664 E249.25011
G0 F9000 X115.345 Y100.445
G1 F1500 E242.75011
;MESH:yc1hingeDubel.stl
G0 F9000 X116.346 Y101.815
G0 X116.204 Y102.9
G0 X117.357 Y111.95
G0 X117.5 Y113.033
G0 X117.5 Y121.483
G0 X117.499 Y121.79
;TYPE:WALL-INNER
G1 F1500 E249.25011
G1 F1120.4 X118.615 Y121.643 E249.30253
G1 X119.642 Y121.219 E249.35426
G1 X120.535 Y120.535 E249.40664
G1 X121.219 Y119.642 E249.45902
G1 X121.643 Y118.615 E249.51076
G1 X121.789 Y117.501 E249.56307
G1 X121.643 Y116.381 E249.61567
G1 X121.219 Y115.355 E249.66736
G1 X120.531 Y114.46 E249.71993
G1 X119.645 Y113.777 E249.77202
G1 X118.615 Y113.353 E249.82388
G1 X117.499 Y113.207 E249.87629
G1 X116.381 Y113.353 E249.92879
G1 X115.356 Y113.776 E249.98042
G1 X114.464 Y114.464 E250.03288
G1 X113.777 Y115.356 E250.08531
G1 X113.353 Y116.381 E250.13696
G1 X113.206 Y117.501 E250.18955
G1 X113.353 Y118.615 E250.24188
G1 X113.777 Y119.645 E250.29374
G1 X114.46 Y120.531 E250.34583
G1 X115.355 Y121.219 E250.3984
G1 X116.381 Y121.643 E250.45009
G1 X117.499 Y121.79 E250.5026
G0 F9000 X117.499 Y122.194
;TYPE:WALL-OUTER
G1 F1120.4 X118.719 Y122.033 E250.5599
G1 X119.843 Y121.569 E250.61652
G1 X120.821 Y120.821 E250.67386
G1 X121.569 Y119.843 E250.73119
G1 X122.033 Y118.719 E250.78781
G1 X122.193 Y117.501 E250.84501
G1 X122.033 Y116.277 E250.90249
G1 X121.569 Y115.153 E250.95911
G1 X120.817 Y114.175 E251.01656
G1 X119.847 Y113.427 E251.0736
G1 X118.719 Y112.963 E251.13039
G1 X117.499 Y112.803 E251.18769
G1 X116.277 Y112.963 E251.24507
G1 X115.154 Y113.427 E251.30165
G1 X114.179 Y114.179 E251.35899
G1 X113.427 Y115.154 E251.41632
G1 X112.963 Y116.277 E251.4729
G1 X112.802 Y117.501 E251.53039
G1 X112.963 Y118.719 E251.5876
G1 X113.427 Y119.847 E251.64439
G1 X114.175 Y120.817 E251.70143
G1 X115.153 Y121.569 E251.75887
G1 X116.277 Y122.033 E251.8155
G1 X117.499 Y122.194 E251.87289
G0 F9000 X117.5 Y121.483
G0 X115.175 Y120.664
;TYPE:FILL
G1 F1120.4 X115.139 Y120.7 E251.87526
G1 X114.657 Y120.33 E251.90355
G1 X114.298 Y119.863 E251.93098
G1 X114.336 Y119.825 E251.93348
G1 X114.672 Y119.824 E251.94913
G1 X116.222 Y118.274 E252.0512
G1 X116.222 Y116.726 E252.12328
G1 X114.672 Y115.176 E252.22535
G1 X114.336 Y115.175 E252.241
G1 X114.298 Y115.137 E252.2435
G1 X114.663 Y114.663 E252.27136
G1 X115.137 Y114.298 E252.29921
G1 X115.175 Y114.336 E252.30172
G1 X115.176 Y114.672 E252.31736
G1 X116.726 Y116.222 E252.41943
G1 X118.274 Y116.222 E252.49151
G1 X119.824 Y114.672 E252.59358
G1 X119.825 Y114.336 E252.60923
G1 X119.863 Y114.298 E252.61173
G1 X120.33 Y114.657 E252.63916
G1 X120.7 Y115.139 E252.66745
G1 X120.664 Y115.175 E252.66982
G1 X120.328 Y115.176 E252.68547
G1 X118.778 Y116.726 E252.78754
G1 X118.778 Y118.274 E252.85962
G1 X120.328 Y119.824 E252.96169
G1 X120.664 Y119.825 E252.97734
G1 X120.699 Y119.86 E252.97964
G1 X120.336 Y120.336 E253.00752
G1 X119.86 Y120.699 E253.03539
G1 X119.825 Y120.664 E253.0377
G1 X119.824 Y120.328 E253.05334
G1 X118.274 Y118.778 E253.15541
G1 X116.726 Y118.778 E253.22749
G1 X115.176 Y120.328 E253.32956
G1 X115.175 Y120.664 E253.34521
G0 F9000 X115.345 Y120.445
G1 F1500 E246.84521
;MESH:NONMESH
G0 F300 X115.345 Y120.445 Z6.44
G0 F9000 X117.5 Y113.033
G0 X117.357 Y111.95
G0 X117.358 Y103.051
G0 X117.5 Y101.967
G0 X117.5 Y101.483
G0 X117.499 Y101.79
;TIME_ELAPSED:357.364498
;LAYER:22
;note -- min layer time used
;TYPE:WALL-INNER
;MESH:yc1hingeDubel.stl(1)
G1 F1500 E253.34521
G1 F1138.5 X118.615 Y101.643 E253.39762
G1 X119.642 Y101.219 E253.44936
G1 X120.535 Y100.535 E253.50174
G1 X121.219 Y99.642 E253.55412
G1 X121.643 Y98.615 E253.60585
G1 X121.789 Y97.501 E253.65817
G1 X121.643 Y96.381 E253.71076
G1 X121.219 Y95.355 E253.76246
G1 X120.531 Y94.46 E253.81502
G1 X119.645 Y93.777 E253.86711
G1 X118.615 Y93.353 E253.91898
G1 X117.499 Y93.207 E253.97139
G1 X116.381 Y93.353 E254.02389
G1 X115.356 Y93.776 E254.07552
G1 X114.464 Y94.464 E254.12797
G1 X113.777 Y95.356 E254.1804
G1 X113.353 Y96.381 E254.23205
G1 X113.206 Y97.501 E254.28465
G1 X113.353 Y98.615 E254.33697
G1 X113.777 Y99.645 E254.38884
G1 X114.46 Y100.531 E254.44093
G1 X115.355 Y101.219 E254.4935
G1 X116.381 Y101.643 E254.54519
G1 X117.499 Y101.79 E254.5977
G0 F9000 X117.499 Y102.194
;TYPE:WALL-OUTER
G1 F1138.5 X118.719 Y102.033 E254.655
G1 X119.843 Y101.569 E254.71162
G1 X120.821 Y100.821 E254.76895
G1 X121.569 Y99.843 E254.82628
G1 X122.033 Y98.719 E254.88291
G1 X122.193 Y97.501 E254.94011
G1 X122.033 Y96.277 E254.99759
G1 X121.569 Y95.153 E255.05421
G1 X120.817 Y94.175 E255.11166
G1 X119.847 Y93.427 E255.16869
G1 X118.719 Y92.963 E255.22549
G1 X117.499 Y92.803 E255.28278
G1 X116.277 Y92.963 E255.34017
G1 X115.154 Y93.427 E255.39675
G1 X114.179 Y94.179 E255.45408
G1 X113.427 Y95.154 E255.51142
G1 X112.963 Y96.277 E255.568
G1 X112.802 Y97.501 E255.62548
G1 X112.963 Y98.719 E255.68269
G1 X113.427 Y99.847 E255.73949
G1 X114.175 Y100.817 E255.79652
G1 X115.153 Y101.569 E255.85397
G1 X116.277 Y102.033 E255.91059
G1 X117.499 Y102.194 E255.96798
G0 F9000 X117.5 Y101.483
G0 X115.455 Y100.85
;TYPE:FILL
G1 F1138.5 X115.403 Y100.902 E255.97141
G1 X114.657 Y100.33 E256.01518
G1 X114.095 Y99.6 E256.05808
G1 X114.15 Y99.545 E256.0617
G1 X114.672 Y99.544 E256.08601
G1 X116.036 Y98.18 E256.17583
G1 X116.036 Y96.82 E256.23916
G1 X114.672 Y95.456 E256.32898
G1 X114.15 Y95.455 E256.35329
G1 X114.095 Y95.4 E256.35691
G1 X114.663 Y94.663 E256.40023
G1 X115.4 Y94.095 E256.44356
G1 X115.455 Y94.15 E256.44718
G1 X115.456 Y94.672 E256.47149
G1 X116.82 Y96.036 E256.56131
G1 X118.18 Y96.036 E256.62464
G1 X119.544 Y94.672 E256.71446
G1 X119.545 Y94.15 E256.73877
G1 X119.6 Y94.095 E256.74239
G1 X120.33 Y94.657 E256.78529
G1 X120.903 Y95.402 E256.82905
G1 X120.85 Y95.455 E256.83254
G1 X120.328 Y95.456 E256.85685
G1 X118.964 Y96.82 E256.94667
G1 X118.964 Y98.18 E257.01
G1 X120.328 Y99.544 E257.09982
G1 X120.85 Y99.545 E257.12413
G1 X120.901 Y99.596 E257.12748
G1 X120.336 Y100.336 E257.17084
G1 X119.596 Y100.901 E257.21419
G1 X119.545 Y100.85 E257.21755
G1 X119.544 Y100.328 E257.24186
G1 X118.18 Y98.964 E257.33168
G1 X116.82 Y98.964 E257.395
G1 X115.456 Y100.328 E257.48483
G1 X115.455 Y100.85 E257.50913
G0 F9000 X115.611 Y100.649
G1 F1500 E251.00913
;MESH:yc1hingeDubel.stl
G0 F9000 X116.346 Y101.815
G0 X116.204 Y102.9
G0 X117.357 Y111.95
G0 X117.5 Y113.033
G0 X117.5 Y121.483
G0 X117.499 Y121.79
;TYPE:WALL-INNER
G1 F1500 E257.50913
G1 F1138.5 X118.615 Y121.643 E257.56155
G1 X119.642 Y121.219 E257.61328
G1 X120.535 Y120.535 E257.66566
G1 X121.219 Y119.642 E257.71804
G1 X121.643 Y118.615 E257.76978
G1 X121.789 Y117.501 E257.82209
G1 X121.643 Y116.381 E257.87469
G1 X121.219 Y115.355 E257.92638
G1 X120.531 Y114.46 E257.97894
G1 X119.645 Y113.777 E258.03104
G1 X118.615 Y113.353 E258.0829
G1 X117.499 Y113.207 E258.13531
G1 X116.381 Y113.353 E258.18781
G1 X115.356 Y113.776 E258.23944
G1 X114.464 Y114.464 E258.2919
G1 X113.777 Y115.356 E258.34432
G1 X113.353 Y116.381 E258.39598
G1 X113.206 Y117.501 E258.44857
G1 X113.353 Y118.615 E258.5009
G1 X113.777 Y119.645 E258.55276
G1 X114.46 Y120.531 E258.60485
G1 X115.355 Y121.219 E258.65742
G1 X116.381 Y121.643 E258.70911
G1 X117.499 Y121.79 E258.76162
G0 F9000 X117.499 Y122.194
;TYPE:WALL-OUTER
G1 F1138.5 X118.719 Y122.033 E258.81892
G1 X119.843 Y121.569 E258.87554
G1 X120.821 Y120.821 E258.93288
G1 X121.569 Y119.843 E258.99021
G1 X122.033 Y118.719 E259.04683
G1 X122.193 Y117.501 E259.10403
G1 X122.033 Y116.277 E259.16151
G1 X121.569 Y115.153 E259.21813
G1 X120.817 Y114.175 E259.27558
G1 X119.847 Y113.427 E259.33262
G1 X118.719 Y112.963 E259.38941
G1 X117.499 Y112.803 E259.44671
G1 X116.277 Y112.963 E259.50409
G1 X115.154 Y113.427 E259.56067
G1 X114.179 Y114.179 E259.61801
G1 X113.427 Y115.154 E259.67534
G1 X112.963 Y116.277 E259.73192
G1 X112.802 Y117.501 E259.78941
G1 X112.963 Y118.719 E259.84662
G1 X113.427 Y119.847 E259.90341
G1 X114.175 Y120.817 E259.96045
G1 X115.153 Y121.569 E260.01789
G1 X116.277 Y122.033 E260.07452
G1 X117.499 Y122.194 E260.13191
G0 F9000 X117.5 Y121.483
G0 X115.455 Y120.85
;TYPE:FILL
G1 F1138.5 X115.403 Y120.902 E260.13533
G1 X114.657 Y120.33 E260.17911
G1 X114.095 Y119.6 E260.222
G1 X114.15 Y119.545 E260.22563
G1 X114.672 Y119.544 E260.24993
G1 X116.036 Y118.18 E260.33975
G1 X116.036 Y116.82 E260.40308
G1 X114.672 Y115.456 E260.4929
G1 X114.15 Y115.455 E260.51721
G1 X114.095 Y115.4 E260.52083
G1 X114.663 Y114.663 E260.56416
G1 X115.4 Y114.095 E260.60749
G1 X115.455 Y114.15 E260.61111
G1 X115.456 Y114.672 E260.63541
G1 X116.82 Y116.036 E260.72524
G1 X118.18 Y116.036 E260.78856
G1 X119.544 Y114.672 E260.87839
G1 X119.545 Y114.15 E260.90269
G1 X119.6 Y114.095 E260.90631
G1 X120.33 Y114.657 E260.94921
G1 X120.903 Y115.402 E260.99298
G1 X120.85 Y115.455 E260.99647
G1 X120.328 Y115.456 E261.02077
G1 X118.964 Y116.82 E261.11059
G1 X118.964 Y118.18 E261.17392
G1 X120.328 Y119.544 E261.26374
G1 X120.85 Y119.545 E261.28805
G1 X120.901 Y119.596 E261.29141
G1 X120.336 Y120.336 E261.33476
G1 X119.596 Y120.901 E261.37811
G1 X119.545 Y120.85 E261.38147
G1 X119.544 Y120.328 E261.40578
G1 X118.18 Y118.964 E261.4956
G1 X116.82 Y118.964 E261.55893
G1 X115.456 Y120.328 E261.64875
G1 X115.455 Y120.85 E261.67306
G0 F9000 X115.611 Y120.649
G1 F1500 E255.17306
;MESH:NONMESH
G0 F300 X115.611 Y120.649 Z6.72
G0 F9000 X117.5 Y113.033
G0 X117.357 Y111.95
G0 X117.358 Y103.051
G0 X117.5 Y101.967
G0 X117.5 Y101.483
G0 X117.499 Y101.79
;TIME_ELAPSED:369.888386
;LAYER:23
;note -- min layer time used
;TYPE:WALL-INNER
;MESH:yc1hingeDubel.stl(1)
G1 F1500 E261.67306
G1 F1153.7 X118.615 Y101.643 E261.72547
G1 X119.642 Y101.219 E261.77721
G1 X120.535 Y100.535 E261.82959
G1 X121.219 Y99.642 E261.88196
G1 X121.643 Y98.615 E261.9337
G1 X121.789 Y97.501 E261.98602
G1 X121.643 Y96.381 E262.03861
G1 X121.219 Y95.355 E262.0903
G1 X120.531 Y94.46 E262.14287
G1 X119.645 Y93.777 E262.19496
G1 X118.615 Y93.353 E262.24683
G1 X117.499 Y93.207 E262.29923
G1 X116.381 Y93.353 E262.35174
G1 X115.356 Y93.776 E262.40337
G1 X114.464 Y94.464 E262.45582
G1 X113.777 Y95.356 E262.50825
G1 X113.353 Y96.381 E262.5599
G1 X113.206 Y97.501 E262.6125
G1 X113.353 Y98.615 E262.66482
G1 X113.777 Y99.645 E262.71669
G1 X114.46 Y100.531 E262.76878
G1 X115.355 Y101.219 E262.82134
G1 X116.381 Y101.643 E262.87304
G1 X117.499 Y101.79 E262.92554
G0 F9000 X117.499 Y102.194
;TYPE:WALL-OUTER
G1 F1153.7 X118.719 Y102.033 E262.98284
G1 X119.843 Y101.569 E263.03947
G1 X120.821 Y100.821 E263.0968
G1 X121.569 Y99.843 E263.15413
G1 X122.033 Y98.719 E263.21075
G1 X122.193 Y97.501 E263.26796
G1 X122.033 Y96.277 E263.32544
G1 X121.569 Y95.153 E263.38206
G1 X120.817 Y94.175 E263.4395
G1 X119.847 Y93.427 E263.49654
G1 X118.719 Y92.963 E263.55334
G1 X117.499 Y92.803 E263.61063
G1 X116.277 Y92.963 E263.66802
G1 X115.154 Y93.427 E263.7246
G1 X114.179 Y94.179 E263.78193
G1 X113.427 Y95.154 E263.83927
G1 X112.963 Y96.277 E263.89585
G1 X112.802 Y97.501 E263.95333
G1 X112.963 Y98.719 E264.01054
G1 X113.427 Y99.847 E264.06733
G1 X114.175 Y100.817 E264.12437
G1 X115.153 Y101.569 E264.18182
G1 X116.277 Y102.033 E264.23844
G1 X117.499 Y102.194 E264.29583
G0 F9000 X117.5 Y101.483
G0 X119.256 Y101.047
G0 X119.265 Y101.071
G0 X119.501 Y100.974
;TYPE:FILL
G1 F1153.7 X119.265 Y101.071 E264.30771
G1 X119.264 Y100.328 E264.34231
G1 X118.087 Y99.151 E264.41982
G1 X116.913 Y99.151 E264.47448
G1 X115.736 Y100.328 E264.55199
G1 X115.735 Y101.037 E264.58501
G1 X115.709 Y101.063 E264.58672
G1 X115.497 Y100.975 E264.59741
G1 X114.657 Y100.33 E264.64672
G1 X114.022 Y99.506 E264.69516
G1 X113.935 Y99.293 E264.70588
G1 X113.963 Y99.265 E264.70772
G1 X114.672 Y99.264 E264.74073
G1 X115.849 Y98.087 E264.81824
G1 X115.849 Y96.913 E264.87291
G1 X114.672 Y95.736 E264.95041
G1 X113.963 Y95.735 E264.98343
G1 X113.934 Y95.706 E264.98534
G1 X114.021 Y95.496 E264.99592
G1 X114.663 Y94.663 E265.04489
G1 X115.496 Y94.021 E265.09386
G1 X115.706 Y93.934 E265.10445
G1 X115.735 Y93.963 E265.10636
G1 X115.736 Y94.672 E265.13937
G1 X116.913 Y95.849 E265.21688
G1 X118.087 Y95.849 E265.27155
G1 X119.264 Y94.672 E265.34905
G1 X119.265 Y93.963 E265.38207
G1 X119.293 Y93.935 E265.38391
G1 X119.506 Y94.022 E265.39463
G1 X120.33 Y94.657 E265.44307
G1 X120.976 Y95.497 E265.49241
G1 X121.063 Y95.709 E265.50308
G1 X121.037 Y95.735 E265.50479
G1 X120.328 Y95.736 E265.53781
G1 X119.151 Y96.913 E265.61531
G1 X119.151 Y98.087 E265.66998
G1 X120.328 Y99.264 E265.74749
G1 X121.071 Y99.265 E265.78208
G1 X120.974 Y99.501 E265.79397
G1 X120.336 Y100.336 E265.8429
G1 X119.501 Y100.974 E265.89183
G0 F9000 X119.371 Y100.663
G1 F1500 E259.39183
;MESH:yc1hingeDubel.stl
G0 F9000 X118.654 Y101.815
G0 X118.797 Y102.899
G0 X117.642 Y111.949
G0 X117.5 Y113.033
G0 X117.5 Y121.483
G0 X117.499 Y121.79
;TYPE:WALL-INNER
G1 F1500 E265.89183
G1 F1153.7 X118.615 Y121.643 E265.94424
G1 X119.642 Y121.219 E265.99598
G1 X120.535 Y120.535 E266.04836
G1 X121.219 Y119.642 E266.10074
G1 X121.643 Y118.615 E266.15247
G1 X121.789 Y117.501 E266.20479
G1 X121.643 Y116.381 E266.25738
G1 X121.219 Y115.355 E266.30908
G1 X120.531 Y114.46 E266.36164
G1 X119.645 Y113.777 E266.41373
G1 X118.615 Y113.353 E266.4656
G1 X117.499 Y113.207 E266.51801
G1 X116.381 Y113.353 E266.57051
G1 X115.356 Y113.776 E266.62214
G1 X114.464 Y114.464 E266.67459
G1 X113.777 Y115.356 E266.72702
G1 X113.353 Y116.381 E266.77867
G1 X113.206 Y117.501 E266.83127
G1 X113.353 Y118.615 E266.88359
G1 X113.777 Y119.645 E266.93546
G1 X114.46 Y120.531 E266.98755
G1 X115.355 Y121.219 E267.04012
G1 X116.381 Y121.643 E267.09181
G1 X117.499 Y121.79 E267.14432
G0 F9000 X117.499 Y122.194
;TYPE:WALL-OUTER
G1 F1153.7 X118.719 Y122.033 E267.20162
G1 X119.843 Y121.569 E267.25824
G1 X120.821 Y120.821 E267.31557
G1 X121.569 Y119.843 E267.3729
G1 X122.033 Y118.719 E267.42953
G1 X122.193 Y117.501 E267.48673
G1 X122.033 Y116.277 E267.54421
G1 X121.569 Y115.153 E267.60083
G1 X120.817 Y114.175 E267.65828
G1 X119.847 Y113.427 E267.71531
G1 X118.719 Y112.963 E267.77211
G1 X117.499 Y112.803 E267.8294
G1 X116.277 Y112.963 E267.88679
G1 X115.154 Y113.427 E267.94337
G1 X114.179 Y114.179 E268.0007
G1 X113.427 Y115.154 E268.05804
G1 X112.963 Y116.277 E268.11462
G1 X112.802 Y117.501 E268.1721
G1 X112.963 Y118.719 E268.22931
G1 X113.427 Y119.847 E268.28611
G1 X114.175 Y120.817 E268.34314
G1 X115.153 Y121.569 E268.40059
G1 X116.277 Y122.033 E268.45721
G1 X117.499 Y122.194 E268.51461
G0 F9000 X117.5 Y121.483
G0 X119.256 Y121.047
G0 X119.265 Y121.071
G0 X119.501 Y120.974
;TYPE:FILL
G1 F1153.7 X119.265 Y121.071 E268.52649
G1 X119.264 Y120.328 E268.56108
G1 X118.087 Y119.151 E268.63859
G1 X116.913 Y119.151 E268.69326
G1 X115.736 Y120.328 E268.77076
G1 X115.735 Y121.037 E268.80378
G1 X115.709 Y121.063 E268.80549
G1 X115.497 Y120.975 E268.81618
G1 X114.657 Y120.33 E268.86549
G1 X114.022 Y119.506 E268.91393
G1 X113.935 Y119.293 E268.92465
G1 X113.963 Y119.265 E268.92649
G1 X114.672 Y119.264 E268.95951
G1 X115.849 Y118.087 E269.03701
G1 X115.849 Y116.913 E269.09168
G1 X114.672 Y115.736 E269.16919
G1 X113.963 Y115.735 E269.2022
G1 X113.934 Y115.706 E269.20411
G1 X114.021 Y115.496 E269.21469
G1 X114.663 Y114.663 E269.26367
G1 X115.496 Y114.021 E269.31264
G1 X115.706 Y113.934 E269.32322
G1 X115.735 Y113.963 E269.32513
G1 X115.736 Y114.672 E269.35815
G1 X116.913 Y115.849 E269.43565
G1 X118.087 Y115.849 E269.49032
G1 X119.264 Y114.672 E269.56783
G1 X119.265 Y113.963 E269.60084
G1 X119.293 Y113.935 E269.60268
G1 X119.506 Y114.022 E269.6134
G1 X120.33 Y114.657 E269.66184
G1 X120.976 Y115.497 E269.71118
G1 X121.063 Y115.709 E269.72185
G1 X121.037 Y115.735 E269.72356
G1 X120.328 Y115.736 E269.75658
G1 X119.151 Y116.913 E269.83409
G1 X119.151 Y118.087 E269.88875
G1 X120.328 Y119.264 E269.96626
G1 X121.071 Y119.265 E270.00086
G1 X120.974 Y119.501 E270.01274
G1 X120.336 Y120.336 E270.06167
G1 X119.501 Y120.974 E270.1106
G0 F9000 X119.371 Y120.663
G1 F1500 E263.6106
;MESH:NONMESH
G0 F300 X119.371 Y120.663 Z7
G0 F9000 X117.5 Y113.033
G0 X117.357 Y111.95
G0 X117.358 Y103.051
G0 X117.5 Y101.967
G0 X117.5 Y101.483
G0 X117.499 Y101.79
;TIME_ELAPSED:382.393664
;LAYER:24
;note -- min layer time used
;TYPE:WALL-INNER
;MESH:yc1hingeDubel.stl(1)
G1 F1500 E270.1106
G1 F1161.4 X118.615 Y101.643 E270.16302
G1 X119.642 Y101.219 E270.21475
G1 X120.535 Y100.535 E270.26713
G1 X121.219 Y99.642 E270.31951
G1 X121.643 Y98.615 E270.37124
G1 X121.789 Y97.501 E270.42356
G1 X121.643 Y96.381 E270.47615
G1 X121.219 Y95.355 E270.52785
G1 X120.531 Y94.46 E270.58041
G1 X119.645 Y93.777 E270.6325
G1 X118.615 Y93.353 E270.68437
G1 X117.499 Y93.207 E270.73678
G1 X116.381 Y93.353 E270.78928
G1 X115.356 Y93.776 E270.84091
G1 X114.464 Y94.464 E270.89337
G1 X113.777 Y95.356 E270.94579
G1 X113.353 Y96.381 E270.99744
G1 X113.206 Y97.501 E271.05004
G1 X113.353 Y98.615 E271.10237
G1 X113.777 Y99.645 E271.15423
G1 X114.46 Y100.531 E271.20632
G1 X115.355 Y101.219 E271.25889
G1 X116.381 Y101.643 E271.31058
G1 X117.499 Y101.79 E271.36309
G0 F9000 X117.499 Y102.194
;TYPE:WALL-OUTER
G1 F1161.4 X118.719 Y102.033 E271.42039
G1 X119.843 Y101.569 E271.47701
G1 X120.821 Y100.821 E271.53434
G1 X121.569 Y99.843 E271.59168
G1 X122.033 Y98.719 E271.6483
G1 X122.193 Y97.501 E271.7055
G1 X122.033 Y96.277 E271.76298
G1 X121.569 Y95.153 E271.8196
G1 X120.817 Y94.175 E271.87705
G1 X119.847 Y93.427 E271.93409
G1 X118.719 Y92.963 E271.99088
G1 X117.499 Y92.803 E272.04817
G1 X116.277 Y92.963 E272.10556
G1 X115.154 Y93.427 E272.16214
G1 X114.179 Y94.179 E272.21948
G1 X113.427 Y95.154 E272.27681
G1 X112.963 Y96.277 E272.33339
G1 X112.802 Y97.501 E272.39088
G1 X112.963 Y98.719 E272.44808
G1 X113.427 Y99.847 E272.50488
G1 X114.175 Y100.817 E272.56192
G1 X115.153 Y101.569 E272.61936
G1 X116.277 Y102.033 E272.67598
G1 X117.499 Y102.194 E272.73338
G0 F9000 X117.5 Y101.483
G0 X116.026 Y101.164
G0 X116.015 Y101.189
;TYPE:FILL
G1 F1161.4 X115.497 Y100.975 E272.75947
G1 X114.657 Y100.33 E272.80879
G1 X114.022 Y99.506 E272.85723
G1 X113.808 Y98.985 E272.88346
G1 X114.672 Y98.984 E272.92369
G1 X115.662 Y97.994 E272.98888
G1 X115.662 Y97.006 E273.03489
G1 X114.672 Y96.016 E273.10008
G1 X113.807 Y96.015 E273.14036
G1 X114.021 Y95.496 E273.1665
G1 X114.663 Y94.663 E273.21547
G1 X115.496 Y94.021 E273.26444
G1 X116.015 Y93.807 E273.29058
G1 X116.016 Y94.672 E273.33086
G1 X117.006 Y95.662 E273.39605
G1 X117.994 Y95.662 E273.44206
G1 X118.984 Y94.672 E273.50725
G1 X118.985 Y93.808 E273.54748
G1 X119.506 Y94.022 E273.57371
G1 X120.33 Y94.657 E273.62215
G1 X120.976 Y95.497 E273.67149
G1 X121.19 Y96.015 E273.69759
G1 X120.328 Y96.016 E273.73773
G1 X119.338 Y97.006 E273.80292
G1 X119.338 Y97.994 E273.84893
G1 X120.328 Y98.984 E273.91412
G1 X121.187 Y98.985 E273.95412
G1 X120.974 Y99.501 E273.98011
G1 X120.336 Y100.336 E274.02904
G1 X119.501 Y100.974 E274.07798
G1 X118.985 Y101.187 E274.10397
G1 X118.984 Y100.328 E274.14397
G1 X117.994 Y99.338 E274.20916
G1 X117.006 Y99.338 E274.25517
G1 X116.016 Y100.328 E274.32036
G1 X116.015 Y101.189 E274.36045
G0 F9000 X116.142 Y100.887
G1 F1500 E267.86045
;MESH:yc1hingeDubel.stl
G0 F9000 X117.5 Y101.967
G0 X117.643 Y103.05
G0 X117.642 Y111.949
G0 X117.5 Y113.033
G0 X117.5 Y121.483
G0 X117.499 Y121.79
;TYPE:WALL-INNER
G1 F1500 E274.36045
G1 F1161.4 X118.615 Y121.643 E274.41287
G1 X119.642 Y121.219 E274.4646
G1 X120.535 Y120.535 E274.51698
G1 X121.219 Y119.642 E274.56936
G1 X121.643 Y118.615 E274.6211
G1 X121.789 Y117.501 E274.67341
G1 X121.643 Y116.381 E274.726
G1 X121.219 Y115.355 E274.7777
G1 X120.531 Y114.46 E274.83026
G1 X119.645 Y113.777 E274.88236
G1 X118.615 Y113.353 E274.93422
G1 X117.499 Y113.207 E274.98663
G1 X116.381 Y113.353 E275.03913
G1 X115.356 Y113.776 E275.09076
G1 X114.464 Y114.464 E275.14322
G1 X113.777 Y115.356 E275.19564
G1 X113.353 Y116.381 E275.24729
G1 X113.206 Y117.501 E275.29989
G1 X113.353 Y118.615 E275.35222
G1 X113.777 Y119.645 E275.40408
G1 X114.46 Y120.531 E275.45617
G1 X115.355 Y121.219 E275.50874
G1 X116.381 Y121.643 E275.56043
G1 X117.499 Y121.79 E275.61294
G0 F9000 X117.499 Y122.194
;TYPE:WALL-OUTER
G1 F1161.4 X118.719 Y122.033 E275.67024
G1 X119.843 Y121.569 E275.72686
G1 X120.821 Y120.821 E275.78419
G1 X121.569 Y119.843 E275.84153
G1 X122.033 Y118.719 E275.89815
G1 X122.193 Y117.501 E275.95535
G1 X122.033 Y116.277 E276.01283
G1 X121.569 Y115.153 E276.06945
G1 X120.817 Y114.175 E276.1269
G1 X119.847 Y113.427 E276.18394
G1 X118.719 Y112.963 E276.24073
G1 X117.499 Y112.803 E276.29803
G1 X116.277 Y112.963 E276.35541
G1 X115.154 Y113.427 E276.41199
G1 X114.179 Y114.179 E276.46933
G1 X113.427 Y115.154 E276.52666
G1 X112.963 Y116.277 E276.58324
G1 X112.802 Y117.501 E276.64073
G1 X112.963 Y118.719 E276.69794
G1 X113.427 Y119.847 E276.75473
G1 X114.175 Y120.817 E276.81177
G1 X115.153 Y121.569 E276.86921
G1 X116.277 Y122.033 E276.92583
G1 X117.499 Y122.194 E276.98323
G0 F9000 X117.5 Y121.483
G0 X116.026 Y121.164
G0 X116.015 Y121.189
;TYPE:FILL
G1 F1161.4 X115.497 Y120.975 E277.00933
G1 X114.657 Y120.33 E277.05864
G1 X114.022 Y119.506 E277.10708
G1 X113.808 Y118.985 E277.13331
G1 X114.672 Y118.984 E277.17354
G1 X115.662 Y117.994 E277.23873
G1 X115.662 Y117.006 E277.28474
G1 X114.672 Y116.016 E277.34993
G1 X113.807 Y116.015 E277.39021
G1 X114.021 Y115.496 E277.41635
G1 X114.663 Y114.663 E277.46532
G1 X115.496 Y114.021 E277.51429
G1 X116.015 Y113.807 E277.54043
G1 X116.016 Y114.672 E277.58071
G1 X117.006 Y115.662 E277.6459
G1 X117.994 Y115.662 E277.69191
G1 X118.984 Y114.672 E277.7571
G1 X118.985 Y113.808 E277.79733
G1 X119.506 Y114.022 E277.82356
G1 X120.33 Y114.657 E277.872
G1 X120.976 Y115.497 E277.92134
G1 X121.19 Y116.015 E277.94744
G1 X120.328 Y116.016 E277.98758
G1 X119.338 Y117.006 E278.05277
G1 X119.338 Y117.994 E278.09878
G1 X120.328 Y118.984 E278.16397
G1 X121.187 Y118.985 E278.20397
G1 X120.974 Y119.501 E278.22996
G1 X120.336 Y120.336 E278.27889
G1 X119.501 Y120.974 E278.32783
G1 X118.985 Y121.187 E278.35382
G1 X118.984 Y120.328 E278.39382
G1 X117.994 Y119.338 E278.45901
G1 X117.006 Y119.338 E278.50502
G1 X116.016 Y120.328 E278.57021
G1 X116.015 Y121.189 E278.6103
G0 F9000 X116.142 Y120.887
G1 F1500 E272.1103
;MESH:NONMESH
G0 F300 X116.142 Y120.887 Z7.28
G0 F9000 X117.5 Y113.033
G0 X117.357 Y111.95
G0 X117.358 Y103.051
G0 X117.5 Y101.967
G0 X117.5 Y101.483
G0 X117.499 Y101.79
;TIME_ELAPSED:394.978673
;LAYER:25
;note -- min layer time used
;TYPE:WALL-INNER
;MESH:yc1hingeDubel.stl(1)
G1 F1500 E278.6103
G1 F1167.1 X118.615 Y101.643 E278.66272
G1 X119.642 Y101.219 E278.71445
G1 X120.535 Y100.535 E278.76683
G1 X121.219 Y99.642 E278.81921
G1 X121.643 Y98.615 E278.87095
G1 X121.789 Y97.501 E278.92326
G1 X121.643 Y96.381 E278.97586
G1 X121.219 Y95.355 E279.02755
G1 X120.531 Y94.46 E279.08011
G1 X119.645 Y93.777 E279.13221
G1 X118.615 Y93.353 E279.18407
G1 X117.499 Y93.207 E279.23648
G1 X116.381 Y93.353 E279.28898
G1 X115.356 Y93.776 E279.34061
G1 X114.464 Y94.464 E279.39307
G1 X113.777 Y95.356 E279.44549
G1 X113.353 Y96.381 E279.49715
G1 X113.206 Y97.501 E279.54974
G1 X113.353 Y98.615 E279.60207
G1 X113.777 Y99.645 E279.65393
G1 X114.46 Y100.531 E279.70602
G1 X115.355 Y101.219 E279.75859
G1 X116.381 Y101.643 E279.81028
G1 X117.499 Y101.79 E279.86279
G0 F9000 X117.499 Y102.194
;TYPE:WALL-OUTER
G1 F1167.1 X118.719 Y102.033 E279.92009
G1 X119.843 Y101.569 E279.97671
G1 X120.821 Y100.821 E280.03405
G1 X121.569 Y99.843 E280.09138
G1 X122.033 Y98.719 E280.148
G1 X122.193 Y97.501 E280.2052
G1 X122.033 Y96.277 E280.26268
G1 X121.569 Y95.153 E280.3193
G1 X120.817 Y94.175 E280.37675
G1 X119.847 Y93.427 E280.43379
G1 X118.719 Y92.963 E280.49058
G1 X117.499 Y92.803 E280.54788
G1 X116.277 Y92.963 E280.60526
G1 X115.154 Y93.427 E280.66184
G1 X114.179 Y94.179 E280.71918
G1 X113.427 Y95.154 E280.77651
G1 X112.963 Y96.277 E280.83309
G1 X112.802 Y97.501 E280.89058
G1 X112.963 Y98.719 E280.94779
G1 X113.427 Y99.847 E281.00458
G1 X114.175 Y100.817 E281.06162
G1 X115.153 Y101.569 E281.11906
G1 X116.277 Y102.033 E281.17569
G1 X117.499 Y102.194 E281.23308
G0 F9000 X117.5 Y101.483
G0 X116.306 Y101.28
G0 X116.295 Y101.305
;TYPE:FILL
G1 F1167.1 X115.497 Y100.975 E281.27329
G1 X114.657 Y100.33 E281.3226
G1 X114.022 Y99.506 E281.37104
G1 X113.692 Y98.705 E281.41138
G1 X114.672 Y98.704 E281.45702
G1 X115.476 Y97.9 E281.50996
G1 X115.476 Y97.1 E281.54721
G1 X114.672 Y96.296 E281.60016
G1 X113.691 Y96.295 E281.64584
G1 X114.021 Y95.496 E281.68609
G1 X114.663 Y94.663 E281.73506
G1 X115.496 Y94.021 E281.78403
G1 X116.295 Y93.691 E281.82428
G1 X116.296 Y94.672 E281.86996
G1 X117.1 Y95.476 E281.92291
G1 X117.9 Y95.476 E281.96016
G1 X118.704 Y94.672 E282.01311
G1 X118.705 Y93.692 E282.05874
G1 X119.506 Y94.022 E282.09908
G1 X120.33 Y94.657 E282.14752
G1 X120.976 Y95.497 E282.19686
G1 X121.305 Y96.295 E282.23705
G1 X120.328 Y96.296 E282.28255
G1 X119.524 Y97.1 E282.33549
G1 X119.524 Y97.9 E282.37274
G1 X120.328 Y98.704 E282.42569
G1 X121.303 Y98.705 E282.47109
G1 X120.974 Y99.501 E282.51119
G1 X120.336 Y100.336 E282.56013
G1 X119.501 Y100.974 E282.60906
G1 X118.705 Y101.303 E282.64916
G1 X118.704 Y100.328 E282.69456
G1 X117.9 Y99.524 E282.74751
G1 X117.1 Y99.524 E282.78476
G1 X116.296 Y100.328 E282.8377
G1 X116.295 Y101.305 E282.8832
G0 F9000 X116.422 Y101.003
G1 F1500 E276.3832
;MESH:yc1hingeDubel.stl
G0 F9000 X117.5 Y101.967
G0 X117.643 Y103.05
G0 X117.642 Y111.949
G0 X117.5 Y113.033
G0 X117.5 Y121.483
G0 X117.499 Y121.79
;TYPE:WALL-INNER
G1 F1500 E282.8832
G1 F1167.1 X118.615 Y121.643 E282.93561
G1 X119.642 Y121.219 E282.98735
G1 X120.535 Y120.535 E283.03973
G1 X121.219 Y119.642 E283.0921
G1 X121.643 Y118.615 E283.14384
G1 X121.789 Y117.501 E283.19616
G1 X121.643 Y116.381 E283.24875
G1 X121.219 Y115.355 E283.30044
G1 X120.531 Y114.46 E283.35301
G1 X119.645 Y113.777 E283.4051
G1 X118.615 Y113.353 E283.45697
G1 X117.499 Y113.207 E283.50937
G1 X116.381 Y113.353 E283.56188
G1 X115.356 Y113.776 E283.61351
G1 X114.464 Y114.464 E283.66596
G1 X113.777 Y115.356 E283.71839
G1 X113.353 Y116.381 E283.77004
G1 X113.206 Y117.501 E283.82264
G1 X113.353 Y118.615 E283.87496
G1 X113.777 Y119.645 E283.92683
G1 X114.46 Y120.531 E283.97892
G1 X115.355 Y121.219 E284.03148
G1 X116.381 Y121.643 E284.08318
G1 X117.499 Y121.79 E284.13568
G0 F9000 X117.499 Y122.194
;TYPE:WALL-OUTER
G1 F1167.1 X118.719 Y122.033 E284.19299
G1 X119.843 Y121.569 E284.24961
G1 X120.821 Y120.821 E284.30694
G1 X121.569 Y119.843 E284.36427
G1 X122.033 Y118.719 E284.42089
G1 X122.193 Y117.501 E284.4781
G1 X122.033 Y116.277 E284.53558
G1 X121.569 Y115.153 E284.5922
G1 X120.817 Y114.175 E284.64964
G1 X119.847 Y113.427 E284.70668
G1 X118.719 Y112.963 E284.76348
G1 X117.499 Y112.803 E284.82077
G1 X116.277 Y112.963 E284.87816
G1 X115.154 Y113.427 E284.93474
G1 X114.179 Y114.179 E284.99207
G1 X113.427 Y115.154 E285.04941
G1 X112.963 Y116.277 E285.10599
G1 X112.802 Y117.501 E285.16347
G1 X112.963 Y118.719 E285.22068
G1 X113.427 Y119.847 E285.27748
G1 X114.175 Y120.817 E285.33451
G1 X115.153 Y121.569 E285.39196
G1 X116.277 Y122.033 E285.44858
G1 X117.499 Y122.194 E285.50597
G0 F9000 X117.5 Y121.483
G0 X116.306 Y121.28
G0 X116.295 Y121.305
;TYPE:FILL
G1 F1167.1 X115.497 Y120.975 E285.54618
G1 X114.657 Y120.33 E285.5955
G1 X114.022 Y119.506 E285.64394
G1 X113.692 Y118.705 E285.68428
G1 X114.672 Y118.704 E285.72991
G1 X115.476 Y117.9 E285.78286
G1 X115.476 Y117.1 E285.82011
G1 X114.672 Y116.296 E285.87305
G1 X113.691 Y116.295 E285.91873
G1 X114.021 Y115.496 E285.95898
G1 X114.663 Y114.663 E286.00796
G1 X115.496 Y114.021 E286.05693
G1 X116.295 Y113.691 E286.09718
G1 X116.296 Y114.672 E286.14286
G1 X117.1 Y115.476 E286.1958
G1 X117.9 Y115.476 E286.23306
G1 X118.704 Y114.672 E286.286
G1 X118.705 Y113.692 E286.33163
G1 X119.506 Y114.022 E286.37197
G1 X120.33 Y114.657 E286.42041
G1 X120.976 Y115.497 E286.46976
G1 X121.305 Y116.295 E286.50995
G1 X120.328 Y116.296 E286.55544
G1 X119.524 Y117.1 E286.60839
G1 X119.524 Y117.9 E286.64564
G1 X120.328 Y118.704 E286.69858
G1 X121.303 Y118.705 E286.74398
G1 X120.974 Y119.501 E286.78409
G1 X120.336 Y120.336 E286.83302
G1 X119.501 Y120.974 E286.88195
G1 X118.705 Y121.303 E286.92206
G1 X118.704 Y120.328 E286.96746
G1 X117.9 Y119.524 E287.0204
G1 X117.1 Y119.524 E287.05765
G1 X116.296 Y120.328 E287.1106
G1 X116.295 Y121.305 E287.15609
G0 F9000 X116.422 Y121.003
G1 F1500 E280.65609
;MESH:NONMESH
G0 F300 X116.422 Y121.003 Z7.56
G0 F9000 X117.5 Y113.033
G0 X117.357 Y111.95
G0 X117.358 Y103.051
G0 X117.5 Y101.967
G0 X117.5 Y101.483
G0 X117.499 Y101.79
;TIME_ELAPSED:407.533335
;LAYER:26
;note -- min layer time used
;TYPE:WALL-INNER
;MESH:yc1hingeDubel.stl(1)
G1 F1500 E287.15609
G1 F1168.5 X118.615 Y101.643 E287.20851
G1 X119.642 Y101.219 E287.26024
G1 X120.535 Y100.535 E287.31262
G1 X121.219 Y99.642 E287.365
G1 X121.643 Y98.615 E287.41674
G1 X121.789 Y97.501 E287.46905
G1 X121.643 Y96.381 E287.52165
G1 X121.219 Y95.355 E287.57334
G1 X120.531 Y94.46 E287.6259
G1 X119.645 Y93.777 E287.678
G1 X118.615 Y93.353 E287.72986
G1 X117.499 Y93.207 E287.78227
G1 X116.381 Y93.353 E287.83477
G1 X115.356 Y93.776 E287.8864
G1 X114.464 Y94.464 E287.93886
G1 X113.777 Y95.356 E287.99128
G1 X113.353 Y96.381 E288.04293
G1 X113.206 Y97.501 E288.09553
G1 X113.353 Y98.615 E288.14786
G1 X113.777 Y99.645 E288.19972
G1 X114.46 Y100.531 E288.25181
G1 X115.355 Y101.219 E288.30438
G1 X116.381 Y101.643 E288.35607
G1 X117.499 Y101.79 E288.40858
G0 F9000 X117.499 Y102.194
;TYPE:WALL-OUTER
G1 F1168.5 X118.719 Y102.033 E288.46588
G1 X119.843 Y101.569 E288.5225
G1 X120.821 Y100.821 E288.57983
G1 X121.569 Y99.843 E288.63717
G1 X122.033 Y98.719 E288.69379
G1 X122.193 Y97.501 E288.75099
G1 X122.033 Y96.277 E288.80847
G1 X121.569 Y95.153 E288.86509
G1 X120.817 Y94.175 E288.92254
G1 X119.847 Y93.427 E288.97958
G1 X118.719 Y92.963 E289.03637
G1 X117.499 Y92.803 E289.09367
G1 X116.277 Y92.963 E289.15105
G1 X115.154 Y93.427 E289.20763
G1 X114.179 Y94.179 E289.26497
G1 X113.427 Y95.154 E289.3223
G1 X112.963 Y96.277 E289.37888
G1 X112.802 Y97.501 E289.43637
G1 X112.963 Y98.719 E289.49358
G1 X113.427 Y99.847 E289.55037
G1 X114.175 Y100.817 E289.60741
G1 X115.153 Y101.569 E289.66485
G1 X116.277 Y102.033 E289.72148
G1 X117.499 Y102.194 E289.77887
G0 F9000 X117.5 Y101.483
G0 X116.579 Y101.362
G0 X116.575 Y101.387
;TYPE:FILL
G1 F1168.5 X116.455 Y101.371 E289.78451
G1 X115.497 Y100.975 E289.83277
G1 X114.657 Y100.33 E289.88209
G1 X114.022 Y99.506 E289.93053
G1 X113.625 Y98.541 E289.97912
G1 X113.61 Y98.425 E289.98456
G1 X114.672 Y98.424 E290.03402
G1 X115.289 Y97.807 E290.07465
G1 X115.289 Y97.193 E290.10324
G1 X114.672 Y96.576 E290.14387
G1 X113.609 Y96.575 E290.19336
G1 X113.625 Y96.455 E290.199
G1 X114.021 Y95.496 E290.24731
G1 X114.663 Y94.663 E290.29629
G1 X115.496 Y94.021 E290.34526
G1 X116.455 Y93.625 E290.39357
G1 X116.575 Y93.609 E290.39921
G1 X116.576 Y94.672 E290.4487
G1 X117.193 Y95.289 E290.48933
G1 X117.807 Y95.289 E290.51792
G1 X118.424 Y94.672 E290.55856
G1 X118.425 Y93.61 E290.60801
G1 X118.541 Y93.625 E290.61345
G1 X119.506 Y94.022 E290.66204
G1 X120.33 Y94.657 E290.71048
G1 X120.976 Y95.497 E290.75982
G1 X121.371 Y96.455 E290.80808
G1 X121.387 Y96.575 E290.81371
G1 X120.328 Y96.576 E290.86302
G1 X119.711 Y97.193 E290.90366
G1 X119.711 Y97.807 E290.93225
G1 X120.328 Y98.424 E290.97288
G1 X121.386 Y98.425 E291.02214
G1 X121.371 Y98.541 E291.02759
G1 X120.974 Y99.501 E291.07596
G1 X120.336 Y100.336 E291.12489
G1 X119.501 Y100.974 E291.17382
G1 X118.541 Y101.371 E291.2222
G1 X118.425 Y101.386 E291.22764
G1 X118.424 Y100.328 E291.27691
G1 X117.807 Y99.711 E291.31754
G1 X117.193 Y99.711 E291.34613
G1 X116.576 Y100.328 E291.38676
G1 X116.575 Y101.387 E291.43607
G0 F9000 X116.619 Y101.065
G1 F1500 E284.93607
;MESH:yc1hingeDubel.stl
G0 F9000 X117.5 Y101.967
G0 X117.643 Y103.05
G0 X117.642 Y111.949
G0 X117.5 Y113.033
G0 X117.5 Y121.483
G0 X117.499 Y121.79
;TYPE:WALL-INNER
G1 F1500 E291.43607
G1 F1168.5 X118.615 Y121.643 E291.48849
G1 X119.642 Y121.219 E291.54022
G1 X120.535 Y120.535 E291.5926
G1 X121.219 Y119.642 E291.64498
G1 X121.643 Y118.615 E291.69672
G1 X121.789 Y117.501 E291.74903
G1 X121.643 Y116.381 E291.80162
G1 X121.219 Y115.355 E291.85332
G1 X120.531 Y114.46 E291.90588
G1 X119.645 Y113.777 E291.95797
G1 X118.615 Y113.353 E292.00984
G1 X117.499 Y113.207 E292.06225
G1 X116.381 Y113.353 E292.11475
G1 X115.356 Y113.776 E292.16638
G1 X114.464 Y114.464 E292.21884
G1 X113.777 Y115.356 E292.27126
G1 X113.353 Y116.381 E292.32291
G1 X113.206 Y117.501 E292.37551
G1 X113.353 Y118.615 E292.42784
G1 X113.777 Y119.645 E292.4797
G1 X114.46 Y120.531 E292.53179
G1 X115.355 Y121.219 E292.58436
G1 X116.381 Y121.643 E292.63605
G1 X117.499 Y121.79 E292.68856
G0 F9000 X117.499 Y122.194
;TYPE:WALL-OUTER
G1 F1168.5 X118.719 Y122.033 E292.74586
G1 X119.843 Y121.569 E292.80248
G1 X120.821 Y120.821 E292.85981
G1 X121.569 Y119.843 E292.91715
G1 X122.033 Y118.719 E292.97377
G1 X122.193 Y117.501 E293.03097
G1 X122.033 Y116.277 E293.08845
G1 X121.569 Y115.153 E293.14507
G1 X120.817 Y114.175 E293.20252
G1 X119.847 Y113.427 E293.25956
G1 X118.719 Y112.963 E293.31635
G1 X117.499 Y112.803 E293.37365
G1 X116.277 Y112.963 E293.43103
G1 X115.154 Y113.427 E293.48761
G1 X114.179 Y114.179 E293.54495
G1 X113.427 Y115.154 E293.60228
G1 X112.963 Y116.277 E293.65886
G1 X112.802 Y117.501 E293.71635
G1 X112.963 Y118.719 E293.77355
G1 X113.427 Y119.847 E293.83035
G1 X114.175 Y120.817 E293.88739
G1 X115.153 Y121.569 E293.94483
G1 X116.277 Y122.033 E294.00145
G1 X117.499 Y122.194 E294.05885
G0 F9000 X117.5 Y121.483
G0 X116.579 Y121.362
G0 X116.575 Y121.387
;TYPE:FILL
G1 F1168.5 X116.455 Y121.371 E294.06448
G1 X115.497 Y120.975 E294.11275
G1 X114.657 Y120.33 E294.16207
G1 X114.022 Y119.506 E294.21051
G1 X113.625 Y118.541 E294.2591
G1 X113.61 Y118.425 E294.26454
G1 X114.672 Y118.424 E294.314
G1 X115.289 Y117.807 E294.35463
G1 X115.289 Y117.193 E294.38322
G1 X114.672 Y116.576 E294.42385
G1 X113.609 Y116.575 E294.47334
G1 X113.625 Y116.455 E294.47898
G1 X114.021 Y115.496 E294.52729
G1 X114.663 Y114.663 E294.57626
G1 X115.496 Y114.021 E294.62524
G1 X116.455 Y113.625 E294.67355
G1 X116.575 Y113.609 E294.67919
G1 X116.576 Y114.672 E294.72868
G1 X117.193 Y115.289 E294.76931
G1 X117.807 Y115.289 E294.7979
G1 X118.424 Y114.672 E294.83853
G1 X118.425 Y113.61 E294.88799
G1 X118.541 Y113.625 E294.89343
G1 X119.506 Y114.022 E294.94202
G1 X120.33 Y114.657 E294.99046
G1 X120.976 Y115.497 E295.0398
G1 X121.371 Y116.455 E295.08806
G1 X121.387 Y116.575 E295.09369
G1 X120.328 Y116.576 E295.143
G1 X119.711 Y117.193 E295.18363
G1 X119.711 Y117.807 E295.21223
G1 X120.328 Y118.424 E295.25286
G1 X121.386 Y118.425 E295.30212
G1 X121.371 Y118.541 E295.30757
G1 X120.974 Y119.501 E295.35594
G1 X120.336 Y120.336 E295.40487
G1 X119.501 Y120.974 E295.4538
G1 X118.541 Y121.371 E295.50218
G1 X118.425 Y121.386 E295.50762
G1 X118.424 Y120.328 E295.55689
G1 X117.807 Y119.711 E295.59752
G1 X117.193 Y119.711 E295.62611
G1 X116.576 Y120.328 E295.66674
G1 X116.575 Y121.387 E295.71605
G0 F9000 X116.619 Y121.065
G1 F1500 E289.21605
;MESH:NONMESH
G0 F300 X116.619 Y121.065 Z7.84
G0 F9000 X117.5 Y113.033
G0 X117.357 Y111.95
G0 X117.358 Y103.051
G0 X117.5 Y101.967
G0 X117.5 Y101.483
G0 X117.499 Y101.79
;TIME_ELAPSED:420.029981
;LAYER:27
;note -- min layer time used
;TYPE:WALL-INNER
;MESH:yc1hingeDubel.stl(1)
G1 F1500 E295.71605
G1 F1164 X118.615 Y101.643 E295.76847
G1 X119.642 Y101.219 E295.8202
G1 X120.535 Y100.535 E295.87258
G1 X121.219 Y99.642 E295.92496
G1 X121.643 Y98.615 E295.97669
G1 X121.789 Y97.501 E296.02901
G1 X121.643 Y96.381 E296.0816
G1 X121.219 Y95.355 E296.1333
G1 X120.531 Y94.46 E296.18586
G1 X119.645 Y93.777 E296.23795
G1 X118.615 Y93.353 E296.28982
G1 X117.499 Y93.207 E296.34223
G1 X116.381 Y93.353 E296.39473
G1 X115.356 Y93.776 E296.44636
G1 X114.464 Y94.464 E296.49882
G1 X113.777 Y95.356 E296.55124
G1 X113.353 Y96.381 E296.60289
G1 X113.206 Y97.501 E296.65549
G1 X113.353 Y98.615 E296.70782
G1 X113.777 Y99.645 E296.75968
G1 X114.46 Y100.531 E296.81177
G1 X115.355 Y101.219 E296.86434
G1 X116.381 Y101.643 E296.91603
G1 X117.499 Y101.79 E296.96854
G0 F9000 X117.499 Y102.194
;TYPE:WALL-OUTER
G1 F1164 X118.719 Y102.033 E297.02584
G1 X119.843 Y101.569 E297.08246
G1 X120.821 Y100.821 E297.13979
G1 X121.569 Y99.843 E297.19713
G1 X122.033 Y98.719 E297.25375
G1 X122.193 Y97.501 E297.31095
G1 X122.033 Y96.277 E297.36843
G1 X121.569 Y95.153 E297.42505
G1 X120.817 Y94.175 E297.4825
G1 X119.847 Y93.427 E297.53954
G1 X118.719 Y92.963 E297.59633
G1 X117.499 Y92.803 E297.65362
G1 X116.277 Y92.963 E297.71101
G1 X115.154 Y93.427 E297.76759
G1 X114.179 Y94.179 E297.82493
G1 X113.427 Y95.154 E297.88226
G1 X112.963 Y96.277 E297.93884
G1 X112.802 Y97.501 E297.99633
G1 X112.963 Y98.719 E298.05353
G1 X113.427 Y99.847 E298.11033
G1 X114.175 Y100.817 E298.16737
G1 X115.153 Y101.569 E298.22481
G1 X116.277 Y102.033 E298.28143
G1 X117.499 Y102.194 E298.33883
G0 F9000 X117.5 Y101.483
G0 X116.859 Y101.398
G0 X116.855 Y101.424
;TYPE:FILL
G1 F1164 X116.455 Y101.371 E298.35762
G1 X115.497 Y100.975 E298.40589
G1 X114.657 Y100.33 E298.4552
G1 X114.022 Y99.506 E298.50364
G1 X113.625 Y98.541 E298.55223
G1 X113.573 Y98.145 E298.57083
G1 X114.672 Y98.144 E298.622
G1 X115.102 Y97.714 E298.65032
G1 X115.102 Y97.286 E298.67025
G1 X114.672 Y96.856 E298.69856
G1 X113.573 Y96.855 E298.74974
G1 X113.625 Y96.455 E298.76852
G1 X114.021 Y95.496 E298.81683
G1 X114.663 Y94.663 E298.8658
G1 X115.496 Y94.021 E298.91477
G1 X116.455 Y93.625 E298.96309
G1 X116.855 Y93.573 E298.98187
G1 X116.856 Y94.672 E299.03304
G1 X117.286 Y95.102 E299.06136
G1 X117.714 Y95.102 E299.08129
G1 X118.144 Y94.672 E299.1096
G1 X118.145 Y93.573 E299.16078
G1 X118.541 Y93.625 E299.17938
G1 X119.506 Y94.022 E299.22796
G1 X120.33 Y94.657 E299.2764
G1 X120.976 Y95.497 E299.32575
G1 X121.371 Y96.455 E299.374
G1 X121.423 Y96.855 E299.39278
G1 X120.328 Y96.856 E299.44377
G1 X119.898 Y97.286 E299.47209
G1 X119.898 Y97.714 E299.49201
G1 X120.328 Y98.144 E299.52033
G1 X121.423 Y98.145 E299.57132
G1 X121.371 Y98.541 E299.58992
G1 X120.974 Y99.501 E299.63829
G1 X120.336 Y100.336 E299.68722
G1 X119.501 Y100.974 E299.73615
G1 X118.541 Y101.371 E299.78453
G1 X118.145 Y101.423 E299.80312
G1 X118.144 Y100.328 E299.85411
G1 X117.714 Y99.898 E299.88243
G1 X117.286 Y99.898 E299.90236
G1 X116.856 Y100.328 E299.93067
G1 X116.855 Y101.424 E299.98171
G0 F9000 X116.898 Y101.101
G1 F1500 E293.48171
;MESH:yc1hingeDubel.stl
G0 F9000 X117.5 Y101.967
G0 X117.643 Y103.05
G0 X117.642 Y111.949
G0 X117.5 Y113.033
G0 X117.5 Y121.483
G0 X117.499 Y121.79
;TYPE:WALL-INNER
G1 F1500 E299.98171
G1 F1164 X118.615 Y121.643 E300.03412
G1 X119.642 Y121.219 E300.08586
G1 X120.535 Y120.535 E300.13824
G1 X121.219 Y119.642 E300.19062
G1 X121.643 Y118.615 E300.24235
G1 X121.789 Y117.501 E300.29467
G1 X121.643 Y116.381 E300.34726
G1 X121.219 Y115.355 E300.39895
G1 X120.531 Y114.46 E300.45152
G1 X119.645 Y113.777 E300.50361
G1 X118.615 Y113.353 E300.55548
G1 X117.499 Y113.207 E300.60789
G1 X116.381 Y113.353 E300.66039
G1 X115.356 Y113.776 E300.71202
G1 X114.464 Y114.464 E300.76447
G1 X113.777 Y115.356 E300.8169
G1 X113.353 Y116.381 E300.86855
G1 X113.206 Y117.501 E300.92115
G1 X113.353 Y118.615 E300.97347
G1 X113.777 Y119.645 E301.02534
G1 X114.46 Y120.531 E301.07743
G1 X115.355 Y121.219 E301.12999
G1 X116.381 Y121.643 E301.18169
G1 X117.499 Y121.79 E301.2342
G0 F9000 X117.499 Y122.194
;TYPE:WALL-OUTER
G1 F1164 X118.719 Y122.033 E301.2915
G1 X119.843 Y121.569 E301.34812
G1 X120.821 Y120.821 E301.40545
G1 X121.569 Y119.843 E301.46278
G1 X122.033 Y118.719 E301.51941
G1 X122.193 Y117.501 E301.57661
G1 X122.033 Y116.277 E301.63409
G1 X121.569 Y115.153 E301.69071
G1 X120.817 Y114.175 E301.74816
G1 X119.847 Y113.427 E301.80519
G1 X118.719 Y112.963 E301.86199
G1 X117.499 Y112.803 E301.91928
G1 X116.277 Y112.963 E301.97667
G1 X115.154 Y113.427 E302.03325
G1 X114.179 Y114.179 E302.09058
G1 X113.427 Y115.154 E302.14792
G1 X112.963 Y116.277 E302.2045
G1 X112.802 Y117.501 E302.26198
G1 X112.963 Y118.719 E302.31919
G1 X113.427 Y119.847 E302.37599
G1 X114.175 Y120.817 E302.43302
G1 X115.153 Y121.569 E302.49047
G1 X116.277 Y122.033 E302.54709
G1 X117.499 Y122.194 E302.60448
G0 F9000 X117.5 Y121.483
G0 X116.859 Y121.398
G0 X116.855 Y121.424
;TYPE:FILL
G1 F1164 X116.455 Y121.371 E302.62327
G1 X115.497 Y120.975 E302.67154
G1 X114.657 Y120.33 E302.72086
G1 X114.022 Y119.506 E302.7693
G1 X113.625 Y118.541 E302.81789
G1 X113.573 Y118.145 E302.83648
G1 X114.672 Y118.144 E302.88766
G1 X115.102 Y117.714 E302.91597
G1 X115.102 Y117.286 E302.9359
G1 X114.672 Y116.856 E302.96422
G1 X113.573 Y116.855 E303.01539
G1 X113.625 Y116.455 E303.03418
G1 X114.021 Y115.496 E303.08249
G1 X114.663 Y114.663 E303.13146
G1 X115.496 Y114.021 E303.18043
G1 X116.455 Y113.625 E303.22874
G1 X116.855 Y113.573 E303.24753
G1 X116.856 Y114.672 E303.2987
G1 X117.286 Y115.102 E303.32702
G1 X117.714 Y115.102 E303.34694
G1 X118.144 Y114.672 E303.37526
G1 X118.145 Y113.573 E303.42644
G1 X118.541 Y113.625 E303.44503
G1 X119.506 Y114.022 E303.49362
G1 X120.33 Y114.657 E303.54206
G1 X120.976 Y115.497 E303.5914
G1 X121.371 Y116.455 E303.63966
G1 X121.423 Y116.855 E303.65844
G1 X120.328 Y116.856 E303.70943
G1 X119.898 Y117.286 E303.73774
G1 X119.898 Y117.714 E303.75767
G1 X120.328 Y118.144 E303.78599
G1 X121.423 Y118.145 E303.83698
G1 X121.371 Y118.541 E303.85557
G1 X120.974 Y119.501 E303.90395
G1 X120.336 Y120.336 E303.95288
G1 X119.501 Y120.974 E304.00181
G1 X118.541 Y121.371 E304.05018
G1 X118.145 Y121.423 E304.06878
G1 X118.144 Y120.328 E304.11977
G1 X117.714 Y119.898 E304.14809
G1 X117.286 Y119.898 E304.16801
G1 X116.856 Y120.328 E304.19633
G1 X116.855 Y121.424 E304.24737
G0 F9000 X116.898 Y121.101
G1 F1500 E297.74737
;MESH:NONMESH
G0 F300 X116.898 Y121.101 Z8.12
G0 F9000 X117.5 Y113.033
G0 X117.357 Y111.95
G0 X117.358 Y103.051
G0 X117.5 Y101.967
G0 X117.5 Y101.483
G0 X117.499 Y101.79
;TIME_ELAPSED:432.468498
;LAYER:28
;note -- min layer time used
;TYPE:WALL-INNER
;MESH:yc1hingeDubel.stl(1)
G1 F1500 E304.24737
G1 F1160.3 X118.615 Y101.643 E304.29978
G1 X119.642 Y101.219 E304.35152
G1 X120.535 Y100.535 E304.40389
G1 X121.219 Y99.642 E304.45627
G1 X121.643 Y98.615 E304.50801
G1 X121.789 Y97.501 E304.56033
G1 X121.643 Y96.381 E304.61292
G1 X121.219 Y95.355 E304.66461
G1 X120.531 Y94.46 E304.71718
G1 X119.645 Y93.777 E304.76927
G1 X118.615 Y93.353 E304.82113
G1 X117.499 Y93.207 E304.87354
G1 X116.381 Y93.353 E304.92604
G1 X115.356 Y93.776 E304.97768
G1 X114.464 Y94.464 E305.03013
G1 X113.777 Y95.356 E305.08256
G1 X113.353 Y96.381 E305.13421
G1 X113.206 Y97.501 E305.18681
G1 X113.353 Y98.615 E305.23913
G1 X113.777 Y99.645 E305.291
G1 X114.46 Y100.531 E305.34309
G1 X115.355 Y101.219 E305.39565
G1 X116.381 Y101.643 E305.44735
G1 X117.499 Y101.79 E305.49985
G0 F9000 X117.499 Y102.194
;TYPE:WALL-OUTER
G1 F1160.3 X118.719 Y102.033 E305.55715
G1 X119.843 Y101.569 E305.61378
G1 X120.821 Y100.821 E305.67111
G1 X121.569 Y99.843 E305.72844
G1 X122.033 Y98.719 E305.78506
G1 X122.193 Y97.501 E305.84227
G1 X122.033 Y96.277 E305.89974
G1 X121.569 Y95.153 E305.95637
G1 X120.817 Y94.175 E306.01381
G1 X119.847 Y93.427 E306.07085
G1 X118.719 Y92.963 E306.12764
G1 X117.499 Y92.803 E306.18494
G1 X116.277 Y92.963 E306.24233
G1 X115.154 Y93.427 E306.29891
G1 X114.179 Y94.179 E306.35624
G1 X113.427 Y95.154 E306.41358
G1 X112.963 Y96.277 E306.47015
G1 X112.802 Y97.501 E306.52764
G1 X112.963 Y98.719 E306.58485
G1 X113.427 Y99.847 E306.64164
G1 X114.175 Y100.817 E306.69868
G1 X115.153 Y101.569 E306.75613
G1 X116.277 Y102.033 E306.81275
G1 X117.499 Y102.194 E306.87014
G0 F9000 X117.135 Y101.46
G0 X117.865 Y101.46
;TYPE:FILL
G1 F1160.3 X117.864 Y100.328 E306.92285
G1 X117.62 Y100.084 E306.93892
G1 X117.38 Y100.084 E306.9501
G1 X117.136 Y100.328 E306.96616
G1 X117.135 Y101.46 E307.01887
G1 X116.455 Y101.371 E307.05081
G1 X115.497 Y100.975 E307.09908
G1 X114.657 Y100.33 E307.14839
G1 X114.022 Y99.506 E307.19683
G1 X113.625 Y98.541 E307.24542
G1 X113.536 Y97.865 E307.27717
G1 X114.672 Y97.864 E307.33007
G1 X114.916 Y97.62 E307.34613
G1 X114.916 Y97.38 E307.35731
G1 X114.672 Y97.136 E307.37338
G1 X113.536 Y97.135 E307.42627
G1 X113.625 Y96.455 E307.45821
G1 X114.021 Y95.496 E307.50652
G1 X114.663 Y94.663 E307.55549
G1 X115.496 Y94.021 E307.60446
G1 X116.455 Y93.625 E307.65277
G1 X117.135 Y93.536 E307.68471
G1 X117.136 Y94.672 E307.73761
G1 X117.38 Y94.916 E307.75367
G1 X117.62 Y94.916 E307.76485
G1 X117.864 Y94.672 E307.78092
G1 X117.865 Y93.537 E307.83377
G1 X118.541 Y93.625 E307.86551
G1 X119.506 Y94.022 E307.9141
G1 X120.33 Y94.657 E307.96254
G1 X120.976 Y95.497 E308.01188
G1 X121.371 Y96.455 E308.06013
G1 X121.459 Y97.135 E308.09206
G1 X120.328 Y97.136 E308.14473
G1 X120.084 Y97.38 E308.16079
G1 X120.084 Y97.62 E308.17197
G1 X120.328 Y97.864 E308.18804
G1 X121.459 Y97.865 E308.2407
G1 X121.371 Y98.541 E308.27244
G1 X120.974 Y99.501 E308.32082
G1 X120.336 Y100.336 E308.36975
G1 X119.501 Y100.974 E308.41868
G1 X118.541 Y101.371 E308.46705
G1 X117.865 Y101.46 E308.4988
G0 F9000 X117.824 Y101.137
G1 F1500 E301.9988
;MESH:yc1hingeDubel.stl
G0 F9000 X117.5 Y101.967
G0 X117.643 Y103.05
G0 X117.642 Y111.949
G0 X117.5 Y113.033
G0 X117.5 Y121.483
G0 X117.499 Y121.79
;TYPE:WALL-INNER
G1 F1500 E308.4988
G1 F1160.3 X118.615 Y121.643 E308.55122
G1 X119.642 Y121.219 E308.60295
G1 X120.535 Y120.535 E308.65533
G1 X121.219 Y119.642 E308.70771
G1 X121.643 Y118.615 E308.75945
G1 X121.789 Y117.501 E308.81176
G1 X121.643 Y116.381 E308.86436
G1 X121.219 Y115.355 E308.91605
G1 X120.531 Y114.46 E308.96861
G1 X119.645 Y113.777 E309.02071
G1 X118.615 Y113.353 E309.07257
G1 X117.499 Y113.207 E309.12498
G1 X116.381 Y113.353 E309.17748
G1 X115.356 Y113.776 E309.22911
G1 X114.464 Y114.464 E309.28157
G1 X113.777 Y115.356 E309.33399
G1 X113.353 Y116.381 E309.38564
G1 X113.206 Y117.501 E309.43824
G1 X113.353 Y118.615 E309.49057
G1 X113.777 Y119.645 E309.54243
G1 X114.46 Y120.531 E309.59452
G1 X115.355 Y121.219 E309.64709
G1 X116.381 Y121.643 E309.69878
G1 X117.499 Y121.79 E309.75129
G0 F9000 X117.499 Y122.194
;TYPE:WALL-OUTER
G1 F1160.3 X118.719 Y122.033 E309.80859
G1 X119.843 Y121.569 E309.86521
G1 X120.821 Y120.821 E309.92254
G1 X121.569 Y119.843 E309.97988
G1 X122.033 Y118.719 E310.0365
G1 X122.193 Y117.501 E310.0937
G1 X122.033 Y116.277 E310.15118
G1 X121.569 Y115.153 E310.2078
G1 X120.817 Y114.175 E310.26525
G1 X119.847 Y113.427 E310.32229
G1 X118.719 Y112.963 E310.37908
G1 X117.499 Y112.803 E310.43638
G1 X116.277 Y112.963 E310.49376
G1 X115.154 Y113.427 E310.55034
G1 X114.179 Y114.179 E310.60768
G1 X113.427 Y115.154 E310.66501
G1 X112.963 Y116.277 E310.72159
G1 X112.802 Y117.501 E310.77908
G1 X112.963 Y118.719 E310.83629
G1 X113.427 Y119.847 E310.89308
G1 X114.175 Y120.817 E310.95012
G1 X115.153 Y121.569 E311.00756
G1 X116.277 Y122.033 E311.06418
G1 X117.499 Y122.194 E311.12158
G0 F9000 X117.135 Y121.46
G0 X117.865 Y121.46
;TYPE:FILL
G1 F1160.3 X117.864 Y120.328 E311.17429
G1 X117.62 Y120.084 E311.19036
G1 X117.38 Y120.084 E311.20153
G1 X117.136 Y120.328 E311.2176
G1 X117.135 Y121.46 E311.27031
G1 X116.455 Y121.371 E311.30224
G1 X115.497 Y120.975 E311.35051
G1 X114.657 Y120.33 E311.39983
G1 X114.022 Y119.506 E311.44827
G1 X113.625 Y118.541 E311.49686
G1 X113.536 Y117.865 E311.52861
G1 X114.672 Y117.864 E311.5815
G1 X114.916 Y117.62 E311.59757
G1 X114.916 Y117.38 E311.60875
G1 X114.672 Y117.136 E311.62481
G1 X113.536 Y117.135 E311.67771
G1 X113.625 Y116.455 E311.70964
G1 X114.021 Y115.496 E311.75796
G1 X114.663 Y114.663 E311.80693
G1 X115.496 Y114.021 E311.8559
G1 X116.455 Y113.625 E311.90421
G1 X117.135 Y113.536 E311.93615
G1 X117.136 Y114.672 E311.98904
G1 X117.38 Y114.916 E312.00511
G1 X117.62 Y114.916 E312.01629
G1 X117.864 Y114.672 E312.03235
G1 X117.865 Y113.537 E312.0852
G1 X118.541 Y113.625 E312.11695
G1 X119.506 Y114.022 E312.16553
G1 X120.33 Y114.657 E312.21398
G1 X120.976 Y115.497 E312.26332
G1 X121.371 Y116.455 E312.31157
G1 X121.459 Y117.135 E312.3435
G1 X120.328 Y117.136 E312.39616
G1 X120.084 Y117.38 E312.41223
G1 X120.084 Y117.62 E312.4234
G1 X120.328 Y117.864 E312.43947
G1 X121.459 Y117.865 E312.49214
G1 X121.371 Y118.541 E312.52388
G1 X120.974 Y119.501 E312.57225
G1 X120.336 Y120.336 E312.62118
G1 X119.501 Y120.974 E312.67012
G1 X118.541 Y121.371 E312.71849
G1 X117.865 Y121.46 E312.75024
G0 F9000 X117.824 Y121.137
G1 F1500 E306.25024
;MESH:NONMESH
G0 F300 X117.824 Y121.137 Z8.4
G0 F9000 X117.5 Y113.033
G0 X117.357 Y111.95
G0 X117.358 Y103.051
G0 X117.5 Y101.967
G0 X117.5 Y101.483
G0 X117.499 Y101.79
;TIME_ELAPSED:444.890078
;LAYER:29
;note -- min layer time used
;TYPE:WALL-INNER
;MESH:yc1hingeDubel.stl(1)
G1 F1500 E312.75024
G1 F1160.2 X118.615 Y101.643 E312.80265
G1 X119.642 Y101.219 E312.85439
G1 X120.535 Y100.535 E312.90677
G1 X121.219 Y99.642 E312.95915
G1 X121.643 Y98.615 E313.01088
G1 X121.789 Y97.501 E313.0632
G1 X121.643 Y96.381 E313.11579
G1 X121.219 Y95.355 E313.16749
G1 X120.531 Y94.46 E313.22005
G1 X119.645 Y93.777 E313.27214
G1 X118.615 Y93.353 E313.32401
G1 X117.499 Y93.207 E313.37642
G1 X116.381 Y93.353 E313.42892
G1 X115.356 Y93.776 E313.48055
G1 X114.464 Y94.464 E313.533
G1 X113.777 Y95.356 E313.58543
G1 X113.353 Y96.381 E313.63708
G1 X113.206 Y97.501 E313.68968
G1 X113.353 Y98.615 E313.742
G1 X113.777 Y99.645 E313.79387
G1 X114.46 Y100.531 E313.84596
G1 X115.355 Y101.219 E313.89853
G1 X116.381 Y101.643 E313.95022
G1 X117.499 Y101.79 E314.00273
G0 F9000 X117.499 Y102.194
;TYPE:WALL-OUTER
G1 F1160.2 X118.719 Y102.033 E314.06003
G1 X119.843 Y101.569 E314.11665
G1 X120.821 Y100.821 E314.17398
G1 X121.569 Y99.843 E314.23131
G1 X122.033 Y98.719 E314.28794
G1 X122.193 Y97.501 E314.34514
G1 X122.033 Y96.277 E314.40262
G1 X121.569 Y95.153 E314.45924
G1 X120.817 Y94.175 E314.51669
G1 X119.847 Y93.427 E314.57372
G1 X118.719 Y92.963 E314.63052
G1 X117.499 Y92.803 E314.68781
G1 X116.277 Y92.963 E314.7452
G1 X115.154 Y93.427 E314.80178
G1 X114.179 Y94.179 E314.85911
G1 X113.427 Y95.154 E314.91645
G1 X112.963 Y96.277 E314.97303
G1 X112.802 Y97.501 E315.03051
G1 X112.963 Y98.719 E315.08772
G1 X113.427 Y99.847 E315.14452
G1 X114.175 Y100.817 E315.20155
G1 X115.153 Y101.569 E315.259
G1 X116.277 Y102.033 E315.31562
G1 X117.499 Y102.194 E315.37301
G0 F9000 X117.325 Y101.485
G0 X117.675 Y101.485
;TYPE:FILL
G1 F1160.2 X117.7 Y100.328 E315.4269
G1 X117.566 Y100.194 E315.43573
G1 X117.434 Y100.194 E315.44187
G1 X117.3 Y100.328 E315.4507
G1 X117.325 Y101.485 E315.50458
G1 X116.455 Y101.371 E315.54544
G1 X115.497 Y100.975 E315.59371
G1 X114.657 Y100.33 E315.64303
G1 X114.022 Y99.506 E315.69147
G1 X113.625 Y98.541 E315.74005
G1 X113.511 Y97.675 E315.78073
G1 X114.672 Y97.7 E315.8348
G1 X114.806 Y97.566 E315.84362
G1 X114.806 Y97.434 E315.84977
G1 X114.672 Y97.3 E315.85859
G1 X113.511 Y97.325 E315.91267
G1 X113.625 Y96.455 E315.95353
G1 X114.021 Y95.496 E316.00184
G1 X114.663 Y94.663 E316.05081
G1 X115.496 Y94.021 E316.09978
G1 X116.455 Y93.625 E316.14809
G1 X117.325 Y93.512 E316.18894
G1 X117.3 Y94.672 E316.24297
G1 X117.434 Y94.806 E316.25179
G1 X117.566 Y94.806 E316.25794
G1 X117.7 Y94.672 E316.26677
G1 X117.675 Y93.512 E316.32079
G1 X118.541 Y93.625 E316.36146
G1 X119.506 Y94.022 E316.41005
G1 X120.33 Y94.657 E316.45849
G1 X120.976 Y95.497 E316.50783
G1 X121.371 Y96.455 E316.55608
G1 X121.484 Y97.325 E316.59693
G1 X120.328 Y97.3 E316.65077
G1 X120.194 Y97.434 E316.6596
G1 X120.194 Y97.566 E316.66574
G1 X120.328 Y97.7 E316.67457
G1 X121.484 Y97.675 E316.72841
G1 X121.371 Y98.541 E316.76908
G1 X120.974 Y99.501 E316.81745
G1 X120.336 Y100.336 E316.86638
G1 X119.501 Y100.974 E316.91531
G1 X118.541 Y101.371 E316.96369
G1 X117.675 Y101.485 E317.00436
G0 F9000 X117.634 Y101.162
G1 F1500 E310.50436
;MESH:yc1hingeDubel.stl
G0 F9000 X117.5 Y101.967
G0 X117.643 Y103.05
G0 X117.642 Y111.949
G0 X117.5 Y113.033
G0 X117.5 Y121.483
G0 X117.499 Y121.79
;TYPE:WALL-INNER
G1 F1500 E317.00436
G1 F1160.2 X118.615 Y121.643 E317.05677
G1 X119.642 Y121.219 E317.10851
G1 X120.535 Y120.535 E317.16089
G1 X121.219 Y119.642 E317.21327
G1 X121.643 Y118.615 E317.265
G1 X121.789 Y117.501 E317.31732
G1 X121.643 Y116.381 E317.36991
G1 X121.219 Y115.355 E317.4216
G1 X120.531 Y114.46 E317.47417
G1 X119.645 Y113.777 E317.52626
G1 X118.615 Y113.353 E317.57813
G1 X117.499 Y113.207 E317.63054
G1 X116.381 Y113.353 E317.68304
G1 X115.356 Y113.776 E317.73467
G1 X114.464 Y114.464 E317.78712
G1 X113.777 Y115.356 E317.83955
G1 X113.353 Y116.381 E317.8912
G1 X113.206 Y117.501 E317.9438
G1 X113.353 Y118.615 E317.99612
G1 X113.777 Y119.645 E318.04799
G1 X114.46 Y120.531 E318.10008
G1 X115.355 Y121.219 E318.15264
G1 X116.381 Y121.643 E318.20434
G1 X117.499 Y121.79 E318.25685
G0 F9000 X117.499 Y122.194
;TYPE:WALL-OUTER
G1 F1160.2 X118.719 Y122.033 E318.31415
G1 X119.843 Y121.569 E318.37077
G1 X120.821 Y120.821 E318.4281
G1 X121.569 Y119.843 E318.48543
G1 X122.033 Y118.719 E318.54206
G1 X122.193 Y117.501 E318.59926
G1 X122.033 Y116.277 E318.65674
G1 X121.569 Y115.153 E318.71336
G1 X120.817 Y114.175 E318.77081
G1 X119.847 Y113.427 E318.82784
G1 X118.719 Y112.963 E318.88464
G1 X117.499 Y112.803 E318.94193
G1 X116.277 Y112.963 E318.99932
G1 X115.154 Y113.427 E319.0559
G1 X114.179 Y114.179 E319.11323
G1 X113.427 Y115.154 E319.17057
G1 X112.963 Y116.277 E319.22715
G1 X112.802 Y117.501 E319.28463
G1 X112.963 Y118.719 E319.34184
G1 X113.427 Y119.847 E319.39864
G1 X114.175 Y120.817 E319.45567
G1 X115.153 Y121.569 E319.51312
G1 X116.277 Y122.033 E319.56974
G1 X117.499 Y122.194 E319.62713
G0 F9000 X117.325 Y121.485
G0 X117.675 Y121.485
;TYPE:FILL
G1 F1160.2 X117.7 Y120.328 E319.68102
G1 X117.566 Y120.194 E319.68985
G1 X117.434 Y120.194 E319.69599
G1 X117.3 Y120.328 E319.70482
G1 X117.325 Y121.485 E319.7587
G1 X116.455 Y121.371 E319.79956
G1 X115.497 Y120.975 E319.84783
G1 X114.657 Y120.33 E319.89714
G1 X114.022 Y119.506 E319.94558
G1 X113.625 Y118.541 E319.99417
G1 X113.511 Y117.675 E320.03485
G1 X114.672 Y117.7 E320.08892
G1 X114.806 Y117.566 E320.09774
G1 X114.806 Y117.434 E320.10389
G1 X114.672 Y117.3 E320.11271
G1 X113.511 Y117.325 E320.16679
G1 X113.625 Y116.455 E320.20764
G1 X114.021 Y115.496 E320.25596
G1 X114.663 Y114.663 E320.30493
G1 X115.496 Y114.021 E320.3539
G1 X116.455 Y113.625 E320.40221
G1 X117.325 Y113.512 E320.44306
G1 X117.3 Y114.672 E320.49709
G1 X117.434 Y114.806 E320.50591
G1 X117.566 Y114.806 E320.51206
G1 X117.7 Y114.672 E320.52088
G1 X117.675 Y113.512 E320.57491
G1 X118.541 Y113.625 E320.61558
G1 X119.506 Y114.022 E320.66417
G1 X120.33 Y114.657 E320.71261
G1 X120.976 Y115.497 E320.76195
G1 X121.371 Y116.455 E320.8102
G1 X121.484 Y117.325 E320.85105
G1 X120.328 Y117.3 E320.90489
G1 X120.194 Y117.434 E320.91372
G1 X120.194 Y117.566 E320.91986
G1 X120.328 Y117.7 E320.92869
G1 X121.484 Y117.675 E320.98253
G1 X121.371 Y118.541 E321.0232
G1 X120.974 Y119.501 E321.07157
G1 X120.336 Y120.336 E321.1205
G1 X119.501 Y120.974 E321.16943
G1 X118.541 Y121.371 E321.2178
G1 X117.675 Y121.485 E321.25848
G0 F9000 X117.634 Y121.162
G1 F1500 E314.75848
;MESH:NONMESH
G0 F300 X117.634 Y121.162 Z8.68
G0 F9000 X117.5 Y113.033
G0 X117.357 Y111.95
G0 X117.358 Y103.051
G0 X117.5 Y101.967
G0 X117.5 Y101.483
G0 X117.499 Y101.79
;TIME_ELAPSED:457.227075
;LAYER:30
;note -- min layer time used
;TYPE:WALL-INNER
;MESH:yc1hingeDubel.stl(1)
G1 F1500 E321.25848
G1 F1157.6 X118.615 Y101.643 E321.31089
G1 X119.642 Y101.219 E321.36263
G1 X120.535 Y100.535 E321.41501
G1 X121.219 Y99.642 E321.46738
G1 X121.643 Y98.615 E321.51912
G1 X121.789 Y97.501 E321.57144
G1 X121.643 Y96.381 E321.62403
G1 X121.219 Y95.355 E321.67572
G1 X120.531 Y94.46 E321.72829
G1 X119.645 Y93.777 E321.78038
G1 X118.615 Y93.353 E321.83225
G1 X117.499 Y93.207 E321.88466
G1 X116.381 Y93.353 E321.93716
G1 X115.356 Y93.776 E321.98879
G1 X114.464 Y94.464 E322.04124
G1 X113.777 Y95.356 E322.09367
G1 X113.353 Y96.381 E322.14532
G1 X113.206 Y97.501 E322.19792
G1 X113.353 Y98.615 E322.25024
G1 X113.777 Y99.645 E322.30211
G1 X114.46 Y100.531 E322.3542
G1 X115.355 Y101.219 E322.40676
G1 X116.381 Y101.643 E322.45846
G1 X117.499 Y101.79 E322.51096
G0 F9000 X117.499 Y102.194
;TYPE:WALL-OUTER
G1 F1157.6 X118.719 Y102.033 E322.56827
G1 X119.843 Y101.569 E322.62489
G1 X120.821 Y100.821 E322.68222
G1 X121.569 Y99.843 E322.73955
G1 X122.033 Y98.719 E322.79617
G1 X122.193 Y97.501 E322.85338
G1 X122.033 Y96.277 E322.91086
G1 X121.569 Y95.153 E322.96748
G1 X120.817 Y94.175 E323.02492
G1 X119.847 Y93.427 E323.08196
G1 X118.719 Y92.963 E323.13876
G1 X117.499 Y92.803 E323.19605
G1 X116.277 Y92.963 E323.25344
G1 X115.154 Y93.427 E323.31002
G1 X114.179 Y94.179 E323.36735
G1 X113.427 Y95.154 E323.42469
G1 X112.963 Y96.277 E323.48127
G1 X112.802 Y97.501 E323.53875
G1 X112.963 Y98.719 E323.59596
G1 X113.427 Y99.847 E323.65276
G1 X114.175 Y100.817 E323.70979
G1 X115.153 Y101.569 E323.76724
G1 X116.277 Y102.033 E323.82386
G1 X117.499 Y102.194 E323.88125
G0 F9000 X117.301 Y101.482
G0 X117.699 Y101.482
;TYPE:FILL
G1 F1157.6 X117.7 Y100.328 E323.93499
G1 X117.566 Y100.194 E323.94381
G1 X117.434 Y100.194 E323.94996
G1 X117.3 Y100.328 E323.95878
G1 X117.301 Y101.482 E324.01252
G1 X116.455 Y101.371 E324.05225
G1 X115.497 Y100.975 E324.10052
G1 X114.657 Y100.33 E324.14983
G1 X114.022 Y99.506 E324.19827
G1 X113.625 Y98.541 E324.24686
G1 X113.514 Y97.699 E324.28641
G1 X114.672 Y97.7 E324.34033
G1 X114.806 Y97.566 E324.34915
G1 X114.806 Y97.434 E324.3553
G1 X114.672 Y97.3 E324.36412
G1 X113.514 Y97.301 E324.41805
G1 X113.625 Y96.455 E324.45778
G1 X114.021 Y95.496 E324.50609
G1 X114.663 Y94.663 E324.55506
G1 X115.496 Y94.021 E324.60403
G1 X116.455 Y93.625 E324.65234
G1 X117.301 Y93.515 E324.69207
G1 X117.3 Y94.672 E324.74594
G1 X117.434 Y94.806 E324.75477
G1 X117.566 Y94.806 E324.76091
G1 X117.7 Y94.672 E324.76974
G1 X117.699 Y93.515 E324.82361
G1 X118.541 Y93.625 E324.86315
G1 X119.506 Y94.022 E324.91174
G1 X120.33 Y94.657 E324.96018
G1 X120.976 Y95.497 E325.00952
G1 X121.371 Y96.455 E325.05778
G1 X121.481 Y97.301 E325.0975
G1 X120.328 Y97.3 E325.15119
G1 X120.194 Y97.434 E325.16001
G1 X120.194 Y97.566 E325.16616
G1 X120.328 Y97.7 E325.17498
G1 X121.481 Y97.699 E325.22867
G1 X121.371 Y98.541 E325.26821
G1 X120.974 Y99.501 E325.31659
G1 X120.336 Y100.336 E325.36552
G1 X119.501 Y100.974 E325.41445
G1 X118.541 Y101.371 E325.46282
G1 X117.699 Y101.482 E325.50237
G0 F9000 X117.658 Y101.159
G1 F1500 E319.00237
;MESH:yc1hingeDubel.stl
G0 F9000 X117.5 Y101.967
G0 X117.643 Y103.05
G0 X117.642 Y111.949
G0 X117.5 Y113.033
G0 X117.5 Y121.483
G0 X117.499 Y121.79
;TYPE:WALL-INNER
G1 F1500 E325.50237
G1 F1157.6 X118.615 Y121.643 E325.55478
G1 X119.642 Y121.219 E325.60652
G1 X120.535 Y120.535 E325.6589
G1 X121.219 Y119.642 E325.71128
G1 X121.643 Y118.615 E325.76301
G1 X121.789 Y117.501 E325.81533
G1 X121.643 Y116.381 E325.86792
G1 X121.219 Y115.355 E325.91962
G1 X120.531 Y114.46 E325.97218
G1 X119.645 Y113.777 E326.02427
G1 X118.615 Y113.353 E326.07614
G1 X117.499 Y113.207 E326.12855
G1 X116.381 Y113.353 E326.18105
G1 X115.356 Y113.776 E326.23268
G1 X114.464 Y114.464 E326.28514
G1 X113.777 Y115.356 E326.33756
G1 X113.353 Y116.381 E326.38921
G1 X113.206 Y117.501 E326.44181
G1 X113.353 Y118.615 E326.49413
G1 X113.777 Y119.645 E326.546
G1 X114.46 Y120.531 E326.59809
G1 X115.355 Y121.219 E326.65066
G1 X116.381 Y121.643 E326.70235
G1 X117.499 Y121.79 E326.75486
G0 F9000 X117.499 Y122.194
;TYPE:WALL-OUTER
G1 F1157.6 X118.719 Y122.033 E326.81216
G1 X119.843 Y121.569 E326.86878
G1 X120.821 Y120.821 E326.92611
G1 X121.569 Y119.843 E326.98344
G1 X122.033 Y118.719 E327.04007
G1 X122.193 Y117.501 E327.09727
G1 X122.033 Y116.277 E327.15475
G1 X121.569 Y115.153 E327.21137
G1 X120.817 Y114.175 E327.26882
G1 X119.847 Y113.427 E327.32585
G1 X118.719 Y112.963 E327.38265
G1 X117.499 Y112.803 E327.43994
G1 X116.277 Y112.963 E327.49733
G1 X115.154 Y113.427 E327.55391
G1 X114.179 Y114.179 E327.61124
G1 X113.427 Y115.154 E327.66858
G1 X112.963 Y116.277 E327.72516
G1 X112.802 Y117.501 E327.78264
G1 X112.963 Y118.719 E327.83985
G1 X113.427 Y119.847 E327.89665
G1 X114.175 Y120.817 E327.95368
G1 X115.153 Y121.569 E328.01113
G1 X116.277 Y122.033 E328.06775
G1 X117.499 Y122.194 E328.12515
G0 F9000 X117.301 Y121.482
G0 X117.699 Y121.482
;TYPE:FILL
G1 F1157.6 X117.7 Y120.328 E328.17888
G1 X117.566 Y120.194 E328.1877
G1 X117.434 Y120.194 E328.19385
G1 X117.3 Y120.328 E328.20268
G1 X117.301 Y121.482 E328.25641
G1 X116.455 Y121.371 E328.29614
G1 X115.497 Y120.975 E328.34441
G1 X114.657 Y120.33 E328.39373
G1 X114.022 Y119.506 E328.44217
G1 X113.625 Y118.541 E328.49075
G1 X113.514 Y117.699 E328.5303
G1 X114.672 Y117.7 E328.58422
G1 X114.806 Y117.566 E328.59305
G1 X114.806 Y117.434 E328.59919
G1 X114.672 Y117.3 E328.60802
G1 X113.514 Y117.301 E328.66194
G1 X113.625 Y116.455 E328.70167
G1 X114.021 Y115.496 E328.74998
G1 X114.663 Y114.663 E328.79895
G1 X115.496 Y114.021 E328.84792
G1 X116.455 Y113.625 E328.89624
G1 X117.301 Y113.515 E328.93596
G1 X117.3 Y114.672 E328.98984
G1 X117.434 Y114.806 E328.99866
G1 X117.566 Y114.806 E329.00481
G1 X117.7 Y114.672 E329.01363
G1 X117.699 Y113.515 E329.0675
G1 X118.541 Y113.625 E329.10705
G1 X119.506 Y114.022 E329.15563
G1 X120.33 Y114.657 E329.20407
G1 X120.976 Y115.497 E329.25342
G1 X121.371 Y116.455 E329.30167
G1 X121.481 Y117.301 E329.34139
G1 X120.328 Y117.3 E329.39508
G1 X120.194 Y117.434 E329.40391
G1 X120.194 Y117.566 E329.41005
G1 X120.328 Y117.7 E329.41888
G1 X121.481 Y117.699 E329.47256
G1 X121.371 Y118.541 E329.51211
G1 X120.974 Y119.501 E329.56048
G1 X120.336 Y120.336 E329.60941
G1 X119.501 Y120.974 E329.65834
G1 X118.541 Y121.371 E329.70671
G1 X117.699 Y121.482 E329.74626
G0 F9000 X117.658 Y121.159
G1 F1500 E323.24626
;MESH:NONMESH
G0 F300 X117.658 Y121.159 Z8.96
G0 F9000 X117.5 Y113.033
G0 X117.357 Y111.95
G0 X117.358 Y103.051
G0 X117.5 Y101.967
G0 X117.5 Y101.483
G0 X117.499 Y101.79
;TIME_ELAPSED:469.561242
;LAYER:31
;note -- min layer time used
;TYPE:WALL-INNER
;MESH:yc1hingeDubel.stl(1)
G1 F1500 E329.74626
G1 F1162.4 X118.615 Y101.643 E329.79868
G1 X119.642 Y101.219 E329.85041
G1 X120.535 Y100.535 E329.90279
G1 X121.219 Y99.642 E329.95517
G1 X121.643 Y98.615 E330.00691
G1 X121.789 Y97.501 E330.05922
G1 X121.643 Y96.381 E330.11181
G1 X121.219 Y95.355 E330.16351
G1 X120.531 Y94.46 E330.21607
G1 X119.645 Y93.777 E330.26816
G1 X118.615 Y93.353 E330.32003
G1 X117.499 Y93.207 E330.37244
G1 X116.381 Y93.353 E330.42494
G1 X115.356 Y93.776 E330.47657
G1 X114.464 Y94.464 E330.52903
G1 X113.777 Y95.356 E330.58145
G1 X113.353 Y96.381 E330.6331
G1 X113.206 Y97.501 E330.6857
G1 X113.353 Y98.615 E330.73803
G1 X113.777 Y99.645 E330.78989
G1 X114.46 Y100.531 E330.84198
G1 X115.355 Y101.219 E330.89455
G1 X116.381 Y101.643 E330.94624
G1 X117.499 Y101.79 E330.99875
G0 F9000 X117.499 Y102.194
;TYPE:WALL-OUTER
G1 F1162.4 X118.719 Y102.033 E331.05605
G1 X119.843 Y101.569 E331.11267
G1 X120.821 Y100.821 E331.17
G1 X121.569 Y99.843 E331.22734
G1 X122.033 Y98.719 E331.28396
G1 X122.193 Y97.501 E331.34116
G1 X122.033 Y96.277 E331.39864
G1 X121.569 Y95.153 E331.45526
G1 X120.817 Y94.175 E331.51271
G1 X119.847 Y93.427 E331.56975
G1 X118.719 Y92.963 E331.62654
G1 X117.499 Y92.803 E331.68383
G1 X116.277 Y92.963 E331.74122
G1 X115.154 Y93.427 E331.7978
G1 X114.179 Y94.179 E331.85514
G1 X113.427 Y95.154 E331.91247
G1 X112.963 Y96.277 E331.96905
G1 X112.802 Y97.501 E332.02654
G1 X112.963 Y98.719 E332.08374
G1 X113.427 Y99.847 E332.14054
G1 X114.175 Y100.817 E332.19758
G1 X115.153 Y101.569 E332.25502
G1 X116.277 Y102.033 E332.31164
G1 X117.499 Y102.194 E332.36904
G0 F9000 X117.023 Y101.446
G0 X117.977 Y101.445
;TYPE:FILL
G1 F1162.4 X117.976 Y100.328 E332.42105
G1 X117.658 Y100.01 E332.44199
G1 X117.342 Y100.01 E332.4567
G1 X117.024 Y100.328 E332.47765
G1 X117.023 Y101.446 E332.5297
G1 X116.455 Y101.371 E332.55638
G1 X115.497 Y100.975 E332.60465
G1 X114.657 Y100.33 E332.65397
G1 X114.022 Y99.506 E332.70241
G1 X113.625 Y98.541 E332.751
G1 X113.551 Y97.977 E332.77748
G1 X114.672 Y97.976 E332.82968
G1 X114.99 Y97.658 E332.85062
G1 X114.99 Y97.342 E332.86534
G1 X114.672 Y97.024 E332.88628
G1 X113.551 Y97.023 E332.93848
G1 X113.625 Y96.455 E332.96515
G1 X114.021 Y95.496 E333.01346
G1 X114.663 Y94.663 E333.06243
G1 X115.496 Y94.021 E333.1114
G1 X116.455 Y93.625 E333.15971
G1 X117.023 Y93.551 E333.18639
G1 X117.024 Y94.672 E333.23858
G1 X117.342 Y94.99 E333.25953
G1 X117.658 Y94.99 E333.27424
G1 X117.976 Y94.672 E333.29518
G1 X117.977 Y93.551 E333.34738
G1 X118.541 Y93.625 E333.37387
G1 X119.506 Y94.022 E333.42245
G1 X120.33 Y94.657 E333.4709
G1 X120.976 Y95.497 E333.52024
G1 X121.371 Y96.455 E333.56849
G1 X121.445 Y97.023 E333.59516
G1 X120.328 Y97.024 E333.64717
G1 X120.01 Y97.342 E333.66811
G1 X120.01 Y97.658 E333.68283
G1 X120.328 Y97.976 E333.70377
G1 X121.445 Y97.977 E333.75578
G1 X121.371 Y98.541 E333.78227
G1 X120.974 Y99.501 E333.83064
G1 X120.336 Y100.336 E333.87957
G1 X119.501 Y100.974 E333.92851
G1 X118.541 Y101.371 E333.97688
G1 X117.977 Y101.445 E334.00337
G0 F9000 X117.936 Y101.123
G1 F1500 E327.50337
;MESH:yc1hingeDubel.stl
G0 F9000 X117.5 Y101.967
G0 X117.643 Y103.05
G0 X117.642 Y111.949
G0 X117.5 Y113.033
G0 X117.5 Y121.483
G0 X117.499 Y121.79
;TYPE:WALL-INNER
G1 F1500 E334.00337
G1 F1162.4 X118.615 Y121.643 E334.05578
G1 X119.642 Y121.219 E334.10752
G1 X120.535 Y120.535 E334.1599
G1 X121.219 Y119.642 E334.21227
G1 X121.643 Y118.615 E334.26401
G1 X121.789 Y117.501 E334.31633
G1 X121.643 Y116.381 E334.36892
G1 X121.219 Y115.355 E334.42061
G1 X120.531 Y114.46 E334.47318
G1 X119.645 Y113.777 E334.52527
G1 X118.615 Y113.353 E334.57714
G1 X117.499 Y113.207 E334.62954
G1 X116.381 Y113.353 E334.68204
G1 X115.356 Y113.776 E334.73368
G1 X114.464 Y114.464 E334.78613
G1 X113.777 Y115.356 E334.83856
G1 X113.353 Y116.381 E334.89021
G1 X113.206 Y117.501 E334.94281
G1 X113.353 Y118.615 E334.99513
G1 X113.777 Y119.645 E335.047
G1 X114.46 Y120.531 E335.09909
G1 X115.355 Y121.219 E335.15165
G1 X116.381 Y121.643 E335.20335
G1 X117.499 Y121.79 E335.25585
G0 F9000 X117.499 Y122.194
;TYPE:WALL-OUTER
G1 F1162.4 X118.719 Y122.033 E335.31315
G1 X119.843 Y121.569 E335.36978
G1 X120.821 Y120.821 E335.42711
G1 X121.569 Y119.843 E335.48444
G1 X122.033 Y118.719 E335.54106
G1 X122.193 Y117.501 E335.59827
G1 X122.033 Y116.277 E335.65575
G1 X121.569 Y115.153 E335.71237
G1 X120.817 Y114.175 E335.76981
G1 X119.847 Y113.427 E335.82685
G1 X118.719 Y112.963 E335.88365
G1 X117.499 Y112.803 E335.94094
G1 X116.277 Y112.963 E335.99833
G1 X115.154 Y113.427 E336.05491
G1 X114.179 Y114.179 E336.11224
G1 X113.427 Y115.154 E336.16958
G1 X112.963 Y116.277 E336.22616
G1 X112.802 Y117.501 E336.28364
G1 X112.963 Y118.719 E336.34085
G1 X113.427 Y119.847 E336.39764
G1 X114.175 Y120.817 E336.45468
G1 X115.153 Y121.569 E336.51213
G1 X116.277 Y122.033 E336.56875
G1 X117.499 Y122.194 E336.62614
G0 F9000 X117.023 Y121.446
G0 X117.977 Y121.445
;TYPE:FILL
G1 F1162.4 X117.976 Y120.328 E336.67815
G1 X117.658 Y120.01 E336.6991
G1 X117.342 Y120.01 E336.71381
G1 X117.024 Y120.328 E336.73475
G1 X117.023 Y121.446 E336.78681
G1 X116.455 Y121.371 E336.81349
G1 X115.497 Y120.975 E336.86176
G1 X114.657 Y120.33 E336.91107
G1 X114.022 Y119.506 E336.95951
G1 X113.625 Y118.541 E337.0081
G1 X113.551 Y117.977 E337.03459
G1 X114.672 Y117.976 E337.08679
G1 X114.99 Y117.658 E337.10773
G1 X114.99 Y117.342 E337.12244
G1 X114.672 Y117.024 E337.14338
G1 X113.551 Y117.023 E337.19558
G1 X113.625 Y116.455 E337.22225
G1 X114.021 Y115.496 E337.27056
G1 X114.663 Y114.663 E337.31954
G1 X115.496 Y114.021 E337.36851
G1 X116.455 Y113.625 E337.41682
G1 X117.023 Y113.551 E337.44349
G1 X117.024 Y114.672 E337.49569
G1 X117.342 Y114.99 E337.51663
G1 X117.658 Y114.99 E337.53134
G1 X117.976 Y114.672 E337.55229
G1 X117.977 Y113.551 E337.60448
G1 X118.541 Y113.625 E337.63097
G1 X119.506 Y114.022 E337.67956
G1 X120.33 Y114.657 E337.728
G1 X120.976 Y115.497 E337.77734
G1 X121.371 Y116.455 E337.82559
G1 X121.445 Y117.023 E337.85227
G1 X120.328 Y117.024 E337.90428
G1 X120.01 Y117.342 E337.92522
G1 X120.01 Y117.658 E337.93993
G1 X120.328 Y117.976 E337.96087
G1 X121.445 Y117.977 E338.01289
G1 X121.371 Y118.541 E338.03937
G1 X120.974 Y119.501 E338.08775
G1 X120.336 Y120.336 E338.13668
G1 X119.501 Y120.974 E338.18561
G1 X118.541 Y121.371 E338.23398
G1 X117.977 Y121.445 E338.26047
G0 F9000 X117.936 Y121.123
G1 F1500 E331.76047
;MESH:NONMESH
G0 F300 X117.936 Y121.123 Z9.24
G0 F9000 X117.5 Y113.033
G0 X117.357 Y111.95
G0 X117.358 Y103.051
G0 X117.5 Y101.967
G0 X117.5 Y101.483
G0 X117.499 Y101.79
;TIME_ELAPSED:482.023124
;LAYER:32
;note -- min layer time used
;TYPE:WALL-INNER
;MESH:yc1hingeDubel.stl(1)
G1 F1500 E338.26047
G1 F1165.9 X118.615 Y101.643 E338.31289
G1 X119.642 Y101.219 E338.36462
G1 X120.535 Y100.535 E338.417
G1 X121.219 Y99.642 E338.46938
G1 X121.643 Y98.615 E338.52112
G1 X121.789 Y97.501 E338.57343
G1 X121.643 Y96.381 E338.62602
G1 X121.219 Y95.355 E338.67772
G1 X120.531 Y94.46 E338.73028
G1 X119.645 Y93.777 E338.78237
G1 X118.615 Y93.353 E338.83424
G1 X117.499 Y93.207 E338.88665
G1 X116.381 Y93.353 E338.93915
G1 X115.356 Y93.776 E338.99078
G1 X114.464 Y94.464 E339.04324
G1 X113.777 Y95.356 E339.09566
G1 X113.353 Y96.381 E339.14731
G1 X113.206 Y97.501 E339.19991
G1 X113.353 Y98.615 E339.25224
G1 X113.777 Y99.645 E339.3041
G1 X114.46 Y100.531 E339.35619
G1 X115.355 Y101.219 E339.40876
G1 X116.381 Y101.643 E339.46045
G1 X117.499 Y101.79 E339.51296
G0 F9000 X117.499 Y102.194
;TYPE:WALL-OUTER
G1 F1165.9 X118.719 Y102.033 E339.57026
G1 X119.843 Y101.569 E339.62688
G1 X120.821 Y100.821 E339.68421
G1 X121.569 Y99.843 E339.74155
G1 X122.033 Y98.719 E339.79817
G1 X122.193 Y97.501 E339.85537
G1 X122.033 Y96.277 E339.91285
G1 X121.569 Y95.153 E339.96947
G1 X120.817 Y94.175 E340.02692
G1 X119.847 Y93.427 E340.08396
G1 X118.719 Y92.963 E340.14075
G1 X117.499 Y92.803 E340.19805
G1 X116.277 Y92.963 E340.25543
G1 X115.154 Y93.427 E340.31201
G1 X114.179 Y94.179 E340.36935
G1 X113.427 Y95.154 E340.42668
G1 X112.963 Y96.277 E340.48326
G1 X112.802 Y97.501 E340.54075
G1 X112.963 Y98.719 E340.59795
G1 X113.427 Y99.847 E340.65475
G1 X114.175 Y100.817 E340.71179
G1 X115.153 Y101.569 E340.76923
G1 X116.277 Y102.033 E340.82585
G1 X117.499 Y102.194 E340.88325
G0 F9000 X117.5 Y101.483
G0 X116.747 Y101.384
G0 X116.743 Y101.409
;TYPE:FILL
G1 F1165.9 X116.455 Y101.371 E340.89677
G1 X115.497 Y100.975 E340.94504
G1 X114.657 Y100.33 E340.99436
G1 X114.022 Y99.506 E341.0428
G1 X113.625 Y98.541 E341.09139
G1 X113.588 Y98.257 E341.10472
G1 X114.672 Y98.256 E341.1552
G1 X115.177 Y97.751 E341.18845
G1 X115.177 Y97.249 E341.21183
G1 X114.672 Y96.744 E341.24508
G1 X113.587 Y96.743 E341.29561
G1 X113.625 Y96.455 E341.30913
G1 X114.021 Y95.496 E341.35745
G1 X114.663 Y94.663 E341.40642
G1 X115.496 Y94.021 E341.45539
G1 X116.455 Y93.625 E341.5037
G1 X116.743 Y93.587 E341.51723
G1 X116.744 Y94.672 E341.56775
G1 X117.249 Y95.177 E341.601
G1 X117.751 Y95.177 E341.62438
G1 X118.256 Y94.672 E341.65763
G1 X118.257 Y93.588 E341.70811
G1 X118.541 Y93.625 E341.72145
G1 X119.506 Y94.022 E341.77003
G1 X120.33 Y94.657 E341.81847
G1 X120.976 Y95.497 E341.86782
G1 X121.371 Y96.455 E341.91607
G1 X121.408 Y96.743 E341.92959
G1 X120.328 Y96.744 E341.97988
G1 X119.823 Y97.249 E342.01313
G1 X119.823 Y97.751 E342.03651
G1 X120.328 Y98.256 E342.06976
G1 X121.408 Y98.257 E342.12005
G1 X121.371 Y98.541 E342.13339
G1 X120.974 Y99.501 E342.18176
G1 X120.336 Y100.336 E342.23069
G1 X119.501 Y100.974 E342.27963
G1 X118.541 Y101.371 E342.328
G1 X118.257 Y101.408 E342.34134
G1 X118.256 Y100.328 E342.39162
G1 X117.751 Y99.823 E342.42488
G1 X117.249 Y99.823 E342.44826
G1 X116.744 Y100.328 E342.48151
G1 X116.743 Y101.409 E342.53185
G0 F9000 X116.787 Y101.087
G1 F1500 E336.03185
;MESH:yc1hingeDubel.stl
G0 F9000 X117.5 Y101.967
G0 X117.643 Y103.05
G0 X117.642 Y111.949
G0 X117.5 Y113.033
G0 X117.5 Y121.483
G0 X117.499 Y121.79
;TYPE:WALL-INNER
G1 F1500 E342.53185
G1 F1165.9 X118.615 Y121.643 E342.58426
G1 X119.642 Y121.219 E342.636
G1 X120.535 Y120.535 E342.68838
G1 X121.219 Y119.642 E342.74075
G1 X121.643 Y118.615 E342.79249
G1 X121.789 Y117.501 E342.84481
G1 X121.643 Y116.381 E342.8974
G1 X121.219 Y115.355 E342.94909
G1 X120.531 Y114.46 E343.00166
G1 X119.645 Y113.777 E343.05375
G1 X118.615 Y113.353 E343.10562
G1 X117.499 Y113.207 E343.15802
G1 X116.381 Y113.353 E343.21052
G1 X115.356 Y113.776 E343.26216
G1 X114.464 Y114.464 E343.31461
G1 X113.777 Y115.356 E343.36704
G1 X113.353 Y116.381 E343.41869
G1 X113.206 Y117.501 E343.47129
G1 X113.353 Y118.615 E343.52361
G1 X113.777 Y119.645 E343.57548
G1 X114.46 Y120.531 E343.62757
G1 X115.355 Y121.219 E343.68013
G1 X116.381 Y121.643 E343.73183
G1 X117.499 Y121.79 E343.78433
G0 F9000 X117.499 Y122.194
;TYPE:WALL-OUTER
G1 F1165.9 X118.719 Y122.033 E343.84163
G1 X119.843 Y121.569 E343.89826
G1 X120.821 Y120.821 E343.95559
G1 X121.569 Y119.843 E344.01292
G1 X122.033 Y118.719 E344.06954
G1 X122.193 Y117.501 E344.12675
G1 X122.033 Y116.277 E344.18423
G1 X121.569 Y115.153 E344.24085
G1 X120.817 Y114.175 E344.29829
G1 X119.847 Y113.427 E344.35533
G1 X118.719 Y112.963 E344.41213
G1 X117.499 Y112.803 E344.46942
G1 X116.277 Y112.963 E344.52681
G1 X115.154 Y113.427 E344.58339
G1 X114.179 Y114.179 E344.64072
G1 X113.427 Y115.154 E344.69806
G1 X112.963 Y116.277 E344.75464
G1 X112.802 Y117.501 E344.81212
G1 X112.963 Y118.719 E344.86933
G1 X113.427 Y119.847 E344.92612
G1 X114.175 Y120.817 E344.98316
G1 X115.153 Y121.569 E345.04061
G1 X116.277 Y122.033 E345.09723
G1 X117.499 Y122.194 E345.15462
G0 F9000 X117.5 Y121.483
G0 X116.747 Y121.384
G0 X116.743 Y121.409
;TYPE:FILL
G1 F1165.9 X116.455 Y121.371 E345.16815
G1 X115.497 Y120.975 E345.21642
G1 X114.657 Y120.33 E345.26573
G1 X114.022 Y119.506 E345.31417
G1 X113.625 Y118.541 E345.36276
G1 X113.588 Y118.257 E345.3761
G1 X114.672 Y118.256 E345.42657
G1 X115.177 Y117.751 E345.45983
G1 X115.177 Y117.249 E345.4832
G1 X114.672 Y116.744 E345.51646
G1 X113.587 Y116.743 E345.56698
G1 X113.625 Y116.455 E345.58051
G1 X114.021 Y115.496 E345.62882
G1 X114.663 Y114.663 E345.67779
G1 X115.496 Y114.021 E345.72676
G1 X116.455 Y113.625 E345.77507
G1 X116.743 Y113.587 E345.7886
G1 X116.744 Y114.672 E345.83912
G1 X117.249 Y115.177 E345.87238
G1 X117.751 Y115.177 E345.89575
G1 X118.256 Y114.672 E345.92901
G1 X118.257 Y113.588 E345.97948
G1 X118.541 Y113.625 E345.99282
G1 X119.506 Y114.022 E346.04141
G1 X120.33 Y114.657 E346.08985
G1 X120.976 Y115.497 E346.13919
G1 X121.371 Y116.455 E346.18744
G1 X121.408 Y116.743 E346.20096
G1 X120.328 Y116.744 E346.25125
G1 X119.823 Y117.249 E346.28451
G1 X119.823 Y117.751 E346.30788
G1 X120.328 Y118.256 E346.34114
G1 X121.408 Y118.257 E346.39143
G1 X121.371 Y118.541 E346.40476
G1 X120.974 Y119.501 E346.45314
G1 X120.336 Y120.336 E346.50207
G1 X119.501 Y120.974 E346.551
G1 X118.541 Y121.371 E346.59937
G1 X118.257 Y121.408 E346.61271
G1 X118.256 Y120.328 E346.663
G1 X117.751 Y119.823 E346.69625
G1 X117.249 Y119.823 E346.71963
G1 X116.744 Y120.328 E346.75289
G1 X116.743 Y121.409 E346.80322
G0 F9000 X116.787 Y121.087
G1 F1500 E340.30322
;MESH:NONMESH
G0 F300 X116.787 Y121.087 Z9.52
G0 F9000 X117.5 Y113.033
G0 X117.357 Y111.95
G0 X117.358 Y103.051
G0 X117.5 Y101.967
G0 X117.5 Y101.483
G0 X117.499 Y101.79
;TIME_ELAPSED:494.486008
;LAYER:33
;note -- min layer time used
;TYPE:WALL-INNER
;MESH:yc1hingeDubel.stl(1)
G1 F1500 E346.80322
G1 F1170.3 X118.615 Y101.643 E346.85564
G1 X119.642 Y101.219 E346.90737
G1 X120.535 Y100.535 E346.95975
G1 X121.219 Y99.642 E347.01213
G1 X121.643 Y98.615 E347.06387
G1 X121.789 Y97.501 E347.11618
G1 X121.643 Y96.381 E347.16877
G1 X121.219 Y95.355 E347.22047
G1 X120.531 Y94.46 E347.27303
G1 X119.645 Y93.777 E347.32512
G1 X118.615 Y93.353 E347.37699
G1 X117.499 Y93.207 E347.4294
G1 X116.381 Y93.353 E347.4819
G1 X115.356 Y93.776 E347.53353
G1 X114.464 Y94.464 E347.58599
G1 X113.777 Y95.356 E347.63841
G1 X113.353 Y96.381 E347.69006
G1 X113.206 Y97.501 E347.74266
G1 X113.353 Y98.615 E347.79499
G1 X113.777 Y99.645 E347.84685
G1 X114.46 Y100.531 E347.89894
G1 X115.355 Y101.219 E347.95151
G1 X116.381 Y101.643 E348.0032
G1 X117.499 Y101.79 E348.05571
G0 F9000 X117.499 Y102.194
;TYPE:WALL-OUTER
G1 F1170.3 X118.719 Y102.033 E348.11301
G1 X119.843 Y101.569 E348.16963
G1 X120.821 Y100.821 E348.22696
G1 X121.569 Y99.843 E348.2843
G1 X122.033 Y98.719 E348.34092
G1 X122.193 Y97.501 E348.39812
G1 X122.033 Y96.277 E348.4556
G1 X121.569 Y95.153 E348.51222
G1 X120.817 Y94.175 E348.56967
G1 X119.847 Y93.427 E348.62671
G1 X118.719 Y92.963 E348.6835
G1 X117.499 Y92.803 E348.74079
G1 X116.277 Y92.963 E348.79818
G1 X115.154 Y93.427 E348.85476
G1 X114.179 Y94.179 E348.9121
G1 X113.427 Y95.154 E348.96943
G1 X112.963 Y96.277 E349.02601
G1 X112.802 Y97.501 E349.0835
G1 X112.963 Y98.719 E349.1407
G1 X113.427 Y99.847 E349.1975
G1 X114.175 Y100.817 E349.25454
G1 X115.153 Y101.569 E349.31198
G1 X116.277 Y102.033 E349.3686
G1 X117.499 Y102.194 E349.426
G0 F9000 X117.5 Y101.483
G0 X116.473 Y101.349
G0 X116.463 Y101.372
;TYPE:FILL
G1 F1170.3 X115.497 Y100.975 E349.47463
G1 X114.657 Y100.33 E349.52394
G1 X114.022 Y99.506 E349.57238
G1 X113.624 Y98.537 E349.62116
G1 X114.672 Y98.536 E349.66996
G1 X115.363 Y97.845 E349.71547
G1 X115.363 Y97.155 E349.74759
G1 X114.672 Y96.464 E349.7931
G1 X113.624 Y96.463 E349.8419
G1 X114.021 Y95.496 E349.89057
G1 X114.663 Y94.663 E349.93954
G1 X115.496 Y94.021 E349.98851
G1 X116.463 Y93.624 E350.03719
G1 X116.464 Y94.672 E350.08599
G1 X117.155 Y95.363 E350.13149
G1 X117.845 Y95.363 E350.16362
G1 X118.536 Y94.672 E350.20912
G1 X118.537 Y93.624 E350.25792
G1 X119.506 Y94.022 E350.3067
G1 X120.33 Y94.657 E350.35514
G1 X120.976 Y95.497 E350.40449
G1 X121.372 Y96.463 E350.4531
G1 X120.328 Y96.464 E350.50171
G1 X119.637 Y97.155 E350.54722
G1 X119.637 Y97.845 E350.57934
G1 X120.328 Y98.536 E350.62485
G1 X121.372 Y98.537 E350.67346
G1 X120.974 Y99.501 E350.72202
G1 X120.336 Y100.336 E350.77096
G1 X119.501 Y100.974 E350.81989
G1 X118.537 Y101.372 E350.86845
G1 X118.536 Y100.328 E350.91706
G1 X117.845 Y99.637 E350.96257
G1 X117.155 Y99.637 E350.9947
G1 X116.464 Y100.328 E351.0402
G1 X116.463 Y101.372 E351.08881
G0 F9000 X116.59 Y101.061
G1 F1500 E344.58881
;MESH:yc1hingeDubel.stl
G0 F9000 X117.5 Y101.967
G0 X117.643 Y103.05
G0 X117.642 Y111.949
G0 X117.5 Y113.033
G0 X117.5 Y121.483
G0 X117.499 Y121.79
;TYPE:WALL-INNER
G1 F1500 E351.08881
G1 F1170.3 X118.615 Y121.643 E351.14123
G1 X119.642 Y121.219 E351.19296
G1 X120.535 Y120.535 E351.24534
G1 X121.219 Y119.642 E351.29772
G1 X121.643 Y118.615 E351.34946
G1 X121.789 Y117.501 E351.40177
G1 X121.643 Y116.381 E351.45437
G1 X121.219 Y115.355 E351.50606
G1 X120.531 Y114.46 E351.55863
G1 X119.645 Y113.777 E351.61072
G1 X118.615 Y113.353 E351.66258
G1 X117.499 Y113.207 E351.71499
G1 X116.381 Y113.353 E351.76749
G1 X115.356 Y113.776 E351.81912
G1 X114.464 Y114.464 E351.87158
G1 X113.777 Y115.356 E351.92401
G1 X113.353 Y116.381 E351.97566
G1 X113.206 Y117.501 E352.02826
G1 X113.353 Y118.615 E352.08058
G1 X113.777 Y119.645 E352.13244
G1 X114.46 Y120.531 E352.18453
G1 X115.355 Y121.219 E352.2371
G1 X116.381 Y121.643 E352.28879
G1 X117.499 Y121.79 E352.3413
G0 F9000 X117.499 Y122.194
;TYPE:WALL-OUTER
G1 F1170.3 X118.719 Y122.033 E352.3986
G1 X119.843 Y121.569 E352.45522
G1 X120.821 Y120.821 E352.51256
G1 X121.569 Y119.843 E352.56989
G1 X122.033 Y118.719 E352.62651
G1 X122.193 Y117.501 E352.68371
G1 X122.033 Y116.277 E352.74119
G1 X121.569 Y115.153 E352.79781
G1 X120.817 Y114.175 E352.85526
G1 X119.847 Y113.427 E352.9123
G1 X118.719 Y112.963 E352.96909
G1 X117.499 Y112.803 E353.02639
G1 X116.277 Y112.963 E353.08377
G1 X115.154 Y113.427 E353.14035
G1 X114.179 Y114.179 E353.19769
G1 X113.427 Y115.154 E353.25502
G1 X112.963 Y116.277 E353.3116
G1 X112.802 Y117.501 E353.36909
G1 X112.963 Y118.719 E353.4263
G1 X113.427 Y119.847 E353.48309
G1 X114.175 Y120.817 E353.54013
G1 X115.153 Y121.569 E353.59757
G1 X116.277 Y122.033 E353.6542
G1 X117.499 Y122.194 E353.71159
G0 F9000 X117.5 Y121.483
G0 X116.473 Y121.349
G0 X116.463 Y121.372
;TYPE:FILL
G1 F1170.3 X115.497 Y120.975 E353.76022
G1 X114.657 Y120.33 E353.80954
G1 X114.022 Y119.506 E353.85798
G1 X113.624 Y118.537 E353.90675
G1 X114.672 Y118.536 E353.95555
G1 X115.363 Y117.845 E354.00106
G1 X115.363 Y117.155 E354.03319
G1 X114.672 Y116.464 E354.07869
G1 X113.624 Y116.463 E354.12749
G1 X114.021 Y115.496 E354.17616
G1 X114.663 Y114.663 E354.22513
G1 X115.496 Y114.021 E354.27411
G1 X116.463 Y113.624 E354.32278
G1 X116.464 Y114.672 E354.37158
G1 X117.155 Y115.363 E354.41708
G1 X117.845 Y115.363 E354.44921
G1 X118.536 Y114.672 E354.49472
G1 X118.537 Y113.624 E354.54352
G1 X119.506 Y114.022 E354.59229
G1 X120.33 Y114.657 E354.64073
G1 X120.976 Y115.497 E354.69008
G1 X121.372 Y116.463 E354.73869
G1 X120.328 Y116.464 E354.7873
G1 X119.637 Y117.155 E354.83281
G1 X119.637 Y117.845 E354.86494
G1 X120.328 Y118.536 E354.91044
G1 X121.372 Y118.537 E354.95905
G1 X120.974 Y119.501 E355.00762
G1 X120.336 Y120.336 E355.05655
G1 X119.501 Y120.974 E355.10548
G1 X118.537 Y121.372 E355.15404
G1 X118.536 Y120.328 E355.20266
G1 X117.845 Y119.637 E355.24816
G1 X117.155 Y119.637 E355.28029
G1 X116.464 Y120.328 E355.32579
G1 X116.463 Y121.372 E355.37441
G0 F9000 X116.59 Y121.061
G1 F1500 E348.87441
;MESH:NONMESH
G0 F300 X116.59 Y121.061 Z9.8
G0 F9000 X117.5 Y113.033
G0 X117.357 Y111.95
G0 X117.358 Y103.051
G0 X117.5 Y101.967
G0 X117.5 Y101.483
G0 X117.499 Y101.79
;TIME_ELAPSED:507.019820
;LAYER:34
;note -- min layer time used
;TYPE:WALL-INNER
;MESH:yc1hingeDubel.stl(1)
G1 F1500 E355.37441
G1 F1165 X118.615 Y101.643 E355.42682
G1 X119.642 Y101.219 E355.47856
G1 X120.535 Y100.535 E355.53093
G1 X121.219 Y99.642 E355.58331
G1 X121.643 Y98.615 E355.63505
G1 X121.789 Y97.501 E355.68737
G1 X121.643 Y96.381 E355.73996
G1 X121.219 Y95.355 E355.79165
G1 X120.531 Y94.46 E355.84422
G1 X119.645 Y93.777 E355.89631
G1 X118.615 Y93.353 E355.94817
G1 X117.499 Y93.207 E356.00058
G1 X116.381 Y93.353 E356.05308
G1 X115.356 Y93.776 E356.10472
G1 X114.464 Y94.464 E356.15717
G1 X113.777 Y95.356 E356.2096
G1 X113.353 Y96.381 E356.26125
G1 X113.206 Y97.501 E356.31385
G1 X113.353 Y98.615 E356.36617
G1 X113.777 Y99.645 E356.41804
G1 X114.46 Y100.531 E356.47013
G1 X115.355 Y101.219 E356.52269
G1 X116.381 Y101.643 E356.57439
G1 X117.499 Y101.79 E356.62689
G0 F9000 X117.499 Y102.194
;TYPE:WALL-OUTER
G1 F1165 X118.719 Y102.033 E356.68419
G1 X119.843 Y101.569 E356.74082
G1 X120.821 Y100.821 E356.79815
G1 X121.569 Y99.843 E356.85548
G1 X122.033 Y98.719 E356.9121
G1 X122.193 Y97.501 E356.96931
G1 X122.033 Y96.277 E357.02678
G1 X121.569 Y95.153 E357.08341
G1 X120.817 Y94.175 E357.14085
G1 X119.847 Y93.427 E357.19789
G1 X118.719 Y92.963 E357.25468
G1 X117.499 Y92.803 E357.31198
G1 X116.277 Y92.963 E357.36937
G1 X115.154 Y93.427 E357.42595
G1 X114.179 Y94.179 E357.48328
G1 X113.427 Y95.154 E357.54062
G1 X112.963 Y96.277 E357.59719
G1 X112.802 Y97.501 E357.65468
G1 X112.963 Y98.719 E357.71189
G1 X113.427 Y99.847 E357.76868
G1 X114.175 Y100.817 E357.82572
G1 X115.153 Y101.569 E357.88317
G1 X116.277 Y102.033 E357.93979
G1 X117.499 Y102.194 E357.99718
G0 F9000 X117.5 Y101.483
G0 X116.194 Y101.234
G0 X116.183 Y101.259
;TYPE:FILL
G1 F1165 X115.497 Y100.975 E358.03175
G1 X114.657 Y100.33 E358.08107
G1 X114.022 Y99.506 E358.12951
G1 X113.739 Y98.817 E358.16419
G1 X114.672 Y98.816 E358.20764
G1 X115.55 Y97.938 E358.26545
G1 X115.55 Y97.062 E358.30624
G1 X114.672 Y96.184 E358.36406
G1 X113.737 Y96.183 E358.4076
G1 X114.021 Y95.496 E358.44222
G1 X114.663 Y94.663 E358.49119
G1 X115.496 Y94.021 E358.54016
G1 X116.183 Y93.737 E358.57477
G1 X116.184 Y94.672 E358.61831
G1 X117.062 Y95.55 E358.67613
G1 X117.938 Y95.55 E358.71692
G1 X118.816 Y94.672 E358.77474
G1 X118.817 Y93.739 E358.81818
G1 X119.506 Y94.022 E358.85286
G1 X120.33 Y94.657 E358.9013
G1 X120.976 Y95.497 E358.95065
G1 X121.259 Y96.183 E358.9852
G1 X120.328 Y96.184 E359.02855
G1 X119.45 Y97.062 E359.08637
G1 X119.45 Y97.938 E359.12716
G1 X120.328 Y98.816 E359.18498
G1 X121.257 Y98.817 E359.22824
G1 X120.974 Y99.501 E359.26271
G1 X120.336 Y100.336 E359.31164
G1 X119.501 Y100.974 E359.36057
G1 X118.817 Y101.257 E359.39504
G1 X118.816 Y100.328 E359.4383
G1 X117.938 Y99.45 E359.49611
G1 X117.062 Y99.45 E359.5369
G1 X116.184 Y100.328 E359.59472
G1 X116.183 Y101.259 E359.63807
G0 F9000 X116.31 Y100.957
G1 F1500 E353.13807
;MESH:yc1hingeDubel.stl
G0 F9000 X117.5 Y101.967
G0 X117.643 Y103.05
G0 X117.642 Y111.949
G0 X117.5 Y113.033
G0 X117.5 Y121.483
G0 X117.499 Y121.79
;TYPE:WALL-INNER
G1 F1500 E359.63807
G1 F1165 X118.615 Y121.643 E359.69049
G1 X119.642 Y121.219 E359.74222
G1 X120.535 Y120.535 E359.7946
G1 X121.219 Y119.642 E359.84698
G1 X121.643 Y118.615 E359.89872
G1 X121.789 Y117.501 E359.95103
G1 X121.643 Y116.381 E360.00363
G1 X121.219 Y115.355 E360.05532
G1 X120.531 Y114.46 E360.10788
G1 X119.645 Y113.777 E360.15998
G1 X118.615 Y113.353 E360.21184
G1 X117.499 Y113.207 E360.26425
G1 X116.381 Y113.353 E360.31675
G1 X115.356 Y113.776 E360.36838
G1 X114.464 Y114.464 E360.42084
G1 X113.777 Y115.356 E360.47326
G1 X113.353 Y116.381 E360.52492
G1 X113.206 Y117.501 E360.57751
G1 X113.353 Y118.615 E360.62984
G1 X113.777 Y119.645 E360.6817
G1 X114.46 Y120.531 E360.73379
G1 X115.355 Y121.219 E360.78636
G1 X116.381 Y121.643 E360.83805
G1 X117.499 Y121.79 E360.89056
G0 F9000 X117.499 Y122.194
;TYPE:WALL-OUTER
G1 F1165 X118.719 Y122.033 E360.94786
G1 X119.843 Y121.569 E361.00448
G1 X120.821 Y120.821 E361.06182
G1 X121.569 Y119.843 E361.11915
G1 X122.033 Y118.719 E361.17577
G1 X122.193 Y117.501 E361.23297
G1 X122.033 Y116.277 E361.29045
G1 X121.569 Y115.153 E361.34707
G1 X120.817 Y114.175 E361.40452
G1 X119.847 Y113.427 E361.46156
G1 X118.719 Y112.963 E361.51835
G1 X117.499 Y112.803 E361.57565
G1 X116.277 Y112.963 E361.63303
G1 X115.154 Y113.427 E361.68961
G1 X114.179 Y114.179 E361.74695
G1 X113.427 Y115.154 E361.80428
G1 X112.963 Y116.277 E361.86086
G1 X112.802 Y117.501 E361.91835
G1 X112.963 Y118.719 E361.97556
G1 X113.427 Y119.847 E362.03235
G1 X114.175 Y120.817 E362.08939
G1 X115.153 Y121.569 E362.14683
G1 X116.277 Y122.033 E362.20346
G1 X117.499 Y122.194 E362.26085
G0 F9000 X117.5 Y121.483
G0 X116.194 Y121.234
G0 X116.183 Y121.259
;TYPE:FILL
G1 F1165 X115.497 Y120.975 E362.29542
G1 X114.657 Y120.33 E362.34474
G1 X114.022 Y119.506 E362.39318
G1 X113.739 Y118.817 E362.42786
G1 X114.672 Y118.816 E362.4713
G1 X115.55 Y117.938 E362.52912
G1 X115.55 Y117.062 E362.56991
G1 X114.672 Y116.184 E362.62773
G1 X113.737 Y116.183 E362.67127
G1 X114.021 Y115.496 E362.70588
G1 X114.663 Y114.663 E362.75485
G1 X115.496 Y114.021 E362.80382
G1 X116.183 Y113.737 E362.83844
G1 X116.184 Y114.672 E362.88198
G1 X117.062 Y115.55 E362.9398
G1 X117.938 Y115.55 E362.98059
G1 X118.816 Y114.672 E363.0384
G1 X118.817 Y113.739 E363.08185
G1 X119.506 Y114.022 E363.11653
G1 X120.33 Y114.657 E363.16497
G1 X120.976 Y115.497 E363.21431
G1 X121.259 Y116.183 E363.24887
G1 X120.328 Y116.184 E363.29222
G1 X119.45 Y117.062 E363.35004
G1 X119.45 Y117.938 E363.39083
G1 X120.328 Y118.816 E363.44865
G1 X121.257 Y118.817 E363.4919
G1 X120.974 Y119.501 E363.52637
G1 X120.336 Y120.336 E363.5753
G1 X119.501 Y120.974 E363.62424
G1 X118.817 Y121.257 E363.6587
G1 X118.816 Y120.328 E363.70196
G1 X117.938 Y119.45 E363.75978
G1 X117.062 Y119.45 E363.80057
G1 X116.184 Y120.328 E363.85839
G1 X116.183 Y121.259 E363.90174
G0 F9000 X116.31 Y120.957
G1 F1500 E357.40174
;MESH:NONMESH
G0 F300 X116.31 Y120.957 Z10.08
G0 F9000 X117.5 Y113.033
G0 X117.357 Y111.95
G0 X117.358 Y103.051
G0 X117.5 Y101.967
G0 X117.5 Y101.483
G0 X117.499 Y101.79
;TIME_ELAPSED:519.585958
;LAYER:35
;note -- min layer time used
;TYPE:WALL-INNER
;MESH:yc1hingeDubel.stl(1)
G1 F1500 E363.90174
G1 F1159.4 X118.615 Y101.643 E363.95415
G1 X119.642 Y101.219 E364.00589
G1 X120.535 Y100.535 E364.05827
G1 X121.219 Y99.642 E364.11065
G1 X121.643 Y98.615 E364.16238
G1 X121.789 Y97.501 E364.2147
G1 X121.643 Y96.381 E364.26729
G1 X121.219 Y95.355 E364.31899
G1 X120.531 Y94.46 E364.37155
G1 X119.645 Y93.777 E364.42364
G1 X118.615 Y93.353 E364.47551
G1 X117.499 Y93.207 E364.52792
G1 X116.381 Y93.353 E364.58042
G1 X115.356 Y93.776 E364.63205
G1 X114.464 Y94.464 E364.68451
G1 X113.777 Y95.356 E364.73693
G1 X113.353 Y96.381 E364.78858
G1 X113.206 Y97.501 E364.84118
G1 X113.353 Y98.615 E364.8935
G1 X113.777 Y99.645 E364.94537
G1 X114.46 Y100.531 E364.99746
G1 X115.355 Y101.219 E365.05003
G1 X116.381 Y101.643 E365.10172
G1 X117.499 Y101.79 E365.15423
G0 F9000 X117.499 Y102.194
;TYPE:WALL-OUTER
G1 F1159.4 X118.719 Y102.033 E365.21153
G1 X119.843 Y101.569 E365.26815
G1 X120.821 Y100.821 E365.32548
G1 X121.569 Y99.843 E365.38281
G1 X122.033 Y98.719 E365.43944
G1 X122.193 Y97.501 E365.49664
G1 X122.033 Y96.277 E365.55412
G1 X121.569 Y95.153 E365.61074
G1 X120.817 Y94.175 E365.66819
G1 X119.847 Y93.427 E365.72522
G1 X118.719 Y92.963 E365.78202
G1 X117.499 Y92.803 E365.83931
G1 X116.277 Y92.963 E365.8967
G1 X115.154 Y93.427 E365.95328
G1 X114.179 Y94.179 E366.01061
G1 X113.427 Y95.154 E366.06795
G1 X112.963 Y96.277 E366.12453
G1 X112.802 Y97.501 E366.18201
G1 X112.963 Y98.719 E366.23922
G1 X113.427 Y99.847 E366.29602
G1 X114.175 Y100.817 E366.35305
G1 X115.153 Y101.569 E366.4105
G1 X116.277 Y102.033 E366.46712
G1 X117.499 Y102.194 E366.52452
G0 F9000 X117.5 Y101.483
G0 X115.914 Y101.118
G0 X115.903 Y101.143
;TYPE:FILL
G1 F1159.4 X115.497 Y100.975 E366.54498
G1 X114.657 Y100.33 E366.59429
G1 X114.022 Y99.506 E366.64273
G1 X113.854 Y99.097 E366.66332
G1 X114.672 Y99.096 E366.70141
G1 X115.737 Y98.031 E366.77154
G1 X115.737 Y96.969 E366.82099
G1 X114.672 Y95.904 E366.89112
G1 X113.853 Y95.903 E366.92926
G1 X114.021 Y95.496 E366.94976
G1 X114.663 Y94.663 E366.99873
G1 X115.496 Y94.021 E367.0477
G1 X115.903 Y93.853 E367.06821
G1 X115.904 Y94.672 E367.10634
G1 X116.969 Y95.737 E367.17648
G1 X118.031 Y95.737 E367.22593
G1 X119.096 Y94.672 E367.29606
G1 X119.097 Y93.854 E367.33415
G1 X119.506 Y94.022 E367.35474
G1 X120.33 Y94.657 E367.40318
G1 X120.976 Y95.497 E367.45252
G1 X121.143 Y95.903 E367.47296
G1 X120.328 Y95.904 E367.51091
G1 X119.263 Y96.969 E367.58104
G1 X119.263 Y98.031 E367.6305
G1 X120.328 Y99.096 E367.70063
G1 X121.141 Y99.097 E367.73848
G1 X120.974 Y99.501 E367.75884
G1 X120.336 Y100.336 E367.80777
G1 X119.501 Y100.974 E367.8567
G1 X119.097 Y101.141 E367.87706
G1 X119.096 Y100.328 E367.91492
G1 X118.031 Y99.263 E367.98505
G1 X116.969 Y99.263 E368.0345
G1 X115.904 Y100.328 E368.10463
G1 X115.903 Y101.143 E368.14258
G0 F9000 X116.03 Y100.841
G1 F1500 E361.64258
;MESH:yc1hingeDubel.stl
G0 F9000 X117.5 Y101.967
G0 X117.643 Y103.05
G0 X117.642 Y111.949
G0 X117.5 Y113.033
G0 X117.5 Y121.483
G0 X117.499 Y121.79
;TYPE:WALL-INNER
G1 F1500 E368.14258
G1 F1159.4 X118.615 Y121.643 E368.195
G1 X119.642 Y121.219 E368.24673
G1 X120.535 Y120.535 E368.29911
G1 X121.219 Y119.642 E368.35149
G1 X121.643 Y118.615 E368.40322
G1 X121.789 Y117.501 E368.45554
G1 X121.643 Y116.381 E368.50813
G1 X121.219 Y115.355 E368.55983
G1 X120.531 Y114.46 E368.61239
G1 X119.645 Y113.777 E368.66448
G1 X118.615 Y113.353 E368.71635
G1 X117.499 Y113.207 E368.76876
G1 X116.381 Y113.353 E368.82126
G1 X115.356 Y113.776 E368.87289
G1 X114.464 Y114.464 E368.92535
G1 X113.777 Y115.356 E368.97777
G1 X113.353 Y116.381 E369.02942
G1 X113.206 Y117.501 E369.08202
G1 X113.353 Y118.615 E369.13435
G1 X113.777 Y119.645 E369.18621
G1 X114.46 Y120.531 E369.2383
G1 X115.355 Y121.219 E369.29087
G1 X116.381 Y121.643 E369.34256
G1 X117.499 Y121.79 E369.39507
G0 F9000 X117.499 Y122.194
;TYPE:WALL-OUTER
G1 F1159.4 X118.719 Y122.033 E369.45237
G1 X119.843 Y121.569 E369.50899
G1 X120.821 Y120.821 E369.56632
G1 X121.569 Y119.843 E369.62366
G1 X122.033 Y118.719 E369.68028
G1 X122.193 Y117.501 E369.73748
G1 X122.033 Y116.277 E369.79496
G1 X121.569 Y115.153 E369.85158
G1 X120.817 Y114.175 E369.90903
G1 X119.847 Y113.427 E369.96607
G1 X118.719 Y112.963 E370.02286
G1 X117.499 Y112.803 E370.08015
G1 X116.277 Y112.963 E370.13754
G1 X115.154 Y113.427 E370.19412
G1 X114.179 Y114.179 E370.25146
G1 X113.427 Y115.154 E370.30879
G1 X112.963 Y116.277 E370.36537
G1 X112.802 Y117.501 E370.42286
G1 X112.963 Y118.719 E370.48006
G1 X113.427 Y119.847 E370.53686
G1 X114.175 Y120.817 E370.5939
G1 X115.153 Y121.569 E370.65134
G1 X116.277 Y122.033 E370.70796
G1 X117.499 Y122.194 E370.76536
G0 F9000 X117.5 Y121.483
G0 X115.914 Y121.118
G0 X115.903 Y121.143
;TYPE:FILL
G1 F1159.4 X115.497 Y120.975 E370.78582
G1 X114.657 Y120.33 E370.83513
G1 X114.022 Y119.506 E370.88357
G1 X113.854 Y119.097 E370.90416
G1 X114.672 Y119.096 E370.94225
G1 X115.737 Y118.031 E371.01238
G1 X115.737 Y116.969 E371.06183
G1 X114.672 Y115.904 E371.13197
G1 X113.853 Y115.903 E371.1701
G1 X114.021 Y115.496 E371.1906
G1 X114.663 Y114.663 E371.23958
G1 X115.496 Y114.021 E371.28855
G1 X115.903 Y113.853 E371.30905
G1 X115.904 Y114.672 E371.34719
G1 X116.969 Y115.737 E371.41732
G1 X118.031 Y115.737 E371.46677
G1 X119.096 Y114.672 E371.5369
G1 X119.097 Y113.854 E371.57499
G1 X119.506 Y114.022 E371.59558
G1 X120.33 Y114.657 E371.64402
G1 X120.976 Y115.497 E371.69336
G1 X121.143 Y115.903 E371.7138
G1 X120.328 Y115.904 E371.75175
G1 X119.263 Y116.969 E371.82189
G1 X119.263 Y118.031 E371.87134
G1 X120.328 Y119.096 E371.94147
G1 X121.141 Y119.097 E371.97933
G1 X120.974 Y119.501 E371.99968
G1 X120.336 Y120.336 E372.04861
G1 X119.501 Y120.974 E372.09754
G1 X119.097 Y121.141 E372.1179
G1 X119.096 Y120.328 E372.15576
G1 X118.031 Y119.263 E372.22589
G1 X116.969 Y119.263 E372.27534
G1 X115.904 Y120.328 E372.34547
G1 X115.903 Y121.143 E372.38342
G0 F9000 X116.03 Y120.841
G1 F1500 E365.88342
;MESH:NONMESH
G0 F300 X116.03 Y120.841 Z10.36
G0 F9000 X117.5 Y113.033
G0 X117.357 Y111.95
G0 X117.358 Y103.051
G0 X117.5 Y101.967
G0 X117.5 Y101.483
G0 X117.499 Y101.79
;TIME_ELAPSED:532.180196
;LAYER:36
;note -- min layer time used
;TYPE:WALL-INNER
;MESH:yc1hingeDubel.stl(1)
G1 F1500 E372.38342
G1 F1149.7 X118.615 Y101.643 E372.43584
G1 X119.642 Y101.219 E372.48757
G1 X120.535 Y100.535 E372.53995
G1 X121.219 Y99.642 E372.59233
G1 X121.643 Y98.615 E372.64407
G1 X121.789 Y97.501 E372.69638
G1 X121.643 Y96.381 E372.74898
G1 X121.219 Y95.355 E372.80067
G1 X120.531 Y94.46 E372.85323
G1 X119.645 Y93.777 E372.90533
G1 X118.615 Y93.353 E372.95719
G1 X117.499 Y93.207 E373.0096
G1 X116.381 Y93.353 E373.0621
G1 X115.356 Y93.776 E373.11373
G1 X114.464 Y94.464 E373.16619
G1 X113.777 Y95.356 E373.21861
G1 X113.353 Y96.381 E373.27027
G1 X113.206 Y97.501 E373.32286
G1 X113.353 Y98.615 E373.37519
G1 X113.777 Y99.645 E373.42705
G1 X114.46 Y100.531 E373.47914
G1 X115.355 Y101.219 E373.53171
G1 X116.381 Y101.643 E373.5834
G1 X117.499 Y101.79 E373.63591
G0 F9000 X117.499 Y102.194
;TYPE:WALL-OUTER
G1 F1149.7 X118.719 Y102.033 E373.69321
G1 X119.843 Y101.569 E373.74983
G1 X120.821 Y100.821 E373.80717
G1 X121.569 Y99.843 E373.8645
G1 X122.033 Y98.719 E373.92112
G1 X122.193 Y97.501 E373.97832
G1 X122.033 Y96.277 E374.0358
G1 X121.569 Y95.153 E374.09242
G1 X120.817 Y94.175 E374.14987
G1 X119.847 Y93.427 E374.20691
G1 X118.719 Y92.963 E374.2637
G1 X117.499 Y92.803 E374.321
G1 X116.277 Y92.963 E374.37838
G1 X115.154 Y93.427 E374.43496
G1 X114.179 Y94.179 E374.4923
G1 X113.427 Y95.154 E374.54963
G1 X112.963 Y96.277 E374.60621
G1 X112.802 Y97.501 E374.6637
G1 X112.963 Y98.719 E374.72091
G1 X113.427 Y99.847 E374.7777
G1 X114.175 Y100.817 E374.83474
G1 X115.153 Y101.569 E374.89218
G1 X116.277 Y102.033 E374.94881
G1 X117.499 Y102.194 E375.0062
G0 F9000 X117.5 Y101.483
G0 X115.623 Y100.962
;TYPE:FILL
G1 F1149.7 X115.561 Y101.024 E375.01028
G1 X114.657 Y100.33 E375.06335
G1 X113.973 Y99.442 E375.11554
G1 X114.038 Y99.377 E375.11982
G1 X114.672 Y99.376 E375.14934
G1 X115.923 Y98.125 E375.23173
G1 X115.923 Y96.875 E375.28993
G1 X114.672 Y95.624 E375.37231
G1 X114.038 Y95.623 E375.40183
G1 X113.973 Y95.558 E375.40611
G1 X114.663 Y94.663 E375.45874
G1 X115.558 Y93.973 E375.51136
G1 X115.623 Y94.038 E375.51564
G1 X115.624 Y94.672 E375.54516
G1 X116.875 Y95.923 E375.62754
G1 X118.125 Y95.923 E375.68575
G1 X119.376 Y94.672 E375.76813
G1 X119.377 Y94.038 E375.79765
G1 X119.442 Y93.973 E375.80193
G1 X120.33 Y94.657 E375.85412
G1 X121.025 Y95.56 E375.90718
G1 X120.962 Y95.623 E375.91133
G1 X120.328 Y95.624 E375.94085
G1 X119.077 Y96.875 E376.02323
G1 X119.077 Y98.125 E376.08144
G1 X120.328 Y99.376 E376.16382
G1 X120.962 Y99.377 E376.19334
G1 X121.023 Y99.438 E376.19736
G1 X120.336 Y100.336 E376.25
G1 X119.438 Y101.023 E376.30265
G1 X119.377 Y100.962 E376.30667
G1 X119.376 Y100.328 E376.33619
G1 X118.125 Y99.077 E376.41857
G1 X116.875 Y99.077 E376.47678
G1 X115.624 Y100.328 E376.55916
G1 X115.623 Y100.962 E376.58868
G0 F9000 X115.727 Y100.715
G1 F1500 E370.08868
;MESH:yc1hingeDubel.stl
G0 F9000 X116.346 Y101.815
G0 X116.204 Y102.9
G0 X117.357 Y111.95
G0 X117.5 Y113.033
G0 X117.5 Y121.483
G0 X117.499 Y121.79
;TYPE:WALL-INNER
G1 F1500 E376.58868
G1 F1149.7 X118.615 Y121.643 E376.64109
G1 X119.642 Y121.219 E376.69283
G1 X120.535 Y120.535 E376.74521
G1 X121.219 Y119.642 E376.79759
G1 X121.643 Y118.615 E376.84932
G1 X121.789 Y117.501 E376.90164
G1 X121.643 Y116.381 E376.95423
G1 X121.219 Y115.355 E377.00593
G1 X120.531 Y114.46 E377.05849
G1 X119.645 Y113.777 E377.11058
G1 X118.615 Y113.353 E377.16245
G1 X117.499 Y113.207 E377.21486
G1 X116.381 Y113.353 E377.26736
G1 X115.356 Y113.776 E377.31899
G1 X114.464 Y114.464 E377.37144
G1 X113.777 Y115.356 E377.42387
G1 X113.353 Y116.381 E377.47552
G1 X113.206 Y117.501 E377.52812
G1 X113.353 Y118.615 E377.58044
G1 X113.777 Y119.645 E377.63231
G1 X114.46 Y120.531 E377.6844
G1 X115.355 Y121.219 E377.73697
G1 X116.381 Y121.643 E377.78866
G1 X117.499 Y121.79 E377.84117
G0 F9000 X117.499 Y122.194
;TYPE:WALL-OUTER
G1 F1149.7 X118.719 Y122.033 E377.89847
G1 X119.843 Y121.569 E377.95509
G1 X120.821 Y120.821 E378.01242
G1 X121.569 Y119.843 E378.06975
G1 X122.033 Y118.719 E378.12638
G1 X122.193 Y117.501 E378.18358
G1 X122.033 Y116.277 E378.24106
G1 X121.569 Y115.153 E378.29768
G1 X120.817 Y114.175 E378.35513
G1 X119.847 Y113.427 E378.41216
G1 X118.719 Y112.963 E378.46896
G1 X117.499 Y112.803 E378.52625
G1 X116.277 Y112.963 E378.58364
G1 X115.154 Y113.427 E378.64022
G1 X114.179 Y114.179 E378.69755
G1 X113.427 Y115.154 E378.75489
G1 X112.963 Y116.277 E378.81147
G1 X112.802 Y117.501 E378.86895
G1 X112.963 Y118.719 E378.92616
G1 X113.427 Y119.847 E378.98296
G1 X114.175 Y120.817 E379.03999
G1 X115.153 Y121.569 E379.09744
G1 X116.277 Y122.033 E379.15406
G1 X117.499 Y122.194 E379.21145
G0 F9000 X117.5 Y121.483
G0 X115.623 Y120.962
;TYPE:FILL
G1 F1149.7 X115.561 Y121.024 E379.21554
G1 X114.657 Y120.33 E379.26861
G1 X113.973 Y119.442 E379.3208
G1 X114.038 Y119.377 E379.32508
G1 X114.672 Y119.376 E379.3546
G1 X115.923 Y118.125 E379.43698
G1 X115.923 Y116.875 E379.49519
G1 X114.672 Y115.624 E379.57757
G1 X114.038 Y115.623 E379.60709
G1 X113.973 Y115.558 E379.61137
G1 X114.663 Y114.663 E379.66399
G1 X115.558 Y113.973 E379.71661
G1 X115.623 Y114.038 E379.72089
G1 X115.624 Y114.672 E379.75042
G1 X116.875 Y115.923 E379.8328
G1 X118.125 Y115.923 E379.891
G1 X119.376 Y114.672 E379.97338
G1 X119.377 Y114.038 E380.0029
G1 X119.442 Y113.973 E380.00718
G1 X120.33 Y114.657 E380.05938
G1 X121.025 Y115.56 E380.11244
G1 X120.962 Y115.623 E380.11659
G1 X120.328 Y115.624 E380.14611
G1 X119.077 Y116.875 E380.22849
G1 X119.077 Y118.125 E380.28669
G1 X120.328 Y119.376 E380.36907
G1 X120.962 Y119.377 E380.3986
G1 X121.023 Y119.438 E380.40261
G1 X120.336 Y120.336 E380.45526
G1 X119.438 Y121.023 E380.50791
G1 X119.377 Y120.962 E380.51192
G1 X119.376 Y120.328 E380.54145
G1 X118.125 Y119.077 E380.62383
G1 X116.875 Y119.077 E380.68203
G1 X115.624 Y120.328 E380.76441
G1 X115.623 Y120.962 E380.79393
G0 F9000 X115.727 Y120.715
G1 F1500 E374.29393
;MESH:NONMESH
G0 F300 X115.727 Y120.715 Z10.64
G0 F9000 X117.5 Y113.033
G0 X117.357 Y111.95
G0 X117.358 Y103.051
G0 X117.5 Y101.967
G0 X117.5 Y101.483
G0 X117.499 Y101.79
;TIME_ELAPSED:544.701541
;LAYER:37
;note -- min layer time used
;TYPE:WALL-INNER
;MESH:yc1hingeDubel.stl(1)
G1 F1500 E380.79393
G1 F1131.6 X118.615 Y101.643 E380.84635
G1 X119.642 Y101.219 E380.89809
G1 X120.535 Y100.535 E380.95046
G1 X121.219 Y99.642 E381.00284
G1 X121.643 Y98.615 E381.05458
G1 X121.789 Y97.501 E381.10689
G1 X121.643 Y96.381 E381.15949
G1 X121.219 Y95.355 E381.21118
G1 X120.531 Y94.46 E381.26375
G1 X119.645 Y93.777 E381.31584
G1 X118.615 Y93.353 E381.3677
G1 X117.499 Y93.207 E381.42011
G1 X116.381 Y93.353 E381.47261
G1 X115.356 Y93.776 E381.52425
G1 X114.464 Y94.464 E381.5767
G1 X113.777 Y95.356 E381.62913
G1 X113.353 Y96.381 E381.68078
G1 X113.206 Y97.501 E381.73338
G1 X113.353 Y98.615 E381.7857
G1 X113.777 Y99.645 E381.83756
G1 X114.46 Y100.531 E381.88966
G1 X115.355 Y101.219 E381.94222
G1 X116.381 Y101.643 E381.99391
G1 X117.499 Y101.79 E382.04642
G0 F9000 X117.499 Y102.194
;TYPE:WALL-OUTER
G1 F1131.6 X118.719 Y102.033 E382.10372
G1 X119.843 Y101.569 E382.16034
G1 X120.821 Y100.821 E382.21768
G1 X121.569 Y99.843 E382.27501
G1 X122.033 Y98.719 E382.33163
G1 X122.193 Y97.501 E382.38883
G1 X122.033 Y96.277 E382.44631
G1 X121.569 Y95.153 E382.50294
G1 X120.817 Y94.175 E382.56038
G1 X119.847 Y93.427 E382.61742
G1 X118.719 Y92.963 E382.67421
G1 X117.499 Y92.803 E382.73151
G1 X116.277 Y92.963 E382.7889
G1 X115.154 Y93.427 E382.84547
G1 X114.179 Y94.179 E382.90281
G1 X113.427 Y95.154 E382.96014
G1 X112.963 Y96.277 E383.01672
G1 X112.802 Y97.501 E383.07421
G1 X112.963 Y98.719 E383.13142
G1 X113.427 Y99.847 E383.18821
G1 X114.175 Y100.817 E383.24525
G1 X115.153 Y101.569 E383.3027
G1 X116.277 Y102.033 E383.35932
G1 X117.499 Y102.194 E383.41671
G0 F9000 X117.5 Y101.483
G0 X115.343 Y100.776
;TYPE:FILL
G1 F1131.6 X115.297 Y100.822 E383.41974
G1 X114.657 Y100.33 E383.45733
G1 X114.176 Y99.705 E383.49405
G1 X114.224 Y99.657 E383.49721
G1 X114.672 Y99.656 E383.51807
G1 X116.11 Y98.218 E383.61277
G1 X116.11 Y96.782 E383.67964
G1 X114.672 Y95.344 E383.77433
G1 X114.224 Y95.343 E383.79519
G1 X114.176 Y95.295 E383.79835
G1 X114.663 Y94.663 E383.8355
G1 X115.295 Y94.176 E383.87266
G1 X115.343 Y94.224 E383.87582
G1 X115.344 Y94.672 E383.89668
G1 X116.782 Y96.11 E383.99137
G1 X118.218 Y96.11 E384.05824
G1 X119.656 Y94.672 E384.15293
G1 X119.657 Y94.224 E384.17379
G1 X119.705 Y94.176 E384.17695
G1 X120.33 Y94.657 E384.21368
G1 X120.822 Y95.297 E384.25127
G1 X120.776 Y95.343 E384.2543
G1 X120.328 Y95.344 E384.27516
G1 X118.89 Y96.782 E384.36985
G1 X118.89 Y98.218 E384.43672
G1 X120.328 Y99.656 E384.53141
G1 X120.776 Y99.657 E384.55227
G1 X120.821 Y99.702 E384.55524
G1 X120.336 Y100.336 E384.59241
G1 X119.702 Y100.821 E384.62958
G1 X119.657 Y100.776 E384.63254
G1 X119.656 Y100.328 E384.6534
G1 X118.218 Y98.89 E384.74809
G1 X116.782 Y98.89 E384.81496
G1 X115.344 Y100.328 E384.90966
G1 X115.343 Y100.776 E384.93052
G0 F9000 X115.504 Y100.567
G1 F1500 E378.43052
;MESH:yc1hingeDubel.stl
G0 F9000 X116.346 Y101.815
G0 X116.204 Y102.9
G0 X117.357 Y111.95
G0 X117.5 Y113.033
G0 X117.5 Y121.483
G0 X117.499 Y121.79
;TYPE:WALL-INNER
G1 F1500 E384.93052
G1 F1131.6 X118.615 Y121.643 E384.98293
G1 X119.642 Y121.219 E385.03467
G1 X120.535 Y120.535 E385.08705
G1 X121.219 Y119.642 E385.13942
G1 X121.643 Y118.615 E385.19116
G1 X121.789 Y117.501 E385.24348
G1 X121.643 Y116.381 E385.29607
G1 X121.219 Y115.355 E385.34776
G1 X120.531 Y114.46 E385.40033
G1 X119.645 Y113.777 E385.45242
G1 X118.615 Y113.353 E385.50429
G1 X117.499 Y113.207 E385.55669
G1 X116.381 Y113.353 E385.60919
G1 X115.356 Y113.776 E385.66083
G1 X114.464 Y114.464 E385.71328
G1 X113.777 Y115.356 E385.76571
G1 X113.353 Y116.381 E385.81736
G1 X113.206 Y117.501 E385.86996
G1 X113.353 Y118.615 E385.92228
G1 X113.777 Y119.645 E385.97415
G1 X114.46 Y120.531 E386.02624
G1 X115.355 Y121.219 E386.0788
G1 X116.381 Y121.643 E386.1305
G1 X117.499 Y121.79 E386.183
G0 F9000 X117.499 Y122.194
;TYPE:WALL-OUTER
G1 F1131.6 X118.719 Y122.033 E386.2403
G1 X119.843 Y121.569 E386.29693
G1 X120.821 Y120.821 E386.35426
G1 X121.569 Y119.843 E386.41159
G1 X122.033 Y118.719 E386.46821
G1 X122.193 Y117.501 E386.52542
G1 X122.033 Y116.277 E386.5829
G1 X121.569 Y115.153 E386.63952
G1 X120.817 Y114.175 E386.69696
G1 X119.847 Y113.427 E386.754
G1 X118.719 Y112.963 E386.8108
G1 X117.499 Y112.803 E386.86809
G1 X116.277 Y112.963 E386.92548
G1 X115.154 Y113.427 E386.98206
G1 X114.179 Y114.179 E387.03939
G1 X113.427 Y115.154 E387.09673
G1 X112.963 Y116.277 E387.15331
G1 X112.802 Y117.501 E387.21079
G1 X112.963 Y118.719 E387.268
G1 X113.427 Y119.847 E387.32479
G1 X114.175 Y120.817 E387.38183
G1 X115.153 Y121.569 E387.43928
G1 X116.277 Y122.033 E387.4959
G1 X117.499 Y122.194 E387.55329
G0 F9000 X117.5 Y121.483
G0 X115.343 Y120.776
;TYPE:FILL
G1 F1131.6 X115.297 Y120.822 E387.55632
G1 X114.657 Y120.33 E387.59391
G1 X114.176 Y119.705 E387.63063
G1 X114.224 Y119.657 E387.6338
G1 X114.672 Y119.656 E387.65466
G1 X116.11 Y118.218 E387.74935
G1 X116.11 Y116.782 E387.81622
G1 X114.672 Y115.344 E387.91091
G1 X114.224 Y115.343 E387.93177
G1 X114.176 Y115.295 E387.93493
G1 X114.663 Y114.663 E387.97209
G1 X115.295 Y114.176 E388.00924
G1 X115.343 Y114.224 E388.0124
G1 X115.344 Y114.672 E388.03326
G1 X116.782 Y116.11 E388.12795
G1 X118.218 Y116.11 E388.19482
G1 X119.656 Y114.672 E388.28952
G1 X119.657 Y114.224 E388.31038
G1 X119.705 Y114.176 E388.31354
G1 X120.33 Y114.657 E388.35026
G1 X120.822 Y115.297 E388.38785
G1 X120.776 Y115.343 E388.39088
G1 X120.328 Y115.344 E388.41174
G1 X118.89 Y116.782 E388.50643
G1 X118.89 Y118.218 E388.5733
G1 X120.328 Y119.656 E388.668
G1 X120.776 Y119.657 E388.68886
G1 X120.821 Y119.702 E388.69182
G1 X120.336 Y120.336 E388.72899
G1 X119.702 Y120.821 E388.76616
G1 X119.657 Y120.776 E388.76912
G1 X119.656 Y120.328 E388.78998
G1 X118.218 Y118.89 E388.88468
G1 X116.782 Y118.89 E388.95154
G1 X115.344 Y120.328 E389.04624
G1 X115.343 Y120.776 E389.0671
G0 F9000 X115.504 Y120.567
G1 F1500 E382.5671
;MESH:NONMESH
G0 F300 X115.504 Y120.567 Z10.92
G0 F9000 X117.5 Y113.033
G0 X117.357 Y111.95
G0 X117.358 Y103.051
G0 X117.5 Y101.967
G0 X117.5 Y101.483
G0 X117.499 Y101.79
;TIME_ELAPSED:557.228816
;LAYER:38
;note -- min layer time used
;TYPE:WALL-INNER
;MESH:yc1hingeDubel.stl(1)
G1 F1500 E389.0671
G1 F1113.4 X118.615 Y101.643 E389.11951
G1 X119.642 Y101.219 E389.17125
G1 X120.535 Y100.535 E389.22363
G1 X121.219 Y99.642 E389.27601
G1 X121.643 Y98.615 E389.32774
G1 X121.789 Y97.501 E389.38006
G1 X121.643 Y96.381 E389.43265
G1 X121.219 Y95.355 E389.48435
G1 X120.531 Y94.46 E389.53691
G1 X119.645 Y93.777 E389.589
G1 X118.615 Y93.353 E389.64087
G1 X117.499 Y93.207 E389.69328
G1 X116.381 Y93.353 E389.74578
G1 X115.356 Y93.776 E389.79741
G1 X114.464 Y94.464 E389.84986
G1 X113.777 Y95.356 E389.90229
G1 X113.353 Y96.381 E389.95394
G1 X113.206 Y97.501 E390.00654
G1 X113.353 Y98.615 E390.05886
G1 X113.777 Y99.645 E390.11073
G1 X114.46 Y100.531 E390.16282
G1 X115.355 Y101.219 E390.21538
G1 X116.381 Y101.643 E390.26708
G1 X117.499 Y101.79 E390.31959
G0 F9000 X117.499 Y102.194
;TYPE:WALL-OUTER
G1 F1113.4 X118.719 Y102.033 E390.37689
G1 X119.843 Y101.569 E390.43351
G1 X120.821 Y100.821 E390.49084
G1 X121.569 Y99.843 E390.54817
G1 X122.033 Y98.719 E390.6048
G1 X122.193 Y97.501 E390.662
G1 X122.033 Y96.277 E390.71948
G1 X121.569 Y95.153 E390.7761
G1 X120.817 Y94.175 E390.83355
G1 X119.847 Y93.427 E390.89058
G1 X118.719 Y92.963 E390.94738
G1 X117.499 Y92.803 E391.00467
G1 X116.277 Y92.963 E391.06206
G1 X115.154 Y93.427 E391.11864
G1 X114.179 Y94.179 E391.17597
G1 X113.427 Y95.154 E391.23331
G1 X112.963 Y96.277 E391.28989
G1 X112.802 Y97.501 E391.34737
G1 X112.963 Y98.719 E391.40458
G1 X113.427 Y99.847 E391.46138
G1 X114.175 Y100.817 E391.51841
G1 X115.153 Y101.569 E391.57586
G1 X116.277 Y102.033 E391.63248
G1 X117.499 Y102.194 E391.68987
G0 F9000 X117.5 Y101.483
G0 X115.063 Y100.589
;TYPE:FILL
G1 F1113.4 X115.033 Y100.619 E391.69185
G1 X114.657 Y100.33 E391.71393
G1 X114.379 Y99.969 E391.73515
G1 X114.411 Y99.937 E391.73726
G1 X114.672 Y99.936 E391.74941
G1 X116.297 Y98.311 E391.85642
G1 X116.297 Y96.689 E391.93195
G1 X114.672 Y95.064 E392.03895
G1 X114.411 Y95.063 E392.05111
G1 X114.379 Y95.031 E392.05322
G1 X114.663 Y94.663 E392.07486
G1 X115.031 Y94.379 E392.09651
G1 X115.063 Y94.411 E392.09861
G1 X115.064 Y94.672 E392.11077
G1 X116.689 Y96.297 E392.21777
G1 X118.311 Y96.297 E392.2933
G1 X119.936 Y94.672 E392.40031
G1 X119.937 Y94.411 E392.41246
G1 X119.969 Y94.379 E392.41457
G1 X120.33 Y94.657 E392.43579
G1 X120.619 Y95.033 E392.45787
G1 X120.589 Y95.063 E392.45985
G1 X120.328 Y95.064 E392.472
G1 X118.703 Y96.689 E392.57901
G1 X118.703 Y98.311 E392.65454
G1 X120.328 Y99.936 E392.76154
G1 X120.589 Y99.937 E392.7737
G1 X120.618 Y99.966 E392.77561
G1 X120.336 Y100.336 E392.79727
G1 X119.966 Y100.618 E392.81893
G1 X119.937 Y100.589 E392.82084
G1 X119.936 Y100.328 E392.833
G1 X118.311 Y98.703 E392.94
G1 X116.689 Y98.703 E393.01553
G1 X115.064 Y100.328 E393.12254
G1 X115.063 Y100.589 E393.13469
G0 F9000 X115.238 Y100.363
G1 F1500 E386.63469
;MESH:yc1hingeDubel.stl
G0 F9000 X116.346 Y101.815
G0 X116.204 Y102.9
G0 X117.357 Y111.95
G0 X117.5 Y113.033
G0 X117.5 Y121.483
G0 X117.499 Y121.79
;TYPE:WALL-INNER
G1 F1500 E393.13469
G1 F1113.4 X118.615 Y121.643 E393.18711
G1 X119.642 Y121.219 E393.23884
G1 X120.535 Y120.535 E393.29122
G1 X121.219 Y119.642 E393.3436
G1 X121.643 Y118.615 E393.39534
G1 X121.789 Y117.501 E393.44765
G1 X121.643 Y116.381 E393.50025
G1 X121.219 Y115.355 E393.55194
G1 X120.531 Y114.46 E393.60451
G1 X119.645 Y113.777 E393.6566
G1 X118.615 Y113.353 E393.70846
G1 X117.499 Y113.207 E393.76087
G1 X116.381 Y113.353 E393.81337
G1 X115.356 Y113.776 E393.86501
G1 X114.464 Y114.464 E393.91746
G1 X113.777 Y115.356 E393.96989
G1 X113.353 Y116.381 E394.02154
G1 X113.206 Y117.501 E394.07414
G1 X113.353 Y118.615 E394.12646
G1 X113.777 Y119.645 E394.17832
G1 X114.46 Y120.531 E394.23041
G1 X115.355 Y121.219 E394.28298
G1 X116.381 Y121.643 E394.33467
G1 X117.499 Y121.79 E394.38718
G0 F9000 X117.499 Y122.194
;TYPE:WALL-OUTER
G1 F1113.4 X118.719 Y122.033 E394.44448
G1 X119.843 Y121.569 E394.5011
G1 X120.821 Y120.821 E394.55844
G1 X121.569 Y119.843 E394.61577
G1 X122.033 Y118.719 E394.67239
G1 X122.193 Y117.501 E394.72959
G1 X122.033 Y116.277 E394.78707
G1 X121.569 Y115.153 E394.8437
G1 X120.817 Y114.175 E394.90114
G1 X119.847 Y113.427 E394.95818
G1 X118.719 Y112.963 E395.01497
G1 X117.499 Y112.803 E395.07227
G1 X116.277 Y112.963 E395.12965
G1 X115.154 Y113.427 E395.18623
G1 X114.179 Y114.179 E395.24357
G1 X113.427 Y115.154 E395.3009
G1 X112.963 Y116.277 E395.35748
G1 X112.802 Y117.501 E395.41497
G1 X112.963 Y118.719 E395.47218
G1 X113.427 Y119.847 E395.52897
G1 X114.175 Y120.817 E395.58601
G1 X115.153 Y121.569 E395.64345
G1 X116.277 Y122.033 E395.70008
G1 X117.499 Y122.194 E395.75747
G0 F9000 X117.5 Y121.483
G0 X115.063 Y120.589
;TYPE:FILL
G1 F1113.4 X115.033 Y120.619 E395.75945
G1 X114.657 Y120.33 E395.78153
G1 X114.379 Y119.969 E395.80274
G1 X114.411 Y119.937 E395.80485
G1 X114.672 Y119.936 E395.817
G1 X116.297 Y118.311 E395.92401
G1 X116.297 Y116.689 E395.99954
G1 X114.672 Y115.064 E396.10655
G1 X114.411 Y115.063 E396.1187
G1 X114.379 Y115.031 E396.12081
G1 X114.663 Y114.663 E396.14246
G1 X115.031 Y114.379 E396.1641
G1 X115.063 Y114.411 E396.16621
G1 X115.064 Y114.672 E396.17836
G1 X116.689 Y116.297 E396.28537
G1 X118.311 Y116.297 E396.3609
G1 X119.936 Y114.672 E396.46791
G1 X119.937 Y114.411 E396.48006
G1 X119.969 Y114.379 E396.48217
G1 X120.33 Y114.657 E396.50338
G1 X120.619 Y115.033 E396.52547
G1 X120.589 Y115.063 E396.52744
G1 X120.328 Y115.064 E396.53959
G1 X118.703 Y116.689 E396.6466
G1 X118.703 Y118.311 E396.72213
G1 X120.328 Y119.936 E396.82914
G1 X120.589 Y119.937 E396.84129
G1 X120.618 Y119.966 E396.8432
G1 X120.336 Y120.336 E396.86487
G1 X119.966 Y120.618 E396.88653
G1 X119.937 Y120.589 E396.88844
G1 X119.936 Y120.328 E396.90059
G1 X118.311 Y118.703 E397.0076
G1 X116.689 Y118.703 E397.08313
G1 X115.064 Y120.328 E397.19014
G1 X115.063 Y120.589 E397.20229
G0 F9000 X115.238 Y120.363
G1 F1500 E390.70229
;MESH:NONMESH
G0 F300 X115.238 Y120.363 Z11.2
G0 F9000 X117.5 Y113.033
G0 X117.357 Y111.95
G0 X117.358 Y103.051
G0 X117.5 Y101.967
G0 X117.5 Y101.483
G0 X117.499 Y101.79
;TIME_ELAPSED:569.758108
;LAYER:39
;note -- min layer time used
;TYPE:WALL-INNER
;MESH:yc1hingeDubel.stl(1)
G1 F1500 E397.20229
G1 F1092.7 X118.615 Y101.643 E397.2547
G1 X119.642 Y101.219 E397.30644
G1 X120.535 Y100.535 E397.35882
G1 X121.219 Y99.642 E397.4112
G1 X121.643 Y98.615 E397.46293
G1 X121.789 Y97.501 E397.51525
G1 X121.643 Y96.381 E397.56784
G1 X121.219 Y95.355 E397.61954
G1 X120.531 Y94.46 E397.6721
G1 X119.645 Y93.777 E397.72419
G1 X118.615 Y93.353 E397.77606
G1 X117.499 Y93.207 E397.82847
G1 X116.381 Y93.353 E397.88097
G1 X115.356 Y93.776 E397.9326
G1 X114.464 Y94.464 E397.98505
G1 X113.777 Y95.356 E398.03748
G1 X113.353 Y96.381 E398.08913
G1 X113.206 Y97.501 E398.14173
G1 X113.353 Y98.615 E398.19405
G1 X113.777 Y99.645 E398.24592
G1 X114.46 Y100.531 E398.29801
G1 X115.355 Y101.219 E398.35058
G1 X116.381 Y101.643 E398.40227
G1 X117.499 Y101.79 E398.45478
G0 F9000 X117.499 Y102.194
;TYPE:WALL-OUTER
G1 F1092.7 X118.719 Y102.033 E398.51208
G1 X119.843 Y101.569 E398.5687
G1 X120.821 Y100.821 E398.62603
G1 X121.569 Y99.843 E398.68336
G1 X122.033 Y98.719 E398.73999
G1 X122.193 Y97.501 E398.79719
G1 X122.033 Y96.277 E398.85467
G1 X121.569 Y95.153 E398.91129
G1 X120.817 Y94.175 E398.96874
G1 X119.847 Y93.427 E399.02577
G1 X118.719 Y92.963 E399.08257
G1 X117.499 Y92.803 E399.13986
G1 X116.277 Y92.963 E399.19725
G1 X115.154 Y93.427 E399.25383
G1 X114.179 Y94.179 E399.31116
G1 X113.427 Y95.154 E399.3685
G1 X112.963 Y96.277 E399.42508
G1 X112.802 Y97.501 E399.48256
G1 X112.963 Y98.719 E399.53977
G1 X113.427 Y99.847 E399.59657
G1 X114.175 Y100.817 E399.6536
G1 X115.153 Y101.569 E399.71105
G1 X116.277 Y102.033 E399.76767
G1 X117.499 Y102.194 E399.82507
G0 F9000 X117.5 Y101.483
G0 X114.825 Y100.425
G0 X114.808 Y100.446
G0 X114.872 Y100.328
;TYPE:FILL
G1 F1092.7 X114.808 Y100.446 E399.83132
G1 X114.552 Y100.194 E399.84804
G1 X114.672 Y100.128 E399.85442
G1 X116.424 Y98.376 E399.96979
G1 X116.424 Y96.624 E400.05137
G1 X114.672 Y94.872 E400.16674
G1 X114.552 Y94.806 E400.17312
G1 X114.806 Y94.552 E400.18985
G1 X114.872 Y94.672 E400.19623
G1 X116.624 Y96.424 E400.3116
G1 X118.376 Y96.424 E400.39318
G1 X120.128 Y94.672 E400.50855
G1 X120.194 Y94.552 E400.51493
G1 X120.446 Y94.808 E400.53165
G1 X120.328 Y94.872 E400.5379
G1 X118.576 Y96.624 E400.65328
G1 X118.576 Y98.376 E400.73486
G1 X120.328 Y100.128 E400.85023
G1 X120.446 Y100.192 E400.85648
G1 X120.192 Y100.446 E400.87321
G1 X120.128 Y100.328 E400.87946
G1 X118.376 Y98.576 E400.99483
G1 X116.624 Y98.576 E401.07641
G1 X114.872 Y100.328 E401.19178
G0 F9000 X114.992 Y100.174
G1 F1500 E394.69178
;MESH:yc1hingeDubel.stl
G0 F9000 X116.346 Y101.815
G0 X116.204 Y102.9
G0 X117.357 Y111.95
G0 X117.5 Y113.033
G0 X117.5 Y121.483
G0 X117.499 Y121.79
;TYPE:WALL-INNER
G1 F1500 E401.19178
G1 F1092.7 X118.615 Y121.643 E401.2442
G1 X119.642 Y121.219 E401.29593
G1 X120.535 Y120.535 E401.34831
G1 X121.219 Y119.642 E401.40069
G1 X121.643 Y118.615 E401.45243
G1 X121.789 Y117.501 E401.50474
G1 X121.643 Y116.381 E401.55734
G1 X121.219 Y115.355 E401.60903
G1 X120.531 Y114.46 E401.66159
G1 X119.645 Y113.777 E401.71369
G1 X118.615 Y113.353 E401.76555
G1 X117.499 Y113.207 E401.81796
G1 X116.381 Y113.353 E401.87046
G1 X115.356 Y113.776 E401.92209
G1 X114.464 Y114.464 E401.97455
G1 X113.777 Y115.356 E402.02697
G1 X113.353 Y116.381 E402.07863
G1 X113.206 Y117.501 E402.13122
G1 X113.353 Y118.615 E402.18355
G1 X113.777 Y119.645 E402.23541
G1 X114.46 Y120.531 E402.2875
G1 X115.355 Y121.219 E402.34007
G1 X116.381 Y121.643 E402.39176
G1 X117.499 Y121.79 E402.44427
G0 F9000 X117.499 Y122.194
;TYPE:WALL-OUTER
G1 F1092.7 X118.719 Y122.033 E402.50157
G1 X119.843 Y121.569 E402.55819
G1 X120.821 Y120.821 E402.61552
G1 X121.569 Y119.843 E402.67286
G1 X122.033 Y118.719 E402.72948
G1 X122.193 Y117.501 E402.78668
G1 X122.033 Y116.277 E402.84416
G1 X121.569 Y115.153 E402.90078
G1 X120.817 Y114.175 E402.95823
G1 X119.847 Y113.427 E403.01527
G1 X118.719 Y112.963 E403.07206
G1 X117.499 Y112.803 E403.12936
G1 X116.277 Y112.963 E403.18674
G1 X115.154 Y113.427 E403.24332
G1 X114.179 Y114.179 E403.30066
G1 X113.427 Y115.154 E403.35799
G1 X112.963 Y116.277 E403.41457
G1 X112.802 Y117.501 E403.47206
G1 X112.963 Y118.719 E403.52927
G1 X113.427 Y119.847 E403.58606
G1 X114.175 Y120.817 E403.6431
G1 X115.153 Y121.569 E403.70054
G1 X116.277 Y122.033 E403.75717
G1 X117.499 Y122.194 E403.81456
G0 F9000 X117.5 Y121.483
G0 X114.825 Y120.425
G0 X114.808 Y120.446
G0 X114.872 Y120.328
;TYPE:FILL
G1 F1092.7 X114.808 Y120.446 E403.82081
G1 X114.552 Y120.194 E403.83754
G1 X114.672 Y120.128 E403.84391
G1 X116.424 Y118.376 E403.95929
G1 X116.424 Y116.624 E404.04087
G1 X114.672 Y114.872 E404.15624
G1 X114.552 Y114.806 E404.16262
G1 X114.806 Y114.552 E404.17934
G1 X114.872 Y114.672 E404.18572
G1 X116.624 Y116.424 E404.30109
G1 X118.376 Y116.424 E404.38267
G1 X120.128 Y114.672 E404.49804
G1 X120.194 Y114.552 E404.50442
G1 X120.446 Y114.808 E404.52115
G1 X120.328 Y114.872 E404.5274
G1 X118.576 Y116.624 E404.64277
G1 X118.576 Y118.376 E404.72435
G1 X120.328 Y120.128 E404.83972
G1 X120.446 Y120.192 E404.84597
G1 X120.192 Y120.446 E404.8627
G1 X120.128 Y120.328 E404.86895
G1 X118.376 Y118.576 E404.98432
G1 X116.624 Y118.576 E405.0659
G1 X114.872 Y120.328 E405.18128
G0 F9000 X114.992 Y120.174
G1 F1500 E398.68128
;MESH:NONMESH
G0 F300 X114.992 Y120.174 Z11.48
G0 F9000 X116.347 Y113.185
G0 X116.204 Y112.101
G0 X117.358 Y103.051
G0 X117.5 Y101.967
G0 X117.5 Y101.483
G0 X117.499 Y101.79
;TIME_ELAPSED:582.302284
;LAYER:40
;note -- min layer time used
;TYPE:WALL-INNER
;MESH:yc1hingeDubel.stl(1)
G1 F1500 E405.18128
G1 F1095.8 X118.615 Y101.643 E405.23369
G1 X119.642 Y101.219 E405.28543
G1 X120.535 Y100.535 E405.3378
G1 X121.219 Y99.642 E405.39018
G1 X121.643 Y98.615 E405.44192
G1 X121.789 Y97.501 E405.49424
G1 X121.643 Y96.381 E405.54683
G1 X121.219 Y95.355 E405.59852
G1 X120.531 Y94.46 E405.65109
G1 X119.645 Y93.777 E405.70318
G1 X118.615 Y93.353 E405.75504
G1 X117.499 Y93.207 E405.80745
G1 X116.381 Y93.353 E405.85995
G1 X115.356 Y93.776 E405.91159
G1 X114.464 Y94.464 E405.96404
G1 X113.777 Y95.356 E406.01647
G1 X113.353 Y96.381 E406.06812
G1 X113.206 Y97.501 E406.12072
G1 X113.353 Y98.615 E406.17304
G1 X113.777 Y99.645 E406.22491
G1 X114.46 Y100.531 E406.277
G1 X115.355 Y101.219 E406.32956
G1 X116.381 Y101.643 E406.38126
G1 X117.499 Y101.79 E406.43376
G0 F9000 X117.499 Y102.194
;TYPE:WALL-OUTER
G1 F1095.8 X118.719 Y102.033 E406.49106
G1 X119.843 Y101.569 E406.54769
G1 X120.821 Y100.821 E406.60502
G1 X121.569 Y99.843 E406.66235
G1 X122.033 Y98.719 E406.71897
G1 X122.193 Y97.501 E406.77618
G1 X122.033 Y96.277 E406.83365
G1 X121.569 Y95.153 E406.89028
G1 X120.817 Y94.175 E406.94772
G1 X119.847 Y93.427 E407.00476
G1 X118.719 Y92.963 E407.06155
G1 X117.499 Y92.803 E407.11885
G1 X116.277 Y92.963 E407.17624
G1 X115.154 Y93.427 E407.23282
G1 X114.179 Y94.179 E407.29015
G1 X113.427 Y95.154 E407.34749
G1 X112.963 Y96.277 E407.40406
G1 X112.802 Y97.501 E407.46155
G1 X112.963 Y98.719 E407.51876
G1 X113.427 Y99.847 E407.57555
G1 X114.175 Y100.817 E407.63259
G1 X115.153 Y101.569 E407.69004
G1 X116.277 Y102.033 E407.74666
G1 X117.499 Y102.194 E407.80405
G0 F9000 X117.5 Y101.483
G0 X114.845 Y100.44
G0 X114.828 Y100.461
G0 X114.872 Y100.328
;TYPE:FILL
G1 F1095.8 X114.828 Y100.461 E407.81057
G1 X114.657 Y100.33 E407.82061
G1 X114.537 Y100.174 E407.82977
G1 X114.672 Y100.128 E407.83641
G1 X116.424 Y98.376 E407.95178
G1 X116.424 Y96.624 E408.03336
G1 X114.672 Y94.872 E408.14874
G1 X114.537 Y94.826 E408.15538
G1 X114.663 Y94.663 E408.16497
G1 X114.826 Y94.537 E408.17456
G1 X114.872 Y94.672 E408.1812
G1 X116.624 Y96.424 E408.29658
G1 X118.376 Y96.424 E408.37816
G1 X120.128 Y94.672 E408.49353
G1 X120.174 Y94.537 E408.50017
G1 X120.33 Y94.657 E408.50933
G1 X120.461 Y94.828 E408.51937
G1 X120.328 Y94.872 E408.52589
G1 X118.576 Y96.624 E408.64126
G1 X118.576 Y98.376 E408.72284
G1 X120.328 Y100.128 E408.83821
G1 X120.461 Y100.172 E408.84474
G1 X120.336 Y100.336 E408.85434
G1 X120.172 Y100.461 E408.86394
G1 X120.128 Y100.328 E408.87046
G1 X118.376 Y98.576 E408.98584
G1 X116.624 Y98.576 E409.06742
G1 X114.872 Y100.328 E409.18279
G0 F9000 X114.992 Y100.174
G1 F1500 E402.68279
;MESH:yc1hingeDubel.stl
G0 F9000 X116.346 Y101.815
G0 X116.204 Y102.9
G0 X117.357 Y111.95
G0 X117.5 Y113.033
G0 X117.5 Y121.483
G0 X117.499 Y121.79
;TYPE:WALL-INNER
G1 F1500 E409.18279
G1 F1095.8 X118.615 Y121.643 E409.2352
G1 X119.642 Y121.219 E409.28694
G1 X120.535 Y120.535 E409.33932
G1 X121.219 Y119.642 E409.3917
G1 X121.643 Y118.615 E409.44343
G1 X121.789 Y117.501 E409.49575
G1 X121.643 Y116.381 E409.54834
G1 X121.219 Y115.355 E409.60003
G1 X120.531 Y114.46 E409.6526
G1 X119.645 Y113.777 E409.70469
G1 X118.615 Y113.353 E409.75656
G1 X117.499 Y113.207 E409.80897
G1 X116.381 Y113.353 E409.86147
G1 X115.356 Y113.776 E409.9131
G1 X114.464 Y114.464 E409.96555
G1 X113.777 Y115.356 E410.01798
G1 X113.353 Y116.381 E410.06963
G1 X113.206 Y117.501 E410.12223
G1 X113.353 Y118.615 E410.17455
G1 X113.777 Y119.645 E410.22642
G1 X114.46 Y120.531 E410.27851
G1 X115.355 Y121.219 E410.33107
G1 X116.381 Y121.643 E410.38277
G1 X117.499 Y121.79 E410.43528
G0 F9000 X117.499 Y122.194
;TYPE:WALL-OUTER
G1 F1095.8 X118.719 Y122.033 E410.49258
G1 X119.843 Y121.569 E410.5492
G1 X120.821 Y120.821 E410.60653
G1 X121.569 Y119.843 E410.66386
G1 X122.033 Y118.719 E410.72049
G1 X122.193 Y117.501 E410.77769
G1 X122.033 Y116.277 E410.83517
G1 X121.569 Y115.153 E410.89179
G1 X120.817 Y114.175 E410.94924
G1 X119.847 Y113.427 E411.00627
G1 X118.719 Y112.963 E411.06307
G1 X117.499 Y112.803 E411.12036
G1 X116.277 Y112.963 E411.17775
G1 X115.154 Y113.427 E411.23433
G1 X114.179 Y114.179 E411.29166
G1 X113.427 Y115.154 E411.349
G1 X112.963 Y116.277 E411.40558
G1 X112.802 Y117.501 E411.46306
G1 X112.963 Y118.719 E411.52027
G1 X113.427 Y119.847 E411.57707
G1 X114.175 Y120.817 E411.6341
G1 X115.153 Y121.569 E411.69155
G1 X116.277 Y122.033 E411.74817
G1 X117.499 Y122.194 E411.80556
G0 F9000 X117.5 Y121.483
G0 X114.845 Y120.44
G0 X114.828 Y120.461
G0 X114.872 Y120.328
;TYPE:FILL
G1 F1095.8 X114.828 Y120.461 E411.81209
G1 X114.657 Y120.33 E411.82212
G1 X114.537 Y120.174 E411.83128
G1 X114.672 Y120.128 E411.83792
G1 X116.424 Y118.376 E411.9533
G1 X116.424 Y116.624 E412.03488
G1 X114.672 Y114.872 E412.15025
G1 X114.537 Y114.826 E412.15689
G1 X114.663 Y114.663 E412.16648
G1 X114.826 Y114.537 E412.17608
G1 X114.872 Y114.672 E412.18272
G1 X116.624 Y116.424 E412.29809
G1 X118.376 Y116.424 E412.37967
G1 X120.128 Y114.672 E412.49504
G1 X120.174 Y114.537 E412.50168
G1 X120.33 Y114.657 E412.51085
G1 X120.461 Y114.828 E412.52088
G1 X120.328 Y114.872 E412.5274
G1 X118.576 Y116.624 E412.64277
G1 X118.576 Y118.376 E412.72435
G1 X120.328 Y120.128 E412.83973
G1 X120.461 Y120.172 E412.84625
G1 X120.336 Y120.336 E412.85585
G1 X120.172 Y120.461 E412.86545
G1 X120.128 Y120.328 E412.87198
G1 X118.376 Y118.576 E412.98735
G1 X116.624 Y118.576 E413.06893
G1 X114.872 Y120.328 E413.1843
G0 F9000 X114.992 Y120.174
G1 F1500 E406.6843
;MESH:NONMESH
G0 F300 X114.992 Y120.174 Z11.76
G0 F9000 X116.347 Y113.185
G0 X116.204 Y112.101
G0 X117.358 Y103.051
G0 X117.5 Y101.967
G0 X117.5 Y101.483
G0 X117.499 Y101.79
;TIME_ELAPSED:594.859068
;LAYER:41
;note -- min layer time used
;TYPE:WALL-INNER
;MESH:yc1hingeDubel.stl(1)
G1 F1500 E413.1843
G1 F1116.7 X118.615 Y101.643 E413.23672
G1 X119.642 Y101.219 E413.28845
G1 X120.535 Y100.535 E413.34083
G1 X121.219 Y99.642 E413.39321
G1 X121.643 Y98.615 E413.44494
G1 X121.789 Y97.501 E413.49726
G1 X121.643 Y96.381 E413.54985
G1 X121.219 Y95.355 E413.60155
G1 X120.531 Y94.46 E413.65411
G1 X119.645 Y93.777 E413.7062
G1 X118.615 Y93.353 E413.75807
G1 X117.499 Y93.207 E413.81048
G1 X116.381 Y93.353 E413.86298
G1 X115.356 Y93.776 E413.91461
G1 X114.464 Y94.464 E413.96707
G1 X113.777 Y95.356 E414.01949
G1 X113.353 Y96.381 E414.07114
G1 X113.206 Y97.501 E414.12374
G1 X113.353 Y98.615 E414.17606
G1 X113.777 Y99.645 E414.22793
G1 X114.46 Y100.531 E414.28002
G1 X115.355 Y101.219 E414.33259
G1 X116.381 Y101.643 E414.38428
G1 X117.499 Y101.79 E414.43679
G0 F9000 X117.499 Y102.194
;TYPE:WALL-OUTER
G1 F1116.7 X118.719 Y102.033 E414.49409
G1 X119.843 Y101.569 E414.55071
G1 X120.821 Y100.821 E414.60804
G1 X121.569 Y99.843 E414.66538
G1 X122.033 Y98.719 E414.722
G1 X122.193 Y97.501 E414.7792
G1 X122.033 Y96.277 E414.83668
G1 X121.569 Y95.153 E414.8933
G1 X120.817 Y94.175 E414.95075
G1 X119.847 Y93.427 E415.00779
G1 X118.719 Y92.963 E415.06458
G1 X117.499 Y92.803 E415.12187
G1 X116.277 Y92.963 E415.17926
G1 X115.154 Y93.427 E415.23584
G1 X114.179 Y94.179 E415.29318
G1 X113.427 Y95.154 E415.35051
G1 X112.963 Y96.277 E415.40709
G1 X112.802 Y97.501 E415.46458
G1 X112.963 Y98.719 E415.52178
G1 X113.427 Y99.847 E415.57858
G1 X114.175 Y100.817 E415.63562
G1 X115.153 Y101.569 E415.69306
G1 X116.277 Y102.033 E415.74968
G1 X117.499 Y102.194 E415.80708
G0 F9000 X117.5 Y101.483
G0 X115.119 Y100.626
;TYPE:FILL
G1 F1116.7 X115.086 Y100.659 E415.80925
G1 X114.657 Y100.33 E415.83442
G1 X114.338 Y99.917 E415.85872
G1 X114.374 Y99.881 E415.86109
G1 X114.672 Y99.88 E415.87497
G1 X116.259 Y98.293 E415.97948
G1 X116.259 Y96.707 E416.05333
G1 X114.672 Y95.12 E416.15783
G1 X114.374 Y95.119 E416.17171
G1 X114.339 Y95.084 E416.17402
G1 X114.663 Y94.663 E416.19875
G1 X115.084 Y94.339 E416.22349
G1 X115.119 Y94.374 E416.22579
G1 X115.12 Y94.672 E416.23967
G1 X116.707 Y96.259 E416.34418
G1 X118.293 Y96.259 E416.41803
G1 X119.88 Y94.672 E416.52253
G1 X119.881 Y94.374 E416.53641
G1 X119.917 Y94.338 E416.53878
G1 X120.33 Y94.657 E416.56308
G1 X120.66 Y95.085 E416.58825
G1 X120.626 Y95.119 E416.59049
G1 X120.328 Y95.12 E416.60436
G1 X118.741 Y96.707 E416.70887
G1 X118.741 Y98.293 E416.78272
G1 X120.328 Y99.88 E416.88723
G1 X120.626 Y99.881 E416.9011
G1 X120.659 Y99.914 E416.90328
G1 X120.336 Y100.336 E416.92802
G1 X119.914 Y100.659 E416.95277
G1 X119.881 Y100.626 E416.95494
G1 X119.88 Y100.328 E416.96882
G1 X118.293 Y98.741 E417.07332
G1 X116.707 Y98.741 E417.14717
G1 X115.12 Y100.328 E417.25168
G1 X115.119 Y100.626 E417.26556
G0 F9000 X115.29 Y100.403
G1 F1500 E410.76556
;MESH:yc1hingeDubel.stl
G0 F9000 X116.346 Y101.815
G0 X116.204 Y102.9
G0 X117.357 Y111.95
G0 X117.5 Y113.033
G0 X117.5 Y121.483
G0 X117.499 Y121.79
;TYPE:WALL-INNER
G1 F1500 E417.26556
G1 F1116.7 X118.615 Y121.643 E417.31797
G1 X119.642 Y121.219 E417.36971
G1 X120.535 Y120.535 E417.42208
G1 X121.219 Y119.642 E417.47446
G1 X121.643 Y118.615 E417.5262
G1 X121.789 Y117.501 E417.57852
G1 X121.643 Y116.381 E417.63111
G1 X121.219 Y115.355 E417.6828
G1 X120.531 Y114.46 E417.73537
G1 X119.645 Y113.777 E417.78746
G1 X118.615 Y113.353 E417.83932
G1 X117.499 Y113.207 E417.89173
G1 X116.381 Y113.353 E417.94423
G1 X115.356 Y113.776 E417.99587
G1 X114.464 Y114.464 E418.04832
G1 X113.777 Y115.356 E418.10075
G1 X113.353 Y116.381 E418.1524
G1 X113.206 Y117.501 E418.205
G1 X113.353 Y118.615 E418.25732
G1 X113.777 Y119.645 E418.30919
G1 X114.46 Y120.531 E418.36128
G1 X115.355 Y121.219 E418.41384
G1 X116.381 Y121.643 E418.46554
G1 X117.499 Y121.79 E418.51804
G0 F9000 X117.499 Y122.194
;TYPE:WALL-OUTER
G1 F1116.7 X118.719 Y122.033 E418.57534
G1 X119.843 Y121.569 E418.63197
G1 X120.821 Y120.821 E418.6893
G1 X121.569 Y119.843 E418.74663
G1 X122.033 Y118.719 E418.80325
G1 X122.193 Y117.501 E418.86046
G1 X122.033 Y116.277 E418.91793
G1 X121.569 Y115.153 E418.97456
G1 X120.817 Y114.175 E419.032
G1 X119.847 Y113.427 E419.08904
G1 X118.719 Y112.963 E419.14583
G1 X117.499 Y112.803 E419.20313
G1 X116.277 Y112.963 E419.26052
G1 X115.154 Y113.427 E419.3171
G1 X114.179 Y114.179 E419.37443
G1 X113.427 Y115.154 E419.43177
G1 X112.963 Y116.277 E419.48835
G1 X112.802 Y117.501 E419.54583
G1 X112.963 Y118.719 E419.60304
G1 X113.427 Y119.847 E419.65983
G1 X114.175 Y120.817 E419.71687
G1 X115.153 Y121.569 E419.77432
G1 X116.277 Y122.033 E419.83094
G1 X117.499 Y122.194 E419.88833
G0 F9000 X117.5 Y121.483
G0 X115.119 Y120.626
;TYPE:FILL
G1 F1116.7 X115.086 Y120.659 E419.89051
G1 X114.657 Y120.33 E419.91568
G1 X114.338 Y119.917 E419.93998
G1 X114.374 Y119.881 E419.94235
G1 X114.672 Y119.88 E419.95623
G1 X116.259 Y118.293 E420.06073
G1 X116.259 Y116.707 E420.13458
G1 X114.672 Y115.12 E420.23909
G1 X114.374 Y115.119 E420.25297
G1 X114.339 Y115.084 E420.25527
G1 X114.663 Y114.663 E420.28001
G1 X115.084 Y114.339 E420.30474
G1 X115.119 Y114.374 E420.30705
G1 X115.12 Y114.672 E420.32093
G1 X116.707 Y116.259 E420.42543
G1 X118.293 Y116.259 E420.49928
G1 X119.88 Y114.672 E420.60379
G1 X119.881 Y114.374 E420.61767
G1 X119.917 Y114.338 E420.62004
G1 X120.33 Y114.657 E420.64434
G1 X120.66 Y115.085 E420.6695
G1 X120.626 Y115.119 E420.67174
G1 X120.328 Y115.12 E420.68562
G1 X118.741 Y116.707 E420.79012
G1 X118.741 Y118.293 E420.86397
G1 X120.328 Y119.88 E420.96848
G1 X120.626 Y119.881 E420.98236
G1 X120.659 Y119.914 E420.98453
G1 X120.336 Y120.336 E421.00928
G1 X119.914 Y120.659 E421.03402
G1 X119.881 Y120.626 E421.03619
G1 X119.88 Y120.328 E421.05007
G1 X118.293 Y118.741 E421.15458
G1 X116.707 Y118.741 E421.22843
G1 X115.12 Y120.328 E421.33293
G1 X115.119 Y120.626 E421.34681
G0 F9000 X115.29 Y120.403
G1 F1500 E414.84681
;MESH:NONMESH
G0 F300 X115.29 Y120.403 Z12.04
G0 F9000 X117.5 Y113.033
G0 X117.357 Y111.95
G0 X117.358 Y103.051
G0 X117.5 Y101.967
G0 X117.5 Y101.483
G0 X117.499 Y101.79
;TIME_ELAPSED:607.392213
;LAYER:42
;note -- min layer time used
;TYPE:WALL-INNER
;MESH:yc1hingeDubel.stl(1)
G1 F1500 E421.34681
G1 F1134.9 X118.615 Y101.643 E421.39923
G1 X119.642 Y101.219 E421.45096
G1 X120.535 Y100.535 E421.50334
G1 X121.219 Y99.642 E421.55572
G1 X121.643 Y98.615 E421.60745
G1 X121.789 Y97.501 E421.65977
G1 X121.643 Y96.381 E421.71236
G1 X121.219 Y95.355 E421.76406
G1 X120.531 Y94.46 E421.81662
G1 X119.645 Y93.777 E421.86871
G1 X118.615 Y93.353 E421.92058
G1 X117.499 Y93.207 E421.97299
G1 X116.381 Y93.353 E422.02549
G1 X115.356 Y93.776 E422.07712
G1 X114.464 Y94.464 E422.12958
G1 X113.777 Y95.356 E422.182
G1 X113.353 Y96.381 E422.23365
G1 X113.206 Y97.501 E422.28625
G1 X113.353 Y98.615 E422.33857
G1 X113.777 Y99.645 E422.39044
G1 X114.46 Y100.531 E422.44253
G1 X115.355 Y101.219 E422.4951
G1 X116.381 Y101.643 E422.54679
G1 X117.499 Y101.79 E422.5993
G0 F9000 X117.499 Y102.194
;TYPE:WALL-OUTER
G1 F1134.9 X118.719 Y102.033 E422.6566
G1 X119.843 Y101.569 E422.71322
G1 X120.821 Y100.821 E422.77055
G1 X121.569 Y99.843 E422.82789
G1 X122.033 Y98.719 E422.88451
G1 X122.193 Y97.501 E422.94171
G1 X122.033 Y96.277 E422.99919
G1 X121.569 Y95.153 E423.05581
G1 X120.817 Y94.175 E423.11326
G1 X119.847 Y93.427 E423.17029
G1 X118.719 Y92.963 E423.22709
G1 X117.499 Y92.803 E423.28438
G1 X116.277 Y92.963 E423.34177
G1 X115.154 Y93.427 E423.39835
G1 X114.179 Y94.179 E423.45569
G1 X113.427 Y95.154 E423.51302
G1 X112.963 Y96.277 E423.5696
G1 X112.802 Y97.501 E423.62709
G1 X112.963 Y98.719 E423.68429
G1 X113.427 Y99.847 E423.74109
G1 X114.175 Y100.817 E423.79813
G1 X115.153 Y101.569 E423.85557
G1 X116.277 Y102.033 E423.91219
G1 X117.499 Y102.194 E423.96959
G0 F9000 X117.5 Y101.483
G0 X115.399 Y100.813
;TYPE:FILL
G1 F1134.9 X115.35 Y100.862 E423.97281
G1 X114.657 Y100.33 E424.01349
G1 X114.135 Y99.653 E424.0533
G1 X114.187 Y99.601 E424.05673
G1 X114.672 Y99.6 E424.07931
G1 X116.072 Y98.2 E424.1715
G1 X116.072 Y96.8 E424.23669
G1 X114.672 Y95.4 E424.32888
G1 X114.187 Y95.399 E424.35147
G1 X114.135 Y95.347 E424.35489
G1 X114.663 Y94.663 E424.39513
G1 X115.347 Y94.135 E424.43536
G1 X115.399 Y94.187 E424.43879
G1 X115.4 Y94.672 E424.46137
G1 X116.8 Y96.072 E424.55356
G1 X118.2 Y96.072 E424.61875
G1 X119.6 Y94.672 E424.71095
G1 X119.601 Y94.187 E424.73353
G1 X119.653 Y94.135 E424.73695
G1 X120.33 Y94.657 E424.77676
G1 X120.863 Y95.349 E424.81743
G1 X120.813 Y95.399 E424.82072
G1 X120.328 Y95.4 E424.84331
G1 X118.928 Y96.8 E424.9355
G1 X118.928 Y98.2 E425.00069
G1 X120.328 Y99.6 E425.09288
G1 X120.813 Y99.601 E425.11547
G1 X120.861 Y99.649 E425.11863
G1 X120.336 Y100.336 E425.15889
G1 X119.649 Y100.861 E425.19915
G1 X119.601 Y100.813 E425.20231
G1 X119.6 Y100.328 E425.22489
G1 X118.2 Y98.928 E425.31709
G1 X116.8 Y98.928 E425.38228
G1 X115.4 Y100.328 E425.47447
G1 X115.399 Y100.813 E425.49705
G0 F9000 X115.557 Y100.608
G1 F1500 E418.99705
;MESH:yc1hingeDubel.stl
G0 F9000 X116.346 Y101.815
G0 X116.204 Y102.9
G0 X117.357 Y111.95
G0 X117.5 Y113.033
G0 X117.5 Y121.483
G0 X117.499 Y121.79
;TYPE:WALL-INNER
G1 F1500 E425.49705
G1 F1134.9 X118.615 Y121.643 E425.54947
G1 X119.642 Y121.219 E425.6012
G1 X120.535 Y120.535 E425.65358
G1 X121.219 Y119.642 E425.70596
G1 X121.643 Y118.615 E425.7577
G1 X121.789 Y117.501 E425.81001
G1 X121.643 Y116.381 E425.86261
G1 X121.219 Y115.355 E425.9143
G1 X120.531 Y114.46 E425.96686
G1 X119.645 Y113.777 E426.01896
G1 X118.615 Y113.353 E426.07082
G1 X117.499 Y113.207 E426.12323
G1 X116.381 Y113.353 E426.17573
G1 X115.356 Y113.776 E426.22736
G1 X114.464 Y114.464 E426.27982
G1 X113.777 Y115.356 E426.33224
G1 X113.353 Y116.381 E426.3839
G1 X113.206 Y117.501 E426.43649
G1 X113.353 Y118.615 E426.48882
G1 X113.777 Y119.645 E426.54068
G1 X114.46 Y120.531 E426.59277
G1 X115.355 Y121.219 E426.64534
G1 X116.381 Y121.643 E426.69703
G1 X117.499 Y121.79 E426.74954
G0 F9000 X117.499 Y122.194
;TYPE:WALL-OUTER
G1 F1134.9 X118.719 Y122.033 E426.80684
G1 X119.843 Y121.569 E426.86346
G1 X120.821 Y120.821 E426.9208
G1 X121.569 Y119.843 E426.97813
G1 X122.033 Y118.719 E427.03475
G1 X122.193 Y117.501 E427.09195
G1 X122.033 Y116.277 E427.14943
G1 X121.569 Y115.153 E427.20605
G1 X120.817 Y114.175 E427.2635
G1 X119.847 Y113.427 E427.32054
G1 X118.719 Y112.963 E427.37733
G1 X117.499 Y112.803 E427.43463
G1 X116.277 Y112.963 E427.49201
G1 X115.154 Y113.427 E427.54859
G1 X114.179 Y114.179 E427.60593
G1 X113.427 Y115.154 E427.66326
G1 X112.963 Y116.277 E427.71984
G1 X112.802 Y117.501 E427.77733
G1 X112.963 Y118.719 E427.83454
G1 X113.427 Y119.847 E427.89133
G1 X114.175 Y120.817 E427.94837
G1 X115.153 Y121.569 E428.00581
G1 X116.277 Y122.033 E428.06244
G1 X117.499 Y122.194 E428.11983
G0 F9000 X117.5 Y121.483
G0 X115.399 Y120.813
;TYPE:FILL
G1 F1134.9 X115.35 Y120.862 E428.12306
G1 X114.657 Y120.33 E428.16374
G1 X114.135 Y119.653 E428.20354
G1 X114.187 Y119.601 E428.20697
G1 X114.672 Y119.6 E428.22955
G1 X116.072 Y118.2 E428.32174
G1 X116.072 Y116.8 E428.38693
G1 X114.672 Y115.4 E428.47913
G1 X114.187 Y115.399 E428.50171
G1 X114.135 Y115.347 E428.50513
G1 X114.663 Y114.663 E428.54537
G1 X115.347 Y114.135 E428.5856
G1 X115.399 Y114.187 E428.58903
G1 X115.4 Y114.672 E428.61161
G1 X116.8 Y116.072 E428.7038
G1 X118.2 Y116.072 E428.76899
G1 X119.6 Y114.672 E428.86119
G1 X119.601 Y114.187 E428.88377
G1 X119.653 Y114.135 E428.8872
G1 X120.33 Y114.657 E428.927
G1 X120.863 Y115.349 E428.96767
G1 X120.813 Y115.399 E428.97097
G1 X120.328 Y115.4 E428.99355
G1 X118.928 Y116.8 E429.08574
G1 X118.928 Y118.2 E429.15093
G1 X120.328 Y119.6 E429.24313
G1 X120.813 Y119.601 E429.26571
G1 X120.861 Y119.649 E429.26887
G1 X120.336 Y120.336 E429.30913
G1 X119.649 Y120.861 E429.34939
G1 X119.601 Y120.813 E429.35255
G1 X119.6 Y120.328 E429.37514
G1 X118.2 Y118.928 E429.46733
G1 X116.8 Y118.928 E429.53252
G1 X115.4 Y120.328 E429.62471
G1 X115.399 Y120.813 E429.64729
G0 F9000 X115.557 Y120.608
G1 F1500 E423.14729
;MESH:NONMESH
G0 F300 X115.557 Y120.608 Z12.32
G0 F9000 X117.5 Y113.033
G0 X117.357 Y111.95
G0 X117.358 Y103.051
G0 X117.5 Y101.967
G0 X117.5 Y101.483
G0 X117.499 Y101.79
;TIME_ELAPSED:619.918839
;LAYER:43
;note -- min layer time used
;TYPE:WALL-INNER
;MESH:yc1hingeDubel.stl(1)
G1 F1500 E429.64729
G1 F1150.2 X118.615 Y101.643 E429.69971
G1 X119.642 Y101.219 E429.75145
G1 X120.535 Y100.535 E429.80382
G1 X121.219 Y99.642 E429.8562
G1 X121.643 Y98.615 E429.90794
G1 X121.789 Y97.501 E429.96025
G1 X121.643 Y96.381 E430.01285
G1 X121.219 Y95.355 E430.06454
G1 X120.531 Y94.46 E430.11711
G1 X119.645 Y93.777 E430.1692
G1 X118.615 Y93.353 E430.22106
G1 X117.499 Y93.207 E430.27347
G1 X116.381 Y93.353 E430.32597
G1 X115.356 Y93.776 E430.37761
G1 X114.464 Y94.464 E430.43006
G1 X113.777 Y95.356 E430.48249
G1 X113.353 Y96.381 E430.53414
G1 X113.206 Y97.501 E430.58674
G1 X113.353 Y98.615 E430.63906
G1 X113.777 Y99.645 E430.69092
G1 X114.46 Y100.531 E430.74302
G1 X115.355 Y101.219 E430.79558
G1 X116.381 Y101.643 E430.84728
G1 X117.499 Y101.79 E430.89978
G0 F9000 X117.499 Y102.194
;TYPE:WALL-OUTER
G1 F1150.2 X118.719 Y102.033 E430.95708
G1 X119.843 Y101.569 E431.01371
G1 X120.821 Y100.821 E431.07104
G1 X121.569 Y99.843 E431.12837
G1 X122.033 Y98.719 E431.18499
G1 X122.193 Y97.501 E431.24219
G1 X122.033 Y96.277 E431.29967
G1 X121.569 Y95.153 E431.3563
G1 X120.817 Y94.175 E431.41374
G1 X119.847 Y93.427 E431.47078
G1 X118.719 Y92.963 E431.52757
G1 X117.499 Y92.803 E431.58487
G1 X116.277 Y92.963 E431.64226
G1 X115.154 Y93.427 E431.69883
G1 X114.179 Y94.179 E431.75617
G1 X113.427 Y95.154 E431.8135
G1 X112.963 Y96.277 E431.87008
G1 X112.802 Y97.501 E431.92757
G1 X112.963 Y98.719 E431.98478
G1 X113.427 Y99.847 E432.04157
G1 X114.175 Y100.817 E432.09861
G1 X115.153 Y101.569 E432.15606
G1 X116.277 Y102.033 E432.21268
G1 X117.499 Y102.194 E432.27007
G0 F9000 X117.5 Y101.483
G0 X115.679 Y101
;TYPE:FILL
G1 F1150.2 X115.643 Y101.036 E432.27244
G1 X115.497 Y100.975 E432.27981
G1 X114.657 Y100.33 E432.32912
G1 X114.022 Y99.506 E432.37756
G1 X113.962 Y99.359 E432.38496
G1 X114 Y99.321 E432.38746
G1 X114.672 Y99.32 E432.41875
G1 X115.886 Y98.106 E432.4987
G1 X115.886 Y96.894 E432.55513
G1 X114.672 Y95.68 E432.63507
G1 X114 Y95.679 E432.66637
G1 X113.961 Y95.64 E432.66893
G1 X114.021 Y95.496 E432.6762
G1 X114.663 Y94.663 E432.72517
G1 X115.496 Y94.021 E432.77414
G1 X115.64 Y93.961 E432.7814
G1 X115.679 Y94 E432.78397
G1 X115.68 Y94.672 E432.81526
G1 X116.894 Y95.886 E432.89521
G1 X118.106 Y95.886 E432.95164
G1 X119.32 Y94.672 E433.03159
G1 X119.321 Y94 E433.06288
G1 X119.359 Y93.962 E433.06538
G1 X119.506 Y94.022 E433.07277
G1 X120.33 Y94.657 E433.12121
G1 X120.976 Y95.497 E433.17056
G1 X121.036 Y95.643 E433.17791
G1 X121 Y95.679 E433.18028
G1 X120.328 Y95.68 E433.21157
G1 X119.114 Y96.894 E433.29151
G1 X119.114 Y98.106 E433.34795
G1 X120.328 Y99.32 E433.42789
G1 X121 Y99.321 E433.45918
G1 X121.034 Y99.355 E433.46142
G1 X120.974 Y99.501 E433.46877
G1 X120.336 Y100.336 E433.51771
G1 X119.501 Y100.974 E433.56664
G1 X119.355 Y101.034 E433.57399
G1 X119.321 Y101 E433.57623
G1 X119.32 Y100.328 E433.60752
G1 X118.106 Y99.114 E433.68746
G1 X116.894 Y99.114 E433.7439
G1 X115.68 Y100.328 E433.82384
G1 X115.679 Y101 E433.85513
G0 F9000 X115.788 Y100.741
G1 F1500 E427.35513
;MESH:yc1hingeDubel.stl
G0 F9000 X116.346 Y101.815
G0 X116.204 Y102.9
G0 X117.357 Y111.95
G0 X117.5 Y113.033
G0 X117.5 Y121.483
G0 X117.499 Y121.79
;TYPE:WALL-INNER
G1 F1500 E433.85513
G1 F1150.2 X118.615 Y121.643 E433.90755
G1 X119.642 Y121.219 E433.95928
G1 X120.535 Y120.535 E434.01166
G1 X121.219 Y119.642 E434.06404
G1 X121.643 Y118.615 E434.11578
G1 X121.789 Y117.501 E434.16809
G1 X121.643 Y116.381 E434.22069
G1 X121.219 Y115.355 E434.27238
G1 X120.531 Y114.46 E434.32494
G1 X119.645 Y113.777 E434.37704
G1 X118.615 Y113.353 E434.4289
G1 X117.499 Y113.207 E434.48131
G1 X116.381 Y113.353 E434.53381
G1 X115.356 Y113.776 E434.58544
G1 X114.464 Y114.464 E434.6379
G1 X113.777 Y115.356 E434.69032
G1 X113.353 Y116.381 E434.74197
G1 X113.206 Y117.501 E434.79457
G1 X113.353 Y118.615 E434.8469
G1 X113.777 Y119.645 E434.89876
G1 X114.46 Y120.531 E434.95085
G1 X115.355 Y121.219 E435.00342
G1 X116.381 Y121.643 E435.05511
G1 X117.499 Y121.79 E435.10762
G0 F9000 X117.499 Y122.194
;TYPE:WALL-OUTER
G1 F1150.2 X118.719 Y122.033 E435.16492
G1 X119.843 Y121.569 E435.22154
G1 X120.821 Y120.821 E435.27887
G1 X121.569 Y119.843 E435.33621
G1 X122.033 Y118.719 E435.39283
G1 X122.193 Y117.501 E435.45003
G1 X122.033 Y116.277 E435.50751
G1 X121.569 Y115.153 E435.56413
G1 X120.817 Y114.175 E435.62158
G1 X119.847 Y113.427 E435.67862
G1 X118.719 Y112.963 E435.73541
G1 X117.499 Y112.803 E435.79271
G1 X116.277 Y112.963 E435.85009
G1 X115.154 Y113.427 E435.90667
G1 X114.179 Y114.179 E435.96401
G1 X113.427 Y115.154 E436.02134
G1 X112.963 Y116.277 E436.07792
G1 X112.802 Y117.501 E436.13541
G1 X112.963 Y118.719 E436.19262
G1 X113.427 Y119.847 E436.24941
G1 X114.175 Y120.817 E436.30645
G1 X115.153 Y121.569 E436.36389
G1 X116.277 Y122.033 E436.42051
G1 X117.499 Y122.194 E436.47791
G0 F9000 X117.5 Y121.483
G0 X115.679 Y121
;TYPE:FILL
G1 F1150.2 X115.643 Y121.036 E436.48028
G1 X115.497 Y120.975 E436.48765
G1 X114.657 Y120.33 E436.53696
G1 X114.022 Y119.506 E436.5854
G1 X113.962 Y119.359 E436.59279
G1 X114 Y119.321 E436.5953
G1 X114.672 Y119.32 E436.62659
G1 X115.886 Y118.106 E436.70653
G1 X115.886 Y116.894 E436.76297
G1 X114.672 Y115.68 E436.84291
G1 X114 Y115.679 E436.8742
G1 X113.961 Y115.64 E436.87677
G1 X114.021 Y115.496 E436.88404
G1 X114.663 Y114.663 E436.93301
G1 X115.496 Y114.021 E436.98198
G1 X115.64 Y113.961 E436.98924
G1 X115.679 Y114 E436.99181
G1 X115.68 Y114.672 E437.0231
G1 X116.894 Y115.886 E437.10304
G1 X118.106 Y115.886 E437.15948
G1 X119.32 Y114.672 E437.23942
G1 X119.321 Y114 E437.27072
G1 X119.359 Y113.962 E437.27322
G1 X119.506 Y114.022 E437.28061
G1 X120.33 Y114.657 E437.32905
G1 X120.976 Y115.497 E437.37839
G1 X121.036 Y115.643 E437.38574
G1 X121 Y115.679 E437.38812
G1 X120.328 Y115.68 E437.41941
G1 X119.114 Y116.894 E437.49935
G1 X119.114 Y118.106 E437.55579
G1 X120.328 Y119.32 E437.63573
G1 X121 Y119.321 E437.66702
G1 X121.034 Y119.355 E437.66926
G1 X120.974 Y119.501 E437.67661
G1 X120.336 Y120.336 E437.72554
G1 X119.501 Y120.974 E437.77447
G1 X119.355 Y121.034 E437.78182
G1 X119.321 Y121 E437.78406
G1 X119.32 Y120.328 E437.81535
G1 X118.106 Y119.114 E437.8953
G1 X116.894 Y119.114 E437.95173
G1 X115.68 Y120.328 E438.03168
G1 X115.679 Y121 E438.06297
G0 F9000 X115.788 Y120.741
G1 F1500 E431.56297
;MESH:NONMESH
G0 F300 X115.788 Y120.741 Z12.6
G0 F9000 X117.5 Y113.033
G0 X117.357 Y111.95
G0 X117.358 Y103.051
G0 X117.5 Y101.967
G0 X117.5 Y101.483
G0 X117.499 Y101.79
;TIME_ELAPSED:632.385674
;LAYER:44
;note -- min layer time used
;TYPE:WALL-INNER
;MESH:yc1hingeDubel.stl(1)
G1 F1500 E438.06297
G1 F1160.4 X118.615 Y101.643 E438.11538
G1 X119.642 Y101.219 E438.16712
G1 X120.535 Y100.535 E438.2195
G1 X121.219 Y99.642 E438.27188
G1 X121.643 Y98.615 E438.32361
G1 X121.789 Y97.501 E438.37593
G1 X121.643 Y96.381 E438.42852
G1 X121.219 Y95.355 E438.48022
G1 X120.531 Y94.46 E438.53278
G1 X119.645 Y93.777 E438.58487
G1 X118.615 Y93.353 E438.63674
G1 X117.499 Y93.207 E438.68915
G1 X116.381 Y93.353 E438.74165
G1 X115.356 Y93.776 E438.79328
G1 X114.464 Y94.464 E438.84573
G1 X113.777 Y95.356 E438.89816
G1 X113.353 Y96.381 E438.94981
G1 X113.206 Y97.501 E439.00241
G1 X113.353 Y98.615 E439.05473
G1 X113.777 Y99.645 E439.1066
G1 X114.46 Y100.531 E439.15869
G1 X115.355 Y101.219 E439.21126
G1 X116.381 Y101.643 E439.26295
G1 X117.499 Y101.79 E439.31546
G0 F9000 X117.499 Y102.194
;TYPE:WALL-OUTER
G1 F1160.4 X118.719 Y102.033 E439.37276
G1 X119.843 Y101.569 E439.42938
G1 X120.821 Y100.821 E439.48671
G1 X121.569 Y99.843 E439.54404
G1 X122.033 Y98.719 E439.60067
G1 X122.193 Y97.501 E439.65787
G1 X122.033 Y96.277 E439.71535
G1 X121.569 Y95.153 E439.77197
G1 X120.817 Y94.175 E439.82942
G1 X119.847 Y93.427 E439.88645
G1 X118.719 Y92.963 E439.94325
G1 X117.499 Y92.803 E440.00054
G1 X116.277 Y92.963 E440.05793
G1 X115.154 Y93.427 E440.11451
G1 X114.179 Y94.179 E440.17184
G1 X113.427 Y95.154 E440.22918
G1 X112.963 Y96.277 E440.28576
G1 X112.802 Y97.501 E440.34324
G1 X112.963 Y98.719 E440.40045
G1 X113.427 Y99.847 E440.45725
G1 X114.175 Y100.817 E440.51428
G1 X115.153 Y101.569 E440.57173
G1 X116.277 Y102.033 E440.62835
G1 X117.499 Y102.194 E440.68575
G0 F9000 X117.5 Y101.483
G0 X115.97 Y101.141
G0 X115.959 Y101.166
;TYPE:FILL
G1 F1160.4 X115.497 Y100.975 E440.70902
G1 X114.657 Y100.33 E440.75834
G1 X114.022 Y99.506 E440.80678
G1 X113.831 Y99.041 E440.83019
G1 X114.672 Y99.04 E440.86935
G1 X115.699 Y98.013 E440.93698
G1 X115.699 Y96.987 E440.98475
G1 X114.672 Y95.96 E441.05238
G1 X113.83 Y95.959 E441.09159
G1 X114.021 Y95.496 E441.11491
G1 X114.663 Y94.663 E441.16388
G1 X115.496 Y94.021 E441.21285
G1 X115.959 Y93.83 E441.23617
G1 X115.96 Y94.672 E441.27538
G1 X116.987 Y95.699 E441.34301
G1 X118.013 Y95.699 E441.39079
G1 X119.04 Y94.672 E441.45841
G1 X119.041 Y93.831 E441.49758
G1 X119.506 Y94.022 E441.52098
G1 X120.33 Y94.657 E441.56942
G1 X120.976 Y95.497 E441.61877
G1 X121.166 Y95.959 E441.64203
G1 X120.328 Y95.96 E441.68105
G1 X119.301 Y96.987 E441.74868
G1 X119.301 Y98.013 E441.79645
G1 X120.328 Y99.04 E441.86408
G1 X121.164 Y99.041 E441.90301
G1 X120.974 Y99.501 E441.92618
G1 X120.336 Y100.336 E441.97512
G1 X119.501 Y100.974 E442.02405
G1 X119.041 Y101.164 E442.04722
G1 X119.04 Y100.328 E442.08615
G1 X118.013 Y99.301 E442.15378
G1 X116.987 Y99.301 E442.20156
G1 X115.96 Y100.328 E442.26918
G1 X115.959 Y101.166 E442.30821
G0 F9000 X116.086 Y100.864
G1 F1500 E435.80821
;MESH:yc1hingeDubel.stl
G0 F9000 X117.5 Y101.967
G0 X117.643 Y103.05
G0 X117.642 Y111.949
G0 X117.5 Y113.033
G0 X117.5 Y121.483
G0 X117.499 Y121.79
;TYPE:WALL-INNER
G1 F1500 E442.30821
G1 F1160.4 X118.615 Y121.643 E442.36062
G1 X119.642 Y121.219 E442.41236
G1 X120.535 Y120.535 E442.46473
G1 X121.219 Y119.642 E442.51711
G1 X121.643 Y118.615 E442.56885
G1 X121.789 Y117.501 E442.62117
G1 X121.643 Y116.381 E442.67376
G1 X121.219 Y115.355 E442.72545
G1 X120.531 Y114.46 E442.77802
G1 X119.645 Y113.777 E442.83011
G1 X118.615 Y113.353 E442.88197
G1 X117.499 Y113.207 E442.93438
G1 X116.381 Y113.353 E442.98688
G1 X115.356 Y113.776 E443.03852
G1 X114.464 Y114.464 E443.09097
G1 X113.777 Y115.356 E443.1434
G1 X113.353 Y116.381 E443.19505
G1 X113.206 Y117.501 E443.24765
G1 X113.353 Y118.615 E443.29997
G1 X113.777 Y119.645 E443.35184
G1 X114.46 Y120.531 E443.40393
G1 X115.355 Y121.219 E443.45649
G1 X116.381 Y121.643 E443.50819
G1 X117.499 Y121.79 E443.56069
G0 F9000 X117.499 Y122.194
;TYPE:WALL-OUTER
G1 F1160.4 X118.719 Y122.033 E443.61799
G1 X119.843 Y121.569 E443.67462
G1 X120.821 Y120.821 E443.73195
G1 X121.569 Y119.843 E443.78928
G1 X122.033 Y118.719 E443.8459
G1 X122.193 Y117.501 E443.90311
G1 X122.033 Y116.277 E443.96058
G1 X121.569 Y115.153 E444.01721
G1 X120.817 Y114.175 E444.07465
G1 X119.847 Y113.427 E444.13169
G1 X118.719 Y112.963 E444.18848
G1 X117.499 Y112.803 E444.24578
G1 X116.277 Y112.963 E444.30317
G1 X115.154 Y113.427 E444.35975
G1 X114.179 Y114.179 E444.41708
G1 X113.427 Y115.154 E444.47442
G1 X112.963 Y116.277 E444.531
G1 X112.802 Y117.501 E444.58848
G1 X112.963 Y118.719 E444.64569
G1 X113.427 Y119.847 E444.70248
G1 X114.175 Y120.817 E444.75952
G1 X115.153 Y121.569 E444.81697
G1 X116.277 Y122.033 E444.87359
G1 X117.499 Y122.194 E444.93098
G0 F9000 X117.5 Y121.483
G0 X115.97 Y121.141
G0 X115.959 Y121.166
;TYPE:FILL
G1 F1160.4 X115.497 Y120.975 E444.95426
G1 X114.657 Y120.33 E445.00358
G1 X114.022 Y119.506 E445.05202
G1 X113.831 Y119.041 E445.07542
G1 X114.672 Y119.04 E445.11458
G1 X115.699 Y118.013 E445.18221
G1 X115.699 Y116.987 E445.22999
G1 X114.672 Y115.96 E445.29762
G1 X113.83 Y115.959 E445.33682
G1 X114.021 Y115.496 E445.36015
G1 X114.663 Y114.663 E445.40912
G1 X115.496 Y114.021 E445.45809
G1 X115.959 Y113.83 E445.48141
G1 X115.96 Y114.672 E445.52062
G1 X116.987 Y115.699 E445.58825
G1 X118.013 Y115.699 E445.63602
G1 X119.04 Y114.672 E445.70365
G1 X119.041 Y113.831 E445.74281
G1 X119.506 Y114.022 E445.76622
G1 X120.33 Y114.657 E445.81466
G1 X120.976 Y115.497 E445.864
G1 X121.166 Y115.959 E445.88726
G1 X120.328 Y115.96 E445.92629
G1 X119.301 Y116.987 E445.99391
G1 X119.301 Y118.013 E446.04169
G1 X120.328 Y119.04 E446.10932
G1 X121.164 Y119.041 E446.14825
G1 X120.974 Y119.501 E446.17142
G1 X120.336 Y120.336 E446.22035
G1 X119.501 Y120.974 E446.26928
G1 X119.041 Y121.164 E446.29246
G1 X119.04 Y120.328 E446.33139
G1 X118.013 Y119.301 E446.39902
G1 X116.987 Y119.301 E446.44679
G1 X115.96 Y120.328 E446.51442
G1 X115.959 Y121.166 E446.55344
G0 F9000 X116.086 Y120.864
G1 F1500 E440.05344
;MESH:NONMESH
G0 F300 X116.086 Y120.864 Z12.88
G0 F9000 X117.5 Y113.033
G0 X117.357 Y111.95
G0 X117.358 Y103.051
G0 X117.5 Y101.967
G0 X117.5 Y101.483
G0 X117.499 Y101.79
;TIME_ELAPSED:644.975657
;LAYER:45
;note -- min layer time used
;TYPE:WALL-INNER
;MESH:yc1hingeDubel.stl(1)
G1 F1500 E446.55344
G1 F1166 X118.615 Y101.643 E446.60586
G1 X119.642 Y101.219 E446.65759
G1 X120.535 Y100.535 E446.70997
G1 X121.219 Y99.642 E446.76235
G1 X121.643 Y98.615 E446.81409
G1 X121.789 Y97.501 E446.8664
G1 X121.643 Y96.381 E446.919
G1 X121.219 Y95.355 E446.97069
G1 X120.531 Y94.46 E447.02325
G1 X119.645 Y93.777 E447.07535
G1 X118.615 Y93.353 E447.12721
G1 X117.499 Y93.207 E447.17962
G1 X116.381 Y93.353 E447.23212
G1 X115.356 Y93.776 E447.28375
G1 X114.464 Y94.464 E447.33621
G1 X113.777 Y95.356 E447.38863
G1 X113.353 Y96.381 E447.44029
G1 X113.206 Y97.501 E447.49288
G1 X113.353 Y98.615 E447.54521
G1 X113.777 Y99.645 E447.59707
G1 X114.46 Y100.531 E447.64916
G1 X115.355 Y101.219 E447.70173
G1 X116.381 Y101.643 E447.75342
G1 X117.499 Y101.79 E447.80593
G0 F9000 X117.499 Y102.194
;TYPE:WALL-OUTER
G1 F1166 X118.719 Y102.033 E447.86323
G1 X119.843 Y101.569 E447.91985
G1 X120.821 Y100.821 E447.97719
G1 X121.569 Y99.843 E448.03452
G1 X122.033 Y98.719 E448.09114
G1 X122.193 Y97.501 E448.14834
G1 X122.033 Y96.277 E448.20582
G1 X121.569 Y95.153 E448.26244
G1 X120.817 Y94.175 E448.31989
G1 X119.847 Y93.427 E448.37693
G1 X118.719 Y92.963 E448.43372
G1 X117.499 Y92.803 E448.49102
G1 X116.277 Y92.963 E448.5484
G1 X115.154 Y93.427 E448.60498
G1 X114.179 Y94.179 E448.66232
G1 X113.427 Y95.154 E448.71965
G1 X112.963 Y96.277 E448.77623
G1 X112.802 Y97.501 E448.83372
G1 X112.963 Y98.719 E448.89093
G1 X113.427 Y99.847 E448.94772
G1 X114.175 Y100.817 E449.00476
G1 X115.153 Y101.569 E449.0622
G1 X116.277 Y102.033 E449.11883
G1 X117.499 Y102.194 E449.17622
G0 F9000 X117.5 Y101.483
G0 X116.25 Y101.257
G0 X116.239 Y101.282
;TYPE:FILL
G1 F1166 X115.497 Y100.975 E449.21361
G1 X114.657 Y100.33 E449.26292
G1 X114.022 Y99.506 E449.31136
G1 X113.715 Y98.761 E449.34889
G1 X114.672 Y98.76 E449.39345
G1 X115.512 Y97.92 E449.44876
G1 X115.512 Y97.08 E449.48788
G1 X114.672 Y96.24 E449.54319
G1 X113.714 Y96.239 E449.5878
G1 X114.021 Y95.496 E449.62523
G1 X114.663 Y94.663 E449.67421
G1 X115.496 Y94.021 E449.72318
G1 X116.239 Y93.714 E449.76061
G1 X116.24 Y94.672 E449.80522
G1 X117.08 Y95.512 E449.86053
G1 X117.92 Y95.512 E449.89965
G1 X118.76 Y94.672 E449.95496
G1 X118.761 Y93.715 E449.99953
G1 X119.506 Y94.022 E450.03705
G1 X120.33 Y94.657 E450.08549
G1 X120.976 Y95.497 E450.13483
G1 X121.282 Y96.239 E450.1722
G1 X120.328 Y96.24 E450.21663
G1 X119.488 Y97.08 E450.27194
G1 X119.488 Y97.92 E450.31105
G1 X120.328 Y98.76 E450.36637
G1 X121.28 Y98.761 E450.4107
G1 X120.974 Y99.501 E450.44799
G1 X120.336 Y100.336 E450.49692
G1 X119.501 Y100.974 E450.54585
G1 X118.761 Y101.28 E450.58314
G1 X118.76 Y100.328 E450.62747
G1 X117.92 Y99.488 E450.68278
G1 X117.08 Y99.488 E450.7219
G1 X116.24 Y100.328 E450.77721
G1 X116.239 Y101.282 E450.82163
G0 F9000 X116.366 Y100.98
G1 F1500 E444.32163
;MESH:yc1hingeDubel.stl
G0 F9000 X117.5 Y101.967
G0 X117.643 Y103.05
G0 X117.642 Y111.949
G0 X117.5 Y113.033
G0 X117.5 Y121.483
G0 X117.499 Y121.79
;TYPE:WALL-INNER
G1 F1500 E450.82163
G1 F1166 X118.615 Y121.643 E450.87405
G1 X119.642 Y121.219 E450.92578
G1 X120.535 Y120.535 E450.97816
G1 X121.219 Y119.642 E451.03054
G1 X121.643 Y118.615 E451.08228
G1 X121.789 Y117.501 E451.13459
G1 X121.643 Y116.381 E451.18719
G1 X121.219 Y115.355 E451.23888
G1 X120.531 Y114.46 E451.29145
G1 X119.645 Y113.777 E451.34354
G1 X118.615 Y113.353 E451.3954
G1 X117.499 Y113.207 E451.44781
G1 X116.381 Y113.353 E451.50031
G1 X115.356 Y113.776 E451.55194
G1 X114.464 Y114.464 E451.6044
G1 X113.777 Y115.356 E451.65683
G1 X113.353 Y116.381 E451.70848
G1 X113.206 Y117.501 E451.76108
G1 X113.353 Y118.615 E451.8134
G1 X113.777 Y119.645 E451.86526
G1 X114.46 Y120.531 E451.91735
G1 X115.355 Y121.219 E451.96992
G1 X116.381 Y121.643 E452.02161
G1 X117.499 Y121.79 E452.07412
G0 F9000 X117.499 Y122.194
;TYPE:WALL-OUTER
G1 F1166 X118.719 Y122.033 E452.13142
G1 X119.843 Y121.569 E452.18804
G1 X120.821 Y120.821 E452.24538
G1 X121.569 Y119.843 E452.30271
G1 X122.033 Y118.719 E452.35933
G1 X122.193 Y117.501 E452.41653
G1 X122.033 Y116.277 E452.47401
G1 X121.569 Y115.153 E452.53064
G1 X120.817 Y114.175 E452.58808
G1 X119.847 Y113.427 E452.64512
G1 X118.719 Y112.963 E452.70191
G1 X117.499 Y112.803 E452.75921
G1 X116.277 Y112.963 E452.81659
G1 X115.154 Y113.427 E452.87317
G1 X114.179 Y114.179 E452.93051
G1 X113.427 Y115.154 E452.98784
G1 X112.963 Y116.277 E453.04442
G1 X112.802 Y117.501 E453.10191
G1 X112.963 Y118.719 E453.15912
G1 X113.427 Y119.847 E453.21591
G1 X114.175 Y120.817 E453.27295
G1 X115.153 Y121.569 E453.33039
G1 X116.277 Y122.033 E453.38702
G1 X117.499 Y122.194 E453.44441
G0 F9000 X117.5 Y121.483
G0 X116.25 Y121.257
G0 X116.239 Y121.282
;TYPE:FILL
G1 F1166 X115.497 Y120.975 E453.4818
G1 X114.657 Y120.33 E453.53112
G1 X114.022 Y119.506 E453.57956
G1 X113.715 Y118.761 E453.61708
G1 X114.672 Y118.76 E453.66164
G1 X115.512 Y117.92 E453.71695
G1 X115.512 Y117.08 E453.75607
G1 X114.672 Y116.24 E453.81138
G1 X113.714 Y116.239 E453.85599
G1 X114.021 Y115.496 E453.89343
G1 X114.663 Y114.663 E453.9424
G1 X115.496 Y114.021 E453.99137
G1 X116.239 Y113.714 E454.0288
G1 X116.24 Y114.672 E454.07341
G1 X117.08 Y115.512 E454.12873
G1 X117.92 Y115.512 E454.16784
G1 X118.76 Y114.672 E454.22316
G1 X118.761 Y113.715 E454.26772
G1 X119.506 Y114.022 E454.30524
G1 X120.33 Y114.657 E454.35368
G1 X120.976 Y115.497 E454.40302
G1 X121.282 Y116.239 E454.44039
G1 X120.328 Y116.24 E454.48482
G1 X119.488 Y117.08 E454.54013
G1 X119.488 Y117.92 E454.57925
G1 X120.328 Y118.76 E454.63456
G1 X121.28 Y118.761 E454.67889
G1 X120.974 Y119.501 E454.71618
G1 X120.336 Y120.336 E454.76511
G1 X119.501 Y120.974 E454.81404
G1 X118.761 Y121.28 E454.85133
G1 X118.76 Y120.328 E454.89566
G1 X117.92 Y119.488 E454.95097
G1 X117.08 Y119.488 E454.99009
G1 X116.24 Y120.328 E455.0454
G1 X116.239 Y121.282 E455.08982
G0 F9000 X116.366 Y120.98
G1 F1500 E448.58982
;MESH:NONMESH
G0 F300 X116.366 Y120.98 Z13.16
G0 F9000 X117.5 Y113.033
G0 X117.357 Y111.95
G0 X117.358 Y103.051
G0 X117.5 Y101.967
G0 X117.5 Y101.483
G0 X117.499 Y101.79
;TIME_ELAPSED:657.536675
;LAYER:46
;note -- min layer time used
;TYPE:WALL-INNER
;MESH:yc1hingeDubel.stl(1)
G1 F1500 E455.08982
G1 F1171.7 X118.615 Y101.643 E455.14224
G1 X119.642 Y101.219 E455.19398
G1 X120.535 Y100.535 E455.24635
G1 X121.219 Y99.642 E455.29873
G1 X121.643 Y98.615 E455.35047
G1 X121.789 Y97.501 E455.40278
G1 X121.643 Y96.381 E455.45538
G1 X121.219 Y95.355 E455.50707
G1 X120.531 Y94.46 E455.55964
G1 X119.645 Y93.777 E455.61173
G1 X118.615 Y93.353 E455.66359
G1 X117.499 Y93.207 E455.716
G1 X116.381 Y93.353 E455.7685
G1 X115.356 Y93.776 E455.82014
G1 X114.464 Y94.464 E455.87259
G1 X113.777 Y95.356 E455.92502
G1 X113.353 Y96.381 E455.97667
G1 X113.206 Y97.501 E456.02927
G1 X113.353 Y98.615 E456.08159
G1 X113.777 Y99.645 E456.13345
G1 X114.46 Y100.531 E456.18555
G1 X115.355 Y101.219 E456.23811
G1 X116.381 Y101.643 E456.2898
G1 X117.499 Y101.79 E456.34231
G0 F9000 X117.499 Y102.194
;TYPE:WALL-OUTER
G1 F1171.7 X118.719 Y102.033 E456.39961
G1 X119.843 Y101.569 E456.45623
G1 X120.821 Y100.821 E456.51357
G1 X121.569 Y99.843 E456.5709
G1 X122.033 Y98.719 E456.62752
G1 X122.193 Y97.501 E456.68472
G1 X122.033 Y96.277 E456.7422
G1 X121.569 Y95.153 E456.79883
G1 X120.817 Y94.175 E456.85627
G1 X119.847 Y93.427 E456.91331
G1 X118.719 Y92.963 E456.9701
G1 X117.499 Y92.803 E457.0274
G1 X116.277 Y92.963 E457.08478
G1 X115.154 Y93.427 E457.14136
G1 X114.179 Y94.179 E457.1987
G1 X113.427 Y95.154 E457.25603
G1 X112.963 Y96.277 E457.31261
G1 X112.802 Y97.501 E457.3701
G1 X112.963 Y98.719 E457.42731
G1 X113.427 Y99.847 E457.4841
G1 X114.175 Y100.817 E457.54114
G1 X115.153 Y101.569 E457.59858
G1 X116.277 Y102.033 E457.65521
G1 X117.499 Y102.194 E457.7126
G0 F9000 X117.5 Y101.483
G0 X116.525 Y101.355
G0 X116.519 Y101.397
;TYPE:FILL
G1 F1171.7 X115.497 Y100.975 E457.76409
G1 X114.657 Y100.33 E457.8134
G1 X114.022 Y99.506 E457.86184
G1 X113.6 Y98.481 E457.91346
G1 X114.672 Y98.48 E457.96337
G1 X115.326 Y97.826 E458.00644
G1 X115.326 Y97.174 E458.0368
G1 X114.672 Y96.52 E458.07987
G1 X113.599 Y96.519 E458.12983
G1 X114.021 Y95.496 E458.18136
G1 X114.663 Y94.663 E458.23033
G1 X115.496 Y94.021 E458.2793
G1 X116.519 Y93.599 E458.33083
G1 X116.52 Y94.672 E458.38079
G1 X117.174 Y95.326 E458.42386
G1 X117.826 Y95.326 E458.45422
G1 X118.48 Y94.672 E458.49729
G1 X118.481 Y93.6 E458.5472
G1 X119.506 Y94.022 E458.59882
G1 X120.33 Y94.657 E458.64726
G1 X120.976 Y95.497 E458.6966
G1 X121.397 Y96.519 E458.74807
G1 X120.328 Y96.52 E458.79785
G1 X119.674 Y97.174 E458.84092
G1 X119.674 Y97.826 E458.87128
G1 X120.328 Y98.48 E458.91434
G1 X121.396 Y98.481 E458.96407
G1 X120.974 Y99.501 E459.01547
G1 X120.336 Y100.336 E459.0644
G1 X119.501 Y100.974 E459.11334
G1 X118.481 Y101.396 E459.16474
G1 X118.48 Y100.328 E459.21447
G1 X117.826 Y99.674 E459.25753
G1 X117.174 Y99.674 E459.28789
G1 X116.52 Y100.328 E459.33096
G1 X116.519 Y101.397 E459.38074
G0 F9000 X116.565 Y101.058
G1 F1500 E452.88074
;MESH:yc1hingeDubel.stl
G0 F9000 X117.5 Y101.967
G0 X117.643 Y103.05
G0 X117.642 Y111.949
G0 X117.5 Y113.033
G0 X117.5 Y121.483
G0 X117.499 Y121.79
;TYPE:WALL-INNER
G1 F1500 E459.38074
G1 F1171.7 X118.615 Y121.643 E459.43315
G1 X119.642 Y121.219 E459.48489
G1 X120.535 Y120.535 E459.53727
G1 X121.219 Y119.642 E459.58964
G1 X121.643 Y118.615 E459.64138
G1 X121.789 Y117.501 E459.6937
G1 X121.643 Y116.381 E459.74629
G1 X121.219 Y115.355 E459.79798
G1 X120.531 Y114.46 E459.85055
G1 X119.645 Y113.777 E459.90264
G1 X118.615 Y113.353 E459.95451
G1 X117.499 Y113.207 E460.00692
G1 X116.381 Y113.353 E460.05942
G1 X115.356 Y113.776 E460.11105
G1 X114.464 Y114.464 E460.1635
G1 X113.777 Y115.356 E460.21593
G1 X113.353 Y116.381 E460.26758
G1 X113.206 Y117.501 E460.32018
G1 X113.353 Y118.615 E460.3725
G1 X113.777 Y119.645 E460.42437
G1 X114.46 Y120.531 E460.47646
G1 X115.355 Y121.219 E460.52902
G1 X116.381 Y121.643 E460.58072
G1 X117.499 Y121.79 E460.63322
G0 F9000 X117.499 Y122.194
;TYPE:WALL-OUTER
G1 F1171.7 X118.719 Y122.033 E460.69053
G1 X119.843 Y121.569 E460.74715
G1 X120.821 Y120.821 E460.80448
G1 X121.569 Y119.843 E460.86181
G1 X122.033 Y118.719 E460.91843
G1 X122.193 Y117.501 E460.97564
G1 X122.033 Y116.277 E461.03312
G1 X121.569 Y115.153 E461.08974
G1 X120.817 Y114.175 E461.14718
G1 X119.847 Y113.427 E461.20422
G1 X118.719 Y112.963 E461.26102
G1 X117.499 Y112.803 E461.31831
G1 X116.277 Y112.963 E461.3757
G1 X115.154 Y113.427 E461.43228
G1 X114.179 Y114.179 E461.48961
G1 X113.427 Y115.154 E461.54695
G1 X112.963 Y116.277 E461.60353
G1 X112.802 Y117.501 E461.66101
G1 X112.963 Y118.719 E461.71822
G1 X113.427 Y119.847 E461.77502
G1 X114.175 Y120.817 E461.83205
G1 X115.153 Y121.569 E461.8895
G1 X116.277 Y122.033 E461.94612
G1 X117.499 Y122.194 E462.00351
G0 F9000 X117.5 Y121.483
G0 X116.525 Y121.355
G0 X116.519 Y121.397
;TYPE:FILL
G1 F1171.7 X115.497 Y120.975 E462.055
G1 X114.657 Y120.33 E462.10431
G1 X114.022 Y119.506 E462.15275
G1 X113.6 Y118.481 E462.20437
G1 X114.672 Y118.48 E462.25429
G1 X115.326 Y117.826 E462.29735
G1 X115.326 Y117.174 E462.32771
G1 X114.672 Y116.52 E462.37078
G1 X113.599 Y116.519 E462.42074
G1 X114.021 Y115.496 E462.47227
G1 X114.663 Y114.663 E462.52124
G1 X115.496 Y114.021 E462.57021
G1 X116.519 Y113.599 E462.62174
G1 X116.52 Y114.672 E462.67171
G1 X117.174 Y115.326 E462.71477
G1 X117.826 Y115.326 E462.74513
G1 X118.48 Y114.672 E462.7882
G1 X118.481 Y113.6 E462.83812
G1 X119.506 Y114.022 E462.88973
G1 X120.33 Y114.657 E462.93817
G1 X120.976 Y115.497 E462.98752
G1 X121.397 Y116.519 E463.03898
G1 X120.328 Y116.52 E463.08876
G1 X119.674 Y117.174 E463.13183
G1 X119.674 Y117.826 E463.16219
G1 X120.328 Y118.48 E463.20526
G1 X121.396 Y118.481 E463.25499
G1 X120.974 Y119.501 E463.30639
G1 X120.336 Y120.336 E463.35532
G1 X119.501 Y120.974 E463.40425
G1 X118.481 Y121.396 E463.45565
G1 X118.48 Y120.328 E463.50538
G1 X117.826 Y119.674 E463.54845
G1 X117.174 Y119.674 E463.57881
G1 X116.52 Y120.328 E463.62187
G1 X116.519 Y121.397 E463.67165
G0 F9000 X116.565 Y121.058
G1 F1500 E457.17165
;MESH:NONMESH
G0 F300 X116.565 Y121.058 Z13.44
G0 F9000 X117.5 Y113.033
G0 X117.357 Y111.95
G0 X117.358 Y103.051
G0 X117.5 Y101.967
G0 X117.5 Y101.483
G0 X117.499 Y101.79
;TIME_ELAPSED:670.073686
;LAYER:47
;note -- min layer time used
;TYPE:WALL-INNER
;MESH:yc1hingeDubel.stl(1)
G1 F1500 E463.67165
G1 F1164.9 X118.615 Y101.643 E463.72407
G1 X119.642 Y101.219 E463.7758
G1 X120.535 Y100.535 E463.82818
G1 X121.219 Y99.642 E463.88056
G1 X121.643 Y98.615 E463.93229
G1 X121.789 Y97.501 E463.98461
G1 X121.643 Y96.381 E464.0372
G1 X121.219 Y95.355 E464.0889
G1 X120.531 Y94.46 E464.14146
G1 X119.645 Y93.777 E464.19355
G1 X118.615 Y93.353 E464.24542
G1 X117.499 Y93.207 E464.29783
G1 X116.381 Y93.353 E464.35033
G1 X115.356 Y93.776 E464.40196
G1 X114.464 Y94.464 E464.45442
G1 X113.777 Y95.356 E464.50684
G1 X113.353 Y96.381 E464.55849
G1 X113.206 Y97.501 E464.61109
G1 X113.353 Y98.615 E464.66341
G1 X113.777 Y99.645 E464.71528
G1 X114.46 Y100.531 E464.76737
G1 X115.355 Y101.219 E464.81994
G1 X116.381 Y101.643 E464.87163
G1 X117.499 Y101.79 E464.92414
G0 F9000 X117.499 Y102.194
;TYPE:WALL-OUTER
G1 F1164.9 X118.719 Y102.033 E464.98144
G1 X119.843 Y101.569 E465.03806
G1 X120.821 Y100.821 E465.09539
G1 X121.569 Y99.843 E465.15273
G1 X122.033 Y98.719 E465.20935
G1 X122.193 Y97.501 E465.26655
G1 X122.033 Y96.277 E465.32403
G1 X121.569 Y95.153 E465.38065
G1 X120.817 Y94.175 E465.4381
G1 X119.847 Y93.427 E465.49513
G1 X118.719 Y92.963 E465.55193
G1 X117.499 Y92.803 E465.60922
G1 X116.277 Y92.963 E465.66661
G1 X115.154 Y93.427 E465.72319
G1 X114.179 Y94.179 E465.78053
G1 X113.427 Y95.154 E465.83786
G1 X112.963 Y96.277 E465.89444
G1 X112.802 Y97.501 E465.95193
G1 X112.963 Y98.719 E466.00913
G1 X113.427 Y99.847 E466.06593
G1 X114.175 Y100.817 E466.12297
G1 X115.153 Y101.569 E466.18041
G1 X116.277 Y102.033 E466.23703
G1 X117.499 Y102.194 E466.29443
G0 F9000 X117.5 Y101.483
G0 X116.803 Y101.391
G0 X116.799 Y101.416
;TYPE:FILL
G1 F1164.9 X116.455 Y101.371 E466.31058
G1 X115.497 Y100.975 E466.35885
G1 X114.657 Y100.33 E466.40817
G1 X114.022 Y99.506 E466.45661
G1 X113.625 Y98.541 E466.50519
G1 X113.58 Y98.201 E466.52116
G1 X114.672 Y98.2 E466.57201
G1 X115.139 Y97.733 E466.60276
G1 X115.139 Y97.267 E466.62446
G1 X114.672 Y96.8 E466.65522
G1 X113.58 Y96.799 E466.70606
G1 X113.625 Y96.455 E466.72222
G1 X114.021 Y95.496 E466.77053
G1 X114.663 Y94.663 E466.8195
G1 X115.496 Y94.021 E466.86847
G1 X116.455 Y93.625 E466.91679
G1 X116.799 Y93.58 E466.93294
G1 X116.8 Y94.672 E466.98379
G1 X117.267 Y95.139 E467.01454
G1 X117.733 Y95.139 E467.03624
G1 X118.2 Y94.672 E467.06699
G1 X118.201 Y93.581 E467.11779
G1 X118.541 Y93.625 E467.13376
G1 X119.506 Y94.022 E467.18235
G1 X120.33 Y94.657 E467.23079
G1 X120.976 Y95.497 E467.28013
G1 X121.371 Y96.455 E467.32838
G1 X121.416 Y96.799 E467.34454
G1 X120.328 Y96.8 E467.3952
G1 X119.861 Y97.267 E467.42595
G1 X119.861 Y97.733 E467.44765
G1 X120.328 Y98.2 E467.4784
G1 X121.415 Y98.201 E467.52902
G1 X121.371 Y98.541 E467.54498
G1 X120.974 Y99.501 E467.59335
G1 X120.336 Y100.336 E467.64229
G1 X119.501 Y100.974 E467.69122
G1 X118.541 Y101.371 E467.73959
G1 X118.201 Y101.416 E467.75556
G1 X118.2 Y100.328 E467.80622
G1 X117.733 Y99.861 E467.83698
G1 X117.267 Y99.861 E467.85867
G1 X116.8 Y100.328 E467.88943
G1 X116.799 Y101.416 E467.94009
G0 F9000 X116.843 Y101.094
G1 F1500 E461.44009
;MESH:yc1hingeDubel.stl
G0 F9000 X117.5 Y101.967
G0 X117.643 Y103.05
G0 X117.642 Y111.949
G0 X117.5 Y113.033
G0 X117.5 Y121.483
G0 X117.499 Y121.79
;TYPE:WALL-INNER
G1 F1500 E467.94009
G1 F1164.9 X118.615 Y121.643 E467.9925
G1 X119.642 Y121.219 E468.04424
G1 X120.535 Y120.535 E468.09662
G1 X121.219 Y119.642 E468.149
G1 X121.643 Y118.615 E468.20073
G1 X121.789 Y117.501 E468.25305
G1 X121.643 Y116.381 E468.30564
G1 X121.219 Y115.355 E468.35734
G1 X120.531 Y114.46 E468.4099
G1 X119.645 Y113.777 E468.46199
G1 X118.615 Y113.353 E468.51386
G1 X117.499 Y113.207 E468.56627
G1 X116.381 Y113.353 E468.61877
G1 X115.356 Y113.776 E468.6704
G1 X114.464 Y114.464 E468.72286
G1 X113.777 Y115.356 E468.77528
G1 X113.353 Y116.381 E468.82693
G1 X113.206 Y117.501 E468.87953
G1 X113.353 Y118.615 E468.93185
G1 X113.777 Y119.645 E468.98372
G1 X114.46 Y120.531 E469.03581
G1 X115.355 Y121.219 E469.08838
G1 X116.381 Y121.643 E469.14007
G1 X117.499 Y121.79 E469.19258
G0 F9000 X117.499 Y122.194
;TYPE:WALL-OUTER
G1 F1164.9 X118.719 Y122.033 E469.24988
G1 X119.843 Y121.569 E469.3065
G1 X120.821 Y120.821 E469.36383
G1 X121.569 Y119.843 E469.42116
G1 X122.033 Y118.719 E469.47779
G1 X122.193 Y117.501 E469.53499
G1 X122.033 Y116.277 E469.59247
G1 X121.569 Y115.153 E469.64909
G1 X120.817 Y114.175 E469.70654
G1 X119.847 Y113.427 E469.76357
G1 X118.719 Y112.963 E469.82037
G1 X117.499 Y112.803 E469.87766
G1 X116.277 Y112.963 E469.93505
G1 X115.154 Y113.427 E469.99163
G1 X114.179 Y114.179 E470.04896
G1 X113.427 Y115.154 E470.1063
G1 X112.963 Y116.277 E470.16288
G1 X112.802 Y117.501 E470.22036
G1 X112.963 Y118.719 E470.27757
G1 X113.427 Y119.847 E470.33437
G1 X114.175 Y120.817 E470.3914
G1 X115.153 Y121.569 E470.44885
G1 X116.277 Y122.033 E470.50547
G1 X117.499 Y122.194 E470.56287
G0 F9000 X117.5 Y121.483
G0 X116.803 Y121.391
G0 X116.799 Y121.416
;TYPE:FILL
G1 F1164.9 X116.455 Y121.371 E470.57902
G1 X115.497 Y120.975 E470.62729
G1 X114.657 Y120.33 E470.6766
G1 X114.022 Y119.506 E470.72504
G1 X113.625 Y118.541 E470.77363
G1 X113.58 Y118.201 E470.7896
G1 X114.672 Y118.2 E470.84045
G1 X115.139 Y117.733 E470.8712
G1 X115.139 Y117.267 E470.8929
G1 X114.672 Y116.8 E470.92366
G1 X113.58 Y116.799 E470.9745
G1 X113.625 Y116.455 E470.99066
G1 X114.021 Y115.496 E471.03897
G1 X114.663 Y114.663 E471.08794
G1 X115.496 Y114.021 E471.13691
G1 X116.455 Y113.625 E471.18522
G1 X116.799 Y113.58 E471.20138
G1 X116.8 Y114.672 E471.25223
G1 X117.267 Y115.139 E471.28298
G1 X117.733 Y115.139 E471.30468
G1 X118.2 Y114.672 E471.33543
G1 X118.201 Y113.581 E471.38623
G1 X118.541 Y113.625 E471.4022
G1 X119.506 Y114.022 E471.45079
G1 X120.33 Y114.657 E471.49923
G1 X120.976 Y115.497 E471.54857
G1 X121.371 Y116.455 E471.59682
G1 X121.416 Y116.799 E471.61298
G1 X120.328 Y116.8 E471.66364
G1 X119.861 Y117.267 E471.69439
G1 X119.861 Y117.733 E471.71609
G1 X120.328 Y118.2 E471.74684
G1 X121.415 Y118.201 E471.79746
G1 X121.371 Y118.541 E471.81342
G1 X120.974 Y119.501 E471.86179
G1 X120.336 Y120.336 E471.91073
G1 X119.501 Y120.974 E471.95966
G1 X118.541 Y121.371 E472.00803
G1 X118.201 Y121.416 E472.024
G1 X118.2 Y120.328 E472.07466
G1 X117.733 Y119.861 E472.10541
G1 X117.267 Y119.861 E472.12711
G1 X116.8 Y120.328 E472.15787
G1 X116.799 Y121.416 E472.20853
G0 F9000 X116.843 Y121.094
G1 F1500 E465.70853
;MESH:NONMESH
G0 F300 X116.843 Y121.094 Z13.72
G0 F9000 X117.5 Y113.033
G0 X117.357 Y111.95
G0 X117.358 Y103.051
G0 X117.5 Y101.967
G0 X117.5 Y101.483
G0 X117.499 Y101.79
;TIME_ELAPSED:682.524709
;LAYER:48
;note -- min layer time used
;TYPE:WALL-INNER
;MESH:yc1hingeDubel.stl(1)
G1 F1500 E472.20853
G1 F1161.3 X118.615 Y101.643 E472.26094
G1 X119.642 Y101.219 E472.31268
G1 X120.535 Y100.535 E472.36506
G1 X121.219 Y99.642 E472.41744
G1 X121.643 Y98.615 E472.46917
G1 X121.789 Y97.501 E472.52149
G1 X121.643 Y96.381 E472.57408
G1 X121.219 Y95.355 E472.62578
G1 X120.531 Y94.46 E472.67834
G1 X119.645 Y93.777 E472.73043
G1 X118.615 Y93.353 E472.7823
G1 X117.499 Y93.207 E472.83471
G1 X116.381 Y93.353 E472.88721
G1 X115.356 Y93.776 E472.93884
G1 X114.464 Y94.464 E472.99129
G1 X113.777 Y95.356 E473.04372
G1 X113.353 Y96.381 E473.09537
G1 X113.206 Y97.501 E473.14797
G1 X113.353 Y98.615 E473.20029
G1 X113.777 Y99.645 E473.25216
G1 X114.46 Y100.531 E473.30425
G1 X115.355 Y101.219 E473.35681
G1 X116.381 Y101.643 E473.40851
G1 X117.499 Y101.79 E473.46102
G0 F9000 X117.499 Y102.194
;TYPE:WALL-OUTER
G1 F1161.3 X118.719 Y102.033 E473.51832
G1 X119.843 Y101.569 E473.57494
G1 X120.821 Y100.821 E473.63227
G1 X121.569 Y99.843 E473.6896
G1 X122.033 Y98.719 E473.74623
G1 X122.193 Y97.501 E473.80343
G1 X122.033 Y96.277 E473.86091
G1 X121.569 Y95.153 E473.91753
G1 X120.817 Y94.175 E473.97498
G1 X119.847 Y93.427 E474.03201
G1 X118.719 Y92.963 E474.08881
G1 X117.499 Y92.803 E474.1461
G1 X116.277 Y92.963 E474.20349
G1 X115.154 Y93.427 E474.26007
G1 X114.179 Y94.179 E474.3174
G1 X113.427 Y95.154 E474.37474
G1 X112.963 Y96.277 E474.43132
G1 X112.802 Y97.501 E474.4888
G1 X112.963 Y98.719 E474.54601
G1 X113.427 Y99.847 E474.60281
G1 X114.175 Y100.817 E474.65984
G1 X115.153 Y101.569 E474.71729
G1 X116.277 Y102.033 E474.77391
G1 X117.499 Y102.194 E474.8313
G0 F9000 X117.079 Y101.453
G0 X117.921 Y101.453
;TYPE:FILL
G1 F1161.3 X117.92 Y100.328 E474.88369
G1 X117.64 Y100.048 E474.90213
G1 X117.36 Y100.048 E474.91517
G1 X117.08 Y100.328 E474.9336
G1 X117.079 Y101.453 E474.98599
G1 X116.455 Y101.371 E475.01529
G1 X115.497 Y100.975 E475.06356
G1 X114.657 Y100.33 E475.11288
G1 X114.022 Y99.506 E475.16132
G1 X113.625 Y98.541 E475.20991
G1 X113.543 Y97.921 E475.23903
G1 X114.672 Y97.92 E475.2916
G1 X114.952 Y97.64 E475.31004
G1 X114.952 Y97.36 E475.32308
G1 X114.672 Y97.08 E475.34151
G1 X113.543 Y97.079 E475.39409
G1 X113.625 Y96.455 E475.42339
G1 X114.021 Y95.496 E475.4717
G1 X114.663 Y94.663 E475.52067
G1 X115.496 Y94.021 E475.56965
G1 X116.455 Y93.625 E475.61796
G1 X117.079 Y93.544 E475.64726
G1 X117.08 Y94.672 E475.69978
G1 X117.36 Y94.952 E475.71822
G1 X117.64 Y94.952 E475.73126
G1 X117.92 Y94.672 E475.7497
G1 X117.921 Y93.544 E475.80222
G1 X118.541 Y93.625 E475.83134
G1 X119.506 Y94.022 E475.87993
G1 X120.33 Y94.657 E475.92837
G1 X120.976 Y95.497 E475.97771
G1 X121.371 Y96.455 E476.02596
G1 X121.452 Y97.079 E476.05526
G1 X120.328 Y97.08 E476.1076
G1 X120.048 Y97.36 E476.12604
G1 X120.048 Y97.64 E476.13907
G1 X120.328 Y97.92 E476.15751
G1 X121.452 Y97.921 E476.20985
G1 X121.371 Y98.541 E476.23897
G1 X120.974 Y99.501 E476.28734
G1 X120.336 Y100.336 E476.33627
G1 X119.501 Y100.974 E476.3852
G1 X118.541 Y101.371 E476.43358
G1 X117.921 Y101.453 E476.4627
G0 F9000 X117.88 Y101.13
G1 F1500 E469.9627
;MESH:yc1hingeDubel.stl
G0 F9000 X117.5 Y101.967
G0 X117.643 Y103.05
G0 X117.642 Y111.949
G0 X117.5 Y113.033
G0 X117.5 Y121.483
G0 X117.499 Y121.79
;TYPE:WALL-INNER
G1 F1500 E476.4627
G1 F1161.3 X118.615 Y121.643 E476.51511
G1 X119.642 Y121.219 E476.56685
G1 X120.535 Y120.535 E476.61923
G1 X121.219 Y119.642 E476.6716
G1 X121.643 Y118.615 E476.72334
G1 X121.789 Y117.501 E476.77566
G1 X121.643 Y116.381 E476.82825
G1 X121.219 Y115.355 E476.87994
G1 X120.531 Y114.46 E476.93251
G1 X119.645 Y113.777 E476.9846
G1 X118.615 Y113.353 E477.03647
G1 X117.499 Y113.207 E477.08888
G1 X116.381 Y113.353 E477.14138
G1 X115.356 Y113.776 E477.19301
G1 X114.464 Y114.464 E477.24546
G1 X113.777 Y115.356 E477.29789
G1 X113.353 Y116.381 E477.34954
G1 X113.206 Y117.501 E477.40214
G1 X113.353 Y118.615 E477.45446
G1 X113.777 Y119.645 E477.50633
G1 X114.46 Y120.531 E477.55842
G1 X115.355 Y121.219 E477.61098
G1 X116.381 Y121.643 E477.66268
G1 X117.499 Y121.79 E477.71518
G0 F9000 X117.499 Y122.194
;TYPE:WALL-OUTER
G1 F1161.3 X118.719 Y122.033 E477.77249
G1 X119.843 Y121.569 E477.82911
G1 X120.821 Y120.821 E477.88644
G1 X121.569 Y119.843 E477.94377
G1 X122.033 Y118.719 E478.00039
G1 X122.193 Y117.501 E478.0576
G1 X122.033 Y116.277 E478.11508
G1 X121.569 Y115.153 E478.1717
G1 X120.817 Y114.175 E478.22914
G1 X119.847 Y113.427 E478.28618
G1 X118.719 Y112.963 E478.34298
G1 X117.499 Y112.803 E478.40027
G1 X116.277 Y112.963 E478.45766
G1 X115.154 Y113.427 E478.51424
G1 X114.179 Y114.179 E478.57157
G1 X113.427 Y115.154 E478.62891
G1 X112.963 Y116.277 E478.68549
G1 X112.802 Y117.501 E478.74297
G1 X112.963 Y118.719 E478.80018
G1 X113.427 Y119.847 E478.85698
G1 X114.175 Y120.817 E478.91401
G1 X115.153 Y121.569 E478.97146
G1 X116.277 Y122.033 E479.02808
G1 X117.499 Y122.194 E479.08547
G0 F9000 X117.079 Y121.453
G0 X117.921 Y121.453
;TYPE:FILL
G1 F1161.3 X117.92 Y120.328 E479.13786
G1 X117.64 Y120.048 E479.1563
G1 X117.36 Y120.048 E479.16933
G1 X117.08 Y120.328 E479.18777
G1 X117.079 Y121.453 E479.24016
G1 X116.455 Y121.371 E479.26946
G1 X115.497 Y120.975 E479.31773
G1 X114.657 Y120.33 E479.36705
G1 X114.022 Y119.506 E479.41549
G1 X113.625 Y118.541 E479.46408
G1 X113.543 Y117.921 E479.4932
G1 X114.672 Y117.92 E479.54577
G1 X114.952 Y117.64 E479.56421
G1 X114.952 Y117.36 E479.57725
G1 X114.672 Y117.08 E479.59568
G1 X113.543 Y117.079 E479.64825
G1 X113.625 Y116.455 E479.67756
G1 X114.021 Y115.496 E479.72587
G1 X114.663 Y114.663 E479.77484
G1 X115.496 Y114.021 E479.82382
G1 X116.455 Y113.625 E479.87213
G1 X117.079 Y113.544 E479.90143
G1 X117.08 Y114.672 E479.95395
G1 X117.36 Y114.952 E479.97239
G1 X117.64 Y114.952 E479.98543
G1 X117.92 Y114.672 E480.00387
G1 X117.921 Y113.544 E480.05639
G1 X118.541 Y113.625 E480.08551
G1 X119.506 Y114.022 E480.13409
G1 X120.33 Y114.657 E480.18254
G1 X120.976 Y115.497 E480.23188
G1 X121.371 Y116.455 E480.28013
G1 X121.452 Y117.079 E480.30943
G1 X120.328 Y117.08 E480.36177
G1 X120.048 Y117.36 E480.38021
G1 X120.048 Y117.64 E480.39324
G1 X120.328 Y117.92 E480.41168
G1 X121.452 Y117.921 E480.46402
G1 X121.371 Y118.541 E480.49314
G1 X120.974 Y119.501 E480.54151
G1 X120.336 Y120.336 E480.59044
G1 X119.501 Y120.974 E480.63937
G1 X118.541 Y121.371 E480.68775
G1 X117.921 Y121.453 E480.71687
G0 F9000 X117.88 Y121.13
G1 F1500 E474.21687
;MESH:NONMESH
G0 F300 X117.88 Y121.13 Z14
G0 F9000 X117.5 Y113.033
G0 X117.357 Y111.95
G0 X117.358 Y103.051
G0 X117.5 Y101.967
G0 X117.5 Y101.483
G0 X117.499 Y101.79
;TIME_ELAPSED:694.968108
;LAYER:49
;note -- min layer time used
;TYPE:WALL-INNER
;MESH:yc1hingeDubel.stl(1)
G1 F1500 E480.71687
G1 F1160.2 X118.615 Y101.643 E480.76928
G1 X119.642 Y101.219 E480.82102
G1 X120.535 Y100.535 E480.8734
G1 X121.219 Y99.642 E480.92577
G1 X121.643 Y98.615 E480.97751
G1 X121.789 Y97.501 E481.02983
G1 X121.643 Y96.381 E481.08242
G1 X121.219 Y95.355 E481.13411
G1 X120.531 Y94.46 E481.18668
G1 X119.645 Y93.777 E481.23877
G1 X118.615 Y93.353 E481.29064
G1 X117.499 Y93.207 E481.34304
G1 X116.381 Y93.353 E481.39555
G1 X115.356 Y93.776 E481.44718
G1 X114.464 Y94.464 E481.49963
G1 X113.777 Y95.356 E481.55206
G1 X113.353 Y96.381 E481.60371
G1 X113.206 Y97.501 E481.65631
G1 X113.353 Y98.615 E481.70863
G1 X113.777 Y99.645 E481.7605
G1 X114.46 Y100.531 E481.81259
G1 X115.355 Y101.219 E481.86515
G1 X116.381 Y101.643 E481.91685
G1 X117.499 Y101.79 E481.96935
G0 F9000 X117.499 Y102.194
;TYPE:WALL-OUTER
G1 F1160.2 X118.719 Y102.033 E482.02665
G1 X119.843 Y101.569 E482.08328
G1 X120.821 Y100.821 E482.14061
G1 X121.569 Y99.843 E482.19794
G1 X122.033 Y98.719 E482.25456
G1 X122.193 Y97.501 E482.31177
G1 X122.033 Y96.277 E482.36925
G1 X121.569 Y95.153 E482.42587
G1 X120.817 Y94.175 E482.48331
G1 X119.847 Y93.427 E482.54035
G1 X118.719 Y92.963 E482.59715
G1 X117.499 Y92.803 E482.65444
G1 X116.277 Y92.963 E482.71183
G1 X115.154 Y93.427 E482.76841
G1 X114.179 Y94.179 E482.82574
G1 X113.427 Y95.154 E482.88308
G1 X112.963 Y96.277 E482.93966
G1 X112.802 Y97.501 E482.99714
G1 X112.963 Y98.719 E483.05435
G1 X113.427 Y99.847 E483.11114
G1 X114.175 Y100.817 E483.16818
G1 X115.153 Y101.569 E483.22563
G1 X116.277 Y102.033 E483.28225
G1 X117.499 Y102.194 E483.33964
G0 F9000 X117.325 Y101.485
G0 X117.675 Y101.485
;TYPE:FILL
G1 F1160.2 X117.7 Y100.328 E483.39353
G1 X117.566 Y100.194 E483.40235
G1 X117.434 Y100.194 E483.4085
G1 X117.3 Y100.328 E483.41733
G1 X117.325 Y101.485 E483.47121
G1 X116.455 Y101.371 E483.51207
G1 X115.497 Y100.975 E483.56034
G1 X114.657 Y100.33 E483.60965
G1 X114.022 Y99.506 E483.65809
G1 X113.625 Y98.541 E483.70668
G1 X113.511 Y97.675 E483.74735
G1 X114.672 Y97.7 E483.80143
G1 X114.806 Y97.566 E483.81025
G1 X114.806 Y97.434 E483.8164
G1 X114.672 Y97.3 E483.82522
G1 X113.511 Y97.325 E483.8793
G1 X113.625 Y96.455 E483.92015
G1 X114.021 Y95.496 E483.96847
G1 X114.663 Y94.663 E484.01744
G1 X115.496 Y94.021 E484.06641
G1 X116.455 Y93.625 E484.11472
G1 X117.325 Y93.512 E484.15557
G1 X117.3 Y94.672 E484.2096
G1 X117.434 Y94.806 E484.21842
G1 X117.566 Y94.806 E484.22457
G1 X117.7 Y94.672 E484.23339
G1 X117.675 Y93.512 E484.28742
G1 X118.541 Y93.625 E484.32809
G1 X119.506 Y94.022 E484.37668
G1 X120.33 Y94.657 E484.42512
G1 X120.976 Y95.497 E484.47446
G1 X121.371 Y96.455 E484.52271
G1 X121.484 Y97.325 E484.56356
G1 X120.328 Y97.3 E484.6174
G1 X120.194 Y97.434 E484.62623
G1 X120.194 Y97.566 E484.63237
G1 X120.328 Y97.7 E484.6412
G1 X121.484 Y97.675 E484.69504
G1 X121.371 Y98.541 E484.7357
G1 X120.974 Y99.501 E484.78408
G1 X120.336 Y100.336 E484.83301
G1 X119.501 Y100.974 E484.88194
G1 X118.541 Y101.371 E484.93031
G1 X117.675 Y101.485 E484.97099
G0 F9000 X117.634 Y101.162
G1 F1500 E478.47099
;MESH:yc1hingeDubel.stl
G0 F9000 X117.5 Y101.967
G0 X117.643 Y103.05
G0 X117.642 Y111.949
G0 X117.5 Y113.033
G0 X117.5 Y121.483
G0 X117.499 Y121.79
;TYPE:WALL-INNER
G1 F1500 E484.97099
G1 F1160.2 X118.615 Y121.643 E485.0234
G1 X119.642 Y121.219 E485.07514
G1 X120.535 Y120.535 E485.12752
G1 X121.219 Y119.642 E485.17989
G1 X121.643 Y118.615 E485.23163
G1 X121.789 Y117.501 E485.28395
G1 X121.643 Y116.381 E485.33654
G1 X121.219 Y115.355 E485.38823
G1 X120.531 Y114.46 E485.4408
G1 X119.645 Y113.777 E485.49289
G1 X118.615 Y113.353 E485.54476
G1 X117.499 Y113.207 E485.59716
G1 X116.381 Y113.353 E485.64966
G1 X115.356 Y113.776 E485.7013
G1 X114.464 Y114.464 E485.75375
G1 X113.777 Y115.356 E485.80618
G1 X113.353 Y116.381 E485.85783
G1 X113.206 Y117.501 E485.91043
G1 X113.353 Y118.615 E485.96275
G1 X113.777 Y119.645 E486.01462
G1 X114.46 Y120.531 E486.06671
G1 X115.355 Y121.219 E486.11927
G1 X116.381 Y121.643 E486.17097
G1 X117.499 Y121.79 E486.22347
G0 F9000 X117.499 Y122.194
;TYPE:WALL-OUTER
G1 F1160.2 X118.719 Y122.033 E486.28077
G1 X119.843 Y121.569 E486.3374
G1 X120.821 Y120.821 E486.39473
G1 X121.569 Y119.843 E486.45206
G1 X122.033 Y118.719 E486.50868
G1 X122.193 Y117.501 E486.56589
G1 X122.033 Y116.277 E486.62337
G1 X121.569 Y115.153 E486.67999
G1 X120.817 Y114.175 E486.73743
G1 X119.847 Y113.427 E486.79447
G1 X118.719 Y112.963 E486.85127
G1 X117.499 Y112.803 E486.90856
G1 X116.277 Y112.963 E486.96595
G1 X115.154 Y113.427 E487.02253
G1 X114.179 Y114.179 E487.07986
G1 X113.427 Y115.154 E487.1372
G1 X112.963 Y116.277 E487.19378
G1 X112.802 Y117.501 E487.25126
G1 X112.963 Y118.719 E487.30847
G1 X113.427 Y119.847 E487.36526
G1 X114.175 Y120.817 E487.4223
G1 X115.153 Y121.569 E487.47975
G1 X116.277 Y122.033 E487.53637
G1 X117.499 Y122.194 E487.59376
G0 F9000 X117.325 Y121.485
G0 X117.675 Y121.485
;TYPE:FILL
G1 F1160.2 X117.7 Y120.328 E487.64765
G1 X117.566 Y120.194 E487.65647
G1 X117.434 Y120.194 E487.66262
G1 X117.3 Y120.328 E487.67144
G1 X117.325 Y121.485 E487.72533
G1 X116.455 Y121.371 E487.76619
G1 X115.497 Y120.975 E487.81446
G1 X114.657 Y120.33 E487.86377
G1 X114.022 Y119.506 E487.91221
G1 X113.625 Y118.541 E487.9608
G1 X113.511 Y117.675 E488.00147
G1 X114.672 Y117.7 E488.05555
G1 X114.806 Y117.566 E488.06437
G1 X114.806 Y117.434 E488.07052
G1 X114.672 Y117.3 E488.07934
G1 X113.511 Y117.325 E488.13342
G1 X113.625 Y116.455 E488.17427
G1 X114.021 Y115.496 E488.22259
G1 X114.663 Y114.663 E488.27156
G1 X115.496 Y114.021 E488.32053
G1 X116.455 Y113.625 E488.36884
G1 X117.325 Y113.512 E488.40969
G1 X117.3 Y114.672 E488.46372
G1 X117.434 Y114.806 E488.47254
G1 X117.566 Y114.806 E488.47869
G1 X117.7 Y114.672 E488.48751
G1 X117.675 Y113.512 E488.54154
G1 X118.541 Y113.625 E488.58221
G1 X119.506 Y114.022 E488.63079
G1 X120.33 Y114.657 E488.67924
G1 X120.976 Y115.497 E488.72858
G1 X121.371 Y116.455 E488.77683
G1 X121.484 Y117.325 E488.81768
G1 X120.328 Y117.3 E488.87152
G1 X120.194 Y117.434 E488.88035
G1 X120.194 Y117.566 E488.88649
G1 X120.328 Y117.7 E488.89532
G1 X121.484 Y117.675 E488.94916
G1 X121.371 Y118.541 E488.98982
G1 X120.974 Y119.501 E489.0382
G1 X120.336 Y120.336 E489.08713
G1 X119.501 Y120.974 E489.13606
G1 X118.541 Y121.371 E489.18443
G1 X117.675 Y121.485 E489.22511
G0 F9000 X117.634 Y121.162
G1 F1500 E482.72511
;MESH:NONMESH
G0 F300 X117.634 Y121.162 Z14.28
G0 F9000 X117.5 Y113.033
G0 X117.357 Y111.95
G0 X117.358 Y103.051
G0 X117.5 Y101.967
G0 X117.5 Y101.483
G0 X117.499 Y101.79
;TIME_ELAPSED:707.305141
;LAYER:50
;note -- min layer time used
;TYPE:WALL-INNER
;MESH:yc1hingeDubel.stl(1)
G1 F1500 E489.22511
G1 F1160.3 X118.615 Y101.643 E489.27752
G1 X119.642 Y101.219 E489.32926
G1 X120.535 Y100.535 E489.38163
G1 X121.219 Y99.642 E489.43401
G1 X121.643 Y98.615 E489.48575
G1 X121.789 Y97.501 E489.53807
G1 X121.643 Y96.381 E489.59066
G1 X121.219 Y95.355 E489.64235
G1 X120.531 Y94.46 E489.69492
G1 X119.645 Y93.777 E489.74701
G1 X118.615 Y93.353 E489.79887
G1 X117.499 Y93.207 E489.85128
G1 X116.381 Y93.353 E489.90378
G1 X115.356 Y93.776 E489.95542
G1 X114.464 Y94.464 E490.00787
G1 X113.777 Y95.356 E490.0603
G1 X113.353 Y96.381 E490.11195
G1 X113.206 Y97.501 E490.16455
G1 X113.353 Y98.615 E490.21687
G1 X113.777 Y99.645 E490.26874
G1 X114.46 Y100.531 E490.32083
G1 X115.355 Y101.219 E490.37339
G1 X116.381 Y101.643 E490.42509
G1 X117.499 Y101.79 E490.47759
G0 F9000 X117.499 Y102.194
;TYPE:WALL-OUTER
G1 F1160.3 X118.719 Y102.033 E490.53489
G1 X119.843 Y101.569 E490.59152
G1 X120.821 Y100.821 E490.64885
G1 X121.569 Y99.843 E490.70618
G1 X122.033 Y98.719 E490.7628
G1 X122.193 Y97.501 E490.82001
G1 X122.033 Y96.277 E490.87748
G1 X121.569 Y95.153 E490.93411
G1 X120.817 Y94.175 E490.99155
G1 X119.847 Y93.427 E491.04859
G1 X118.719 Y92.963 E491.10538
G1 X117.499 Y92.803 E491.16268
G1 X116.277 Y92.963 E491.22007
G1 X115.154 Y93.427 E491.27665
G1 X114.179 Y94.179 E491.33398
G1 X113.427 Y95.154 E491.39132
G1 X112.963 Y96.277 E491.4479
G1 X112.802 Y97.501 E491.50538
G1 X112.963 Y98.719 E491.56259
G1 X113.427 Y99.847 E491.61938
G1 X114.175 Y100.817 E491.67642
G1 X115.153 Y101.569 E491.73387
G1 X116.277 Y102.033 E491.79049
G1 X117.499 Y102.194 E491.84788
G0 F9000 X117.325 Y101.485
G0 X117.675 Y101.485
;TYPE:FILL
G1 F1160.3 X117.7 Y100.328 E491.90177
G1 X117.566 Y100.194 E491.91059
G1 X117.434 Y100.194 E491.91674
G1 X117.3 Y100.328 E491.92556
G1 X117.325 Y101.485 E491.97945
G1 X116.455 Y101.371 E492.02031
G1 X115.497 Y100.975 E492.06858
G1 X114.657 Y100.33 E492.11789
G1 X114.022 Y99.506 E492.16633
G1 X113.625 Y98.541 E492.21492
G1 X113.511 Y97.675 E492.25559
G1 X114.672 Y97.7 E492.30967
G1 X114.806 Y97.566 E492.31849
G1 X114.806 Y97.434 E492.32464
G1 X114.672 Y97.3 E492.33346
G1 X113.511 Y97.325 E492.38754
G1 X113.625 Y96.455 E492.42839
G1 X114.021 Y95.496 E492.4767
G1 X114.663 Y94.663 E492.52568
G1 X115.496 Y94.021 E492.57465
G1 X116.455 Y93.625 E492.62296
G1 X117.325 Y93.512 E492.66381
G1 X117.3 Y94.672 E492.71784
G1 X117.434 Y94.806 E492.72666
G1 X117.566 Y94.806 E492.73281
G1 X117.7 Y94.672 E492.74163
G1 X117.675 Y93.512 E492.79566
G1 X118.541 Y93.625 E492.83633
G1 X119.506 Y94.022 E492.88491
G1 X120.33 Y94.657 E492.93335
G1 X120.976 Y95.497 E492.9827
G1 X121.371 Y96.455 E493.03095
G1 X121.484 Y97.325 E493.0718
G1 X120.328 Y97.3 E493.12564
G1 X120.194 Y97.434 E493.13447
G1 X120.194 Y97.566 E493.14061
G1 X120.328 Y97.7 E493.14944
G1 X121.484 Y97.675 E493.20328
G1 X121.371 Y98.541 E493.24394
G1 X120.974 Y99.501 E493.29232
G1 X120.336 Y100.336 E493.34125
G1 X119.501 Y100.974 E493.39018
G1 X118.541 Y101.371 E493.43855
G1 X117.675 Y101.485 E493.47923
G0 F9000 X117.634 Y101.162
G1 F1500 E486.97923
;MESH:yc1hingeDubel.stl
G0 F9000 X117.5 Y101.967
G0 X117.643 Y103.05
G0 X117.642 Y111.949
G0 X117.5 Y113.033
G0 X117.5 Y121.483
G0 X117.499 Y121.79
;TYPE:WALL-INNER
G1 F1500 E493.47923
G1 F1160.3 X118.615 Y121.643 E493.53164
G1 X119.642 Y121.219 E493.58338
G1 X120.535 Y120.535 E493.63575
G1 X121.219 Y119.642 E493.68813
G1 X121.643 Y118.615 E493.73987
G1 X121.789 Y117.501 E493.79219
G1 X121.643 Y116.381 E493.84478
G1 X121.219 Y115.355 E493.89647
G1 X120.531 Y114.46 E493.94904
G1 X119.645 Y113.777 E494.00113
G1 X118.615 Y113.353 E494.05299
G1 X117.499 Y113.207 E494.1054
G1 X116.381 Y113.353 E494.1579
G1 X115.356 Y113.776 E494.20954
G1 X114.464 Y114.464 E494.26199
G1 X113.777 Y115.356 E494.31442
G1 X113.353 Y116.381 E494.36607
G1 X113.206 Y117.501 E494.41867
G1 X113.353 Y118.615 E494.47099
G1 X113.777 Y119.645 E494.52286
G1 X114.46 Y120.531 E494.57495
G1 X115.355 Y121.219 E494.62751
G1 X116.381 Y121.643 E494.67921
G1 X117.499 Y121.79 E494.73171
G0 F9000 X117.499 Y122.194
;TYPE:WALL-OUTER
G1 F1160.3 X118.719 Y122.033 E494.78901
G1 X119.843 Y121.569 E494.84564
G1 X120.821 Y120.821 E494.90297
G1 X121.569 Y119.843 E494.9603
G1 X122.033 Y118.719 E495.01692
G1 X122.193 Y117.501 E495.07413
G1 X122.033 Y116.277 E495.1316
G1 X121.569 Y115.153 E495.18823
G1 X120.817 Y114.175 E495.24567
G1 X119.847 Y113.427 E495.30271
G1 X118.719 Y112.963 E495.3595
G1 X117.499 Y112.803 E495.4168
G1 X116.277 Y112.963 E495.47419
G1 X115.154 Y113.427 E495.53077
G1 X114.179 Y114.179 E495.5881
G1 X113.427 Y115.154 E495.64544
G1 X112.963 Y116.277 E495.70201
G1 X112.802 Y117.501 E495.7595
G1 X112.963 Y118.719 E495.81671
G1 X113.427 Y119.847 E495.8735
G1 X114.175 Y120.817 E495.93054
G1 X115.153 Y121.569 E495.98799
G1 X116.277 Y122.033 E496.04461
G1 X117.499 Y122.194 E496.102
G0 F9000 X117.325 Y121.485
G0 X117.675 Y121.485
;TYPE:FILL
G1 F1160.3 X117.7 Y120.328 E496.15589
G1 X117.566 Y120.194 E496.16471
G1 X117.434 Y120.194 E496.17086
G1 X117.3 Y120.328 E496.17968
G1 X117.325 Y121.485 E496.23357
G1 X116.455 Y121.371 E496.27443
G1 X115.497 Y120.975 E496.3227
G1 X114.657 Y120.33 E496.37201
G1 X114.022 Y119.506 E496.42045
G1 X113.625 Y118.541 E496.46904
G1 X113.511 Y117.675 E496.50971
G1 X114.672 Y117.7 E496.56379
G1 X114.806 Y117.566 E496.57261
G1 X114.806 Y117.434 E496.57876
G1 X114.672 Y117.3 E496.58758
G1 X113.511 Y117.325 E496.64165
G1 X113.625 Y116.455 E496.68251
G1 X114.021 Y115.496 E496.73082
G1 X114.663 Y114.663 E496.7798
G1 X115.496 Y114.021 E496.82877
G1 X116.455 Y113.625 E496.87708
G1 X117.325 Y113.512 E496.91793
G1 X117.3 Y114.672 E496.97196
G1 X117.434 Y114.806 E496.98078
G1 X117.566 Y114.806 E496.98693
G1 X117.7 Y114.672 E496.99575
G1 X117.675 Y113.512 E497.04978
G1 X118.541 Y113.625 E497.09045
G1 X119.506 Y114.022 E497.13903
G1 X120.33 Y114.657 E497.18747
G1 X120.976 Y115.497 E497.23682
G1 X121.371 Y116.455 E497.28507
G1 X121.484 Y117.325 E497.32592
G1 X120.328 Y117.3 E497.37976
G1 X120.194 Y117.434 E497.38858
G1 X120.194 Y117.566 E497.39473
G1 X120.328 Y117.7 E497.40356
G1 X121.484 Y117.675 E497.4574
G1 X121.371 Y118.541 E497.49806
G1 X120.974 Y119.501 E497.54644
G1 X120.336 Y120.336 E497.59537
G1 X119.501 Y120.974 E497.6443
G1 X118.541 Y121.371 E497.69267
G1 X117.675 Y121.485 E497.73334
G0 F9000 X117.634 Y121.162
G1 F1500 E491.23334
;MESH:NONMESH
G0 F300 X117.634 Y121.162 Z14.56
G0 F9000 X117.5 Y113.033
G0 X117.357 Y111.95
G0 X117.358 Y103.051
G0 X117.5 Y101.967
G0 X117.5 Y101.483
G0 X117.499 Y101.79
;TIME_ELAPSED:719.642004
;LAYER:51
;note -- min layer time used
;TYPE:WALL-INNER
;MESH:yc1hingeDubel.stl(1)
G1 F1500 E497.73334
G1 F1161.4 X118.615 Y101.643 E497.78576
G1 X119.642 Y101.219 E497.8375
G1 X120.535 Y100.535 E497.88987
G1 X121.219 Y99.642 E497.94225
G1 X121.643 Y98.615 E497.99399
G1 X121.789 Y97.501 E498.0463
G1 X121.643 Y96.381 E498.0989
G1 X121.219 Y95.355 E498.15059
G1 X120.531 Y94.46 E498.20316
G1 X119.645 Y93.777 E498.25525
G1 X118.615 Y93.353 E498.30711
G1 X117.499 Y93.207 E498.35952
G1 X116.381 Y93.353 E498.41202
G1 X115.356 Y93.776 E498.46366
G1 X114.464 Y94.464 E498.51611
G1 X113.777 Y95.356 E498.56854
G1 X113.353 Y96.381 E498.62019
G1 X113.206 Y97.501 E498.67279
G1 X113.353 Y98.615 E498.72511
G1 X113.777 Y99.645 E498.77697
G1 X114.46 Y100.531 E498.82907
G1 X115.355 Y101.219 E498.88163
G1 X116.381 Y101.643 E498.93332
G1 X117.499 Y101.79 E498.98583
G0 F9000 X117.499 Y102.194
;TYPE:WALL-OUTER
G1 F1161.4 X118.719 Y102.033 E499.04313
G1 X119.843 Y101.569 E499.09975
G1 X120.821 Y100.821 E499.15709
G1 X121.569 Y99.843 E499.21442
G1 X122.033 Y98.719 E499.27104
G1 X122.193 Y97.501 E499.32824
G1 X122.033 Y96.277 E499.38572
G1 X121.569 Y95.153 E499.44235
G1 X120.817 Y94.175 E499.49979
G1 X119.847 Y93.427 E499.55683
G1 X118.719 Y92.963 E499.61362
G1 X117.499 Y92.803 E499.67092
G1 X116.277 Y92.963 E499.72831
G1 X115.154 Y93.427 E499.78488
G1 X114.179 Y94.179 E499.84222
G1 X113.427 Y95.154 E499.89955
G1 X112.963 Y96.277 E499.95613
G1 X112.802 Y97.501 E500.01362
G1 X112.963 Y98.719 E500.07083
G1 X113.427 Y99.847 E500.12762
G1 X114.175 Y100.817 E500.18466
G1 X115.153 Y101.569 E500.24211
G1 X116.277 Y102.033 E500.29873
G1 X117.499 Y102.194 E500.35612
G0 F9000 X117.079 Y101.453
G0 X117.921 Y101.453
;TYPE:FILL
G1 F1161.4 X117.92 Y100.328 E500.40851
G1 X117.64 Y100.048 E500.42694
G1 X117.36 Y100.048 E500.43998
G1 X117.08 Y100.328 E500.45842
G1 X117.079 Y101.453 E500.51081
G1 X116.455 Y101.371 E500.54011
G1 X115.497 Y100.975 E500.58838
G1 X114.657 Y100.33 E500.6377
G1 X114.022 Y99.506 E500.68614
G1 X113.625 Y98.541 E500.73472
G1 X113.543 Y97.921 E500.76384
G1 X114.672 Y97.92 E500.81642
G1 X114.952 Y97.64 E500.83485
G1 X114.952 Y97.36 E500.84789
G1 X114.672 Y97.08 E500.86633
G1 X113.543 Y97.079 E500.9189
G1 X113.625 Y96.455 E500.94821
G1 X114.021 Y95.496 E500.99652
G1 X114.663 Y94.663 E501.04549
G1 X115.496 Y94.021 E501.09446
G1 X116.455 Y93.625 E501.14277
G1 X117.079 Y93.544 E501.17207
G1 X117.08 Y94.672 E501.2246
G1 X117.36 Y94.952 E501.24304
G1 X117.64 Y94.952 E501.25608
G1 X117.92 Y94.672 E501.27451
G1 X117.921 Y93.544 E501.32704
G1 X118.541 Y93.625 E501.35615
G1 X119.506 Y94.022 E501.40474
G1 X120.33 Y94.657 E501.45318
G1 X120.976 Y95.497 E501.50253
G1 X121.371 Y96.455 E501.55078
G1 X121.452 Y97.079 E501.58008
G1 X120.328 Y97.08 E501.63241
G1 X120.048 Y97.36 E501.65085
G1 X120.048 Y97.64 E501.66389
G1 X120.328 Y97.92 E501.68233
G1 X121.452 Y97.921 E501.73467
G1 X121.371 Y98.541 E501.76378
G1 X120.974 Y99.501 E501.81216
G1 X120.336 Y100.336 E501.86109
G1 X119.501 Y100.974 E501.91002
G1 X118.541 Y101.371 E501.95839
G1 X117.921 Y101.453 E501.98751
G0 F9000 X117.88 Y101.13
G1 F1500 E495.48751
;MESH:yc1hingeDubel.stl
G0 F9000 X117.5 Y101.967
G0 X117.643 Y103.05
G0 X117.642 Y111.949
G0 X117.5 Y113.033
G0 X117.5 Y121.483
G0 X117.499 Y121.79
;TYPE:WALL-INNER
G1 F1500 E501.98751
G1 F1161.4 X118.615 Y121.643 E502.03993
G1 X119.642 Y121.219 E502.09166
G1 X120.535 Y120.535 E502.14404
G1 X121.219 Y119.642 E502.19642
G1 X121.643 Y118.615 E502.24816
G1 X121.789 Y117.501 E502.30047
G1 X121.643 Y116.381 E502.35307
G1 X121.219 Y115.355 E502.40476
G1 X120.531 Y114.46 E502.45733
G1 X119.645 Y113.777 E502.50942
G1 X118.615 Y113.353 E502.56128
G1 X117.499 Y113.207 E502.61369
G1 X116.381 Y113.353 E502.66619
G1 X115.356 Y113.776 E502.71783
G1 X114.464 Y114.464 E502.77028
G1 X113.777 Y115.356 E502.82271
G1 X113.353 Y116.381 E502.87436
G1 X113.206 Y117.501 E502.92696
G1 X113.353 Y118.615 E502.97928
G1 X113.777 Y119.645 E503.03114
G1 X114.46 Y120.531 E503.08324
G1 X115.355 Y121.219 E503.1358
G1 X116.381 Y121.643 E503.18749
G1 X117.499 Y121.79 E503.24
G0 F9000 X117.499 Y122.194
;TYPE:WALL-OUTER
G1 F1161.4 X118.719 Y122.033 E503.2973
G1 X119.843 Y121.569 E503.35392
G1 X120.821 Y120.821 E503.41126
G1 X121.569 Y119.843 E503.46859
G1 X122.033 Y118.719 E503.52521
G1 X122.193 Y117.501 E503.58241
G1 X122.033 Y116.277 E503.63989
G1 X121.569 Y115.153 E503.69652
G1 X120.817 Y114.175 E503.75396
G1 X119.847 Y113.427 E503.811
G1 X118.719 Y112.963 E503.86779
G1 X117.499 Y112.803 E503.92509
G1 X116.277 Y112.963 E503.98247
G1 X115.154 Y113.427 E504.03905
G1 X114.179 Y114.179 E504.09639
G1 X113.427 Y115.154 E504.15372
G1 X112.963 Y116.277 E504.2103
G1 X112.802 Y117.501 E504.26779
G1 X112.963 Y118.719 E504.325
G1 X113.427 Y119.847 E504.38179
G1 X114.175 Y120.817 E504.43883
G1 X115.153 Y121.569 E504.49627
G1 X116.277 Y122.033 E504.5529
G1 X117.499 Y122.194 E504.61029
G0 F9000 X117.079 Y121.453
G0 X117.921 Y121.453
;TYPE:FILL
G1 F1161.4 X117.92 Y120.328 E504.66267
G1 X117.64 Y120.048 E504.68111
G1 X117.36 Y120.048 E504.69415
G1 X117.08 Y120.328 E504.71259
G1 X117.079 Y121.453 E504.76497
G1 X116.455 Y121.371 E504.79428
G1 X115.497 Y120.975 E504.84255
G1 X114.657 Y120.33 E504.89186
G1 X114.022 Y119.506 E504.9403
G1 X113.625 Y118.541 E504.98889
G1 X113.543 Y117.921 E505.01801
G1 X114.672 Y117.92 E505.07059
G1 X114.952 Y117.64 E505.08902
G1 X114.952 Y117.36 E505.10206
G1 X114.672 Y117.08 E505.1205
G1 X113.543 Y117.079 E505.17307
G1 X113.625 Y116.455 E505.20238
G1 X114.021 Y115.496 E505.25069
G1 X114.663 Y114.663 E505.29966
G1 X115.496 Y114.021 E505.34863
G1 X116.455 Y113.625 E505.39694
G1 X117.079 Y113.544 E505.42624
G1 X117.08 Y114.672 E505.47877
G1 X117.36 Y114.952 E505.49721
G1 X117.64 Y114.952 E505.51024
G1 X117.92 Y114.672 E505.52868
G1 X117.921 Y113.544 E505.58121
G1 X118.541 Y113.625 E505.61032
G1 X119.506 Y114.022 E505.65891
G1 X120.33 Y114.657 E505.70735
G1 X120.976 Y115.497 E505.75669
G1 X121.371 Y116.455 E505.80495
G1 X121.452 Y117.079 E505.83425
G1 X120.328 Y117.08 E505.88658
G1 X120.048 Y117.36 E505.90502
G1 X120.048 Y117.64 E505.91806
G1 X120.328 Y117.92 E505.9365
G1 X121.452 Y117.921 E505.98884
G1 X121.371 Y118.541 E506.01795
G1 X120.974 Y119.501 E506.06633
G1 X120.336 Y120.336 E506.11526
G1 X119.501 Y120.974 E506.16419
G1 X118.541 Y121.371 E506.21256
G1 X117.921 Y121.453 E506.24168
G0 F9000 X117.88 Y121.13
G1 F1500 E499.74168
;MESH:NONMESH
G0 F300 X117.88 Y121.13 Z14.84
G0 F9000 X117.5 Y113.033
G0 X117.357 Y111.95
G0 X117.358 Y103.051
G0 X117.5 Y101.967
G0 X117.5 Y101.483
G0 X117.499 Y101.79
;TIME_ELAPSED:732.085072
;LAYER:52
;note -- min layer time used
;TYPE:WALL-INNER
;MESH:yc1hingeDubel.stl(1)
G1 F1500 E506.24168
G1 F1165 X118.615 Y101.643 E506.2941
G1 X119.642 Y101.219 E506.34583
G1 X120.535 Y100.535 E506.39821
G1 X121.219 Y99.642 E506.45059
G1 X121.643 Y98.615 E506.50233
G1 X121.789 Y97.501 E506.55464
G1 X121.643 Y96.381 E506.60724
G1 X121.219 Y95.355 E506.65893
G1 X120.531 Y94.46 E506.7115
G1 X119.645 Y93.777 E506.76359
G1 X118.615 Y93.353 E506.81545
G1 X117.499 Y93.207 E506.86786
G1 X116.381 Y93.353 E506.92036
G1 X115.356 Y93.776 E506.97199
G1 X114.464 Y94.464 E507.02445
G1 X113.777 Y95.356 E507.07688
G1 X113.353 Y96.381 E507.12853
G1 X113.206 Y97.501 E507.18113
G1 X113.353 Y98.615 E507.23345
G1 X113.777 Y99.645 E507.28531
G1 X114.46 Y100.531 E507.3374
G1 X115.355 Y101.219 E507.38997
G1 X116.381 Y101.643 E507.44166
G1 X117.499 Y101.79 E507.49417
G0 F9000 X117.499 Y102.194
;TYPE:WALL-OUTER
G1 F1165 X118.719 Y102.033 E507.55147
G1 X119.843 Y101.569 E507.60809
G1 X120.821 Y100.821 E507.66543
G1 X121.569 Y99.843 E507.72276
G1 X122.033 Y98.719 E507.77938
G1 X122.193 Y97.501 E507.83658
G1 X122.033 Y96.277 E507.89406
G1 X121.569 Y95.153 E507.95068
G1 X120.817 Y94.175 E508.00813
G1 X119.847 Y93.427 E508.06517
G1 X118.719 Y92.963 E508.12196
G1 X117.499 Y92.803 E508.17926
G1 X116.277 Y92.963 E508.23664
G1 X115.154 Y93.427 E508.29322
G1 X114.179 Y94.179 E508.35056
G1 X113.427 Y95.154 E508.40789
G1 X112.963 Y96.277 E508.46447
G1 X112.802 Y97.501 E508.52196
G1 X112.963 Y98.719 E508.57917
G1 X113.427 Y99.847 E508.63596
G1 X114.175 Y100.817 E508.693
G1 X115.153 Y101.569 E508.75044
G1 X116.277 Y102.033 E508.80707
G1 X117.499 Y102.194 E508.86446
G0 F9000 X117.5 Y101.483
G0 X116.803 Y101.391
G0 X116.799 Y101.416
;TYPE:FILL
G1 F1165 X116.455 Y101.371 E508.88061
G1 X115.497 Y100.975 E508.92888
G1 X114.657 Y100.33 E508.9782
G1 X114.022 Y99.506 E509.02664
G1 X113.625 Y98.541 E509.07523
G1 X113.58 Y98.201 E509.0912
G1 X114.672 Y98.2 E509.14204
G1 X115.139 Y97.733 E509.1728
G1 X115.139 Y97.267 E509.1945
G1 X114.672 Y96.8 E509.22525
G1 X113.58 Y96.799 E509.2761
G1 X113.625 Y96.455 E509.29225
G1 X114.021 Y95.496 E509.34056
G1 X114.663 Y94.663 E509.38954
G1 X115.496 Y94.021 E509.43851
G1 X116.455 Y93.625 E509.48682
G1 X116.799 Y93.58 E509.50297
G1 X116.8 Y94.672 E509.55382
G1 X117.267 Y95.139 E509.58457
G1 X117.733 Y95.139 E509.60627
G1 X118.2 Y94.672 E509.63703
G1 X118.201 Y93.581 E509.68783
G1 X118.541 Y93.625 E509.70379
G1 X119.506 Y94.022 E509.75238
G1 X120.33 Y94.657 E509.80082
G1 X120.976 Y95.497 E509.85016
G1 X121.371 Y96.455 E509.89841
G1 X121.416 Y96.799 E509.91457
G1 X120.328 Y96.8 E509.96523
G1 X119.861 Y97.267 E509.99598
G1 X119.861 Y97.733 E510.01768
G1 X120.328 Y98.2 E510.04844
G1 X121.415 Y98.201 E510.09905
G1 X121.371 Y98.541 E510.11501
G1 X120.974 Y99.501 E510.16339
G1 X120.336 Y100.336 E510.21232
G1 X119.501 Y100.974 E510.26125
G1 X118.541 Y101.371 E510.30962
G1 X118.201 Y101.416 E510.32559
G1 X118.2 Y100.328 E510.37626
G1 X117.733 Y99.861 E510.40701
G1 X117.267 Y99.861 E510.42871
G1 X116.8 Y100.328 E510.45946
G1 X116.799 Y101.416 E510.51012
G0 F9000 X116.843 Y101.094
G1 F1500 E504.01012
;MESH:yc1hingeDubel.stl
G0 F9000 X117.5 Y101.967
G0 X117.643 Y103.05
G0 X117.642 Y111.949
G0 X117.5 Y113.033
G0 X117.5 Y121.483
G0 X117.499 Y121.79
;TYPE:WALL-INNER
G1 F1500 E510.51012
G1 F1165 X118.615 Y121.643 E510.56254
G1 X119.642 Y121.219 E510.61427
G1 X120.535 Y120.535 E510.66665
G1 X121.219 Y119.642 E510.71903
G1 X121.643 Y118.615 E510.77077
G1 X121.789 Y117.501 E510.82308
G1 X121.643 Y116.381 E510.87568
G1 X121.219 Y115.355 E510.92737
G1 X120.531 Y114.46 E510.97993
G1 X119.645 Y113.777 E511.03203
G1 X118.615 Y113.353 E511.08389
G1 X117.499 Y113.207 E511.1363
G1 X116.381 Y113.353 E511.1888
G1 X115.356 Y113.776 E511.24043
G1 X114.464 Y114.464 E511.29289
G1 X113.777 Y115.356 E511.34531
G1 X113.353 Y116.381 E511.39696
G1 X113.206 Y117.501 E511.44956
G1 X113.353 Y118.615 E511.50189
G1 X113.777 Y119.645 E511.55375
G1 X114.46 Y120.531 E511.60584
G1 X115.355 Y121.219 E511.65841
G1 X116.381 Y121.643 E511.7101
G1 X117.499 Y121.79 E511.76261
G0 F9000 X117.499 Y122.194
;TYPE:WALL-OUTER
G1 F1165 X118.719 Y122.033 E511.81991
G1 X119.843 Y121.569 E511.87653
G1 X120.821 Y120.821 E511.93386
G1 X121.569 Y119.843 E511.9912
G1 X122.033 Y118.719 E512.04782
G1 X122.193 Y117.501 E512.10502
G1 X122.033 Y116.277 E512.1625
G1 X121.569 Y115.153 E512.21912
G1 X120.817 Y114.175 E512.27657
G1 X119.847 Y113.427 E512.33361
G1 X118.719 Y112.963 E512.3904
G1 X117.499 Y112.803 E512.4477
G1 X116.277 Y112.963 E512.50508
G1 X115.154 Y113.427 E512.56166
G1 X114.179 Y114.179 E512.619
G1 X113.427 Y115.154 E512.67633
G1 X112.963 Y116.277 E512.73291
G1 X112.802 Y117.501 E512.7904
G1 X112.963 Y118.719 E512.84761
G1 X113.427 Y119.847 E512.9044
G1 X114.175 Y120.817 E512.96144
G1 X115.153 Y121.569 E513.01888
G1 X116.277 Y122.033 E513.0755
G1 X117.499 Y122.194 E513.1329
G0 F9000 X117.5 Y121.483
G0 X116.803 Y121.391
G0 X116.799 Y121.416
;TYPE:FILL
G1 F1165 X116.455 Y121.371 E513.14905
G1 X115.497 Y120.975 E513.19732
G1 X114.657 Y120.33 E513.24664
G1 X114.022 Y119.506 E513.29508
G1 X113.625 Y118.541 E513.34367
G1 X113.58 Y118.201 E513.35964
G1 X114.672 Y118.2 E513.41048
G1 X115.139 Y117.733 E513.44124
G1 X115.139 Y117.267 E513.46294
G1 X114.672 Y116.8 E513.49369
G1 X113.58 Y116.799 E513.54454
G1 X113.625 Y116.455 E513.56069
G1 X114.021 Y115.496 E513.609
G1 X114.663 Y114.663 E513.65797
G1 X115.496 Y114.021 E513.70695
G1 X116.455 Y113.625 E513.75526
G1 X116.799 Y113.58 E513.77141
G1 X116.8 Y114.672 E513.82226
G1 X117.267 Y115.139 E513.85301
G1 X117.733 Y115.139 E513.87471
G1 X118.2 Y114.672 E513.90546
G1 X118.201 Y113.581 E513.95627
G1 X118.541 Y113.625 E513.97223
G1 X119.506 Y114.022 E514.02082
G1 X120.33 Y114.657 E514.06926
G1 X120.976 Y115.497 E514.1186
G1 X121.371 Y116.455 E514.16685
G1 X121.416 Y116.799 E514.18301
G1 X120.328 Y116.8 E514.23367
G1 X119.861 Y117.267 E514.26442
G1 X119.861 Y117.733 E514.28612
G1 X120.328 Y118.2 E514.31687
G1 X121.415 Y118.201 E514.36749
G1 X121.371 Y118.541 E514.38345
G1 X120.974 Y119.501 E514.43183
G1 X120.336 Y120.336 E514.48076
G1 X119.501 Y120.974 E514.52969
G1 X118.541 Y121.371 E514.57806
G1 X118.201 Y121.416 E514.59403
G1 X118.2 Y120.328 E514.64469
G1 X117.733 Y119.861 E514.67545
G1 X117.267 Y119.861 E514.69715
G1 X116.8 Y120.328 E514.7279
G1 X116.799 Y121.416 E514.77856
G0 F9000 X116.843 Y121.094
G1 F1500 E508.27856
;MESH:NONMESH
G0 F300 X116.843 Y121.094 Z15.12
G0 F9000 X117.5 Y113.033
G0 X117.357 Y111.95
G0 X117.358 Y103.051
G0 X117.5 Y101.967
G0 X117.5 Y101.483
G0 X117.499 Y101.79
;TIME_ELAPSED:744.535790
;LAYER:53
;note -- min layer time used
;TYPE:WALL-INNER
;MESH:yc1hingeDubel.stl(1)
G1 F1500 E514.77856
G1 F1171.8 X118.615 Y101.643 E514.83098
G1 X119.642 Y101.219 E514.88271
G1 X120.535 Y100.535 E514.93509
G1 X121.219 Y99.642 E514.98747
G1 X121.643 Y98.615 E515.0392
G1 X121.789 Y97.501 E515.09152
G1 X121.643 Y96.381 E515.14411
G1 X121.219 Y95.355 E515.19581
G1 X120.531 Y94.46 E515.24837
G1 X119.645 Y93.777 E515.30046
G1 X118.615 Y93.353 E515.35233
G1 X117.499 Y93.207 E515.40474
G1 X116.381 Y93.353 E515.45724
G1 X115.356 Y93.776 E515.50887
G1 X114.464 Y94.464 E515.56133
G1 X113.777 Y95.356 E515.61375
G1 X113.353 Y96.381 E515.6654
G1 X113.206 Y97.501 E515.718
G1 X113.353 Y98.615 E515.77032
G1 X113.777 Y99.645 E515.82219
G1 X114.46 Y100.531 E515.87428
G1 X115.355 Y101.219 E515.92685
G1 X116.381 Y101.643 E515.97854
G1 X117.499 Y101.79 E516.03105
G0 F9000 X117.499 Y102.194
;TYPE:WALL-OUTER
G1 F1171.8 X118.719 Y102.033 E516.08835
G1 X119.843 Y101.569 E516.14497
G1 X120.821 Y100.821 E516.2023
G1 X121.569 Y99.843 E516.25964
G1 X122.033 Y98.719 E516.31626
G1 X122.193 Y97.501 E516.37346
G1 X122.033 Y96.277 E516.43094
G1 X121.569 Y95.153 E516.48756
G1 X120.817 Y94.175 E516.54501
G1 X119.847 Y93.427 E516.60205
G1 X118.719 Y92.963 E516.65884
G1 X117.499 Y92.803 E516.71613
G1 X116.277 Y92.963 E516.77352
G1 X115.154 Y93.427 E516.8301
G1 X114.179 Y94.179 E516.88744
G1 X113.427 Y95.154 E516.94477
G1 X112.963 Y96.277 E517.00135
G1 X112.802 Y97.501 E517.05884
G1 X112.963 Y98.719 E517.11604
G1 X113.427 Y99.847 E517.17284
G1 X114.175 Y100.817 E517.22988
G1 X115.153 Y101.569 E517.28732
G1 X116.277 Y102.033 E517.34394
G1 X117.499 Y102.194 E517.40134
G0 F9000 X117.5 Y101.483
G0 X116.525 Y101.355
G0 X116.519 Y101.397
;TYPE:FILL
G1 F1171.8 X115.497 Y100.975 E517.45282
G1 X114.657 Y100.33 E517.50214
G1 X114.022 Y99.506 E517.55058
G1 X113.6 Y98.481 E517.60219
G1 X114.672 Y98.48 E517.65211
G1 X115.326 Y97.826 E517.69518
G1 X115.326 Y97.174 E517.72554
G1 X114.672 Y96.52 E517.7686
G1 X113.599 Y96.519 E517.81857
G1 X114.021 Y95.496 E517.8701
G1 X114.663 Y94.663 E517.91907
G1 X115.496 Y94.021 E517.96804
G1 X116.519 Y93.599 E518.01957
G1 X116.52 Y94.672 E518.06953
G1 X117.174 Y95.326 E518.1126
G1 X117.826 Y95.326 E518.14296
G1 X118.48 Y94.672 E518.18602
G1 X118.481 Y93.6 E518.23594
G1 X119.506 Y94.022 E518.28756
G1 X120.33 Y94.657 E518.336
G1 X120.976 Y95.497 E518.38534
G1 X121.397 Y96.519 E518.43681
G1 X120.328 Y96.52 E518.48658
G1 X119.674 Y97.174 E518.52965
G1 X119.674 Y97.826 E518.56001
G1 X120.328 Y98.48 E518.60308
G1 X121.396 Y98.481 E518.65281
G1 X120.974 Y99.501 E518.70421
G1 X120.336 Y100.336 E518.75314
G1 X119.501 Y100.974 E518.80207
G1 X118.481 Y101.396 E518.85347
G1 X118.48 Y100.328 E518.9032
G1 X117.826 Y99.674 E518.94627
G1 X117.174 Y99.674 E518.97663
G1 X116.52 Y100.328 E519.0197
G1 X116.519 Y101.397 E519.06947
G0 F9000 X116.565 Y101.058
G1 F1500 E512.56947
;MESH:yc1hingeDubel.stl
G0 F9000 X117.5 Y101.967
G0 X117.643 Y103.05
G0 X117.642 Y111.949
G0 X117.5 Y113.033
G0 X117.5 Y121.483
G0 X117.499 Y121.79
;TYPE:WALL-INNER
G1 F1500 E519.06947
G1 F1171.8 X118.615 Y121.643 E519.12189
G1 X119.642 Y121.219 E519.17363
G1 X120.535 Y120.535 E519.226
G1 X121.219 Y119.642 E519.27838
G1 X121.643 Y118.615 E519.33012
G1 X121.789 Y117.501 E519.38243
G1 X121.643 Y116.381 E519.43503
G1 X121.219 Y115.355 E519.48672
G1 X120.531 Y114.46 E519.53929
G1 X119.645 Y113.777 E519.59138
G1 X118.615 Y113.353 E519.64324
G1 X117.499 Y113.207 E519.69565
G1 X116.381 Y113.353 E519.74815
G1 X115.356 Y113.776 E519.79979
G1 X114.464 Y114.464 E519.85224
G1 X113.777 Y115.356 E519.90467
G1 X113.353 Y116.381 E519.95632
G1 X113.206 Y117.501 E520.00892
G1 X113.353 Y118.615 E520.06124
G1 X113.777 Y119.645 E520.1131
G1 X114.46 Y120.531 E520.1652
G1 X115.355 Y121.219 E520.21776
G1 X116.381 Y121.643 E520.26945
G1 X117.499 Y121.79 E520.32196
G0 F9000 X117.499 Y122.194
;TYPE:WALL-OUTER
G1 F1171.8 X118.719 Y122.033 E520.37926
G1 X119.843 Y121.569 E520.43588
G1 X120.821 Y120.821 E520.49322
G1 X121.569 Y119.843 E520.55055
G1 X122.033 Y118.719 E520.60717
G1 X122.193 Y117.501 E520.66437
G1 X122.033 Y116.277 E520.72185
G1 X121.569 Y115.153 E520.77848
G1 X120.817 Y114.175 E520.83592
G1 X119.847 Y113.427 E520.89296
G1 X118.719 Y112.963 E520.94975
G1 X117.499 Y112.803 E521.00705
G1 X116.277 Y112.963 E521.06443
G1 X115.154 Y113.427 E521.12101
G1 X114.179 Y114.179 E521.17835
G1 X113.427 Y115.154 E521.23568
G1 X112.963 Y116.277 E521.29226
G1 X112.802 Y117.501 E521.34975
G1 X112.963 Y118.719 E521.40696
G1 X113.427 Y119.847 E521.46375
G1 X114.175 Y120.817 E521.52079
G1 X115.153 Y121.569 E521.57823
G1 X116.277 Y122.033 E521.63486
G1 X117.499 Y122.194 E521.69225
G0 F9000 X117.5 Y121.483
G0 X116.525 Y121.355
G0 X116.519 Y121.397
;TYPE:FILL
G1 F1171.8 X115.497 Y120.975 E521.74374
G1 X114.657 Y120.33 E521.79305
G1 X114.022 Y119.506 E521.84149
G1 X113.6 Y118.481 E521.89311
G1 X114.672 Y118.48 E521.94302
G1 X115.326 Y117.826 E521.98609
G1 X115.326 Y117.174 E522.01645
G1 X114.672 Y116.52 E522.05952
G1 X113.599 Y116.519 E522.10948
G1 X114.021 Y115.496 E522.16101
G1 X114.663 Y114.663 E522.20998
G1 X115.496 Y114.021 E522.25895
G1 X116.519 Y113.599 E522.31048
G1 X116.52 Y114.672 E522.36044
G1 X117.174 Y115.326 E522.40351
G1 X117.826 Y115.326 E522.43387
G1 X118.48 Y114.672 E522.47694
G1 X118.481 Y113.6 E522.52685
G1 X119.506 Y114.022 E522.57847
G1 X120.33 Y114.657 E522.62691
G1 X120.976 Y115.497 E522.67625
G1 X121.397 Y116.519 E522.72772
G1 X120.328 Y116.52 E522.7775
G1 X119.674 Y117.174 E522.82057
G1 X119.674 Y117.826 E522.85092
G1 X120.328 Y118.48 E522.89399
G1 X121.396 Y118.481 E522.94372
G1 X120.974 Y119.501 E522.99512
G1 X120.336 Y120.336 E523.04405
G1 X119.501 Y120.974 E523.09299
G1 X118.481 Y121.396 E523.14439
G1 X118.48 Y120.328 E523.19412
G1 X117.826 Y119.674 E523.23718
G1 X117.174 Y119.674 E523.26754
G1 X116.52 Y120.328 E523.31061
G1 X116.519 Y121.397 E523.36039
G0 F9000 X116.565 Y121.058
G1 F1500 E516.86039
;MESH:NONMESH
G0 F300 X116.565 Y121.058 Z15.4
G0 F9000 X117.5 Y113.033
G0 X117.357 Y111.95
G0 X117.358 Y103.051
G0 X117.5 Y101.967
G0 X117.5 Y101.483
G0 X117.499 Y101.79
;TIME_ELAPSED:757.072277
;LAYER:54
;note -- min layer time used
;TYPE:WALL-INNER
;MESH:yc1hingeDubel.stl(1)
G1 F1500 E523.36039
G1 F1166.1 X118.615 Y101.643 E523.4128
G1 X119.642 Y101.219 E523.46454
G1 X120.535 Y100.535 E523.51692
G1 X121.219 Y99.642 E523.56929
G1 X121.643 Y98.615 E523.62103
G1 X121.789 Y97.501 E523.67335
G1 X121.643 Y96.381 E523.72594
G1 X121.219 Y95.355 E523.77763
G1 X120.531 Y94.46 E523.8302
G1 X119.645 Y93.777 E523.88229
G1 X118.615 Y93.353 E523.93416
G1 X117.499 Y93.207 E523.98656
G1 X116.381 Y93.353 E524.03907
G1 X115.356 Y93.776 E524.0907
G1 X114.464 Y94.464 E524.14315
G1 X113.777 Y95.356 E524.19558
G1 X113.353 Y96.381 E524.24723
G1 X113.206 Y97.501 E524.29983
G1 X113.353 Y98.615 E524.35215
G1 X113.777 Y99.645 E524.40402
G1 X114.46 Y100.531 E524.45611
G1 X115.355 Y101.219 E524.50867
G1 X116.381 Y101.643 E524.56037
G1 X117.499 Y101.79 E524.61287
G0 F9000 X117.499 Y102.194
;TYPE:WALL-OUTER
G1 F1166.1 X118.719 Y102.033 E524.67018
G1 X119.843 Y101.569 E524.7268
G1 X120.821 Y100.821 E524.78413
G1 X121.569 Y99.843 E524.84146
G1 X122.033 Y98.719 E524.89808
G1 X122.193 Y97.501 E524.95529
G1 X122.033 Y96.277 E525.01277
G1 X121.569 Y95.153 E525.06939
G1 X120.817 Y94.175 E525.12683
G1 X119.847 Y93.427 E525.18387
G1 X118.719 Y92.963 E525.24067
G1 X117.499 Y92.803 E525.29796
G1 X116.277 Y92.963 E525.35535
G1 X115.154 Y93.427 E525.41193
G1 X114.179 Y94.179 E525.46926
G1 X113.427 Y95.154 E525.5266
G1 X112.963 Y96.277 E525.58318
G1 X112.802 Y97.501 E525.64066
G1 X112.963 Y98.719 E525.69787
G1 X113.427 Y99.847 E525.75467
G1 X114.175 Y100.817 E525.8117
G1 X115.153 Y101.569 E525.86915
G1 X116.277 Y102.033 E525.92577
G1 X117.499 Y102.194 E525.98316
G0 F9000 X117.5 Y101.483
G0 X116.25 Y101.257
G0 X116.239 Y101.282
;TYPE:FILL
G1 F1166.1 X115.497 Y100.975 E526.02055
G1 X114.657 Y100.33 E526.06987
G1 X114.022 Y99.506 E526.11831
G1 X113.715 Y98.761 E526.15583
G1 X114.672 Y98.76 E526.20039
G1 X115.512 Y97.92 E526.25571
G1 X115.512 Y97.08 E526.29482
G1 X114.672 Y96.24 E526.35014
G1 X113.714 Y96.239 E526.39475
G1 X114.021 Y95.496 E526.43218
G1 X114.663 Y94.663 E526.48115
G1 X115.496 Y94.021 E526.53012
G1 X116.239 Y93.714 E526.56756
G1 X116.24 Y94.672 E526.61216
G1 X117.08 Y95.512 E526.66748
G1 X117.92 Y95.512 E526.70659
G1 X118.76 Y94.672 E526.76191
G1 X118.761 Y93.715 E526.80647
G1 X119.506 Y94.022 E526.84399
G1 X120.33 Y94.657 E526.89243
G1 X120.976 Y95.497 E526.94177
G1 X121.282 Y96.239 E526.97915
G1 X120.328 Y96.24 E527.02357
G1 X119.488 Y97.08 E527.07889
G1 X119.488 Y97.92 E527.118
G1 X120.328 Y98.76 E527.17331
G1 X121.28 Y98.761 E527.21764
G1 X120.974 Y99.501 E527.25493
G1 X120.336 Y100.336 E527.30386
G1 X119.501 Y100.974 E527.35279
G1 X118.761 Y101.28 E527.39008
G1 X118.76 Y100.328 E527.43441
G1 X117.92 Y99.488 E527.48973
G1 X117.08 Y99.488 E527.52884
G1 X116.24 Y100.328 E527.58416
G1 X116.239 Y101.282 E527.62858
G0 F9000 X116.366 Y100.98
G1 F1500 E521.12858
;MESH:yc1hingeDubel.stl
G0 F9000 X117.5 Y101.967
G0 X117.643 Y103.05
G0 X117.642 Y111.949
G0 X117.5 Y113.033
G0 X117.5 Y121.483
G0 X117.499 Y121.79
;TYPE:WALL-INNER
G1 F1500 E527.62858
G1 F1166.1 X118.615 Y121.643 E527.68099
G1 X119.642 Y121.219 E527.73273
G1 X120.535 Y120.535 E527.78511
G1 X121.219 Y119.642 E527.83749
G1 X121.643 Y118.615 E527.88922
G1 X121.789 Y117.501 E527.94154
G1 X121.643 Y116.381 E527.99413
G1 X121.219 Y115.355 E528.04582
G1 X120.531 Y114.46 E528.09839
G1 X119.645 Y113.777 E528.15048
G1 X118.615 Y113.353 E528.20235
G1 X117.499 Y113.207 E528.25476
G1 X116.381 Y113.353 E528.30726
G1 X115.356 Y113.776 E528.35889
G1 X114.464 Y114.464 E528.41134
G1 X113.777 Y115.356 E528.46377
G1 X113.353 Y116.381 E528.51542
G1 X113.206 Y117.501 E528.56802
G1 X113.353 Y118.615 E528.62034
G1 X113.777 Y119.645 E528.67221
G1 X114.46 Y120.531 E528.7243
G1 X115.355 Y121.219 E528.77686
G1 X116.381 Y121.643 E528.82856
G1 X117.499 Y121.79 E528.88107
G0 F9000 X117.499 Y122.194
;TYPE:WALL-OUTER
G1 F1166.1 X118.719 Y122.033 E528.93837
G1 X119.843 Y121.569 E528.99499
G1 X120.821 Y120.821 E529.05232
G1 X121.569 Y119.843 E529.10965
G1 X122.033 Y118.719 E529.16628
G1 X122.193 Y117.501 E529.22348
G1 X122.033 Y116.277 E529.28096
G1 X121.569 Y115.153 E529.33758
G1 X120.817 Y114.175 E529.39503
G1 X119.847 Y113.427 E529.45206
G1 X118.719 Y112.963 E529.50886
G1 X117.499 Y112.803 E529.56615
G1 X116.277 Y112.963 E529.62354
G1 X115.154 Y113.427 E529.68012
G1 X114.179 Y114.179 E529.73745
G1 X113.427 Y115.154 E529.79479
G1 X112.963 Y116.277 E529.85137
G1 X112.802 Y117.501 E529.90885
G1 X112.963 Y118.719 E529.96606
G1 X113.427 Y119.847 E530.02286
G1 X114.175 Y120.817 E530.07989
G1 X115.153 Y121.569 E530.13734
G1 X116.277 Y122.033 E530.19396
G1 X117.499 Y122.194 E530.25135
G0 F9000 X117.5 Y121.483
G0 X116.25 Y121.257
G0 X116.239 Y121.282
;TYPE:FILL
G1 F1166.1 X115.497 Y120.975 E530.28875
G1 X114.657 Y120.33 E530.33806
G1 X114.022 Y119.506 E530.3865
G1 X113.715 Y118.761 E530.42402
G1 X114.672 Y118.76 E530.46858
G1 X115.512 Y117.92 E530.5239
G1 X115.512 Y117.08 E530.56301
G1 X114.672 Y116.24 E530.61833
G1 X113.714 Y116.239 E530.66294
G1 X114.021 Y115.496 E530.70037
G1 X114.663 Y114.663 E530.74934
G1 X115.496 Y114.021 E530.79831
G1 X116.239 Y113.714 E530.83575
G1 X116.24 Y114.672 E530.88035
G1 X117.08 Y115.512 E530.93567
G1 X117.92 Y115.512 E530.97478
G1 X118.76 Y114.672 E531.0301
G1 X118.761 Y113.715 E531.07466
G1 X119.506 Y114.022 E531.11218
G1 X120.33 Y114.657 E531.16062
G1 X120.976 Y115.497 E531.20997
G1 X121.282 Y116.239 E531.24734
G1 X120.328 Y116.24 E531.29176
G1 X119.488 Y117.08 E531.34708
G1 X119.488 Y117.92 E531.38619
G1 X120.328 Y118.76 E531.44151
G1 X121.28 Y118.761 E531.48583
G1 X120.974 Y119.501 E531.52312
G1 X120.336 Y120.336 E531.57205
G1 X119.501 Y120.974 E531.62099
G1 X118.761 Y121.28 E531.65827
G1 X118.76 Y120.328 E531.7026
G1 X117.92 Y119.488 E531.75792
G1 X117.08 Y119.488 E531.79703
G1 X116.24 Y120.328 E531.85235
G1 X116.239 Y121.282 E531.89677
G0 F9000 X116.366 Y120.98
G1 F1500 E525.39677
;MESH:NONMESH
G0 F300 X116.366 Y120.98 Z15.68
G0 F9000 X117.5 Y113.033
G0 X117.357 Y111.95
G0 X117.358 Y103.051
G0 X117.5 Y101.967
G0 X117.5 Y101.483
G0 X117.499 Y101.79
;TIME_ELAPSED:769.632355
;LAYER:55
;note -- min layer time used
;TYPE:WALL-INNER
;MESH:yc1hingeDubel.stl(1)
G1 F1500 E531.89677
G1 F1160.5 X118.615 Y101.643 E531.94918
G1 X119.642 Y101.219 E532.00092
G1 X120.535 Y100.535 E532.0533
G1 X121.219 Y99.642 E532.10568
G1 X121.643 Y98.615 E532.15741
G1 X121.789 Y97.501 E532.20973
G1 X121.643 Y96.381 E532.26232
G1 X121.219 Y95.355 E532.31402
G1 X120.531 Y94.46 E532.36658
G1 X119.645 Y93.777 E532.41867
G1 X118.615 Y93.353 E532.47054
G1 X117.499 Y93.207 E532.52295
G1 X116.381 Y93.353 E532.57545
G1 X115.356 Y93.776 E532.62708
G1 X114.464 Y94.464 E532.67953
G1 X113.777 Y95.356 E532.73196
G1 X113.353 Y96.381 E532.78361
G1 X113.206 Y97.501 E532.83621
G1 X113.353 Y98.615 E532.88853
G1 X113.777 Y99.645 E532.9404
G1 X114.46 Y100.531 E532.99249
G1 X115.355 Y101.219 E533.04506
G1 X116.381 Y101.643 E533.09675
G1 X117.499 Y101.79 E533.14926
G0 F9000 X117.499 Y102.194
;TYPE:WALL-OUTER
G1 F1160.5 X118.719 Y102.033 E533.20656
G1 X119.843 Y101.569 E533.26318
G1 X120.821 Y100.821 E533.32051
G1 X121.569 Y99.843 E533.37784
G1 X122.033 Y98.719 E533.43447
G1 X122.193 Y97.501 E533.49167
G1 X122.033 Y96.277 E533.54915
G1 X121.569 Y95.153 E533.60577
G1 X120.817 Y94.175 E533.66322
G1 X119.847 Y93.427 E533.72025
G1 X118.719 Y92.963 E533.77705
G1 X117.499 Y92.803 E533.83434
G1 X116.277 Y92.963 E533.89173
G1 X115.154 Y93.427 E533.94831
G1 X114.179 Y94.179 E534.00564
G1 X113.427 Y95.154 E534.06298
G1 X112.963 Y96.277 E534.11956
G1 X112.802 Y97.501 E534.17704
G1 X112.963 Y98.719 E534.23425
G1 X113.427 Y99.847 E534.29105
G1 X114.175 Y100.817 E534.34808
G1 X115.153 Y101.569 E534.40553
G1 X116.277 Y102.033 E534.46215
G1 X117.499 Y102.194 E534.51955
G0 F9000 X117.5 Y101.483
G0 X115.97 Y101.141
G0 X115.959 Y101.166
;TYPE:FILL
G1 F1160.5 X115.497 Y100.975 E534.54282
G1 X114.657 Y100.33 E534.59214
G1 X114.022 Y99.506 E534.64058
G1 X113.831 Y99.041 E534.66399
G1 X114.672 Y99.04 E534.70315
G1 X115.699 Y98.013 E534.77078
G1 X115.699 Y96.987 E534.81855
G1 X114.672 Y95.96 E534.88618
G1 X113.83 Y95.959 E534.92539
G1 X114.021 Y95.496 E534.94871
G1 X114.663 Y94.663 E534.99768
G1 X115.496 Y94.021 E535.04665
G1 X115.959 Y93.83 E535.06997
G1 X115.96 Y94.672 E535.10918
G1 X116.987 Y95.699 E535.17681
G1 X118.013 Y95.699 E535.22459
G1 X119.04 Y94.672 E535.29222
G1 X119.041 Y93.831 E535.33138
G1 X119.506 Y94.022 E535.35478
G1 X120.33 Y94.657 E535.40322
G1 X120.976 Y95.497 E535.45257
G1 X121.166 Y95.959 E535.47583
G1 X120.328 Y95.96 E535.51485
G1 X119.301 Y96.987 E535.58248
G1 X119.301 Y98.013 E535.63025
G1 X120.328 Y99.04 E535.69788
G1 X121.164 Y99.041 E535.73681
G1 X120.974 Y99.501 E535.75998
G1 X120.336 Y100.336 E535.80892
G1 X119.501 Y100.974 E535.85785
G1 X119.041 Y101.164 E535.88102
G1 X119.04 Y100.328 E535.91995
G1 X118.013 Y99.301 E535.98758
G1 X116.987 Y99.301 E536.03536
G1 X115.96 Y100.328 E536.10298
G1 X115.959 Y101.166 E536.14201
G0 F9000 X116.086 Y100.864
G1 F1500 E529.64201
;MESH:yc1hingeDubel.stl
G0 F9000 X117.5 Y101.967
G0 X117.643 Y103.05
G0 X117.642 Y111.949
G0 X117.5 Y113.033
G0 X117.5 Y121.483
G0 X117.499 Y121.79
;TYPE:WALL-INNER
G1 F1500 E536.14201
G1 F1160.5 X118.615 Y121.643 E536.19442
G1 X119.642 Y121.219 E536.24616
G1 X120.535 Y120.535 E536.29853
G1 X121.219 Y119.642 E536.35091
G1 X121.643 Y118.615 E536.40265
G1 X121.789 Y117.501 E536.45497
G1 X121.643 Y116.381 E536.50756
G1 X121.219 Y115.355 E536.55925
G1 X120.531 Y114.46 E536.61182
G1 X119.645 Y113.777 E536.66391
G1 X118.615 Y113.353 E536.71577
G1 X117.499 Y113.207 E536.76818
G1 X116.381 Y113.353 E536.82068
G1 X115.356 Y113.776 E536.87232
G1 X114.464 Y114.464 E536.92477
G1 X113.777 Y115.356 E536.9772
G1 X113.353 Y116.381 E537.02885
G1 X113.206 Y117.501 E537.08145
G1 X113.353 Y118.615 E537.13377
G1 X113.777 Y119.645 E537.18564
G1 X114.46 Y120.531 E537.23773
G1 X115.355 Y121.219 E537.29029
G1 X116.381 Y121.643 E537.34199
G1 X117.499 Y121.79 E537.39449
G0 F9000 X117.499 Y122.194
;TYPE:WALL-OUTER
G1 F1160.5 X118.719 Y122.033 E537.45179
G1 X119.843 Y121.569 E537.50842
G1 X120.821 Y120.821 E537.56575
G1 X121.569 Y119.843 E537.62308
G1 X122.033 Y118.719 E537.6797
G1 X122.193 Y117.501 E537.73691
G1 X122.033 Y116.277 E537.79438
G1 X121.569 Y115.153 E537.85101
G1 X120.817 Y114.175 E537.90845
G1 X119.847 Y113.427 E537.96549
G1 X118.719 Y112.963 E538.02228
G1 X117.499 Y112.803 E538.07958
G1 X116.277 Y112.963 E538.13697
G1 X115.154 Y113.427 E538.19355
G1 X114.179 Y114.179 E538.25088
G1 X113.427 Y115.154 E538.30822
G1 X112.963 Y116.277 E538.3648
G1 X112.802 Y117.501 E538.42228
G1 X112.963 Y118.719 E538.47949
G1 X113.427 Y119.847 E538.53628
G1 X114.175 Y120.817 E538.59332
G1 X115.153 Y121.569 E538.65077
G1 X116.277 Y122.033 E538.70739
G1 X117.499 Y122.194 E538.76478
G0 F9000 X117.5 Y121.483
G0 X115.97 Y121.141
G0 X115.959 Y121.166
;TYPE:FILL
G1 F1160.5 X115.497 Y120.975 E538.78806
G1 X114.657 Y120.33 E538.83738
G1 X114.022 Y119.506 E538.88582
G1 X113.831 Y119.041 E538.90922
G1 X114.672 Y119.04 E538.94838
G1 X115.699 Y118.013 E539.01601
G1 X115.699 Y116.987 E539.06379
G1 X114.672 Y115.96 E539.13142
G1 X113.83 Y115.959 E539.17063
G1 X114.021 Y115.496 E539.19395
G1 X114.663 Y114.663 E539.24292
G1 X115.496 Y114.021 E539.29189
G1 X115.959 Y113.83 E539.31521
G1 X115.96 Y114.672 E539.35442
G1 X116.987 Y115.699 E539.42205
G1 X118.013 Y115.699 E539.46982
G1 X119.04 Y114.672 E539.53745
G1 X119.041 Y113.831 E539.57661
G1 X119.506 Y114.022 E539.60002
G1 X120.33 Y114.657 E539.64846
G1 X120.976 Y115.497 E539.6978
G1 X121.166 Y115.959 E539.72106
G1 X120.328 Y115.96 E539.76009
G1 X119.301 Y116.987 E539.82771
G1 X119.301 Y118.013 E539.87549
G1 X120.328 Y119.04 E539.94312
G1 X121.164 Y119.041 E539.98205
G1 X120.974 Y119.501 E540.00522
G1 X120.336 Y120.336 E540.05415
G1 X119.501 Y120.974 E540.10308
G1 X119.041 Y121.164 E540.12626
G1 X119.04 Y120.328 E540.16519
G1 X118.013 Y119.301 E540.23282
G1 X116.987 Y119.301 E540.28059
G1 X115.96 Y120.328 E540.34822
G1 X115.959 Y121.166 E540.38724
G0 F9000 X116.086 Y120.864
G1 F1500 E533.88724
;MESH:NONMESH
G0 F300 X116.086 Y120.864 Z15.96
G0 F9000 X117.5 Y113.033
G0 X117.357 Y111.95
G0 X117.358 Y103.051
G0 X117.5 Y101.967
G0 X117.5 Y101.483
G0 X117.499 Y101.79
;TIME_ELAPSED:782.221217
;LAYER:56
;note -- min layer time used
;TYPE:WALL-INNER
;MESH:yc1hingeDubel.stl(1)
G1 F1500 E540.38724
G1 F1150.3 X118.615 Y101.643 E540.43966
G1 X119.642 Y101.219 E540.49139
G1 X120.535 Y100.535 E540.54377
G1 X121.219 Y99.642 E540.59615
G1 X121.643 Y98.615 E540.64789
G1 X121.789 Y97.501 E540.7002
G1 X121.643 Y96.381 E540.7528
G1 X121.219 Y95.355 E540.80449
G1 X120.531 Y94.46 E540.85705
G1 X119.645 Y93.777 E540.90915
G1 X118.615 Y93.353 E540.96101
G1 X117.499 Y93.207 E541.01342
G1 X116.381 Y93.353 E541.06592
G1 X115.356 Y93.776 E541.11755
G1 X114.464 Y94.464 E541.17001
G1 X113.777 Y95.356 E541.22243
G1 X113.353 Y96.381 E541.27409
G1 X113.206 Y97.501 E541.32668
G1 X113.353 Y98.615 E541.37901
G1 X113.777 Y99.645 E541.43087
G1 X114.46 Y100.531 E541.48296
G1 X115.355 Y101.219 E541.53553
G1 X116.381 Y101.643 E541.58722
G1 X117.499 Y101.79 E541.63973
G0 F9000 X117.499 Y102.194
;TYPE:WALL-OUTER
G1 F1150.3 X118.719 Y102.033 E541.69703
G1 X119.843 Y101.569 E541.75365
G1 X120.821 Y100.821 E541.81099
G1 X121.569 Y99.843 E541.86832
G1 X122.033 Y98.719 E541.92494
G1 X122.193 Y97.501 E541.98214
G1 X122.033 Y96.277 E542.03962
G1 X121.569 Y95.153 E542.09624
G1 X120.817 Y94.175 E542.15369
G1 X119.847 Y93.427 E542.21073
G1 X118.719 Y92.963 E542.26752
G1 X117.499 Y92.803 E542.32482
G1 X116.277 Y92.963 E542.3822
G1 X115.154 Y93.427 E542.43878
G1 X114.179 Y94.179 E542.49612
G1 X113.427 Y95.154 E542.55345
G1 X112.963 Y96.277 E542.61003
G1 X112.802 Y97.501 E542.66752
G1 X112.963 Y98.719 E542.72473
G1 X113.427 Y99.847 E542.78152
G1 X114.175 Y100.817 E542.83856
G1 X115.153 Y101.569 E542.896
G1 X116.277 Y102.033 E542.95263
G1 X117.499 Y102.194 E543.01002
G0 F9000 X117.5 Y101.483
G0 X115.679 Y101
;TYPE:FILL
G1 F1150.3 X115.643 Y101.036 E543.01239
G1 X115.497 Y100.975 E543.01976
G1 X114.657 Y100.33 E543.06907
G1 X114.022 Y99.506 E543.11751
G1 X113.962 Y99.359 E543.12491
G1 X114 Y99.321 E543.12741
G1 X114.672 Y99.32 E543.1587
G1 X115.886 Y98.106 E543.23864
G1 X115.886 Y96.894 E543.29508
G1 X114.672 Y95.68 E543.37502
G1 X114 Y95.679 E543.40631
G1 X113.961 Y95.64 E543.40888
G1 X114.021 Y95.496 E543.41615
G1 X114.663 Y94.663 E543.46512
G1 X115.496 Y94.021 E543.51409
G1 X115.64 Y93.961 E543.52135
G1 X115.679 Y94 E543.52392
G1 X115.68 Y94.672 E543.55521
G1 X116.894 Y95.886 E543.63516
G1 X118.106 Y95.886 E543.69159
G1 X119.32 Y94.672 E543.77154
G1 X119.321 Y94 E543.80283
G1 X119.359 Y93.962 E543.80533
G1 X119.506 Y94.022 E543.81272
G1 X120.33 Y94.657 E543.86116
G1 X120.976 Y95.497 E543.91051
G1 X121.036 Y95.643 E543.91786
G1 X121 Y95.679 E543.92023
G1 X120.328 Y95.68 E543.95152
G1 X119.114 Y96.894 E544.03146
G1 X119.114 Y98.106 E544.0879
G1 X120.328 Y99.32 E544.16784
G1 X121 Y99.321 E544.19913
G1 X121.034 Y99.355 E544.20137
G1 X120.974 Y99.501 E544.20872
G1 X120.336 Y100.336 E544.25765
G1 X119.501 Y100.974 E544.30658
G1 X119.355 Y101.034 E544.31393
G1 X119.321 Y101 E544.31617
G1 X119.32 Y100.328 E544.34746
G1 X118.106 Y99.114 E544.42741
G1 X116.894 Y99.114 E544.48384
G1 X115.68 Y100.328 E544.56379
G1 X115.679 Y101 E544.59508
G0 F9000 X115.788 Y100.741
G1 F1500 E538.09508
;MESH:yc1hingeDubel.stl
G0 F9000 X116.346 Y101.815
G0 X116.204 Y102.9
G0 X117.357 Y111.95
G0 X117.5 Y113.033
G0 X117.5 Y121.483
G0 X117.499 Y121.79
;TYPE:WALL-INNER
G1 F1500 E544.59508
G1 F1150.3 X118.615 Y121.643 E544.64749
G1 X119.642 Y121.219 E544.69923
G1 X120.535 Y120.535 E544.75161
G1 X121.219 Y119.642 E544.80399
G1 X121.643 Y118.615 E544.85572
G1 X121.789 Y117.501 E544.90804
G1 X121.643 Y116.381 E544.96063
G1 X121.219 Y115.355 E545.01233
G1 X120.531 Y114.46 E545.06489
G1 X119.645 Y113.777 E545.11698
G1 X118.615 Y113.353 E545.16885
G1 X117.499 Y113.207 E545.22126
G1 X116.381 Y113.353 E545.27376
G1 X115.356 Y113.776 E545.32539
G1 X114.464 Y114.464 E545.37785
G1 X113.777 Y115.356 E545.43027
G1 X113.353 Y116.381 E545.48192
G1 X113.206 Y117.501 E545.53452
G1 X113.353 Y118.615 E545.58684
G1 X113.777 Y119.645 E545.63871
G1 X114.46 Y120.531 E545.6908
G1 X115.355 Y121.219 E545.74337
G1 X116.381 Y121.643 E545.79506
G1 X117.499 Y121.79 E545.84757
G0 F9000 X117.499 Y122.194
;TYPE:WALL-OUTER
G1 F1150.3 X118.719 Y122.033 E545.90487
G1 X119.843 Y121.569 E545.96149
G1 X120.821 Y120.821 E546.01882
G1 X121.569 Y119.843 E546.07615
G1 X122.033 Y118.719 E546.13278
G1 X122.193 Y117.501 E546.18998
G1 X122.033 Y116.277 E546.24746
G1 X121.569 Y115.153 E546.30408
G1 X120.817 Y114.175 E546.36153
G1 X119.847 Y113.427 E546.41856
G1 X118.719 Y112.963 E546.47536
G1 X117.499 Y112.803 E546.53265
G1 X116.277 Y112.963 E546.59004
G1 X115.154 Y113.427 E546.64662
G1 X114.179 Y114.179 E546.70395
G1 X113.427 Y115.154 E546.76129
G1 X112.963 Y116.277 E546.81787
G1 X112.802 Y117.501 E546.87535
G1 X112.963 Y118.719 E546.93256
G1 X113.427 Y119.847 E546.98936
G1 X114.175 Y120.817 E547.04639
G1 X115.153 Y121.569 E547.10384
G1 X116.277 Y122.033 E547.16046
G1 X117.499 Y122.194 E547.21786
G0 F9000 X117.5 Y121.483
G0 X115.679 Y121
;TYPE:FILL
G1 F1150.3 X115.643 Y121.036 E547.22023
G1 X115.497 Y120.975 E547.22759
G1 X114.657 Y120.33 E547.27691
G1 X114.022 Y119.506 E547.32535
G1 X113.962 Y119.359 E547.33274
G1 X114 Y119.321 E547.33524
G1 X114.672 Y119.32 E547.36654
G1 X115.886 Y118.106 E547.44648
G1 X115.886 Y116.894 E547.50292
G1 X114.672 Y115.68 E547.58286
G1 X114 Y115.679 E547.61415
G1 X113.961 Y115.64 E547.61672
G1 X114.021 Y115.496 E547.62398
G1 X114.663 Y114.663 E547.67295
G1 X115.496 Y114.021 E547.72193
G1 X115.64 Y113.961 E547.72919
G1 X115.679 Y114 E547.73176
G1 X115.68 Y114.672 E547.76305
G1 X116.894 Y115.886 E547.84299
G1 X118.106 Y115.886 E547.89943
G1 X119.32 Y114.672 E547.97937
G1 X119.321 Y114 E548.01066
G1 X119.359 Y113.962 E548.01317
G1 X119.506 Y114.022 E548.02056
G1 X120.33 Y114.657 E548.069
G1 X120.976 Y115.497 E548.11834
G1 X121.036 Y115.643 E548.12569
G1 X121 Y115.679 E548.12806
G1 X120.328 Y115.68 E548.15935
G1 X119.114 Y116.894 E548.2393
G1 X119.114 Y118.106 E548.29573
G1 X120.328 Y119.32 E548.37568
G1 X121 Y119.321 E548.40697
G1 X121.034 Y119.355 E548.40921
G1 X120.974 Y119.501 E548.41656
G1 X120.336 Y120.336 E548.46549
G1 X119.501 Y120.974 E548.51442
G1 X119.355 Y121.034 E548.52177
G1 X119.321 Y121 E548.52401
G1 X119.32 Y120.328 E548.5553
G1 X118.106 Y119.114 E548.63525
G1 X116.894 Y119.114 E548.69168
G1 X115.68 Y120.328 E548.77163
G1 X115.679 Y121 E548.80292
G0 F9000 X115.788 Y120.741
G1 F1500 E542.30292
;MESH:NONMESH
G0 F300 X115.788 Y120.741 Z16.24
G0 F9000 X117.5 Y113.033
G0 X117.357 Y111.95
G0 X117.358 Y103.051
G0 X117.5 Y101.967
G0 X117.5 Y101.483
G0 X117.499 Y101.79
;TIME_ELAPSED:794.686845
;LAYER:57
;note -- min layer time used
;TYPE:WALL-INNER
;MESH:yc1hingeDubel.stl(1)
G1 F1500 E548.80292
G1 F1135.2 X118.615 Y101.643 E548.85533
G1 X119.642 Y101.219 E548.90707
G1 X120.535 Y100.535 E548.95945
G1 X121.219 Y99.642 E549.01182
G1 X121.643 Y98.615 E549.06356
G1 X121.789 Y97.501 E549.11588
G1 X121.643 Y96.381 E549.16847
G1 X121.219 Y95.355 E549.22016
G1 X120.531 Y94.46 E549.27273
G1 X119.645 Y93.777 E549.32482
G1 X118.615 Y93.353 E549.37669
G1 X117.499 Y93.207 E549.42909
G1 X116.381 Y93.353 E549.4816
G1 X115.356 Y93.776 E549.53323
G1 X114.464 Y94.464 E549.58568
G1 X113.777 Y95.356 E549.63811
G1 X113.353 Y96.381 E549.68976
G1 X113.206 Y97.501 E549.74236
G1 X113.353 Y98.615 E549.79468
G1 X113.777 Y99.645 E549.84655
G1 X114.46 Y100.531 E549.89864
G1 X115.355 Y101.219 E549.9512
G1 X116.381 Y101.643 E550.0029
G1 X117.499 Y101.79 E550.0554
G0 F9000 X117.499 Y102.194
;TYPE:WALL-OUTER
G1 F1135.2 X118.719 Y102.033 E550.1127
G1 X119.843 Y101.569 E550.16933
G1 X120.821 Y100.821 E550.22666
G1 X121.569 Y99.843 E550.28399
G1 X122.033 Y98.719 E550.34061
G1 X122.193 Y97.501 E550.39782
G1 X122.033 Y96.277 E550.4553
G1 X121.569 Y95.153 E550.51192
G1 X120.817 Y94.175 E550.56936
G1 X119.847 Y93.427 E550.6264
G1 X118.719 Y92.963 E550.6832
G1 X117.499 Y92.803 E550.74049
G1 X116.277 Y92.963 E550.79788
G1 X115.154 Y93.427 E550.85446
G1 X114.179 Y94.179 E550.91179
G1 X113.427 Y95.154 E550.96913
G1 X112.963 Y96.277 E551.02571
G1 X112.802 Y97.501 E551.08319
G1 X112.963 Y98.719 E551.1404
G1 X113.427 Y99.847 E551.19719
G1 X114.175 Y100.817 E551.25423
G1 X115.153 Y101.569 E551.31168
G1 X116.277 Y102.033 E551.3683
G1 X117.499 Y102.194 E551.42569
G0 F9000 X117.5 Y101.483
G0 X115.399 Y100.813
;TYPE:FILL
G1 F1135.2 X115.35 Y100.862 E551.42892
G1 X114.657 Y100.33 E551.4696
G1 X114.135 Y99.653 E551.50941
G1 X114.187 Y99.601 E551.51283
G1 X114.672 Y99.6 E551.53542
G1 X116.072 Y98.2 E551.62761
G1 X116.072 Y96.8 E551.6928
G1 X114.672 Y95.4 E551.78499
G1 X114.187 Y95.399 E551.80757
G1 X114.135 Y95.347 E551.811
G1 X114.663 Y94.663 E551.85123
G1 X115.347 Y94.135 E551.89147
G1 X115.399 Y94.187 E551.89489
G1 X115.4 Y94.672 E551.91748
G1 X116.8 Y96.072 E552.00967
G1 X118.2 Y96.072 E552.07486
G1 X119.6 Y94.672 E552.16705
G1 X119.601 Y94.187 E552.18963
G1 X119.653 Y94.135 E552.19306
G1 X120.33 Y94.657 E552.23287
G1 X120.863 Y95.349 E552.27354
G1 X120.813 Y95.399 E552.27683
G1 X120.328 Y95.4 E552.29941
G1 X118.928 Y96.8 E552.39161
G1 X118.928 Y98.2 E552.4568
G1 X120.328 Y99.6 E552.54899
G1 X120.813 Y99.601 E552.57157
G1 X120.861 Y99.649 E552.57473
G1 X120.336 Y100.336 E552.61499
G1 X119.649 Y100.861 E552.65526
G1 X119.601 Y100.813 E552.65842
G1 X119.6 Y100.328 E552.681
G1 X118.2 Y98.928 E552.77319
G1 X116.8 Y98.928 E552.83838
G1 X115.4 Y100.328 E552.93057
G1 X115.399 Y100.813 E552.95316
G0 F9000 X115.557 Y100.608
G1 F1500 E546.45316
;MESH:yc1hingeDubel.stl
G0 F9000 X116.346 Y101.815
G0 X116.204 Y102.9
G0 X117.357 Y111.95
G0 X117.5 Y113.033
G0 X117.5 Y121.483
G0 X117.499 Y121.79
;TYPE:WALL-INNER
G1 F1500 E552.95316
G1 F1135.2 X118.615 Y121.643 E553.00557
G1 X119.642 Y121.219 E553.05731
G1 X120.535 Y120.535 E553.10969
G1 X121.219 Y119.642 E553.16207
G1 X121.643 Y118.615 E553.2138
G1 X121.789 Y117.501 E553.26612
G1 X121.643 Y116.381 E553.31871
G1 X121.219 Y115.355 E553.37041
G1 X120.531 Y114.46 E553.42297
G1 X119.645 Y113.777 E553.47506
G1 X118.615 Y113.353 E553.52693
G1 X117.499 Y113.207 E553.57934
G1 X116.381 Y113.353 E553.63184
G1 X115.356 Y113.776 E553.68347
G1 X114.464 Y114.464 E553.73592
G1 X113.777 Y115.356 E553.78835
G1 X113.353 Y116.381 E553.84
G1 X113.206 Y117.501 E553.8926
G1 X113.353 Y118.615 E553.94492
G1 X113.777 Y119.645 E553.99679
G1 X114.46 Y120.531 E554.04888
G1 X115.355 Y121.219 E554.10145
G1 X116.381 Y121.643 E554.15314
G1 X117.499 Y121.79 E554.20565
G0 F9000 X117.499 Y122.194
;TYPE:WALL-OUTER
G1 F1135.2 X118.719 Y122.033 E554.26295
G1 X119.843 Y121.569 E554.31957
G1 X120.821 Y120.821 E554.3769
G1 X121.569 Y119.843 E554.43423
G1 X122.033 Y118.719 E554.49086
G1 X122.193 Y117.501 E554.54806
G1 X122.033 Y116.277 E554.60554
G1 X121.569 Y115.153 E554.66216
G1 X120.817 Y114.175 E554.71961
G1 X119.847 Y113.427 E554.77664
G1 X118.719 Y112.963 E554.83344
G1 X117.499 Y112.803 E554.89073
G1 X116.277 Y112.963 E554.94812
G1 X115.154 Y113.427 E555.0047
G1 X114.179 Y114.179 E555.06203
G1 X113.427 Y115.154 E555.11937
G1 X112.963 Y116.277 E555.17595
G1 X112.802 Y117.501 E555.23343
G1 X112.963 Y118.719 E555.29064
G1 X113.427 Y119.847 E555.34744
G1 X114.175 Y120.817 E555.40447
G1 X115.153 Y121.569 E555.46192
G1 X116.277 Y122.033 E555.51854
G1 X117.499 Y122.194 E555.57593
G0 F9000 X117.5 Y121.483
G0 X115.399 Y120.813
;TYPE:FILL
G1 F1135.2 X115.35 Y120.862 E555.57916
G1 X114.657 Y120.33 E555.61984
G1 X114.135 Y119.653 E555.65965
G1 X114.187 Y119.601 E555.66307
G1 X114.672 Y119.6 E555.68566
G1 X116.072 Y118.2 E555.77785
G1 X116.072 Y116.8 E555.84304
G1 X114.672 Y115.4 E555.93523
G1 X114.187 Y115.399 E555.95782
G1 X114.135 Y115.347 E555.96124
G1 X114.663 Y114.663 E556.00148
G1 X115.347 Y114.135 E556.04171
G1 X115.399 Y114.187 E556.04513
G1 X115.4 Y114.672 E556.06772
G1 X116.8 Y116.072 E556.15991
G1 X118.2 Y116.072 E556.2251
G1 X119.6 Y114.672 E556.31729
G1 X119.601 Y114.187 E556.33988
G1 X119.653 Y114.135 E556.3433
G1 X120.33 Y114.657 E556.38311
G1 X120.863 Y115.349 E556.42378
G1 X120.813 Y115.399 E556.42707
G1 X120.328 Y115.4 E556.44966
G1 X118.928 Y116.8 E556.54185
G1 X118.928 Y118.2 E556.60704
G1 X120.328 Y119.6 E556.69923
G1 X120.813 Y119.601 E556.72181
G1 X120.861 Y119.649 E556.72498
G1 X120.336 Y120.336 E556.76524
G1 X119.649 Y120.861 E556.8055
G1 X119.601 Y120.813 E556.80866
G1 X119.6 Y120.328 E556.83124
G1 X118.2 Y118.928 E556.92343
G1 X116.8 Y118.928 E556.98862
G1 X115.4 Y120.328 E557.08082
G1 X115.399 Y120.813 E557.1034
G0 F9000 X115.557 Y120.608
G1 F1500 E550.6034
;MESH:NONMESH
G0 F300 X115.557 Y120.608 Z16.52
G0 F9000 X117.5 Y113.033
G0 X117.357 Y111.95
G0 X117.358 Y103.051
G0 X117.5 Y101.967
G0 X117.5 Y101.483
G0 X117.499 Y101.79
;TIME_ELAPSED:807.211822
;LAYER:58
;note -- min layer time used
;TYPE:WALL-INNER
;MESH:yc1hingeDubel.stl(1)
G1 F1500 E557.1034
G1 F1117 X118.615 Y101.643 E557.15582
G1 X119.642 Y101.219 E557.20755
G1 X120.535 Y100.535 E557.25993
G1 X121.219 Y99.642 E557.31231
G1 X121.643 Y98.615 E557.36404
G1 X121.789 Y97.501 E557.41636
G1 X121.643 Y96.381 E557.46895
G1 X121.219 Y95.355 E557.52065
G1 X120.531 Y94.46 E557.57321
G1 X119.645 Y93.777 E557.6253
G1 X118.615 Y93.353 E557.67717
G1 X117.499 Y93.207 E557.72958
G1 X116.381 Y93.353 E557.78208
G1 X115.356 Y93.776 E557.83371
G1 X114.464 Y94.464 E557.88617
G1 X113.777 Y95.356 E557.93859
G1 X113.353 Y96.381 E557.99024
G1 X113.206 Y97.501 E558.04284
G1 X113.353 Y98.615 E558.09516
G1 X113.777 Y99.645 E558.14703
G1 X114.46 Y100.531 E558.19912
G1 X115.355 Y101.219 E558.25169
G1 X116.381 Y101.643 E558.30338
G1 X117.499 Y101.79 E558.35589
G0 F9000 X117.499 Y102.194
;TYPE:WALL-OUTER
G1 F1117 X118.719 Y102.033 E558.41319
G1 X119.843 Y101.569 E558.46981
G1 X120.821 Y100.821 E558.52714
G1 X121.569 Y99.843 E558.58448
G1 X122.033 Y98.719 E558.6411
G1 X122.193 Y97.501 E558.6983
G1 X122.033 Y96.277 E558.75578
G1 X121.569 Y95.153 E558.8124
G1 X120.817 Y94.175 E558.86985
G1 X119.847 Y93.427 E558.92689
G1 X118.719 Y92.963 E558.98368
G1 X117.499 Y92.803 E559.04097
G1 X116.277 Y92.963 E559.09836
G1 X115.154 Y93.427 E559.15494
G1 X114.179 Y94.179 E559.21228
G1 X113.427 Y95.154 E559.26961
G1 X112.963 Y96.277 E559.32619
G1 X112.802 Y97.501 E559.38368
G1 X112.963 Y98.719 E559.44088
G1 X113.427 Y99.847 E559.49768
G1 X114.175 Y100.817 E559.55472
G1 X115.153 Y101.569 E559.61216
G1 X116.277 Y102.033 E559.66878
G1 X117.499 Y102.194 E559.72618
G0 F9000 X117.5 Y101.483
G0 X115.119 Y100.626
;TYPE:FILL
G1 F1117 X115.086 Y100.659 E559.72835
G1 X114.657 Y100.33 E559.75352
G1 X114.338 Y99.917 E559.77782
G1 X114.374 Y99.881 E559.78019
G1 X114.672 Y99.88 E559.79407
G1 X116.259 Y98.293 E559.89858
G1 X116.259 Y96.707 E559.97243
G1 X114.672 Y95.12 E560.07693
G1 X114.374 Y95.119 E560.09081
G1 X114.339 Y95.084 E560.09312
G1 X114.663 Y94.663 E560.11785
G1 X115.084 Y94.339 E560.14259
G1 X115.119 Y94.374 E560.14489
G1 X115.12 Y94.672 E560.15877
G1 X116.707 Y96.259 E560.26328
G1 X118.293 Y96.259 E560.33713
G1 X119.88 Y94.672 E560.44163
G1 X119.881 Y94.374 E560.45551
G1 X119.917 Y94.338 E560.45788
G1 X120.33 Y94.657 E560.48218
G1 X120.66 Y95.085 E560.50735
G1 X120.626 Y95.119 E560.50959
G1 X120.328 Y95.12 E560.52346
G1 X118.741 Y96.707 E560.62797
G1 X118.741 Y98.293 E560.70182
G1 X120.328 Y99.88 E560.80633
G1 X120.626 Y99.881 E560.8202
G1 X120.659 Y99.914 E560.82238
G1 X120.336 Y100.336 E560.84712
G1 X119.914 Y100.659 E560.87187
G1 X119.881 Y100.626 E560.87404
G1 X119.88 Y100.328 E560.88792
G1 X118.293 Y98.741 E560.99242
G1 X116.707 Y98.741 E561.06627
G1 X115.12 Y100.328 E561.17078
G1 X115.119 Y100.626 E561.18466
G0 F9000 X115.29 Y100.403
G1 F1500 E554.68466
;MESH:yc1hingeDubel.stl
G0 F9000 X116.346 Y101.815
G0 X116.204 Y102.9
G0 X117.357 Y111.95
G0 X117.5 Y113.033
G0 X117.5 Y121.483
G0 X117.499 Y121.79
;TYPE:WALL-INNER
G1 F1500 E561.18466
G1 F1117 X118.615 Y121.643 E561.23707
G1 X119.642 Y121.219 E561.28881
G1 X120.535 Y120.535 E561.34118
G1 X121.219 Y119.642 E561.39356
G1 X121.643 Y118.615 E561.4453
G1 X121.789 Y117.501 E561.49762
G1 X121.643 Y116.381 E561.55021
G1 X121.219 Y115.355 E561.6019
G1 X120.531 Y114.46 E561.65447
G1 X119.645 Y113.777 E561.70656
G1 X118.615 Y113.353 E561.75842
G1 X117.499 Y113.207 E561.81083
G1 X116.381 Y113.353 E561.86333
G1 X115.356 Y113.776 E561.91497
G1 X114.464 Y114.464 E561.96742
G1 X113.777 Y115.356 E562.01985
G1 X113.353 Y116.381 E562.0715
G1 X113.206 Y117.501 E562.1241
G1 X113.353 Y118.615 E562.17642
G1 X113.777 Y119.645 E562.22829
G1 X114.46 Y120.531 E562.28038
G1 X115.355 Y121.219 E562.33294
G1 X116.381 Y121.643 E562.38464
G1 X117.499 Y121.79 E562.43714
G0 F9000 X117.499 Y122.194
;TYPE:WALL-OUTER
G1 F1117 X118.719 Y122.033 E562.49444
G1 X119.843 Y121.569 E562.55107
G1 X120.821 Y120.821 E562.6084
G1 X121.569 Y119.843 E562.66573
G1 X122.033 Y118.719 E562.72235
G1 X122.193 Y117.501 E562.77956
G1 X122.033 Y116.277 E562.83703
G1 X121.569 Y115.153 E562.89366
G1 X120.817 Y114.175 E562.9511
G1 X119.847 Y113.427 E563.00814
G1 X118.719 Y112.963 E563.06493
G1 X117.499 Y112.803 E563.12223
G1 X116.277 Y112.963 E563.17962
G1 X115.154 Y113.427 E563.2362
G1 X114.179 Y114.179 E563.29353
G1 X113.427 Y115.154 E563.35087
G1 X112.963 Y116.277 E563.40745
G1 X112.802 Y117.501 E563.46493
G1 X112.963 Y118.719 E563.52214
G1 X113.427 Y119.847 E563.57893
G1 X114.175 Y120.817 E563.63597
G1 X115.153 Y121.569 E563.69342
G1 X116.277 Y122.033 E563.75004
G1 X117.499 Y122.194 E563.80743
G0 F9000 X117.5 Y121.483
G0 X115.119 Y120.626
;TYPE:FILL
G1 F1117 X115.086 Y120.659 E563.80961
G1 X114.657 Y120.33 E563.83478
G1 X114.338 Y119.917 E563.85908
G1 X114.374 Y119.881 E563.86145
G1 X114.672 Y119.88 E563.87533
G1 X116.259 Y118.293 E563.97983
G1 X116.259 Y116.707 E564.05368
G1 X114.672 Y115.12 E564.15819
G1 X114.374 Y115.119 E564.17207
G1 X114.339 Y115.084 E564.17437
G1 X114.663 Y114.663 E564.19911
G1 X115.084 Y114.339 E564.22384
G1 X115.119 Y114.374 E564.22615
G1 X115.12 Y114.672 E564.24003
G1 X116.707 Y116.259 E564.34453
G1 X118.293 Y116.259 E564.41838
G1 X119.88 Y114.672 E564.52289
G1 X119.881 Y114.374 E564.53677
G1 X119.917 Y114.338 E564.53914
G1 X120.33 Y114.657 E564.56344
G1 X120.66 Y115.085 E564.5886
G1 X120.626 Y115.119 E564.59084
G1 X120.328 Y115.12 E564.60472
G1 X118.741 Y116.707 E564.70922
G1 X118.741 Y118.293 E564.78307
G1 X120.328 Y119.88 E564.88758
G1 X120.626 Y119.881 E564.90146
G1 X120.659 Y119.914 E564.90363
G1 X120.336 Y120.336 E564.92838
G1 X119.914 Y120.659 E564.95312
G1 X119.881 Y120.626 E564.95529
G1 X119.88 Y120.328 E564.96917
G1 X118.293 Y118.741 E565.07368
G1 X116.707 Y118.741 E565.14753
G1 X115.12 Y120.328 E565.25203
G1 X115.119 Y120.626 E565.26591
G0 F9000 X115.29 Y120.403
G1 F1500 E558.76591
;MESH:NONMESH
G0 F300 X115.29 Y120.403 Z16.8
G0 F9000 X117.5 Y113.033
G0 X117.357 Y111.95
G0 X117.358 Y103.051
G0 X117.5 Y101.967
G0 X117.5 Y101.483
G0 X117.499 Y101.79
;TIME_ELAPSED:819.742822
;LAYER:59
;note -- min layer time used
;TYPE:WALL-INNER
;MESH:yc1hingeDubel.stl(1)
G1 F1500 E565.26591
G1 F1096 X118.615 Y101.643 E565.31833
G1 X119.642 Y101.219 E565.37006
G1 X120.535 Y100.535 E565.42244
G1 X121.219 Y99.642 E565.47482
G1 X121.643 Y98.615 E565.52655
G1 X121.789 Y97.501 E565.57887
G1 X121.643 Y96.381 E565.63146
G1 X121.219 Y95.355 E565.68316
G1 X120.531 Y94.46 E565.73572
G1 X119.645 Y93.777 E565.78781
G1 X118.615 Y93.353 E565.83968
G1 X117.499 Y93.207 E565.89209
G1 X116.381 Y93.353 E565.94459
G1 X115.356 Y93.776 E565.99622
G1 X114.464 Y94.464 E566.04868
G1 X113.777 Y95.356 E566.1011
G1 X113.353 Y96.381 E566.15275
G1 X113.206 Y97.501 E566.20535
G1 X113.353 Y98.615 E566.25767
G1 X113.777 Y99.645 E566.30954
G1 X114.46 Y100.531 E566.36163
G1 X115.355 Y101.219 E566.4142
G1 X116.381 Y101.643 E566.46589
G1 X117.499 Y101.79 E566.5184
G0 F9000 X117.499 Y102.194
;TYPE:WALL-OUTER
G1 F1096 X118.719 Y102.033 E566.5757
G1 X119.843 Y101.569 E566.63232
G1 X120.821 Y100.821 E566.68965
G1 X121.569 Y99.843 E566.74699
G1 X122.033 Y98.719 E566.80361
G1 X122.193 Y97.501 E566.86081
G1 X122.033 Y96.277 E566.91829
G1 X121.569 Y95.153 E566.97491
G1 X120.817 Y94.175 E567.03236
G1 X119.847 Y93.427 E567.08939
G1 X118.719 Y92.963 E567.14619
G1 X117.499 Y92.803 E567.20348
G1 X116.277 Y92.963 E567.26087
G1 X115.154 Y93.427 E567.31745
G1 X114.179 Y94.179 E567.37479
G1 X113.427 Y95.154 E567.43212
G1 X112.963 Y96.277 E567.4887
G1 X112.802 Y97.501 E567.54619
G1 X112.963 Y98.719 E567.60339
G1 X113.427 Y99.847 E567.66019
G1 X114.175 Y100.817 E567.71723
G1 X115.153 Y101.569 E567.77467
G1 X116.277 Y102.033 E567.83129
G1 X117.499 Y102.194 E567.88869
G0 F9000 X117.5 Y101.483
G0 X114.845 Y100.44
G0 X114.828 Y100.461
G0 X114.872 Y100.328
;TYPE:FILL
G1 F1096 X114.828 Y100.461 E567.89521
G1 X114.657 Y100.33 E567.90524
G1 X114.537 Y100.174 E567.9144
G1 X114.672 Y100.128 E567.92105
G1 X116.424 Y98.376 E568.03642
G1 X116.424 Y96.624 E568.118
G1 X114.672 Y94.872 E568.23337
G1 X114.537 Y94.826 E568.24001
G1 X114.663 Y94.663 E568.24961
G1 X114.826 Y94.537 E568.2592
G1 X114.872 Y94.672 E568.26584
G1 X116.624 Y96.424 E568.38121
G1 X118.376 Y96.424 E568.46279
G1 X120.128 Y94.672 E568.57816
G1 X120.174 Y94.537 E568.58481
G1 X120.33 Y94.657 E568.59397
G1 X120.461 Y94.828 E568.604
G1 X120.328 Y94.872 E568.61052
G1 X118.576 Y96.624 E568.7259
G1 X118.576 Y98.376 E568.80748
G1 X120.328 Y100.128 E568.92285
G1 X120.461 Y100.172 E568.92937
G1 X120.336 Y100.336 E568.93897
G1 X120.172 Y100.461 E568.94858
G1 X120.128 Y100.328 E568.9551
G1 X118.376 Y98.576 E569.07047
G1 X116.624 Y98.576 E569.15205
G1 X114.872 Y100.328 E569.26742
G0 F9000 X114.992 Y100.174
G1 F1500 E562.76742
;MESH:yc1hingeDubel.stl
G0 F9000 X116.346 Y101.815
G0 X116.204 Y102.9
G0 X117.357 Y111.95
G0 X117.5 Y113.033
G0 X117.5 Y121.483
G0 X117.499 Y121.79
;TYPE:WALL-INNER
G1 F1500 E569.26742
G1 F1096 X118.615 Y121.643 E569.31984
G1 X119.642 Y121.219 E569.37157
G1 X120.535 Y120.535 E569.42395
G1 X121.219 Y119.642 E569.47633
G1 X121.643 Y118.615 E569.52807
G1 X121.789 Y117.501 E569.58038
G1 X121.643 Y116.381 E569.63298
G1 X121.219 Y115.355 E569.68467
G1 X120.531 Y114.46 E569.73724
G1 X119.645 Y113.777 E569.78933
G1 X118.615 Y113.353 E569.84119
G1 X117.499 Y113.207 E569.8936
G1 X116.381 Y113.353 E569.9461
G1 X115.356 Y113.776 E569.99773
G1 X114.464 Y114.464 E570.05019
G1 X113.777 Y115.356 E570.10262
G1 X113.353 Y116.381 E570.15427
G1 X113.206 Y117.501 E570.20687
G1 X113.353 Y118.615 E570.25919
G1 X113.777 Y119.645 E570.31105
G1 X114.46 Y120.531 E570.36314
G1 X115.355 Y121.219 E570.41571
G1 X116.381 Y121.643 E570.4674
G1 X117.499 Y121.79 E570.51991
G0 F9000 X117.499 Y122.194
;TYPE:WALL-OUTER
G1 F1096 X118.719 Y122.033 E570.57721
G1 X119.843 Y121.569 E570.63383
G1 X120.821 Y120.821 E570.69117
G1 X121.569 Y119.843 E570.7485
G1 X122.033 Y118.719 E570.80512
G1 X122.193 Y117.501 E570.86232
G1 X122.033 Y116.277 E570.9198
G1 X121.569 Y115.153 E570.97642
G1 X120.817 Y114.175 E571.03387
G1 X119.847 Y113.427 E571.09091
G1 X118.719 Y112.963 E571.1477
G1 X117.499 Y112.803 E571.205
G1 X116.277 Y112.963 E571.26238
G1 X115.154 Y113.427 E571.31896
G1 X114.179 Y114.179 E571.3763
G1 X113.427 Y115.154 E571.43363
G1 X112.963 Y116.277 E571.49021
G1 X112.802 Y117.501 E571.5477
G1 X112.963 Y118.719 E571.60491
G1 X113.427 Y119.847 E571.6617
G1 X114.175 Y120.817 E571.71874
G1 X115.153 Y121.569 E571.77618
G1 X116.277 Y122.033 E571.83281
G1 X117.499 Y122.194 E571.8902
G0 F9000 X117.5 Y121.483
G0 X114.845 Y120.44
G0 X114.828 Y120.461
G0 X114.872 Y120.328
;TYPE:FILL
G1 F1096 X114.828 Y120.461 E571.89672
G1 X114.657 Y120.33 E571.90675
G1 X114.537 Y120.174 E571.91592
G1 X114.672 Y120.128 E571.92256
G1 X116.424 Y118.376 E572.03793
G1 X116.424 Y116.624 E572.11951
G1 X114.672 Y114.872 E572.23488
G1 X114.537 Y114.826 E572.24152
G1 X114.663 Y114.663 E572.25112
G1 X114.826 Y114.537 E572.26071
G1 X114.872 Y114.672 E572.26735
G1 X116.624 Y116.424 E572.38272
G1 X118.376 Y116.424 E572.4643
G1 X120.128 Y114.672 E572.57968
G1 X120.174 Y114.537 E572.58632
G1 X120.33 Y114.657 E572.59548
G1 X120.461 Y114.828 E572.60551
G1 X120.328 Y114.872 E572.61204
G1 X118.576 Y116.624 E572.72741
G1 X118.576 Y118.376 E572.80899
G1 X120.328 Y120.128 E572.92436
G1 X120.461 Y120.172 E572.93088
G1 X120.336 Y120.336 E572.94049
G1 X120.172 Y120.461 E572.95009
G1 X120.128 Y120.328 E572.95661
G1 X118.376 Y118.576 E573.07198
G1 X116.624 Y118.576 E573.15356
G1 X114.872 Y120.328 E573.26894
G0 F9000 X114.992 Y120.174
G1 F1500 E566.76894
;MESH:NONMESH
G0 F300 X114.992 Y120.174 Z17.08
G0 F9000 X116.347 Y113.185
G0 X116.204 Y112.101
G0 X117.358 Y103.051
G0 X117.5 Y101.967
G0 X117.5 Y101.483
G0 X117.499 Y101.79
;TIME_ELAPSED:832.298453
;LAYER:60
;note -- min layer time used
;TYPE:WALL-INNER
;MESH:yc1hingeDubel.stl(1)
G1 F1500 E573.26894
G1 F1092.5 X118.615 Y101.643 E573.32135
G1 X119.642 Y101.219 E573.37309
G1 X120.535 Y100.535 E573.42547
G1 X121.219 Y99.642 E573.47784
G1 X121.643 Y98.615 E573.52958
G1 X121.789 Y97.501 E573.5819
G1 X121.643 Y96.381 E573.63449
G1 X121.219 Y95.355 E573.68618
G1 X120.531 Y94.46 E573.73875
G1 X119.645 Y93.777 E573.79084
G1 X118.615 Y93.353 E573.84271
G1 X117.499 Y93.207 E573.89511
G1 X116.381 Y93.353 E573.94761
G1 X115.356 Y93.776 E573.99925
G1 X114.464 Y94.464 E574.0517
G1 X113.777 Y95.356 E574.10413
G1 X113.353 Y96.381 E574.15578
G1 X113.206 Y97.501 E574.20838
G1 X113.353 Y98.615 E574.2607
G1 X113.777 Y99.645 E574.31257
G1 X114.46 Y100.531 E574.36466
G1 X115.355 Y101.219 E574.41722
G1 X116.381 Y101.643 E574.46892
G1 X117.499 Y101.79 E574.52142
G0 F9000 X117.499 Y102.194
;TYPE:WALL-OUTER
G1 F1092.5 X118.719 Y102.033 E574.57872
G1 X119.843 Y101.569 E574.63535
G1 X120.821 Y100.821 E574.69268
G1 X121.569 Y99.843 E574.75001
G1 X122.033 Y98.719 E574.80663
G1 X122.193 Y97.501 E574.86384
G1 X122.033 Y96.277 E574.92132
G1 X121.569 Y95.153 E574.97794
G1 X120.817 Y94.175 E575.03538
G1 X119.847 Y93.427 E575.09242
G1 X118.719 Y92.963 E575.14921
G1 X117.499 Y92.803 E575.20651
G1 X116.277 Y92.963 E575.2639
G1 X115.154 Y93.427 E575.32048
G1 X114.179 Y94.179 E575.37781
G1 X113.427 Y95.154 E575.43515
G1 X112.963 Y96.277 E575.49173
G1 X112.802 Y97.501 E575.54921
G1 X112.963 Y98.719 E575.60642
G1 X113.427 Y99.847 E575.66321
G1 X114.175 Y100.817 E575.72025
G1 X115.153 Y101.569 E575.7777
G1 X116.277 Y102.033 E575.83432
G1 X117.499 Y102.194 E575.89171
G0 F9000 X117.5 Y101.483
G0 X114.825 Y100.425
G0 X114.808 Y100.446
G0 X114.872 Y100.328
;TYPE:FILL
G1 F1092.5 X114.808 Y100.446 E575.89796
G1 X114.552 Y100.194 E575.91469
G1 X114.672 Y100.128 E575.92107
G1 X116.424 Y98.376 E576.03644
G1 X116.424 Y96.624 E576.11802
G1 X114.672 Y94.872 E576.23339
G1 X114.552 Y94.806 E576.23977
G1 X114.806 Y94.552 E576.2565
G1 X114.872 Y94.672 E576.26287
G1 X116.624 Y96.424 E576.37824
G1 X118.376 Y96.424 E576.45982
G1 X120.128 Y94.672 E576.5752
G1 X120.194 Y94.552 E576.58157
G1 X120.446 Y94.808 E576.5983
G1 X120.328 Y94.872 E576.60455
G1 X118.576 Y96.624 E576.71992
G1 X118.576 Y98.376 E576.8015
G1 X120.328 Y100.128 E576.91688
G1 X120.446 Y100.192 E576.92313
G1 X120.192 Y100.446 E576.93985
G1 X120.128 Y100.328 E576.9461
G1 X118.376 Y98.576 E577.06148
G1 X116.624 Y98.576 E577.14306
G1 X114.872 Y100.328 E577.25843
G0 F9000 X114.992 Y100.174
G1 F1500 E570.75843
;MESH:yc1hingeDubel.stl
G0 F9000 X116.346 Y101.815
G0 X116.204 Y102.9
G0 X117.357 Y111.95
G0 X117.5 Y113.033
G0 X117.5 Y121.483
G0 X117.499 Y121.79
;TYPE:WALL-INNER
G1 F1500 E577.25843
G1 F1092.5 X118.615 Y121.643 E577.31084
G1 X119.642 Y121.219 E577.36258
G1 X120.535 Y120.535 E577.41496
G1 X121.219 Y119.642 E577.46734
G1 X121.643 Y118.615 E577.51907
G1 X121.789 Y117.501 E577.57139
G1 X121.643 Y116.381 E577.62398
G1 X121.219 Y115.355 E577.67568
G1 X120.531 Y114.46 E577.72824
G1 X119.645 Y113.777 E577.78033
G1 X118.615 Y113.353 E577.8322
G1 X117.499 Y113.207 E577.88461
G1 X116.381 Y113.353 E577.93711
G1 X115.356 Y113.776 E577.98874
G1 X114.464 Y114.464 E578.0412
G1 X113.777 Y115.356 E578.09362
G1 X113.353 Y116.381 E578.14527
G1 X113.206 Y117.501 E578.19787
G1 X113.353 Y118.615 E578.25019
G1 X113.777 Y119.645 E578.30206
G1 X114.46 Y120.531 E578.35415
G1 X115.355 Y121.219 E578.40672
G1 X116.381 Y121.643 E578.45841
G1 X117.499 Y121.79 E578.51092
G0 F9000 X117.499 Y122.194
;TYPE:WALL-OUTER
G1 F1092.5 X118.719 Y122.033 E578.56822
G1 X119.843 Y121.569 E578.62484
G1 X120.821 Y120.821 E578.68217
G1 X121.569 Y119.843 E578.7395
G1 X122.033 Y118.719 E578.79613
G1 X122.193 Y117.501 E578.85333
G1 X122.033 Y116.277 E578.91081
G1 X121.569 Y115.153 E578.96743
G1 X120.817 Y114.175 E579.02488
G1 X119.847 Y113.427 E579.08191
G1 X118.719 Y112.963 E579.13871
G1 X117.499 Y112.803 E579.196
G1 X116.277 Y112.963 E579.25339
G1 X115.154 Y113.427 E579.30997
G1 X114.179 Y114.179 E579.3673
G1 X113.427 Y115.154 E579.42464
G1 X112.963 Y116.277 E579.48122
G1 X112.802 Y117.501 E579.5387
G1 X112.963 Y118.719 E579.59591
G1 X113.427 Y119.847 E579.65271
G1 X114.175 Y120.817 E579.70974
G1 X115.153 Y121.569 E579.76719
G1 X116.277 Y122.033 E579.82381
G1 X117.499 Y122.194 E579.88121
G0 F9000 X117.5 Y121.483
G0 X114.825 Y120.425
G0 X114.808 Y120.446
G0 X114.872 Y120.328
;TYPE:FILL
G1 F1092.5 X114.808 Y120.446 E579.88746
G1 X114.552 Y120.194 E579.90418
G1 X114.672 Y120.128 E579.91056
G1 X116.424 Y118.376 E580.02593
G1 X116.424 Y116.624 E580.10751
G1 X114.672 Y114.872 E580.22288
G1 X114.552 Y114.806 E580.22926
G1 X114.806 Y114.552 E580.24599
G1 X114.872 Y114.672 E580.25237
G1 X116.624 Y116.424 E580.36774
G1 X118.376 Y116.424 E580.44932
G1 X120.128 Y114.672 E580.56469
G1 X120.194 Y114.552 E580.57107
G1 X120.446 Y114.808 E580.58779
G1 X120.328 Y114.872 E580.59404
G1 X118.576 Y116.624 E580.70942
G1 X118.576 Y118.376 E580.791
G1 X120.328 Y120.128 E580.90637
G1 X120.446 Y120.192 E580.91262
G1 X120.192 Y120.446 E580.92935
G1 X120.128 Y120.328 E580.9356
G1 X118.376 Y118.576 E581.05097
G1 X116.624 Y118.576 E581.13255
G1 X114.872 Y120.328 E581.24792
G0 F9000 X114.992 Y120.174
G1 F1500 E574.74792
;MESH:NONMESH
G0 F300 X114.992 Y120.174 Z17.36
G0 F9000 X116.347 Y113.185
G0 X116.204 Y112.101
G0 X117.358 Y103.051
G0 X117.5 Y101.967
G0 X117.5 Y101.483
G0 X117.499 Y101.79
;TIME_ELAPSED:844.843580
;LAYER:61
;note -- min layer time used
;TYPE:WALL-INNER
;MESH:yc1hingeDubel.stl(1)
G1 F1500 E581.24792
G1 F1113.1 X118.615 Y101.643 E581.30034
G1 X119.642 Y101.219 E581.35207
G1 X120.535 Y100.535 E581.40445
G1 X121.219 Y99.642 E581.45683
G1 X121.643 Y98.615 E581.50857
G1 X121.789 Y97.501 E581.56088
G1 X121.643 Y96.381 E581.61348
G1 X121.219 Y95.355 E581.66517
G1 X120.531 Y94.46 E581.71773
G1 X119.645 Y93.777 E581.76983
G1 X118.615 Y93.353 E581.82169
G1 X117.499 Y93.207 E581.8741
G1 X116.381 Y93.353 E581.9266
G1 X115.356 Y93.776 E581.97823
G1 X114.464 Y94.464 E582.03069
G1 X113.777 Y95.356 E582.08311
G1 X113.353 Y96.381 E582.13477
G1 X113.206 Y97.501 E582.18736
G1 X113.353 Y98.615 E582.23969
G1 X113.777 Y99.645 E582.29155
G1 X114.46 Y100.531 E582.34364
G1 X115.355 Y101.219 E582.39621
G1 X116.381 Y101.643 E582.4479
G1 X117.499 Y101.79 E582.50041
G0 F9000 X117.499 Y102.194
;TYPE:WALL-OUTER
G1 F1113.1 X118.719 Y102.033 E582.55771
G1 X119.843 Y101.569 E582.61433
G1 X120.821 Y100.821 E582.67167
G1 X121.569 Y99.843 E582.729
G1 X122.033 Y98.719 E582.78562
G1 X122.193 Y97.501 E582.84282
G1 X122.033 Y96.277 E582.9003
G1 X121.569 Y95.153 E582.95692
G1 X120.817 Y94.175 E583.01437
G1 X119.847 Y93.427 E583.07141
G1 X118.719 Y92.963 E583.1282
G1 X117.499 Y92.803 E583.1855
G1 X116.277 Y92.963 E583.24288
G1 X115.154 Y93.427 E583.29946
G1 X114.179 Y94.179 E583.3568
G1 X113.427 Y95.154 E583.41413
G1 X112.963 Y96.277 E583.47071
G1 X112.802 Y97.501 E583.5282
G1 X112.963 Y98.719 E583.58541
G1 X113.427 Y99.847 E583.6422
G1 X114.175 Y100.817 E583.69924
G1 X115.153 Y101.569 E583.75668
G1 X116.277 Y102.033 E583.81331
G1 X117.499 Y102.194 E583.8707
G0 F9000 X117.5 Y101.483
G0 X115.063 Y100.589
;TYPE:FILL
G1 F1113.1 X115.033 Y100.619 E583.87267
G1 X114.657 Y100.33 E583.89476
G1 X114.379 Y99.969 E583.91597
G1 X114.411 Y99.937 E583.91808
G1 X114.672 Y99.936 E583.93023
G1 X116.297 Y98.311 E584.03724
G1 X116.297 Y96.689 E584.11277
G1 X114.672 Y95.064 E584.21978
G1 X114.411 Y95.063 E584.23193
G1 X114.379 Y95.031 E584.23404
G1 X114.663 Y94.663 E584.25568
G1 X115.031 Y94.379 E584.27733
G1 X115.063 Y94.411 E584.27944
G1 X115.064 Y94.672 E584.29159
G1 X116.689 Y96.297 E584.3986
G1 X118.311 Y96.297 E584.47413
G1 X119.936 Y94.672 E584.58114
G1 X119.937 Y94.411 E584.59329
G1 X119.969 Y94.379 E584.5954
G1 X120.33 Y94.657 E584.61661
G1 X120.619 Y95.033 E584.63869
G1 X120.589 Y95.063 E584.64067
G1 X120.328 Y95.064 E584.65282
G1 X118.703 Y96.689 E584.75983
G1 X118.703 Y98.311 E584.83536
G1 X120.328 Y99.936 E584.94237
G1 X120.589 Y99.937 E584.95452
G1 X120.618 Y99.966 E584.95643
G1 X120.336 Y100.336 E584.97809
G1 X119.966 Y100.618 E584.99976
G1 X119.937 Y100.589 E585.00167
G1 X119.936 Y100.328 E585.01382
G1 X118.311 Y98.703 E585.12083
G1 X116.689 Y98.703 E585.19636
G1 X115.064 Y100.328 E585.30336
G1 X115.063 Y100.589 E585.31552
G0 F9000 X115.238 Y100.363
G1 F1500 E578.81552
;MESH:yc1hingeDubel.stl
G0 F9000 X116.346 Y101.815
G0 X116.204 Y102.9
G0 X117.357 Y111.95
G0 X117.5 Y113.033
G0 X117.5 Y121.483
G0 X117.499 Y121.79
;TYPE:WALL-INNER
G1 F1500 E585.31552
G1 F1113.1 X118.615 Y121.643 E585.36793
G1 X119.642 Y121.219 E585.41967
G1 X120.535 Y120.535 E585.47205
G1 X121.219 Y119.642 E585.52442
G1 X121.643 Y118.615 E585.57616
G1 X121.789 Y117.501 E585.62848
G1 X121.643 Y116.381 E585.68107
G1 X121.219 Y115.355 E585.73276
G1 X120.531 Y114.46 E585.78533
G1 X119.645 Y113.777 E585.83742
G1 X118.615 Y113.353 E585.88929
G1 X117.499 Y113.207 E585.9417
G1 X116.381 Y113.353 E585.9942
G1 X115.356 Y113.776 E586.04583
G1 X114.464 Y114.464 E586.09828
G1 X113.777 Y115.356 E586.15071
G1 X113.353 Y116.381 E586.20236
G1 X113.206 Y117.501 E586.25496
G1 X113.353 Y118.615 E586.30728
G1 X113.777 Y119.645 E586.35915
G1 X114.46 Y120.531 E586.41124
G1 X115.355 Y121.219 E586.4638
G1 X116.381 Y121.643 E586.5155
G1 X117.499 Y121.79 E586.568
G0 F9000 X117.499 Y122.194
;TYPE:WALL-OUTER
G1 F1113.1 X118.719 Y122.033 E586.62531
G1 X119.843 Y121.569 E586.68193
G1 X120.821 Y120.821 E586.73926
G1 X121.569 Y119.843 E586.79659
G1 X122.033 Y118.719 E586.85322
G1 X122.193 Y117.501 E586.91042
G1 X122.033 Y116.277 E586.9679
G1 X121.569 Y115.153 E587.02452
G1 X120.817 Y114.175 E587.08197
G1 X119.847 Y113.427 E587.139
G1 X118.719 Y112.963 E587.1958
G1 X117.499 Y112.803 E587.25309
G1 X116.277 Y112.963 E587.31048
G1 X115.154 Y113.427 E587.36706
G1 X114.179 Y114.179 E587.42439
G1 X113.427 Y115.154 E587.48173
G1 X112.963 Y116.277 E587.53831
G1 X112.802 Y117.501 E587.59579
G1 X112.963 Y118.719 E587.653
G1 X113.427 Y119.847 E587.7098
G1 X114.175 Y120.817 E587.76683
G1 X115.153 Y121.569 E587.82428
G1 X116.277 Y122.033 E587.8809
G1 X117.499 Y122.194 E587.93829
G0 F9000 X117.5 Y121.483
G0 X115.063 Y120.589
;TYPE:FILL
G1 F1113.1 X115.033 Y120.619 E587.94027
G1 X114.657 Y120.33 E587.96235
G1 X114.379 Y119.969 E587.98357
G1 X114.411 Y119.937 E587.98568
G1 X114.672 Y119.936 E587.99783
G1 X116.297 Y118.311 E588.10484
G1 X116.297 Y116.689 E588.18036
G1 X114.672 Y115.064 E588.28737
G1 X114.411 Y115.063 E588.29953
G1 X114.379 Y115.031 E588.30163
G1 X114.663 Y114.663 E588.32328
G1 X115.031 Y114.379 E588.34492
G1 X115.063 Y114.411 E588.34703
G1 X115.064 Y114.672 E588.35919
G1 X116.689 Y116.297 E588.46619
G1 X118.311 Y116.297 E588.54172
G1 X119.936 Y114.672 E588.64873
G1 X119.937 Y114.411 E588.66088
G1 X119.969 Y114.379 E588.66299
G1 X120.33 Y114.657 E588.68421
G1 X120.619 Y115.033 E588.70629
G1 X120.589 Y115.063 E588.70827
G1 X120.328 Y115.064 E588.72042
G1 X118.703 Y116.689 E588.82743
G1 X118.703 Y118.311 E588.90295
G1 X120.328 Y119.936 E589.00996
G1 X120.589 Y119.937 E589.02212
G1 X120.618 Y119.966 E589.02403
G1 X120.336 Y120.336 E589.04569
G1 X119.966 Y120.618 E589.06735
G1 X119.937 Y120.589 E589.06926
G1 X119.936 Y120.328 E589.08141
G1 X118.311 Y118.703 E589.18842
G1 X116.689 Y118.703 E589.26395
G1 X115.064 Y120.328 E589.37096
G1 X115.063 Y120.589 E589.38311
G0 F9000 X115.238 Y120.363
G1 F1500 E582.88311
;MESH:NONMESH
G0 F300 X115.238 Y120.363 Z17.64
G0 F9000 X117.5 Y113.033
G0 X117.357 Y111.95
G0 X117.358 Y103.051
G0 X117.5 Y101.967
G0 X117.5 Y101.483
G0 X117.499 Y101.79
;TIME_ELAPSED:857.374821
;LAYER:62
;note -- min layer time used
;TYPE:WALL-INNER
;MESH:yc1hingeDubel.stl(1)
G1 F1500 E589.38311
G1 F1131.3 X118.615 Y101.643 E589.43553
G1 X119.642 Y101.219 E589.48726
G1 X120.535 Y100.535 E589.53964
G1 X121.219 Y99.642 E589.59202
G1 X121.643 Y98.615 E589.64376
G1 X121.789 Y97.501 E589.69607
G1 X121.643 Y96.381 E589.74867
G1 X121.219 Y95.355 E589.80036
G1 X120.531 Y94.46 E589.85293
G1 X119.645 Y93.777 E589.90502
G1 X118.615 Y93.353 E589.95688
G1 X117.499 Y93.207 E590.00929
G1 X116.381 Y93.353 E590.06179
G1 X115.356 Y93.776 E590.11342
G1 X114.464 Y94.464 E590.16588
G1 X113.777 Y95.356 E590.21831
G1 X113.353 Y96.381 E590.26996
G1 X113.206 Y97.501 E590.32256
G1 X113.353 Y98.615 E590.37488
G1 X113.777 Y99.645 E590.42674
G1 X114.46 Y100.531 E590.47883
G1 X115.355 Y101.219 E590.5314
G1 X116.381 Y101.643 E590.58309
G1 X117.499 Y101.79 E590.6356
G0 F9000 X117.499 Y102.194
;TYPE:WALL-OUTER
G1 F1131.3 X118.719 Y102.033 E590.6929
G1 X119.843 Y101.569 E590.74952
G1 X120.821 Y100.821 E590.80686
G1 X121.569 Y99.843 E590.86419
G1 X122.033 Y98.719 E590.92081
G1 X122.193 Y97.501 E590.97801
G1 X122.033 Y96.277 E591.03549
G1 X121.569 Y95.153 E591.09211
G1 X120.817 Y94.175 E591.14956
G1 X119.847 Y93.427 E591.2066
G1 X118.719 Y92.963 E591.26339
G1 X117.499 Y92.803 E591.32069
G1 X116.277 Y92.963 E591.37807
G1 X115.154 Y93.427 E591.43465
G1 X114.179 Y94.179 E591.49199
G1 X113.427 Y95.154 E591.54932
G1 X112.963 Y96.277 E591.6059
G1 X112.802 Y97.501 E591.66339
G1 X112.963 Y98.719 E591.7206
G1 X113.427 Y99.847 E591.77739
G1 X114.175 Y100.817 E591.83443
G1 X115.153 Y101.569 E591.89187
G1 X116.277 Y102.033 E591.9485
G1 X117.499 Y102.194 E592.00589
G0 F9000 X117.5 Y101.483
G0 X115.343 Y100.776
;TYPE:FILL
G1 F1131.3 X115.297 Y100.822 E592.00892
G1 X114.657 Y100.33 E592.04651
G1 X114.176 Y99.705 E592.08323
G1 X114.224 Y99.657 E592.08639
G1 X114.672 Y99.656 E592.10725
G1 X116.11 Y98.218 E592.20195
G1 X116.11 Y96.782 E592.26881
G1 X114.672 Y95.344 E592.36351
G1 X114.224 Y95.343 E592.38437
G1 X114.176 Y95.295 E592.38753
G1 X114.663 Y94.663 E592.42468
G1 X115.295 Y94.176 E592.46183
G1 X115.343 Y94.224 E592.465
G1 X115.344 Y94.672 E592.48586
G1 X116.782 Y96.11 E592.58055
G1 X118.218 Y96.11 E592.64742
G1 X119.656 Y94.672 E592.74211
G1 X119.657 Y94.224 E592.76297
G1 X119.705 Y94.176 E592.76613
G1 X120.33 Y94.657 E592.80286
G1 X120.822 Y95.297 E592.84045
G1 X120.776 Y95.343 E592.84348
G1 X120.328 Y95.344 E592.86434
G1 X118.89 Y96.782 E592.95903
G1 X118.89 Y98.218 E593.0259
G1 X120.328 Y99.656 E593.12059
G1 X120.776 Y99.657 E593.14145
G1 X120.821 Y99.702 E593.14442
G1 X120.336 Y100.336 E593.18158
G1 X119.702 Y100.821 E593.21875
G1 X119.657 Y100.776 E593.22172
G1 X119.656 Y100.328 E593.24258
G1 X118.218 Y98.89 E593.33727
G1 X116.782 Y98.89 E593.40414
G1 X115.344 Y100.328 E593.49883
G1 X115.343 Y100.776 E593.51969
G0 F9000 X115.504 Y100.567
G1 F1500 E587.01969
;MESH:yc1hingeDubel.stl
G0 F9000 X116.346 Y101.815
G0 X116.204 Y102.9
G0 X117.357 Y111.95
G0 X117.5 Y113.033
G0 X117.5 Y121.483
G0 X117.499 Y121.79
;TYPE:WALL-INNER
G1 F1500 E593.51969
G1 F1131.3 X118.615 Y121.643 E593.57211
G1 X119.642 Y121.219 E593.62385
G1 X120.535 Y120.535 E593.67622
G1 X121.219 Y119.642 E593.7286
G1 X121.643 Y118.615 E593.78034
G1 X121.789 Y117.501 E593.83265
G1 X121.643 Y116.381 E593.88525
G1 X121.219 Y115.355 E593.93694
G1 X120.531 Y114.46 E593.98951
G1 X119.645 Y113.777 E594.0416
G1 X118.615 Y113.353 E594.09346
G1 X117.499 Y113.207 E594.14587
G1 X116.381 Y113.353 E594.19837
G1 X115.356 Y113.776 E594.25001
G1 X114.464 Y114.464 E594.30246
G1 X113.777 Y115.356 E594.35489
G1 X113.353 Y116.381 E594.40654
G1 X113.206 Y117.501 E594.45914
G1 X113.353 Y118.615 E594.51146
G1 X113.777 Y119.645 E594.56332
G1 X114.46 Y120.531 E594.61542
G1 X115.355 Y121.219 E594.66798
G1 X116.381 Y121.643 E594.71968
G1 X117.499 Y121.79 E594.77218
G0 F9000 X117.499 Y122.194
;TYPE:WALL-OUTER
G1 F1131.3 X118.719 Y122.033 E594.82948
G1 X119.843 Y121.569 E594.88611
G1 X120.821 Y120.821 E594.94344
G1 X121.569 Y119.843 E595.00077
G1 X122.033 Y118.719 E595.05739
G1 X122.193 Y117.501 E595.11459
G1 X122.033 Y116.277 E595.17207
G1 X121.569 Y115.153 E595.2287
G1 X120.817 Y114.175 E595.28614
G1 X119.847 Y113.427 E595.34318
G1 X118.719 Y112.963 E595.39997
G1 X117.499 Y112.803 E595.45727
G1 X116.277 Y112.963 E595.51466
G1 X115.154 Y113.427 E595.57123
G1 X114.179 Y114.179 E595.62857
G1 X113.427 Y115.154 E595.68591
G1 X112.963 Y116.277 E595.74248
G1 X112.802 Y117.501 E595.79997
G1 X112.963 Y118.719 E595.85718
G1 X113.427 Y119.847 E595.91397
G1 X114.175 Y120.817 E595.97101
G1 X115.153 Y121.569 E596.02846
G1 X116.277 Y122.033 E596.08508
G1 X117.499 Y122.194 E596.14247
G0 F9000 X117.5 Y121.483
G0 X115.343 Y120.776
;TYPE:FILL
G1 F1131.3 X115.297 Y120.822 E596.1455
G1 X114.657 Y120.33 E596.18309
G1 X114.176 Y119.705 E596.21981
G1 X114.224 Y119.657 E596.22297
G1 X114.672 Y119.656 E596.24383
G1 X116.11 Y118.218 E596.33853
G1 X116.11 Y116.782 E596.4054
G1 X114.672 Y115.344 E596.50009
G1 X114.224 Y115.343 E596.52095
G1 X114.176 Y115.295 E596.52411
G1 X114.663 Y114.663 E596.56126
G1 X115.295 Y114.176 E596.59842
G1 X115.343 Y114.224 E596.60158
G1 X115.344 Y114.672 E596.62244
G1 X116.782 Y116.11 E596.71713
G1 X118.218 Y116.11 E596.784
G1 X119.656 Y114.672 E596.87869
G1 X119.657 Y114.224 E596.89955
G1 X119.705 Y114.176 E596.90272
G1 X120.33 Y114.657 E596.93944
G1 X120.822 Y115.297 E596.97703
G1 X120.776 Y115.343 E596.98006
G1 X120.328 Y115.344 E597.00092
G1 X118.89 Y116.782 E597.09561
G1 X118.89 Y118.218 E597.16248
G1 X120.328 Y119.656 E597.25717
G1 X120.776 Y119.657 E597.27803
G1 X120.821 Y119.702 E597.281
G1 X120.336 Y120.336 E597.31817
G1 X119.702 Y120.821 E597.35534
G1 X119.657 Y120.776 E597.3583
G1 X119.656 Y120.328 E597.37916
G1 X118.218 Y118.89 E597.47386
G1 X116.782 Y118.89 E597.54072
G1 X115.344 Y120.328 E597.63542
G1 X115.343 Y120.776 E597.65628
G0 F9000 X115.504 Y120.567
G1 F1500 E591.15628
;MESH:NONMESH
G0 F300 X115.504 Y120.567 Z17.92
G0 F9000 X117.5 Y113.033
G0 X117.357 Y111.95
G0 X117.358 Y103.051
G0 X117.5 Y101.967
G0 X117.5 Y101.483
G0 X117.499 Y101.79
;TIME_ELAPSED:869.903823
;LAYER:63
;note -- min layer time used
;TYPE:WALL-INNER
;MESH:yc1hingeDubel.stl(1)
G1 F1500 E597.65628
G1 F1149.5 X118.615 Y101.643 E597.70869
G1 X119.642 Y101.219 E597.76043
G1 X120.535 Y100.535 E597.81281
G1 X121.219 Y99.642 E597.86518
G1 X121.643 Y98.615 E597.91692
G1 X121.789 Y97.501 E597.96924
G1 X121.643 Y96.381 E598.02183
G1 X121.219 Y95.355 E598.07352
G1 X120.531 Y94.46 E598.12609
G1 X119.645 Y93.777 E598.17818
G1 X118.615 Y93.353 E598.23005
G1 X117.499 Y93.207 E598.28245
G1 X116.381 Y93.353 E598.33496
G1 X115.356 Y93.776 E598.38659
G1 X114.464 Y94.464 E598.43904
G1 X113.777 Y95.356 E598.49147
G1 X113.353 Y96.381 E598.54312
G1 X113.206 Y97.501 E598.59572
G1 X113.353 Y98.615 E598.64804
G1 X113.777 Y99.645 E598.69991
G1 X114.46 Y100.531 E598.752
G1 X115.355 Y101.219 E598.80456
G1 X116.381 Y101.643 E598.85626
G1 X117.499 Y101.79 E598.90876
G0 F9000 X117.499 Y102.194
;TYPE:WALL-OUTER
G1 F1149.5 X118.719 Y102.033 E598.96606
G1 X119.843 Y101.569 E599.02269
G1 X120.821 Y100.821 E599.08002
G1 X121.569 Y99.843 E599.13735
G1 X122.033 Y98.719 E599.19397
G1 X122.193 Y97.501 E599.25118
G1 X122.033 Y96.277 E599.30866
G1 X121.569 Y95.153 E599.36528
G1 X120.817 Y94.175 E599.42272
G1 X119.847 Y93.427 E599.47976
G1 X118.719 Y92.963 E599.53656
G1 X117.499 Y92.803 E599.59385
G1 X116.277 Y92.963 E599.65124
G1 X115.154 Y93.427 E599.70782
G1 X114.179 Y94.179 E599.76515
G1 X113.427 Y95.154 E599.82249
G1 X112.963 Y96.277 E599.87907
G1 X112.802 Y97.501 E599.93655
G1 X112.963 Y98.719 E599.99376
G1 X113.427 Y99.847 E600.05055
G1 X114.175 Y100.817 E600.10759
G1 X115.153 Y101.569 E600.16504
G1 X116.277 Y102.033 E600.22166
G1 X117.499 Y102.194 E600.27905
G0 F9000 X117.5 Y101.483
G0 X115.623 Y100.962
;TYPE:FILL
G1 F1149.5 X115.561 Y101.024 E600.28314
G1 X114.657 Y100.33 E600.3362
G1 X113.973 Y99.442 E600.3884
G1 X114.038 Y99.377 E600.39268
G1 X114.672 Y99.376 E600.4222
G1 X115.923 Y98.125 E600.50458
G1 X115.923 Y96.875 E600.56279
G1 X114.672 Y95.624 E600.64517
G1 X114.038 Y95.623 E600.67469
G1 X113.973 Y95.558 E600.67897
G1 X114.663 Y94.663 E600.73159
G1 X115.558 Y93.973 E600.78421
G1 X115.623 Y94.038 E600.78849
G1 X115.624 Y94.672 E600.81801
G1 X116.875 Y95.923 E600.90039
G1 X118.125 Y95.923 E600.9586
G1 X119.376 Y94.672 E601.04098
G1 X119.377 Y94.038 E601.0705
G1 X119.442 Y93.973 E601.07478
G1 X120.33 Y94.657 E601.12698
G1 X121.025 Y95.56 E601.18004
G1 X120.962 Y95.623 E601.18418
G1 X120.328 Y95.624 E601.21371
G1 X119.077 Y96.875 E601.29609
G1 X119.077 Y98.125 E601.35429
G1 X120.328 Y99.376 E601.43667
G1 X120.962 Y99.377 E601.46619
G1 X121.023 Y99.438 E601.47021
G1 X120.336 Y100.336 E601.52286
G1 X119.438 Y101.023 E601.57551
G1 X119.377 Y100.962 E601.57952
G1 X119.376 Y100.328 E601.60904
G1 X118.125 Y99.077 E601.69143
G1 X116.875 Y99.077 E601.74963
G1 X115.624 Y100.328 E601.83201
G1 X115.623 Y100.962 E601.86153
G0 F9000 X115.727 Y100.715
G1 F1500 E595.36153
;MESH:yc1hingeDubel.stl
G0 F9000 X116.346 Y101.815
G0 X116.204 Y102.9
G0 X117.357 Y111.95
G0 X117.5 Y113.033
G0 X117.5 Y121.483
G0 X117.499 Y121.79
;TYPE:WALL-INNER
G1 F1500 E601.86153
G1 F1149.5 X118.615 Y121.643 E601.91395
G1 X119.642 Y121.219 E601.96568
G1 X120.535 Y120.535 E602.01806
G1 X121.219 Y119.642 E602.07044
G1 X121.643 Y118.615 E602.12218
G1 X121.789 Y117.501 E602.17449
G1 X121.643 Y116.381 E602.22709
G1 X121.219 Y115.355 E602.27878
G1 X120.531 Y114.46 E602.33135
G1 X119.645 Y113.777 E602.38344
G1 X118.615 Y113.353 E602.4353
G1 X117.499 Y113.207 E602.48771
G1 X116.381 Y113.353 E602.54021
G1 X115.356 Y113.776 E602.59184
G1 X114.464 Y114.464 E602.6443
G1 X113.777 Y115.356 E602.69673
G1 X113.353 Y116.381 E602.74838
G1 X113.206 Y117.501 E602.80097
G1 X113.353 Y118.615 E602.8533
G1 X113.777 Y119.645 E602.90516
G1 X114.46 Y120.531 E602.95725
G1 X115.355 Y121.219 E603.00982
G1 X116.381 Y121.643 E603.06151
G1 X117.499 Y121.79 E603.11402
G0 F9000 X117.499 Y122.194
;TYPE:WALL-OUTER
G1 F1149.5 X118.719 Y122.033 E603.17132
G1 X119.843 Y121.569 E603.22794
G1 X120.821 Y120.821 E603.28528
G1 X121.569 Y119.843 E603.34261
G1 X122.033 Y118.719 E603.39923
G1 X122.193 Y117.501 E603.45643
G1 X122.033 Y116.277 E603.51391
G1 X121.569 Y115.153 E603.57053
G1 X120.817 Y114.175 E603.62798
G1 X119.847 Y113.427 E603.68502
G1 X118.719 Y112.963 E603.74181
G1 X117.499 Y112.803 E603.79911
G1 X116.277 Y112.963 E603.85649
G1 X115.154 Y113.427 E603.91307
G1 X114.179 Y114.179 E603.97041
G1 X113.427 Y115.154 E604.02774
G1 X112.963 Y116.277 E604.08432
G1 X112.802 Y117.501 E604.14181
G1 X112.963 Y118.719 E604.19902
G1 X113.427 Y119.847 E604.25581
G1 X114.175 Y120.817 E604.31285
G1 X115.153 Y121.569 E604.37029
G1 X116.277 Y122.033 E604.42692
G1 X117.499 Y122.194 E604.48431
G0 F9000 X117.5 Y121.483
G0 X115.623 Y120.962
;TYPE:FILL
G1 F1149.5 X115.561 Y121.024 E604.48839
G1 X114.657 Y120.33 E604.54146
G1 X113.973 Y119.442 E604.59365
G1 X114.038 Y119.377 E604.59793
G1 X114.672 Y119.376 E604.62746
G1 X115.923 Y118.125 E604.70984
G1 X115.923 Y116.875 E604.76804
G1 X114.672 Y115.624 E604.85042
G1 X114.038 Y115.623 E604.87994
G1 X113.973 Y115.558 E604.88422
G1 X114.663 Y114.663 E604.93685
G1 X115.558 Y113.973 E604.98947
G1 X115.623 Y114.038 E604.99375
G1 X115.624 Y114.672 E605.02327
G1 X116.875 Y115.923 E605.10565
G1 X118.125 Y115.923 E605.16386
G1 X119.376 Y114.672 E605.24624
G1 X119.377 Y114.038 E605.27576
G1 X119.442 Y113.973 E605.28004
G1 X120.33 Y114.657 E605.33223
G1 X121.025 Y115.56 E605.38529
G1 X120.962 Y115.623 E605.38944
G1 X120.328 Y115.624 E605.41896
G1 X119.077 Y116.875 E605.50134
G1 X119.077 Y118.125 E605.55955
G1 X120.328 Y119.376 E605.64193
G1 X120.962 Y119.377 E605.67145
G1 X121.023 Y119.438 E605.67547
G1 X120.336 Y120.336 E605.72811
G1 X119.438 Y121.023 E605.78076
G1 X119.377 Y120.962 E605.78478
G1 X119.376 Y120.328 E605.8143
G1 X118.125 Y119.077 E605.89668
G1 X116.875 Y119.077 E605.95489
G1 X115.624 Y120.328 E606.03727
G1 X115.623 Y120.962 E606.06679
G0 F9000 X115.727 Y120.715
G1 F1500 E599.56679
;MESH:NONMESH
G0 F300 X115.727 Y120.715 Z18.2
G0 F9000 X117.5 Y113.033
G0 X117.357 Y111.95
G0 X117.358 Y103.051
G0 X117.5 Y101.967
G0 X117.5 Y101.483
G0 X117.499 Y101.79
;TIME_ELAPSED:882.426465
;LAYER:64
;note -- min layer time used
;TYPE:WALL-INNER
;MESH:yc1hingeDubel.stl(1)
G1 F1500 E606.06679
G1 F1159.3 X118.615 Y101.643 E606.1192
G1 X119.642 Y101.219 E606.17094
G1 X120.535 Y100.535 E606.22332
G1 X121.219 Y99.642 E606.2757
G1 X121.643 Y98.615 E606.32743
G1 X121.789 Y97.501 E606.37975
G1 X121.643 Y96.381 E606.43234
G1 X121.219 Y95.355 E606.48404
G1 X120.531 Y94.46 E606.5366
G1 X119.645 Y93.777 E606.58869
G1 X118.615 Y93.353 E606.64056
G1 X117.499 Y93.207 E606.69297
G1 X116.381 Y93.353 E606.74547
G1 X115.356 Y93.776 E606.7971
G1 X114.464 Y94.464 E606.84955
G1 X113.777 Y95.356 E606.90198
G1 X113.353 Y96.381 E606.95363
G1 X113.206 Y97.501 E607.00623
G1 X113.353 Y98.615 E607.05855
G1 X113.777 Y99.645 E607.11042
G1 X114.46 Y100.531 E607.16251
G1 X115.355 Y101.219 E607.21508
G1 X116.381 Y101.643 E607.26677
G1 X117.499 Y101.79 E607.31928
G0 F9000 X117.499 Y102.194
;TYPE:WALL-OUTER
G1 F1159.3 X118.719 Y102.033 E607.37658
G1 X119.843 Y101.569 E607.4332
G1 X120.821 Y100.821 E607.49053
G1 X121.569 Y99.843 E607.54786
G1 X122.033 Y98.719 E607.60449
G1 X122.193 Y97.501 E607.66169
G1 X122.033 Y96.277 E607.71917
G1 X121.569 Y95.153 E607.77579
G1 X120.817 Y94.175 E607.83324
G1 X119.847 Y93.427 E607.89027
G1 X118.719 Y92.963 E607.94707
G1 X117.499 Y92.803 E608.00436
G1 X116.277 Y92.963 E608.06175
G1 X115.154 Y93.427 E608.11833
G1 X114.179 Y94.179 E608.17566
G1 X113.427 Y95.154 E608.233
G1 X112.963 Y96.277 E608.28958
G1 X112.802 Y97.501 E608.34706
G1 X112.963 Y98.719 E608.40427
G1 X113.427 Y99.847 E608.46107
G1 X114.175 Y100.817 E608.5181
G1 X115.153 Y101.569 E608.57555
G1 X116.277 Y102.033 E608.63217
G1 X117.499 Y102.194 E608.68957
G0 F9000 X117.5 Y101.483
G0 X115.914 Y101.118
G0 X115.903 Y101.143
;TYPE:FILL
G1 F1159.3 X115.497 Y100.975 E608.71002
G1 X114.657 Y100.33 E608.75934
G1 X114.022 Y99.506 E608.80778
G1 X113.854 Y99.097 E608.82837
G1 X114.672 Y99.096 E608.86646
G1 X115.737 Y98.031 E608.93659
G1 X115.737 Y96.969 E608.98604
G1 X114.672 Y95.904 E609.05617
G1 X113.853 Y95.903 E609.09431
G1 X114.021 Y95.496 E609.11481
G1 X114.663 Y94.663 E609.16378
G1 X115.496 Y94.021 E609.21275
G1 X115.903 Y93.853 E609.23326
G1 X115.904 Y94.672 E609.27139
G1 X116.969 Y95.737 E609.34153
G1 X118.031 Y95.737 E609.39098
G1 X119.096 Y94.672 E609.46111
G1 X119.097 Y93.854 E609.4992
G1 X119.506 Y94.022 E609.51979
G1 X120.33 Y94.657 E609.56823
G1 X120.976 Y95.497 E609.61757
G1 X121.143 Y95.903 E609.63801
G1 X120.328 Y95.904 E609.67596
G1 X119.263 Y96.969 E609.74609
G1 X119.263 Y98.031 E609.79554
G1 X120.328 Y99.096 E609.86568
G1 X121.141 Y99.097 E609.90353
G1 X120.974 Y99.501 E609.92389
G1 X120.336 Y100.336 E609.97282
G1 X119.501 Y100.974 E610.02175
G1 X119.097 Y101.141 E610.04211
G1 X119.096 Y100.328 E610.07997
G1 X118.031 Y99.263 E610.1501
G1 X116.969 Y99.263 E610.19955
G1 X115.904 Y100.328 E610.26968
G1 X115.903 Y101.143 E610.30763
G0 F9000 X116.03 Y100.841
G1 F1500 E603.80763
;MESH:yc1hingeDubel.stl
G0 F9000 X117.5 Y101.967
G0 X117.643 Y103.05
G0 X117.642 Y111.949
G0 X117.5 Y113.033
G0 X117.5 Y121.483
G0 X117.499 Y121.79
;TYPE:WALL-INNER
G1 F1500 E610.30763
G1 F1159.3 X118.615 Y121.643 E610.36004
G1 X119.642 Y121.219 E610.41178
G1 X120.535 Y120.535 E610.46416
G1 X121.219 Y119.642 E610.51654
G1 X121.643 Y118.615 E610.56827
G1 X121.789 Y117.501 E610.62059
G1 X121.643 Y116.381 E610.67318
G1 X121.219 Y115.355 E610.72488
G1 X120.531 Y114.46 E610.77744
G1 X119.645 Y113.777 E610.82953
G1 X118.615 Y113.353 E610.8814
G1 X117.499 Y113.207 E610.93381
G1 X116.381 Y113.353 E610.98631
G1 X115.356 Y113.776 E611.03794
G1 X114.464 Y114.464 E611.0904
G1 X113.777 Y115.356 E611.14282
G1 X113.353 Y116.381 E611.19447
G1 X113.206 Y117.501 E611.24707
G1 X113.353 Y118.615 E611.29939
G1 X113.777 Y119.645 E611.35126
G1 X114.46 Y120.531 E611.40335
G1 X115.355 Y121.219 E611.45592
G1 X116.381 Y121.643 E611.50761
G1 X117.499 Y121.79 E611.56012
G0 F9000 X117.499 Y122.194
;TYPE:WALL-OUTER
G1 F1159.3 X118.719 Y122.033 E611.61742
G1 X119.843 Y121.569 E611.67404
G1 X120.821 Y120.821 E611.73137
G1 X121.569 Y119.843 E611.78871
G1 X122.033 Y118.719 E611.84533
G1 X122.193 Y117.501 E611.90253
G1 X122.033 Y116.277 E611.96001
G1 X121.569 Y115.153 E612.01663
G1 X120.817 Y114.175 E612.07408
G1 X119.847 Y113.427 E612.13111
G1 X118.719 Y112.963 E612.18791
G1 X117.499 Y112.803 E612.2452
G1 X116.277 Y112.963 E612.30259
G1 X115.154 Y113.427 E612.35917
G1 X114.179 Y114.179 E612.41651
G1 X113.427 Y115.154 E612.47384
G1 X112.963 Y116.277 E612.53042
G1 X112.802 Y117.501 E612.58791
G1 X112.963 Y118.719 E612.64511
G1 X113.427 Y119.847 E612.70191
G1 X114.175 Y120.817 E612.75895
G1 X115.153 Y121.569 E612.81639
G1 X116.277 Y122.033 E612.87301
G1 X117.499 Y122.194 E612.93041
G0 F9000 X117.5 Y121.483
G0 X115.914 Y121.118
G0 X115.903 Y121.143
;TYPE:FILL
G1 F1159.3 X115.497 Y120.975 E612.95087
G1 X114.657 Y120.33 E613.00018
G1 X114.022 Y119.506 E613.04862
G1 X113.854 Y119.097 E613.06921
G1 X114.672 Y119.096 E613.1073
G1 X115.737 Y118.031 E613.17743
G1 X115.737 Y116.969 E613.22688
G1 X114.672 Y115.904 E613.29701
G1 X113.853 Y115.903 E613.33515
G1 X114.021 Y115.496 E613.35565
G1 X114.663 Y114.663 E613.40462
G1 X115.496 Y114.021 E613.4536
G1 X115.903 Y113.853 E613.4741
G1 X115.904 Y114.672 E613.51223
G1 X116.969 Y115.737 E613.58237
G1 X118.031 Y115.737 E613.63182
G1 X119.096 Y114.672 E613.70195
G1 X119.097 Y113.854 E613.74004
G1 X119.506 Y114.022 E613.76063
G1 X120.33 Y114.657 E613.80907
G1 X120.976 Y115.497 E613.85841
G1 X121.143 Y115.903 E613.87885
G1 X120.328 Y115.904 E613.9168
G1 X119.263 Y116.969 E613.98694
G1 X119.263 Y118.031 E614.03639
G1 X120.328 Y119.096 E614.10652
G1 X121.141 Y119.097 E614.14438
G1 X120.974 Y119.501 E614.16473
G1 X120.336 Y120.336 E614.21366
G1 X119.501 Y120.974 E614.26259
G1 X119.097 Y121.141 E614.28295
G1 X119.096 Y120.328 E614.32081
G1 X118.031 Y119.263 E614.39094
G1 X116.969 Y119.263 E614.44039
G1 X115.904 Y120.328 E614.51052
G1 X115.903 Y121.143 E614.54847
G0 F9000 X116.03 Y120.841
G1 F1500 E608.04847
;MESH:NONMESH
G0 F300 X116.03 Y120.841 Z18.48
G0 F9000 X117.5 Y113.033
G0 X117.357 Y111.95
G0 X117.358 Y103.051
G0 X117.5 Y101.967
G0 X117.5 Y101.483
G0 X117.499 Y101.79
;TIME_ELAPSED:895.021827
;LAYER:65
;note -- min layer time used
;TYPE:WALL-INNER
;MESH:yc1hingeDubel.stl(1)
G1 F1500 E614.54847
G1 F1164.9 X118.615 Y101.643 E614.60089
G1 X119.642 Y101.219 E614.65262
G1 X120.535 Y100.535 E614.705
G1 X121.219 Y99.642 E614.75738
G1 X121.643 Y98.615 E614.80912
G1 X121.789 Y97.501 E614.86143
G1 X121.643 Y96.381 E614.91403
G1 X121.219 Y95.355 E614.96572
G1 X120.531 Y94.46 E615.01828
G1 X119.645 Y93.777 E615.07038
G1 X118.615 Y93.353 E615.12224
G1 X117.499 Y93.207 E615.17465
G1 X116.381 Y93.353 E615.22715
G1 X115.356 Y93.776 E615.27878
G1 X114.464 Y94.464 E615.33124
G1 X113.777 Y95.356 E615.38366
G1 X113.353 Y96.381 E615.43531
G1 X113.206 Y97.501 E615.48791
G1 X113.353 Y98.615 E615.54024
G1 X113.777 Y99.645 E615.5921
G1 X114.46 Y100.531 E615.64419
G1 X115.355 Y101.219 E615.69676
G1 X116.381 Y101.643 E615.74845
G1 X117.499 Y101.79 E615.80096
G0 F9000 X117.499 Y102.194
;TYPE:WALL-OUTER
G1 F1164.9 X118.719 Y102.033 E615.85826
G1 X119.843 Y101.569 E615.91488
G1 X120.821 Y100.821 E615.97221
G1 X121.569 Y99.843 E616.02955
G1 X122.033 Y98.719 E616.08617
G1 X122.193 Y97.501 E616.14337
G1 X122.033 Y96.277 E616.20085
G1 X121.569 Y95.153 E616.25747
G1 X120.817 Y94.175 E616.31492
G1 X119.847 Y93.427 E616.37196
G1 X118.719 Y92.963 E616.42875
G1 X117.499 Y92.803 E616.48605
G1 X116.277 Y92.963 E616.54343
G1 X115.154 Y93.427 E616.60001
G1 X114.179 Y94.179 E616.65735
G1 X113.427 Y95.154 E616.71468
G1 X112.963 Y96.277 E616.77126
G1 X112.802 Y97.501 E616.82875
G1 X112.963 Y98.719 E616.88596
G1 X113.427 Y99.847 E616.94275
G1 X114.175 Y100.817 E616.99979
G1 X115.153 Y101.569 E617.05723
G1 X116.277 Y102.033 E617.11386
G1 X117.499 Y102.194 E617.17125
G0 F9000 X117.5 Y101.483
G0 X116.194 Y101.234
G0 X116.183 Y101.259
;TYPE:FILL
G1 F1164.9 X115.497 Y100.975 E617.20582
G1 X114.657 Y100.33 E617.25514
G1 X114.022 Y99.506 E617.30358
G1 X113.739 Y98.817 E617.33826
G1 X114.672 Y98.816 E617.3817
G1 X115.55 Y97.938 E617.43952
G1 X115.55 Y97.062 E617.48031
G1 X114.672 Y96.184 E617.53813
G1 X113.737 Y96.183 E617.58167
G1 X114.021 Y95.496 E617.61628
G1 X114.663 Y94.663 E617.66525
G1 X115.496 Y94.021 E617.71422
G1 X116.183 Y93.737 E617.74884
G1 X116.184 Y94.672 E617.79238
G1 X117.062 Y95.55 E617.85019
G1 X117.938 Y95.55 E617.89099
G1 X118.816 Y94.672 E617.9488
G1 X118.817 Y93.739 E617.99225
G1 X119.506 Y94.022 E618.02693
G1 X120.33 Y94.657 E618.07537
G1 X120.976 Y95.497 E618.12471
G1 X121.259 Y96.183 E618.15927
G1 X120.328 Y96.184 E618.20262
G1 X119.45 Y97.062 E618.26044
G1 X119.45 Y97.938 E618.30123
G1 X120.328 Y98.816 E618.35905
G1 X121.257 Y98.817 E618.4023
G1 X120.974 Y99.501 E618.43677
G1 X120.336 Y100.336 E618.4857
G1 X119.501 Y100.974 E618.53464
G1 X118.817 Y101.257 E618.5691
G1 X118.816 Y100.328 E618.61236
G1 X117.938 Y99.45 E618.67018
G1 X117.062 Y99.45 E618.71097
G1 X116.184 Y100.328 E618.76879
G1 X116.183 Y101.259 E618.81214
G0 F9000 X116.31 Y100.957
G1 F1500 E612.31214
;MESH:yc1hingeDubel.stl
G0 F9000 X117.5 Y101.967
G0 X117.643 Y103.05
G0 X117.642 Y111.949
G0 X117.5 Y113.033
G0 X117.5 Y121.483
G0 X117.499 Y121.79
;TYPE:WALL-INNER
G1 F1500 E618.81214
G1 F1164.9 X118.615 Y121.643 E618.86455
G1 X119.642 Y121.219 E618.91629
G1 X120.535 Y120.535 E618.96867
G1 X121.219 Y119.642 E619.02105
G1 X121.643 Y118.615 E619.07278
G1 X121.789 Y117.501 E619.1251
G1 X121.643 Y116.381 E619.17769
G1 X121.219 Y115.355 E619.22939
G1 X120.531 Y114.46 E619.28195
G1 X119.645 Y113.777 E619.33404
G1 X118.615 Y113.353 E619.38591
G1 X117.499 Y113.207 E619.43832
G1 X116.381 Y113.353 E619.49082
G1 X115.356 Y113.776 E619.54245
G1 X114.464 Y114.464 E619.59491
G1 X113.777 Y115.356 E619.64733
G1 X113.353 Y116.381 E619.69898
G1 X113.206 Y117.501 E619.75158
G1 X113.353 Y118.615 E619.8039
G1 X113.777 Y119.645 E619.85577
G1 X114.46 Y120.531 E619.90786
G1 X115.355 Y121.219 E619.96043
G1 X116.381 Y121.643 E620.01212
G1 X117.499 Y121.79 E620.06463
G0 F9000 X117.499 Y122.194
;TYPE:WALL-OUTER
G1 F1164.9 X118.719 Y122.033 E620.12193
G1 X119.843 Y121.569 E620.17855
G1 X120.821 Y120.821 E620.23588
G1 X121.569 Y119.843 E620.29321
G1 X122.033 Y118.719 E620.34984
G1 X122.193 Y117.501 E620.40704
G1 X122.033 Y116.277 E620.46452
G1 X121.569 Y115.153 E620.52114
G1 X120.817 Y114.175 E620.57859
G1 X119.847 Y113.427 E620.63562
G1 X118.719 Y112.963 E620.69242
G1 X117.499 Y112.803 E620.74971
G1 X116.277 Y112.963 E620.8071
G1 X115.154 Y113.427 E620.86368
G1 X114.179 Y114.179 E620.92101
G1 X113.427 Y115.154 E620.97835
G1 X112.963 Y116.277 E621.03493
G1 X112.802 Y117.501 E621.09241
G1 X112.963 Y118.719 E621.14962
G1 X113.427 Y119.847 E621.20642
G1 X114.175 Y120.817 E621.26345
G1 X115.153 Y121.569 E621.3209
G1 X116.277 Y122.033 E621.37752
G1 X117.499 Y122.194 E621.43492
G0 F9000 X117.5 Y121.483
G0 X116.194 Y121.234
G0 X116.183 Y121.259
;TYPE:FILL
G1 F1164.9 X115.497 Y120.975 E621.46949
G1 X114.657 Y120.33 E621.5188
G1 X114.022 Y119.506 E621.56724
G1 X113.739 Y118.817 E621.60193
G1 X114.672 Y118.816 E621.64537
G1 X115.55 Y117.938 E621.70319
G1 X115.55 Y117.062 E621.74398
G1 X114.672 Y116.184 E621.8018
G1 X113.737 Y116.183 E621.84533
G1 X114.021 Y115.496 E621.87995
G1 X114.663 Y114.663 E621.92892
G1 X115.496 Y114.021 E621.97789
G1 X116.183 Y113.737 E622.01251
G1 X116.184 Y114.672 E622.05604
G1 X117.062 Y115.55 E622.11386
G1 X117.938 Y115.55 E622.15465
G1 X118.816 Y114.672 E622.21247
G1 X118.817 Y113.739 E622.25591
G1 X119.506 Y114.022 E622.2906
G1 X120.33 Y114.657 E622.33904
G1 X120.976 Y115.497 E622.38838
G1 X121.259 Y116.183 E622.42294
G1 X120.328 Y116.184 E622.46629
G1 X119.45 Y117.062 E622.5241
G1 X119.45 Y117.938 E622.56489
G1 X120.328 Y118.816 E622.62271
G1 X121.257 Y118.817 E622.66597
G1 X120.974 Y119.501 E622.70044
G1 X120.336 Y120.336 E622.74937
G1 X119.501 Y120.974 E622.7983
G1 X118.817 Y121.257 E622.83277
G1 X118.816 Y120.328 E622.87603
G1 X117.938 Y119.45 E622.93385
G1 X117.062 Y119.45 E622.97464
G1 X116.184 Y120.328 E623.03245
G1 X116.183 Y121.259 E623.07581
G0 F9000 X116.31 Y120.957
G1 F1500 E616.57581
;MESH:NONMESH
G0 F300 X116.31 Y120.957 Z18.76
G0 F9000 X117.5 Y113.033
G0 X117.357 Y111.95
G0 X117.358 Y103.051
G0 X117.5 Y101.967
G0 X117.5 Y101.483
G0 X117.499 Y101.79
;TIME_ELAPSED:907.589023
;LAYER:66
;note -- min layer time used
;TYPE:WALL-INNER
;MESH:yc1hingeDubel.stl(1)
G1 F1500 E623.07581
G1 F1170.2 X118.615 Y101.643 E623.12822
G1 X119.642 Y101.219 E623.17996
G1 X120.535 Y100.535 E623.23234
G1 X121.219 Y99.642 E623.28471
G1 X121.643 Y98.615 E623.33645
G1 X121.789 Y97.501 E623.38877
G1 X121.643 Y96.381 E623.44136
G1 X121.219 Y95.355 E623.49305
G1 X120.531 Y94.46 E623.54562
G1 X119.645 Y93.777 E623.59771
G1 X118.615 Y93.353 E623.64958
G1 X117.499 Y93.207 E623.70198
G1 X116.381 Y93.353 E623.75448
G1 X115.356 Y93.776 E623.80612
G1 X114.464 Y94.464 E623.85857
G1 X113.777 Y95.356 E623.911
G1 X113.353 Y96.381 E623.96265
G1 X113.206 Y97.501 E624.01525
G1 X113.353 Y98.615 E624.06757
G1 X113.777 Y99.645 E624.11944
G1 X114.46 Y100.531 E624.17153
G1 X115.355 Y101.219 E624.22409
G1 X116.381 Y101.643 E624.27579
G1 X117.499 Y101.79 E624.32829
G0 F9000 X117.499 Y102.194
;TYPE:WALL-OUTER
G1 F1170.2 X118.719 Y102.033 E624.38559
G1 X119.843 Y101.569 E624.44222
G1 X120.821 Y100.821 E624.49955
G1 X121.569 Y99.843 E624.55688
G1 X122.033 Y98.719 E624.6135
G1 X122.193 Y97.501 E624.67071
G1 X122.033 Y96.277 E624.72819
G1 X121.569 Y95.153 E624.78481
G1 X120.817 Y94.175 E624.84225
G1 X119.847 Y93.427 E624.89929
G1 X118.719 Y92.963 E624.95608
G1 X117.499 Y92.803 E625.01338
G1 X116.277 Y92.963 E625.07077
G1 X115.154 Y93.427 E625.12735
G1 X114.179 Y94.179 E625.18468
G1 X113.427 Y95.154 E625.24202
G1 X112.963 Y96.277 E625.2986
G1 X112.802 Y97.501 E625.35608
G1 X112.963 Y98.719 E625.41329
G1 X113.427 Y99.847 E625.47008
G1 X114.175 Y100.817 E625.52712
G1 X115.153 Y101.569 E625.58457
G1 X116.277 Y102.033 E625.64119
G1 X117.499 Y102.194 E625.69858
G0 F9000 X117.5 Y101.483
G0 X116.473 Y101.349
G0 X116.463 Y101.372
;TYPE:FILL
G1 F1170.2 X115.497 Y100.975 E625.74721
G1 X114.657 Y100.33 E625.79653
G1 X114.022 Y99.506 E625.84497
G1 X113.624 Y98.537 E625.89375
G1 X114.672 Y98.536 E625.94255
G1 X115.363 Y97.845 E625.98805
G1 X115.363 Y97.155 E626.02018
G1 X114.672 Y96.464 E626.06568
G1 X113.624 Y96.463 E626.11448
G1 X114.021 Y95.496 E626.16316
G1 X114.663 Y94.663 E626.21213
G1 X115.496 Y94.021 E626.2611
G1 X116.463 Y93.624 E626.30977
G1 X116.464 Y94.672 E626.35857
G1 X117.155 Y95.363 E626.40408
G1 X117.845 Y95.363 E626.43621
G1 X118.536 Y94.672 E626.48171
G1 X118.537 Y93.624 E626.53051
G1 X119.506 Y94.022 E626.57929
G1 X120.33 Y94.657 E626.62773
G1 X120.976 Y95.497 E626.67707
G1 X121.372 Y96.463 E626.72568
G1 X120.328 Y96.464 E626.7743
G1 X119.637 Y97.155 E626.8198
G1 X119.637 Y97.845 E626.85193
G1 X120.328 Y98.536 E626.89743
G1 X121.372 Y98.537 E626.94605
G1 X120.974 Y99.501 E626.99461
G1 X120.336 Y100.336 E627.04354
G1 X119.501 Y100.974 E627.09247
G1 X118.537 Y101.372 E627.14104
G1 X118.536 Y100.328 E627.18965
G1 X117.845 Y99.637 E627.23515
G1 X117.155 Y99.637 E627.26728
G1 X116.464 Y100.328 E627.31278
G1 X116.463 Y101.372 E627.3614
G0 F9000 X116.59 Y101.061
G1 F1500 E620.8614
;MESH:yc1hingeDubel.stl
G0 F9000 X117.5 Y101.967
G0 X117.643 Y103.05
G0 X117.642 Y111.949
G0 X117.5 Y113.033
G0 X117.5 Y121.483
G0 X117.499 Y121.79
;TYPE:WALL-INNER
G1 F1500 E627.3614
G1 F1170.2 X118.615 Y121.643 E627.41381
G1 X119.642 Y121.219 E627.46555
G1 X120.535 Y120.535 E627.51793
G1 X121.219 Y119.642 E627.57031
G1 X121.643 Y118.615 E627.62204
G1 X121.789 Y117.501 E627.67436
G1 X121.643 Y116.381 E627.72695
G1 X121.219 Y115.355 E627.77864
G1 X120.531 Y114.46 E627.83121
G1 X119.645 Y113.777 E627.8833
G1 X118.615 Y113.353 E627.93517
G1 X117.499 Y113.207 E627.98758
G1 X116.381 Y113.353 E628.04008
G1 X115.356 Y113.776 E628.09171
G1 X114.464 Y114.464 E628.14416
G1 X113.777 Y115.356 E628.19659
G1 X113.353 Y116.381 E628.24824
G1 X113.206 Y117.501 E628.30084
G1 X113.353 Y118.615 E628.35316
G1 X113.777 Y119.645 E628.40503
G1 X114.46 Y120.531 E628.45712
G1 X115.355 Y121.219 E628.50968
G1 X116.381 Y121.643 E628.56138
G1 X117.499 Y121.79 E628.61389
G0 F9000 X117.499 Y122.194
;TYPE:WALL-OUTER
G1 F1170.2 X118.719 Y122.033 E628.67119
G1 X119.843 Y121.569 E628.72781
G1 X120.821 Y120.821 E628.78514
G1 X121.569 Y119.843 E628.84247
G1 X122.033 Y118.719 E628.8991
G1 X122.193 Y117.501 E628.9563
G1 X122.033 Y116.277 E629.01378
G1 X121.569 Y115.153 E629.0704
G1 X120.817 Y114.175 E629.12785
G1 X119.847 Y113.427 E629.18488
G1 X118.719 Y112.963 E629.24168
G1 X117.499 Y112.803 E629.29897
G1 X116.277 Y112.963 E629.35636
G1 X115.154 Y113.427 E629.41294
G1 X114.179 Y114.179 E629.47027
G1 X113.427 Y115.154 E629.52761
G1 X112.963 Y116.277 E629.58419
G1 X112.802 Y117.501 E629.64167
G1 X112.963 Y118.719 E629.69888
G1 X113.427 Y119.847 E629.75568
G1 X114.175 Y120.817 E629.81271
G1 X115.153 Y121.569 E629.87016
G1 X116.277 Y122.033 E629.92678
G1 X117.499 Y122.194 E629.98417
G0 F9000 X117.5 Y121.483
G0 X116.473 Y121.349
G0 X116.463 Y121.372
;TYPE:FILL
G1 F1170.2 X115.497 Y120.975 E630.03281
G1 X114.657 Y120.33 E630.08212
G1 X114.022 Y119.506 E630.13056
G1 X113.624 Y118.537 E630.17934
G1 X114.672 Y118.536 E630.22814
G1 X115.363 Y117.845 E630.27364
G1 X115.363 Y117.155 E630.30577
G1 X114.672 Y116.464 E630.35127
G1 X113.624 Y116.463 E630.40007
G1 X114.021 Y115.496 E630.44875
G1 X114.663 Y114.663 E630.49772
G1 X115.496 Y114.021 E630.54669
G1 X116.463 Y113.624 E630.59537
G1 X116.464 Y114.672 E630.64416
G1 X117.155 Y115.363 E630.68967
G1 X117.845 Y115.363 E630.7218
G1 X118.536 Y114.672 E630.7673
G1 X118.537 Y113.624 E630.8161
G1 X119.506 Y114.022 E630.86488
G1 X120.33 Y114.657 E630.91332
G1 X120.976 Y115.497 E630.96266
G1 X121.372 Y116.463 E631.01128
G1 X120.328 Y116.464 E631.05989
G1 X119.637 Y117.155 E631.10539
G1 X119.637 Y117.845 E631.13752
G1 X120.328 Y118.536 E631.18303
G1 X121.372 Y118.537 E631.23164
G1 X120.974 Y119.501 E631.2802
G1 X120.336 Y120.336 E631.32913
G1 X119.501 Y120.974 E631.37806
G1 X118.537 Y121.372 E631.42663
G1 X118.536 Y120.328 E631.47524
G1 X117.845 Y119.637 E631.52074
G1 X117.155 Y119.637 E631.55287
G1 X116.464 Y120.328 E631.59838
G1 X116.463 Y121.372 E631.64699
G0 F9000 X116.59 Y121.061
G1 F1500 E625.14699
;MESH:NONMESH
G0 F300 X116.59 Y121.061 Z19.04
G0 F9000 X117.5 Y113.033
G0 X117.357 Y111.95
G0 X117.358 Y103.051
G0 X117.5 Y101.967
G0 X117.5 Y101.483
G0 X117.499 Y101.79
;TIME_ELAPSED:920.123443
;LAYER:67
;note -- min layer time used
;TYPE:WALL-INNER
;MESH:yc1hingeDubel.stl(1)
G1 F1500 E631.64699
G1 F1165.8 X118.615 Y101.643 E631.6994
G1 X119.642 Y101.219 E631.75114
G1 X120.535 Y100.535 E631.80352
G1 X121.219 Y99.642 E631.8559
G1 X121.643 Y98.615 E631.90763
G1 X121.789 Y97.501 E631.95995
G1 X121.643 Y96.381 E632.01254
G1 X121.219 Y95.355 E632.06424
G1 X120.531 Y94.46 E632.1168
G1 X119.645 Y93.777 E632.16889
G1 X118.615 Y93.353 E632.22076
G1 X117.499 Y93.207 E632.27317
G1 X116.381 Y93.353 E632.32567
G1 X115.356 Y93.776 E632.3773
G1 X114.464 Y94.464 E632.42976
G1 X113.777 Y95.356 E632.48218
G1 X113.353 Y96.381 E632.53383
G1 X113.206 Y97.501 E632.58643
G1 X113.353 Y98.615 E632.63875
G1 X113.777 Y99.645 E632.69062
G1 X114.46 Y100.531 E632.74271
G1 X115.355 Y101.219 E632.79528
G1 X116.381 Y101.643 E632.84697
G1 X117.499 Y101.79 E632.89948
G0 F9000 X117.499 Y102.194
;TYPE:WALL-OUTER
G1 F1165.8 X118.719 Y102.033 E632.95678
G1 X119.843 Y101.569 E633.0134
G1 X120.821 Y100.821 E633.07073
G1 X121.569 Y99.843 E633.12807
G1 X122.033 Y98.719 E633.18469
G1 X122.193 Y97.501 E633.24189
G1 X122.033 Y96.277 E633.29937
G1 X121.569 Y95.153 E633.35599
G1 X120.817 Y94.175 E633.41344
G1 X119.847 Y93.427 E633.47047
G1 X118.719 Y92.963 E633.52727
G1 X117.499 Y92.803 E633.58456
G1 X116.277 Y92.963 E633.64195
G1 X115.154 Y93.427 E633.69853
G1 X114.179 Y94.179 E633.75587
G1 X113.427 Y95.154 E633.8132
G1 X112.963 Y96.277 E633.86978
G1 X112.802 Y97.501 E633.92727
G1 X112.963 Y98.719 E633.98447
G1 X113.427 Y99.847 E634.04127
G1 X114.175 Y100.817 E634.09831
G1 X115.153 Y101.569 E634.15575
G1 X116.277 Y102.033 E634.21237
G1 X117.499 Y102.194 E634.26977
G0 F9000 X117.5 Y101.483
G0 X116.747 Y101.384
G0 X116.743 Y101.409
;TYPE:FILL
G1 F1165.8 X116.455 Y101.371 E634.28329
G1 X115.497 Y100.975 E634.33156
G1 X114.657 Y100.33 E634.38088
G1 X114.022 Y99.506 E634.42932
G1 X113.625 Y98.541 E634.47791
G1 X113.588 Y98.257 E634.49124
G1 X114.672 Y98.256 E634.54172
G1 X115.177 Y97.751 E634.57497
G1 X115.177 Y97.249 E634.59835
G1 X114.672 Y96.744 E634.6316
G1 X113.587 Y96.743 E634.68212
G1 X113.625 Y96.455 E634.69565
G1 X114.021 Y95.496 E634.74396
G1 X114.663 Y94.663 E634.79294
G1 X115.496 Y94.021 E634.84191
G1 X116.455 Y93.625 E634.89022
G1 X116.743 Y93.587 E634.90375
G1 X116.744 Y94.672 E634.95427
G1 X117.249 Y95.177 E634.98752
G1 X117.751 Y95.177 E635.0109
G1 X118.256 Y94.672 E635.04415
G1 X118.257 Y93.588 E635.09463
G1 X118.541 Y93.625 E635.10796
G1 X119.506 Y94.022 E635.15655
G1 X120.33 Y94.657 E635.20499
G1 X120.976 Y95.497 E635.25434
G1 X121.371 Y96.455 E635.30259
G1 X121.408 Y96.743 E635.31611
G1 X120.328 Y96.744 E635.3664
G1 X119.823 Y97.249 E635.39965
G1 X119.823 Y97.751 E635.42303
G1 X120.328 Y98.256 E635.45628
G1 X121.408 Y98.257 E635.50657
G1 X121.371 Y98.541 E635.51991
G1 X120.974 Y99.501 E635.56828
G1 X120.336 Y100.336 E635.61721
G1 X119.501 Y100.974 E635.66615
G1 X118.541 Y101.371 E635.71452
G1 X118.257 Y101.408 E635.72785
G1 X118.256 Y100.328 E635.77814
G1 X117.751 Y99.823 E635.8114
G1 X117.249 Y99.823 E635.83477
G1 X116.744 Y100.328 E635.86803
G1 X116.743 Y101.409 E635.91836
G0 F9000 X116.787 Y101.087
G1 F1500 E629.41836
;MESH:yc1hingeDubel.stl
G0 F9000 X117.5 Y101.967
G0 X117.643 Y103.05
G0 X117.642 Y111.949
G0 X117.5 Y113.033
G0 X117.5 Y121.483
G0 X117.499 Y121.79
;TYPE:WALL-INNER
G1 F1500 E635.91836
G1 F1165.8 X118.615 Y121.643 E635.97078
G1 X119.642 Y121.219 E636.02252
G1 X120.535 Y120.535 E636.07489
G1 X121.219 Y119.642 E636.12727
G1 X121.643 Y118.615 E636.17901
G1 X121.789 Y117.501 E636.23133
G1 X121.643 Y116.381 E636.28392
G1 X121.219 Y115.355 E636.33561
G1 X120.531 Y114.46 E636.38818
G1 X119.645 Y113.777 E636.44027
G1 X118.615 Y113.353 E636.49213
G1 X117.499 Y113.207 E636.54454
G1 X116.381 Y113.353 E636.59704
G1 X115.356 Y113.776 E636.64868
G1 X114.464 Y114.464 E636.70113
G1 X113.777 Y115.356 E636.75356
G1 X113.353 Y116.381 E636.80521
G1 X113.206 Y117.501 E636.85781
G1 X113.353 Y118.615 E636.91013
G1 X113.777 Y119.645 E636.962
G1 X114.46 Y120.531 E637.01409
G1 X115.355 Y121.219 E637.06665
G1 X116.381 Y121.643 E637.11835
G1 X117.499 Y121.79 E637.17085
G0 F9000 X117.499 Y122.194
;TYPE:WALL-OUTER
G1 F1165.8 X118.719 Y122.033 E637.22815
G1 X119.843 Y121.569 E637.28478
G1 X120.821 Y120.821 E637.34211
G1 X121.569 Y119.843 E637.39944
G1 X122.033 Y118.719 E637.45606
G1 X122.193 Y117.501 E637.51326
G1 X122.033 Y116.277 E637.57074
G1 X121.569 Y115.153 E637.62737
G1 X120.817 Y114.175 E637.68481
G1 X119.847 Y113.427 E637.74185
G1 X118.719 Y112.963 E637.79864
G1 X117.499 Y112.803 E637.85594
G1 X116.277 Y112.963 E637.91333
G1 X115.154 Y113.427 E637.96991
G1 X114.179 Y114.179 E638.02724
G1 X113.427 Y115.154 E638.08458
G1 X112.963 Y116.277 E638.14115
G1 X112.802 Y117.501 E638.19864
G1 X112.963 Y118.719 E638.25585
G1 X113.427 Y119.847 E638.31264
G1 X114.175 Y120.817 E638.36968
G1 X115.153 Y121.569 E638.42713
G1 X116.277 Y122.033 E638.48375
G1 X117.499 Y122.194 E638.54114
G0 F9000 X117.5 Y121.483
G0 X116.747 Y121.384
G0 X116.743 Y121.409
;TYPE:FILL
G1 F1165.8 X116.455 Y121.371 E638.55467
G1 X115.497 Y120.975 E638.60294
G1 X114.657 Y120.33 E638.65225
G1 X114.022 Y119.506 E638.70069
G1 X113.625 Y118.541 E638.74928
G1 X113.588 Y118.257 E638.76262
G1 X114.672 Y118.256 E638.81309
G1 X115.177 Y117.751 E638.84635
G1 X115.177 Y117.249 E638.86972
G1 X114.672 Y116.744 E638.90298
G1 X113.587 Y116.743 E638.9535
G1 X113.625 Y116.455 E638.96703
G1 X114.021 Y115.496 E639.01534
G1 X114.663 Y114.663 E639.06431
G1 X115.496 Y114.021 E639.11328
G1 X116.455 Y113.625 E639.16159
G1 X116.743 Y113.587 E639.17512
G1 X116.744 Y114.672 E639.22564
G1 X117.249 Y115.177 E639.2589
G1 X117.751 Y115.177 E639.28227
G1 X118.256 Y114.672 E639.31553
G1 X118.257 Y113.588 E639.366
G1 X118.541 Y113.625 E639.37934
G1 X119.506 Y114.022 E639.42793
G1 X120.33 Y114.657 E639.47637
G1 X120.976 Y115.497 E639.52571
G1 X121.371 Y116.455 E639.57396
G1 X121.408 Y116.743 E639.58748
G1 X120.328 Y116.744 E639.63777
G1 X119.823 Y117.249 E639.67103
G1 X119.823 Y117.751 E639.6944
G1 X120.328 Y118.256 E639.72766
G1 X121.408 Y118.257 E639.77795
G1 X121.371 Y118.541 E639.79128
G1 X120.974 Y119.501 E639.83966
G1 X120.336 Y120.336 E639.88859
G1 X119.501 Y120.974 E639.93752
G1 X118.541 Y121.371 E639.98589
G1 X118.257 Y121.408 E639.99923
G1 X118.256 Y120.328 E640.04952
G1 X117.751 Y119.823 E640.08277
G1 X117.249 Y119.823 E640.10615
G1 X116.744 Y120.328 E640.1394
G1 X116.743 Y121.409 E640.18974
G0 F9000 X116.787 Y121.087
G1 F1500 E633.68974
;MESH:NONMESH
G0 F300 X116.787 Y121.087 Z19.32
G0 F9000 X117.5 Y113.033
G0 X117.357 Y111.95
G0 X117.358 Y103.051
G0 X117.5 Y101.967
G0 X117.5 Y101.483
G0 X117.499 Y101.79
;TIME_ELAPSED:932.586588
;LAYER:68
;note -- min layer time used
;TYPE:WALL-INNER
;MESH:yc1hingeDubel.stl(1)
G1 F1500 E640.18974
G1 F1162.4 X118.615 Y101.643 E640.24215
G1 X119.642 Y101.219 E640.29389
G1 X120.535 Y100.535 E640.34627
G1 X121.219 Y99.642 E640.39865
G1 X121.643 Y98.615 E640.45038
G1 X121.789 Y97.501 E640.5027
G1 X121.643 Y96.381 E640.55529
G1 X121.219 Y95.355 E640.60699
G1 X120.531 Y94.46 E640.65955
G1 X119.645 Y93.777 E640.71164
G1 X118.615 Y93.353 E640.76351
G1 X117.499 Y93.207 E640.81592
G1 X116.381 Y93.353 E640.86842
G1 X115.356 Y93.776 E640.92005
G1 X114.464 Y94.464 E640.97251
G1 X113.777 Y95.356 E641.02493
G1 X113.353 Y96.381 E641.07658
G1 X113.206 Y97.501 E641.12918
G1 X113.353 Y98.615 E641.1815
G1 X113.777 Y99.645 E641.23337
G1 X114.46 Y100.531 E641.28546
G1 X115.355 Y101.219 E641.33803
G1 X116.381 Y101.643 E641.38972
G1 X117.499 Y101.79 E641.44223
G0 F9000 X117.499 Y102.194
;TYPE:WALL-OUTER
G1 F1162.4 X118.719 Y102.033 E641.49953
G1 X119.843 Y101.569 E641.55615
G1 X120.821 Y100.821 E641.61348
G1 X121.569 Y99.843 E641.67081
G1 X122.033 Y98.719 E641.72744
G1 X122.193 Y97.501 E641.78464
G1 X122.033 Y96.277 E641.84212
G1 X121.569 Y95.153 E641.89874
G1 X120.817 Y94.175 E641.95619
G1 X119.847 Y93.427 E642.01322
G1 X118.719 Y92.963 E642.07002
G1 X117.499 Y92.803 E642.12731
G1 X116.277 Y92.963 E642.1847
G1 X115.154 Y93.427 E642.24128
G1 X114.179 Y94.179 E642.29862
G1 X113.427 Y95.154 E642.35595
G1 X112.963 Y96.277 E642.41253
G1 X112.802 Y97.501 E642.47001
G1 X112.963 Y98.719 E642.52722
G1 X113.427 Y99.847 E642.58402
G1 X114.175 Y100.817 E642.64105
G1 X115.153 Y101.569 E642.6985
G1 X116.277 Y102.033 E642.75512
G1 X117.499 Y102.194 E642.81252
G0 F9000 X117.023 Y101.446
G0 X117.977 Y101.445
;TYPE:FILL
G1 F1162.4 X117.976 Y100.328 E642.86453
G1 X117.658 Y100.01 E642.88547
G1 X117.342 Y100.01 E642.90018
G1 X117.024 Y100.328 E642.92112
G1 X117.023 Y101.446 E642.97318
G1 X116.455 Y101.371 E642.99986
G1 X115.497 Y100.975 E643.04813
G1 X114.657 Y100.33 E643.09745
G1 X114.022 Y99.506 E643.14589
G1 X113.625 Y98.541 E643.19447
G1 X113.551 Y97.977 E643.22096
G1 X114.672 Y97.976 E643.27316
G1 X114.99 Y97.658 E643.2941
G1 X114.99 Y97.342 E643.30881
G1 X114.672 Y97.024 E643.32976
G1 X113.551 Y97.023 E643.38195
G1 X113.625 Y96.455 E643.40863
G1 X114.021 Y95.496 E643.45694
G1 X114.663 Y94.663 E643.50591
G1 X115.496 Y94.021 E643.55488
G1 X116.455 Y93.625 E643.60319
G1 X117.023 Y93.551 E643.62986
G1 X117.024 Y94.672 E643.68206
G1 X117.342 Y94.99 E643.703
G1 X117.658 Y94.99 E643.71772
G1 X117.976 Y94.672 E643.73866
G1 X117.977 Y93.551 E643.79086
G1 X118.541 Y93.625 E643.81735
G1 X119.506 Y94.022 E643.86593
G1 X120.33 Y94.657 E643.91437
G1 X120.976 Y95.497 E643.96372
G1 X121.371 Y96.455 E644.01197
G1 X121.445 Y97.023 E644.03864
G1 X120.328 Y97.024 E644.09065
G1 X120.01 Y97.342 E644.11159
G1 X120.01 Y97.658 E644.12631
G1 X120.328 Y97.976 E644.14725
G1 X121.445 Y97.977 E644.19926
G1 X121.371 Y98.541 E644.22575
G1 X120.974 Y99.501 E644.27412
G1 X120.336 Y100.336 E644.32305
G1 X119.501 Y100.974 E644.37198
G1 X118.541 Y101.371 E644.42036
G1 X117.977 Y101.445 E644.44684
G0 F9000 X117.936 Y101.123
G1 F1500 E637.94684
;MESH:yc1hingeDubel.stl
G0 F9000 X117.5 Y101.967
G0 X117.643 Y103.05
G0 X117.642 Y111.949
G0 X117.5 Y113.033
G0 X117.5 Y121.483
G0 X117.499 Y121.79
;TYPE:WALL-INNER
G1 F1500 E644.44684
G1 F1162.4 X118.615 Y121.643 E644.49926
G1 X119.642 Y121.219 E644.551
G1 X120.535 Y120.535 E644.60337
G1 X121.219 Y119.642 E644.65575
G1 X121.643 Y118.615 E644.70749
G1 X121.789 Y117.501 E644.75981
G1 X121.643 Y116.381 E644.8124
G1 X121.219 Y115.355 E644.86409
G1 X120.531 Y114.46 E644.91666
G1 X119.645 Y113.777 E644.96875
G1 X118.615 Y113.353 E645.02061
G1 X117.499 Y113.207 E645.07302
G1 X116.381 Y113.353 E645.12552
G1 X115.356 Y113.776 E645.17716
G1 X114.464 Y114.464 E645.22961
G1 X113.777 Y115.356 E645.28204
G1 X113.353 Y116.381 E645.33369
G1 X113.206 Y117.501 E645.38629
G1 X113.353 Y118.615 E645.43861
G1 X113.777 Y119.645 E645.49048
G1 X114.46 Y120.531 E645.54257
G1 X115.355 Y121.219 E645.59513
G1 X116.381 Y121.643 E645.64683
G1 X117.499 Y121.79 E645.69933
G0 F9000 X117.499 Y122.194
;TYPE:WALL-OUTER
G1 F1162.4 X118.719 Y122.033 E645.75663
G1 X119.843 Y121.569 E645.81326
G1 X120.821 Y120.821 E645.87059
G1 X121.569 Y119.843 E645.92792
G1 X122.033 Y118.719 E645.98454
G1 X122.193 Y117.501 E646.04174
G1 X122.033 Y116.277 E646.09922
G1 X121.569 Y115.153 E646.15585
G1 X120.817 Y114.175 E646.21329
G1 X119.847 Y113.427 E646.27033
G1 X118.719 Y112.963 E646.32712
G1 X117.499 Y112.803 E646.38442
G1 X116.277 Y112.963 E646.44181
G1 X115.154 Y113.427 E646.49839
G1 X114.179 Y114.179 E646.55572
G1 X113.427 Y115.154 E646.61306
G1 X112.963 Y116.277 E646.66963
G1 X112.802 Y117.501 E646.72712
G1 X112.963 Y118.719 E646.78433
G1 X113.427 Y119.847 E646.84112
G1 X114.175 Y120.817 E646.89816
G1 X115.153 Y121.569 E646.95561
G1 X116.277 Y122.033 E647.01223
G1 X117.499 Y122.194 E647.06962
G0 F9000 X117.023 Y121.446
G0 X117.977 Y121.445
;TYPE:FILL
G1 F1162.4 X117.976 Y120.328 E647.12163
G1 X117.658 Y120.01 E647.14257
G1 X117.342 Y120.01 E647.15729
G1 X117.024 Y120.328 E647.17823
G1 X117.023 Y121.446 E647.23029
G1 X116.455 Y121.371 E647.25697
G1 X115.497 Y120.975 E647.30524
G1 X114.657 Y120.33 E647.35455
G1 X114.022 Y119.506 E647.40299
G1 X113.625 Y118.541 E647.45158
G1 X113.551 Y117.977 E647.47807
G1 X114.672 Y117.976 E647.53026
G1 X114.99 Y117.658 E647.55121
G1 X114.99 Y117.342 E647.56592
G1 X114.672 Y117.024 E647.58686
G1 X113.551 Y117.023 E647.63906
G1 X113.625 Y116.455 E647.66573
G1 X114.021 Y115.496 E647.71404
G1 X114.663 Y114.663 E647.76301
G1 X115.496 Y114.021 E647.81199
G1 X116.455 Y113.625 E647.8603
G1 X117.023 Y113.551 E647.88697
G1 X117.024 Y114.672 E647.93917
G1 X117.342 Y114.99 E647.96011
G1 X117.658 Y114.99 E647.97482
G1 X117.976 Y114.672 E647.99576
G1 X117.977 Y113.551 E648.04796
G1 X118.541 Y113.625 E648.07445
G1 X119.506 Y114.022 E648.12304
G1 X120.33 Y114.657 E648.17148
G1 X120.976 Y115.497 E648.22082
G1 X121.371 Y116.455 E648.26907
G1 X121.445 Y117.023 E648.29575
G1 X120.328 Y117.024 E648.34776
G1 X120.01 Y117.342 E648.3687
G1 X120.01 Y117.658 E648.38341
G1 X120.328 Y117.976 E648.40435
G1 X121.445 Y117.977 E648.45637
G1 X121.371 Y118.541 E648.48285
G1 X120.974 Y119.501 E648.53123
G1 X120.336 Y120.336 E648.58016
G1 X119.501 Y120.974 E648.62909
G1 X118.541 Y121.371 E648.67746
G1 X117.977 Y121.445 E648.70395
G0 F9000 X117.936 Y121.123
G1 F1500 E642.20395
;MESH:NONMESH
G0 F300 X117.936 Y121.123 Z19.6
G0 F9000 X117.5 Y113.033
G0 X117.357 Y111.95
G0 X117.358 Y103.051
G0 X117.5 Y101.967
G0 X117.5 Y101.483
G0 X117.499 Y101.79
;TIME_ELAPSED:945.048813
;LAYER:69
;note -- min layer time used
;TYPE:WALL-INNER
;MESH:yc1hingeDubel.stl(1)
G1 F1500 E648.70395
G1 F1157.5 X118.615 Y101.643 E648.75636
G1 X119.642 Y101.219 E648.8081
G1 X120.535 Y100.535 E648.86048
G1 X121.219 Y99.642 E648.91286
G1 X121.643 Y98.615 E648.96459
G1 X121.789 Y97.501 E649.01691
G1 X121.643 Y96.381 E649.0695
G1 X121.219 Y95.355 E649.1212
G1 X120.531 Y94.46 E649.17376
G1 X119.645 Y93.777 E649.22585
G1 X118.615 Y93.353 E649.27772
G1 X117.499 Y93.207 E649.33013
G1 X116.381 Y93.353 E649.38263
G1 X115.356 Y93.776 E649.43426
G1 X114.464 Y94.464 E649.48672
G1 X113.777 Y95.356 E649.53914
G1 X113.353 Y96.381 E649.59079
G1 X113.206 Y97.501 E649.64339
G1 X113.353 Y98.615 E649.69571
G1 X113.777 Y99.645 E649.74758
G1 X114.46 Y100.531 E649.79967
G1 X115.355 Y101.219 E649.85224
G1 X116.381 Y101.643 E649.90393
G1 X117.499 Y101.79 E649.95644
G0 F9000 X117.499 Y102.194
;TYPE:WALL-OUTER
G1 F1157.5 X118.719 Y102.033 E650.01374
G1 X119.843 Y101.569 E650.07036
G1 X120.821 Y100.821 E650.12769
G1 X121.569 Y99.843 E650.18503
G1 X122.033 Y98.719 E650.24165
G1 X122.193 Y97.501 E650.29885
G1 X122.033 Y96.277 E650.35633
G1 X121.569 Y95.153 E650.41295
G1 X120.817 Y94.175 E650.4704
G1 X119.847 Y93.427 E650.52743
G1 X118.719 Y92.963 E650.58423
G1 X117.499 Y92.803 E650.64152
G1 X116.277 Y92.963 E650.69891
G1 X115.154 Y93.427 E650.75549
G1 X114.179 Y94.179 E650.81283
G1 X113.427 Y95.154 E650.87016
G1 X112.963 Y96.277 E650.92674
G1 X112.802 Y97.501 E650.98423
G1 X112.963 Y98.719 E651.04143
G1 X113.427 Y99.847 E651.09823
G1 X114.175 Y100.817 E651.15527
G1 X115.153 Y101.569 E651.21271
G1 X116.277 Y102.033 E651.26933
G1 X117.499 Y102.194 E651.32673
G0 F9000 X117.301 Y101.482
G0 X117.699 Y101.482
;TYPE:FILL
G1 F1157.5 X117.7 Y100.328 E651.38046
G1 X117.566 Y100.194 E651.38929
G1 X117.434 Y100.194 E651.39543
G1 X117.3 Y100.328 E651.40426
G1 X117.301 Y101.482 E651.45799
G1 X116.455 Y101.371 E651.49772
G1 X115.497 Y100.975 E651.54599
G1 X114.657 Y100.33 E651.59531
G1 X114.022 Y99.506 E651.64375
G1 X113.625 Y98.541 E651.69233
G1 X113.514 Y97.699 E651.73188
G1 X114.672 Y97.7 E651.7858
G1 X114.806 Y97.566 E651.79463
G1 X114.806 Y97.434 E651.80077
G1 X114.672 Y97.3 E651.8096
G1 X113.514 Y97.301 E651.86352
G1 X113.625 Y96.455 E651.90325
G1 X114.021 Y95.496 E651.95156
G1 X114.663 Y94.663 E652.00053
G1 X115.496 Y94.021 E652.0495
G1 X116.455 Y93.625 E652.09782
G1 X117.301 Y93.515 E652.13754
G1 X117.3 Y94.672 E652.19142
G1 X117.434 Y94.806 E652.20024
G1 X117.566 Y94.806 E652.20639
G1 X117.7 Y94.672 E652.21521
G1 X117.699 Y93.515 E652.26909
G1 X118.541 Y93.625 E652.30863
G1 X119.506 Y94.022 E652.35721
G1 X120.33 Y94.657 E652.40565
G1 X120.976 Y95.497 E652.455
G1 X121.371 Y96.455 E652.50325
G1 X121.481 Y97.301 E652.54297
G1 X120.328 Y97.3 E652.59666
G1 X120.194 Y97.434 E652.60549
G1 X120.194 Y97.566 E652.61163
G1 X120.328 Y97.7 E652.62046
G1 X121.481 Y97.699 E652.67415
G1 X121.371 Y98.541 E652.71369
G1 X120.974 Y99.501 E652.76206
G1 X120.336 Y100.336 E652.81099
G1 X119.501 Y100.974 E652.85992
G1 X118.541 Y101.371 E652.9083
G1 X117.699 Y101.482 E652.94784
G0 F9000 X117.658 Y101.159
G1 F1500 E646.44784
;MESH:yc1hingeDubel.stl
G0 F9000 X117.5 Y101.967
G0 X117.643 Y103.05
G0 X117.642 Y111.949
G0 X117.5 Y113.033
G0 X117.5 Y121.483
G0 X117.499 Y121.79
;TYPE:WALL-INNER
G1 F1500 E652.94784
G1 F1157.5 X118.615 Y121.643 E653.00026
G1 X119.642 Y121.219 E653.05199
G1 X120.535 Y120.535 E653.10437
G1 X121.219 Y119.642 E653.15675
G1 X121.643 Y118.615 E653.20849
G1 X121.789 Y117.501 E653.2608
G1 X121.643 Y116.381 E653.3134
G1 X121.219 Y115.355 E653.36509
G1 X120.531 Y114.46 E653.41765
G1 X119.645 Y113.777 E653.46975
G1 X118.615 Y113.353 E653.52161
G1 X117.499 Y113.207 E653.57402
G1 X116.381 Y113.353 E653.62652
G1 X115.356 Y113.776 E653.67815
G1 X114.464 Y114.464 E653.73061
G1 X113.777 Y115.356 E653.78303
G1 X113.353 Y116.381 E653.83468
G1 X113.206 Y117.501 E653.88728
G1 X113.353 Y118.615 E653.93961
G1 X113.777 Y119.645 E653.99147
G1 X114.46 Y120.531 E654.04356
G1 X115.355 Y121.219 E654.09613
G1 X116.381 Y121.643 E654.14782
G1 X117.499 Y121.79 E654.20033
G0 F9000 X117.499 Y122.194
;TYPE:WALL-OUTER
G1 F1157.5 X118.719 Y122.033 E654.25763
G1 X119.843 Y121.569 E654.31425
G1 X120.821 Y120.821 E654.37158
G1 X121.569 Y119.843 E654.42892
G1 X122.033 Y118.719 E654.48554
G1 X122.193 Y117.501 E654.54274
G1 X122.033 Y116.277 E654.60022
G1 X121.569 Y115.153 E654.65684
G1 X120.817 Y114.175 E654.71429
G1 X119.847 Y113.427 E654.77133
G1 X118.719 Y112.963 E654.82812
G1 X117.499 Y112.803 E654.88542
G1 X116.277 Y112.963 E654.9428
G1 X115.154 Y113.427 E654.99938
G1 X114.179 Y114.179 E655.05672
G1 X113.427 Y115.154 E655.11405
G1 X112.963 Y116.277 E655.17063
G1 X112.802 Y117.501 E655.22812
G1 X112.963 Y118.719 E655.28533
G1 X113.427 Y119.847 E655.34212
G1 X114.175 Y120.817 E655.39916
G1 X115.153 Y121.569 E655.4566
G1 X116.277 Y122.033 E655.51323
G1 X117.499 Y122.194 E655.57062
G0 F9000 X117.301 Y121.482
G0 X117.699 Y121.482
;TYPE:FILL
G1 F1157.5 X117.7 Y120.328 E655.62435
G1 X117.566 Y120.194 E655.63318
G1 X117.434 Y120.194 E655.63932
G1 X117.3 Y120.328 E655.64815
G1 X117.301 Y121.482 E655.70188
G1 X116.455 Y121.371 E655.74161
G1 X115.497 Y120.975 E655.78988
G1 X114.657 Y120.33 E655.8392
G1 X114.022 Y119.506 E655.88764
G1 X113.625 Y118.541 E655.93623
G1 X113.514 Y117.699 E655.97577
G1 X114.672 Y117.7 E656.02969
G1 X114.806 Y117.566 E656.03852
G1 X114.806 Y117.434 E656.04467
G1 X114.672 Y117.3 E656.05349
G1 X113.514 Y117.301 E656.10741
G1 X113.625 Y116.455 E656.14714
G1 X114.021 Y115.496 E656.19545
G1 X114.663 Y114.663 E656.24442
G1 X115.496 Y114.021 E656.2934
G1 X116.455 Y113.625 E656.34171
G1 X117.301 Y113.515 E656.38143
G1 X117.3 Y114.672 E656.43531
G1 X117.434 Y114.806 E656.44413
G1 X117.566 Y114.806 E656.45028
G1 X117.7 Y114.672 E656.4591
G1 X117.699 Y113.515 E656.51298
G1 X118.541 Y113.625 E656.55252
G1 X119.506 Y114.022 E656.60111
G1 X120.33 Y114.657 E656.64955
G1 X120.976 Y115.497 E656.69889
G1 X121.371 Y116.455 E656.74714
G1 X121.481 Y117.301 E656.78687
G1 X120.328 Y117.3 E656.84055
G1 X120.194 Y117.434 E656.84938
G1 X120.194 Y117.566 E656.85553
G1 X120.328 Y117.7 E656.86435
G1 X121.481 Y117.699 E656.91804
G1 X121.371 Y118.541 E656.95758
G1 X120.974 Y119.501 E657.00595
G1 X120.336 Y120.336 E657.05488
G1 X119.501 Y120.974 E657.10381
G1 X118.541 Y121.371 E657.15219
G1 X117.699 Y121.482 E657.19173
G0 F9000 X117.658 Y121.159
G1 F1500 E650.69173
;MESH:NONMESH
G0 F300 X117.658 Y121.159 Z19.88
G0 F9000 X117.5 Y113.033
G0 X117.357 Y111.95
G0 X117.358 Y103.051
G0 X117.5 Y101.967
G0 X117.5 Y101.483
G0 X117.499 Y101.79
;TIME_ELAPSED:957.383185
;LAYER:70
;note -- min layer time used
;TYPE:WALL-INNER
;MESH:yc1hingeDubel.stl(1)
G1 F1500 E657.19173
G1 F1160.3 X118.615 Y101.643 E657.24415
G1 X119.642 Y101.219 E657.29589
G1 X120.535 Y100.535 E657.34826
G1 X121.219 Y99.642 E657.40064
G1 X121.643 Y98.615 E657.45238
G1 X121.789 Y97.501 E657.50469
G1 X121.643 Y96.381 E657.55729
G1 X121.219 Y95.355 E657.60898
G1 X120.531 Y94.46 E657.66155
G1 X119.645 Y93.777 E657.71364
G1 X118.615 Y93.353 E657.7655
G1 X117.499 Y93.207 E657.81791
G1 X116.381 Y93.353 E657.87041
G1 X115.356 Y93.776 E657.92205
G1 X114.464 Y94.464 E657.9745
G1 X113.777 Y95.356 E658.02693
G1 X113.353 Y96.381 E658.07858
G1 X113.206 Y97.501 E658.13118
G1 X113.353 Y98.615 E658.1835
G1 X113.777 Y99.645 E658.23536
G1 X114.46 Y100.531 E658.28746
G1 X115.355 Y101.219 E658.34002
G1 X116.381 Y101.643 E658.39171
G1 X117.499 Y101.79 E658.44422
G0 F9000 X117.499 Y102.194
;TYPE:WALL-OUTER
G1 F1160.3 X118.719 Y102.033 E658.50152
G1 X119.843 Y101.569 E658.55814
G1 X120.821 Y100.821 E658.61548
G1 X121.569 Y99.843 E658.67281
G1 X122.033 Y98.719 E658.72943
G1 X122.193 Y97.501 E658.78663
G1 X122.033 Y96.277 E658.84411
G1 X121.569 Y95.153 E658.90074
G1 X120.817 Y94.175 E658.95818
G1 X119.847 Y93.427 E659.01522
G1 X118.719 Y92.963 E659.07201
G1 X117.499 Y92.803 E659.12931
G1 X116.277 Y92.963 E659.18669
G1 X115.154 Y93.427 E659.24327
G1 X114.179 Y94.179 E659.30061
G1 X113.427 Y95.154 E659.35794
G1 X112.963 Y96.277 E659.41452
G1 X112.802 Y97.501 E659.47201
G1 X112.963 Y98.719 E659.52922
G1 X113.427 Y99.847 E659.58601
G1 X114.175 Y100.817 E659.64305
G1 X115.153 Y101.569 E659.70049
G1 X116.277 Y102.033 E659.75712
G1 X117.499 Y102.194 E659.81451
G0 F9000 X117.325 Y101.485
G0 X117.675 Y101.485
;TYPE:FILL
G1 F1160.3 X117.7 Y100.328 E659.8684
G1 X117.566 Y100.194 E659.87722
G1 X117.434 Y100.194 E659.88337
G1 X117.3 Y100.328 E659.89219
G1 X117.325 Y101.485 E659.94608
G1 X116.455 Y101.371 E659.98694
G1 X115.497 Y100.975 E660.03521
G1 X114.657 Y100.33 E660.08452
G1 X114.022 Y99.506 E660.13296
G1 X113.625 Y98.541 E660.18155
G1 X113.511 Y97.675 E660.22222
G1 X114.672 Y97.7 E660.2763
G1 X114.806 Y97.566 E660.28512
G1 X114.806 Y97.434 E660.29127
G1 X114.672 Y97.3 E660.30009
G1 X113.511 Y97.325 E660.35416
G1 X113.625 Y96.455 E660.39502
G1 X114.021 Y95.496 E660.44333
G1 X114.663 Y94.663 E660.4923
G1 X115.496 Y94.021 E660.54128
G1 X116.455 Y93.625 E660.58959
G1 X117.325 Y93.512 E660.63044
G1 X117.3 Y94.672 E660.68447
G1 X117.434 Y94.806 E660.69329
G1 X117.566 Y94.806 E660.69944
G1 X117.7 Y94.672 E660.70826
G1 X117.675 Y93.512 E660.76229
G1 X118.541 Y93.625 E660.80295
G1 X119.506 Y94.022 E660.85154
G1 X120.33 Y94.657 E660.89998
G1 X120.976 Y95.497 E660.94933
G1 X121.371 Y96.455 E660.99758
G1 X121.484 Y97.325 E661.03843
G1 X120.328 Y97.3 E661.09227
G1 X120.194 Y97.434 E661.10109
G1 X120.194 Y97.566 E661.10724
G1 X120.328 Y97.7 E661.11606
G1 X121.484 Y97.675 E661.1699
G1 X121.371 Y98.541 E661.21057
G1 X120.974 Y99.501 E661.25894
G1 X120.336 Y100.336 E661.30788
G1 X119.501 Y100.974 E661.35681
G1 X118.541 Y101.371 E661.40518
G1 X117.675 Y101.485 E661.44585
G0 F9000 X117.634 Y101.162
G1 F1500 E654.94585
;MESH:yc1hingeDubel.stl
G0 F9000 X117.5 Y101.967
G0 X117.643 Y103.05
G0 X117.642 Y111.949
G0 X117.5 Y113.033
G0 X117.5 Y121.483
G0 X117.499 Y121.79
;TYPE:WALL-INNER
G1 F1500 E661.44585
G1 F1160.3 X118.615 Y121.643 E661.49827
G1 X119.642 Y121.219 E661.55
G1 X120.535 Y120.535 E661.60238
G1 X121.219 Y119.642 E661.65476
G1 X121.643 Y118.615 E661.7065
G1 X121.789 Y117.501 E661.75881
G1 X121.643 Y116.381 E661.81141
G1 X121.219 Y115.355 E661.8631
G1 X120.531 Y114.46 E661.91567
G1 X119.645 Y113.777 E661.96776
G1 X118.615 Y113.353 E662.01962
G1 X117.499 Y113.207 E662.07203
G1 X116.381 Y113.353 E662.12453
G1 X115.356 Y113.776 E662.17616
G1 X114.464 Y114.464 E662.22862
G1 X113.777 Y115.356 E662.28105
G1 X113.353 Y116.381 E662.3327
G1 X113.206 Y117.501 E662.3853
G1 X113.353 Y118.615 E662.43762
G1 X113.777 Y119.645 E662.48948
G1 X114.46 Y120.531 E662.54157
G1 X115.355 Y121.219 E662.59414
G1 X116.381 Y121.643 E662.64583
G1 X117.499 Y121.79 E662.69834
G0 F9000 X117.499 Y122.194
;TYPE:WALL-OUTER
G1 F1160.3 X118.719 Y122.033 E662.75564
G1 X119.843 Y121.569 E662.81226
G1 X120.821 Y120.821 E662.8696
G1 X121.569 Y119.843 E662.92693
G1 X122.033 Y118.719 E662.98355
G1 X122.193 Y117.501 E663.04075
G1 X122.033 Y116.277 E663.09823
G1 X121.569 Y115.153 E663.15486
G1 X120.817 Y114.175 E663.2123
G1 X119.847 Y113.427 E663.26934
G1 X118.719 Y112.963 E663.32613
G1 X117.499 Y112.803 E663.38343
G1 X116.277 Y112.963 E663.44081
G1 X115.154 Y113.427 E663.49739
G1 X114.179 Y114.179 E663.55473
G1 X113.427 Y115.154 E663.61206
G1 X112.963 Y116.277 E663.66864
G1 X112.802 Y117.501 E663.72613
G1 X112.963 Y118.719 E663.78334
G1 X113.427 Y119.847 E663.84013
G1 X114.175 Y120.817 E663.89717
G1 X115.153 Y121.569 E663.95461
G1 X116.277 Y122.033 E664.01124
G1 X117.499 Y122.194 E664.06863
G0 F9000 X117.325 Y121.485
G0 X117.675 Y121.485
;TYPE:FILL
G1 F1160.3 X117.7 Y120.328 E664.12252
G1 X117.566 Y120.194 E664.13134
G1 X117.434 Y120.194 E664.13749
G1 X117.3 Y120.328 E664.14631
G1 X117.325 Y121.485 E664.2002
G1 X116.455 Y121.371 E664.24106
G1 X115.497 Y120.975 E664.28933
G1 X114.657 Y120.33 E664.33864
G1 X114.022 Y119.506 E664.38708
G1 X113.625 Y118.541 E664.43567
G1 X113.511 Y117.675 E664.47634
G1 X114.672 Y117.7 E664.53041
G1 X114.806 Y117.566 E664.53924
G1 X114.806 Y117.434 E664.54539
G1 X114.672 Y117.3 E664.55421
G1 X113.511 Y117.325 E664.60828
G1 X113.625 Y116.455 E664.64914
G1 X114.021 Y115.496 E664.69745
G1 X114.663 Y114.663 E664.74642
G1 X115.496 Y114.021 E664.79539
G1 X116.455 Y113.625 E664.84371
G1 X117.325 Y113.512 E664.88456
G1 X117.3 Y114.672 E664.93859
G1 X117.434 Y114.806 E664.94741
G1 X117.566 Y114.806 E664.95356
G1 X117.7 Y114.672 E664.96238
G1 X117.675 Y113.512 E665.01641
G1 X118.541 Y113.625 E665.05707
G1 X119.506 Y114.022 E665.10566
G1 X120.33 Y114.657 E665.1541
G1 X120.976 Y115.497 E665.20345
G1 X121.371 Y116.455 E665.2517
G1 X121.484 Y117.325 E665.29255
G1 X120.328 Y117.3 E665.34639
G1 X120.194 Y117.434 E665.35521
G1 X120.194 Y117.566 E665.36136
G1 X120.328 Y117.7 E665.37018
G1 X121.484 Y117.675 E665.42402
G1 X121.371 Y118.541 E665.46469
G1 X120.974 Y119.501 E665.51306
G1 X120.336 Y120.336 E665.562
G1 X119.501 Y120.974 E665.61093
G1 X118.541 Y121.371 E665.6593
G1 X117.675 Y121.485 E665.69997
G0 F9000 X117.634 Y121.162
G1 F1500 E659.19997
;MESH:NONMESH
G0 F300 X117.634 Y121.162 Z20.16
G0 F9000 X117.5 Y113.033
G0 X117.357 Y111.95
G0 X117.358 Y103.051
G0 X117.5 Y101.967
G0 X117.5 Y101.483
G0 X117.499 Y101.79
;TIME_ELAPSED:969.720064
;LAYER:71
;note -- min layer time used
;TYPE:WALL-INNER
;MESH:yc1hingeDubel.stl(1)
G1 F1500 E665.69997
G1 F1160.4 X118.615 Y101.643 E665.75239
G1 X119.642 Y101.219 E665.80412
G1 X120.535 Y100.535 E665.8565
G1 X121.219 Y99.642 E665.90888
G1 X121.643 Y98.615 E665.96062
G1 X121.789 Y97.501 E666.01293
G1 X121.643 Y96.381 E666.06553
G1 X121.219 Y95.355 E666.11722
G1 X120.531 Y94.46 E666.16979
G1 X119.645 Y93.777 E666.22188
G1 X118.615 Y93.353 E666.27374
G1 X117.499 Y93.207 E666.32615
G1 X116.381 Y93.353 E666.37865
G1 X115.356 Y93.776 E666.43028
G1 X114.464 Y94.464 E666.48274
G1 X113.777 Y95.356 E666.53517
G1 X113.353 Y96.381 E666.58682
G1 X113.206 Y97.501 E666.63941
G1 X113.353 Y98.615 E666.69174
G1 X113.777 Y99.645 E666.7436
G1 X114.46 Y100.531 E666.79569
G1 X115.355 Y101.219 E666.84826
G1 X116.381 Y101.643 E666.89995
G1 X117.499 Y101.79 E666.95246
G0 F9000 X117.499 Y102.194
;TYPE:WALL-OUTER
G1 F1160.4 X118.719 Y102.033 E667.00976
G1 X119.843 Y101.569 E667.06638
G1 X120.821 Y100.821 E667.12372
G1 X121.569 Y99.843 E667.18105
G1 X122.033 Y98.719 E667.23767
G1 X122.193 Y97.501 E667.29487
G1 X122.033 Y96.277 E667.35235
G1 X121.569 Y95.153 E667.40897
G1 X120.817 Y94.175 E667.46642
G1 X119.847 Y93.427 E667.52346
G1 X118.719 Y92.963 E667.58025
G1 X117.499 Y92.803 E667.63755
G1 X116.277 Y92.963 E667.69493
G1 X115.154 Y93.427 E667.75151
G1 X114.179 Y94.179 E667.80885
G1 X113.427 Y95.154 E667.86618
G1 X112.963 Y96.277 E667.92276
G1 X112.802 Y97.501 E667.98025
G1 X112.963 Y98.719 E668.03746
G1 X113.427 Y99.847 E668.09425
G1 X114.175 Y100.817 E668.15129
G1 X115.153 Y101.569 E668.20873
G1 X116.277 Y102.033 E668.26536
G1 X117.499 Y102.194 E668.32275
G0 F9000 X117.135 Y101.46
G0 X117.865 Y101.46
;TYPE:FILL
G1 F1160.4 X117.864 Y100.328 E668.37546
G1 X117.62 Y100.084 E668.39153
G1 X117.38 Y100.084 E668.4027
G1 X117.136 Y100.328 E668.41877
G1 X117.135 Y101.46 E668.47148
G1 X116.455 Y101.371 E668.50342
G1 X115.497 Y100.975 E668.55168
G1 X114.657 Y100.33 E668.601
G1 X114.022 Y99.506 E668.64944
G1 X113.625 Y98.541 E668.69803
G1 X113.536 Y97.865 E668.72978
G1 X114.672 Y97.864 E668.78267
G1 X114.916 Y97.62 E668.79874
G1 X114.916 Y97.38 E668.80992
G1 X114.672 Y97.136 E668.82598
G1 X113.536 Y97.135 E668.87888
G1 X113.625 Y96.455 E668.91082
G1 X114.021 Y95.496 E668.95913
G1 X114.663 Y94.663 E669.0081
G1 X115.496 Y94.021 E669.05707
G1 X116.455 Y93.625 E669.10538
G1 X117.135 Y93.536 E669.13732
G1 X117.136 Y94.672 E669.19021
G1 X117.38 Y94.916 E669.20628
G1 X117.62 Y94.916 E669.21746
G1 X117.864 Y94.672 E669.23352
G1 X117.865 Y93.537 E669.28637
G1 X118.541 Y93.625 E669.31812
G1 X119.506 Y94.022 E669.36671
G1 X120.33 Y94.657 E669.41515
G1 X120.976 Y95.497 E669.46449
G1 X121.371 Y96.455 E669.51274
G1 X121.459 Y97.135 E669.54467
G1 X120.328 Y97.136 E669.59733
G1 X120.084 Y97.38 E669.6134
G1 X120.084 Y97.62 E669.62458
G1 X120.328 Y97.864 E669.64064
G1 X121.459 Y97.865 E669.69331
G1 X121.371 Y98.541 E669.72505
G1 X120.974 Y99.501 E669.77342
G1 X120.336 Y100.336 E669.82236
G1 X119.501 Y100.974 E669.87129
G1 X118.541 Y101.371 E669.91966
G1 X117.865 Y101.46 E669.95141
G0 F9000 X117.824 Y101.137
G1 F1500 E663.45141
;MESH:yc1hingeDubel.stl
G0 F9000 X117.5 Y101.967
G0 X117.643 Y103.05
G0 X117.642 Y111.949
G0 X117.5 Y113.033
G0 X117.5 Y121.483
G0 X117.499 Y121.79
;TYPE:WALL-INNER
G1 F1500 E669.95141
G1 F1160.4 X118.615 Y121.643 E670.00382
G1 X119.642 Y121.219 E670.05556
G1 X120.535 Y120.535 E670.10794
G1 X121.219 Y119.642 E670.16032
G1 X121.643 Y118.615 E670.21205
G1 X121.789 Y117.501 E670.26437
G1 X121.643 Y116.381 E670.31696
G1 X121.219 Y115.355 E670.36866
G1 X120.531 Y114.46 E670.42122
G1 X119.645 Y113.777 E670.47331
G1 X118.615 Y113.353 E670.52518
G1 X117.499 Y113.207 E670.57759
G1 X116.381 Y113.353 E670.63009
G1 X115.356 Y113.776 E670.68172
G1 X114.464 Y114.464 E670.73418
G1 X113.777 Y115.356 E670.7866
G1 X113.353 Y116.381 E670.83825
G1 X113.206 Y117.501 E670.89085
G1 X113.353 Y118.615 E670.94317
G1 X113.777 Y119.645 E670.99504
G1 X114.46 Y120.531 E671.04713
G1 X115.355 Y121.219 E671.0997
G1 X116.381 Y121.643 E671.15139
G1 X117.499 Y121.79 E671.2039
G0 F9000 X117.499 Y122.194
;TYPE:WALL-OUTER
G1 F1160.4 X118.719 Y122.033 E671.2612
G1 X119.843 Y121.569 E671.31782
G1 X120.821 Y120.821 E671.37515
G1 X121.569 Y119.843 E671.43248
G1 X122.033 Y118.719 E671.48911
G1 X122.193 Y117.501 E671.54631
G1 X122.033 Y116.277 E671.60379
G1 X121.569 Y115.153 E671.66041
G1 X120.817 Y114.175 E671.71786
G1 X119.847 Y113.427 E671.77489
G1 X118.719 Y112.963 E671.83169
G1 X117.499 Y112.803 E671.88898
G1 X116.277 Y112.963 E671.94637
G1 X115.154 Y113.427 E672.00295
G1 X114.179 Y114.179 E672.06028
G1 X113.427 Y115.154 E672.11762
G1 X112.963 Y116.277 E672.1742
G1 X112.802 Y117.501 E672.23168
G1 X112.963 Y118.719 E672.28889
G1 X113.427 Y119.847 E672.34569
G1 X114.175 Y120.817 E672.40272
G1 X115.153 Y121.569 E672.46017
G1 X116.277 Y122.033 E672.51679
G1 X117.499 Y122.194 E672.57419
G0 F9000 X117.135 Y121.46
G0 X117.865 Y121.46
;TYPE:FILL
G1 F1160.4 X117.864 Y120.328 E672.6269
G1 X117.62 Y120.084 E672.64296
G1 X117.38 Y120.084 E672.65414
G1 X117.136 Y120.328 E672.67021
G1 X117.135 Y121.46 E672.72292
G1 X116.455 Y121.371 E672.75485
G1 X115.497 Y120.975 E672.80312
G1 X114.657 Y120.33 E672.85244
G1 X114.022 Y119.506 E672.90088
G1 X113.625 Y118.541 E672.94946
G1 X113.536 Y117.865 E672.98121
G1 X114.672 Y117.864 E673.03411
G1 X114.916 Y117.62 E673.05018
G1 X114.916 Y117.38 E673.06135
G1 X114.672 Y117.136 E673.07742
G1 X113.536 Y117.135 E673.13032
G1 X113.625 Y116.455 E673.16225
G1 X114.021 Y115.496 E673.21056
G1 X114.663 Y114.663 E673.25954
G1 X115.496 Y114.021 E673.30851
G1 X116.455 Y113.625 E673.35682
G1 X117.135 Y113.536 E673.38875
G1 X117.136 Y114.672 E673.44165
G1 X117.38 Y114.916 E673.45772
G1 X117.62 Y114.916 E673.46889
G1 X117.864 Y114.672 E673.48496
G1 X117.865 Y113.537 E673.53781
G1 X118.541 Y113.625 E673.56955
G1 X119.506 Y114.022 E673.61814
G1 X120.33 Y114.657 E673.66658
G1 X120.976 Y115.497 E673.71593
G1 X121.371 Y116.455 E673.76418
G1 X121.459 Y117.135 E673.79611
G1 X120.328 Y117.136 E673.84877
G1 X120.084 Y117.38 E673.86484
G1 X120.084 Y117.62 E673.87601
G1 X120.328 Y117.864 E673.89208
G1 X121.459 Y117.865 E673.94474
G1 X121.371 Y118.541 E673.97649
G1 X120.974 Y119.501 E674.02486
G1 X120.336 Y120.336 E674.07379
G1 X119.501 Y120.974 E674.12272
G1 X118.541 Y121.371 E674.1711
G1 X117.865 Y121.46 E674.20285
G0 F9000 X117.824 Y121.137
G1 F1500 E667.70285
;MESH:NONMESH
G0 F300 X117.824 Y121.137 Z20.44
G0 F9000 X117.5 Y113.033
G0 X117.357 Y111.95
G0 X117.358 Y103.051
G0 X117.5 Y101.967
G0 X117.5 Y101.483
G0 X117.499 Y101.79
;TIME_ELAPSED:982.141340
;LAYER:72
;note -- min layer time used
;TYPE:WALL-INNER
;MESH:yc1hingeDubel.stl(1)
G1 F1500 E674.20285
G1 F1164.1 X118.615 Y101.643 E674.25526
G1 X119.642 Y101.219 E674.307
G1 X120.535 Y100.535 E674.35938
G1 X121.219 Y99.642 E674.41175
G1 X121.643 Y98.615 E674.46349
G1 X121.789 Y97.501 E674.51581
G1 X121.643 Y96.381 E674.5684
G1 X121.219 Y95.355 E674.62009
G1 X120.531 Y94.46 E674.67266
G1 X119.645 Y93.777 E674.72475
G1 X118.615 Y93.353 E674.77662
G1 X117.499 Y93.207 E674.82902
G1 X116.381 Y93.353 E674.88152
G1 X115.356 Y93.776 E674.93316
G1 X114.464 Y94.464 E674.98561
G1 X113.777 Y95.356 E675.03804
G1 X113.353 Y96.381 E675.08969
G1 X113.206 Y97.501 E675.14229
G1 X113.353 Y98.615 E675.19461
G1 X113.777 Y99.645 E675.24648
G1 X114.46 Y100.531 E675.29857
G1 X115.355 Y101.219 E675.35113
G1 X116.381 Y101.643 E675.40283
G1 X117.499 Y101.79 E675.45533
G0 F9000 X117.499 Y102.194
;TYPE:WALL-OUTER
G1 F1164.1 X118.719 Y102.033 E675.51263
G1 X119.843 Y101.569 E675.56926
G1 X120.821 Y100.821 E675.62659
G1 X121.569 Y99.843 E675.68392
G1 X122.033 Y98.719 E675.74054
G1 X122.193 Y97.501 E675.79775
G1 X122.033 Y96.277 E675.85523
G1 X121.569 Y95.153 E675.91185
G1 X120.817 Y94.175 E675.96929
G1 X119.847 Y93.427 E676.02633
G1 X118.719 Y92.963 E676.08312
G1 X117.499 Y92.803 E676.14042
G1 X116.277 Y92.963 E676.19781
G1 X115.154 Y93.427 E676.25439
G1 X114.179 Y94.179 E676.31172
G1 X113.427 Y95.154 E676.36906
G1 X112.963 Y96.277 E676.42564
G1 X112.802 Y97.501 E676.48312
G1 X112.963 Y98.719 E676.54033
G1 X113.427 Y99.847 E676.59712
G1 X114.175 Y100.817 E676.65416
G1 X115.153 Y101.569 E676.71161
G1 X116.277 Y102.033 E676.76823
G1 X117.499 Y102.194 E676.82562
G0 F9000 X117.5 Y101.483
G0 X116.859 Y101.398
G0 X116.855 Y101.424
;TYPE:FILL
G1 F1164.1 X116.455 Y101.371 E676.84441
G1 X115.497 Y100.975 E676.89268
G1 X114.657 Y100.33 E676.94199
G1 X114.022 Y99.506 E676.99043
G1 X113.625 Y98.541 E677.03902
G1 X113.573 Y98.145 E677.05762
G1 X114.672 Y98.144 E677.1088
G1 X115.102 Y97.714 E677.13711
G1 X115.102 Y97.286 E677.15704
G1 X114.672 Y96.856 E677.18536
G1 X113.573 Y96.855 E677.23653
G1 X113.625 Y96.455 E677.25531
G1 X114.021 Y95.496 E677.30363
G1 X114.663 Y94.663 E677.3526
G1 X115.496 Y94.021 E677.40157
G1 X116.455 Y93.625 E677.44988
G1 X116.855 Y93.573 E677.46866
G1 X116.856 Y94.672 E677.51984
G1 X117.286 Y95.102 E677.54815
G1 X117.714 Y95.102 E677.56808
G1 X118.144 Y94.672 E677.5964
G1 X118.145 Y93.573 E677.64757
G1 X118.541 Y93.625 E677.66617
G1 X119.506 Y94.022 E677.71476
G1 X120.33 Y94.657 E677.7632
G1 X120.976 Y95.497 E677.81254
G1 X121.371 Y96.455 E677.86079
G1 X121.423 Y96.855 E677.87958
G1 X120.328 Y96.856 E677.93056
G1 X119.898 Y97.286 E677.95888
G1 X119.898 Y97.714 E677.97881
G1 X120.328 Y98.144 E678.00713
G1 X121.423 Y98.145 E678.05811
G1 X121.371 Y98.541 E678.07671
G1 X120.974 Y99.501 E678.12508
G1 X120.336 Y100.336 E678.17402
G1 X119.501 Y100.974 E678.22295
G1 X118.541 Y101.371 E678.27132
G1 X118.145 Y101.423 E678.28992
G1 X118.144 Y100.328 E678.34091
G1 X117.714 Y99.898 E678.36922
G1 X117.286 Y99.898 E678.38915
G1 X116.856 Y100.328 E678.41747
G1 X116.855 Y101.424 E678.4685
G0 F9000 X116.898 Y101.101
G1 F1500 E671.9685
;MESH:yc1hingeDubel.stl
G0 F9000 X117.5 Y101.967
G0 X117.643 Y103.05
G0 X117.642 Y111.949
G0 X117.5 Y113.033
G0 X117.5 Y121.483
G0 X117.499 Y121.79
;TYPE:WALL-INNER
G1 F1500 E678.4685
G1 F1164.1 X118.615 Y121.643 E678.52092
G1 X119.642 Y121.219 E678.57265
G1 X120.535 Y120.535 E678.62503
G1 X121.219 Y119.642 E678.67741
G1 X121.643 Y118.615 E678.72915
G1 X121.789 Y117.501 E678.78146
G1 X121.643 Y116.381 E678.83406
G1 X121.219 Y115.355 E678.88575
G1 X120.531 Y114.46 E678.93832
G1 X119.645 Y113.777 E678.99041
G1 X118.615 Y113.353 E679.04227
G1 X117.499 Y113.207 E679.09468
G1 X116.381 Y113.353 E679.14718
G1 X115.356 Y113.776 E679.19881
G1 X114.464 Y114.464 E679.25127
G1 X113.777 Y115.356 E679.3037
G1 X113.353 Y116.381 E679.35535
G1 X113.206 Y117.501 E679.40795
G1 X113.353 Y118.615 E679.46027
G1 X113.777 Y119.645 E679.51213
G1 X114.46 Y120.531 E679.56422
G1 X115.355 Y121.219 E679.61679
G1 X116.381 Y121.643 E679.66848
G1 X117.499 Y121.79 E679.72099
G0 F9000 X117.499 Y122.194
;TYPE:WALL-OUTER
G1 F1164.1 X118.719 Y122.033 E679.77829
G1 X119.843 Y121.569 E679.83491
G1 X120.821 Y120.821 E679.89225
G1 X121.569 Y119.843 E679.94958
G1 X122.033 Y118.719 E680.0062
G1 X122.193 Y117.501 E680.0634
G1 X122.033 Y116.277 E680.12088
G1 X121.569 Y115.153 E680.1775
G1 X120.817 Y114.175 E680.23495
G1 X119.847 Y113.427 E680.29199
G1 X118.719 Y112.963 E680.34878
G1 X117.499 Y112.803 E680.40608
G1 X116.277 Y112.963 E680.46346
G1 X115.154 Y113.427 E680.52004
G1 X114.179 Y114.179 E680.57738
G1 X113.427 Y115.154 E680.63471
G1 X112.963 Y116.277 E680.69129
G1 X112.802 Y117.501 E680.74878
G1 X112.963 Y118.719 E680.80599
G1 X113.427 Y119.847 E680.86278
G1 X114.175 Y120.817 E680.91982
G1 X115.153 Y121.569 E680.97726
G1 X116.277 Y122.033 E681.03389
G1 X117.499 Y122.194 E681.09128
G0 F9000 X117.5 Y121.483
G0 X116.859 Y121.398
G0 X116.855 Y121.424
;TYPE:FILL
G1 F1164.1 X116.455 Y121.371 E681.11007
G1 X115.497 Y120.975 E681.15834
G1 X114.657 Y120.33 E681.20765
G1 X114.022 Y119.506 E681.25609
G1 X113.625 Y118.541 E681.30468
G1 X113.573 Y118.145 E681.32328
G1 X114.672 Y118.144 E681.37445
G1 X115.102 Y117.714 E681.40277
G1 X115.102 Y117.286 E681.4227
G1 X114.672 Y116.856 E681.45101
G1 X113.573 Y116.855 E681.50219
G1 X113.625 Y116.455 E681.52097
G1 X114.021 Y115.496 E681.56928
G1 X114.663 Y114.663 E681.61825
G1 X115.496 Y114.021 E681.66723
G1 X116.455 Y113.625 E681.71554
G1 X116.855 Y113.573 E681.73432
G1 X116.856 Y114.672 E681.78549
G1 X117.286 Y115.102 E681.81381
G1 X117.714 Y115.102 E681.83374
G1 X118.144 Y114.672 E681.86206
G1 X118.145 Y113.573 E681.91323
G1 X118.541 Y113.625 E681.93183
G1 X119.506 Y114.022 E681.98042
G1 X120.33 Y114.657 E682.02886
G1 X120.976 Y115.497 E682.0782
G1 X121.371 Y116.455 E682.12645
G1 X121.423 Y116.855 E682.14523
G1 X120.328 Y116.856 E682.19622
G1 X119.898 Y117.286 E682.22454
G1 X119.898 Y117.714 E682.24447
G1 X120.328 Y118.144 E682.27278
G1 X121.423 Y118.145 E682.32377
G1 X121.371 Y118.541 E682.34237
G1 X120.974 Y119.501 E682.39074
G1 X120.336 Y120.336 E682.43967
G1 X119.501 Y120.974 E682.48861
G1 X118.541 Y121.371 E682.53698
G1 X118.145 Y121.423 E682.55558
G1 X118.144 Y120.328 E682.60656
G1 X117.714 Y119.898 E682.63488
G1 X117.286 Y119.898 E682.65481
G1 X116.856 Y120.328 E682.68313
G1 X116.855 Y121.424 E682.73416
G0 F9000 X116.898 Y121.101
G1 F1500 E676.23416
;MESH:NONMESH
G0 F300 X116.898 Y121.101 Z20.72
G0 F9000 X117.5 Y113.033
G0 X117.357 Y111.95
G0 X117.358 Y103.051
G0 X117.5 Y101.967
G0 X117.5 Y101.483
G0 X117.499 Y101.79
;TIME_ELAPSED:994.579544
;LAYER:73
;note -- min layer time used
;TYPE:WALL-INNER
;MESH:yc1hingeDubel.stl(1)
G1 F1500 E682.73416
G1 F1168.6 X118.615 Y101.643 E682.78657
G1 X119.642 Y101.219 E682.83831
G1 X120.535 Y100.535 E682.89069
G1 X121.219 Y99.642 E682.94307
G1 X121.643 Y98.615 E682.9948
G1 X121.789 Y97.501 E683.04712
G1 X121.643 Y96.381 E683.09971
G1 X121.219 Y95.355 E683.15141
G1 X120.531 Y94.46 E683.20397
G1 X119.645 Y93.777 E683.25606
G1 X118.615 Y93.353 E683.30793
G1 X117.499 Y93.207 E683.36034
G1 X116.381 Y93.353 E683.41284
G1 X115.356 Y93.776 E683.46447
G1 X114.464 Y94.464 E683.51693
G1 X113.777 Y95.356 E683.56935
G1 X113.353 Y96.381 E683.621
G1 X113.206 Y97.501 E683.6736
G1 X113.353 Y98.615 E683.72592
G1 X113.777 Y99.645 E683.77779
G1 X114.46 Y100.531 E683.82988
G1 X115.355 Y101.219 E683.88245
G1 X116.381 Y101.643 E683.93414
G1 X117.499 Y101.79 E683.98665
G0 F9000 X117.499 Y102.194
;TYPE:WALL-OUTER
G1 F1168.6 X118.719 Y102.033 E684.04395
G1 X119.843 Y101.569 E684.10057
G1 X120.821 Y100.821 E684.1579
G1 X121.569 Y99.843 E684.21524
G1 X122.033 Y98.719 E684.27186
G1 X122.193 Y97.501 E684.32906
G1 X122.033 Y96.277 E684.38654
G1 X121.569 Y95.153 E684.44316
G1 X120.817 Y94.175 E684.50061
G1 X119.847 Y93.427 E684.55764
G1 X118.719 Y92.963 E684.61444
G1 X117.499 Y92.803 E684.67173
G1 X116.277 Y92.963 E684.72912
G1 X115.154 Y93.427 E684.7857
G1 X114.179 Y94.179 E684.84304
G1 X113.427 Y95.154 E684.90037
G1 X112.963 Y96.277 E684.95695
G1 X112.802 Y97.501 E685.01444
G1 X112.963 Y98.719 E685.07164
G1 X113.427 Y99.847 E685.12844
G1 X114.175 Y100.817 E685.18548
G1 X115.153 Y101.569 E685.24292
G1 X116.277 Y102.033 E685.29954
G1 X117.499 Y102.194 E685.35694
G0 F9000 X117.5 Y101.483
G0 X116.579 Y101.362
G0 X116.575 Y101.387
;TYPE:FILL
G1 F1168.6 X116.455 Y101.371 E685.36257
G1 X115.497 Y100.975 E685.41084
G1 X114.657 Y100.33 E685.46016
G1 X114.022 Y99.506 E685.5086
G1 X113.625 Y98.541 E685.55719
G1 X113.61 Y98.425 E685.56263
G1 X114.672 Y98.424 E685.61208
G1 X115.289 Y97.807 E685.65271
G1 X115.289 Y97.193 E685.6813
G1 X114.672 Y96.576 E685.72194
G1 X113.609 Y96.575 E685.77143
G1 X113.625 Y96.455 E685.77707
G1 X114.021 Y95.496 E685.82538
G1 X114.663 Y94.663 E685.87435
G1 X115.496 Y94.021 E685.92332
G1 X116.455 Y93.625 E685.97164
G1 X116.575 Y93.609 E685.97727
G1 X116.576 Y94.672 E686.02677
G1 X117.193 Y95.289 E686.0674
G1 X117.807 Y95.289 E686.09599
G1 X118.424 Y94.672 E686.13662
G1 X118.425 Y93.61 E686.18607
G1 X118.541 Y93.625 E686.19152
G1 X119.506 Y94.022 E686.24011
G1 X120.33 Y94.657 E686.28855
G1 X120.976 Y95.497 E686.33789
G1 X121.371 Y96.455 E686.38614
G1 X121.387 Y96.575 E686.39178
G1 X120.328 Y96.576 E686.44109
G1 X119.711 Y97.193 E686.48172
G1 X119.711 Y97.807 E686.51031
G1 X120.328 Y98.424 E686.55094
G1 X121.386 Y98.425 E686.60021
G1 X121.371 Y98.541 E686.60566
G1 X120.974 Y99.501 E686.65403
G1 X120.336 Y100.336 E686.70296
G1 X119.501 Y100.974 E686.75189
G1 X118.541 Y101.371 E686.80027
G1 X118.425 Y101.386 E686.80571
G1 X118.424 Y100.328 E686.85498
G1 X117.807 Y99.711 E686.89561
G1 X117.193 Y99.711 E686.9242
G1 X116.576 Y100.328 E686.96483
G1 X116.575 Y101.387 E687.01414
G0 F9000 X116.619 Y101.065
G1 F1500 E680.51414
;MESH:yc1hingeDubel.stl
G0 F9000 X117.5 Y101.967
G0 X117.643 Y103.05
G0 X117.642 Y111.949
G0 X117.5 Y113.033
G0 X117.5 Y121.483
G0 X117.499 Y121.79
;TYPE:WALL-INNER
G1 F1500 E687.01414
G1 F1168.6 X118.615 Y121.643 E687.06655
G1 X119.642 Y121.219 E687.11829
G1 X120.535 Y120.535 E687.17067
G1 X121.219 Y119.642 E687.22305
G1 X121.643 Y118.615 E687.27478
G1 X121.789 Y117.501 E687.3271
G1 X121.643 Y116.381 E687.37969
G1 X121.219 Y115.355 E687.43139
G1 X120.531 Y114.46 E687.48395
G1 X119.645 Y113.777 E687.53604
G1 X118.615 Y113.353 E687.58791
G1 X117.499 Y113.207 E687.64032
G1 X116.381 Y113.353 E687.69282
G1 X115.356 Y113.776 E687.74445
G1 X114.464 Y114.464 E687.79691
G1 X113.777 Y115.356 E687.84933
G1 X113.353 Y116.381 E687.90098
G1 X113.206 Y117.501 E687.95358
G1 X113.353 Y118.615 E688.0059
G1 X113.777 Y119.645 E688.05777
G1 X114.46 Y120.531 E688.10986
G1 X115.355 Y121.219 E688.16243
G1 X116.381 Y121.643 E688.21412
G1 X117.499 Y121.79 E688.26663
G0 F9000 X117.499 Y122.194
;TYPE:WALL-OUTER
G1 F1168.6 X118.719 Y122.033 E688.32393
G1 X119.843 Y121.569 E688.38055
G1 X120.821 Y120.821 E688.43788
G1 X121.569 Y119.843 E688.49521
G1 X122.033 Y118.719 E688.55184
G1 X122.193 Y117.501 E688.60904
G1 X122.033 Y116.277 E688.66652
G1 X121.569 Y115.153 E688.72314
G1 X120.817 Y114.175 E688.78059
G1 X119.847 Y113.427 E688.83762
G1 X118.719 Y112.963 E688.89442
G1 X117.499 Y112.803 E688.95171
G1 X116.277 Y112.963 E689.0091
G1 X115.154 Y113.427 E689.06568
G1 X114.179 Y114.179 E689.12301
G1 X113.427 Y115.154 E689.18035
G1 X112.963 Y116.277 E689.23693
G1 X112.802 Y117.501 E689.29441
G1 X112.963 Y118.719 E689.35162
G1 X113.427 Y119.847 E689.40842
G1 X114.175 Y120.817 E689.46545
G1 X115.153 Y121.569 E689.5229
G1 X116.277 Y122.033 E689.57952
G1 X117.499 Y122.194 E689.63692
G0 F9000 X117.5 Y121.483
G0 X116.579 Y121.362
G0 X116.575 Y121.387
;TYPE:FILL
G1 F1168.6 X116.455 Y121.371 E689.64255
G1 X115.497 Y120.975 E689.69082
G1 X114.657 Y120.33 E689.74014
G1 X114.022 Y119.506 E689.78858
G1 X113.625 Y118.541 E689.83717
G1 X113.61 Y118.425 E689.84261
G1 X114.672 Y118.424 E689.89206
G1 X115.289 Y117.807 E689.93269
G1 X115.289 Y117.193 E689.96128
G1 X114.672 Y116.576 E690.00191
G1 X113.609 Y116.575 E690.05141
G1 X113.625 Y116.455 E690.05705
G1 X114.021 Y115.496 E690.10536
G1 X114.663 Y114.663 E690.15433
G1 X115.496 Y114.021 E690.2033
G1 X116.455 Y113.625 E690.25162
G1 X116.575 Y113.609 E690.25725
G1 X116.576 Y114.672 E690.30675
G1 X117.193 Y115.289 E690.34738
G1 X117.807 Y115.289 E690.37597
G1 X118.424 Y114.672 E690.4166
G1 X118.425 Y113.61 E690.46605
G1 X118.541 Y113.625 E690.4715
G1 X119.506 Y114.022 E690.52009
G1 X120.33 Y114.657 E690.56853
G1 X120.976 Y115.497 E690.61787
G1 X121.371 Y116.455 E690.66612
G1 X121.387 Y116.575 E690.67176
G1 X120.328 Y116.576 E690.72107
G1 X119.711 Y117.193 E690.7617
G1 X119.711 Y117.807 E690.79029
G1 X120.328 Y118.424 E690.83092
G1 X121.386 Y118.425 E690.88019
G1 X121.371 Y118.541 E690.88564
G1 X120.974 Y119.501 E690.93401
G1 X120.336 Y120.336 E690.98294
G1 X119.501 Y120.974 E691.03187
G1 X118.541 Y121.371 E691.08025
G1 X118.425 Y121.386 E691.08569
G1 X118.424 Y120.328 E691.13496
G1 X117.807 Y119.711 E691.17559
G1 X117.193 Y119.711 E691.20418
G1 X116.576 Y120.328 E691.24481
G1 X116.575 Y121.387 E691.29412
G0 F9000 X116.619 Y121.065
G1 F1500 E684.79412
;MESH:NONMESH
G0 F300 X116.619 Y121.065 Z21
G0 F9000 X117.5 Y113.033
G0 X117.357 Y111.95
G0 X117.358 Y103.051
G0 X117.5 Y101.967
G0 X117.5 Y101.483
G0 X117.499 Y101.79
;TIME_ELAPSED:1007.075748
;LAYER:74
;note -- min layer time used
;TYPE:WALL-INNER
;MESH:yc1hingeDubel.stl(1)
G1 F1500 E691.29412
G1 F1167.3 X118.615 Y101.643 E691.34653
G1 X119.642 Y101.219 E691.39827
G1 X120.535 Y100.535 E691.45065
G1 X121.219 Y99.642 E691.50303
G1 X121.643 Y98.615 E691.55476
G1 X121.789 Y97.501 E691.60708
G1 X121.643 Y96.381 E691.65967
G1 X121.219 Y95.355 E691.71137
G1 X120.531 Y94.46 E691.76393
G1 X119.645 Y93.777 E691.81602
G1 X118.615 Y93.353 E691.86789
G1 X117.499 Y93.207 E691.9203
G1 X116.381 Y93.353 E691.9728
G1 X115.356 Y93.776 E692.02443
G1 X114.464 Y94.464 E692.07689
G1 X113.777 Y95.356 E692.12931
G1 X113.353 Y96.381 E692.18096
G1 X113.206 Y97.501 E692.23356
G1 X113.353 Y98.615 E692.28588
G1 X113.777 Y99.645 E692.33775
G1 X114.46 Y100.531 E692.38984
G1 X115.355 Y101.219 E692.44241
G1 X116.381 Y101.643 E692.4941
G1 X117.499 Y101.79 E692.54661
G0 F9000 X117.499 Y102.194
;TYPE:WALL-OUTER
G1 F1167.3 X118.719 Y102.033 E692.60391
G1 X119.843 Y101.569 E692.66053
G1 X120.821 Y100.821 E692.71786
G1 X121.569 Y99.843 E692.77519
G1 X122.033 Y98.719 E692.83182
G1 X122.193 Y97.501 E692.88902
G1 X122.033 Y96.277 E692.9465
G1 X121.569 Y95.153 E693.00312
G1 X120.817 Y94.175 E693.06057
G1 X119.847 Y93.427 E693.1176
G1 X118.719 Y92.963 E693.1744
G1 X117.499 Y92.803 E693.23169
G1 X116.277 Y92.963 E693.28908
G1 X115.154 Y93.427 E693.34566
G1 X114.179 Y94.179 E693.40299
G1 X113.427 Y95.154 E693.46033
G1 X112.963 Y96.277 E693.51691
G1 X112.802 Y97.501 E693.57439
G1 X112.963 Y98.719 E693.6316
G1 X113.427 Y99.847 E693.6884
G1 X114.175 Y100.817 E693.74543
G1 X115.153 Y101.569 E693.80288
G1 X116.277 Y102.033 E693.8595
G1 X117.499 Y102.194 E693.9169
G0 F9000 X117.5 Y101.483
G0 X116.306 Y101.28
G0 X116.295 Y101.305
;TYPE:FILL
G1 F1167.3 X115.497 Y100.975 E693.95711
G1 X114.657 Y100.33 E694.00642
G1 X114.022 Y99.506 E694.05486
G1 X113.692 Y98.705 E694.0952
G1 X114.672 Y98.704 E694.14083
G1 X115.476 Y97.9 E694.19378
G1 X115.476 Y97.1 E694.23103
G1 X114.672 Y96.296 E694.28397
G1 X113.691 Y96.295 E694.32965
G1 X114.021 Y95.496 E694.36991
G1 X114.663 Y94.663 E694.41888
G1 X115.496 Y94.021 E694.46785
G1 X116.295 Y93.691 E694.5081
G1 X116.296 Y94.672 E694.55378
G1 X117.1 Y95.476 E694.60673
G1 X117.9 Y95.476 E694.64398
G1 X118.704 Y94.672 E694.69692
G1 X118.705 Y93.692 E694.74256
G1 X119.506 Y94.022 E694.78289
G1 X120.33 Y94.657 E694.83133
G1 X120.976 Y95.497 E694.88068
G1 X121.305 Y96.295 E694.92087
G1 X120.328 Y96.296 E694.96636
G1 X119.524 Y97.1 E695.01931
G1 X119.524 Y97.9 E695.05656
G1 X120.328 Y98.704 E695.1095
G1 X121.303 Y98.705 E695.1549
G1 X120.974 Y99.501 E695.19501
G1 X120.336 Y100.336 E695.24394
G1 X119.501 Y100.974 E695.29287
G1 X118.705 Y101.303 E695.33298
G1 X118.704 Y100.328 E695.37838
G1 X117.9 Y99.524 E695.43132
G1 X117.1 Y99.524 E695.46858
G1 X116.296 Y100.328 E695.52152
G1 X116.295 Y101.305 E695.56701
G0 F9000 X116.422 Y101.003
G1 F1500 E689.06701
;MESH:yc1hingeDubel.stl
G0 F9000 X117.5 Y101.967
G0 X117.643 Y103.05
G0 X117.642 Y111.949
G0 X117.5 Y113.033
G0 X117.5 Y121.483
G0 X117.499 Y121.79
;TYPE:WALL-INNER
G1 F1500 E695.56701
G1 F1167.3 X118.615 Y121.643 E695.61943
G1 X119.642 Y121.219 E695.67117
G1 X120.535 Y120.535 E695.72354
G1 X121.219 Y119.642 E695.77592
G1 X121.643 Y118.615 E695.82766
G1 X121.789 Y117.501 E695.87997
G1 X121.643 Y116.381 E695.93257
G1 X121.219 Y115.355 E695.98426
G1 X120.531 Y114.46 E696.03683
G1 X119.645 Y113.777 E696.08892
G1 X118.615 Y113.353 E696.14078
G1 X117.499 Y113.207 E696.19319
G1 X116.381 Y113.353 E696.24569
G1 X115.356 Y113.776 E696.29733
G1 X114.464 Y114.464 E696.34978
G1 X113.777 Y115.356 E696.40221
G1 X113.353 Y116.381 E696.45386
G1 X113.206 Y117.501 E696.50646
G1 X113.353 Y118.615 E696.55878
G1 X113.777 Y119.645 E696.61064
G1 X114.46 Y120.531 E696.66274
G1 X115.355 Y121.219 E696.7153
G1 X116.381 Y121.643 E696.76699
G1 X117.499 Y121.79 E696.8195
G0 F9000 X117.499 Y122.194
;TYPE:WALL-OUTER
G1 F1167.3 X118.719 Y122.033 E696.8768
G1 X119.843 Y121.569 E696.93342
G1 X120.821 Y120.821 E696.99076
G1 X121.569 Y119.843 E697.04809
G1 X122.033 Y118.719 E697.10471
G1 X122.193 Y117.501 E697.16191
G1 X122.033 Y116.277 E697.21939
G1 X121.569 Y115.153 E697.27602
G1 X120.817 Y114.175 E697.33346
G1 X119.847 Y113.427 E697.3905
G1 X118.719 Y112.963 E697.44729
G1 X117.499 Y112.803 E697.50459
G1 X116.277 Y112.963 E697.56197
G1 X115.154 Y113.427 E697.61855
G1 X114.179 Y114.179 E697.67589
G1 X113.427 Y115.154 E697.73322
G1 X112.963 Y116.277 E697.7898
G1 X112.802 Y117.501 E697.84729
G1 X112.963 Y118.719 E697.9045
G1 X113.427 Y119.847 E697.96129
G1 X114.175 Y120.817 E698.01833
G1 X115.153 Y121.569 E698.07577
G1 X116.277 Y122.033 E698.1324
G1 X117.499 Y122.194 E698.18979
G0 F9000 X117.5 Y121.483
G0 X116.306 Y121.28
G0 X116.295 Y121.305
;TYPE:FILL
G1 F1167.3 X115.497 Y120.975 E698.23
G1 X114.657 Y120.33 E698.27932
G1 X114.022 Y119.506 E698.32776
G1 X113.692 Y118.705 E698.36809
G1 X114.672 Y118.704 E698.41373
G1 X115.476 Y117.9 E698.46667
G1 X115.476 Y117.1 E698.50392
G1 X114.672 Y116.296 E698.55687
G1 X113.691 Y116.295 E698.60255
G1 X114.021 Y115.496 E698.6428
G1 X114.663 Y114.663 E698.69177
G1 X115.496 Y114.021 E698.74074
G1 X116.295 Y113.691 E698.781
G1 X116.296 Y114.672 E698.82668
G1 X117.1 Y115.476 E698.87962
G1 X117.9 Y115.476 E698.91687
G1 X118.704 Y114.672 E698.96982
G1 X118.705 Y113.692 E699.01545
G1 X119.506 Y114.022 E699.05579
G1 X120.33 Y114.657 E699.10423
G1 X120.976 Y115.497 E699.15357
G1 X121.305 Y116.295 E699.19376
G1 X120.328 Y116.296 E699.23926
G1 X119.524 Y117.1 E699.2922
G1 X119.524 Y117.9 E699.32945
G1 X120.328 Y118.704 E699.3824
G1 X121.303 Y118.705 E699.4278
G1 X120.974 Y119.501 E699.46791
G1 X120.336 Y120.336 E699.51684
G1 X119.501 Y120.974 E699.56577
G1 X118.705 Y121.303 E699.60587
G1 X118.704 Y120.328 E699.65127
G1 X117.9 Y119.524 E699.70422
G1 X117.1 Y119.524 E699.74147
G1 X116.296 Y120.328 E699.79442
G1 X116.295 Y121.305 E699.83991
G0 F9000 X116.422 Y121.003
G1 F1500 E693.33991
;MESH:NONMESH
G0 F300 X116.422 Y121.003 Z21.28
G0 F9000 X117.5 Y113.033
G0 X117.357 Y111.95
G0 X117.358 Y103.051
G0 X117.5 Y101.967
G0 X117.5 Y101.483
G0 X117.499 Y101.79
;TIME_ELAPSED:1019.629552
;LAYER:75
;note -- min layer time used
;TYPE:WALL-INNER
;MESH:yc1hingeDubel.stl(1)
G1 F1500 E699.83991
G1 F1161.7 X118.615 Y101.643 E699.89232
G1 X119.642 Y101.219 E699.94406
G1 X120.535 Y100.535 E699.99644
G1 X121.219 Y99.642 E700.04882
G1 X121.643 Y98.615 E700.10055
G1 X121.789 Y97.501 E700.15287
G1 X121.643 Y96.381 E700.20546
G1 X121.219 Y95.355 E700.25716
G1 X120.531 Y94.46 E700.30972
G1 X119.645 Y93.777 E700.36181
G1 X118.615 Y93.353 E700.41368
G1 X117.499 Y93.207 E700.46609
G1 X116.381 Y93.353 E700.51859
G1 X115.356 Y93.776 E700.57022
G1 X114.464 Y94.464 E700.62267
G1 X113.777 Y95.356 E700.6751
G1 X113.353 Y96.381 E700.72675
G1 X113.206 Y97.501 E700.77935
G1 X113.353 Y98.615 E700.83167
G1 X113.777 Y99.645 E700.88354
G1 X114.46 Y100.531 E700.93563
G1 X115.355 Y101.219 E700.9882
G1 X116.381 Y101.643 E701.03989
G1 X117.499 Y101.79 E701.0924
G0 F9000 X117.499 Y102.194
;TYPE:WALL-OUTER
G1 F1161.7 X118.719 Y102.033 E701.1497
G1 X119.843 Y101.569 E701.20632
G1 X120.821 Y100.821 E701.26365
G1 X121.569 Y99.843 E701.32098
G1 X122.033 Y98.719 E701.37761
G1 X122.193 Y97.501 E701.43481
G1 X122.033 Y96.277 E701.49229
G1 X121.569 Y95.153 E701.54891
G1 X120.817 Y94.175 E701.60636
G1 X119.847 Y93.427 E701.66339
G1 X118.719 Y92.963 E701.72019
G1 X117.499 Y92.803 E701.77748
G1 X116.277 Y92.963 E701.83487
G1 X115.154 Y93.427 E701.89145
G1 X114.179 Y94.179 E701.94878
G1 X113.427 Y95.154 E702.00612
G1 X112.963 Y96.277 E702.0627
G1 X112.802 Y97.501 E702.12018
G1 X112.963 Y98.719 E702.17739
G1 X113.427 Y99.847 E702.23419
G1 X114.175 Y100.817 E702.29122
G1 X115.153 Y101.569 E702.34867
G1 X116.277 Y102.033 E702.40529
G1 X117.499 Y102.194 E702.46269
G0 F9000 X117.5 Y101.483
G0 X116.026 Y101.164
G0 X116.015 Y101.189
;TYPE:FILL
G1 F1161.7 X115.497 Y100.975 E702.48878
G1 X114.657 Y100.33 E702.5381
G1 X114.022 Y99.506 E702.58654
G1 X113.808 Y98.985 E702.61276
G1 X114.672 Y98.984 E702.653
G1 X115.662 Y97.994 E702.71819
G1 X115.662 Y97.006 E702.76419
G1 X114.672 Y96.016 E702.82939
G1 X113.807 Y96.015 E702.86967
G1 X114.021 Y95.496 E702.89581
G1 X114.663 Y94.663 E702.94478
G1 X115.496 Y94.021 E702.99375
G1 X116.015 Y93.807 E703.01989
G1 X116.016 Y94.672 E703.06017
G1 X117.006 Y95.662 E703.12536
G1 X117.994 Y95.662 E703.17137
G1 X118.984 Y94.672 E703.23656
G1 X118.985 Y93.808 E703.27679
G1 X119.506 Y94.022 E703.30302
G1 X120.33 Y94.657 E703.35146
G1 X120.976 Y95.497 E703.4008
G1 X121.19 Y96.015 E703.4269
G1 X120.328 Y96.016 E703.46704
G1 X119.338 Y97.006 E703.53223
G1 X119.338 Y97.994 E703.57823
G1 X120.328 Y98.984 E703.64343
G1 X121.187 Y98.985 E703.68343
G1 X120.974 Y99.501 E703.70942
G1 X120.336 Y100.336 E703.75835
G1 X119.501 Y100.974 E703.80728
G1 X118.985 Y101.187 E703.83328
G1 X118.984 Y100.328 E703.87328
G1 X117.994 Y99.338 E703.93847
G1 X117.006 Y99.338 E703.98447
G1 X116.016 Y100.328 E704.04967
G1 X116.015 Y101.189 E704.08976
G0 F9000 X116.142 Y100.887
G1 F1500 E697.58976
;MESH:yc1hingeDubel.stl
G0 F9000 X117.5 Y101.967
G0 X117.643 Y103.05
G0 X117.642 Y111.949
G0 X117.5 Y113.033
G0 X117.5 Y121.483
G0 X117.499 Y121.79
;TYPE:WALL-INNER
G1 F1500 E704.08976
G1 F1161.7 X118.615 Y121.643 E704.14217
G1 X119.642 Y121.219 E704.19391
G1 X120.535 Y120.535 E704.24629
G1 X121.219 Y119.642 E704.29867
G1 X121.643 Y118.615 E704.3504
G1 X121.789 Y117.501 E704.40272
G1 X121.643 Y116.381 E704.45531
G1 X121.219 Y115.355 E704.50701
G1 X120.531 Y114.46 E704.55957
G1 X119.645 Y113.777 E704.61166
G1 X118.615 Y113.353 E704.66353
G1 X117.499 Y113.207 E704.71594
G1 X116.381 Y113.353 E704.76844
G1 X115.356 Y113.776 E704.82007
G1 X114.464 Y114.464 E704.87253
G1 X113.777 Y115.356 E704.92495
G1 X113.353 Y116.381 E704.9766
G1 X113.206 Y117.501 E705.0292
G1 X113.353 Y118.615 E705.08152
G1 X113.777 Y119.645 E705.13339
G1 X114.46 Y120.531 E705.18548
G1 X115.355 Y121.219 E705.23805
G1 X116.381 Y121.643 E705.28974
G1 X117.499 Y121.79 E705.34225
G0 F9000 X117.499 Y122.194
;TYPE:WALL-OUTER
G1 F1161.7 X118.719 Y122.033 E705.39955
G1 X119.843 Y121.569 E705.45617
G1 X120.821 Y120.821 E705.5135
G1 X121.569 Y119.843 E705.57083
G1 X122.033 Y118.719 E705.62746
G1 X122.193 Y117.501 E705.68466
G1 X122.033 Y116.277 E705.74214
G1 X121.569 Y115.153 E705.79876
G1 X120.817 Y114.175 E705.85621
G1 X119.847 Y113.427 E705.91324
G1 X118.719 Y112.963 E705.97004
G1 X117.499 Y112.803 E706.02733
G1 X116.277 Y112.963 E706.08472
G1 X115.154 Y113.427 E706.1413
G1 X114.179 Y114.179 E706.19863
G1 X113.427 Y115.154 E706.25597
G1 X112.963 Y116.277 E706.31255
G1 X112.802 Y117.501 E706.37003
G1 X112.963 Y118.719 E706.42724
G1 X113.427 Y119.847 E706.48404
G1 X114.175 Y120.817 E706.54107
G1 X115.153 Y121.569 E706.59852
G1 X116.277 Y122.033 E706.65514
G1 X117.499 Y122.194 E706.71254
G0 F9000 X117.5 Y121.483
G0 X116.026 Y121.164
G0 X116.015 Y121.189
;TYPE:FILL
G1 F1161.7 X115.497 Y120.975 E706.73863
G1 X114.657 Y120.33 E706.78795
G1 X114.022 Y119.506 E706.83639
G1 X113.808 Y118.985 E706.86261
G1 X114.672 Y118.984 E706.90285
G1 X115.662 Y117.994 E706.96804
G1 X115.662 Y117.006 E707.01405
G1 X114.672 Y116.016 E707.07924
G1 X113.807 Y116.015 E707.11952
G1 X114.021 Y115.496 E707.14566
G1 X114.663 Y114.663 E707.19463
G1 X115.496 Y114.021 E707.2436
G1 X116.015 Y113.807 E707.26974
G1 X116.016 Y114.672 E707.31002
G1 X117.006 Y115.662 E707.37521
G1 X117.994 Y115.662 E707.42122
G1 X118.984 Y114.672 E707.48641
G1 X118.985 Y113.808 E707.52664
G1 X119.506 Y114.022 E707.55287
G1 X120.33 Y114.657 E707.60131
G1 X120.976 Y115.497 E707.65065
G1 X121.19 Y116.015 E707.67675
G1 X120.328 Y116.016 E707.71689
G1 X119.338 Y117.006 E707.78208
G1 X119.338 Y117.994 E707.82809
G1 X120.328 Y118.984 E707.89328
G1 X121.187 Y118.985 E707.93328
G1 X120.974 Y119.501 E707.95927
G1 X120.336 Y120.336 E708.0082
G1 X119.501 Y120.974 E708.05713
G1 X118.985 Y121.187 E708.08313
G1 X118.984 Y120.328 E708.12313
G1 X117.994 Y119.338 E708.18832
G1 X117.006 Y119.338 E708.23433
G1 X116.016 Y120.328 E708.29952
G1 X116.015 Y121.189 E708.33961
G0 F9000 X116.142 Y120.887
G1 F1500 E701.83961
;MESH:NONMESH
G0 F300 X116.142 Y120.887 Z21.56
G0 F9000 X117.5 Y113.033
G0 X117.357 Y111.95
G0 X117.358 Y103.051
G0 X117.5 Y101.967
G0 X117.5 Y101.483
G0 X117.499 Y101.79
;TIME_ELAPSED:1032.212971
;LAYER:76
;note -- min layer time used
;TYPE:WALL-INNER
;MESH:yc1hingeDubel.stl(1)
G1 F1500 E708.33961
G1 F1153.9 X118.615 Y101.643 E708.39202
G1 X119.642 Y101.219 E708.44376
G1 X120.535 Y100.535 E708.49614
G1 X121.219 Y99.642 E708.54852
G1 X121.643 Y98.615 E708.60025
G1 X121.789 Y97.501 E708.65257
G1 X121.643 Y96.381 E708.70516
G1 X121.219 Y95.355 E708.75686
G1 X120.531 Y94.46 E708.80942
G1 X119.645 Y93.777 E708.86151
G1 X118.615 Y93.353 E708.91338
G1 X117.499 Y93.207 E708.96579
G1 X116.381 Y93.353 E709.01829
G1 X115.356 Y93.776 E709.06992
G1 X114.464 Y94.464 E709.12238
G1 X113.777 Y95.356 E709.1748
G1 X113.353 Y96.381 E709.22645
G1 X113.206 Y97.501 E709.27905
G1 X113.353 Y98.615 E709.33137
G1 X113.777 Y99.645 E709.38324
G1 X114.46 Y100.531 E709.43533
G1 X115.355 Y101.219 E709.4879
G1 X116.381 Y101.643 E709.53959
G1 X117.499 Y101.79 E709.5921
G0 F9000 X117.499 Y102.194
;TYPE:WALL-OUTER
G1 F1153.9 X118.719 Y102.033 E709.6494
G1 X119.843 Y101.569 E709.70602
G1 X120.821 Y100.821 E709.76335
G1 X121.569 Y99.843 E709.82069
G1 X122.033 Y98.719 E709.87731
G1 X122.193 Y97.501 E709.93451
G1 X122.033 Y96.277 E709.99199
G1 X121.569 Y95.153 E710.04861
G1 X120.817 Y94.175 E710.10606
G1 X119.847 Y93.427 E710.16309
G1 X118.719 Y92.963 E710.21989
G1 X117.499 Y92.803 E710.27718
G1 X116.277 Y92.963 E710.33457
G1 X115.154 Y93.427 E710.39115
G1 X114.179 Y94.179 E710.44849
G1 X113.427 Y95.154 E710.50582
G1 X112.963 Y96.277 E710.5624
G1 X112.802 Y97.501 E710.61989
G1 X112.963 Y98.719 E710.67709
G1 X113.427 Y99.847 E710.73389
G1 X114.175 Y100.817 E710.79093
G1 X115.153 Y101.569 E710.84837
G1 X116.277 Y102.033 E710.90499
G1 X117.499 Y102.194 E710.96239
G0 F9000 X117.5 Y101.483
G0 X119.256 Y101.047
G0 X119.265 Y101.071
G0 X119.501 Y100.974
;TYPE:FILL
G1 F1153.9 X119.265 Y101.071 E710.97427
G1 X119.264 Y100.328 E711.00886
G1 X118.087 Y99.151 E711.08637
G1 X116.913 Y99.151 E711.14104
G1 X115.736 Y100.328 E711.21855
G1 X115.735 Y101.037 E711.25156
G1 X115.709 Y101.063 E711.25327
G1 X115.497 Y100.975 E711.26396
G1 X114.657 Y100.33 E711.31328
G1 X114.022 Y99.506 E711.36172
G1 X113.935 Y99.293 E711.37243
G1 X113.963 Y99.265 E711.37427
G1 X114.672 Y99.264 E711.40729
G1 X115.849 Y98.087 E711.48479
G1 X115.849 Y96.913 E711.53946
G1 X114.672 Y95.736 E711.61697
G1 X113.963 Y95.735 E711.64998
G1 X113.934 Y95.706 E711.65189
G1 X114.021 Y95.496 E711.66248
G1 X114.663 Y94.663 E711.71145
G1 X115.496 Y94.021 E711.76042
G1 X115.706 Y93.934 E711.771
G1 X115.735 Y93.963 E711.77291
G1 X115.736 Y94.672 E711.80593
G1 X116.913 Y95.849 E711.88343
G1 X118.087 Y95.849 E711.9381
G1 X119.264 Y94.672 E712.01561
G1 X119.265 Y93.963 E712.04862
G1 X119.293 Y93.935 E712.05047
G1 X119.506 Y94.022 E712.06118
G1 X120.33 Y94.657 E712.10962
G1 X120.976 Y95.497 E712.15896
G1 X121.063 Y95.709 E712.16963
G1 X121.037 Y95.735 E712.17135
G1 X120.328 Y95.736 E712.20436
G1 X119.151 Y96.913 E712.28187
G1 X119.151 Y98.087 E712.33653
G1 X120.328 Y99.264 E712.41404
G1 X121.071 Y99.265 E712.44864
G1 X120.974 Y99.501 E712.46052
G1 X120.336 Y100.336 E712.50945
G1 X119.501 Y100.974 E712.55838
G0 F9000 X119.371 Y100.663
G1 F1500 E706.05838
;MESH:yc1hingeDubel.stl
G0 F9000 X118.654 Y101.815
G0 X118.797 Y102.899
G0 X117.642 Y111.949
G0 X117.5 Y113.033
G0 X117.5 Y121.483
G0 X117.499 Y121.79
;TYPE:WALL-INNER
G1 F1500 E712.55838
G1 F1153.9 X118.615 Y121.643 E712.6108
G1 X119.642 Y121.219 E712.66253
G1 X120.535 Y120.535 E712.71491
G1 X121.219 Y119.642 E712.76729
G1 X121.643 Y118.615 E712.81903
G1 X121.789 Y117.501 E712.87134
G1 X121.643 Y116.381 E712.92394
G1 X121.219 Y115.355 E712.97563
G1 X120.531 Y114.46 E713.02819
G1 X119.645 Y113.777 E713.08029
G1 X118.615 Y113.353 E713.13215
G1 X117.499 Y113.207 E713.18456
G1 X116.381 Y113.353 E713.23706
G1 X115.356 Y113.776 E713.28869
G1 X114.464 Y114.464 E713.34115
G1 X113.777 Y115.356 E713.39357
G1 X113.353 Y116.381 E713.44523
G1 X113.206 Y117.501 E713.49782
G1 X113.353 Y118.615 E713.55015
G1 X113.777 Y119.645 E713.60201
G1 X114.46 Y120.531 E713.6541
G1 X115.355 Y121.219 E713.70667
G1 X116.381 Y121.643 E713.75836
G1 X117.499 Y121.79 E713.81087
G0 F9000 X117.499 Y122.194
;TYPE:WALL-OUTER
G1 F1153.9 X118.719 Y122.033 E713.86817
G1 X119.843 Y121.569 E713.92479
G1 X120.821 Y120.821 E713.98213
G1 X121.569 Y119.843 E714.03946
G1 X122.033 Y118.719 E714.09608
G1 X122.193 Y117.501 E714.15328
G1 X122.033 Y116.277 E714.21076
G1 X121.569 Y115.153 E714.26738
G1 X120.817 Y114.175 E714.32483
G1 X119.847 Y113.427 E714.38187
G1 X118.719 Y112.963 E714.43866
G1 X117.499 Y112.803 E714.49596
G1 X116.277 Y112.963 E714.55334
G1 X115.154 Y113.427 E714.60992
G1 X114.179 Y114.179 E714.66726
G1 X113.427 Y115.154 E714.72459
G1 X112.963 Y116.277 E714.78117
G1 X112.802 Y117.501 E714.83866
G1 X112.963 Y118.719 E714.89587
G1 X113.427 Y119.847 E714.95266
G1 X114.175 Y120.817 E715.0097
G1 X115.153 Y121.569 E715.06714
G1 X116.277 Y122.033 E715.12377
G1 X117.499 Y122.194 E715.18116
G0 F9000 X117.5 Y121.483
G0 X119.256 Y121.047
G0 X119.265 Y121.071
G0 X119.501 Y120.974
;TYPE:FILL
G1 F1153.9 X119.265 Y121.071 E715.19304
G1 X119.264 Y120.328 E715.22764
G1 X118.087 Y119.151 E715.30514
G1 X116.913 Y119.151 E715.35981
G1 X115.736 Y120.328 E715.43732
G1 X115.735 Y121.037 E715.47033
G1 X115.709 Y121.063 E715.47204
G1 X115.497 Y120.975 E715.48273
G1 X114.657 Y120.33 E715.53205
G1 X114.022 Y119.506 E715.58049
G1 X113.935 Y119.293 E715.5912
G1 X113.963 Y119.265 E715.59305
G1 X114.672 Y119.264 E715.62606
G1 X115.849 Y118.087 E715.70357
G1 X115.849 Y116.913 E715.75823
G1 X114.672 Y115.736 E715.83574
G1 X113.963 Y115.735 E715.86875
G1 X113.934 Y115.706 E715.87066
G1 X114.021 Y115.496 E715.88125
G1 X114.663 Y114.663 E715.93022
G1 X115.496 Y114.021 E715.97919
G1 X115.706 Y113.934 E715.98978
G1 X115.735 Y113.963 E715.99169
G1 X115.736 Y114.672 E716.0247
G1 X116.913 Y115.849 E716.10221
G1 X118.087 Y115.849 E716.15687
G1 X119.264 Y114.672 E716.23438
G1 X119.265 Y113.963 E716.26739
G1 X119.293 Y113.935 E716.26924
G1 X119.506 Y114.022 E716.27995
G1 X120.33 Y114.657 E716.32839
G1 X120.976 Y115.497 E716.37774
G1 X121.063 Y115.709 E716.38841
G1 X121.037 Y115.735 E716.39012
G1 X120.328 Y115.736 E716.42313
G1 X119.151 Y116.913 E716.50064
G1 X119.151 Y118.087 E716.55531
G1 X120.328 Y119.264 E716.63281
G1 X121.071 Y119.265 E716.66741
G1 X120.974 Y119.501 E716.67929
G1 X120.336 Y120.336 E716.72822
G1 X119.501 Y120.974 E716.77715
G0 F9000 X119.371 Y120.663
G1 F1500 E710.27715
;MESH:NONMESH
G0 F300 X119.371 Y120.663 Z21.84
G0 F9000 X117.5 Y113.033
G0 X117.357 Y111.95
G0 X117.358 Y103.051
G0 X117.5 Y101.967
G0 X117.5 Y101.483
G0 X117.499 Y101.79
;TIME_ELAPSED:1044.717142
;LAYER:77
;note -- min layer time used
;TYPE:WALL-INNER
;MESH:yc1hingeDubel.stl(1)
G1 F1500 E716.77715
G1 F1138.7 X118.615 Y101.643 E716.82957
G1 X119.642 Y101.219 E716.88131
G1 X120.535 Y100.535 E716.93368
G1 X121.219 Y99.642 E716.98606
G1 X121.643 Y98.615 E717.0378
G1 X121.789 Y97.501 E717.09011
G1 X121.643 Y96.381 E717.14271
G1 X121.219 Y95.355 E717.1944
G1 X120.531 Y94.46 E717.24697
G1 X119.645 Y93.777 E717.29906
G1 X118.615 Y93.353 E717.35092
G1 X117.499 Y93.207 E717.40333
G1 X116.381 Y93.353 E717.45583
G1 X115.356 Y93.776 E717.50747
G1 X114.464 Y94.464 E717.55992
G1 X113.777 Y95.356 E717.61235
G1 X113.353 Y96.381 E717.664
G1 X113.206 Y97.501 E717.7166
G1 X113.353 Y98.615 E717.76892
G1 X113.777 Y99.645 E717.82078
G1 X114.46 Y100.531 E717.87288
G1 X115.355 Y101.219 E717.92544
G1 X116.381 Y101.643 E717.97714
G1 X117.499 Y101.79 E718.02964
G0 F9000 X117.499 Y102.194
;TYPE:WALL-OUTER
G1 F1138.7 X118.719 Y102.033 E718.08694
G1 X119.843 Y101.569 E718.14357
G1 X120.821 Y100.821 E718.2009
G1 X121.569 Y99.843 E718.25823
G1 X122.033 Y98.719 E718.31485
G1 X122.193 Y97.501 E718.37205
G1 X122.033 Y96.277 E718.42953
G1 X121.569 Y95.153 E718.48616
G1 X120.817 Y94.175 E718.5436
G1 X119.847 Y93.427 E718.60064
G1 X118.719 Y92.963 E718.65743
G1 X117.499 Y92.803 E718.71473
G1 X116.277 Y92.963 E718.77212
G1 X115.154 Y93.427 E718.82869
G1 X114.179 Y94.179 E718.88603
G1 X113.427 Y95.154 E718.94336
G1 X112.963 Y96.277 E718.99994
G1 X112.802 Y97.501 E719.05743
G1 X112.963 Y98.719 E719.11464
G1 X113.427 Y99.847 E719.17143
G1 X114.175 Y100.817 E719.22847
G1 X115.153 Y101.569 E719.28592
G1 X116.277 Y102.033 E719.34254
G1 X117.499 Y102.194 E719.39993
G0 F9000 X117.5 Y101.483
G0 X115.455 Y100.85
;TYPE:FILL
G1 F1138.7 X115.403 Y100.902 E719.40336
G1 X114.657 Y100.33 E719.44713
G1 X114.095 Y99.6 E719.49003
G1 X114.15 Y99.545 E719.49365
G1 X114.672 Y99.544 E719.51795
G1 X116.036 Y98.18 E719.60778
G1 X116.036 Y96.82 E719.6711
G1 X114.672 Y95.456 E719.76093
G1 X114.15 Y95.455 E719.78523
G1 X114.095 Y95.4 E719.78885
G1 X114.663 Y94.663 E719.83218
G1 X115.4 Y94.095 E719.87551
G1 X115.455 Y94.15 E719.87913
G1 X115.456 Y94.672 E719.90344
G1 X116.82 Y96.036 E719.99326
G1 X118.18 Y96.036 E720.05659
G1 X119.544 Y94.672 E720.14641
G1 X119.545 Y94.15 E720.17071
G1 X119.6 Y94.095 E720.17434
G1 X120.33 Y94.657 E720.21723
G1 X120.903 Y95.402 E720.261
G1 X120.85 Y95.455 E720.26449
G1 X120.328 Y95.456 E720.28879
G1 X118.964 Y96.82 E720.37862
G1 X118.964 Y98.18 E720.44194
G1 X120.328 Y99.544 E720.53177
G1 X120.85 Y99.545 E720.55607
G1 X120.901 Y99.596 E720.55943
G1 X120.336 Y100.336 E720.60278
G1 X119.596 Y100.901 E720.64614
G1 X119.545 Y100.85 E720.64949
G1 X119.544 Y100.328 E720.6738
G1 X118.18 Y98.964 E720.76362
G1 X116.82 Y98.964 E720.82695
G1 X115.456 Y100.328 E720.91677
G1 X115.455 Y100.85 E720.94108
G0 F9000 X115.611 Y100.649
G1 F1500 E714.44108
;MESH:yc1hingeDubel.stl
G0 F9000 X116.346 Y101.815
G0 X116.204 Y102.9
G0 X117.357 Y111.95
G0 X117.5 Y113.033
G0 X117.5 Y121.483
G0 X117.499 Y121.79
;TYPE:WALL-INNER
G1 F1500 E720.94108
G1 F1138.7 X118.615 Y121.643 E720.99349
G1 X119.642 Y121.219 E721.04523
G1 X120.535 Y120.535 E721.09761
G1 X121.219 Y119.642 E721.14999
G1 X121.643 Y118.615 E721.20172
G1 X121.789 Y117.501 E721.25404
G1 X121.643 Y116.381 E721.30663
G1 X121.219 Y115.355 E721.35833
G1 X120.531 Y114.46 E721.41089
G1 X119.645 Y113.777 E721.46298
G1 X118.615 Y113.353 E721.51485
G1 X117.499 Y113.207 E721.56726
G1 X116.381 Y113.353 E721.61976
G1 X115.356 Y113.776 E721.67139
G1 X114.464 Y114.464 E721.72384
G1 X113.777 Y115.356 E721.77627
G1 X113.353 Y116.381 E721.82792
G1 X113.206 Y117.501 E721.88052
G1 X113.353 Y118.615 E721.93284
G1 X113.777 Y119.645 E721.98471
G1 X114.46 Y120.531 E722.0368
G1 X115.355 Y121.219 E722.08937
G1 X116.381 Y121.643 E722.14106
G1 X117.499 Y121.79 E722.19357
G0 F9000 X117.499 Y122.194
;TYPE:WALL-OUTER
G1 F1138.7 X118.719 Y122.033 E722.25087
G1 X119.843 Y121.569 E722.30749
G1 X120.821 Y120.821 E722.36482
G1 X121.569 Y119.843 E722.42215
G1 X122.033 Y118.719 E722.47878
G1 X122.193 Y117.501 E722.53598
G1 X122.033 Y116.277 E722.59346
G1 X121.569 Y115.153 E722.65008
G1 X120.817 Y114.175 E722.70753
G1 X119.847 Y113.427 E722.76456
G1 X118.719 Y112.963 E722.82136
G1 X117.499 Y112.803 E722.87865
G1 X116.277 Y112.963 E722.93604
G1 X115.154 Y113.427 E722.99262
G1 X114.179 Y114.179 E723.04995
G1 X113.427 Y115.154 E723.10729
G1 X112.963 Y116.277 E723.16387
G1 X112.802 Y117.501 E723.22135
G1 X112.963 Y118.719 E723.27856
G1 X113.427 Y119.847 E723.33536
G1 X114.175 Y120.817 E723.39239
G1 X115.153 Y121.569 E723.44984
G1 X116.277 Y122.033 E723.50646
G1 X117.499 Y122.194 E723.56386
G0 F9000 X117.5 Y121.483
G0 X115.455 Y120.85
;TYPE:FILL
G1 F1138.7 X115.403 Y120.902 E723.56728
G1 X114.657 Y120.33 E723.61105
G1 X114.095 Y119.6 E723.65395
G1 X114.15 Y119.545 E723.65757
G1 X114.672 Y119.544 E723.68188
G1 X116.036 Y118.18 E723.7717
G1 X116.036 Y116.82 E723.83503
G1 X114.672 Y115.456 E723.92485
G1 X114.15 Y115.455 E723.94916
G1 X114.095 Y115.4 E723.95278
G1 X114.663 Y114.663 E723.99611
G1 X115.4 Y114.095 E724.03943
G1 X115.455 Y114.15 E724.04305
G1 X115.456 Y114.672 E724.06736
G1 X116.82 Y116.036 E724.15718
G1 X118.18 Y116.036 E724.22051
G1 X119.544 Y114.672 E724.31033
G1 X119.545 Y114.15 E724.33464
G1 X119.6 Y114.095 E724.33826
G1 X120.33 Y114.657 E724.38116
G1 X120.903 Y115.402 E724.42492
G1 X120.85 Y115.455 E724.42841
G1 X120.328 Y115.456 E724.45272
G1 X118.964 Y116.82 E724.54254
G1 X118.964 Y118.18 E724.60587
G1 X120.328 Y119.544 E724.69569
G1 X120.85 Y119.545 E724.72
G1 X120.901 Y119.596 E724.72335
G1 X120.336 Y120.336 E724.76671
G1 X119.596 Y120.901 E724.81006
G1 X119.545 Y120.85 E724.81342
G1 X119.544 Y120.328 E724.83773
G1 X118.18 Y118.964 E724.92755
G1 X116.82 Y118.964 E724.99087
G1 X115.456 Y120.328 E725.0807
G1 X115.455 Y120.85 E725.105
G0 F9000 X115.611 Y120.649
G1 F1500 E718.605
;MESH:NONMESH
G0 F300 X115.611 Y120.649 Z22.12
G0 F9000 X117.5 Y113.033
G0 X117.357 Y111.95
G0 X117.358 Y103.051
G0 X117.5 Y101.967
G0 X117.5 Y101.483
G0 X117.499 Y101.79
;TIME_ELAPSED:1057.239950
;LAYER:78
;note -- min layer time used
;TYPE:WALL-INNER
;MESH:yc1hingeDubel.stl(1)
G1 F1500 E725.105
G1 F1120.7 X118.615 Y101.643 E725.15742
G1 X119.642 Y101.219 E725.20915
G1 X120.535 Y100.535 E725.26153
G1 X121.219 Y99.642 E725.31391
G1 X121.643 Y98.615 E725.36565
G1 X121.789 Y97.501 E725.41796
G1 X121.643 Y96.381 E725.47056
G1 X121.219 Y95.355 E725.52225
G1 X120.531 Y94.46 E725.57481
G1 X119.645 Y93.777 E725.62691
G1 X118.615 Y93.353 E725.67877
G1 X117.499 Y93.207 E725.73118
G1 X116.381 Y93.353 E725.78368
G1 X115.356 Y93.776 E725.83531
G1 X114.464 Y94.464 E725.88777
G1 X113.777 Y95.356 E725.9402
G1 X113.353 Y96.381 E725.99185
G1 X113.206 Y97.501 E726.04444
G1 X113.353 Y98.615 E726.09677
G1 X113.777 Y99.645 E726.14863
G1 X114.46 Y100.531 E726.20072
G1 X115.355 Y101.219 E726.25329
G1 X116.381 Y101.643 E726.30498
G1 X117.499 Y101.79 E726.35749
G0 F9000 X117.499 Y102.194
;TYPE:WALL-OUTER
G1 F1120.7 X118.719 Y102.033 E726.41479
G1 X119.843 Y101.569 E726.47141
G1 X120.821 Y100.821 E726.52875
G1 X121.569 Y99.843 E726.58608
G1 X122.033 Y98.719 E726.6427
G1 X122.193 Y97.501 E726.6999
G1 X122.033 Y96.277 E726.75738
G1 X121.569 Y95.153 E726.814
G1 X120.817 Y94.175 E726.87145
G1 X119.847 Y93.427 E726.92849
G1 X118.719 Y92.963 E726.98528
G1 X117.499 Y92.803 E727.04258
G1 X116.277 Y92.963 E727.09996
G1 X115.154 Y93.427 E727.15654
G1 X114.179 Y94.179 E727.21388
G1 X113.427 Y95.154 E727.27121
G1 X112.963 Y96.277 E727.32779
G1 X112.802 Y97.501 E727.38528
G1 X112.963 Y98.719 E727.44249
G1 X113.427 Y99.847 E727.49928
G1 X114.175 Y100.817 E727.55632
G1 X115.153 Y101.569 E727.61376
G1 X116.277 Y102.033 E727.67039
G1 X117.499 Y102.194 E727.72778
G0 F9000 X117.5 Y101.483
G0 X115.175 Y100.664
;TYPE:FILL
G1 F1120.7 X115.139 Y100.7 E727.73015
G1 X114.657 Y100.33 E727.75844
G1 X114.298 Y99.863 E727.78587
G1 X114.336 Y99.825 E727.78837
G1 X114.672 Y99.824 E727.80402
G1 X116.222 Y98.274 E727.90609
G1 X116.222 Y96.726 E727.97817
G1 X114.672 Y95.176 E728.08024
G1 X114.336 Y95.175 E728.09589
G1 X114.298 Y95.137 E728.09839
G1 X114.663 Y94.663 E728.12625
G1 X115.137 Y94.298 E728.1541
G1 X115.175 Y94.336 E728.15661
G1 X115.176 Y94.672 E728.17225
G1 X116.726 Y96.222 E728.27432
G1 X118.274 Y96.222 E728.3464
G1 X119.824 Y94.672 E728.44847
G1 X119.825 Y94.336 E728.46412
G1 X119.863 Y94.298 E728.46662
G1 X120.33 Y94.657 E728.49405
G1 X120.7 Y95.139 E728.52234
G1 X120.664 Y95.175 E728.52471
G1 X120.328 Y95.176 E728.54036
G1 X118.778 Y96.726 E728.64243
G1 X118.778 Y98.274 E728.71451
G1 X120.328 Y99.824 E728.81658
G1 X120.664 Y99.825 E728.83223
G1 X120.699 Y99.86 E728.83453
G1 X120.336 Y100.336 E728.86241
G1 X119.86 Y100.699 E728.89028
G1 X119.825 Y100.664 E728.89259
G1 X119.824 Y100.328 E728.90823
G1 X118.274 Y98.778 E729.0103
G1 X116.726 Y98.778 E729.08238
G1 X115.176 Y100.328 E729.18445
G1 X115.175 Y100.664 E729.2001
G0 F9000 X115.345 Y100.445
G1 F1500 E722.7001
;MESH:yc1hingeDubel.stl
G0 F9000 X116.346 Y101.815
G0 X116.204 Y102.9
G0 X117.357 Y111.95
G0 X117.5 Y113.033
G0 X117.5 Y121.483
G0 X117.499 Y121.79
;TYPE:WALL-INNER
G1 F1500 E729.2001
G1 F1120.7 X118.615 Y121.643 E729.25251
G1 X119.642 Y121.219 E729.30425
G1 X120.535 Y120.535 E729.35663
G1 X121.219 Y119.642 E729.40901
G1 X121.643 Y118.615 E729.46074
G1 X121.789 Y117.501 E729.51306
G1 X121.643 Y116.381 E729.56565
G1 X121.219 Y115.355 E729.61735
G1 X120.531 Y114.46 E729.66991
G1 X119.645 Y113.777 E729.722
G1 X118.615 Y113.353 E729.77387
G1 X117.499 Y113.207 E729.82628
G1 X116.381 Y113.353 E729.87878
G1 X115.356 Y113.776 E729.93041
G1 X114.464 Y114.464 E729.98286
G1 X113.777 Y115.356 E730.03529
G1 X113.353 Y116.381 E730.08694
G1 X113.206 Y117.501 E730.13954
G1 X113.353 Y118.615 E730.19186
G1 X113.777 Y119.645 E730.24373
G1 X114.46 Y120.531 E730.29582
G1 X115.355 Y121.219 E730.34839
G1 X116.381 Y121.643 E730.40008
G1 X117.499 Y121.79 E730.45259
G0 F9000 X117.499 Y122.194
;TYPE:WALL-OUTER
G1 F1120.7 X118.719 Y122.033 E730.50989
G1 X119.843 Y121.569 E730.56651
G1 X120.821 Y120.821 E730.62384
G1 X121.569 Y119.843 E730.68117
G1 X122.033 Y118.719 E730.7378
G1 X122.193 Y117.501 E730.795
G1 X122.033 Y116.277 E730.85248
G1 X121.569 Y115.153 E730.9091
G1 X120.817 Y114.175 E730.96655
G1 X119.847 Y113.427 E731.02358
G1 X118.719 Y112.963 E731.08038
G1 X117.499 Y112.803 E731.13767
G1 X116.277 Y112.963 E731.19506
G1 X115.154 Y113.427 E731.25164
G1 X114.179 Y114.179 E731.30897
G1 X113.427 Y115.154 E731.36631
G1 X112.963 Y116.277 E731.42289
G1 X112.802 Y117.501 E731.48037
G1 X112.963 Y118.719 E731.53758
G1 X113.427 Y119.847 E731.59438
G1 X114.175 Y120.817 E731.65141
G1 X115.153 Y121.569 E731.70886
G1 X116.277 Y122.033 E731.76548
G1 X117.499 Y122.194 E731.82287
G0 F9000 X117.5 Y121.483
G0 X115.175 Y120.664
;TYPE:FILL
G1 F1120.7 X115.139 Y120.7 E731.82525
G1 X114.657 Y120.33 E731.85354
G1 X114.298 Y119.863 E731.88097
G1 X114.336 Y119.825 E731.88347
G1 X114.672 Y119.824 E731.89912
G1 X116.222 Y118.274 E732.00119
G1 X116.222 Y116.726 E732.07327
G1 X114.672 Y115.176 E732.17534
G1 X114.336 Y115.175 E732.19098
G1 X114.298 Y115.137 E732.19349
G1 X114.663 Y114.663 E732.22134
G1 X115.137 Y114.298 E732.2492
G1 X115.175 Y114.336 E732.2517
G1 X115.176 Y114.672 E732.26735
G1 X116.726 Y116.222 E732.36942
G1 X118.274 Y116.222 E732.4415
G1 X119.824 Y114.672 E732.54357
G1 X119.825 Y114.336 E732.55921
G1 X119.863 Y114.298 E732.56172
G1 X120.33 Y114.657 E732.58915
G1 X120.7 Y115.139 E732.61744
G1 X120.664 Y115.175 E732.61981
G1 X120.328 Y115.176 E732.63546
G1 X118.778 Y116.726 E732.73753
G1 X118.778 Y118.274 E732.80961
G1 X120.328 Y119.824 E732.91168
G1 X120.664 Y119.825 E732.92732
G1 X120.699 Y119.86 E732.92963
G1 X120.336 Y120.336 E732.9575
G1 X119.86 Y120.699 E732.98538
G1 X119.825 Y120.664 E732.98768
G1 X119.824 Y120.328 E733.00333
G1 X118.274 Y118.778 E733.1054
G1 X116.726 Y118.778 E733.17748
G1 X115.176 Y120.328 E733.27955
G1 X115.175 Y120.664 E733.29519
G0 F9000 X115.345 Y120.445
G1 F1500 E726.79519
;MESH:NONMESH
G0 F300 X115.345 Y120.445 Z22.4
G0 F9000 X117.5 Y113.033
G0 X117.357 Y111.95
G0 X117.358 Y103.051
G0 X117.5 Y101.967
G0 X117.5 Y101.483
G0 X117.499 Y101.79
;TIME_ELAPSED:1069.770974
;LAYER:79
;note -- min layer time used
;TYPE:WALL-INNER
;MESH:yc1hingeDubel.stl(1)
G1 F1500 E733.29519
G1 F1101.9 X118.615 Y101.643 E733.34761
G1 X119.642 Y101.219 E733.39935
G1 X120.535 Y100.535 E733.45172
G1 X121.219 Y99.642 E733.5041
G1 X121.643 Y98.615 E733.55584
G1 X121.789 Y97.501 E733.60815
G1 X121.643 Y96.381 E733.66075
G1 X121.219 Y95.355 E733.71244
G1 X120.531 Y94.46 E733.76501
G1 X119.645 Y93.777 E733.8171
G1 X118.615 Y93.353 E733.86896
G1 X117.499 Y93.207 E733.92137
G1 X116.381 Y93.353 E733.97387
G1 X115.356 Y93.776 E734.02551
G1 X114.464 Y94.464 E734.07796
G1 X113.777 Y95.356 E734.13039
G1 X113.353 Y96.381 E734.18204
G1 X113.206 Y97.501 E734.23464
G1 X113.353 Y98.615 E734.28696
G1 X113.777 Y99.645 E734.33882
G1 X114.46 Y100.531 E734.39092
G1 X115.355 Y101.219 E734.44348
G1 X116.381 Y101.643 E734.49517
G1 X117.499 Y101.79 E734.54768
G0 F9000 X117.499 Y102.194
;TYPE:WALL-OUTER
G1 F1101.9 X118.719 Y102.033 E734.60498
G1 X119.843 Y101.569 E734.6616
G1 X120.821 Y100.821 E734.71894
G1 X121.569 Y99.843 E734.77627
G1 X122.033 Y98.719 E734.83289
G1 X122.193 Y97.501 E734.89009
G1 X122.033 Y96.277 E734.94757
G1 X121.569 Y95.153 E735.0042
G1 X120.817 Y94.175 E735.06164
G1 X119.847 Y93.427 E735.11868
G1 X118.719 Y92.963 E735.17547
G1 X117.499 Y92.803 E735.23277
G1 X116.277 Y92.963 E735.29015
G1 X115.154 Y93.427 E735.34673
G1 X114.179 Y94.179 E735.40407
G1 X113.427 Y95.154 E735.4614
G1 X112.963 Y96.277 E735.51798
G1 X112.802 Y97.501 E735.57547
G1 X112.963 Y98.719 E735.63268
G1 X113.427 Y99.847 E735.68947
G1 X114.175 Y100.817 E735.74651
G1 X115.153 Y101.569 E735.80395
G1 X116.277 Y102.033 E735.86058
G1 X117.499 Y102.194 E735.91797
G0 F9000 X117.5 Y101.483
G0 X114.892 Y100.476
G0 X114.875 Y100.497
G0 X114.896 Y100.328
;TYPE:FILL
G1 F1101.9 X114.875 Y100.497 E735.9259
G1 X114.657 Y100.33 E735.93869
G1 X114.501 Y100.127 E735.95061
G1 X114.672 Y100.104 E735.95864
G1 X116.409 Y98.367 E736.07303
G1 X116.409 Y96.633 E736.15377
G1 X114.672 Y94.896 E736.26815
G1 X114.501 Y94.873 E736.27619
G1 X114.663 Y94.663 E736.28854
G1 X114.873 Y94.501 E736.30089
G1 X114.896 Y94.672 E736.30892
G1 X116.633 Y96.409 E736.42331
G1 X118.367 Y96.409 E736.50405
G1 X120.104 Y94.672 E736.61843
G1 X120.127 Y94.501 E736.62647
G1 X120.33 Y94.657 E736.63839
G1 X120.497 Y94.875 E736.65118
G1 X120.328 Y94.896 E736.65911
G1 X118.591 Y96.633 E736.77349
G1 X118.591 Y98.367 E736.85423
G1 X120.328 Y100.104 E736.96862
G1 X120.497 Y100.125 E736.97655
G1 X120.336 Y100.336 E736.98891
G1 X120.125 Y100.497 E737.00126
G1 X120.104 Y100.328 E737.00919
G1 X118.367 Y98.591 E737.12358
G1 X116.633 Y98.591 E737.20432
G1 X114.896 Y100.328 E737.3187
G0 F9000 X115.006 Y100.185
G1 F1500 E730.8187
;MESH:yc1hingeDubel.stl
G0 F9000 X116.346 Y101.815
G0 X116.204 Y102.9
G0 X117.357 Y111.95
G0 X117.5 Y113.033
G0 X117.5 Y121.483
G0 X117.499 Y121.79
;TYPE:WALL-INNER
G1 F1500 E737.3187
G1 F1101.9 X118.615 Y121.643 E737.37112
G1 X119.642 Y121.219 E737.42286
G1 X120.535 Y120.535 E737.47523
G1 X121.219 Y119.642 E737.52761
G1 X121.643 Y118.615 E737.57935
G1 X121.789 Y117.501 E737.63167
G1 X121.643 Y116.381 E737.68426
G1 X121.219 Y115.355 E737.73595
G1 X120.531 Y114.46 E737.78852
G1 X119.645 Y113.777 E737.84061
G1 X118.615 Y113.353 E737.89247
G1 X117.499 Y113.207 E737.94488
G1 X116.381 Y113.353 E737.99738
G1 X115.356 Y113.776 E738.04902
G1 X114.464 Y114.464 E738.10147
G1 X113.777 Y115.356 E738.1539
G1 X113.353 Y116.381 E738.20555
G1 X113.206 Y117.501 E738.25815
G1 X113.353 Y118.615 E738.31047
G1 X113.777 Y119.645 E738.36234
G1 X114.46 Y120.531 E738.41443
G1 X115.355 Y121.219 E738.46699
G1 X116.381 Y121.643 E738.51869
G1 X117.499 Y121.79 E738.57119
G0 F9000 X117.499 Y122.194
;TYPE:WALL-OUTER
G1 F1101.9 X118.719 Y122.033 E738.62849
G1 X119.843 Y121.569 E738.68512
G1 X120.821 Y120.821 E738.74245
G1 X121.569 Y119.843 E738.79978
G1 X122.033 Y118.719 E738.8564
G1 X122.193 Y117.501 E738.9136
G1 X122.033 Y116.277 E738.97108
G1 X121.569 Y115.153 E739.02771
G1 X120.817 Y114.175 E739.08515
G1 X119.847 Y113.427 E739.14219
G1 X118.719 Y112.963 E739.19898
G1 X117.499 Y112.803 E739.25628
G1 X116.277 Y112.963 E739.31367
G1 X115.154 Y113.427 E739.37025
G1 X114.179 Y114.179 E739.42758
G1 X113.427 Y115.154 E739.48492
G1 X112.963 Y116.277 E739.54149
G1 X112.802 Y117.501 E739.59898
G1 X112.963 Y118.719 E739.65619
G1 X113.427 Y119.847 E739.71298
G1 X114.175 Y120.817 E739.77002
G1 X115.153 Y121.569 E739.82747
G1 X116.277 Y122.033 E739.88409
G1 X117.499 Y122.194 E739.94148
G0 F9000 X117.5 Y121.483
G0 X114.892 Y120.476
G0 X114.875 Y120.497
G0 X114.896 Y120.328
;TYPE:FILL
G1 F1101.9 X114.875 Y120.497 E739.94941
G1 X114.657 Y120.33 E739.9622
G1 X114.501 Y120.127 E739.97412
G1 X114.672 Y120.104 E739.98215
G1 X116.409 Y118.367 E740.09654
G1 X116.409 Y116.633 E740.17728
G1 X114.672 Y114.896 E740.29166
G1 X114.501 Y114.873 E740.2997
G1 X114.663 Y114.663 E740.31205
G1 X114.873 Y114.501 E740.3244
G1 X114.896 Y114.672 E740.33243
G1 X116.633 Y116.409 E740.44682
G1 X118.367 Y116.409 E740.52756
G1 X120.104 Y114.672 E740.64194
G1 X120.127 Y114.501 E740.64998
G1 X120.33 Y114.657 E740.6619
G1 X120.497 Y114.875 E740.67469
G1 X120.328 Y114.896 E740.68262
G1 X118.591 Y116.633 E740.797
G1 X118.591 Y118.367 E740.87774
G1 X120.328 Y120.104 E740.99213
G1 X120.497 Y120.125 E741.00006
G1 X120.336 Y120.336 E741.01242
G1 X120.125 Y120.497 E741.02477
G1 X120.104 Y120.328 E741.0327
G1 X118.367 Y118.591 E741.14709
G1 X116.633 Y118.591 E741.22783
G1 X114.896 Y120.328 E741.34222
G0 F9000 X115.006 Y120.185
G1 F1500 E734.84222
;MESH:NONMESH
G0 F300 X115.006 Y120.185 Z22.68
G0 F9000 X116.347 Y113.185
G0 X116.204 Y112.101
G0 X117.358 Y103.051
G0 X117.5 Y101.967
G0 X117.5 Y101.483
G0 X117.499 Y101.79
;TIME_ELAPSED:1082.355309
;LAYER:80
;note -- min layer time used
;TYPE:WALL-INNER
;MESH:yc1hingeDubel.stl(1)
G1 F1500 E741.34222
G1 F1092.6 X118.615 Y101.643 E741.39463
G1 X119.642 Y101.219 E741.44637
G1 X120.535 Y100.535 E741.49875
G1 X121.219 Y99.642 E741.55112
G1 X121.643 Y98.615 E741.60286
G1 X121.789 Y97.501 E741.65518
G1 X121.643 Y96.381 E741.70777
G1 X121.219 Y95.355 E741.75946
G1 X120.531 Y94.46 E741.81203
G1 X119.645 Y93.777 E741.86412
G1 X118.615 Y93.353 E741.91599
G1 X117.499 Y93.207 E741.96839
G1 X116.381 Y93.353 E742.02089
G1 X115.356 Y93.776 E742.07253
G1 X114.464 Y94.464 E742.12498
G1 X113.777 Y95.356 E742.17741
G1 X113.353 Y96.381 E742.22906
G1 X113.206 Y97.501 E742.28166
G1 X113.353 Y98.615 E742.33398
G1 X113.777 Y99.645 E742.38585
G1 X114.46 Y100.531 E742.43794
G1 X115.355 Y101.219 E742.4905
G1 X116.381 Y101.643 E742.5422
G1 X117.499 Y101.79 E742.5947
G0 F9000 X117.499 Y102.194
;TYPE:WALL-OUTER
G1 F1092.6 X118.719 Y102.033 E742.652
G1 X119.843 Y101.569 E742.70863
G1 X120.821 Y100.821 E742.76596
G1 X121.569 Y99.843 E742.82329
G1 X122.033 Y98.719 E742.87991
G1 X122.193 Y97.501 E742.93712
G1 X122.033 Y96.277 E742.9946
G1 X121.569 Y95.153 E743.05122
G1 X120.817 Y94.175 E743.10866
G1 X119.847 Y93.427 E743.1657
G1 X118.719 Y92.963 E743.22249
G1 X117.499 Y92.803 E743.27979
G1 X116.277 Y92.963 E743.33718
G1 X115.154 Y93.427 E743.39376
G1 X114.179 Y94.179 E743.45109
G1 X113.427 Y95.154 E743.50843
G1 X112.963 Y96.277 E743.56501
G1 X112.802 Y97.501 E743.62249
G1 X112.963 Y98.719 E743.6797
G1 X113.427 Y99.847 E743.73649
G1 X114.175 Y100.817 E743.79353
G1 X115.153 Y101.569 E743.85098
G1 X116.277 Y102.033 E743.9076
G1 X117.499 Y102.194 E743.96499
G0 F9000 X117.5 Y101.483
G0 X114.825 Y100.425
G0 X114.808 Y100.446
G0 X114.872 Y100.328
;TYPE:FILL
G1 F1092.6 X114.808 Y100.446 E743.97124
G1 X114.552 Y100.194 E743.98797
G1 X114.672 Y100.128 E743.99435
G1 X116.424 Y98.376 E744.10972
G1 X116.424 Y96.624 E744.1913
G1 X114.672 Y94.872 E744.30667
G1 X114.552 Y94.806 E744.31305
G1 X114.806 Y94.552 E744.32978
G1 X114.872 Y94.672 E744.33615
G1 X116.624 Y96.424 E744.45152
G1 X118.376 Y96.424 E744.5331
G1 X120.128 Y94.672 E744.64848
G1 X120.194 Y94.552 E744.65485
G1 X120.446 Y94.808 E744.67158
G1 X120.328 Y94.872 E744.67783
G1 X118.576 Y96.624 E744.7932
G1 X118.576 Y98.376 E744.87478
G1 X120.328 Y100.128 E744.99016
G1 X120.446 Y100.192 E744.99641
G1 X120.192 Y100.446 E745.01313
G1 X120.128 Y100.328 E745.01938
G1 X118.376 Y98.576 E745.13476
G1 X116.624 Y98.576 E745.21634
G1 X114.872 Y100.328 E745.33171
G0 F9000 X114.992 Y100.174
G1 F1500 E738.83171
;MESH:yc1hingeDubel.stl
G0 F9000 X116.346 Y101.815
G0 X116.204 Y102.9
G0 X117.357 Y111.95
G0 X117.5 Y113.033
G0 X117.5 Y121.483
G0 X117.499 Y121.79
;TYPE:WALL-INNER
G1 F1500 E745.33171
G1 F1092.6 X118.615 Y121.643 E745.38412
G1 X119.642 Y121.219 E745.43586
G1 X120.535 Y120.535 E745.48824
G1 X121.219 Y119.642 E745.54062
G1 X121.643 Y118.615 E745.59235
G1 X121.789 Y117.501 E745.64467
G1 X121.643 Y116.381 E745.69726
G1 X121.219 Y115.355 E745.74896
G1 X120.531 Y114.46 E745.80152
G1 X119.645 Y113.777 E745.85361
G1 X118.615 Y113.353 E745.90548
G1 X117.499 Y113.207 E745.95789
G1 X116.381 Y113.353 E746.01039
G1 X115.356 Y113.776 E746.06202
G1 X114.464 Y114.464 E746.11448
G1 X113.777 Y115.356 E746.1669
G1 X113.353 Y116.381 E746.21855
G1 X113.206 Y117.501 E746.27115
G1 X113.353 Y118.615 E746.32347
G1 X113.777 Y119.645 E746.37534
G1 X114.46 Y120.531 E746.42743
G1 X115.355 Y121.219 E746.48
G1 X116.381 Y121.643 E746.53169
G1 X117.499 Y121.79 E746.5842
G0 F9000 X117.499 Y122.194
;TYPE:WALL-OUTER
G1 F1092.6 X118.719 Y122.033 E746.6415
G1 X119.843 Y121.569 E746.69812
G1 X120.821 Y120.821 E746.75545
G1 X121.569 Y119.843 E746.81278
G1 X122.033 Y118.719 E746.86941
G1 X122.193 Y117.501 E746.92661
G1 X122.033 Y116.277 E746.98409
G1 X121.569 Y115.153 E747.04071
G1 X120.817 Y114.175 E747.09816
G1 X119.847 Y113.427 E747.15519
G1 X118.719 Y112.963 E747.21199
G1 X117.499 Y112.803 E747.26928
G1 X116.277 Y112.963 E747.32667
G1 X115.154 Y113.427 E747.38325
G1 X114.179 Y114.179 E747.44058
G1 X113.427 Y115.154 E747.49792
G1 X112.963 Y116.277 E747.5545
G1 X112.802 Y117.501 E747.61198
G1 X112.963 Y118.719 E747.66919
G1 X113.427 Y119.847 E747.72599
G1 X114.175 Y120.817 E747.78302
G1 X115.153 Y121.569 E747.84047
G1 X116.277 Y122.033 E747.89709
G1 X117.499 Y122.194 E747.95449
G0 F9000 X117.5 Y121.483
G0 X114.825 Y120.425
G0 X114.808 Y120.446
G0 X114.872 Y120.328
;TYPE:FILL
G1 F1092.6 X114.808 Y120.446 E747.96074
G1 X114.552 Y120.194 E747.97746
G1 X114.672 Y120.128 E747.98384
G1 X116.424 Y118.376 E748.09921
G1 X116.424 Y116.624 E748.18079
G1 X114.672 Y114.872 E748.29616
G1 X114.552 Y114.806 E748.30254
G1 X114.806 Y114.552 E748.31927
G1 X114.872 Y114.672 E748.32565
G1 X116.624 Y116.424 E748.44102
G1 X118.376 Y116.424 E748.5226
G1 X120.128 Y114.672 E748.63797
G1 X120.194 Y114.552 E748.64435
G1 X120.446 Y114.808 E748.66107
G1 X120.328 Y114.872 E748.66732
G1 X118.576 Y116.624 E748.7827
G1 X118.576 Y118.376 E748.86428
G1 X120.328 Y120.128 E748.97965
G1 X120.446 Y120.192 E748.9859
G1 X120.192 Y120.446 E749.00263
G1 X120.128 Y120.328 E749.00888
G1 X118.376 Y118.576 E749.12425
G1 X116.624 Y118.576 E749.20583
G1 X114.872 Y120.328 E749.3212
G0 F9000 X114.992 Y120.174
G1 F1500 E742.8212
;MESH:NONMESH
G0 F300 X114.992 Y120.174 Z22.96
G0 F9000 X116.347 Y113.185
G0 X116.204 Y112.101
G0 X117.358 Y103.051
G0 X117.5 Y101.967
G0 X117.5 Y101.483
G0 X117.499 Y101.79
;TIME_ELAPSED:1094.900381
;LAYER:81
;note -- min layer time used
;TYPE:WALL-INNER
;MESH:yc1hingeDubel.stl(1)
G1 F1500 E749.3212
G1 F1108.7 X118.615 Y101.643 E749.37362
G1 X119.642 Y101.219 E749.42535
G1 X120.535 Y100.535 E749.47773
G1 X121.219 Y99.642 E749.53011
G1 X121.643 Y98.615 E749.58185
G1 X121.789 Y97.501 E749.63416
G1 X121.643 Y96.381 E749.68676
G1 X121.219 Y95.355 E749.73845
G1 X120.531 Y94.46 E749.79101
G1 X119.645 Y93.777 E749.84311
G1 X118.615 Y93.353 E749.89497
G1 X117.499 Y93.207 E749.94738
G1 X116.381 Y93.353 E749.99988
G1 X115.356 Y93.776 E750.05151
G1 X114.464 Y94.464 E750.10397
G1 X113.777 Y95.356 E750.15639
G1 X113.353 Y96.381 E750.20805
G1 X113.206 Y97.501 E750.26064
G1 X113.353 Y98.615 E750.31297
G1 X113.777 Y99.645 E750.36483
G1 X114.46 Y100.531 E750.41692
G1 X115.355 Y101.219 E750.46949
G1 X116.381 Y101.643 E750.52118
G1 X117.499 Y101.79 E750.57369
G0 F9000 X117.499 Y102.194
;TYPE:WALL-OUTER
G1 F1108.7 X118.719 Y102.033 E750.63099
G1 X119.843 Y101.569 E750.68761
G1 X120.821 Y100.821 E750.74495
G1 X121.569 Y99.843 E750.80228
G1 X122.033 Y98.719 E750.8589
G1 X122.193 Y97.501 E750.9161
G1 X122.033 Y96.277 E750.97358
G1 X121.569 Y95.153 E751.0302
G1 X120.817 Y94.175 E751.08765
G1 X119.847 Y93.427 E751.14469
G1 X118.719 Y92.963 E751.20148
G1 X117.499 Y92.803 E751.25878
G1 X116.277 Y92.963 E751.31616
G1 X115.154 Y93.427 E751.37274
G1 X114.179 Y94.179 E751.43008
G1 X113.427 Y95.154 E751.48741
G1 X112.963 Y96.277 E751.54399
G1 X112.802 Y97.501 E751.60148
G1 X112.963 Y98.719 E751.65869
G1 X113.427 Y99.847 E751.71548
G1 X114.175 Y100.817 E751.77252
G1 X115.153 Y101.569 E751.82996
G1 X116.277 Y102.033 E751.88659
G1 X117.499 Y102.194 E751.94398
G0 F9000 X117.5 Y101.483
G0 X114.997 Y100.557
G0 X114.981 Y100.578
;TYPE:FILL
G1 F1108.7 X114.657 Y100.33 E751.96298
G1 X114.419 Y100.022 E751.9811
G1 X114.672 Y99.992 E751.99297
G1 X116.334 Y98.33 E752.10241
G1 X116.334 Y96.67 E752.17971
G1 X114.672 Y95.008 E752.28915
G1 X114.42 Y94.979 E752.30097
G1 X114.663 Y94.663 E752.31953
G1 X114.979 Y94.42 E752.33809
G1 X115.008 Y94.672 E752.3499
G1 X116.67 Y96.334 E752.45935
G1 X118.33 Y96.334 E752.53664
G1 X119.992 Y94.672 E752.64609
G1 X120.022 Y94.419 E752.65795
G1 X120.33 Y94.657 E752.67608
G1 X120.579 Y94.98 E752.69507
G1 X120.328 Y95.008 E752.70683
G1 X118.666 Y96.67 E752.81627
G1 X118.666 Y98.33 E752.89357
G1 X120.328 Y99.992 E753.00301
G1 X120.578 Y100.019 E753.01472
G1 X120.336 Y100.336 E753.03329
G1 X120.019 Y100.578 E753.05186
G1 X119.992 Y100.328 E753.06357
G1 X118.33 Y98.666 E753.17302
G1 X116.67 Y98.666 E753.25031
G1 X115.008 Y100.328 E753.35976
G1 X114.981 Y100.578 E753.37147
G0 F9000 X115.181 Y100.319
G1 F1500 E746.87147
;MESH:yc1hingeDubel.stl
G0 F9000 X116.346 Y101.815
G0 X116.204 Y102.9
G0 X117.357 Y111.95
G0 X117.5 Y113.033
G0 X117.5 Y121.483
G0 X117.499 Y121.79
;TYPE:WALL-INNER
G1 F1500 E753.37147
G1 F1108.7 X118.615 Y121.643 E753.42388
G1 X119.642 Y121.219 E753.47562
G1 X120.535 Y120.535 E753.528
G1 X121.219 Y119.642 E753.58038
G1 X121.643 Y118.615 E753.63211
G1 X121.789 Y117.501 E753.68443
G1 X121.643 Y116.381 E753.73702
G1 X121.219 Y115.355 E753.78872
G1 X120.531 Y114.46 E753.84128
G1 X119.645 Y113.777 E753.89337
G1 X118.615 Y113.353 E753.94524
G1 X117.499 Y113.207 E753.99765
G1 X116.381 Y113.353 E754.05015
G1 X115.356 Y113.776 E754.10178
G1 X114.464 Y114.464 E754.15424
G1 X113.777 Y115.356 E754.20666
G1 X113.353 Y116.381 E754.25831
G1 X113.206 Y117.501 E754.31091
G1 X113.353 Y118.615 E754.36323
G1 X113.777 Y119.645 E754.4151
G1 X114.46 Y120.531 E754.46719
G1 X115.355 Y121.219 E754.51976
G1 X116.381 Y121.643 E754.57145
G1 X117.499 Y121.79 E754.62396
G0 F9000 X117.499 Y122.194
;TYPE:WALL-OUTER
G1 F1108.7 X118.719 Y122.033 E754.68126
G1 X119.843 Y121.569 E754.73788
G1 X120.821 Y120.821 E754.79521
G1 X121.569 Y119.843 E754.85254
G1 X122.033 Y118.719 E754.90917
G1 X122.193 Y117.501 E754.96637
G1 X122.033 Y116.277 E755.02385
G1 X121.569 Y115.153 E755.08047
G1 X120.817 Y114.175 E755.13792
G1 X119.847 Y113.427 E755.19495
G1 X118.719 Y112.963 E755.25175
G1 X117.499 Y112.803 E755.30904
G1 X116.277 Y112.963 E755.36643
G1 X115.154 Y113.427 E755.42301
G1 X114.179 Y114.179 E755.48034
G1 X113.427 Y115.154 E755.53768
G1 X112.963 Y116.277 E755.59426
G1 X112.802 Y117.501 E755.65174
G1 X112.963 Y118.719 E755.70895
G1 X113.427 Y119.847 E755.76575
G1 X114.175 Y120.817 E755.82278
G1 X115.153 Y121.569 E755.88023
G1 X116.277 Y122.033 E755.93685
G1 X117.499 Y122.194 E755.99425
G0 F9000 X117.5 Y121.483
G0 X114.997 Y120.557
G0 X114.981 Y120.578
;TYPE:FILL
G1 F1108.7 X114.657 Y120.33 E756.01324
G1 X114.419 Y120.022 E756.03137
G1 X114.672 Y119.992 E756.04323
G1 X116.334 Y118.33 E756.15268
G1 X116.334 Y116.67 E756.22997
G1 X114.672 Y115.008 E756.33942
G1 X114.42 Y114.979 E756.35123
G1 X114.663 Y114.663 E756.36979
G1 X114.979 Y114.42 E756.38836
G1 X115.008 Y114.672 E756.40017
G1 X116.67 Y116.334 E756.50961
G1 X118.33 Y116.334 E756.58691
G1 X119.992 Y114.672 E756.69635
G1 X120.022 Y114.419 E756.70822
G1 X120.33 Y114.657 E756.72634
G1 X120.579 Y114.98 E756.74533
G1 X120.328 Y115.008 E756.75709
G1 X118.666 Y116.67 E756.86654
G1 X118.666 Y118.33 E756.94384
G1 X120.328 Y119.992 E757.05328
G1 X120.578 Y120.019 E757.06499
G1 X120.336 Y120.336 E757.08356
G1 X120.019 Y120.578 E757.10213
G1 X119.992 Y120.328 E757.11384
G1 X118.33 Y118.666 E757.22328
G1 X116.67 Y118.666 E757.30058
G1 X115.008 Y120.328 E757.41003
G1 X114.981 Y120.578 E757.42174
G0 F9000 X115.181 Y120.319
G1 F1500 E750.92174
;MESH:NONMESH
G0 F300 X115.181 Y120.319 Z23.24
G0 F9000 X117.5 Y113.033
G0 X117.357 Y111.95
G0 X117.358 Y103.051
G0 X117.5 Y101.967
G0 X117.5 Y101.483
G0 X117.499 Y101.79
;TIME_ELAPSED:1107.474593
;LAYER:82
;note -- min layer time used
;TYPE:WALL-INNER
;MESH:yc1hingeDubel.stl(1)
G1 F1500 E757.42174
G1 F1127.6 X118.615 Y101.643 E757.47415
G1 X119.642 Y101.219 E757.52589
G1 X120.535 Y100.535 E757.57826
G1 X121.219 Y99.642 E757.63064
G1 X121.643 Y98.615 E757.68238
G1 X121.789 Y97.501 E757.7347
G1 X121.643 Y96.381 E757.78729
G1 X121.219 Y95.355 E757.83898
G1 X120.531 Y94.46 E757.89155
G1 X119.645 Y93.777 E757.94364
G1 X118.615 Y93.353 E757.9955
G1 X117.499 Y93.207 E758.04791
G1 X116.381 Y93.353 E758.10041
G1 X115.356 Y93.776 E758.15205
G1 X114.464 Y94.464 E758.2045
G1 X113.777 Y95.356 E758.25693
G1 X113.353 Y96.381 E758.30858
G1 X113.206 Y97.501 E758.36118
G1 X113.353 Y98.615 E758.4135
G1 X113.777 Y99.645 E758.46537
G1 X114.46 Y100.531 E758.51746
G1 X115.355 Y101.219 E758.57002
G1 X116.381 Y101.643 E758.62172
G1 X117.499 Y101.79 E758.67422
G0 F9000 X117.499 Y102.194
;TYPE:WALL-OUTER
G1 F1127.6 X118.719 Y102.033 E758.73152
G1 X119.843 Y101.569 E758.78815
G1 X120.821 Y100.821 E758.84548
G1 X121.569 Y99.843 E758.90281
G1 X122.033 Y98.719 E758.95943
G1 X122.193 Y97.501 E759.01664
G1 X122.033 Y96.277 E759.07411
G1 X121.569 Y95.153 E759.13074
G1 X120.817 Y94.175 E759.18818
G1 X119.847 Y93.427 E759.24522
G1 X118.719 Y92.963 E759.30201
G1 X117.499 Y92.803 E759.35931
G1 X116.277 Y92.963 E759.4167
G1 X115.154 Y93.427 E759.47328
G1 X114.179 Y94.179 E759.53061
G1 X113.427 Y95.154 E759.58795
G1 X112.963 Y96.277 E759.64453
G1 X112.802 Y97.501 E759.70201
G1 X112.963 Y98.719 E759.75922
G1 X113.427 Y99.847 E759.81601
G1 X114.175 Y100.817 E759.87305
G1 X115.153 Y101.569 E759.9305
G1 X116.277 Y102.033 E759.98712
G1 X117.499 Y102.194 E760.04451
G0 F9000 X117.5 Y101.483
G0 X115.287 Y100.738
;TYPE:FILL
G1 F1127.6 X115.244 Y100.781 E760.04734
G1 X114.657 Y100.33 E760.08181
G1 X114.217 Y99.758 E760.11542
G1 X114.262 Y99.713 E760.11838
G1 X114.672 Y99.712 E760.13747
G1 X116.148 Y98.236 E760.23467
G1 X116.148 Y96.764 E760.30321
G1 X114.672 Y95.288 E760.40041
G1 X114.262 Y95.287 E760.4195
G1 X114.217 Y95.242 E760.42246
G1 X114.663 Y94.663 E760.45649
G1 X115.242 Y94.217 E760.49053
G1 X115.287 Y94.262 E760.49349
G1 X115.288 Y94.672 E760.51258
G1 X116.764 Y96.148 E760.60978
G1 X118.236 Y96.148 E760.67832
G1 X119.712 Y94.672 E760.77552
G1 X119.713 Y94.262 E760.79461
G1 X119.758 Y94.217 E760.79757
G1 X120.33 Y94.657 E760.83118
G1 X120.781 Y95.244 E760.86564
G1 X120.738 Y95.287 E760.86848
G1 X120.328 Y95.288 E760.88757
G1 X118.852 Y96.764 E760.98476
G1 X118.852 Y98.236 E761.05331
G1 X120.328 Y99.712 E761.1505
G1 X120.738 Y99.713 E761.1696
G1 X120.78 Y99.755 E761.17236
G1 X120.336 Y100.336 E761.20641
G1 X119.755 Y100.78 E761.24046
G1 X119.713 Y100.738 E761.24323
G1 X119.712 Y100.328 E761.26232
G1 X118.236 Y98.852 E761.35951
G1 X116.764 Y98.852 E761.42806
G1 X115.288 Y100.328 E761.52525
G1 X115.287 Y100.738 E761.54434
G0 F9000 X115.45 Y100.526
G1 F1500 E755.04434
;MESH:yc1hingeDubel.stl
G0 F9000 X116.346 Y101.815
G0 X116.204 Y102.9
G0 X117.357 Y111.95
G0 X117.5 Y113.033
G0 X117.5 Y121.483
G0 X117.499 Y121.79
;TYPE:WALL-INNER
G1 F1500 E761.54434
G1 F1127.6 X118.615 Y121.643 E761.59676
G1 X119.642 Y121.219 E761.6485
G1 X120.535 Y120.535 E761.70087
G1 X121.219 Y119.642 E761.75325
G1 X121.643 Y118.615 E761.80499
G1 X121.789 Y117.501 E761.8573
G1 X121.643 Y116.381 E761.9099
G1 X121.219 Y115.355 E761.96159
G1 X120.531 Y114.46 E762.01416
G1 X119.645 Y113.777 E762.06625
G1 X118.615 Y113.353 E762.11811
G1 X117.499 Y113.207 E762.17052
G1 X116.381 Y113.353 E762.22302
G1 X115.356 Y113.776 E762.27466
G1 X114.464 Y114.464 E762.32711
G1 X113.777 Y115.356 E762.37954
G1 X113.353 Y116.381 E762.43119
G1 X113.206 Y117.501 E762.48379
G1 X113.353 Y118.615 E762.53611
G1 X113.777 Y119.645 E762.58797
G1 X114.46 Y120.531 E762.64007
G1 X115.355 Y121.219 E762.69263
G1 X116.381 Y121.643 E762.74432
G1 X117.499 Y121.79 E762.79683
G0 F9000 X117.499 Y122.194
;TYPE:WALL-OUTER
G1 F1127.6 X118.719 Y122.033 E762.85413
G1 X119.843 Y121.569 E762.91076
G1 X120.821 Y120.821 E762.96809
G1 X121.569 Y119.843 E763.02542
G1 X122.033 Y118.719 E763.08204
G1 X122.193 Y117.501 E763.13924
G1 X122.033 Y116.277 E763.19672
G1 X121.569 Y115.153 E763.25335
G1 X120.817 Y114.175 E763.31079
G1 X119.847 Y113.427 E763.36783
G1 X118.719 Y112.963 E763.42462
G1 X117.499 Y112.803 E763.48192
G1 X116.277 Y112.963 E763.53931
G1 X115.154 Y113.427 E763.59588
G1 X114.179 Y114.179 E763.65322
G1 X113.427 Y115.154 E763.71055
G1 X112.963 Y116.277 E763.76713
G1 X112.802 Y117.501 E763.82462
G1 X112.963 Y118.719 E763.88183
G1 X113.427 Y119.847 E763.93862
G1 X114.175 Y120.817 E763.99566
G1 X115.153 Y121.569 E764.05311
G1 X116.277 Y122.033 E764.10973
G1 X117.499 Y122.194 E764.16712
G0 F9000 X117.5 Y121.483
G0 X115.287 Y120.738
;TYPE:FILL
G1 F1127.6 X115.244 Y120.781 E764.16995
G1 X114.657 Y120.33 E764.20442
G1 X114.217 Y119.758 E764.23802
G1 X114.262 Y119.713 E764.24099
G1 X114.672 Y119.712 E764.26008
G1 X116.148 Y118.236 E764.35728
G1 X116.148 Y116.764 E764.42582
G1 X114.672 Y115.288 E764.52302
G1 X114.262 Y115.287 E764.54211
G1 X114.217 Y115.242 E764.54507
G1 X114.663 Y114.663 E764.5791
G1 X115.242 Y114.217 E764.61313
G1 X115.287 Y114.262 E764.6161
G1 X115.288 Y114.672 E764.63519
G1 X116.764 Y116.148 E764.73239
G1 X118.236 Y116.148 E764.80093
G1 X119.712 Y114.672 E764.89813
G1 X119.713 Y114.262 E764.91722
G1 X119.758 Y114.217 E764.92018
G1 X120.33 Y114.657 E764.95378
G1 X120.781 Y115.244 E764.98825
G1 X120.738 Y115.287 E764.99109
G1 X120.328 Y115.288 E765.01018
G1 X118.852 Y116.764 E765.10737
G1 X118.852 Y118.236 E765.17592
G1 X120.328 Y119.712 E765.27311
G1 X120.738 Y119.713 E765.2922
G1 X120.78 Y119.755 E765.29497
G1 X120.336 Y120.336 E765.32902
G1 X119.755 Y120.78 E765.36307
G1 X119.713 Y120.738 E765.36583
G1 X119.712 Y120.328 E765.38493
G1 X118.236 Y118.852 E765.48212
G1 X116.764 Y118.852 E765.55067
G1 X115.288 Y120.328 E765.64786
G1 X115.287 Y120.738 E765.66695
G0 F9000 X115.45 Y120.526
G1 F1500 E759.16695
;MESH:NONMESH
G0 F300 X115.45 Y120.526 Z23.52
G0 F9000 X117.5 Y113.033
G0 X117.357 Y111.95
G0 X117.358 Y103.051
G0 X117.5 Y101.967
G0 X117.5 Y101.483
G0 X117.499 Y101.79
;TIME_ELAPSED:1120.005534
;LAYER:83
;note -- min layer time used
;TYPE:WALL-INNER
;MESH:yc1hingeDubel.stl(1)
G1 F1500 E765.66695
G1 F1145.6 X118.615 Y101.643 E765.71937
G1 X119.642 Y101.219 E765.7711
G1 X120.535 Y100.535 E765.82348
G1 X121.219 Y99.642 E765.87586
G1 X121.643 Y98.615 E765.9276
G1 X121.789 Y97.501 E765.97991
G1 X121.643 Y96.381 E766.03251
G1 X121.219 Y95.355 E766.0842
G1 X120.531 Y94.46 E766.13677
G1 X119.645 Y93.777 E766.18886
G1 X118.615 Y93.353 E766.24072
G1 X117.499 Y93.207 E766.29313
G1 X116.381 Y93.353 E766.34563
G1 X115.356 Y93.776 E766.39727
G1 X114.464 Y94.464 E766.44972
G1 X113.777 Y95.356 E766.50215
G1 X113.353 Y96.381 E766.5538
G1 X113.206 Y97.501 E766.6064
G1 X113.353 Y98.615 E766.65872
G1 X113.777 Y99.645 E766.71058
G1 X114.46 Y100.531 E766.76268
G1 X115.355 Y101.219 E766.81524
G1 X116.381 Y101.643 E766.86693
G1 X117.499 Y101.79 E766.91944
G0 F9000 X117.499 Y102.194
;TYPE:WALL-OUTER
G1 F1145.6 X118.719 Y102.033 E766.97674
G1 X119.843 Y101.569 E767.03336
G1 X120.821 Y100.821 E767.0907
G1 X121.569 Y99.843 E767.14803
G1 X122.033 Y98.719 E767.20465
G1 X122.193 Y97.501 E767.26185
G1 X122.033 Y96.277 E767.31933
G1 X121.569 Y95.153 E767.37596
G1 X120.817 Y94.175 E767.4334
G1 X119.847 Y93.427 E767.49044
G1 X118.719 Y92.963 E767.54723
G1 X117.499 Y92.803 E767.60453
G1 X116.277 Y92.963 E767.66191
G1 X115.154 Y93.427 E767.71849
G1 X114.179 Y94.179 E767.77583
G1 X113.427 Y95.154 E767.83316
G1 X112.963 Y96.277 E767.88974
G1 X112.802 Y97.501 E767.94723
G1 X112.963 Y98.719 E768.00444
G1 X113.427 Y99.847 E768.06123
G1 X114.175 Y100.817 E768.11827
G1 X115.153 Y101.569 E768.17571
G1 X116.277 Y102.033 E768.23234
G1 X117.499 Y102.194 E768.28973
G0 F9000 X117.5 Y101.483
G0 X115.567 Y100.925
;TYPE:FILL
G1 F1145.6 X115.511 Y100.981 E768.29342
G1 X114.657 Y100.33 E768.34342
G1 X114.016 Y99.492 E768.39255
G1 X114.075 Y99.433 E768.39643
G1 X114.672 Y99.432 E768.42423
G1 X115.961 Y98.143 E768.50911
G1 X115.961 Y96.857 E768.569
G1 X114.672 Y95.568 E768.65388
G1 X114.075 Y95.567 E768.68168
G1 X114.016 Y95.508 E768.68556
G1 X114.663 Y94.663 E768.73512
G1 X115.508 Y94.016 E768.78467
G1 X115.567 Y94.075 E768.78856
G1 X115.568 Y94.672 E768.81636
G1 X116.857 Y95.961 E768.90124
G1 X118.143 Y95.961 E768.96112
G1 X119.432 Y94.672 E769.04601
G1 X119.433 Y94.075 E769.07381
G1 X119.492 Y94.016 E769.07769
G1 X120.33 Y94.657 E769.12682
G1 X120.982 Y95.51 E769.17681
G1 X120.925 Y95.567 E769.18056
G1 X120.328 Y95.568 E769.20836
G1 X119.039 Y96.857 E769.29325
G1 X119.039 Y98.143 E769.35313
G1 X120.328 Y99.432 E769.43801
G1 X120.925 Y99.433 E769.46581
G1 X120.98 Y99.488 E769.46943
G1 X120.336 Y100.336 E769.51901
G1 X119.488 Y100.98 E769.5686
G1 X119.433 Y100.925 E769.57222
G1 X119.432 Y100.328 E769.60002
G1 X118.143 Y99.039 E769.6849
G1 X116.857 Y99.039 E769.74478
G1 X115.568 Y100.328 E769.82966
G1 X115.567 Y100.925 E769.85746
G0 F9000 X115.666 Y100.69
G1 F1500 E763.35746
;MESH:yc1hingeDubel.stl
G0 F9000 X116.346 Y101.815
G0 X116.204 Y102.9
G0 X117.357 Y111.95
G0 X117.5 Y113.033
G0 X117.5 Y121.483
G0 X117.499 Y121.79
;TYPE:WALL-INNER
G1 F1500 E769.85746
G1 F1145.6 X118.615 Y121.643 E769.90988
G1 X119.642 Y121.219 E769.96161
G1 X120.535 Y120.535 E770.01399
G1 X121.219 Y119.642 E770.06637
G1 X121.643 Y118.615 E770.11811
G1 X121.789 Y117.501 E770.17042
G1 X121.643 Y116.381 E770.22302
G1 X121.219 Y115.355 E770.27471
G1 X120.531 Y114.46 E770.32728
G1 X119.645 Y113.777 E770.37937
G1 X118.615 Y113.353 E770.43123
G1 X117.499 Y113.207 E770.48364
G1 X116.381 Y113.353 E770.53614
G1 X115.356 Y113.776 E770.58777
G1 X114.464 Y114.464 E770.64023
G1 X113.777 Y115.356 E770.69266
G1 X113.353 Y116.381 E770.74431
G1 X113.206 Y117.501 E770.79691
G1 X113.353 Y118.615 E770.84923
G1 X113.777 Y119.645 E770.90109
G1 X114.46 Y120.531 E770.95318
G1 X115.355 Y121.219 E771.00575
G1 X116.381 Y121.643 E771.05744
G1 X117.499 Y121.79 E771.10995
G0 F9000 X117.499 Y122.194
;TYPE:WALL-OUTER
G1 F1145.6 X118.719 Y122.033 E771.16725
G1 X119.843 Y121.569 E771.22387
G1 X120.821 Y120.821 E771.28121
G1 X121.569 Y119.843 E771.33854
G1 X122.033 Y118.719 E771.39516
G1 X122.193 Y117.501 E771.45236
G1 X122.033 Y116.277 E771.50984
G1 X121.569 Y115.153 E771.56647
G1 X120.817 Y114.175 E771.62391
G1 X119.847 Y113.427 E771.68095
G1 X118.719 Y112.963 E771.73774
G1 X117.499 Y112.803 E771.79504
G1 X116.277 Y112.963 E771.85242
G1 X115.154 Y113.427 E771.909
G1 X114.179 Y114.179 E771.96634
G1 X113.427 Y115.154 E772.02367
G1 X112.963 Y116.277 E772.08025
G1 X112.802 Y117.501 E772.13774
G1 X112.963 Y118.719 E772.19495
G1 X113.427 Y119.847 E772.25174
G1 X114.175 Y120.817 E772.30878
G1 X115.153 Y121.569 E772.36622
G1 X116.277 Y122.033 E772.42285
G1 X117.499 Y122.194 E772.48024
G0 F9000 X117.5 Y121.483
G0 X115.567 Y120.925
;TYPE:FILL
G1 F1145.6 X115.511 Y120.981 E772.48393
G1 X114.657 Y120.33 E772.53393
G1 X114.016 Y119.492 E772.58306
G1 X114.075 Y119.433 E772.58694
G1 X114.672 Y119.432 E772.61474
G1 X115.961 Y118.143 E772.69962
G1 X115.961 Y116.857 E772.75951
G1 X114.672 Y115.568 E772.84439
G1 X114.075 Y115.567 E772.87219
G1 X114.016 Y115.508 E772.87607
G1 X114.663 Y114.663 E772.92563
G1 X115.508 Y114.016 E772.97518
G1 X115.567 Y114.075 E772.97907
G1 X115.568 Y114.672 E773.00687
G1 X116.857 Y115.961 E773.09175
G1 X118.143 Y115.961 E773.15163
G1 X119.432 Y114.672 E773.23652
G1 X119.433 Y114.075 E773.26431
G1 X119.492 Y114.016 E773.2682
G1 X120.33 Y114.657 E773.31733
G1 X120.982 Y115.51 E773.36732
G1 X120.925 Y115.567 E773.37107
G1 X120.328 Y115.568 E773.39887
G1 X119.039 Y116.857 E773.48376
G1 X119.039 Y118.143 E773.54364
G1 X120.328 Y119.432 E773.62852
G1 X120.925 Y119.433 E773.65632
G1 X120.98 Y119.488 E773.65994
G1 X120.336 Y120.336 E773.70952
G1 X119.488 Y120.98 E773.75911
G1 X119.433 Y120.925 E773.76273
G1 X119.432 Y120.328 E773.79053
G1 X118.143 Y119.039 E773.87541
G1 X116.857 Y119.039 E773.93529
G1 X115.568 Y120.328 E774.02017
G1 X115.567 Y120.925 E774.04797
G0 F9000 X115.666 Y120.69
G1 F1500 E767.54797
;MESH:NONMESH
G0 F300 X115.666 Y120.69 Z23.8
G0 F9000 X117.5 Y113.033
G0 X117.357 Y111.95
G0 X117.358 Y103.051
G0 X117.5 Y101.967
G0 X117.5 Y101.483
G0 X117.499 Y101.79
;TIME_ELAPSED:1132.528117
;LAYER:84
;note -- min layer time used
;TYPE:WALL-INNER
;MESH:yc1hingeDubel.stl(1)
G1 F1500 E774.04797
G1 F1157.8 X118.615 Y101.643 E774.10039
G1 X119.642 Y101.219 E774.15212
G1 X120.535 Y100.535 E774.2045
G1 X121.219 Y99.642 E774.25688
G1 X121.643 Y98.615 E774.30862
G1 X121.789 Y97.501 E774.36093
G1 X121.643 Y96.381 E774.41353
G1 X121.219 Y95.355 E774.46522
G1 X120.531 Y94.46 E774.51779
G1 X119.645 Y93.777 E774.56988
G1 X118.615 Y93.353 E774.62174
G1 X117.499 Y93.207 E774.67415
G1 X116.381 Y93.353 E774.72665
G1 X115.356 Y93.776 E774.77828
G1 X114.464 Y94.464 E774.83074
G1 X113.777 Y95.356 E774.88317
G1 X113.353 Y96.381 E774.93482
G1 X113.206 Y97.501 E774.98741
G1 X113.353 Y98.615 E775.03974
G1 X113.777 Y99.645 E775.0916
G1 X114.46 Y100.531 E775.14369
G1 X115.355 Y101.219 E775.19626
G1 X116.381 Y101.643 E775.24795
G1 X117.499 Y101.79 E775.30046
G0 F9000 X117.499 Y102.194
;TYPE:WALL-OUTER
G1 F1157.8 X118.719 Y102.033 E775.35776
G1 X119.843 Y101.569 E775.41438
G1 X120.821 Y100.821 E775.47172
G1 X121.569 Y99.843 E775.52905
G1 X122.033 Y98.719 E775.58567
G1 X122.193 Y97.501 E775.64287
G1 X122.033 Y96.277 E775.70035
G1 X121.569 Y95.153 E775.75697
G1 X120.817 Y94.175 E775.81442
G1 X119.847 Y93.427 E775.87146
G1 X118.719 Y92.963 E775.92825
G1 X117.499 Y92.803 E775.98555
G1 X116.277 Y92.963 E776.04293
G1 X115.154 Y93.427 E776.09951
G1 X114.179 Y94.179 E776.15685
G1 X113.427 Y95.154 E776.21418
G1 X112.963 Y96.277 E776.27076
G1 X112.802 Y97.501 E776.32825
G1 X112.963 Y98.719 E776.38546
G1 X113.427 Y99.847 E776.44225
G1 X114.175 Y100.817 E776.49929
G1 X115.153 Y101.569 E776.55673
G1 X116.277 Y102.033 E776.61336
G1 X117.499 Y102.194 E776.67075
G0 F9000 X117.5 Y101.483
G0 X115.853 Y101.092
G0 X115.842 Y101.117
;TYPE:FILL
G1 F1157.8 X115.497 Y100.975 E776.68812
G1 X114.657 Y100.33 E776.73744
G1 X114.022 Y99.506 E776.78588
G1 X113.877 Y99.153 E776.80365
G1 X114.672 Y99.152 E776.84066
G1 X115.774 Y98.05 E776.91323
G1 X115.774 Y96.95 E776.96445
G1 X114.672 Y95.848 E777.03702
G1 X113.877 Y95.847 E777.07404
G1 X114.021 Y95.496 E777.09171
G1 X114.663 Y94.663 E777.14068
G1 X115.496 Y94.021 E777.18965
G1 X115.847 Y93.877 E777.20732
G1 X115.848 Y94.672 E777.24433
G1 X116.95 Y95.774 E777.3169
G1 X118.05 Y95.774 E777.36812
G1 X119.152 Y94.672 E777.44069
G1 X119.153 Y93.877 E777.47771
G1 X119.506 Y94.022 E777.49548
G1 X120.33 Y94.657 E777.54392
G1 X120.976 Y95.497 E777.59326
G1 X121.118 Y95.841 E777.61059
G1 X120.328 Y95.848 E777.64738
G1 X119.226 Y96.95 E777.71995
G1 X119.226 Y98.05 E777.77117
G1 X120.328 Y99.152 E777.84374
G1 X121.116 Y99.157 E777.88043
G1 X120.974 Y99.501 E777.89776
G1 X120.336 Y100.336 E777.94669
G1 X119.501 Y100.974 E777.99562
G1 X119.157 Y101.116 E778.01295
G1 X119.152 Y100.328 E778.04965
G1 X118.05 Y99.226 E778.12221
G1 X116.95 Y99.226 E778.17343
G1 X115.848 Y100.328 E778.246
G1 X115.842 Y101.117 E778.28274
G0 F9000 X115.968 Y100.815
G1 F1500 E771.78274
;MESH:yc1hingeDubel.stl
G0 F9000 X117.5 Y101.967
G0 X117.643 Y103.05
G0 X117.642 Y111.949
G0 X117.5 Y113.033
G0 X117.5 Y121.483
G0 X117.499 Y121.79
;TYPE:WALL-INNER
G1 F1500 E778.28274
G1 F1157.8 X118.615 Y121.643 E778.33516
G1 X119.642 Y121.219 E778.38689
G1 X120.535 Y120.535 E778.43927
G1 X121.219 Y119.642 E778.49165
G1 X121.643 Y118.615 E778.54339
G1 X121.789 Y117.501 E778.5957
G1 X121.643 Y116.381 E778.6483
G1 X121.219 Y115.355 E778.69999
G1 X120.531 Y114.46 E778.75256
G1 X119.645 Y113.777 E778.80465
G1 X118.615 Y113.353 E778.85651
G1 X117.499 Y113.207 E778.90892
G1 X116.381 Y113.353 E778.96142
G1 X115.356 Y113.776 E779.01305
G1 X114.464 Y114.464 E779.06551
G1 X113.777 Y115.356 E779.11794
G1 X113.353 Y116.381 E779.16959
G1 X113.206 Y117.501 E779.22219
G1 X113.353 Y118.615 E779.27451
G1 X113.777 Y119.645 E779.32637
G1 X114.46 Y120.531 E779.37846
G1 X115.355 Y121.219 E779.43103
G1 X116.381 Y121.643 E779.48272
G1 X117.499 Y121.79 E779.53523
G0 F9000 X117.499 Y122.194
;TYPE:WALL-OUTER
G1 F1157.8 X118.719 Y122.033 E779.59253
G1 X119.843 Y121.569 E779.64915
G1 X120.821 Y120.821 E779.70649
G1 X121.569 Y119.843 E779.76382
G1 X122.033 Y118.719 E779.82044
G1 X122.193 Y117.501 E779.87764
G1 X122.033 Y116.277 E779.93512
G1 X121.569 Y115.153 E779.99175
G1 X120.817 Y114.175 E780.04919
G1 X119.847 Y113.427 E780.10623
G1 X118.719 Y112.963 E780.16302
G1 X117.499 Y112.803 E780.22032
G1 X116.277 Y112.963 E780.2777
G1 X115.154 Y113.427 E780.33428
G1 X114.179 Y114.179 E780.39162
G1 X113.427 Y115.154 E780.44895
G1 X112.963 Y116.277 E780.50553
G1 X112.802 Y117.501 E780.56302
G1 X112.963 Y118.719 E780.62023
G1 X113.427 Y119.847 E780.67702
G1 X114.175 Y120.817 E780.73406
G1 X115.153 Y121.569 E780.7915
G1 X116.277 Y122.033 E780.84813
G1 X117.499 Y122.194 E780.90552
G0 F9000 X117.5 Y121.483
G0 X115.853 Y121.092
G0 X115.842 Y121.117
;TYPE:FILL
G1 F1157.8 X115.497 Y120.975 E780.92289
G1 X114.657 Y120.33 E780.97221
G1 X114.022 Y119.506 E781.02065
G1 X113.877 Y119.153 E781.03842
G1 X114.672 Y119.152 E781.07544
G1 X115.774 Y118.05 E781.148
G1 X115.774 Y116.95 E781.19922
G1 X114.672 Y115.848 E781.27179
G1 X113.877 Y115.847 E781.30881
G1 X114.021 Y115.496 E781.32648
G1 X114.663 Y114.663 E781.37545
G1 X115.496 Y114.021 E781.42442
G1 X115.847 Y113.877 E781.44209
G1 X115.848 Y114.672 E781.4791
G1 X116.95 Y115.774 E781.55167
G1 X118.05 Y115.774 E781.60289
G1 X119.152 Y114.672 E781.67546
G1 X119.153 Y113.877 E781.71248
G1 X119.506 Y114.022 E781.73025
G1 X120.33 Y114.657 E781.77869
G1 X120.976 Y115.497 E781.82803
G1 X121.118 Y115.841 E781.84536
G1 X120.328 Y115.848 E781.88215
G1 X119.226 Y116.95 E781.95472
G1 X119.226 Y118.05 E782.00594
G1 X120.328 Y119.152 E782.07851
G1 X121.116 Y119.157 E782.1152
G1 X120.974 Y119.501 E782.13253
G1 X120.336 Y120.336 E782.18146
G1 X119.501 Y120.974 E782.23039
G1 X119.157 Y121.116 E782.24772
G1 X119.152 Y120.328 E782.28442
G1 X118.05 Y119.226 E782.35698
G1 X116.95 Y119.226 E782.4082
G1 X115.848 Y120.328 E782.48077
G1 X115.842 Y121.117 E782.51751
G0 F9000 X115.968 Y120.815
G1 F1500 E776.01751
;MESH:NONMESH
G0 F300 X115.968 Y120.815 Z24.08
G0 F9000 X117.5 Y113.033
G0 X117.357 Y111.95
G0 X117.358 Y103.051
G0 X117.5 Y101.967
G0 X117.5 Y101.483
G0 X117.499 Y101.79
;TIME_ELAPSED:1145.127525
;LAYER:85
;note -- min layer time used
;TYPE:WALL-INNER
;MESH:yc1hingeDubel.stl(1)
G1 F1500 E782.51751
G1 F1163.8 X118.615 Y101.643 E782.56993
G1 X119.642 Y101.219 E782.62166
G1 X120.535 Y100.535 E782.67404
G1 X121.219 Y99.642 E782.72642
G1 X121.643 Y98.615 E782.77816
G1 X121.789 Y97.501 E782.83047
G1 X121.643 Y96.381 E782.88307
G1 X121.219 Y95.355 E782.93476
G1 X120.531 Y94.46 E782.98733
G1 X119.645 Y93.777 E783.03942
G1 X118.615 Y93.353 E783.09128
G1 X117.499 Y93.207 E783.14369
G1 X116.381 Y93.353 E783.19619
G1 X115.356 Y93.776 E783.24783
G1 X114.464 Y94.464 E783.30028
G1 X113.777 Y95.356 E783.35271
G1 X113.353 Y96.381 E783.40436
G1 X113.206 Y97.501 E783.45696
G1 X113.353 Y98.615 E783.50928
G1 X113.777 Y99.645 E783.56114
G1 X114.46 Y100.531 E783.61324
G1 X115.355 Y101.219 E783.6658
G1 X116.381 Y101.643 E783.71749
G1 X117.499 Y101.79 E783.77
G0 F9000 X117.499 Y102.194
;TYPE:WALL-OUTER
G1 F1163.8 X118.719 Y102.033 E783.8273
G1 X119.843 Y101.569 E783.88392
G1 X120.821 Y100.821 E783.94126
G1 X121.569 Y99.843 E783.99859
G1 X122.033 Y98.719 E784.05521
G1 X122.193 Y97.501 E784.11241
G1 X122.033 Y96.277 E784.16989
G1 X121.569 Y95.153 E784.22652
G1 X120.817 Y94.175 E784.28396
G1 X119.847 Y93.427 E784.341
G1 X118.719 Y92.963 E784.39779
G1 X117.499 Y92.803 E784.45509
G1 X116.277 Y92.963 E784.51247
G1 X115.154 Y93.427 E784.56905
G1 X114.179 Y94.179 E784.62639
G1 X113.427 Y95.154 E784.68372
G1 X112.963 Y96.277 E784.7403
G1 X112.802 Y97.501 E784.79779
G1 X112.963 Y98.719 E784.855
G1 X113.427 Y99.847 E784.91179
G1 X114.175 Y100.817 E784.96883
G1 X115.153 Y101.569 E785.02627
G1 X116.277 Y102.033 E785.0829
G1 X117.499 Y102.194 E785.14029
G0 F9000 X117.5 Y101.483
G0 X116.138 Y101.21
G0 X116.127 Y101.235
;TYPE:FILL
G1 F1163.8 X115.497 Y100.975 E785.17203
G1 X114.657 Y100.33 E785.22134
G1 X114.022 Y99.506 E785.26978
G1 X113.762 Y98.873 E785.30165
G1 X114.672 Y98.872 E785.34402
G1 X115.588 Y97.956 E785.40434
G1 X115.588 Y97.044 E785.44681
G1 X114.672 Y96.128 E785.50713
G1 X113.76 Y96.127 E785.54959
G1 X114.021 Y95.496 E785.58139
G1 X114.663 Y94.663 E785.63036
G1 X115.496 Y94.021 E785.67933
G1 X116.127 Y93.76 E785.71113
G1 X116.128 Y94.672 E785.75359
G1 X117.044 Y95.588 E785.81391
G1 X117.956 Y95.588 E785.85638
G1 X118.872 Y94.672 E785.9167
G1 X118.873 Y93.762 E785.95907
G1 X119.506 Y94.022 E785.99094
G1 X120.33 Y94.657 E786.03938
G1 X120.976 Y95.497 E786.08872
G1 X121.236 Y96.127 E786.12046
G1 X120.328 Y96.128 E786.16274
G1 X119.412 Y97.044 E786.22306
G1 X119.412 Y97.956 E786.26552
G1 X120.328 Y98.872 E786.32584
G1 X121.234 Y98.873 E786.36803
G1 X120.974 Y99.501 E786.39968
G1 X120.336 Y100.336 E786.44861
G1 X119.501 Y100.974 E786.49754
G1 X118.873 Y101.234 E786.52919
G1 X118.872 Y100.328 E786.57138
G1 X117.956 Y99.412 E786.6317
G1 X117.044 Y99.412 E786.67417
G1 X116.128 Y100.328 E786.73449
G1 X116.127 Y101.235 E786.77672
G0 F9000 X116.253 Y100.933
G1 F1500 E780.27672
;MESH:yc1hingeDubel.stl
G0 F9000 X117.5 Y101.967
G0 X117.643 Y103.05
G0 X117.642 Y111.949
G0 X117.5 Y113.033
G0 X117.5 Y121.483
G0 X117.499 Y121.79
;TYPE:WALL-INNER
G1 F1500 E786.77672
G1 F1163.8 X118.615 Y121.643 E786.82914
G1 X119.642 Y121.219 E786.88087
G1 X120.535 Y120.535 E786.93325
G1 X121.219 Y119.642 E786.98563
G1 X121.643 Y118.615 E787.03737
G1 X121.789 Y117.501 E787.08968
G1 X121.643 Y116.381 E787.14227
G1 X121.219 Y115.355 E787.19397
G1 X120.531 Y114.46 E787.24653
G1 X119.645 Y113.777 E787.29862
G1 X118.615 Y113.353 E787.35049
G1 X117.499 Y113.207 E787.4029
G1 X116.381 Y113.353 E787.4554
G1 X115.356 Y113.776 E787.50703
G1 X114.464 Y114.464 E787.55949
G1 X113.777 Y115.356 E787.61191
G1 X113.353 Y116.381 E787.66356
G1 X113.206 Y117.501 E787.71616
G1 X113.353 Y118.615 E787.76849
G1 X113.777 Y119.645 E787.82035
G1 X114.46 Y120.531 E787.87244
G1 X115.355 Y121.219 E787.92501
G1 X116.381 Y121.643 E787.9767
G1 X117.499 Y121.79 E788.02921
G0 F9000 X117.499 Y122.194
;TYPE:WALL-OUTER
G1 F1163.8 X118.719 Y122.033 E788.08651
G1 X119.843 Y121.569 E788.14313
G1 X120.821 Y120.821 E788.20046
G1 X121.569 Y119.843 E788.2578
G1 X122.033 Y118.719 E788.31442
G1 X122.193 Y117.501 E788.37162
G1 X122.033 Y116.277 E788.4291
G1 X121.569 Y115.153 E788.48572
G1 X120.817 Y114.175 E788.54317
G1 X119.847 Y113.427 E788.60021
G1 X118.719 Y112.963 E788.657
G1 X117.499 Y112.803 E788.71429
G1 X116.277 Y112.963 E788.77168
G1 X115.154 Y113.427 E788.82826
G1 X114.179 Y114.179 E788.8856
G1 X113.427 Y115.154 E788.94293
G1 X112.963 Y116.277 E788.99951
G1 X112.802 Y117.501 E789.057
G1 X112.963 Y118.719 E789.1142
G1 X113.427 Y119.847 E789.171
G1 X114.175 Y120.817 E789.22804
G1 X115.153 Y121.569 E789.28548
G1 X116.277 Y122.033 E789.3421
G1 X117.499 Y122.194 E789.3995
G0 F9000 X117.5 Y121.483
G0 X116.138 Y121.21
G0 X116.127 Y121.235
;TYPE:FILL
G1 F1163.8 X115.497 Y120.975 E789.43123
G1 X114.657 Y120.33 E789.48055
G1 X114.022 Y119.506 E789.52899
G1 X113.762 Y118.873 E789.56085
G1 X114.672 Y118.872 E789.60323
G1 X115.588 Y117.956 E789.66355
G1 X115.588 Y117.044 E789.70601
G1 X114.672 Y116.128 E789.76633
G1 X113.76 Y116.127 E789.8088
G1 X114.021 Y115.496 E789.8406
G1 X114.663 Y114.663 E789.88957
G1 X115.496 Y114.021 E789.93854
G1 X116.127 Y113.76 E789.97033
G1 X116.128 Y114.672 E790.0128
G1 X117.044 Y115.588 E790.07312
G1 X117.956 Y115.588 E790.11559
G1 X118.872 Y114.672 E790.17591
G1 X118.873 Y113.762 E790.21828
G1 X119.506 Y114.022 E790.25015
G1 X120.33 Y114.657 E790.29859
G1 X120.976 Y115.497 E790.34793
G1 X121.236 Y116.127 E790.37966
G1 X120.328 Y116.128 E790.42194
G1 X119.412 Y117.044 E790.48226
G1 X119.412 Y117.956 E790.52473
G1 X120.328 Y118.872 E790.58505
G1 X121.234 Y118.873 E790.62724
G1 X120.974 Y119.501 E790.65889
G1 X120.336 Y120.336 E790.70782
G1 X119.501 Y120.974 E790.75675
G1 X118.873 Y121.234 E790.7884
G1 X118.872 Y120.328 E790.83059
G1 X117.956 Y119.412 E790.89091
G1 X117.044 Y119.412 E790.93337
G1 X116.128 Y120.328 E790.99369
G1 X116.127 Y121.235 E791.03593
G0 F9000 X116.253 Y120.933
G1 F1500 E784.53593
;MESH:NONMESH
G0 F300 X116.253 Y120.933 Z24.36
G0 F9000 X117.5 Y113.033
G0 X117.357 Y111.95
G0 X117.358 Y103.051
G0 X117.5 Y101.967
G0 X117.5 Y101.483
G0 X117.499 Y101.79
;TIME_ELAPSED:1157.700768
;LAYER:86
;note -- min layer time used
;TYPE:WALL-INNER
;MESH:yc1hingeDubel.stl(1)
G1 F1500 E791.03593
G1 F1169.4 X118.615 Y101.643 E791.08834
G1 X119.642 Y101.219 E791.14008
G1 X120.535 Y100.535 E791.19246
G1 X121.219 Y99.642 E791.24484
G1 X121.643 Y98.615 E791.29657
G1 X121.789 Y97.501 E791.34889
G1 X121.643 Y96.381 E791.40148
G1 X121.219 Y95.355 E791.45318
G1 X120.531 Y94.46 E791.50574
G1 X119.645 Y93.777 E791.55783
G1 X118.615 Y93.353 E791.6097
G1 X117.499 Y93.207 E791.66211
G1 X116.381 Y93.353 E791.71461
G1 X115.356 Y93.776 E791.76624
G1 X114.464 Y94.464 E791.81869
G1 X113.777 Y95.356 E791.87112
G1 X113.353 Y96.381 E791.92277
G1 X113.206 Y97.501 E791.97537
G1 X113.353 Y98.615 E792.02769
G1 X113.777 Y99.645 E792.07956
G1 X114.46 Y100.531 E792.13165
G1 X115.355 Y101.219 E792.18422
G1 X116.381 Y101.643 E792.23591
G1 X117.499 Y101.79 E792.28842
G0 F9000 X117.499 Y102.194
;TYPE:WALL-OUTER
G1 F1169.4 X118.719 Y102.033 E792.34572
G1 X119.843 Y101.569 E792.40234
G1 X120.821 Y100.821 E792.45967
G1 X121.569 Y99.843 E792.517
G1 X122.033 Y98.719 E792.57363
G1 X122.193 Y97.501 E792.63083
G1 X122.033 Y96.277 E792.68831
G1 X121.569 Y95.153 E792.74493
G1 X120.817 Y94.175 E792.80238
G1 X119.847 Y93.427 E792.85941
G1 X118.719 Y92.963 E792.91621
G1 X117.499 Y92.803 E792.9735
G1 X116.277 Y92.963 E793.03089
G1 X115.154 Y93.427 E793.08747
G1 X114.179 Y94.179 E793.1448
G1 X113.427 Y95.154 E793.20214
G1 X112.963 Y96.277 E793.25872
G1 X112.802 Y97.501 E793.3162
G1 X112.963 Y98.719 E793.37341
G1 X113.427 Y99.847 E793.43021
G1 X114.175 Y100.817 E793.48724
G1 X115.153 Y101.569 E793.54469
G1 X116.277 Y102.033 E793.60131
G1 X117.499 Y102.194 E793.6587
G0 F9000 X117.5 Y101.483
G0 X116.418 Y101.326
G0 X116.407 Y101.351
;TYPE:FILL
G1 F1169.4 X115.497 Y100.975 E793.70455
G1 X114.657 Y100.33 E793.75387
G1 X114.022 Y99.506 E793.80231
G1 X113.646 Y98.593 E793.84828
G1 X114.672 Y98.592 E793.89606
G1 X115.401 Y97.863 E793.94407
G1 X115.401 Y97.137 E793.97787
G1 X114.672 Y96.408 E794.02588
G1 X113.645 Y96.407 E794.0737
G1 X114.021 Y95.496 E794.11959
G1 X114.663 Y94.663 E794.16856
G1 X115.496 Y94.021 E794.21753
G1 X116.407 Y93.645 E794.26342
G1 X116.408 Y94.672 E794.31124
G1 X117.137 Y95.401 E794.35925
G1 X117.863 Y95.401 E794.39306
G1 X118.592 Y94.672 E794.44106
G1 X118.593 Y93.646 E794.48884
G1 X119.506 Y94.022 E794.53481
G1 X120.33 Y94.657 E794.58325
G1 X120.976 Y95.497 E794.6326
G1 X121.351 Y96.407 E794.67843
G1 X120.328 Y96.408 E794.72606
G1 X119.599 Y97.137 E794.77407
G1 X119.599 Y97.863 E794.80787
G1 X120.328 Y98.592 E794.85588
G1 X121.35 Y98.593 E794.90347
G1 X120.974 Y99.501 E794.94923
G1 X120.336 Y100.336 E794.99816
G1 X119.501 Y100.974 E795.04709
G1 X118.593 Y101.35 E795.09286
G1 X118.592 Y100.328 E795.14044
G1 X117.863 Y99.599 E795.18845
G1 X117.137 Y99.599 E795.22226
G1 X116.408 Y100.328 E795.27026
G1 X116.407 Y101.351 E795.3179
G0 F9000 X116.533 Y101.049
G1 F1500 E788.8179
;MESH:yc1hingeDubel.stl
G0 F9000 X117.5 Y101.967
G0 X117.643 Y103.05
G0 X117.642 Y111.949
G0 X117.5 Y113.033
G0 X117.5 Y121.483
G0 X117.499 Y121.79
;TYPE:WALL-INNER
G1 F1500 E795.3179
G1 F1169.4 X118.615 Y121.643 E795.37031
G1 X119.642 Y121.219 E795.42205
G1 X120.535 Y120.535 E795.47443
G1 X121.219 Y119.642 E795.5268
G1 X121.643 Y118.615 E795.57854
G1 X121.789 Y117.501 E795.63086
G1 X121.643 Y116.381 E795.68345
G1 X121.219 Y115.355 E795.73514
G1 X120.531 Y114.46 E795.78771
G1 X119.645 Y113.777 E795.8398
G1 X118.615 Y113.353 E795.89167
G1 X117.499 Y113.207 E795.94407
G1 X116.381 Y113.353 E795.99658
G1 X115.356 Y113.776 E796.04821
G1 X114.464 Y114.464 E796.10066
G1 X113.777 Y115.356 E796.15309
G1 X113.353 Y116.381 E796.20474
G1 X113.206 Y117.501 E796.25734
G1 X113.353 Y118.615 E796.30966
G1 X113.777 Y119.645 E796.36153
G1 X114.46 Y120.531 E796.41362
G1 X115.355 Y121.219 E796.46618
G1 X116.381 Y121.643 E796.51788
G1 X117.499 Y121.79 E796.57038
G0 F9000 X117.499 Y122.194
;TYPE:WALL-OUTER
G1 F1169.4 X118.719 Y122.033 E796.62768
G1 X119.843 Y121.569 E796.68431
G1 X120.821 Y120.821 E796.74164
G1 X121.569 Y119.843 E796.79897
G1 X122.033 Y118.719 E796.85559
G1 X122.193 Y117.501 E796.9128
G1 X122.033 Y116.277 E796.97028
G1 X121.569 Y115.153 E797.0269
G1 X120.817 Y114.175 E797.08434
G1 X119.847 Y113.427 E797.14138
G1 X118.719 Y112.963 E797.19818
G1 X117.499 Y112.803 E797.25547
G1 X116.277 Y112.963 E797.31286
G1 X115.154 Y113.427 E797.36944
G1 X114.179 Y114.179 E797.42677
G1 X113.427 Y115.154 E797.48411
G1 X112.963 Y116.277 E797.54069
G1 X112.802 Y117.501 E797.59817
G1 X112.963 Y118.719 E797.65538
G1 X113.427 Y119.847 E797.71217
G1 X114.175 Y120.817 E797.76921
G1 X115.153 Y121.569 E797.82666
G1 X116.277 Y122.033 E797.88328
G1 X117.499 Y122.194 E797.94067
G0 F9000 X117.5 Y121.483
G0 X116.418 Y121.326
G0 X116.407 Y121.351
;TYPE:FILL
G1 F1169.4 X115.497 Y120.975 E797.98652
G1 X114.657 Y120.33 E798.03584
G1 X114.022 Y119.506 E798.08428
G1 X113.646 Y118.593 E798.13025
G1 X114.672 Y118.592 E798.17803
G1 X115.401 Y117.863 E798.22603
G1 X115.401 Y117.137 E798.25984
G1 X114.672 Y116.408 E798.30785
G1 X113.645 Y116.407 E798.35567
G1 X114.021 Y115.496 E798.40156
G1 X114.663 Y114.663 E798.45053
G1 X115.496 Y114.021 E798.4995
G1 X116.407 Y113.645 E798.54539
G1 X116.408 Y114.672 E798.59321
G1 X117.137 Y115.401 E798.64122
G1 X117.863 Y115.401 E798.67502
G1 X118.592 Y114.672 E798.72303
G1 X118.593 Y113.646 E798.7708
G1 X119.506 Y114.022 E798.81678
G1 X120.33 Y114.657 E798.86522
G1 X120.976 Y115.497 E798.91457
G1 X121.351 Y116.407 E798.9604
G1 X120.328 Y116.408 E799.00803
G1 X119.599 Y117.137 E799.05604
G1 X119.599 Y117.863 E799.08984
G1 X120.328 Y118.592 E799.13785
G1 X121.35 Y118.593 E799.18544
G1 X120.974 Y119.501 E799.2312
G1 X120.336 Y120.336 E799.28013
G1 X119.501 Y120.974 E799.32906
G1 X118.593 Y121.35 E799.37482
G1 X118.592 Y120.328 E799.42241
G1 X117.863 Y119.599 E799.47042
G1 X117.137 Y119.599 E799.50422
G1 X116.408 Y120.328 E799.55223
G1 X116.407 Y121.351 E799.59987
G0 F9000 X116.533 Y121.049
G1 F1500 E793.09987
;MESH:NONMESH
G0 F300 X116.533 Y121.049 Z24.64
G0 F9000 X117.5 Y113.033
G0 X117.357 Y111.95
G0 X117.358 Y103.051
G0 X117.5 Y101.967
G0 X117.5 Y101.483
G0 X117.499 Y101.79
;TIME_ELAPSED:1170.241993
;LAYER:87
;note -- min layer time used
;TYPE:WALL-INNER
;MESH:yc1hingeDubel.stl(1)
G1 F1500 E799.59987
G1 F1166.7 X118.615 Y101.643 E799.65228
G1 X119.642 Y101.219 E799.70402
G1 X120.535 Y100.535 E799.75639
G1 X121.219 Y99.642 E799.80877
G1 X121.643 Y98.615 E799.86051
G1 X121.789 Y97.501 E799.91283
G1 X121.643 Y96.381 E799.96542
G1 X121.219 Y95.355 E800.01711
G1 X120.531 Y94.46 E800.06968
G1 X119.645 Y93.777 E800.12177
G1 X118.615 Y93.353 E800.17363
G1 X117.499 Y93.207 E800.22604
G1 X116.381 Y93.353 E800.27854
G1 X115.356 Y93.776 E800.33018
G1 X114.464 Y94.464 E800.38263
G1 X113.777 Y95.356 E800.43506
G1 X113.353 Y96.381 E800.48671
G1 X113.206 Y97.501 E800.53931
G1 X113.353 Y98.615 E800.59163
G1 X113.777 Y99.645 E800.6435
G1 X114.46 Y100.531 E800.69559
G1 X115.355 Y101.219 E800.74815
G1 X116.381 Y101.643 E800.79985
G1 X117.499 Y101.79 E800.85235
G0 F9000 X117.499 Y102.194
;TYPE:WALL-OUTER
G1 F1166.7 X118.719 Y102.033 E800.90965
G1 X119.843 Y101.569 E800.96628
G1 X120.821 Y100.821 E801.02361
G1 X121.569 Y99.843 E801.08094
G1 X122.033 Y98.719 E801.13756
G1 X122.193 Y97.501 E801.19477
G1 X122.033 Y96.277 E801.25224
G1 X121.569 Y95.153 E801.30887
G1 X120.817 Y94.175 E801.36631
G1 X119.847 Y93.427 E801.42335
G1 X118.719 Y92.963 E801.48014
G1 X117.499 Y92.803 E801.53744
G1 X116.277 Y92.963 E801.59483
G1 X115.154 Y93.427 E801.65141
G1 X114.179 Y94.179 E801.70874
G1 X113.427 Y95.154 E801.76608
G1 X112.963 Y96.277 E801.82265
G1 X112.802 Y97.501 E801.88014
G1 X112.963 Y98.719 E801.93735
G1 X113.427 Y99.847 E801.99414
G1 X114.175 Y100.817 E802.05118
G1 X115.153 Y101.569 E802.10863
G1 X116.277 Y102.033 E802.16525
G1 X117.499 Y102.194 E802.22264
G0 F9000 X117.5 Y101.483
G0 X116.691 Y101.376
G0 X116.687 Y101.401
;TYPE:FILL
G1 F1166.7 X116.455 Y101.371 E802.23353
G1 X115.497 Y100.975 E802.2818
G1 X114.657 Y100.33 E802.33112
G1 X114.022 Y99.506 E802.37956
G1 X113.625 Y98.541 E802.42815
G1 X113.595 Y98.313 E802.43886
G1 X114.672 Y98.312 E802.489
G1 X115.214 Y97.77 E802.5247
G1 X115.214 Y97.23 E802.54984
G1 X114.672 Y96.688 E802.58553
G1 X113.595 Y96.687 E802.63568
G1 X113.625 Y96.455 E802.64658
G1 X114.021 Y95.496 E802.69489
G1 X114.663 Y94.663 E802.74386
G1 X115.496 Y94.021 E802.79283
G1 X116.455 Y93.625 E802.84114
G1 X116.687 Y93.595 E802.85203
G1 X116.688 Y94.672 E802.90218
G1 X117.23 Y95.214 E802.93788
G1 X117.77 Y95.214 E802.96302
G1 X118.312 Y94.672 E802.99871
G1 X118.313 Y93.595 E803.04886
G1 X118.541 Y93.625 E803.05957
G1 X119.506 Y94.022 E803.10816
G1 X120.33 Y94.657 E803.1566
G1 X120.976 Y95.497 E803.20594
G1 X121.371 Y96.455 E803.25419
G1 X121.401 Y96.687 E803.26509
G1 X120.328 Y96.688 E803.31505
G1 X119.786 Y97.23 E803.35074
G1 X119.786 Y97.77 E803.37589
G1 X120.328 Y98.312 E803.41158
G1 X121.401 Y98.313 E803.46154
G1 X121.371 Y98.541 E803.47225
G1 X120.974 Y99.501 E803.52062
G1 X120.336 Y100.336 E803.56955
G1 X119.501 Y100.974 E803.61849
G1 X118.541 Y101.371 E803.66686
G1 X118.313 Y101.401 E803.67757
G1 X118.312 Y100.328 E803.72753
G1 X117.77 Y99.786 E803.76322
G1 X117.23 Y99.786 E803.78837
G1 X116.688 Y100.328 E803.82406
G1 X116.687 Y101.401 E803.87402
G0 F9000 X116.73 Y101.079
G1 F1500 E797.37402
;MESH:yc1hingeDubel.stl
G0 F9000 X117.5 Y101.967
G0 X117.643 Y103.05
G0 X117.642 Y111.949
G0 X117.5 Y113.033
G0 X117.5 Y121.483
G0 X117.499 Y121.79
;TYPE:WALL-INNER
G1 F1500 E803.87402
G1 F1166.7 X118.615 Y121.643 E803.92644
G1 X119.642 Y121.219 E803.97817
G1 X120.535 Y120.535 E804.03055
G1 X121.219 Y119.642 E804.08293
G1 X121.643 Y118.615 E804.13467
G1 X121.789 Y117.501 E804.18698
G1 X121.643 Y116.381 E804.23957
G1 X121.219 Y115.355 E804.29127
G1 X120.531 Y114.46 E804.34383
G1 X119.645 Y113.777 E804.39593
G1 X118.615 Y113.353 E804.44779
G1 X117.499 Y113.207 E804.5002
G1 X116.381 Y113.353 E804.5527
G1 X115.356 Y113.776 E804.60433
G1 X114.464 Y114.464 E804.65679
G1 X113.777 Y115.356 E804.70921
G1 X113.353 Y116.381 E804.76086
G1 X113.206 Y117.501 E804.81346
G1 X113.353 Y118.615 E804.86579
G1 X113.777 Y119.645 E804.91765
G1 X114.46 Y120.531 E804.96974
G1 X115.355 Y121.219 E805.02231
G1 X116.381 Y121.643 E805.074
G1 X117.499 Y121.79 E805.12651
G0 F9000 X117.499 Y122.194
;TYPE:WALL-OUTER
G1 F1166.7 X118.719 Y122.033 E805.18381
G1 X119.843 Y121.569 E805.24043
G1 X120.821 Y120.821 E805.29776
G1 X121.569 Y119.843 E805.3551
G1 X122.033 Y118.719 E805.41172
G1 X122.193 Y117.501 E805.46892
G1 X122.033 Y116.277 E805.5264
G1 X121.569 Y115.153 E805.58302
G1 X120.817 Y114.175 E805.64047
G1 X119.847 Y113.427 E805.69751
G1 X118.719 Y112.963 E805.7543
G1 X117.499 Y112.803 E805.8116
G1 X116.277 Y112.963 E805.86898
G1 X115.154 Y113.427 E805.92556
G1 X114.179 Y114.179 E805.9829
G1 X113.427 Y115.154 E806.04023
G1 X112.963 Y116.277 E806.09681
G1 X112.802 Y117.501 E806.1543
G1 X112.963 Y118.719 E806.21151
G1 X113.427 Y119.847 E806.2683
G1 X114.175 Y120.817 E806.32534
G1 X115.153 Y121.569 E806.38278
G1 X116.277 Y122.033 E806.4394
G1 X117.499 Y122.194 E806.4968
G0 F9000 X117.5 Y121.483
G0 X116.691 Y121.376
G0 X116.687 Y121.401
;TYPE:FILL
G1 F1166.7 X116.455 Y121.371 E806.50769
G1 X115.497 Y120.975 E806.55596
G1 X114.657 Y120.33 E806.60527
G1 X114.022 Y119.506 E806.65372
G1 X113.625 Y118.541 E806.7023
G1 X113.595 Y118.313 E806.71301
G1 X114.672 Y118.312 E806.76316
G1 X115.214 Y117.77 E806.79885
G1 X115.214 Y117.23 E806.824
G1 X114.672 Y116.688 E806.85969
G1 X113.595 Y116.687 E806.90984
G1 X113.625 Y116.455 E806.92073
G1 X114.021 Y115.496 E806.96904
G1 X114.663 Y114.663 E807.01802
G1 X115.496 Y114.021 E807.06699
G1 X116.455 Y113.625 E807.1153
G1 X116.687 Y113.595 E807.12619
G1 X116.688 Y114.672 E807.17634
G1 X117.23 Y115.214 E807.21203
G1 X117.77 Y115.214 E807.23718
G1 X118.312 Y114.672 E807.27287
G1 X118.313 Y113.595 E807.32302
G1 X118.541 Y113.625 E807.33373
G1 X119.506 Y114.022 E807.38232
G1 X120.33 Y114.657 E807.43076
G1 X120.976 Y115.497 E807.4801
G1 X121.371 Y116.455 E807.52835
G1 X121.401 Y116.687 E807.53924
G1 X120.328 Y116.688 E807.58921
G1 X119.786 Y117.23 E807.6249
G1 X119.786 Y117.77 E807.65004
G1 X120.328 Y118.312 E807.68573
G1 X121.401 Y118.313 E807.7357
G1 X121.371 Y118.541 E807.74641
G1 X120.974 Y119.501 E807.79478
G1 X120.336 Y120.336 E807.84371
G1 X119.501 Y120.974 E807.89264
G1 X118.541 Y121.371 E807.94102
G1 X118.313 Y121.401 E807.95172
G1 X118.312 Y120.328 E808.00169
G1 X117.77 Y119.786 E808.03738
G1 X117.23 Y119.786 E808.06252
G1 X116.688 Y120.328 E808.09821
G1 X116.687 Y121.401 E808.14818
G0 F9000 X116.73 Y121.079
G1 F1500 E801.64818
;MESH:NONMESH
G0 F300 X116.73 Y121.079 Z24.92
G0 F9000 X117.5 Y113.033
G0 X117.357 Y111.95
G0 X117.358 Y103.051
G0 X117.5 Y101.967
G0 X117.5 Y101.483
G0 X117.499 Y101.79
;TIME_ELAPSED:1182.716777
;LAYER:88
;note -- min layer time used
;TYPE:WALL-INNER
;MESH:yc1hingeDubel.stl(1)
G1 F1500 E808.14818
G1 F1161.7 X118.615 Y101.643 E808.20059
G1 X119.642 Y101.219 E808.25233
G1 X120.535 Y100.535 E808.30471
G1 X121.219 Y99.642 E808.35709
G1 X121.643 Y98.615 E808.40882
G1 X121.789 Y97.501 E808.46114
G1 X121.643 Y96.381 E808.51373
G1 X121.219 Y95.355 E808.56543
G1 X120.531 Y94.46 E808.61799
G1 X119.645 Y93.777 E808.67008
G1 X118.615 Y93.353 E808.72195
G1 X117.499 Y93.207 E808.77436
G1 X116.381 Y93.353 E808.82686
G1 X115.356 Y93.776 E808.87849
G1 X114.464 Y94.464 E808.93094
G1 X113.777 Y95.356 E808.98337
G1 X113.353 Y96.381 E809.03502
G1 X113.206 Y97.501 E809.08762
G1 X113.353 Y98.615 E809.13994
G1 X113.777 Y99.645 E809.19181
G1 X114.46 Y100.531 E809.2439
G1 X115.355 Y101.219 E809.29646
G1 X116.381 Y101.643 E809.34816
G1 X117.499 Y101.79 E809.40067
G0 F9000 X117.499 Y102.194
;TYPE:WALL-OUTER
G1 F1161.7 X118.719 Y102.033 E809.45797
G1 X119.843 Y101.569 E809.51459
G1 X120.821 Y100.821 E809.57192
G1 X121.569 Y99.843 E809.62925
G1 X122.033 Y98.719 E809.68588
G1 X122.193 Y97.501 E809.74308
G1 X122.033 Y96.277 E809.80056
G1 X121.569 Y95.153 E809.85718
G1 X120.817 Y94.175 E809.91463
G1 X119.847 Y93.427 E809.97166
G1 X118.719 Y92.963 E810.02846
G1 X117.499 Y92.803 E810.08575
G1 X116.277 Y92.963 E810.14314
G1 X115.154 Y93.427 E810.19972
G1 X114.179 Y94.179 E810.25705
G1 X113.427 Y95.154 E810.31439
G1 X112.963 Y96.277 E810.37097
G1 X112.802 Y97.501 E810.42845
G1 X112.963 Y98.719 E810.48566
G1 X113.427 Y99.847 E810.54246
G1 X114.175 Y100.817 E810.59949
G1 X115.153 Y101.569 E810.65694
G1 X116.277 Y102.033 E810.71356
G1 X117.499 Y102.194 E810.77095
G0 F9000 X116.967 Y101.438
;TYPE:FILL
G1 F1161.7 X116.455 Y101.371 E810.795
G1 X115.497 Y100.975 E810.84327
G1 X114.657 Y100.33 E810.89258
G1 X114.022 Y99.506 E810.94102
G1 X113.625 Y98.541 E810.98961
G1 X113.558 Y98.033 E811.01347
G1 X114.672 Y98.032 E811.06534
G1 X115.028 Y97.676 E811.08879
G1 X115.028 Y97.324 E811.10518
G1 X114.672 Y96.968 E811.12862
G1 X113.558 Y96.967 E811.18049
G1 X113.625 Y96.455 E811.20454
G1 X114.021 Y95.496 E811.25285
G1 X114.663 Y94.663 E811.30182
G1 X115.496 Y94.021 E811.35079
G1 X116.455 Y93.625 E811.3991
G1 X116.967 Y93.558 E811.42315
G1 X116.968 Y94.672 E811.47502
G1 X117.324 Y95.028 E811.49846
G1 X117.676 Y95.028 E811.51485
G1 X118.032 Y94.672 E811.5383
G1 X118.033 Y93.559 E811.59012
G1 X118.541 Y93.625 E811.61398
G1 X119.506 Y94.022 E811.66257
G1 X120.33 Y94.657 E811.71101
G1 X120.976 Y95.497 E811.76035
G1 X121.371 Y96.455 E811.8086
G1 X121.438 Y96.967 E811.83264
G1 X120.328 Y96.968 E811.88433
G1 X119.972 Y97.324 E811.90777
G1 X119.972 Y97.676 E811.92416
G1 X120.328 Y98.032 E811.94761
G1 X121.437 Y98.033 E811.99925
G1 X121.371 Y98.541 E812.0231
G1 X120.974 Y99.501 E812.07147
G1 X120.336 Y100.336 E812.12041
G1 X119.501 Y100.974 E812.16934
G1 X118.541 Y101.371 E812.21771
G1 X118.033 Y101.438 E812.24157
G1 X118.032 Y100.328 E812.29326
G1 X117.676 Y99.972 E812.3167
G1 X117.324 Y99.972 E812.33309
G1 X116.968 Y100.328 E812.35653
G1 X116.967 Y101.438 E812.40822
G0 F9000 X117.011 Y101.116
G1 F1500 E805.90822
;MESH:yc1hingeDubel.stl
G0 F9000 X117.5 Y101.967
G0 X117.643 Y103.05
G0 X117.642 Y111.949
G0 X117.5 Y113.033
G0 X117.5 Y121.483
G0 X117.499 Y121.79
;TYPE:WALL-INNER
G1 F1500 E812.40822
G1 F1161.7 X118.615 Y121.643 E812.46063
G1 X119.642 Y121.219 E812.51237
G1 X120.535 Y120.535 E812.56475
G1 X121.219 Y119.642 E812.61713
G1 X121.643 Y118.615 E812.66886
G1 X121.789 Y117.501 E812.72118
G1 X121.643 Y116.381 E812.77377
G1 X121.219 Y115.355 E812.82547
G1 X120.531 Y114.46 E812.87803
G1 X119.645 Y113.777 E812.93012
G1 X118.615 Y113.353 E812.98199
G1 X117.499 Y113.207 E813.0344
G1 X116.381 Y113.353 E813.0869
G1 X115.356 Y113.776 E813.13853
G1 X114.464 Y114.464 E813.19099
G1 X113.777 Y115.356 E813.24341
G1 X113.353 Y116.381 E813.29506
G1 X113.206 Y117.501 E813.34766
G1 X113.353 Y118.615 E813.39998
G1 X113.777 Y119.645 E813.45185
G1 X114.46 Y120.531 E813.50394
G1 X115.355 Y121.219 E813.55651
G1 X116.381 Y121.643 E813.6082
G1 X117.499 Y121.79 E813.66071
G0 F9000 X117.499 Y122.194
;TYPE:WALL-OUTER
G1 F1161.7 X118.719 Y122.033 E813.71801
G1 X119.843 Y121.569 E813.77463
G1 X120.821 Y120.821 E813.83196
G1 X121.569 Y119.843 E813.88929
G1 X122.033 Y118.719 E813.94592
G1 X122.193 Y117.501 E814.00312
G1 X122.033 Y116.277 E814.0606
G1 X121.569 Y115.153 E814.11722
G1 X120.817 Y114.175 E814.17467
G1 X119.847 Y113.427 E814.2317
G1 X118.719 Y112.963 E814.2885
G1 X117.499 Y112.803 E814.34579
G1 X116.277 Y112.963 E814.40318
G1 X115.154 Y113.427 E814.45976
G1 X114.179 Y114.179 E814.51709
G1 X113.427 Y115.154 E814.57443
G1 X112.963 Y116.277 E814.63101
G1 X112.802 Y117.501 E814.68849
G1 X112.963 Y118.719 E814.7457
G1 X113.427 Y119.847 E814.8025
G1 X114.175 Y120.817 E814.85953
G1 X115.153 Y121.569 E814.91698
G1 X116.277 Y122.033 E814.9736
G1 X117.499 Y122.194 E815.031
G0 F9000 X116.967 Y121.438
;TYPE:FILL
G1 F1161.7 X116.455 Y121.371 E815.05504
G1 X115.497 Y120.975 E815.10331
G1 X114.657 Y120.33 E815.15262
G1 X114.022 Y119.506 E815.20106
G1 X113.625 Y118.541 E815.24965
G1 X113.558 Y118.033 E815.27351
G1 X114.672 Y118.032 E815.32538
G1 X115.028 Y117.676 E815.34883
G1 X115.028 Y117.324 E815.36522
G1 X114.672 Y116.968 E815.38866
G1 X113.558 Y116.967 E815.44053
G1 X113.625 Y116.455 E815.46458
G1 X114.021 Y115.496 E815.51289
G1 X114.663 Y114.663 E815.56186
G1 X115.496 Y114.021 E815.61083
G1 X116.455 Y113.625 E815.65915
G1 X116.967 Y113.558 E815.68319
G1 X116.968 Y114.672 E815.73506
G1 X117.324 Y115.028 E815.7585
G1 X117.676 Y115.028 E815.7749
G1 X118.032 Y114.672 E815.79834
G1 X118.033 Y113.559 E815.85016
G1 X118.541 Y113.625 E815.87402
G1 X119.506 Y114.022 E815.92261
G1 X120.33 Y114.657 E815.97105
G1 X120.976 Y115.497 E816.02039
G1 X121.371 Y116.455 E816.06864
G1 X121.438 Y116.967 E816.09269
G1 X120.328 Y116.968 E816.14437
G1 X119.972 Y117.324 E816.16782
G1 X119.972 Y117.676 E816.18421
G1 X120.328 Y118.032 E816.20765
G1 X121.437 Y118.033 E816.25929
G1 X121.371 Y118.541 E816.28314
G1 X120.974 Y119.501 E816.33152
G1 X120.336 Y120.336 E816.38045
G1 X119.501 Y120.974 E816.42938
G1 X118.541 Y121.371 E816.47775
G1 X118.033 Y121.438 E816.50161
G1 X118.032 Y120.328 E816.5533
G1 X117.676 Y119.972 E816.57674
G1 X117.324 Y119.972 E816.59313
G1 X116.968 Y120.328 E816.61657
G1 X116.967 Y121.438 E816.66826
G0 F9000 X117.011 Y121.116
G1 F1500 E810.16826
;MESH:NONMESH
G0 F300 X117.011 Y121.116 Z25.2
G0 F9000 X117.5 Y113.033
G0 X117.357 Y111.95
G0 X117.358 Y103.051
G0 X117.5 Y101.967
G0 X117.5 Y101.483
G0 X117.499 Y101.79
;TIME_ELAPSED:1195.066476
;LAYER:89
;note -- min layer time used
;TYPE:WALL-INNER
;MESH:yc1hingeDubel.stl(1)
G1 F1500 E816.66826
G1 F1158.3 X118.615 Y101.643 E816.72068
G1 X119.642 Y101.219 E816.77241
G1 X120.535 Y100.535 E816.82479
G1 X121.219 Y99.642 E816.87717
G1 X121.643 Y98.615 E816.9289
G1 X121.789 Y97.501 E816.98122
G1 X121.643 Y96.381 E817.03381
G1 X121.219 Y95.355 E817.08551
G1 X120.531 Y94.46 E817.13807
G1 X119.645 Y93.777 E817.19016
G1 X118.615 Y93.353 E817.24203
G1 X117.499 Y93.207 E817.29444
G1 X116.381 Y93.353 E817.34694
G1 X115.356 Y93.776 E817.39857
G1 X114.464 Y94.464 E817.45103
G1 X113.777 Y95.356 E817.50345
G1 X113.353 Y96.381 E817.5551
G1 X113.206 Y97.501 E817.6077
G1 X113.353 Y98.615 E817.66002
G1 X113.777 Y99.645 E817.71189
G1 X114.46 Y100.531 E817.76398
G1 X115.355 Y101.219 E817.81655
G1 X116.381 Y101.643 E817.86824
G1 X117.499 Y101.79 E817.92075
G0 F9000 X117.499 Y102.194
;TYPE:WALL-OUTER
G1 F1158.3 X118.719 Y102.033 E817.97805
G1 X119.843 Y101.569 E818.03467
G1 X120.821 Y100.821 E818.092
G1 X121.569 Y99.843 E818.14934
G1 X122.033 Y98.719 E818.20596
G1 X122.193 Y97.501 E818.26316
G1 X122.033 Y96.277 E818.32064
G1 X121.569 Y95.153 E818.37726
G1 X120.817 Y94.175 E818.43471
G1 X119.847 Y93.427 E818.49174
G1 X118.719 Y92.963 E818.54854
G1 X117.499 Y92.803 E818.60583
G1 X116.277 Y92.963 E818.66322
G1 X115.154 Y93.427 E818.7198
G1 X114.179 Y94.179 E818.77714
G1 X113.427 Y95.154 E818.83447
G1 X112.963 Y96.277 E818.89105
G1 X112.802 Y97.501 E818.94854
G1 X112.963 Y98.719 E819.00574
G1 X113.427 Y99.847 E819.06254
G1 X114.175 Y100.817 E819.11958
G1 X115.153 Y101.569 E819.17702
G1 X116.277 Y102.033 E819.23364
G1 X117.499 Y102.194 E819.29104
G0 F9000 X117.247 Y101.475
G0 X117.753 Y101.475
;TYPE:FILL
G1 F1158.3 X117.752 Y100.328 E819.34445
G1 X117.583 Y100.159 E819.35557
G1 X117.417 Y100.159 E819.3633
G1 X117.248 Y100.328 E819.37443
G1 X117.247 Y101.475 E819.42784
G1 X116.455 Y101.371 E819.46504
G1 X115.497 Y100.975 E819.51331
G1 X114.657 Y100.33 E819.56262
G1 X114.022 Y99.506 E819.61106
G1 X113.625 Y98.541 E819.65965
G1 X113.521 Y97.753 E819.69666
G1 X114.672 Y97.752 E819.75026
G1 X114.841 Y97.583 E819.76139
G1 X114.841 Y97.417 E819.76912
G1 X114.672 Y97.248 E819.78024
G1 X113.521 Y97.247 E819.83384
G1 X113.625 Y96.455 E819.87104
G1 X114.021 Y95.496 E819.91935
G1 X114.663 Y94.663 E819.96832
G1 X115.496 Y94.021 E820.01729
G1 X116.455 Y93.625 E820.0656
G1 X117.247 Y93.522 E820.10279
G1 X117.248 Y94.672 E820.15634
G1 X117.417 Y94.841 E820.16747
G1 X117.583 Y94.841 E820.1752
G1 X117.752 Y94.672 E820.18633
G1 X117.753 Y93.522 E820.23988
G1 X118.541 Y93.625 E820.27688
G1 X119.506 Y94.022 E820.32547
G1 X120.33 Y94.657 E820.37391
G1 X120.976 Y95.497 E820.42325
G1 X121.371 Y96.455 E820.4715
G1 X121.474 Y97.247 E820.50869
G1 X120.328 Y97.248 E820.56206
G1 X120.159 Y97.417 E820.57319
G1 X120.159 Y97.583 E820.58092
G1 X120.328 Y97.752 E820.59204
G1 X121.474 Y97.753 E820.64541
G1 X121.371 Y98.541 E820.68241
G1 X120.974 Y99.501 E820.73078
G1 X120.336 Y100.336 E820.77972
G1 X119.501 Y100.974 E820.82865
G1 X118.541 Y101.371 E820.87702
G1 X117.753 Y101.475 E820.91403
G0 F9000 X117.712 Y101.152
G1 F1500 E814.41403
;MESH:yc1hingeDubel.stl
G0 F9000 X117.5 Y101.967
G0 X117.643 Y103.05
G0 X117.642 Y111.949
G0 X117.5 Y113.033
G0 X117.5 Y121.483
G0 X117.499 Y121.79
;TYPE:WALL-INNER
G1 F1500 E820.91403
G1 F1158.3 X118.615 Y121.643 E820.96645
G1 X119.642 Y121.219 E821.01818
G1 X120.535 Y120.535 E821.07056
G1 X121.219 Y119.642 E821.12294
G1 X121.643 Y118.615 E821.17468
G1 X121.789 Y117.501 E821.22699
G1 X121.643 Y116.381 E821.27959
G1 X121.219 Y115.355 E821.33128
G1 X120.531 Y114.46 E821.38384
G1 X119.645 Y113.777 E821.43594
G1 X118.615 Y113.353 E821.4878
G1 X117.499 Y113.207 E821.54021
G1 X116.381 Y113.353 E821.59271
G1 X115.356 Y113.776 E821.64434
G1 X114.464 Y114.464 E821.6968
G1 X113.777 Y115.356 E821.74922
G1 X113.353 Y116.381 E821.80087
G1 X113.206 Y117.501 E821.85347
G1 X113.353 Y118.615 E821.9058
G1 X113.777 Y119.645 E821.95766
G1 X114.46 Y120.531 E822.00975
G1 X115.355 Y121.219 E822.06232
G1 X116.381 Y121.643 E822.11401
G1 X117.499 Y121.79 E822.16652
G0 F9000 X117.499 Y122.194
;TYPE:WALL-OUTER
G1 F1158.3 X118.719 Y122.033 E822.22382
G1 X119.843 Y121.569 E822.28044
G1 X120.821 Y120.821 E822.33777
G1 X121.569 Y119.843 E822.39511
G1 X122.033 Y118.719 E822.45173
G1 X122.193 Y117.501 E822.50893
G1 X122.033 Y116.277 E822.56641
G1 X121.569 Y115.153 E822.62303
G1 X120.817 Y114.175 E822.68048
G1 X119.847 Y113.427 E822.73752
G1 X118.719 Y112.963 E822.79431
G1 X117.499 Y112.803 E822.85161
G1 X116.277 Y112.963 E822.90899
G1 X115.154 Y113.427 E822.96557
G1 X114.179 Y114.179 E823.02291
G1 X113.427 Y115.154 E823.08024
G1 X112.963 Y116.277 E823.13682
G1 X112.802 Y117.501 E823.19431
G1 X112.963 Y118.719 E823.25152
G1 X113.427 Y119.847 E823.30831
G1 X114.175 Y120.817 E823.36535
G1 X115.153 Y121.569 E823.42279
G1 X116.277 Y122.033 E823.47942
G1 X117.499 Y122.194 E823.53681
G0 F9000 X117.247 Y121.475
G0 X117.753 Y121.475
;TYPE:FILL
G1 F1158.3 X117.752 Y120.328 E823.59022
G1 X117.583 Y120.159 E823.60135
G1 X117.417 Y120.159 E823.60908
G1 X117.248 Y120.328 E823.62021
G1 X117.247 Y121.475 E823.67361
G1 X116.455 Y121.371 E823.71081
G1 X115.497 Y120.975 E823.75908
G1 X114.657 Y120.33 E823.80839
G1 X114.022 Y119.506 E823.85683
G1 X113.625 Y118.541 E823.90542
G1 X113.521 Y117.753 E823.94243
G1 X114.672 Y117.752 E823.99603
G1 X114.841 Y117.583 E824.00716
G1 X114.841 Y117.417 E824.01489
G1 X114.672 Y117.248 E824.02602
G1 X113.521 Y117.247 E824.07961
G1 X113.625 Y116.455 E824.11681
G1 X114.021 Y115.496 E824.16512
G1 X114.663 Y114.663 E824.21409
G1 X115.496 Y114.021 E824.26306
G1 X116.455 Y113.625 E824.31137
G1 X117.247 Y113.522 E824.34856
G1 X117.248 Y114.672 E824.40211
G1 X117.417 Y114.841 E824.41324
G1 X117.583 Y114.841 E824.42097
G1 X117.752 Y114.672 E824.4321
G1 X117.753 Y113.522 E824.48565
G1 X118.541 Y113.625 E824.52265
G1 X119.506 Y114.022 E824.57124
G1 X120.33 Y114.657 E824.61968
G1 X120.976 Y115.497 E824.66902
G1 X121.371 Y116.455 E824.71728
G1 X121.474 Y117.247 E824.75447
G1 X120.328 Y117.248 E824.80783
G1 X120.159 Y117.417 E824.81896
G1 X120.159 Y117.583 E824.82669
G1 X120.328 Y117.752 E824.83782
G1 X121.474 Y117.753 E824.89118
G1 X121.371 Y118.541 E824.92818
G1 X120.974 Y119.501 E824.97656
G1 X120.336 Y120.336 E825.02549
G1 X119.501 Y120.974 E825.07442
G1 X118.541 Y121.371 E825.12279
G1 X117.753 Y121.475 E825.1598
G0 F9000 X117.712 Y121.152
G1 F1500 E818.6598
;MESH:NONMESH
G0 F300 X117.712 Y121.152 Z25.48
G0 F9000 X117.5 Y113.033
G0 X117.357 Y111.95
G0 X117.358 Y103.051
G0 X117.5 Y101.967
G0 X117.5 Y101.483
G0 X117.499 Y101.79
;TIME_ELAPSED:1207.432696
;LAYER:90
;note -- min layer time used
;TYPE:WALL-INNER
;MESH:yc1hingeDubel.stl(1)
G1 F1500 E825.1598
G1 F1160.2 X118.615 Y101.643 E825.21222
G1 X119.642 Y101.219 E825.26395
G1 X120.535 Y100.535 E825.31633
G1 X121.219 Y99.642 E825.36871
G1 X121.643 Y98.615 E825.42045
G1 X121.789 Y97.501 E825.47276
G1 X121.643 Y96.381 E825.52536
G1 X121.219 Y95.355 E825.57705
G1 X120.531 Y94.46 E825.62962
G1 X119.645 Y93.777 E825.68171
G1 X118.615 Y93.353 E825.73357
G1 X117.499 Y93.207 E825.78598
G1 X116.381 Y93.353 E825.83848
G1 X115.356 Y93.776 E825.89011
G1 X114.464 Y94.464 E825.94257
G1 X113.777 Y95.356 E825.995
G1 X113.353 Y96.381 E826.04665
G1 X113.206 Y97.501 E826.09925
G1 X113.353 Y98.615 E826.15157
G1 X113.777 Y99.645 E826.20343
G1 X114.46 Y100.531 E826.25552
G1 X115.355 Y101.219 E826.30809
G1 X116.381 Y101.643 E826.35978
G1 X117.499 Y101.79 E826.41229
G0 F9000 X117.499 Y102.194
;TYPE:WALL-OUTER
G1 F1160.2 X118.719 Y102.033 E826.46959
G1 X119.843 Y101.569 E826.52621
G1 X120.821 Y100.821 E826.58355
G1 X121.569 Y99.843 E826.64088
G1 X122.033 Y98.719 E826.6975
G1 X122.193 Y97.501 E826.7547
G1 X122.033 Y96.277 E826.81218
G1 X121.569 Y95.153 E826.86881
G1 X120.817 Y94.175 E826.92625
G1 X119.847 Y93.427 E826.98329
G1 X118.719 Y92.963 E827.04008
G1 X117.499 Y92.803 E827.09738
G1 X116.277 Y92.963 E827.15476
G1 X115.154 Y93.427 E827.21134
G1 X114.179 Y94.179 E827.26868
G1 X113.427 Y95.154 E827.32601
G1 X112.963 Y96.277 E827.38259
G1 X112.802 Y97.501 E827.44008
G1 X112.963 Y98.719 E827.49729
G1 X113.427 Y99.847 E827.55408
G1 X114.175 Y100.817 E827.61112
G1 X115.153 Y101.569 E827.66856
G1 X116.277 Y102.033 E827.72519
G1 X117.499 Y102.194 E827.78258
G0 F9000 X117.325 Y101.485
G0 X117.675 Y101.485
;TYPE:FILL
G1 F1160.2 X117.7 Y100.328 E827.83647
G1 X117.566 Y100.194 E827.84529
G1 X117.434 Y100.194 E827.85144
G1 X117.3 Y100.328 E827.86026
G1 X117.325 Y101.485 E827.91415
G1 X116.455 Y101.371 E827.95501
G1 X115.497 Y100.975 E828.00328
G1 X114.657 Y100.33 E828.05259
G1 X114.022 Y99.506 E828.10103
G1 X113.625 Y98.541 E828.14962
G1 X113.511 Y97.675 E828.19029
G1 X114.672 Y97.7 E828.24437
G1 X114.806 Y97.566 E828.25319
G1 X114.806 Y97.434 E828.25934
G1 X114.672 Y97.3 E828.26816
G1 X113.511 Y97.325 E828.32223
G1 X113.625 Y96.455 E828.36309
G1 X114.021 Y95.496 E828.4114
G1 X114.663 Y94.663 E828.46037
G1 X115.496 Y94.021 E828.50935
G1 X116.455 Y93.625 E828.55766
G1 X117.325 Y93.512 E828.59851
G1 X117.3 Y94.672 E828.65254
G1 X117.434 Y94.806 E828.66136
G1 X117.566 Y94.806 E828.66751
G1 X117.7 Y94.672 E828.67633
G1 X117.675 Y93.512 E828.73036
G1 X118.541 Y93.625 E828.77102
G1 X119.506 Y94.022 E828.81961
G1 X120.33 Y94.657 E828.86805
G1 X120.976 Y95.497 E828.9174
G1 X121.371 Y96.455 E828.96565
G1 X121.484 Y97.325 E829.0065
G1 X120.328 Y97.3 E829.06034
G1 X120.194 Y97.434 E829.06916
G1 X120.194 Y97.566 E829.07531
G1 X120.328 Y97.7 E829.08413
G1 X121.484 Y97.675 E829.13797
G1 X121.371 Y98.541 E829.17864
G1 X120.974 Y99.501 E829.22701
G1 X120.336 Y100.336 E829.27595
G1 X119.501 Y100.974 E829.32488
G1 X118.541 Y101.371 E829.37325
G1 X117.675 Y101.485 E829.41392
G0 F9000 X117.634 Y101.162
G1 F1500 E822.91392
;MESH:yc1hingeDubel.stl
G0 F9000 X117.5 Y101.967
G0 X117.643 Y103.05
G0 X117.642 Y111.949
G0 X117.5 Y113.033
G0 X117.5 Y121.483
G0 X117.499 Y121.79
;TYPE:WALL-INNER
G1 F1500 E829.41392
G1 F1160.2 X118.615 Y121.643 E829.46634
G1 X119.642 Y121.219 E829.51807
G1 X120.535 Y120.535 E829.57045
G1 X121.219 Y119.642 E829.62283
G1 X121.643 Y118.615 E829.67457
G1 X121.789 Y117.501 E829.72688
G1 X121.643 Y116.381 E829.77948
G1 X121.219 Y115.355 E829.83117
G1 X120.531 Y114.46 E829.88374
G1 X119.645 Y113.777 E829.93583
G1 X118.615 Y113.353 E829.98769
G1 X117.499 Y113.207 E830.0401
G1 X116.381 Y113.353 E830.0926
G1 X115.356 Y113.776 E830.14423
G1 X114.464 Y114.464 E830.19669
G1 X113.777 Y115.356 E830.24912
G1 X113.353 Y116.381 E830.30077
G1 X113.206 Y117.501 E830.35337
G1 X113.353 Y118.615 E830.40569
G1 X113.777 Y119.645 E830.45755
G1 X114.46 Y120.531 E830.50964
G1 X115.355 Y121.219 E830.56221
G1 X116.381 Y121.643 E830.6139
G1 X117.499 Y121.79 E830.66641
G0 F9000 X117.499 Y122.194
;TYPE:WALL-OUTER
G1 F1160.2 X118.719 Y122.033 E830.72371
G1 X119.843 Y121.569 E830.78033
G1 X120.821 Y120.821 E830.83767
G1 X121.569 Y119.843 E830.895
G1 X122.033 Y118.719 E830.95162
G1 X122.193 Y117.501 E831.00882
G1 X122.033 Y116.277 E831.0663
G1 X121.569 Y115.153 E831.12292
G1 X120.817 Y114.175 E831.18037
G1 X119.847 Y113.427 E831.23741
G1 X118.719 Y112.963 E831.2942
G1 X117.499 Y112.803 E831.3515
G1 X116.277 Y112.963 E831.40888
G1 X115.154 Y113.427 E831.46546
G1 X114.179 Y114.179 E831.5228
G1 X113.427 Y115.154 E831.58013
G1 X112.963 Y116.277 E831.63671
G1 X112.802 Y117.501 E831.6942
G1 X112.963 Y118.719 E831.75141
G1 X113.427 Y119.847 E831.8082
G1 X114.175 Y120.817 E831.86524
G1 X115.153 Y121.569 E831.92268
G1 X116.277 Y122.033 E831.97931
G1 X117.499 Y122.194 E832.0367
G0 F9000 X117.325 Y121.485
G0 X117.675 Y121.485
;TYPE:FILL
G1 F1160.2 X117.7 Y120.328 E832.09059
G1 X117.566 Y120.194 E832.09941
G1 X117.434 Y120.194 E832.10556
G1 X117.3 Y120.328 E832.11438
G1 X117.325 Y121.485 E832.16827
G1 X116.455 Y121.371 E832.20913
G1 X115.497 Y120.975 E832.2574
G1 X114.657 Y120.33 E832.30671
G1 X114.022 Y119.506 E832.35515
G1 X113.625 Y118.541 E832.40374
G1 X113.511 Y117.675 E832.44441
G1 X114.672 Y117.7 E832.49848
G1 X114.806 Y117.566 E832.50731
G1 X114.806 Y117.434 E832.51346
G1 X114.672 Y117.3 E832.52228
G1 X113.511 Y117.325 E832.57635
G1 X113.625 Y116.455 E832.61721
G1 X114.021 Y115.496 E832.66552
G1 X114.663 Y114.663 E832.71449
G1 X115.496 Y114.021 E832.76346
G1 X116.455 Y113.625 E832.81178
G1 X117.325 Y113.512 E832.85263
G1 X117.3 Y114.672 E832.90666
G1 X117.434 Y114.806 E832.91548
G1 X117.566 Y114.806 E832.92163
G1 X117.7 Y114.672 E832.93045
G1 X117.675 Y113.512 E832.98448
G1 X118.541 Y113.625 E833.02514
G1 X119.506 Y114.022 E833.07373
G1 X120.33 Y114.657 E833.12217
G1 X120.976 Y115.497 E833.17151
G1 X121.371 Y116.455 E833.21977
G1 X121.484 Y117.325 E833.26062
G1 X120.328 Y117.3 E833.31446
G1 X120.194 Y117.434 E833.32328
G1 X120.194 Y117.566 E833.32943
G1 X120.328 Y117.7 E833.33825
G1 X121.484 Y117.675 E833.39209
G1 X121.371 Y118.541 E833.43276
G1 X120.974 Y119.501 E833.48113
G1 X120.336 Y120.336 E833.53007
G1 X119.501 Y120.974 E833.579
G1 X118.541 Y121.371 E833.62737
G1 X117.675 Y121.485 E833.66804
G0 F9000 X117.634 Y121.162
G1 F1500 E827.16804
;MESH:NONMESH
G0 F300 X117.634 Y121.162 Z25.76
G0 F9000 X117.5 Y113.033
G0 X117.357 Y111.95
G0 X117.358 Y103.051
G0 X117.5 Y101.967
G0 X117.5 Y101.483
G0 X117.499 Y101.79
;TIME_ELAPSED:1219.769614
;LAYER:91
;note -- min layer time used
;TYPE:WALL-INNER
;MESH:yc1hingeDubel.stl(1)
G1 F1500 E833.66804
G1 F1159.3 X118.615 Y101.643 E833.72046
G1 X119.642 Y101.219 E833.77219
G1 X120.535 Y100.535 E833.82457
G1 X121.219 Y99.642 E833.87695
G1 X121.643 Y98.615 E833.92869
G1 X121.789 Y97.501 E833.981
G1 X121.643 Y96.381 E834.0336
G1 X121.219 Y95.355 E834.08529
G1 X120.531 Y94.46 E834.13785
G1 X119.645 Y93.777 E834.18995
G1 X118.615 Y93.353 E834.24181
G1 X117.499 Y93.207 E834.29422
G1 X116.381 Y93.353 E834.34672
G1 X115.356 Y93.776 E834.39835
G1 X114.464 Y94.464 E834.45081
G1 X113.777 Y95.356 E834.50323
G1 X113.353 Y96.381 E834.55489
G1 X113.206 Y97.501 E834.60748
G1 X113.353 Y98.615 E834.65981
G1 X113.777 Y99.645 E834.71167
G1 X114.46 Y100.531 E834.76376
G1 X115.355 Y101.219 E834.81633
G1 X116.381 Y101.643 E834.86802
G1 X117.499 Y101.79 E834.92053
G0 F9000 X117.499 Y102.194
;TYPE:WALL-OUTER
G1 F1159.3 X118.719 Y102.033 E834.97783
G1 X119.843 Y101.569 E835.03445
G1 X120.821 Y100.821 E835.09179
G1 X121.569 Y99.843 E835.14912
G1 X122.033 Y98.719 E835.20574
G1 X122.193 Y97.501 E835.26294
G1 X122.033 Y96.277 E835.32042
G1 X121.569 Y95.153 E835.37704
G1 X120.817 Y94.175 E835.43449
G1 X119.847 Y93.427 E835.49153
G1 X118.719 Y92.963 E835.54832
G1 X117.499 Y92.803 E835.60562
G1 X116.277 Y92.963 E835.663
G1 X115.154 Y93.427 E835.71958
G1 X114.179 Y94.179 E835.77692
G1 X113.427 Y95.154 E835.83425
G1 X112.963 Y96.277 E835.89083
G1 X112.802 Y97.501 E835.94832
G1 X112.963 Y98.719 E836.00553
G1 X113.427 Y99.847 E836.06232
G1 X114.175 Y100.817 E836.11936
G1 X115.153 Y101.569 E836.1768
G1 X116.277 Y102.033 E836.23343
G1 X117.499 Y102.194 E836.29082
G0 F9000 X117.191 Y101.468
G0 X117.809 Y101.467
;TYPE:FILL
G1 F1159.3 X117.808 Y100.328 E836.34386
G1 X117.602 Y100.122 E836.35742
G1 X117.398 Y100.122 E836.36692
G1 X117.192 Y100.328 E836.38049
G1 X117.191 Y101.468 E836.43357
G1 X116.455 Y101.371 E836.46814
G1 X115.497 Y100.975 E836.51641
G1 X114.657 Y100.33 E836.56572
G1 X114.022 Y99.506 E836.61416
G1 X113.625 Y98.541 E836.66275
G1 X113.529 Y97.809 E836.69713
G1 X114.672 Y97.808 E836.75035
G1 X114.878 Y97.602 E836.76391
G1 X114.878 Y97.398 E836.77341
G1 X114.672 Y97.192 E836.78698
G1 X113.529 Y97.191 E836.8402
G1 X113.625 Y96.455 E836.87476
G1 X114.021 Y95.496 E836.92308
G1 X114.663 Y94.663 E836.97205
G1 X115.496 Y94.021 E837.02102
G1 X116.455 Y93.625 E837.06933
G1 X117.191 Y93.529 E837.10389
G1 X117.192 Y94.672 E837.15711
G1 X117.398 Y94.878 E837.17068
G1 X117.602 Y94.878 E837.18018
G1 X117.808 Y94.672 E837.19374
G1 X117.809 Y93.529 E837.24697
G1 X118.541 Y93.625 E837.28134
G1 X119.506 Y94.022 E837.32993
G1 X120.33 Y94.657 E837.37837
G1 X120.976 Y95.497 E837.42772
G1 X121.371 Y96.455 E837.47597
G1 X121.467 Y97.191 E837.51053
G1 X120.328 Y97.192 E837.56357
G1 X120.122 Y97.398 E837.57713
G1 X120.122 Y97.602 E837.58663
G1 X120.328 Y97.808 E837.6002
G1 X121.467 Y97.809 E837.65323
G1 X121.371 Y98.541 E837.68761
G1 X120.974 Y99.501 E837.73598
G1 X120.336 Y100.336 E837.78491
G1 X119.501 Y100.974 E837.83385
G1 X118.541 Y101.371 E837.88222
G1 X117.809 Y101.467 E837.9166
G0 F9000 X117.768 Y101.145
G1 F1500 E831.4166
;MESH:yc1hingeDubel.stl
G0 F9000 X117.5 Y101.967
G0 X117.643 Y103.05
G0 X117.642 Y111.949
G0 X117.5 Y113.033
G0 X117.5 Y121.483
G0 X117.499 Y121.79
;TYPE:WALL-INNER
G1 F1500 E837.9166
G1 F1159.3 X118.615 Y121.643 E837.96901
G1 X119.642 Y121.219 E838.02075
G1 X120.535 Y120.535 E838.07312
G1 X121.219 Y119.642 E838.1255
G1 X121.643 Y118.615 E838.17724
G1 X121.789 Y117.501 E838.22956
G1 X121.643 Y116.381 E838.28215
G1 X121.219 Y115.355 E838.33384
G1 X120.531 Y114.46 E838.38641
G1 X119.645 Y113.777 E838.4385
G1 X118.615 Y113.353 E838.49036
G1 X117.499 Y113.207 E838.54277
G1 X116.381 Y113.353 E838.59527
G1 X115.356 Y113.776 E838.64691
G1 X114.464 Y114.464 E838.69936
G1 X113.777 Y115.356 E838.75179
G1 X113.353 Y116.381 E838.80344
G1 X113.206 Y117.501 E838.85604
G1 X113.353 Y118.615 E838.90836
G1 X113.777 Y119.645 E838.96023
G1 X114.46 Y120.531 E839.01232
G1 X115.355 Y121.219 E839.06488
G1 X116.381 Y121.643 E839.11658
G1 X117.499 Y121.79 E839.16908
G0 F9000 X117.499 Y122.194
;TYPE:WALL-OUTER
G1 F1159.3 X118.719 Y122.033 E839.22638
G1 X119.843 Y121.569 E839.28301
G1 X120.821 Y120.821 E839.34034
G1 X121.569 Y119.843 E839.39767
G1 X122.033 Y118.719 E839.45429
G1 X122.193 Y117.501 E839.5115
G1 X122.033 Y116.277 E839.56897
G1 X121.569 Y115.153 E839.6256
G1 X120.817 Y114.175 E839.68304
G1 X119.847 Y113.427 E839.74008
G1 X118.719 Y112.963 E839.79687
G1 X117.499 Y112.803 E839.85417
G1 X116.277 Y112.963 E839.91156
G1 X115.154 Y113.427 E839.96814
G1 X114.179 Y114.179 E840.02547
G1 X113.427 Y115.154 E840.08281
G1 X112.963 Y116.277 E840.13939
G1 X112.802 Y117.501 E840.19687
G1 X112.963 Y118.719 E840.25408
G1 X113.427 Y119.847 E840.31087
G1 X114.175 Y120.817 E840.36791
G1 X115.153 Y121.569 E840.42536
G1 X116.277 Y122.033 E840.48198
G1 X117.499 Y122.194 E840.53937
G0 F9000 X117.191 Y121.468
G0 X117.809 Y121.467
;TYPE:FILL
G1 F1159.3 X117.808 Y120.328 E840.59241
G1 X117.602 Y120.122 E840.60597
G1 X117.398 Y120.122 E840.61547
G1 X117.192 Y120.328 E840.62904
G1 X117.191 Y121.468 E840.68212
G1 X116.455 Y121.371 E840.71669
G1 X115.497 Y120.975 E840.76496
G1 X114.657 Y120.33 E840.81427
G1 X114.022 Y119.506 E840.86271
G1 X113.625 Y118.541 E840.9113
G1 X113.529 Y117.809 E840.94568
G1 X114.672 Y117.808 E840.9989
G1 X114.878 Y117.602 E841.01247
G1 X114.878 Y117.398 E841.02197
G1 X114.672 Y117.192 E841.03553
G1 X113.529 Y117.191 E841.08875
G1 X113.625 Y116.455 E841.12332
G1 X114.021 Y115.496 E841.17163
G1 X114.663 Y114.663 E841.2206
G1 X115.496 Y114.021 E841.26957
G1 X116.455 Y113.625 E841.31788
G1 X117.191 Y113.529 E841.35244
G1 X117.192 Y114.672 E841.40567
G1 X117.398 Y114.878 E841.41923
G1 X117.602 Y114.878 E841.42873
G1 X117.808 Y114.672 E841.4423
G1 X117.809 Y113.529 E841.49552
G1 X118.541 Y113.625 E841.5299
G1 X119.506 Y114.022 E841.57849
G1 X120.33 Y114.657 E841.62693
G1 X120.976 Y115.497 E841.67627
G1 X121.371 Y116.455 E841.72452
G1 X121.467 Y117.191 E841.75908
G1 X120.328 Y117.192 E841.81212
G1 X120.122 Y117.398 E841.82568
G1 X120.122 Y117.602 E841.83518
G1 X120.328 Y117.808 E841.84875
G1 X121.467 Y117.809 E841.90179
G1 X121.371 Y118.541 E841.93616
G1 X120.974 Y119.501 E841.98454
G1 X120.336 Y120.336 E842.03347
G1 X119.501 Y120.974 E842.0824
G1 X118.541 Y121.371 E842.13077
G1 X117.809 Y121.467 E842.16515
G0 F9000 X117.768 Y121.145
G1 F1500 E835.66515
;MESH:NONMESH
G0 F300 X117.768 Y121.145 Z26.04
G0 F9000 X117.5 Y113.033
G0 X117.357 Y111.95
G0 X117.358 Y103.051
G0 X117.5 Y101.967
G0 X117.5 Y101.483
G0 X117.499 Y101.79
;TIME_ELAPSED:1232.165315
;LAYER:92
;note -- min layer time used
;TYPE:WALL-INNER
;MESH:yc1hingeDubel.stl(1)
G1 F1500 E842.16515
G1 F1162.6 X118.615 Y101.643 E842.21756
G1 X119.642 Y101.219 E842.2693
G1 X120.535 Y100.535 E842.32168
G1 X121.219 Y99.642 E842.37406
G1 X121.643 Y98.615 E842.42579
G1 X121.789 Y97.501 E842.47811
G1 X121.643 Y96.381 E842.5307
G1 X121.219 Y95.355 E842.5824
G1 X120.531 Y94.46 E842.63496
G1 X119.645 Y93.777 E842.68705
G1 X118.615 Y93.353 E842.73892
G1 X117.499 Y93.207 E842.79133
G1 X116.381 Y93.353 E842.84383
G1 X115.356 Y93.776 E842.89546
G1 X114.464 Y94.464 E842.94791
G1 X113.777 Y95.356 E843.00034
G1 X113.353 Y96.381 E843.05199
G1 X113.206 Y97.501 E843.10459
G1 X113.353 Y98.615 E843.15691
G1 X113.777 Y99.645 E843.20878
G1 X114.46 Y100.531 E843.26087
G1 X115.355 Y101.219 E843.31344
G1 X116.381 Y101.643 E843.36513
G1 X117.499 Y101.79 E843.41764
G0 F9000 X117.499 Y102.194
;TYPE:WALL-OUTER
G1 F1162.6 X118.719 Y102.033 E843.47494
G1 X119.843 Y101.569 E843.53156
G1 X120.821 Y100.821 E843.58889
G1 X121.569 Y99.843 E843.64622
G1 X122.033 Y98.719 E843.70285
G1 X122.193 Y97.501 E843.76005
G1 X122.033 Y96.277 E843.81753
G1 X121.569 Y95.153 E843.87415
G1 X120.817 Y94.175 E843.9316
G1 X119.847 Y93.427 E843.98863
G1 X118.719 Y92.963 E844.04543
G1 X117.499 Y92.803 E844.10272
G1 X116.277 Y92.963 E844.16011
G1 X115.154 Y93.427 E844.21669
G1 X114.179 Y94.179 E844.27402
G1 X113.427 Y95.154 E844.33136
G1 X112.963 Y96.277 E844.38794
G1 X112.802 Y97.501 E844.44542
G1 X112.963 Y98.719 E844.50263
G1 X113.427 Y99.847 E844.55943
G1 X114.175 Y100.817 E844.61646
G1 X115.153 Y101.569 E844.67391
G1 X116.277 Y102.033 E844.73053
G1 X117.499 Y102.194 E844.78793
G0 F9000 X116.911 Y101.431
;TYPE:FILL
G1 F1162.6 X116.455 Y101.371 E844.80934
G1 X115.497 Y100.975 E844.85761
G1 X114.657 Y100.33 E844.90693
G1 X114.022 Y99.506 E844.95537
G1 X113.625 Y98.541 E845.00395
G1 X113.565 Y98.089 E845.02519
G1 X114.672 Y98.088 E845.07673
G1 X115.065 Y97.695 E845.10261
G1 X115.065 Y97.305 E845.12077
G1 X114.672 Y96.912 E845.14665
G1 X113.565 Y96.911 E845.1982
G1 X113.625 Y96.455 E845.21961
G1 X114.021 Y95.496 E845.26793
G1 X114.663 Y94.663 E845.3169
G1 X115.496 Y94.021 E845.36587
G1 X116.455 Y93.625 E845.41418
G1 X116.911 Y93.566 E845.43559
G1 X116.912 Y94.672 E845.48709
G1 X117.305 Y95.065 E845.51297
G1 X117.695 Y95.065 E845.53113
G1 X118.088 Y94.672 E845.55701
G1 X118.089 Y93.566 E845.60851
G1 X118.541 Y93.625 E845.62974
G1 X119.506 Y94.022 E845.67833
G1 X120.33 Y94.657 E845.72677
G1 X120.976 Y95.497 E845.77611
G1 X121.371 Y96.455 E845.82436
G1 X121.43 Y96.911 E845.84577
G1 X120.328 Y96.912 E845.89708
G1 X119.935 Y97.305 E845.92296
G1 X119.935 Y97.695 E845.94112
G1 X120.328 Y98.088 E845.967
G1 X121.43 Y98.089 E846.01832
G1 X121.371 Y98.541 E846.03954
G1 X120.974 Y99.501 E846.08792
G1 X120.336 Y100.336 E846.13685
G1 X119.501 Y100.974 E846.18578
G1 X118.541 Y101.371 E846.23415
G1 X118.089 Y101.43 E846.25538
G1 X118.088 Y100.328 E846.30669
G1 X117.695 Y99.935 E846.33257
G1 X117.305 Y99.935 E846.35073
G1 X116.912 Y100.328 E846.37661
G1 X116.911 Y101.431 E846.42797
G0 F9000 X116.955 Y101.109
G1 F1500 E839.92797
;MESH:yc1hingeDubel.stl
G0 F9000 X117.5 Y101.967
G0 X117.643 Y103.05
G0 X117.642 Y111.949
G0 X117.5 Y113.033
G0 X117.5 Y121.483
G0 X117.499 Y121.79
;TYPE:WALL-INNER
G1 F1500 E846.42797
G1 F1162.6 X118.615 Y121.643 E846.48039
G1 X119.642 Y121.219 E846.53212
G1 X120.535 Y120.535 E846.5845
G1 X121.219 Y119.642 E846.63688
G1 X121.643 Y118.615 E846.68862
G1 X121.789 Y117.501 E846.74093
G1 X121.643 Y116.381 E846.79352
G1 X121.219 Y115.355 E846.84522
G1 X120.531 Y114.46 E846.89778
G1 X119.645 Y113.777 E846.94988
G1 X118.615 Y113.353 E847.00174
G1 X117.499 Y113.207 E847.05415
G1 X116.381 Y113.353 E847.10665
G1 X115.356 Y113.776 E847.15828
G1 X114.464 Y114.464 E847.21074
G1 X113.777 Y115.356 E847.26316
G1 X113.353 Y116.381 E847.31481
G1 X113.206 Y117.501 E847.36741
G1 X113.353 Y118.615 E847.41974
G1 X113.777 Y119.645 E847.4716
G1 X114.46 Y120.531 E847.52369
G1 X115.355 Y121.219 E847.57626
G1 X116.381 Y121.643 E847.62795
G1 X117.499 Y121.79 E847.68046
G0 F9000 X117.499 Y122.194
;TYPE:WALL-OUTER
G1 F1162.6 X118.719 Y122.033 E847.73776
G1 X119.843 Y121.569 E847.79438
G1 X120.821 Y120.821 E847.85171
G1 X121.569 Y119.843 E847.90905
G1 X122.033 Y118.719 E847.96567
G1 X122.193 Y117.501 E848.02287
G1 X122.033 Y116.277 E848.08035
G1 X121.569 Y115.153 E848.13697
G1 X120.817 Y114.175 E848.19442
G1 X119.847 Y113.427 E848.25146
G1 X118.719 Y112.963 E848.30825
G1 X117.499 Y112.803 E848.36555
G1 X116.277 Y112.963 E848.42293
G1 X115.154 Y113.427 E848.47951
G1 X114.179 Y114.179 E848.53685
G1 X113.427 Y115.154 E848.59418
G1 X112.963 Y116.277 E848.65076
G1 X112.802 Y117.501 E848.70825
G1 X112.963 Y118.719 E848.76546
G1 X113.427 Y119.847 E848.82225
G1 X114.175 Y120.817 E848.87929
G1 X115.153 Y121.569 E848.93673
G1 X116.277 Y122.033 E848.99335
G1 X117.499 Y122.194 E849.05075
G0 F9000 X116.911 Y121.431
;TYPE:FILL
G1 F1162.6 X116.455 Y121.371 E849.07216
G1 X115.497 Y120.975 E849.12043
G1 X114.657 Y120.33 E849.16975
G1 X114.022 Y119.506 E849.21819
G1 X113.625 Y118.541 E849.26678
G1 X113.565 Y118.089 E849.28801
G1 X114.672 Y118.088 E849.33956
G1 X115.065 Y117.695 E849.36543
G1 X115.065 Y117.305 E849.38359
G1 X114.672 Y116.912 E849.40947
G1 X113.565 Y116.911 E849.46102
G1 X113.625 Y116.455 E849.48244
G1 X114.021 Y115.496 E849.53075
G1 X114.663 Y114.663 E849.57972
G1 X115.496 Y114.021 E849.62869
G1 X116.455 Y113.625 E849.677
G1 X116.911 Y113.566 E849.69841
G1 X116.912 Y114.672 E849.74991
G1 X117.305 Y115.065 E849.77579
G1 X117.695 Y115.065 E849.79395
G1 X118.088 Y114.672 E849.81983
G1 X118.089 Y113.566 E849.87133
G1 X118.541 Y113.625 E849.89256
G1 X119.506 Y114.022 E849.94115
G1 X120.33 Y114.657 E849.98959
G1 X120.976 Y115.497 E850.03893
G1 X121.371 Y116.455 E850.08718
G1 X121.43 Y116.911 E850.10859
G1 X120.328 Y116.912 E850.15991
G1 X119.935 Y117.305 E850.18579
G1 X119.935 Y117.695 E850.20395
G1 X120.328 Y118.088 E850.22983
G1 X121.43 Y118.089 E850.28114
G1 X121.371 Y118.541 E850.30237
G1 X120.974 Y119.501 E850.35074
G1 X120.336 Y120.336 E850.39967
G1 X119.501 Y120.974 E850.4486
G1 X118.541 Y121.371 E850.49698
G1 X118.089 Y121.43 E850.5182
G1 X118.088 Y120.328 E850.56951
G1 X117.695 Y119.935 E850.59539
G1 X117.305 Y119.935 E850.61355
G1 X116.912 Y120.328 E850.63943
G1 X116.911 Y121.431 E850.69079
G0 F9000 X116.955 Y121.109
G1 F1500 E844.19079
;MESH:NONMESH
G0 F300 X116.955 Y121.109 Z26.32
G0 F9000 X117.5 Y113.033
G0 X117.357 Y111.95
G0 X117.358 Y103.051
G0 X117.5 Y101.967
G0 X117.5 Y101.483
G0 X117.499 Y101.79
;TIME_ELAPSED:1244.527113
;LAYER:93
;note -- min layer time used
;TYPE:WALL-INNER
;MESH:yc1hingeDubel.stl(1)
G1 F1500 E850.69079
G1 F1167.7 X118.615 Y101.643 E850.74321
G1 X119.642 Y101.219 E850.79495
G1 X120.535 Y100.535 E850.84732
G1 X121.219 Y99.642 E850.8997
G1 X121.643 Y98.615 E850.95144
G1 X121.789 Y97.501 E851.00375
G1 X121.643 Y96.381 E851.05635
G1 X121.219 Y95.355 E851.10804
G1 X120.531 Y94.46 E851.16061
G1 X119.645 Y93.777 E851.2127
G1 X118.615 Y93.353 E851.26456
G1 X117.499 Y93.207 E851.31697
G1 X116.381 Y93.353 E851.36947
G1 X115.356 Y93.776 E851.42111
G1 X114.464 Y94.464 E851.47356
G1 X113.777 Y95.356 E851.52599
G1 X113.353 Y96.381 E851.57764
G1 X113.206 Y97.501 E851.63024
G1 X113.353 Y98.615 E851.68256
G1 X113.777 Y99.645 E851.73442
G1 X114.46 Y100.531 E851.78652
G1 X115.355 Y101.219 E851.83908
G1 X116.381 Y101.643 E851.89077
G1 X117.499 Y101.79 E851.94328
G0 F9000 X117.499 Y102.194
;TYPE:WALL-OUTER
G1 F1167.7 X118.719 Y102.033 E852.00058
G1 X119.843 Y101.569 E852.0572
G1 X120.821 Y100.821 E852.11454
G1 X121.569 Y99.843 E852.17187
G1 X122.033 Y98.719 E852.22849
G1 X122.193 Y97.501 E852.28569
G1 X122.033 Y96.277 E852.34317
G1 X121.569 Y95.153 E852.3998
G1 X120.817 Y94.175 E852.45724
G1 X119.847 Y93.427 E852.51428
G1 X118.719 Y92.963 E852.57107
G1 X117.499 Y92.803 E852.62837
G1 X116.277 Y92.963 E852.68576
G1 X115.154 Y93.427 E852.74233
G1 X114.179 Y94.179 E852.79967
G1 X113.427 Y95.154 E852.857
G1 X112.963 Y96.277 E852.91358
G1 X112.802 Y97.501 E852.97107
G1 X112.963 Y98.719 E853.02828
G1 X113.427 Y99.847 E853.08507
G1 X114.175 Y100.817 E853.14211
G1 X115.153 Y101.569 E853.19956
G1 X116.277 Y102.033 E853.25618
G1 X117.499 Y102.194 E853.31357
G0 F9000 X117.5 Y101.483
G0 X116.635 Y101.369
G0 X116.631 Y101.394
;TYPE:FILL
G1 F1167.7 X116.455 Y101.371 E853.32184
G1 X115.497 Y100.975 E853.37011
G1 X114.657 Y100.33 E853.41942
G1 X114.022 Y99.506 E853.46786
G1 X113.625 Y98.541 E853.51645
G1 X113.602 Y98.369 E853.52453
G1 X114.672 Y98.368 E853.57435
G1 X115.251 Y97.789 E853.61248
G1 X115.251 Y97.211 E853.63939
G1 X114.672 Y96.632 E853.67752
G1 X113.602 Y96.631 E853.72735
G1 X113.625 Y96.455 E853.73561
G1 X114.021 Y95.496 E853.78392
G1 X114.663 Y94.663 E853.8329
G1 X115.496 Y94.021 E853.88187
G1 X116.455 Y93.625 E853.93018
G1 X116.631 Y93.602 E853.93844
G1 X116.632 Y94.672 E853.98827
G1 X117.211 Y95.251 E854.0264
G1 X117.789 Y95.251 E854.05331
G1 X118.368 Y94.672 E854.09144
G1 X118.369 Y93.603 E854.14121
G1 X118.541 Y93.625 E854.14929
G1 X119.506 Y94.022 E854.19788
G1 X120.33 Y94.657 E854.24632
G1 X120.976 Y95.497 E854.29566
G1 X121.371 Y96.455 E854.34391
G1 X121.394 Y96.631 E854.35218
G1 X120.328 Y96.632 E854.40181
G1 X119.749 Y97.211 E854.43994
G1 X119.749 Y97.789 E854.46686
G1 X120.328 Y98.368 E854.50499
G1 X121.394 Y98.369 E854.55462
G1 X121.371 Y98.541 E854.5627
G1 X120.974 Y99.501 E854.61108
G1 X120.336 Y100.336 E854.66001
G1 X119.501 Y100.974 E854.70894
G1 X118.541 Y101.371 E854.75731
G1 X118.369 Y101.394 E854.76539
G1 X118.368 Y100.328 E854.81503
G1 X117.789 Y99.749 E854.85316
G1 X117.211 Y99.749 E854.88007
G1 X116.632 Y100.328 E854.9182
G1 X116.631 Y101.394 E854.96784
G0 F9000 X116.675 Y101.072
G1 F1500 E848.46784
;MESH:yc1hingeDubel.stl
G0 F9000 X117.5 Y101.967
G0 X117.643 Y103.05
G0 X117.642 Y111.949
G0 X117.5 Y113.033
G0 X117.5 Y121.483
G0 X117.499 Y121.79
;TYPE:WALL-INNER
G1 F1500 E854.96784
G1 F1167.7 X118.615 Y121.643 E855.02025
G1 X119.642 Y121.219 E855.07199
G1 X120.535 Y120.535 E855.12437
G1 X121.219 Y119.642 E855.17675
G1 X121.643 Y118.615 E855.22848
G1 X121.789 Y117.501 E855.2808
G1 X121.643 Y116.381 E855.33339
G1 X121.219 Y115.355 E855.38508
G1 X120.531 Y114.46 E855.43765
G1 X119.645 Y113.777 E855.48974
G1 X118.615 Y113.353 E855.54161
G1 X117.499 Y113.207 E855.59402
G1 X116.381 Y113.353 E855.64652
G1 X115.356 Y113.776 E855.69815
G1 X114.464 Y114.464 E855.7506
G1 X113.777 Y115.356 E855.80303
G1 X113.353 Y116.381 E855.85468
G1 X113.206 Y117.501 E855.90728
G1 X113.353 Y118.615 E855.9596
G1 X113.777 Y119.645 E856.01147
G1 X114.46 Y120.531 E856.06356
G1 X115.355 Y121.219 E856.11612
G1 X116.381 Y121.643 E856.16782
G1 X117.499 Y121.79 E856.22033
G0 F9000 X117.499 Y122.194
;TYPE:WALL-OUTER
G1 F1167.7 X118.719 Y122.033 E856.27763
G1 X119.843 Y121.569 E856.33425
G1 X120.821 Y120.821 E856.39158
G1 X121.569 Y119.843 E856.44891
G1 X122.033 Y118.719 E856.50554
G1 X122.193 Y117.501 E856.56274
G1 X122.033 Y116.277 E856.62022
G1 X121.569 Y115.153 E856.67684
G1 X120.817 Y114.175 E856.73429
G1 X119.847 Y113.427 E856.79132
G1 X118.719 Y112.963 E856.84812
G1 X117.499 Y112.803 E856.90541
G1 X116.277 Y112.963 E856.9628
G1 X115.154 Y113.427 E857.01938
G1 X114.179 Y114.179 E857.07671
G1 X113.427 Y115.154 E857.13405
G1 X112.963 Y116.277 E857.19063
G1 X112.802 Y117.501 E857.24811
G1 X112.963 Y118.719 E857.30532
G1 X113.427 Y119.847 E857.36212
G1 X114.175 Y120.817 E857.41915
G1 X115.153 Y121.569 E857.4766
G1 X116.277 Y122.033 E857.53322
G1 X117.499 Y122.194 E857.59061
G0 F9000 X117.5 Y121.483
G0 X116.635 Y121.369
G0 X116.631 Y121.394
;TYPE:FILL
G1 F1167.7 X116.455 Y121.371 E857.59888
G1 X115.497 Y120.975 E857.64715
G1 X114.657 Y120.33 E857.69646
G1 X114.022 Y119.506 E857.7449
G1 X113.625 Y118.541 E857.79349
G1 X113.602 Y118.369 E857.80157
G1 X114.672 Y118.368 E857.8514
G1 X115.251 Y117.789 E857.88952
G1 X115.251 Y117.211 E857.91644
G1 X114.672 Y116.632 E857.95457
G1 X113.602 Y116.631 E858.00439
G1 X113.625 Y116.455 E858.01266
G1 X114.021 Y115.496 E858.06097
G1 X114.663 Y114.663 E858.10994
G1 X115.496 Y114.021 E858.15891
G1 X116.455 Y113.625 E858.20722
G1 X116.631 Y113.602 E858.21549
G1 X116.632 Y114.672 E858.26531
G1 X117.211 Y115.251 E858.30344
G1 X117.789 Y115.251 E858.33035
G1 X118.368 Y114.672 E858.36848
G1 X118.369 Y113.603 E858.41826
G1 X118.541 Y113.625 E858.42633
G1 X119.506 Y114.022 E858.47492
G1 X120.33 Y114.657 E858.52336
G1 X120.976 Y115.497 E858.5727
G1 X121.371 Y116.455 E858.62096
G1 X121.394 Y116.631 E858.62922
G1 X120.328 Y116.632 E858.67886
G1 X119.749 Y117.211 E858.71699
G1 X119.749 Y117.789 E858.7439
G1 X120.328 Y118.368 E858.78203
G1 X121.394 Y118.369 E858.83167
G1 X121.371 Y118.541 E858.83975
G1 X120.974 Y119.501 E858.88812
G1 X120.336 Y120.336 E858.93705
G1 X119.501 Y120.974 E858.98598
G1 X118.541 Y121.371 E859.03436
G1 X118.369 Y121.394 E859.04244
G1 X118.368 Y120.328 E859.09207
G1 X117.789 Y119.749 E859.1302
G1 X117.211 Y119.749 E859.15712
G1 X116.632 Y120.328 E859.19524
G1 X116.631 Y121.394 E859.24488
G0 F9000 X116.675 Y121.072
G1 F1500 E852.74488
;MESH:NONMESH
G0 F300 X116.675 Y121.072 Z26.6
G0 F9000 X117.5 Y113.033
G0 X117.357 Y111.95
G0 X117.358 Y103.051
G0 X117.5 Y101.967
G0 X117.5 Y101.483
G0 X117.499 Y101.79
;TIME_ELAPSED:1257.012716
;LAYER:94
;note -- min layer time used
;TYPE:WALL-INNER
;MESH:yc1hingeDubel.stl(1)
G1 F1500 E859.24488
G1 F1168.3 X118.615 Y101.643 E859.2973
G1 X119.642 Y101.219 E859.34903
G1 X120.535 Y100.535 E859.40141
G1 X121.219 Y99.642 E859.45379
G1 X121.643 Y98.615 E859.50553
G1 X121.789 Y97.501 E859.55784
G1 X121.643 Y96.381 E859.61043
G1 X121.219 Y95.355 E859.66213
G1 X120.531 Y94.46 E859.71469
G1 X119.645 Y93.777 E859.76679
G1 X118.615 Y93.353 E859.81865
G1 X117.499 Y93.207 E859.87106
G1 X116.381 Y93.353 E859.92356
G1 X115.356 Y93.776 E859.97519
G1 X114.464 Y94.464 E860.02765
G1 X113.777 Y95.356 E860.08007
G1 X113.353 Y96.381 E860.13172
G1 X113.206 Y97.501 E860.18432
G1 X113.353 Y98.615 E860.23665
G1 X113.777 Y99.645 E860.28851
G1 X114.46 Y100.531 E860.3406
G1 X115.355 Y101.219 E860.39317
G1 X116.381 Y101.643 E860.44486
G1 X117.499 Y101.79 E860.49737
G0 F9000 X117.499 Y102.194
;TYPE:WALL-OUTER
G1 F1168.3 X118.719 Y102.033 E860.55467
G1 X119.843 Y101.569 E860.61129
G1 X120.821 Y100.821 E860.66862
G1 X121.569 Y99.843 E860.72596
G1 X122.033 Y98.719 E860.78258
G1 X122.193 Y97.501 E860.83978
G1 X122.033 Y96.277 E860.89726
G1 X121.569 Y95.153 E860.95388
G1 X120.817 Y94.175 E861.01133
G1 X119.847 Y93.427 E861.06837
G1 X118.719 Y92.963 E861.12516
G1 X117.499 Y92.803 E861.18246
G1 X116.277 Y92.963 E861.23984
G1 X115.154 Y93.427 E861.29642
G1 X114.179 Y94.179 E861.35376
G1 X113.427 Y95.154 E861.41109
G1 X112.963 Y96.277 E861.46767
G1 X112.802 Y97.501 E861.52516
G1 X112.963 Y98.719 E861.58237
G1 X113.427 Y99.847 E861.63916
G1 X114.175 Y100.817 E861.6962
G1 X115.153 Y101.569 E861.75364
G1 X116.277 Y102.033 E861.81026
G1 X117.499 Y102.194 E861.86766
G0 F9000 X117.5 Y101.483
G0 X116.362 Y101.303
G0 X116.351 Y101.328
;TYPE:FILL
G1 F1168.3 X115.497 Y100.975 E861.91069
G1 X114.657 Y100.33 E861.96
G1 X114.022 Y99.506 E862.00844
G1 X113.669 Y98.649 E862.0516
G1 X114.672 Y98.648 E862.0983
G1 X115.438 Y97.882 E862.14875
G1 X115.438 Y97.118 E862.18432
G1 X114.672 Y96.352 E862.23476
G1 X113.668 Y96.351 E862.28151
G1 X114.021 Y95.496 E862.32459
G1 X114.663 Y94.663 E862.37356
G1 X115.496 Y94.021 E862.42253
G1 X116.351 Y93.668 E862.4656
G1 X116.352 Y94.672 E862.51235
G1 X117.118 Y95.438 E862.56279
G1 X117.882 Y95.438 E862.59837
G1 X118.648 Y94.672 E862.64881
G1 X118.649 Y93.669 E862.69551
G1 X119.506 Y94.022 E862.73867
G1 X120.33 Y94.657 E862.78711
G1 X120.976 Y95.497 E862.83646
G1 X121.328 Y96.351 E862.87947
G1 X120.328 Y96.352 E862.92603
G1 X119.562 Y97.118 E862.97647
G1 X119.562 Y97.882 E863.01205
G1 X120.328 Y98.648 E863.06249
G1 X121.326 Y98.649 E863.10896
G1 X120.974 Y99.501 E863.15189
G1 X120.336 Y100.336 E863.20082
G1 X119.501 Y100.974 E863.24975
G1 X118.649 Y101.326 E863.29268
G1 X118.648 Y100.328 E863.33915
G1 X117.882 Y99.562 E863.38959
G1 X117.118 Y99.562 E863.42517
G1 X116.352 Y100.328 E863.47561
G1 X116.351 Y101.328 E863.52217
G0 F9000 X116.477 Y101.026
G1 F1500 E857.02217
;MESH:yc1hingeDubel.stl
G0 F9000 X117.5 Y101.967
G0 X117.643 Y103.05
G0 X117.642 Y111.949
G0 X117.5 Y113.033
G0 X117.5 Y121.483
G0 X117.499 Y121.79
;TYPE:WALL-INNER
G1 F1500 E863.52217
G1 F1168.3 X118.615 Y121.643 E863.57459
G1 X119.642 Y121.219 E863.62632
G1 X120.535 Y120.535 E863.6787
G1 X121.219 Y119.642 E863.73108
G1 X121.643 Y118.615 E863.78282
G1 X121.789 Y117.501 E863.83513
G1 X121.643 Y116.381 E863.88772
G1 X121.219 Y115.355 E863.93942
G1 X120.531 Y114.46 E863.99198
G1 X119.645 Y113.777 E864.04408
G1 X118.615 Y113.353 E864.09594
G1 X117.499 Y113.207 E864.14835
G1 X116.381 Y113.353 E864.20085
G1 X115.356 Y113.776 E864.25248
G1 X114.464 Y114.464 E864.30494
G1 X113.777 Y115.356 E864.35736
G1 X113.353 Y116.381 E864.40901
G1 X113.206 Y117.501 E864.46161
G1 X113.353 Y118.615 E864.51394
G1 X113.777 Y119.645 E864.5658
G1 X114.46 Y120.531 E864.61789
G1 X115.355 Y121.219 E864.67046
G1 X116.381 Y121.643 E864.72215
G1 X117.499 Y121.79 E864.77466
G0 F9000 X117.499 Y122.194
;TYPE:WALL-OUTER
G1 F1168.3 X118.719 Y122.033 E864.83196
G1 X119.843 Y121.569 E864.88858
G1 X120.821 Y120.821 E864.94591
G1 X121.569 Y119.843 E865.00325
G1 X122.033 Y118.719 E865.05987
G1 X122.193 Y117.501 E865.11707
G1 X122.033 Y116.277 E865.17455
G1 X121.569 Y115.153 E865.23117
G1 X120.817 Y114.175 E865.28862
G1 X119.847 Y113.427 E865.34566
G1 X118.719 Y112.963 E865.40245
G1 X117.499 Y112.803 E865.45975
G1 X116.277 Y112.963 E865.51713
G1 X115.154 Y113.427 E865.57371
G1 X114.179 Y114.179 E865.63105
G1 X113.427 Y115.154 E865.68838
G1 X112.963 Y116.277 E865.74496
G1 X112.802 Y117.501 E865.80245
G1 X112.963 Y118.719 E865.85966
G1 X113.427 Y119.847 E865.91645
G1 X114.175 Y120.817 E865.97349
G1 X115.153 Y121.569 E866.03093
G1 X116.277 Y122.033 E866.08755
G1 X117.499 Y122.194 E866.14495
G0 F9000 X117.5 Y121.483
G0 X116.362 Y121.303
G0 X116.351 Y121.328
;TYPE:FILL
G1 F1168.3 X115.497 Y120.975 E866.18798
G1 X114.657 Y120.33 E866.23729
G1 X114.022 Y119.506 E866.28573
G1 X113.669 Y118.649 E866.32889
G1 X114.672 Y118.648 E866.37559
G1 X115.438 Y117.882 E866.42604
G1 X115.438 Y117.118 E866.46161
G1 X114.672 Y116.352 E866.51205
G1 X113.668 Y116.351 E866.5588
G1 X114.021 Y115.496 E866.60188
G1 X114.663 Y114.663 E866.65085
G1 X115.496 Y114.021 E866.69982
G1 X116.351 Y113.668 E866.74289
G1 X116.352 Y114.672 E866.78964
G1 X117.118 Y115.438 E866.84008
G1 X117.882 Y115.438 E866.87566
G1 X118.648 Y114.672 E866.9261
G1 X118.649 Y113.669 E866.9728
G1 X119.506 Y114.022 E867.01596
G1 X120.33 Y114.657 E867.0644
G1 X120.976 Y115.497 E867.11375
G1 X121.328 Y116.351 E867.15676
G1 X120.328 Y116.352 E867.20332
G1 X119.562 Y117.118 E867.25376
G1 X119.562 Y117.882 E867.28934
G1 X120.328 Y118.648 E867.33978
G1 X121.326 Y118.649 E867.38625
G1 X120.974 Y119.501 E867.42918
G1 X120.336 Y120.336 E867.47811
G1 X119.501 Y120.974 E867.52704
G1 X118.649 Y121.326 E867.56997
G1 X118.648 Y120.328 E867.61644
G1 X117.882 Y119.562 E867.66688
G1 X117.118 Y119.562 E867.70246
G1 X116.352 Y120.328 E867.7529
G1 X116.351 Y121.328 E867.79946
G0 F9000 X116.477 Y121.026
G1 F1500 E861.29946
;MESH:NONMESH
G0 F300 X116.477 Y121.026 Z26.88
G0 F9000 X117.5 Y113.033
G0 X117.357 Y111.95
G0 X117.358 Y103.051
G0 X117.5 Y101.967
G0 X117.5 Y101.483
G0 X117.499 Y101.79
;TIME_ELAPSED:1269.559967
;LAYER:95
;note -- min layer time used
;TYPE:WALL-INNER
;MESH:yc1hingeDubel.stl(1)
G1 F1500 E867.79946
G1 F1162.8 X118.615 Y101.643 E867.85188
G1 X119.642 Y101.219 E867.90361
G1 X120.535 Y100.535 E867.95599
G1 X121.219 Y99.642 E868.00837
G1 X121.643 Y98.615 E868.06011
G1 X121.789 Y97.501 E868.11242
G1 X121.643 Y96.381 E868.16501
G1 X121.219 Y95.355 E868.21671
G1 X120.531 Y94.46 E868.26927
G1 X119.645 Y93.777 E868.32137
G1 X118.615 Y93.353 E868.37323
G1 X117.499 Y93.207 E868.42564
G1 X116.381 Y93.353 E868.47814
G1 X115.356 Y93.776 E868.52977
G1 X114.464 Y94.464 E868.58223
G1 X113.777 Y95.356 E868.63465
G1 X113.353 Y96.381 E868.6863
G1 X113.206 Y97.501 E868.7389
G1 X113.353 Y98.615 E868.79123
G1 X113.777 Y99.645 E868.84309
G1 X114.46 Y100.531 E868.89518
G1 X115.355 Y101.219 E868.94775
G1 X116.381 Y101.643 E868.99944
G1 X117.499 Y101.79 E869.05195
G0 F9000 X117.499 Y102.194
;TYPE:WALL-OUTER
G1 F1162.8 X118.719 Y102.033 E869.10925
G1 X119.843 Y101.569 E869.16587
G1 X120.821 Y100.821 E869.2232
G1 X121.569 Y99.843 E869.28054
G1 X122.033 Y98.719 E869.33716
G1 X122.193 Y97.501 E869.39436
G1 X122.033 Y96.277 E869.45184
G1 X121.569 Y95.153 E869.50846
G1 X120.817 Y94.175 E869.56591
G1 X119.847 Y93.427 E869.62295
G1 X118.719 Y92.963 E869.67974
G1 X117.499 Y92.803 E869.73704
G1 X116.277 Y92.963 E869.79442
G1 X115.154 Y93.427 E869.851
G1 X114.179 Y94.179 E869.90834
G1 X113.427 Y95.154 E869.96567
G1 X112.963 Y96.277 E870.02225
G1 X112.802 Y97.501 E870.07974
G1 X112.963 Y98.719 E870.13695
G1 X113.427 Y99.847 E870.19374
G1 X114.175 Y100.817 E870.25078
G1 X115.153 Y101.569 E870.30822
G1 X116.277 Y102.033 E870.36484
G1 X117.499 Y102.194 E870.42224
G0 F9000 X117.5 Y101.483
G0 X116.082 Y101.187
G0 X116.071 Y101.212
;TYPE:FILL
G1 F1162.8 X115.497 Y100.975 E870.45115
G1 X114.657 Y100.33 E870.50047
G1 X114.022 Y99.506 E870.54891
G1 X113.785 Y98.929 E870.57795
G1 X114.672 Y98.928 E870.61926
G1 X115.624 Y97.976 E870.68195
G1 X115.624 Y97.024 E870.72628
G1 X114.672 Y96.072 E870.78897
G1 X113.784 Y96.071 E870.83032
G1 X114.021 Y95.496 E870.85928
G1 X114.663 Y94.663 E870.90825
G1 X115.496 Y94.021 E870.95722
G1 X116.071 Y93.784 E870.98618
G1 X116.072 Y94.672 E871.02753
G1 X117.024 Y95.624 E871.09022
G1 X117.976 Y95.624 E871.13455
G1 X118.928 Y94.672 E871.19724
G1 X118.929 Y93.785 E871.23854
G1 X119.506 Y94.022 E871.26759
G1 X120.33 Y94.657 E871.31603
G1 X120.976 Y95.497 E871.36537
G1 X121.213 Y96.071 E871.39429
G1 X120.328 Y96.072 E871.4355
G1 X119.376 Y97.024 E871.49819
G1 X119.376 Y97.976 E871.54252
G1 X120.328 Y98.928 E871.60521
G1 X121.211 Y98.929 E871.64632
G1 X120.974 Y99.501 E871.67515
G1 X120.336 Y100.336 E871.72408
G1 X119.501 Y100.974 E871.77302
G1 X118.929 Y101.211 E871.80185
G1 X118.928 Y100.328 E871.84296
G1 X117.976 Y99.376 E871.90565
G1 X117.024 Y99.376 E871.94998
G1 X116.072 Y100.328 E872.01267
G1 X116.071 Y101.212 E872.05384
G0 F9000 X116.197 Y100.91
G1 F1500 E865.55384
;MESH:yc1hingeDubel.stl
G0 F9000 X117.5 Y101.967
G0 X117.643 Y103.05
G0 X117.642 Y111.949
G0 X117.5 Y113.033
G0 X117.5 Y121.483
G0 X117.499 Y121.79
;TYPE:WALL-INNER
G1 F1500 E872.05384
G1 F1162.8 X118.615 Y121.643 E872.10625
G1 X119.642 Y121.219 E872.15799
G1 X120.535 Y120.535 E872.21037
G1 X121.219 Y119.642 E872.26274
G1 X121.643 Y118.615 E872.31448
G1 X121.789 Y117.501 E872.3668
G1 X121.643 Y116.381 E872.41939
G1 X121.219 Y115.355 E872.47108
G1 X120.531 Y114.46 E872.52365
G1 X119.645 Y113.777 E872.57574
G1 X118.615 Y113.353 E872.62761
G1 X117.499 Y113.207 E872.68001
G1 X116.381 Y113.353 E872.73251
G1 X115.356 Y113.776 E872.78415
G1 X114.464 Y114.464 E872.8366
G1 X113.777 Y115.356 E872.88903
G1 X113.353 Y116.381 E872.94068
G1 X113.206 Y117.501 E872.99328
G1 X113.353 Y118.615 E873.0456
G1 X113.777 Y119.645 E873.09747
G1 X114.46 Y120.531 E873.14956
G1 X115.355 Y121.219 E873.20212
G1 X116.381 Y121.643 E873.25382
G1 X117.499 Y121.79 E873.30632
G0 F9000 X117.499 Y122.194
;TYPE:WALL-OUTER
G1 F1162.8 X118.719 Y122.033 E873.36362
G1 X119.843 Y121.569 E873.42025
G1 X120.821 Y120.821 E873.47758
G1 X121.569 Y119.843 E873.53491
G1 X122.033 Y118.719 E873.59153
G1 X122.193 Y117.501 E873.64874
G1 X122.033 Y116.277 E873.70622
G1 X121.569 Y115.153 E873.76284
G1 X120.817 Y114.175 E873.82028
G1 X119.847 Y113.427 E873.87732
G1 X118.719 Y112.963 E873.93412
G1 X117.499 Y112.803 E873.99141
G1 X116.277 Y112.963 E874.0488
G1 X115.154 Y113.427 E874.10538
G1 X114.179 Y114.179 E874.16271
G1 X113.427 Y115.154 E874.22005
G1 X112.963 Y116.277 E874.27663
G1 X112.802 Y117.501 E874.33411
G1 X112.963 Y118.719 E874.39132
G1 X113.427 Y119.847 E874.44811
G1 X114.175 Y120.817 E874.50515
G1 X115.153 Y121.569 E874.5626
G1 X116.277 Y122.033 E874.61922
G1 X117.499 Y122.194 E874.67661
G0 F9000 X117.5 Y121.483
G0 X116.082 Y121.187
G0 X116.071 Y121.212
;TYPE:FILL
G1 F1162.8 X115.497 Y120.975 E874.70553
G1 X114.657 Y120.33 E874.75484
G1 X114.022 Y119.506 E874.80328
G1 X113.785 Y118.929 E874.83233
G1 X114.672 Y118.928 E874.87363
G1 X115.624 Y117.976 E874.93632
G1 X115.624 Y117.024 E874.98065
G1 X114.672 Y116.072 E875.04334
G1 X113.784 Y116.071 E875.08469
G1 X114.021 Y115.496 E875.11365
G1 X114.663 Y114.663 E875.16262
G1 X115.496 Y114.021 E875.21159
G1 X116.071 Y113.784 E875.24055
G1 X116.072 Y114.672 E875.2819
G1 X117.024 Y115.624 E875.34459
G1 X117.976 Y115.624 E875.38892
G1 X118.928 Y114.672 E875.45161
G1 X118.929 Y113.785 E875.49292
G1 X119.506 Y114.022 E875.52196
G1 X120.33 Y114.657 E875.5704
G1 X120.976 Y115.497 E875.61974
G1 X121.213 Y116.071 E875.64866
G1 X120.328 Y116.072 E875.68987
G1 X119.376 Y117.024 E875.75256
G1 X119.376 Y117.976 E875.79689
G1 X120.328 Y118.928 E875.85958
G1 X121.211 Y118.929 E875.9007
G1 X120.974 Y119.501 E875.92953
G1 X120.336 Y120.336 E875.97846
G1 X119.501 Y120.974 E876.02739
G1 X118.929 Y121.211 E876.05622
G1 X118.928 Y120.328 E876.09734
G1 X117.976 Y119.376 E876.16003
G1 X117.024 Y119.376 E876.20436
G1 X116.072 Y120.328 E876.26705
G1 X116.071 Y121.212 E876.30821
G0 F9000 X116.197 Y120.91
G1 F1500 E869.80821
;MESH:NONMESH
G0 F300 X116.197 Y120.91 Z27.16
G0 F9000 X117.5 Y113.033
G0 X117.357 Y111.95
G0 X117.358 Y103.051
G0 X117.5 Y101.967
G0 X117.5 Y101.483
G0 X117.499 Y101.79
;TIME_ELAPSED:1282.137788
;LAYER:96
;note -- min layer time used
;TYPE:WALL-INNER
;MESH:yc1hingeDubel.stl(1)
G1 F1500 E876.30821
G1 F1157.3 X118.615 Y101.643 E876.36063
G1 X119.642 Y101.219 E876.41236
G1 X120.535 Y100.535 E876.46474
G1 X121.219 Y99.642 E876.51712
G1 X121.643 Y98.615 E876.56886
G1 X121.789 Y97.501 E876.62117
G1 X121.643 Y96.381 E876.67376
G1 X121.219 Y95.355 E876.72546
G1 X120.531 Y94.46 E876.77802
G1 X119.645 Y93.777 E876.83011
G1 X118.615 Y93.353 E876.88198
G1 X117.499 Y93.207 E876.93439
G1 X116.381 Y93.353 E876.98689
G1 X115.356 Y93.776 E877.03852
G1 X114.464 Y94.464 E877.09098
G1 X113.777 Y95.356 E877.1434
G1 X113.353 Y96.381 E877.19505
G1 X113.206 Y97.501 E877.24765
G1 X113.353 Y98.615 E877.29998
G1 X113.777 Y99.645 E877.35184
G1 X114.46 Y100.531 E877.40393
G1 X115.355 Y101.219 E877.4565
G1 X116.381 Y101.643 E877.50819
G1 X117.499 Y101.79 E877.5607
G0 F9000 X117.499 Y102.194
;TYPE:WALL-OUTER
G1 F1157.3 X118.719 Y102.033 E877.618
G1 X119.843 Y101.569 E877.67462
G1 X120.821 Y100.821 E877.73195
G1 X121.569 Y99.843 E877.78929
G1 X122.033 Y98.719 E877.84591
G1 X122.193 Y97.501 E877.90311
G1 X122.033 Y96.277 E877.96059
G1 X121.569 Y95.153 E878.01721
G1 X120.817 Y94.175 E878.07466
G1 X119.847 Y93.427 E878.1317
G1 X118.719 Y92.963 E878.18849
G1 X117.499 Y92.803 E878.24578
G1 X116.277 Y92.963 E878.30317
G1 X115.154 Y93.427 E878.35975
G1 X114.179 Y94.179 E878.41709
G1 X113.427 Y95.154 E878.47442
G1 X112.963 Y96.277 E878.531
G1 X112.802 Y97.501 E878.58849
G1 X112.963 Y98.719 E878.64569
G1 X113.427 Y99.847 E878.70249
G1 X114.175 Y100.817 E878.75953
G1 X115.153 Y101.569 E878.81697
G1 X116.277 Y102.033 E878.87359
G1 X117.499 Y102.194 E878.93099
G0 F9000 X117.5 Y101.483
G0 X115.802 Y101.071
G0 X115.791 Y101.097
;TYPE:FILL
G1 F1157.3 X115.497 Y100.975 E878.94581
G1 X114.657 Y100.33 E878.99512
G1 X114.022 Y99.506 E879.04356
G1 X113.899 Y99.209 E879.05853
G1 X114.672 Y99.208 E879.09453
G1 X115.811 Y98.069 E879.16953
G1 X115.811 Y96.931 E879.22252
G1 X114.672 Y95.792 E879.29753
G1 X113.899 Y95.791 E879.33352
G1 X114.021 Y95.496 E879.34839
G1 X114.663 Y94.663 E879.39736
G1 X115.496 Y94.021 E879.44633
G1 X115.791 Y93.899 E879.46119
G1 X115.792 Y94.672 E879.49719
G1 X116.931 Y95.811 E879.57219
G1 X118.069 Y95.811 E879.62518
G1 X119.208 Y94.672 E879.70019
G1 X119.209 Y93.899 E879.73618
G1 X119.506 Y94.022 E879.75115
G1 X120.33 Y94.657 E879.79959
G1 X120.976 Y95.497 E879.84893
G1 X121.097 Y95.791 E879.86374
G1 X120.328 Y95.792 E879.89955
G1 X119.189 Y96.931 E879.97455
G1 X119.189 Y98.069 E880.02754
G1 X120.328 Y99.208 E880.10255
G1 X121.095 Y99.209 E880.13826
G1 X120.974 Y99.501 E880.15298
G1 X120.336 Y100.336 E880.20191
G1 X119.501 Y100.974 E880.25084
G1 X119.209 Y101.095 E880.26556
G1 X119.208 Y100.328 E880.30127
G1 X118.069 Y99.189 E880.37628
G1 X116.931 Y99.189 E880.42927
G1 X115.792 Y100.328 E880.50427
G1 X115.791 Y101.097 E880.54008
G0 F9000 X115.917 Y100.794
G1 F1500 E874.04008
;MESH:yc1hingeDubel.stl
G0 F9000 X117.5 Y101.967
G0 X117.643 Y103.05
G0 X117.642 Y111.949
G0 X117.5 Y113.033
G0 X117.5 Y121.483
G0 X117.499 Y121.79
;TYPE:WALL-INNER
G1 F1500 E880.54008
G1 F1157.3 X118.615 Y121.643 E880.5925
G1 X119.642 Y121.219 E880.64423
G1 X120.535 Y120.535 E880.69661
G1 X121.219 Y119.642 E880.74899
G1 X121.643 Y118.615 E880.80073
G1 X121.789 Y117.501 E880.85304
G1 X121.643 Y116.381 E880.90564
G1 X121.219 Y115.355 E880.95733
G1 X120.531 Y114.46 E881.00989
G1 X119.645 Y113.777 E881.06199
G1 X118.615 Y113.353 E881.11385
G1 X117.499 Y113.207 E881.16626
G1 X116.381 Y113.353 E881.21876
G1 X115.356 Y113.776 E881.27039
G1 X114.464 Y114.464 E881.32285
G1 X113.777 Y115.356 E881.37527
G1 X113.353 Y116.381 E881.42693
G1 X113.206 Y117.501 E881.47952
G1 X113.353 Y118.615 E881.53185
G1 X113.777 Y119.645 E881.58371
G1 X114.46 Y120.531 E881.6358
G1 X115.355 Y121.219 E881.68837
G1 X116.381 Y121.643 E881.74006
G1 X117.499 Y121.79 E881.79257
G0 F9000 X117.499 Y122.194
;TYPE:WALL-OUTER
G1 F1157.3 X118.719 Y122.033 E881.84987
G1 X119.843 Y121.569 E881.90649
G1 X120.821 Y120.821 E881.96382
G1 X121.569 Y119.843 E882.02116
G1 X122.033 Y118.719 E882.07778
G1 X122.193 Y117.501 E882.13498
G1 X122.033 Y116.277 E882.19246
G1 X121.569 Y115.153 E882.24908
G1 X120.817 Y114.175 E882.30653
G1 X119.847 Y113.427 E882.36357
G1 X118.719 Y112.963 E882.42036
G1 X117.499 Y112.803 E882.47766
G1 X116.277 Y112.963 E882.53504
G1 X115.154 Y113.427 E882.59162
G1 X114.179 Y114.179 E882.64896
G1 X113.427 Y115.154 E882.70629
G1 X112.963 Y116.277 E882.76287
G1 X112.802 Y117.501 E882.82036
G1 X112.963 Y118.719 E882.87757
G1 X113.427 Y119.847 E882.93436
G1 X114.175 Y120.817 E882.9914
G1 X115.153 Y121.569 E883.04884
G1 X116.277 Y122.033 E883.10547
G1 X117.499 Y122.194 E883.16286
G0 F9000 X117.5 Y121.483
G0 X115.802 Y121.071
G0 X115.791 Y121.097
;TYPE:FILL
G1 F1157.3 X115.497 Y120.975 E883.17768
G1 X114.657 Y120.33 E883.22699
G1 X114.022 Y119.506 E883.27544
G1 X113.899 Y119.209 E883.2904
G1 X114.672 Y119.208 E883.3264
G1 X115.811 Y118.069 E883.4014
G1 X115.811 Y116.931 E883.45439
G1 X114.672 Y115.792 E883.5294
G1 X113.899 Y115.791 E883.56539
G1 X114.021 Y115.496 E883.58026
G1 X114.663 Y114.663 E883.62923
G1 X115.496 Y114.021 E883.6782
G1 X115.791 Y113.899 E883.69306
G1 X115.792 Y114.672 E883.72906
G1 X116.931 Y115.811 E883.80406
G1 X118.069 Y115.811 E883.85705
G1 X119.208 Y114.672 E883.93206
G1 X119.209 Y113.899 E883.96805
G1 X119.506 Y114.022 E883.98302
G1 X120.33 Y114.657 E884.03146
G1 X120.976 Y115.497 E884.0808
G1 X121.097 Y115.791 E884.09561
G1 X120.328 Y115.792 E884.13142
G1 X119.189 Y116.931 E884.20642
G1 X119.189 Y118.069 E884.25941
G1 X120.328 Y119.208 E884.33442
G1 X121.095 Y119.209 E884.37013
G1 X120.974 Y119.501 E884.38485
G1 X120.336 Y120.336 E884.43378
G1 X119.501 Y120.974 E884.48271
G1 X119.209 Y121.095 E884.49743
G1 X119.208 Y120.328 E884.53315
G1 X118.069 Y119.189 E884.60815
G1 X116.931 Y119.189 E884.66114
G1 X115.792 Y120.328 E884.73615
G1 X115.791 Y121.097 E884.77195
G0 F9000 X115.917 Y120.794
G1 F1500 E878.27195
;MESH:NONMESH
G0 F300 X115.917 Y120.794 Z27.44
G0 F9000 X117.5 Y113.033
G0 X117.357 Y111.95
G0 X117.358 Y103.051
G0 X117.5 Y101.967
G0 X117.5 Y101.483
G0 X117.499 Y101.79
;TIME_ELAPSED:1294.742548
;LAYER:97
;note -- min layer time used
;TYPE:WALL-INNER
;MESH:yc1hingeDubel.stl(1)
G1 F1500 E884.77195
G1 F1142.4 X118.615 Y101.643 E884.82437
G1 X119.642 Y101.219 E884.8761
G1 X120.535 Y100.535 E884.92848
G1 X121.219 Y99.642 E884.98086
G1 X121.643 Y98.615 E885.0326
G1 X121.789 Y97.501 E885.08491
G1 X121.643 Y96.381 E885.13751
G1 X121.219 Y95.355 E885.1892
G1 X120.531 Y94.46 E885.24177
G1 X119.645 Y93.777 E885.29386
G1 X118.615 Y93.353 E885.34572
G1 X117.499 Y93.207 E885.39813
G1 X116.381 Y93.353 E885.45063
G1 X115.356 Y93.776 E885.50226
G1 X114.464 Y94.464 E885.55472
G1 X113.777 Y95.356 E885.60715
G1 X113.353 Y96.381 E885.6588
G1 X113.206 Y97.501 E885.7114
G1 X113.353 Y98.615 E885.76372
G1 X113.777 Y99.645 E885.81558
G1 X114.46 Y100.531 E885.86767
G1 X115.355 Y101.219 E885.92024
G1 X116.381 Y101.643 E885.97193
G1 X117.499 Y101.79 E886.02444
G0 F9000 X117.499 Y102.194
;TYPE:WALL-OUTER
G1 F1142.4 X118.719 Y102.033 E886.08174
G1 X119.843 Y101.569 E886.13836
G1 X120.821 Y100.821 E886.1957
G1 X121.569 Y99.843 E886.25303
G1 X122.033 Y98.719 E886.30965
G1 X122.193 Y97.501 E886.36685
G1 X122.033 Y96.277 E886.42433
G1 X121.569 Y95.153 E886.48095
G1 X120.817 Y94.175 E886.5384
G1 X119.847 Y93.427 E886.59544
G1 X118.719 Y92.963 E886.65223
G1 X117.499 Y92.803 E886.70953
G1 X116.277 Y92.963 E886.76691
G1 X115.154 Y93.427 E886.82349
G1 X114.179 Y94.179 E886.88083
G1 X113.427 Y95.154 E886.93816
G1 X112.963 Y96.277 E886.99474
G1 X112.802 Y97.501 E887.05223
G1 X112.963 Y98.719 E887.10944
G1 X113.427 Y99.847 E887.16623
G1 X114.175 Y100.817 E887.22327
G1 X115.153 Y101.569 E887.28071
G1 X116.277 Y102.033 E887.33734
G1 X117.499 Y102.194 E887.39473
G0 F9000 X117.5 Y101.483
G0 X115.511 Y100.888
;TYPE:FILL
G1 F1142.4 X115.456 Y100.943 E887.39835
G1 X114.657 Y100.33 E887.44524
G1 X114.054 Y99.547 E887.49126
G1 X114.112 Y99.489 E887.49508
G1 X114.672 Y99.488 E887.52116
G1 X115.998 Y98.162 E887.60848
G1 X115.998 Y96.838 E887.67013
G1 X114.672 Y95.512 E887.75745
G1 X114.112 Y95.511 E887.78352
G1 X114.054 Y95.453 E887.78734
G1 X114.663 Y94.663 E887.83379
G1 X115.453 Y94.054 E887.88024
G1 X115.511 Y94.112 E887.88406
G1 X115.512 Y94.672 E887.91013
G1 X116.838 Y95.998 E887.99745
G1 X118.162 Y95.998 E888.0591
G1 X119.488 Y94.672 E888.14642
G1 X119.489 Y94.112 E888.1725
G1 X119.547 Y94.054 E888.17632
G1 X120.33 Y94.657 E888.22234
G1 X120.944 Y95.455 E888.26922
G1 X120.888 Y95.511 E888.27291
G1 X120.328 Y95.512 E888.29898
G1 X119.002 Y96.838 E888.3863
G1 X119.002 Y98.162 E888.44796
G1 X120.328 Y99.488 E888.53527
G1 X120.888 Y99.489 E888.56135
G1 X120.942 Y99.543 E888.56491
G1 X120.336 Y100.336 E888.61138
G1 X119.543 Y100.942 E888.65785
G1 X119.489 Y100.888 E888.66141
G1 X119.488 Y100.328 E888.68748
G1 X118.162 Y99.002 E888.7748
G1 X116.838 Y99.002 E888.83645
G1 X115.512 Y100.328 E888.92377
G1 X115.511 Y100.888 E888.94985
G0 F9000 X115.665 Y100.69
G1 F1500 E882.44985
;MESH:yc1hingeDubel.stl
G0 F9000 X116.346 Y101.815
G0 X116.204 Y102.9
G0 X117.357 Y111.95
G0 X117.5 Y113.033
G0 X117.5 Y121.483
G0 X117.499 Y121.79
;TYPE:WALL-INNER
G1 F1500 E888.94985
G1 F1142.4 X118.615 Y121.643 E889.00226
G1 X119.642 Y121.219 E889.054
G1 X120.535 Y120.535 E889.10638
G1 X121.219 Y119.642 E889.15876
G1 X121.643 Y118.615 E889.21049
G1 X121.789 Y117.501 E889.26281
G1 X121.643 Y116.381 E889.3154
G1 X121.219 Y115.355 E889.3671
G1 X120.531 Y114.46 E889.41966
G1 X119.645 Y113.777 E889.47175
G1 X118.615 Y113.353 E889.52362
G1 X117.499 Y113.207 E889.57603
G1 X116.381 Y113.353 E889.62853
G1 X115.356 Y113.776 E889.68016
G1 X114.464 Y114.464 E889.73262
G1 X113.777 Y115.356 E889.78504
G1 X113.353 Y116.381 E889.83669
G1 X113.206 Y117.501 E889.88929
G1 X113.353 Y118.615 E889.94161
G1 X113.777 Y119.645 E889.99348
G1 X114.46 Y120.531 E890.04557
G1 X115.355 Y121.219 E890.09814
G1 X116.381 Y121.643 E890.14983
G1 X117.499 Y121.79 E890.20234
G0 F9000 X117.499 Y122.194
;TYPE:WALL-OUTER
G1 F1142.4 X118.719 Y122.033 E890.25964
G1 X119.843 Y121.569 E890.31626
G1 X120.821 Y120.821 E890.37359
G1 X121.569 Y119.843 E890.43093
G1 X122.033 Y118.719 E890.48755
G1 X122.193 Y117.501 E890.54475
G1 X122.033 Y116.277 E890.60223
G1 X121.569 Y115.153 E890.65885
G1 X120.817 Y114.175 E890.7163
G1 X119.847 Y113.427 E890.77333
G1 X118.719 Y112.963 E890.83013
G1 X117.499 Y112.803 E890.88742
G1 X116.277 Y112.963 E890.94481
G1 X115.154 Y113.427 E891.00139
G1 X114.179 Y114.179 E891.05873
G1 X113.427 Y115.154 E891.11606
G1 X112.963 Y116.277 E891.17264
G1 X112.802 Y117.501 E891.23013
G1 X112.963 Y118.719 E891.28733
G1 X113.427 Y119.847 E891.34413
G1 X114.175 Y120.817 E891.40117
G1 X115.153 Y121.569 E891.45861
G1 X116.277 Y122.033 E891.51523
G1 X117.499 Y122.194 E891.57263
G0 F9000 X117.5 Y121.483
G0 X115.511 Y120.888
;TYPE:FILL
G1 F1142.4 X115.456 Y120.943 E891.57625
G1 X114.657 Y120.33 E891.62314
G1 X114.054 Y119.547 E891.66916
G1 X114.112 Y119.489 E891.67298
G1 X114.672 Y119.488 E891.69905
G1 X115.998 Y118.162 E891.78637
G1 X115.998 Y116.838 E891.84803
G1 X114.672 Y115.512 E891.93534
G1 X114.112 Y115.511 E891.96142
G1 X114.054 Y115.453 E891.96524
G1 X114.663 Y114.663 E892.01169
G1 X115.453 Y114.054 E892.05813
G1 X115.511 Y114.112 E892.06195
G1 X115.512 Y114.672 E892.08803
G1 X116.838 Y115.998 E892.17535
G1 X118.162 Y115.998 E892.237
G1 X119.488 Y114.672 E892.32432
G1 X119.489 Y114.112 E892.3504
G1 X119.547 Y114.054 E892.35421
G1 X120.33 Y114.657 E892.40023
G1 X120.944 Y115.455 E892.44712
G1 X120.888 Y115.511 E892.45081
G1 X120.328 Y115.512 E892.47688
G1 X119.002 Y116.838 E892.5642
G1 X119.002 Y118.162 E892.62585
G1 X120.328 Y119.488 E892.71317
G1 X120.888 Y119.489 E892.73925
G1 X120.942 Y119.543 E892.7428
G1 X120.336 Y120.336 E892.78928
G1 X119.543 Y120.942 E892.83575
G1 X119.489 Y120.888 E892.83931
G1 X119.488 Y120.328 E892.86538
G1 X118.162 Y119.002 E892.9527
G1 X116.838 Y119.002 E893.01435
G1 X115.512 Y120.328 E893.10167
G1 X115.511 Y120.888 E893.12775
G0 F9000 X115.665 Y120.69
G1 F1500 E886.62775
;MESH:NONMESH
G0 F300 X115.665 Y120.69 Z27.72
G0 F9000 X117.5 Y113.033
G0 X117.357 Y111.95
G0 X117.358 Y103.051
G0 X117.5 Y101.967
G0 X117.5 Y101.483
G0 X117.499 Y101.79
;TIME_ELAPSED:1307.262347
;LAYER:98
;note -- min layer time used
;TYPE:WALL-INNER
;MESH:yc1hingeDubel.stl(1)
G1 F1500 E893.12775
G1 F1124.3 X118.615 Y101.643 E893.18016
G1 X119.642 Y101.219 E893.2319
G1 X120.535 Y100.535 E893.28428
G1 X121.219 Y99.642 E893.33665
G1 X121.643 Y98.615 E893.38839
G1 X121.789 Y97.501 E893.44071
G1 X121.643 Y96.381 E893.4933
G1 X121.219 Y95.355 E893.54499
G1 X120.531 Y94.46 E893.59756
G1 X119.645 Y93.777 E893.64965
G1 X118.615 Y93.353 E893.70152
G1 X117.499 Y93.207 E893.75392
G1 X116.381 Y93.353 E893.80643
G1 X115.356 Y93.776 E893.85806
G1 X114.464 Y94.464 E893.91051
G1 X113.777 Y95.356 E893.96294
G1 X113.353 Y96.381 E894.01459
G1 X113.206 Y97.501 E894.06719
G1 X113.353 Y98.615 E894.11951
G1 X113.777 Y99.645 E894.17138
G1 X114.46 Y100.531 E894.22347
G1 X115.355 Y101.219 E894.27603
G1 X116.381 Y101.643 E894.32773
G1 X117.499 Y101.79 E894.38023
G0 F9000 X117.499 Y102.194
;TYPE:WALL-OUTER
G1 F1124.3 X118.719 Y102.033 E894.43753
G1 X119.843 Y101.569 E894.49416
G1 X120.821 Y100.821 E894.55149
G1 X121.569 Y99.843 E894.60882
G1 X122.033 Y98.719 E894.66544
G1 X122.193 Y97.501 E894.72265
G1 X122.033 Y96.277 E894.78013
G1 X121.569 Y95.153 E894.83675
G1 X120.817 Y94.175 E894.89419
G1 X119.847 Y93.427 E894.95123
G1 X118.719 Y92.963 E895.00803
G1 X117.499 Y92.803 E895.06532
G1 X116.277 Y92.963 E895.12271
G1 X115.154 Y93.427 E895.17929
G1 X114.179 Y94.179 E895.23662
G1 X113.427 Y95.154 E895.29396
G1 X112.963 Y96.277 E895.35054
G1 X112.802 Y97.501 E895.40802
G1 X112.963 Y98.719 E895.46523
G1 X113.427 Y99.847 E895.52202
G1 X114.175 Y100.817 E895.57906
G1 X115.153 Y101.569 E895.63651
G1 X116.277 Y102.033 E895.69313
G1 X117.499 Y102.194 E895.75052
G0 F9000 X117.5 Y101.483
G0 X115.231 Y100.701
;TYPE:FILL
G1 F1124.3 X115.192 Y100.74 E895.75309
G1 X114.657 Y100.33 E895.78448
G1 X114.257 Y99.811 E895.81499
G1 X114.299 Y99.769 E895.81775
G1 X114.672 Y99.768 E895.83512
G1 X116.184 Y98.256 E895.93469
G1 X116.184 Y96.744 E896.0051
G1 X114.672 Y95.232 E896.10466
G1 X114.299 Y95.231 E896.12203
G1 X114.257 Y95.189 E896.1248
G1 X114.663 Y94.663 E896.15574
G1 X115.189 Y94.257 E896.18668
G1 X115.231 Y94.299 E896.18944
G1 X115.232 Y94.672 E896.20681
G1 X116.744 Y96.184 E896.30638
G1 X118.256 Y96.184 E896.37679
G1 X119.768 Y94.672 E896.47635
G1 X119.769 Y94.299 E896.49372
G1 X119.811 Y94.257 E896.49649
G1 X120.33 Y94.657 E896.527
G1 X120.741 Y95.191 E896.55838
G1 X120.701 Y95.231 E896.56101
G1 X120.328 Y95.232 E896.57838
G1 X118.816 Y96.744 E896.67795
G1 X118.816 Y98.256 E896.74835
G1 X120.328 Y99.768 E896.84792
G1 X120.701 Y99.769 E896.86529
G1 X120.74 Y99.808 E896.86786
G1 X120.336 Y100.336 E896.89881
G1 X119.808 Y100.74 E896.92977
G1 X119.769 Y100.701 E896.93234
G1 X119.768 Y100.328 E896.94971
G1 X118.256 Y98.816 E897.04928
G1 X116.744 Y98.816 E897.11968
G1 X115.232 Y100.328 E897.21925
G1 X115.231 Y100.701 E897.23662
G0 F9000 X115.397 Y100.485
G1 F1500 E890.73662
;MESH:yc1hingeDubel.stl
G0 F9000 X116.346 Y101.815
G0 X116.204 Y102.9
G0 X117.357 Y111.95
G0 X117.5 Y113.033
G0 X117.5 Y121.483
G0 X117.499 Y121.79
;TYPE:WALL-INNER
G1 F1500 E897.23662
G1 F1124.3 X118.615 Y121.643 E897.28903
G1 X119.642 Y121.219 E897.34077
G1 X120.535 Y120.535 E897.39315
G1 X121.219 Y119.642 E897.44552
G1 X121.643 Y118.615 E897.49726
G1 X121.789 Y117.501 E897.54958
G1 X121.643 Y116.381 E897.60217
G1 X121.219 Y115.355 E897.65386
G1 X120.531 Y114.46 E897.70643
G1 X119.645 Y113.777 E897.75852
G1 X118.615 Y113.353 E897.81039
G1 X117.499 Y113.207 E897.86279
G1 X116.381 Y113.353 E897.9153
G1 X115.356 Y113.776 E897.96693
G1 X114.464 Y114.464 E898.01938
G1 X113.777 Y115.356 E898.07181
G1 X113.353 Y116.381 E898.12346
G1 X113.206 Y117.501 E898.17606
G1 X113.353 Y118.615 E898.22838
G1 X113.777 Y119.645 E898.28025
G1 X114.46 Y120.531 E898.33234
G1 X115.355 Y121.219 E898.3849
G1 X116.381 Y121.643 E898.4366
G1 X117.499 Y121.79 E898.4891
G0 F9000 X117.499 Y122.194
;TYPE:WALL-OUTER
G1 F1124.3 X118.719 Y122.033 E898.5464
G1 X119.843 Y121.569 E898.60303
G1 X120.821 Y120.821 E898.66036
G1 X121.569 Y119.843 E898.71769
G1 X122.033 Y118.719 E898.77431
G1 X122.193 Y117.501 E898.83152
G1 X122.033 Y116.277 E898.889
G1 X121.569 Y115.153 E898.94562
G1 X120.817 Y114.175 E899.00306
G1 X119.847 Y113.427 E899.0601
G1 X118.719 Y112.963 E899.1169
G1 X117.499 Y112.803 E899.17419
G1 X116.277 Y112.963 E899.23158
G1 X115.154 Y113.427 E899.28816
G1 X114.179 Y114.179 E899.34549
G1 X113.427 Y115.154 E899.40283
G1 X112.963 Y116.277 E899.45941
G1 X112.802 Y117.501 E899.51689
G1 X112.963 Y118.719 E899.5741
G1 X113.427 Y119.847 E899.63089
G1 X114.175 Y120.817 E899.68793
G1 X115.153 Y121.569 E899.74538
G1 X116.277 Y122.033 E899.802
G1 X117.499 Y122.194 E899.85939
G0 F9000 X117.5 Y121.483
G0 X115.231 Y120.701
;TYPE:FILL
G1 F1124.3 X115.192 Y120.74 E899.86196
G1 X114.657 Y120.33 E899.89335
G1 X114.257 Y119.811 E899.92386
G1 X114.299 Y119.769 E899.92662
G1 X114.672 Y119.768 E899.94399
G1 X116.184 Y118.256 E900.04356
G1 X116.184 Y116.744 E900.11397
G1 X114.672 Y115.232 E900.21353
G1 X114.299 Y115.231 E900.2309
G1 X114.257 Y115.189 E900.23367
G1 X114.663 Y114.663 E900.26461
G1 X115.189 Y114.257 E900.29555
G1 X115.231 Y114.299 E900.29831
G1 X115.232 Y114.672 E900.31568
G1 X116.744 Y116.184 E900.41525
G1 X118.256 Y116.184 E900.48566
G1 X119.768 Y114.672 E900.58522
G1 X119.769 Y114.299 E900.60259
G1 X119.811 Y114.257 E900.60536
G1 X120.33 Y114.657 E900.63587
G1 X120.741 Y115.191 E900.66725
G1 X120.701 Y115.231 E900.66988
G1 X120.328 Y115.232 E900.68725
G1 X118.816 Y116.744 E900.78682
G1 X118.816 Y118.256 E900.85722
G1 X120.328 Y119.768 E900.95679
G1 X120.701 Y119.769 E900.97416
G1 X120.74 Y119.808 E900.97673
G1 X120.336 Y120.336 E901.00768
G1 X119.808 Y120.74 E901.03864
G1 X119.769 Y120.701 E901.04121
G1 X119.768 Y120.328 E901.05858
G1 X118.256 Y118.816 E901.15815
G1 X116.744 Y118.816 E901.22855
G1 X115.232 Y120.328 E901.32812
G1 X115.231 Y120.701 E901.34549
G0 F9000 X115.397 Y120.485
G1 F1500 E894.84549
;MESH:NONMESH
G0 F300 X115.397 Y120.485 Z28
G0 F9000 X117.5 Y113.033
G0 X117.357 Y111.95
G0 X117.358 Y103.051
G0 X117.5 Y101.967
G0 X117.5 Y101.483
G0 X117.499 Y101.79
;TIME_ELAPSED:1319.792676
;LAYER:99
;note -- min layer time used
;TYPE:WALL-INNER
;MESH:yc1hingeDubel.stl(1)
G1 F1500 E901.34549
G1 F1105.3 X118.615 Y101.643 E901.3979
G1 X119.642 Y101.219 E901.44964
G1 X120.535 Y100.535 E901.50202
G1 X121.219 Y99.642 E901.55439
G1 X121.643 Y98.615 E901.60613
G1 X121.789 Y97.501 E901.65845
G1 X121.643 Y96.381 E901.71104
G1 X121.219 Y95.355 E901.76273
G1 X120.531 Y94.46 E901.8153
G1 X119.645 Y93.777 E901.86739
G1 X118.615 Y93.353 E901.91926
G1 X117.499 Y93.207 E901.97166
G1 X116.381 Y93.353 E902.02417
G1 X115.356 Y93.776 E902.0758
G1 X114.464 Y94.464 E902.12825
G1 X113.777 Y95.356 E902.18068
G1 X113.353 Y96.381 E902.23233
G1 X113.206 Y97.501 E902.28493
G1 X113.353 Y98.615 E902.33725
G1 X113.777 Y99.645 E902.38912
G1 X114.46 Y100.531 E902.44121
G1 X115.355 Y101.219 E902.49377
G1 X116.381 Y101.643 E902.54547
G1 X117.499 Y101.79 E902.59797
G0 F9000 X117.499 Y102.194
;TYPE:WALL-OUTER
G1 F1105.3 X118.719 Y102.033 E902.65527
G1 X119.843 Y101.569 E902.7119
G1 X120.821 Y100.821 E902.76923
G1 X121.569 Y99.843 E902.82656
G1 X122.033 Y98.719 E902.88318
G1 X122.193 Y97.501 E902.94039
G1 X122.033 Y96.277 E902.99787
G1 X121.569 Y95.153 E903.05449
G1 X120.817 Y94.175 E903.11193
G1 X119.847 Y93.427 E903.16897
G1 X118.719 Y92.963 E903.22577
G1 X117.499 Y92.803 E903.28306
G1 X116.277 Y92.963 E903.34045
G1 X115.154 Y93.427 E903.39703
G1 X114.179 Y94.179 E903.45436
G1 X113.427 Y95.154 E903.5117
G1 X112.963 Y96.277 E903.56828
G1 X112.802 Y97.501 E903.62576
G1 X112.963 Y98.719 E903.68297
G1 X113.427 Y99.847 E903.73976
G1 X114.175 Y100.817 E903.7968
G1 X115.153 Y101.569 E903.85425
G1 X116.277 Y102.033 E903.91087
G1 X117.499 Y102.194 E903.96826
G0 F9000 X117.5 Y101.483
G0 X114.944 Y100.516
G0 X114.927 Y100.538
;TYPE:FILL
G1 F1105.3 X114.657 Y100.33 E903.98413
G1 X114.46 Y100.075 E903.99914
G1 X114.672 Y100.048 E904.00909
G1 X116.371 Y98.349 E904.12097
G1 X116.371 Y96.651 E904.20004
G1 X114.672 Y94.952 E904.31192
G1 X114.461 Y94.926 E904.32182
G1 X114.663 Y94.663 E904.33726
G1 X114.926 Y94.461 E904.3527
G1 X114.952 Y94.672 E904.3626
G1 X116.651 Y96.371 E904.47448
G1 X118.349 Y96.371 E904.55355
G1 X120.048 Y94.672 E904.66543
G1 X120.075 Y94.46 E904.67538
G1 X120.33 Y94.657 E904.69039
G1 X120.538 Y94.927 E904.70626
G1 X120.328 Y94.952 E904.71611
G1 X118.629 Y96.651 E904.82799
G1 X118.629 Y98.349 E904.90705
G1 X120.328 Y100.048 E905.01894
G1 X120.537 Y100.072 E905.02873
G1 X120.336 Y100.336 E905.04418
G1 X120.072 Y100.537 E905.05963
G1 X120.048 Y100.328 E905.06943
G1 X118.349 Y98.629 E905.18131
G1 X116.651 Y98.629 E905.26038
G1 X114.952 Y100.328 E905.37226
G1 X114.927 Y100.538 E905.38211
G0 F9000 X115.127 Y100.278
G1 F1500 E898.88211
;MESH:yc1hingeDubel.stl
G0 F9000 X116.346 Y101.815
G0 X116.204 Y102.9
G0 X117.357 Y111.95
G0 X117.5 Y113.033
G0 X117.5 Y121.483
G0 X117.499 Y121.79
;TYPE:WALL-INNER
G1 F1500 E905.38211
G1 F1105.3 X118.615 Y121.643 E905.43452
G1 X119.642 Y121.219 E905.48626
G1 X120.535 Y120.535 E905.53863
G1 X121.219 Y119.642 E905.59101
G1 X121.643 Y118.615 E905.64275
G1 X121.789 Y117.501 E905.69507
G1 X121.643 Y116.381 E905.74766
G1 X121.219 Y115.355 E905.79935
G1 X120.531 Y114.46 E905.85192
G1 X119.645 Y113.777 E905.90401
G1 X118.615 Y113.353 E905.95587
G1 X117.499 Y113.207 E906.00828
G1 X116.381 Y113.353 E906.06078
G1 X115.356 Y113.776 E906.11242
G1 X114.464 Y114.464 E906.16487
G1 X113.777 Y115.356 E906.2173
G1 X113.353 Y116.381 E906.26895
G1 X113.206 Y117.501 E906.32155
G1 X113.353 Y118.615 E906.37387
G1 X113.777 Y119.645 E906.42574
G1 X114.46 Y120.531 E906.47783
G1 X115.355 Y121.219 E906.53039
G1 X116.381 Y121.643 E906.58209
G1 X117.499 Y121.79 E906.63459
G0 F9000 X117.499 Y122.194
;TYPE:WALL-OUTER
G1 F1105.3 X118.719 Y122.033 E906.69189
G1 X119.843 Y121.569 E906.74852
G1 X120.821 Y120.821 E906.80585
G1 X121.569 Y119.843 E906.86318
G1 X122.033 Y118.719 E906.9198
G1 X122.193 Y117.501 E906.97701
G1 X122.033 Y116.277 E907.03449
G1 X121.569 Y115.153 E907.09111
G1 X120.817 Y114.175 E907.14855
G1 X119.847 Y113.427 E907.20559
G1 X118.719 Y112.963 E907.26238
G1 X117.499 Y112.803 E907.31968
G1 X116.277 Y112.963 E907.37707
G1 X115.154 Y113.427 E907.43365
G1 X114.179 Y114.179 E907.49098
G1 X113.427 Y115.154 E907.54832
G1 X112.963 Y116.277 E907.6049
G1 X112.802 Y117.501 E907.66238
G1 X112.963 Y118.719 E907.71959
G1 X113.427 Y119.847 E907.77638
G1 X114.175 Y120.817 E907.83342
G1 X115.153 Y121.569 E907.89087
G1 X116.277 Y122.033 E907.94749
G1 X117.499 Y122.194 E908.00488
G0 F9000 X117.5 Y121.483
G0 X114.944 Y120.516
G0 X114.927 Y120.538
;TYPE:FILL
G1 F1105.3 X114.657 Y120.33 E908.02075
G1 X114.46 Y120.075 E908.03576
G1 X114.672 Y120.048 E908.04571
G1 X116.371 Y118.349 E908.15759
G1 X116.371 Y116.651 E908.23666
G1 X114.672 Y114.952 E908.34854
G1 X114.461 Y114.926 E908.35844
G1 X114.663 Y114.663 E908.37388
G1 X114.926 Y114.461 E908.38932
G1 X114.952 Y114.672 E908.39922
G1 X116.651 Y116.371 E908.5111
G1 X118.349 Y116.371 E908.59017
G1 X120.048 Y114.672 E908.70205
G1 X120.075 Y114.46 E908.712
G1 X120.33 Y114.657 E908.72701
G1 X120.538 Y114.927 E908.74288
G1 X120.328 Y114.952 E908.75272
G1 X118.629 Y116.651 E908.86461
G1 X118.629 Y118.349 E908.94367
G1 X120.328 Y120.048 E909.05555
G1 X120.537 Y120.072 E909.06535
G1 X120.336 Y120.336 E909.0808
G1 X120.072 Y120.537 E909.09625
G1 X120.048 Y120.328 E909.10605
G1 X118.349 Y118.629 E909.21793
G1 X116.651 Y118.629 E909.29699
G1 X114.952 Y120.328 E909.40888
G1 X114.927 Y120.538 E909.41872
G0 F9000 X115.127 Y120.278
G1 F1500 E902.91872
;MESH:NONMESH
G0 F300 X115.127 Y120.278 Z28.28
G0 F9000 X117.5 Y113.033
G0 X117.357 Y111.95
G0 X117.358 Y103.051
G0 X117.5 Y101.967
G0 X117.5 Y101.483
G0 X117.499 Y101.79
;TIME_ELAPSED:1332.359968
;LAYER:100
;note -- min layer time used
;TYPE:WALL-INNER
;MESH:yc1hingeDubel.stl(1)
G1 F1500 E909.41872
G1 F1092.6 X118.615 Y101.643 E909.47114
G1 X119.642 Y101.219 E909.52288
G1 X120.535 Y100.535 E909.57525
G1 X121.219 Y99.642 E909.62763
G1 X121.643 Y98.615 E909.67937
G1 X121.789 Y97.501 E909.73168
G1 X121.643 Y96.381 E909.78428
G1 X121.219 Y95.355 E909.83597
G1 X120.531 Y94.46 E909.88854
G1 X119.645 Y93.777 E909.94063
G1 X118.615 Y93.353 E909.99249
G1 X117.499 Y93.207 E910.0449
G1 X116.381 Y93.353 E910.0974
G1 X115.356 Y93.776 E910.14904
G1 X114.464 Y94.464 E910.20149
G1 X113.777 Y95.356 E910.25392
G1 X113.353 Y96.381 E910.30557
G1 X113.206 Y97.501 E910.35817
G1 X113.353 Y98.615 E910.41049
G1 X113.777 Y99.645 E910.46235
G1 X114.46 Y100.531 E910.51445
G1 X115.355 Y101.219 E910.56701
G1 X116.381 Y101.643 E910.6187
G1 X117.499 Y101.79 E910.67121
G0 F9000 X117.499 Y102.194
;TYPE:WALL-OUTER
G1 F1092.6 X118.719 Y102.033 E910.72851
G1 X119.843 Y101.569 E910.78513
G1 X120.821 Y100.821 E910.84247
G1 X121.569 Y99.843 E910.8998
G1 X122.033 Y98.719 E910.95642
G1 X122.193 Y97.501 E911.01362
G1 X122.033 Y96.277 E911.0711
G1 X121.569 Y95.153 E911.12773
G1 X120.817 Y94.175 E911.18517
G1 X119.847 Y93.427 E911.24221
G1 X118.719 Y92.963 E911.299
G1 X117.499 Y92.803 E911.3563
G1 X116.277 Y92.963 E911.41369
G1 X115.154 Y93.427 E911.47026
G1 X114.179 Y94.179 E911.5276
G1 X113.427 Y95.154 E911.58493
G1 X112.963 Y96.277 E911.64151
G1 X112.802 Y97.501 E911.699
G1 X112.963 Y98.719 E911.75621
G1 X113.427 Y99.847 E911.813
G1 X114.175 Y100.817 E911.87004
G1 X115.153 Y101.569 E911.92749
G1 X116.277 Y102.033 E911.98411
G1 X117.499 Y102.194 E912.0415
G0 F9000 X117.5 Y101.483
G0 X114.825 Y100.425
G0 X114.808 Y100.446
G0 X114.872 Y100.328
;TYPE:FILL
G1 F1092.6 X114.808 Y100.446 E912.04775
G1 X114.552 Y100.194 E912.06448
G1 X114.672 Y100.128 E912.07086
G1 X116.424 Y98.376 E912.18623
G1 X116.424 Y96.624 E912.26781
G1 X114.672 Y94.872 E912.38318
G1 X114.552 Y94.806 E912.38956
G1 X114.806 Y94.552 E912.40628
G1 X114.872 Y94.672 E912.41266
G1 X116.624 Y96.424 E912.52803
G1 X118.376 Y96.424 E912.60961
G1 X120.128 Y94.672 E912.72499
G1 X120.194 Y94.552 E912.73136
G1 X120.446 Y94.808 E912.74809
G1 X120.328 Y94.872 E912.75434
G1 X118.576 Y96.624 E912.86971
G1 X118.576 Y98.376 E912.95129
G1 X120.328 Y100.128 E913.06667
G1 X120.446 Y100.192 E913.07292
G1 X120.192 Y100.446 E913.08964
G1 X120.128 Y100.328 E913.09589
G1 X118.376 Y98.576 E913.21127
G1 X116.624 Y98.576 E913.29285
G1 X114.872 Y100.328 E913.40822
G0 F9000 X114.992 Y100.174
G1 F1500 E906.90822
;MESH:yc1hingeDubel.stl
G0 F9000 X116.346 Y101.815
G0 X116.204 Y102.9
G0 X117.357 Y111.95
G0 X117.5 Y113.033
G0 X117.5 Y121.483
G0 X117.499 Y121.79
;TYPE:WALL-INNER
G1 F1500 E913.40822
G1 F1092.6 X118.615 Y121.643 E913.46063
G1 X119.642 Y121.219 E913.51237
G1 X120.535 Y120.535 E913.56475
G1 X121.219 Y119.642 E913.61713
G1 X121.643 Y118.615 E913.66886
G1 X121.789 Y117.501 E913.72118
G1 X121.643 Y116.381 E913.77377
G1 X121.219 Y115.355 E913.82546
G1 X120.531 Y114.46 E913.87803
G1 X119.645 Y113.777 E913.93012
G1 X118.615 Y113.353 E913.98199
G1 X117.499 Y113.207 E914.0344
G1 X116.381 Y113.353 E914.0869
G1 X115.356 Y113.776 E914.13853
G1 X114.464 Y114.464 E914.19098
G1 X113.777 Y115.356 E914.24341
G1 X113.353 Y116.381 E914.29506
G1 X113.206 Y117.501 E914.34766
G1 X113.353 Y118.615 E914.39998
G1 X113.777 Y119.645 E914.45185
G1 X114.46 Y120.531 E914.50394
G1 X115.355 Y121.219 E914.5565
G1 X116.381 Y121.643 E914.6082
G1 X117.499 Y121.79 E914.6607
G0 F9000 X117.499 Y122.194
;TYPE:WALL-OUTER
G1 F1092.6 X118.719 Y122.033 E914.71801
G1 X119.843 Y121.569 E914.77463
G1 X120.821 Y120.821 E914.83196
G1 X121.569 Y119.843 E914.88929
G1 X122.033 Y118.719 E914.94592
G1 X122.193 Y117.501 E915.00312
G1 X122.033 Y116.277 E915.0606
G1 X121.569 Y115.153 E915.11722
G1 X120.817 Y114.175 E915.17467
G1 X119.847 Y113.427 E915.2317
G1 X118.719 Y112.963 E915.2885
G1 X117.499 Y112.803 E915.34579
G1 X116.277 Y112.963 E915.40318
G1 X115.154 Y113.427 E915.45976
G1 X114.179 Y114.179 E915.51709
G1 X113.427 Y115.154 E915.57443
G1 X112.963 Y116.277 E915.63101
G1 X112.802 Y117.501 E915.68849
G1 X112.963 Y118.719 E915.7457
G1 X113.427 Y119.847 E915.8025
G1 X114.175 Y120.817 E915.85953
G1 X115.153 Y121.569 E915.91698
G1 X116.277 Y122.033 E915.9736
G1 X117.499 Y122.194 E916.03099
G0 F9000 X117.5 Y121.483
G0 X114.825 Y120.425
G0 X114.808 Y120.446
G0 X114.872 Y120.328
;TYPE:FILL
G1 F1092.6 X114.808 Y120.446 E916.03724
G1 X114.552 Y120.194 E916.05397
G1 X114.672 Y120.128 E916.06035
G1 X116.424 Y118.376 E916.17572
G1 X116.424 Y116.624 E916.2573
G1 X114.672 Y114.872 E916.37267
G1 X114.552 Y114.806 E916.37905
G1 X114.806 Y114.552 E916.39578
G1 X114.872 Y114.672 E916.40215
G1 X116.624 Y116.424 E916.51753
G1 X118.376 Y116.424 E916.59911
G1 X120.128 Y114.672 E916.71448
G1 X120.194 Y114.552 E916.72086
G1 X120.446 Y114.808 E916.73758
G1 X120.328 Y114.872 E916.74383
G1 X118.576 Y116.624 E916.85921
G1 X118.576 Y118.376 E916.94079
G1 X120.328 Y120.128 E917.05616
G1 X120.446 Y120.192 E917.06241
G1 X120.192 Y120.446 E917.07914
G1 X120.128 Y120.328 E917.08539
G1 X118.376 Y118.576 E917.20076
G1 X116.624 Y118.576 E917.28234
G1 X114.872 Y120.328 E917.39771
G0 F9000 X114.992 Y120.174
G1 F1500 E910.89771
;MESH:NONMESH
G0 F300 X114.992 Y120.174 Z28.56
G0 F9000 X116.347 Y113.185
G0 X116.204 Y112.101
G0 X117.358 Y103.051
G0 X117.5 Y101.967
G0 X117.5 Y101.483
G0 X117.499 Y101.79
;TIME_ELAPSED:1344.904574
;LAYER:101
;note -- min layer time used
;TYPE:WALL-INNER
;MESH:yc1hingeDubel.stl(1)
G1 F1500 E917.39771
G1 F1105.1 X118.615 Y101.643 E917.45013
G1 X119.642 Y101.219 E917.50186
G1 X120.535 Y100.535 E917.55424
G1 X121.219 Y99.642 E917.60662
G1 X121.643 Y98.615 E917.65836
G1 X121.789 Y97.501 E917.71067
G1 X121.643 Y96.381 E917.76326
G1 X121.219 Y95.355 E917.81496
G1 X120.531 Y94.46 E917.86752
G1 X119.645 Y93.777 E917.91961
G1 X118.615 Y93.353 E917.97148
G1 X117.499 Y93.207 E918.02389
G1 X116.381 Y93.353 E918.07639
G1 X115.356 Y93.776 E918.12802
G1 X114.464 Y94.464 E918.18048
G1 X113.777 Y95.356 E918.2329
G1 X113.353 Y96.381 E918.28455
G1 X113.206 Y97.501 E918.33715
G1 X113.353 Y98.615 E918.38948
G1 X113.777 Y99.645 E918.44134
G1 X114.46 Y100.531 E918.49343
G1 X115.355 Y101.219 E918.546
G1 X116.381 Y101.643 E918.59769
G1 X117.499 Y101.79 E918.6502
G0 F9000 X117.499 Y102.194
;TYPE:WALL-OUTER
G1 F1105.1 X118.719 Y102.033 E918.7075
G1 X119.843 Y101.569 E918.76412
G1 X120.821 Y100.821 E918.82145
G1 X121.569 Y99.843 E918.87879
G1 X122.033 Y98.719 E918.93541
G1 X122.193 Y97.501 E918.99261
G1 X122.033 Y96.277 E919.05009
G1 X121.569 Y95.153 E919.10671
G1 X120.817 Y94.175 E919.16416
G1 X119.847 Y93.427 E919.2212
G1 X118.719 Y92.963 E919.27799
G1 X117.499 Y92.803 E919.33528
G1 X116.277 Y92.963 E919.39267
G1 X115.154 Y93.427 E919.44925
G1 X114.179 Y94.179 E919.50659
G1 X113.427 Y95.154 E919.56392
G1 X112.963 Y96.277 E919.6205
G1 X112.802 Y97.501 E919.67799
G1 X112.963 Y98.719 E919.73519
G1 X113.427 Y99.847 E919.79199
G1 X114.175 Y100.817 E919.84903
G1 X115.153 Y101.569 E919.90647
G1 X116.277 Y102.033 E919.96309
G1 X117.499 Y102.194 E920.02049
G0 F9000 X117.5 Y101.483
G0 X114.944 Y100.516
G0 X114.927 Y100.538
;TYPE:FILL
G1 F1105.1 X114.657 Y100.33 E920.03636
G1 X114.46 Y100.075 E920.05136
G1 X114.672 Y100.048 E920.06131
G1 X116.371 Y98.349 E920.1732
G1 X116.371 Y96.651 E920.25226
G1 X114.672 Y94.952 E920.36414
G1 X114.461 Y94.926 E920.37404
G1 X114.663 Y94.663 E920.38948
G1 X114.926 Y94.461 E920.40493
G1 X114.952 Y94.672 E920.41483
G1 X116.651 Y96.371 E920.52671
G1 X118.349 Y96.371 E920.60577
G1 X120.048 Y94.672 E920.71766
G1 X120.075 Y94.46 E920.72761
G1 X120.33 Y94.657 E920.74261
G1 X120.538 Y94.927 E920.75848
G1 X120.328 Y94.952 E920.76833
G1 X118.629 Y96.651 E920.88021
G1 X118.629 Y98.349 E920.95928
G1 X120.328 Y100.048 E921.07116
G1 X120.537 Y100.072 E921.08096
G1 X120.336 Y100.336 E921.09641
G1 X120.072 Y100.537 E921.11186
G1 X120.048 Y100.328 E921.12165
G1 X118.349 Y98.629 E921.23353
G1 X116.651 Y98.629 E921.3126
G1 X114.952 Y100.328 E921.42448
G1 X114.927 Y100.538 E921.43433
G0 F9000 X115.127 Y100.278
G1 F1500 E914.93433
;MESH:yc1hingeDubel.stl
G0 F9000 X116.346 Y101.815
G0 X116.204 Y102.9
G0 X117.357 Y111.95
G0 X117.5 Y113.033
G0 X117.5 Y121.483
G0 X117.499 Y121.79
;TYPE:WALL-INNER
G1 F1500 E921.43433
G1 F1105.1 X118.615 Y121.643 E921.48674
G1 X119.642 Y121.219 E921.53848
G1 X120.535 Y120.535 E921.59086
G1 X121.219 Y119.642 E921.64324
G1 X121.643 Y118.615 E921.69497
G1 X121.789 Y117.501 E921.74729
G1 X121.643 Y116.381 E921.79988
G1 X121.219 Y115.355 E921.85158
G1 X120.531 Y114.46 E921.90414
G1 X119.645 Y113.777 E921.95623
G1 X118.615 Y113.353 E922.0081
G1 X117.499 Y113.207 E922.06051
G1 X116.381 Y113.353 E922.11301
G1 X115.356 Y113.776 E922.16464
G1 X114.464 Y114.464 E922.2171
G1 X113.777 Y115.356 E922.26952
G1 X113.353 Y116.381 E922.32117
G1 X113.206 Y117.501 E922.37377
G1 X113.353 Y118.615 E922.42609
G1 X113.777 Y119.645 E922.47796
G1 X114.46 Y120.531 E922.53005
G1 X115.355 Y121.219 E922.58262
G1 X116.381 Y121.643 E922.63431
G1 X117.499 Y121.79 E922.68682
G0 F9000 X117.499 Y122.194
;TYPE:WALL-OUTER
G1 F1105.1 X118.719 Y122.033 E922.74412
G1 X119.843 Y121.569 E922.80074
G1 X120.821 Y120.821 E922.85807
G1 X121.569 Y119.843 E922.91541
G1 X122.033 Y118.719 E922.97203
G1 X122.193 Y117.501 E923.02923
G1 X122.033 Y116.277 E923.08671
G1 X121.569 Y115.153 E923.14333
G1 X120.817 Y114.175 E923.20078
G1 X119.847 Y113.427 E923.25781
G1 X118.719 Y112.963 E923.31461
G1 X117.499 Y112.803 E923.3719
G1 X116.277 Y112.963 E923.42929
G1 X115.154 Y113.427 E923.48587
G1 X114.179 Y114.179 E923.54321
G1 X113.427 Y115.154 E923.60054
G1 X112.963 Y116.277 E923.65712
G1 X112.802 Y117.501 E923.71461
G1 X112.963 Y118.719 E923.77181
G1 X113.427 Y119.847 E923.82861
G1 X114.175 Y120.817 E923.88565
G1 X115.153 Y121.569 E923.94309
G1 X116.277 Y122.033 E923.99971
G1 X117.499 Y122.194 E924.05711
G0 F9000 X117.5 Y121.483
G0 X114.944 Y120.516
G0 X114.927 Y120.538
;TYPE:FILL
G1 F1105.1 X114.657 Y120.33 E924.07298
G1 X114.46 Y120.075 E924.08798
G1 X114.672 Y120.048 E924.09793
G1 X116.371 Y118.349 E924.20981
G1 X116.371 Y116.651 E924.28888
G1 X114.672 Y114.952 E924.40076
G1 X114.461 Y114.926 E924.41066
G1 X114.663 Y114.663 E924.4261
G1 X114.926 Y114.461 E924.44155
G1 X114.952 Y114.672 E924.45144
G1 X116.651 Y116.371 E924.56333
G1 X118.349 Y116.371 E924.64239
G1 X120.048 Y114.672 E924.75427
G1 X120.075 Y114.46 E924.76423
G1 X120.33 Y114.657 E924.77923
G1 X120.538 Y114.927 E924.7951
G1 X120.328 Y114.952 E924.80495
G1 X118.629 Y116.651 E924.91683
G1 X118.629 Y118.349 E924.9959
G1 X120.328 Y120.048 E925.10778
G1 X120.537 Y120.072 E925.11757
G1 X120.336 Y120.336 E925.13303
G1 X120.072 Y120.537 E925.14848
G1 X120.048 Y120.328 E925.15827
G1 X118.349 Y118.629 E925.27015
G1 X116.651 Y118.629 E925.34922
G1 X114.952 Y120.328 E925.4611
G1 X114.927 Y120.538 E925.47095
G0 F9000 X115.127 Y120.278
G1 F1500 E918.97095
;MESH:NONMESH
G0 F300 X115.127 Y120.278 Z28.84
G0 F9000 X117.5 Y113.033
G0 X117.357 Y111.95
G0 X117.358 Y103.051
G0 X117.5 Y101.967
G0 X117.5 Y101.483
G0 X117.499 Y101.79
;TIME_ELAPSED:1357.473421
;LAYER:102
;note -- min layer time used
;TYPE:WALL-INNER
;MESH:yc1hingeDubel.stl(1)
G1 F1500 E925.47095
G1 F1124 X118.615 Y101.643 E925.52336
G1 X119.642 Y101.219 E925.5751
G1 X120.535 Y100.535 E925.62748
G1 X121.219 Y99.642 E925.67986
G1 X121.643 Y98.615 E925.73159
G1 X121.789 Y97.501 E925.78391
G1 X121.643 Y96.381 E925.8365
G1 X121.219 Y95.355 E925.8882
G1 X120.531 Y94.46 E925.94076
G1 X119.645 Y93.777 E925.99285
G1 X118.615 Y93.353 E926.04472
G1 X117.499 Y93.207 E926.09713
G1 X116.381 Y93.353 E926.14963
G1 X115.356 Y93.776 E926.20126
G1 X114.464 Y94.464 E926.25371
G1 X113.777 Y95.356 E926.30614
G1 X113.353 Y96.381 E926.35779
G1 X113.206 Y97.501 E926.41039
G1 X113.353 Y98.615 E926.46271
G1 X113.777 Y99.645 E926.51458
G1 X114.46 Y100.531 E926.56667
G1 X115.355 Y101.219 E926.61924
G1 X116.381 Y101.643 E926.67093
G1 X117.499 Y101.79 E926.72344
G0 F9000 X117.499 Y102.194
;TYPE:WALL-OUTER
G1 F1124 X118.719 Y102.033 E926.78074
G1 X119.843 Y101.569 E926.83736
G1 X120.821 Y100.821 E926.89469
G1 X121.569 Y99.843 E926.95202
G1 X122.033 Y98.719 E927.00865
G1 X122.193 Y97.501 E927.06585
G1 X122.033 Y96.277 E927.12333
G1 X121.569 Y95.153 E927.17995
G1 X120.817 Y94.175 E927.2374
G1 X119.847 Y93.427 E927.29443
G1 X118.719 Y92.963 E927.35123
G1 X117.499 Y92.803 E927.40852
G1 X116.277 Y92.963 E927.46591
G1 X115.154 Y93.427 E927.52249
G1 X114.179 Y94.179 E927.57982
G1 X113.427 Y95.154 E927.63716
G1 X112.963 Y96.277 E927.69374
G1 X112.802 Y97.501 E927.75122
G1 X112.963 Y98.719 E927.80843
G1 X113.427 Y99.847 E927.86523
G1 X114.175 Y100.817 E927.92226
G1 X115.153 Y101.569 E927.97971
G1 X116.277 Y102.033 E928.03633
G1 X117.499 Y102.194 E928.09373
G0 F9000 X117.5 Y101.483
G0 X115.231 Y100.701
;TYPE:FILL
G1 F1124 X115.192 Y100.74 E928.09629
G1 X114.657 Y100.33 E928.12768
G1 X114.257 Y99.811 E928.15819
G1 X114.299 Y99.769 E928.16096
G1 X114.672 Y99.768 E928.17833
G1 X116.184 Y98.256 E928.27789
G1 X116.184 Y96.744 E928.3483
G1 X114.672 Y95.232 E928.44787
G1 X114.299 Y95.231 E928.46523
G1 X114.257 Y95.189 E928.468
G1 X114.663 Y94.663 E928.49894
G1 X115.189 Y94.257 E928.52988
G1 X115.231 Y94.299 E928.53265
G1 X115.232 Y94.672 E928.55001
G1 X116.744 Y96.184 E928.64958
G1 X118.256 Y96.184 E928.71999
G1 X119.768 Y94.672 E928.81956
G1 X119.769 Y94.299 E928.83692
G1 X119.811 Y94.257 E928.83969
G1 X120.33 Y94.657 E928.8702
G1 X120.741 Y95.191 E928.90158
G1 X120.701 Y95.231 E928.90421
G1 X120.328 Y95.232 E928.92158
G1 X118.816 Y96.744 E929.02115
G1 X118.816 Y98.256 E929.09155
G1 X120.328 Y99.768 E929.19112
G1 X120.701 Y99.769 E929.20849
G1 X120.74 Y99.808 E929.21106
G1 X120.336 Y100.336 E929.24202
G1 X119.808 Y100.74 E929.27297
G1 X119.769 Y100.701 E929.27554
G1 X119.768 Y100.328 E929.29291
G1 X118.256 Y98.816 E929.39248
G1 X116.744 Y98.816 E929.46288
G1 X115.232 Y100.328 E929.56245
G1 X115.231 Y100.701 E929.57982
G0 F9000 X115.397 Y100.485
G1 F1500 E923.07982
;MESH:yc1hingeDubel.stl
G0 F9000 X116.346 Y101.815
G0 X116.204 Y102.9
G0 X117.357 Y111.95
G0 X117.5 Y113.033
G0 X117.5 Y121.483
G0 X117.499 Y121.79
;TYPE:WALL-INNER
G1 F1500 E929.57982
G1 F1124 X118.615 Y121.643 E929.63223
G1 X119.642 Y121.219 E929.68397
G1 X120.535 Y120.535 E929.73635
G1 X121.219 Y119.642 E929.78873
G1 X121.643 Y118.615 E929.84046
G1 X121.789 Y117.501 E929.89278
G1 X121.643 Y116.381 E929.94537
G1 X121.219 Y115.355 E929.99707
G1 X120.531 Y114.46 E930.04963
G1 X119.645 Y113.777 E930.10172
G1 X118.615 Y113.353 E930.15359
G1 X117.499 Y113.207 E930.206
G1 X116.381 Y113.353 E930.2585
G1 X115.356 Y113.776 E930.31013
G1 X114.464 Y114.464 E930.36258
G1 X113.777 Y115.356 E930.41501
G1 X113.353 Y116.381 E930.46666
G1 X113.206 Y117.501 E930.51926
G1 X113.353 Y118.615 E930.57158
G1 X113.777 Y119.645 E930.62345
G1 X114.46 Y120.531 E930.67554
G1 X115.355 Y121.219 E930.72811
G1 X116.381 Y121.643 E930.7798
G1 X117.499 Y121.79 E930.83231
G0 F9000 X117.499 Y122.194
;TYPE:WALL-OUTER
G1 F1124 X118.719 Y122.033 E930.88961
G1 X119.843 Y121.569 E930.94623
G1 X120.821 Y120.821 E931.00356
G1 X121.569 Y119.843 E931.06089
G1 X122.033 Y118.719 E931.11752
G1 X122.193 Y117.501 E931.17472
G1 X122.033 Y116.277 E931.2322
G1 X121.569 Y115.153 E931.28882
G1 X120.817 Y114.175 E931.34627
G1 X119.847 Y113.427 E931.4033
G1 X118.719 Y112.963 E931.4601
G1 X117.499 Y112.803 E931.51739
G1 X116.277 Y112.963 E931.57478
G1 X115.154 Y113.427 E931.63136
G1 X114.179 Y114.179 E931.68869
G1 X113.427 Y115.154 E931.74603
G1 X112.963 Y116.277 E931.80261
G1 X112.802 Y117.501 E931.86009
G1 X112.963 Y118.719 E931.9173
G1 X113.427 Y119.847 E931.9741
G1 X114.175 Y120.817 E932.03113
G1 X115.153 Y121.569 E932.08858
G1 X116.277 Y122.033 E932.1452
G1 X117.499 Y122.194 E932.2026
G0 F9000 X117.5 Y121.483
G0 X115.231 Y120.701
;TYPE:FILL
G1 F1124 X115.192 Y120.74 E932.20516
G1 X114.657 Y120.33 E932.23655
G1 X114.257 Y119.811 E932.26706
G1 X114.299 Y119.769 E932.26983
G1 X114.672 Y119.768 E932.2872
G1 X116.184 Y118.256 E932.38676
G1 X116.184 Y116.744 E932.45717
G1 X114.672 Y115.232 E932.55674
G1 X114.299 Y115.231 E932.5741
G1 X114.257 Y115.189 E932.57687
G1 X114.663 Y114.663 E932.60781
G1 X115.189 Y114.257 E932.63875
G1 X115.231 Y114.299 E932.64152
G1 X115.232 Y114.672 E932.65888
G1 X116.744 Y116.184 E932.75845
G1 X118.256 Y116.184 E932.82886
G1 X119.768 Y114.672 E932.92843
G1 X119.769 Y114.299 E932.94579
G1 X119.811 Y114.257 E932.94856
G1 X120.33 Y114.657 E932.97907
G1 X120.741 Y115.191 E933.01045
G1 X120.701 Y115.231 E933.01308
G1 X120.328 Y115.232 E933.03045
G1 X118.816 Y116.744 E933.13002
G1 X118.816 Y118.256 E933.20042
G1 X120.328 Y119.768 E933.29999
G1 X120.701 Y119.769 E933.31736
G1 X120.74 Y119.808 E933.31993
G1 X120.336 Y120.336 E933.35089
G1 X119.808 Y120.74 E933.38184
G1 X119.769 Y120.701 E933.38441
G1 X119.768 Y120.328 E933.40178
G1 X118.256 Y118.816 E933.50135
G1 X116.744 Y118.816 E933.57175
G1 X115.232 Y120.328 E933.67132
G1 X115.231 Y120.701 E933.68869
G0 F9000 X115.397 Y120.485
G1 F1500 E927.18869
;MESH:NONMESH
G0 F300 X115.397 Y120.485 Z29.12
G0 F9000 X117.5 Y113.033
G0 X117.357 Y111.95
G0 X117.358 Y103.051
G0 X117.5 Y101.967
G0 X117.5 Y101.483
G0 X117.499 Y101.79
;TIME_ELAPSED:1370.005791
;LAYER:103
;TYPE:WALL-INNER
;MESH:yc1hingeDubel.stl(1)
G1 F1500 E933.68869
G1 X118.615 Y101.643 E933.7411
G1 X119.642 Y101.219 E933.79284
G1 X120.535 Y100.535 E933.84522
G1 X121.219 Y99.642 E933.8976
G1 X121.643 Y98.615 E933.94933
G1 X121.789 Y97.501 E934.00165
G1 X121.643 Y96.381 E934.05424
G1 X121.219 Y95.355 E934.10594
G1 X120.531 Y94.46 E934.1585
G1 X119.645 Y93.777 E934.21059
G1 X118.615 Y93.353 E934.26246
G1 X117.499 Y93.207 E934.31487
G1 X116.381 Y93.353 E934.36737
G1 X115.356 Y93.776 E934.419
G1 X114.464 Y94.464 E934.47145
G1 X113.777 Y95.356 E934.52388
G1 X113.353 Y96.381 E934.57553
G1 X113.206 Y97.501 E934.62813
G1 X113.353 Y98.615 E934.68045
G1 X113.777 Y99.645 E934.73232
G1 X114.46 Y100.531 E934.78441
G1 X115.355 Y101.219 E934.83698
G1 X116.381 Y101.643 E934.88867
G1 X117.499 Y101.79 E934.94118
G0 F9000 X117.499 Y102.194
;TYPE:WALL-OUTER
G1 F1500 X118.719 Y102.033 E934.99848
G1 X119.843 Y101.569 E935.0551
G1 X120.821 Y100.821 E935.11243
G1 X121.569 Y99.843 E935.16976
G1 X122.033 Y98.719 E935.22639
G1 X122.193 Y97.501 E935.28359
G1 X122.033 Y96.277 E935.34107
G1 X121.569 Y95.153 E935.39769
G1 X120.817 Y94.175 E935.45514
G1 X119.847 Y93.427 E935.51217
G1 X118.719 Y92.963 E935.56897
G1 X117.499 Y92.803 E935.62626
G1 X116.277 Y92.963 E935.68365
G1 X115.154 Y93.427 E935.74023
G1 X114.179 Y94.179 E935.79756
G1 X113.427 Y95.154 E935.8549
G1 X112.963 Y96.277 E935.91148
G1 X112.802 Y97.501 E935.96896
G1 X112.963 Y98.719 E936.02617
G1 X113.427 Y99.847 E936.08297
G1 X114.175 Y100.817 E936.14
G1 X115.153 Y101.569 E936.19745
G1 X116.277 Y102.033 E936.25407
G1 X117.499 Y102.194 E936.31147
G0 F9000 X117.5 Y101.421
;TYPE:SKIN
G1 F1500 X117.495 Y101.422 E936.3117
G1 X116.468 Y101.288 E936.35993
G1 X115.537 Y100.905 E936.40681
G1 X114.719 Y100.277 E936.45483
G1 X114.091 Y99.459 E936.50285
G1 X113.703 Y98.523 E936.55003
G1 X113.57 Y97.499 E936.59811
G1 X113.703 Y96.472 E936.64633
G1 X114.087 Y95.537 E936.6934
G1 X114.719 Y94.719 E936.74153
G1 X115.537 Y94.087 E936.78966
G1 X116.472 Y93.703 E936.83673
G1 X117.497 Y93.571 E936.88485
G1 X118.523 Y93.703 E936.93302
G1 X119.459 Y94.091 E936.9802
G1 X120.277 Y94.719 E937.02822
G1 X120.901 Y95.533 E937.07598
G1 X121.289 Y96.472 E937.12329
G1 X121.422 Y97.499 E937.17151
G1 X121.289 Y98.523 E937.21959
G1 X120.901 Y99.459 E937.26677
G1 X120.277 Y100.277 E937.31468
G1 X119.459 Y100.901 E937.36259
G1 X118.52 Y101.289 E937.4099
G1 X117.5 Y101.421 E937.45779
G0 F9000 X117.465 Y101.684
G0 X118.573 Y101.486
G0 X119.56 Y101.078
G0 X120.335 Y100.487
G0 X121.175 Y99.483
G0 X120.747 Y99.305
G1 F1500 X119.302 Y100.75 E937.55294
G0 F9000 X118.38 Y101.106
G1 F1500 X121.105 Y98.38 E937.73242
G0 F9000 X121.19 Y97.731
G1 F1500 X117.73 Y101.19 E937.96024
G0 F9000 X117.175 Y101.179
G1 F1500 X121.178 Y97.176 E938.22384
G0 F9000 X121.113 Y96.676
G1 F1500 X116.675 Y101.113 E938.51606
G0 F9000 X116.244 Y100.979
G1 F1500 X120.978 Y96.245 E938.8278
G0 F9000 X120.813 Y95.845
G1 F1500 X115.843 Y100.814 E939.15505
G0 F9000 X115.482 Y100.61
G1 F1500 X120.61 Y95.482 E939.49274
G0 F9000 X120.364 Y95.162
G1 F1500 X115.162 Y100.365 E939.83533
G0 F9000 X114.847 Y100.114
G1 F1500 X120.114 Y94.846 E940.1822
G0 F9000 X119.794 Y94.6
G1 F1500 X114.602 Y99.793 E940.52414
G0 F9000 X114.355 Y99.474
G1 F1500 X119.474 Y94.355 E940.86123
G0 F9000 X119.104 Y94.16
G1 F1500 X114.161 Y99.102 E941.18671
G0 F9000 X113.995 Y98.703
G1 F1500 X118.703 Y93.994 E941.49677
G0 F9000 X118.26 Y93.872
G1 F1500 X113.872 Y98.26 E941.78573
G0 F9000 X113.807 Y97.76
G1 F1500 X117.759 Y93.808 E942.04597
G0 F9000 X117.188 Y93.813
G1 F1500 X113.812 Y97.188 E942.26825
G0 F9000 X113.897 Y96.538
G1 F1500 X116.539 Y93.896 E942.44223
G0 F9000 X116.481 Y93.441
G0 X115.222 Y94.006
G0 X115.501 Y94.368
G1 F1500 X114.369 Y95.5 E942.51678
G1 F1500 E936.01678
;MESH:yc1hingeDubel.stl
G0 F9000 X114.008 Y95.22
G0 X113.51 Y96.423
G0 X113.368 Y97.501
G0 X113.51 Y98.573
G0 X113.877 Y99.464
G0 X115.265 Y101.368
G0 X114.847 Y102.379
G0 X116.675 Y112.039
G0 X117.499 Y121.79
;TYPE:WALL-INNER
G1 F1500 E942.51678
G1 X118.615 Y121.643 E942.56919
G1 X119.642 Y121.219 E942.62093
G1 X120.535 Y120.535 E942.67331
G1 X121.219 Y119.642 E942.72569
G1 X121.643 Y118.615 E942.77742
G1 X121.789 Y117.501 E942.82974
G1 X121.643 Y116.381 E942.88233
G1 X121.219 Y115.355 E942.93403
G1 X120.531 Y114.46 E942.98659
G1 X119.645 Y113.777 E943.03868
G1 X118.615 Y113.353 E943.09055
G1 X117.499 Y113.207 E943.14296
G1 X116.381 Y113.353 E943.19546
G1 X115.356 Y113.776 E943.24709
G1 X114.464 Y114.464 E943.29954
G1 X113.777 Y115.356 E943.35197
G1 X113.353 Y116.381 E943.40362
G1 X113.206 Y117.501 E943.45622
G1 X113.353 Y118.615 E943.50854
G1 X113.777 Y119.645 E943.56041
G1 X114.46 Y120.531 E943.6125
G1 X115.355 Y121.219 E943.66507
G1 X116.381 Y121.643 E943.71676
G1 X117.499 Y121.79 E943.76927
G0 F9000 X117.499 Y122.194
;TYPE:WALL-OUTER
G1 F1500 X118.719 Y122.033 E943.82657
G1 X119.843 Y121.569 E943.88319
G1 X120.821 Y120.821 E943.94052
G1 X121.569 Y119.843 E943.99785
G1 X122.033 Y118.719 E944.05448
G1 X122.193 Y117.501 E944.11168
G1 X122.033 Y116.277 E944.16916
G1 X121.569 Y115.153 E944.22578
G1 X120.817 Y114.175 E944.28323
G1 X119.847 Y113.427 E944.34026
G1 X118.719 Y112.963 E944.39706
G1 X117.499 Y112.803 E944.45435
G1 X116.277 Y112.963 E944.51174
G1 X115.154 Y113.427 E944.56832
G1 X114.179 Y114.179 E944.62565
G1 X113.427 Y115.154 E944.68299
G1 X112.963 Y116.277 E944.73957
G1 X112.802 Y117.501 E944.79705
G1 X112.963 Y118.719 E944.85426
G1 X113.427 Y119.847 E944.91106
G1 X114.175 Y120.817 E944.96809
G1 X115.153 Y121.569 E945.02554
G1 X116.277 Y122.033 E945.08216
G1 X117.499 Y122.194 E945.13955
G0 F9000 X117.5 Y121.421
;TYPE:SKIN
G1 F1500 X117.495 Y121.422 E945.13979
G1 X116.468 Y121.288 E945.18802
G1 X115.537 Y120.905 E945.2349
G1 X114.719 Y120.277 E945.28292
G1 X114.091 Y119.459 E945.33094
G1 X113.703 Y118.523 E945.37812
G1 X113.57 Y117.499 E945.4262
G1 X113.703 Y116.472 E945.47442
G1 X114.087 Y115.537 E945.52148
G1 X114.719 Y114.719 E945.56962
G1 X115.537 Y114.087 E945.61775
G1 X116.472 Y113.703 E945.66482
G1 X117.497 Y113.571 E945.71294
G1 X118.523 Y113.703 E945.76111
G1 X119.459 Y114.091 E945.80829
G1 X120.277 Y114.719 E945.85631
G1 X120.901 Y115.533 E945.90407
G1 X121.289 Y116.472 E945.95138
G1 X121.422 Y117.499 E945.9996
G1 X121.289 Y118.523 E946.04768
G1 X120.901 Y119.459 E946.09486
G1 X120.277 Y120.277 E946.14277
G1 X119.459 Y120.901 E946.19068
G1 X118.52 Y121.289 E946.23798
G1 X117.5 Y121.421 E946.28588
G0 F9000 X117.465 Y121.684
G0 X118.573 Y121.486
G0 X119.56 Y121.078
G0 X120.421 Y120.421
G0 X120.793 Y119.932
G0 X121.319 Y119.136
G0 X120.891 Y118.959
G1 F1500 X118.959 Y120.892 E946.41313
G0 F9000 X118.149 Y121.136
G1 F1500 X121.135 Y118.15 E946.60977
G0 F9000 X121.22 Y117.499
G1 F1500 X117.499 Y121.22 E946.8548
G0 F9000 X116.998 Y121.156
G1 F1500 X121.155 Y116.999 E947.12855
G0 F9000 X121.084 Y116.504
G1 F1500 X116.501 Y121.086 E947.43031
G0 F9000 X116.101 Y120.922
G1 F1500 X120.92 Y116.103 E947.74765
G0 F9000 X120.754 Y115.702
G1 F1500 X115.7 Y120.756 E948.08047
G0 F9000 X115.367 Y120.524
G1 F1500 X120.522 Y115.369 E948.41993
G0 F9000 X120.277 Y115.048
G1 F1500 X115.048 Y120.277 E948.76427
G0 F9000 X114.759 Y120
G1 F1500 X120.001 Y114.758 E949.10947
G0 F9000 X119.681 Y114.513
G1 F1500 X114.514 Y119.68 E949.44972
G0 F9000 X114.268 Y119.36
G1 F1500 X119.361 Y114.267 E949.7851
G0 F9000 X118.962 Y114.101
G1 F1500 X114.102 Y118.961 E950.10514
G0 F9000 X113.935 Y118.561
G1 F1500 X118.561 Y113.935 E950.40977
G0 F9000 X118.082 Y113.849
G1 F1500 X113.848 Y118.083 E950.68859
G0 F9000 X113.783 Y117.582
G1 F1500 X117.581 Y113.785 E950.93866
G0 F9000 X116.958 Y113.842
G1 F1500 X113.842 Y116.958 E951.14386
G0 F9000 X114.029 Y116.205
G1 F1500 X116.205 Y114.029 E951.28715
G1 F1500 E944.78715
;MESH:NONMESH
G0 F300 X116.205 Y114.029 Z29.4
G0 F9000 X116.031 Y113.606
G0 X117.5 Y113.033
G0 X117.357 Y111.95
G0 X117.358 Y103.051
G0 X117.499 Y101.79
;TIME_ELAPSED:1391.212815
;LAYER:104
;TYPE:WALL-INNER
;MESH:yc1hingeDubel.stl(1)
G1 F1500 E951.28715
G1 X118.615 Y101.643 E951.33956
G1 X119.642 Y101.219 E951.3913
G1 X120.535 Y100.535 E951.44368
G1 X121.219 Y99.642 E951.49606
G1 X121.643 Y98.615 E951.54779
G1 X121.789 Y97.501 E951.60011
G1 X121.643 Y96.381 E951.6527
G1 X121.219 Y95.355 E951.7044
G1 X120.531 Y94.46 E951.75696
G1 X119.645 Y93.777 E951.80905
G1 X118.615 Y93.353 E951.86092
G1 X117.499 Y93.207 E951.91333
G1 X116.381 Y93.353 E951.96583
G1 X115.356 Y93.776 E952.01746
G1 X114.464 Y94.464 E952.06991
G1 X113.777 Y95.356 E952.12234
G1 X113.353 Y96.381 E952.17399
G1 X113.206 Y97.501 E952.22659
G1 X113.353 Y98.615 E952.27891
G1 X113.777 Y99.645 E952.33078
G1 X114.46 Y100.531 E952.38287
G1 X115.355 Y101.219 E952.43544
G1 X116.381 Y101.643 E952.48713
G1 X117.499 Y101.79 E952.53964
G0 F9000 X117.499 Y102.194
;TYPE:WALL-OUTER
G1 F1500 X118.719 Y102.033 E952.59694
G1 X119.843 Y101.569 E952.65356
G1 X120.821 Y100.821 E952.71089
G1 X121.569 Y99.843 E952.76822
G1 X122.033 Y98.719 E952.82485
G1 X122.193 Y97.501 E952.88205
G1 X122.033 Y96.277 E952.93953
G1 X121.569 Y95.153 E952.99615
G1 X120.817 Y94.175 E953.0536
G1 X119.847 Y93.427 E953.11063
G1 X118.719 Y92.963 E953.16743
G1 X117.499 Y92.803 E953.22472
G1 X116.277 Y92.963 E953.28211
G1 X115.154 Y93.427 E953.33869
G1 X114.179 Y94.179 E953.39602
G1 X113.427 Y95.154 E953.45336
G1 X112.963 Y96.277 E953.50994
G1 X112.802 Y97.501 E953.56742
G1 X112.963 Y98.719 E953.62463
G1 X113.427 Y99.847 E953.68143
G1 X114.175 Y100.817 E953.73846
G1 X115.153 Y101.569 E953.79591
G1 X116.277 Y102.033 E953.85253
G1 X117.499 Y102.194 E953.90993
G0 F9000 X117.5 Y101.421
;TYPE:SKIN
G1 F1500 X117.495 Y101.422 E953.91016
G1 X116.468 Y101.288 E953.95839
G1 X115.537 Y100.905 E954.00527
G1 X114.719 Y100.277 E954.05329
G1 X114.091 Y99.459 E954.10131
G1 X113.703 Y98.523 E954.14849
G1 X113.57 Y97.499 E954.19657
G1 X113.703 Y96.472 E954.24479
G1 X114.087 Y95.537 E954.29186
G1 X114.719 Y94.719 E954.33999
G1 X115.537 Y94.087 E954.38812
G1 X116.472 Y93.703 E954.43519
G1 X117.497 Y93.571 E954.48331
G1 X118.523 Y93.703 E954.53148
G1 X119.459 Y94.091 E954.57866
G1 X120.277 Y94.719 E954.62668
G1 X120.901 Y95.533 E954.67444
G1 X121.289 Y96.472 E954.72175
G1 X121.422 Y97.499 E954.76997
G1 X121.289 Y98.523 E954.81805
G1 X120.901 Y99.459 E954.86523
G1 X120.277 Y100.277 E954.91314
G1 X119.459 Y100.901 E954.96105
G1 X118.52 Y101.289 E955.00835
G1 X117.5 Y101.421 E955.05625
G0 F9000 X117.465 Y101.684
G0 X116.423 Y101.486
G0 X115.437 Y101.078
G0 X114.575 Y100.417
G0 X114.043 Y99.725
G0 X113.582 Y98.909
G0 X114.008 Y98.734
G1 F1500 X116.258 Y100.985 E955.20445
G0 F9000 X116.994 Y101.154
G1 F1500 X113.836 Y97.997 E955.41237
G0 F9000 X113.787 Y97.382
G1 F1500 X117.61 Y101.205 E955.66412
G0 F9000 X118.111 Y101.14
G1 F1500 X113.851 Y96.881 E955.94462
G0 F9000 X113.945 Y96.408
G1 F1500 X118.583 Y101.046 E956.25004
G0 F9000 X118.983 Y100.881
G1 F1500 X114.11 Y96.008 E956.57093
G0 F9000 X114.281 Y95.614
G1 F1500 X119.379 Y100.711 E956.90661
G0 F9000 X119.699 Y100.466
G1 F1500 X114.527 Y95.294 E957.2472
G0 F9000 X114.774 Y94.975
G1 F1500 X120.02 Y100.221 E957.59266
G0 F9000 X120.292 Y99.928
G1 F1500 X115.068 Y94.704 E957.93667
G0 F9000 X115.387 Y94.457
G1 F1500 X120.537 Y99.607 E958.2758
G0 F9000 X120.763 Y99.267
G1 F1500 X115.724 Y94.228 E958.60763
G0 F9000 X116.125 Y94.063
G1 F1500 X120.929 Y98.868 E958.92401
G0 F9000 X121.095 Y98.467
G1 F1500 X116.526 Y93.898 E959.22489
G0 F9000 X117.027 Y93.834
G1 F1500 X121.16 Y97.967 E959.49706
G0 F9000 X121.215 Y97.456
G1 F1500 X117.538 Y93.779 E959.73919
G0 F9000 X118.187 Y93.863
G1 F1500 X121.131 Y96.806 E959.93303
G0 F9000 X120.869 Y95.979
G1 F1500 X119.014 Y94.124 E960.05518
G1 F1500 E953.55518
;MESH:yc1hingeDubel.stl
G0 F9000 X119.19 Y93.699
G0 X119.563 Y93.918
G0 X120.417 Y94.575
G0 X121.079 Y95.437
G0 X121.486 Y96.423
G0 X121.627 Y97.501
G0 X121.486 Y98.573
G0 X121.078 Y99.56
G0 X120.421 Y100.421
G0 X119.646 Y101.012
G0 X117.5 Y101.967
G0 X117.643 Y103.05
G0 X117.642 Y111.949
G0 X117.499 Y121.79
;TYPE:WALL-INNER
G1 F1500 E960.05518
G1 X118.615 Y121.643 E960.1076
G1 X119.642 Y121.219 E960.15933
G1 X120.535 Y120.535 E960.21171
G1 X121.219 Y119.642 E960.26409
G1 X121.643 Y118.615 E960.31583
G1 X121.789 Y117.501 E960.36814
G1 X121.643 Y116.381 E960.42073
G1 X121.219 Y115.355 E960.47243
G1 X120.531 Y114.46 E960.52499
G1 X119.645 Y113.777 E960.57708
G1 X118.615 Y113.353 E960.62895
G1 X117.499 Y113.207 E960.68136
G1 X116.381 Y113.353 E960.73386
G1 X115.356 Y113.776 E960.78549
G1 X114.464 Y114.464 E960.83795
G1 X113.777 Y115.356 E960.89037
G1 X113.353 Y116.381 E960.94202
G1 X113.206 Y117.501 E960.99462
G1 X113.353 Y118.615 E961.04695
G1 X113.777 Y119.645 E961.09881
G1 X114.46 Y120.531 E961.1509
G1 X115.355 Y121.219 E961.20347
G1 X116.381 Y121.643 E961.25516
G1 X117.499 Y121.79 E961.30767
G0 F9000 X117.499 Y122.194
;TYPE:WALL-OUTER
G1 F1500 X118.719 Y122.033 E961.36497
G1 X119.843 Y121.569 E961.42159
G1 X120.821 Y120.821 E961.47892
G1 X121.569 Y119.843 E961.53626
G1 X122.033 Y118.719 E961.59288
G1 X122.193 Y117.501 E961.65008
G1 X122.033 Y116.277 E961.70756
G1 X121.569 Y115.153 E961.76418
G1 X120.817 Y114.175 E961.82163
G1 X119.847 Y113.427 E961.87867
G1 X118.719 Y112.963 E961.93546
G1 X117.499 Y112.803 E961.99276
G1 X116.277 Y112.963 E962.05014
G1 X115.154 Y113.427 E962.10672
G1 X114.179 Y114.179 E962.16406
G1 X113.427 Y115.154 E962.22139
G1 X112.963 Y116.277 E962.27797
G1 X112.802 Y117.501 E962.33546
G1 X112.963 Y118.719 E962.39266
G1 X113.427 Y119.847 E962.44946
G1 X114.175 Y120.817 E962.5065
G1 X115.153 Y121.569 E962.56394
G1 X116.277 Y122.033 E962.62056
G1 X117.499 Y122.194 E962.67796
G0 F9000 X117.5 Y121.421
;TYPE:SKIN
G1 F1500 X117.495 Y121.422 E962.6782
G1 X116.468 Y121.288 E962.72642
G1 X115.537 Y120.905 E962.7733
G1 X114.719 Y120.277 E962.82132
G1 X114.091 Y119.459 E962.86934
G1 X113.703 Y118.523 E962.91652
G1 X113.57 Y117.499 E962.9646
G1 X113.703 Y116.472 E963.01282
G1 X114.087 Y115.537 E963.05989
G1 X114.719 Y114.719 E963.10802
G1 X115.537 Y114.087 E963.15616
G1 X116.472 Y113.703 E963.20322
G1 X117.497 Y113.571 E963.25134
G1 X118.523 Y113.703 E963.29951
G1 X119.459 Y114.091 E963.34669
G1 X120.277 Y114.719 E963.39471
G1 X120.901 Y115.533 E963.44247
G1 X121.289 Y116.472 E963.48978
G1 X121.422 Y117.499 E963.538
G1 X121.289 Y118.523 E963.58608
G1 X120.901 Y119.459 E963.63326
G1 X120.277 Y120.277 E963.68117
G1 X119.459 Y120.901 E963.72908
G1 X118.52 Y121.289 E963.77639
G1 X117.5 Y121.421 E963.82428
G0 F9000 X117.465 Y121.684
G0 X116.423 Y121.486
G0 X115.437 Y121.078
G0 X114.661 Y120.483
G0 X113.839 Y119.531
G0 X114.265 Y119.356
G1 F1500 X115.64 Y120.731 E963.91483
G0 F9000 X115.464 Y121.155
G0 X116.514 Y121.559
G0 X116.575 Y121.101
G1 F1500 X113.89 Y118.416 E964.09164
G0 F9000 X113.807 Y117.767
G1 F1500 X117.225 Y121.185 E964.31672
G0 F9000 X117.788 Y121.182
G1 F1500 X113.81 Y117.204 E964.57868
G0 F9000 X113.875 Y116.703
G1 F1500 X118.288 Y121.117 E964.86931
G0 F9000 X118.725 Y120.987
G1 F1500 X114.003 Y116.266 E965.18023
G0 F9000 X114.168 Y115.865
G1 F1500 X119.126 Y120.823 E965.50672
G0 F9000 X119.493 Y120.624
G1 F1500 X114.368 Y115.5 E965.84418
G0 F9000 X114.615 Y115.181
G1 F1500 X119.813 Y120.379 E966.18648
G0 F9000 X120.134 Y120.134
G1 F1500 X114.862 Y114.862 E966.53365
G0 F9000 X115.181 Y114.616
G1 F1500 X120.379 Y119.814 E966.87595
G0 F9000 X120.624 Y119.493
G1 F1500 X115.5 Y114.369 E967.21337
G0 F9000 X115.866 Y114.169
G1 F1500 X120.823 Y119.126 E967.5398
G0 F9000 X120.989 Y118.726
G1 F1500 X116.267 Y114.004 E967.85075
G0 F9000 X116.704 Y113.875
G1 F1500 X121.118 Y118.29 E968.14145
G0 F9000 X121.183 Y117.789
G1 F1500 X117.205 Y113.811 E968.40341
G0 F9000 X117.769 Y113.809
G1 F1500 X121.185 Y117.225 E968.62836
G0 F9000 X121.101 Y116.575
G1 F1500 X118.418 Y113.892 E968.80504
G0 F9000 X118.477 Y113.437
G0 X119.532 Y113.84
G0 X119.356 Y114.265
G1 F1500 X120.728 Y115.637 E968.89539
G1 F1500 E962.39539
;MESH:NONMESH
G0 F300 X120.728 Y115.637 Z29.68
G0 F9000 X121.094 Y115.357
G0 X119.737 Y113.634
G0 X120.155 Y112.623
G0 X118.328 Y102.96
G0 X117.499 Y101.79
;TIME_ELAPSED:1412.652709
;LAYER:105
;TYPE:WALL-INNER
;MESH:yc1hingeDubel.stl(1)
G1 F1500 E968.89539
G1 X118.615 Y101.643 E968.9478
G1 X119.642 Y101.219 E968.99954
G1 X120.535 Y100.535 E969.05192
G1 X121.219 Y99.642 E969.10429
G1 X121.643 Y98.615 E969.15603
G1 X121.789 Y97.501 E969.20835
G1 X121.643 Y96.381 E969.26094
G1 X121.219 Y95.355 E969.31263
G1 X120.531 Y94.46 E969.3652
G1 X119.645 Y93.777 E969.41729
G1 X118.615 Y93.353 E969.46916
G1 X117.499 Y93.207 E969.52157
G1 X116.381 Y93.353 E969.57407
G1 X115.356 Y93.776 E969.6257
G1 X114.464 Y94.464 E969.67815
G1 X113.777 Y95.356 E969.73058
G1 X113.353 Y96.381 E969.78223
G1 X113.206 Y97.501 E969.83483
G1 X113.353 Y98.615 E969.88715
G1 X113.777 Y99.645 E969.93902
G1 X114.46 Y100.531 E969.99111
G1 X115.355 Y101.219 E970.04367
G1 X116.381 Y101.643 E970.09537
G1 X117.499 Y101.79 E970.14787
G0 F9000 X117.499 Y102.194
;TYPE:WALL-OUTER
G1 F1500 X118.719 Y102.033 E970.20518
G1 X119.843 Y101.569 E970.2618
G1 X120.821 Y100.821 E970.31913
G1 X121.569 Y99.843 E970.37646
G1 X122.033 Y98.719 E970.43308
G1 X122.193 Y97.501 E970.49029
G1 X122.033 Y96.277 E970.54777
G1 X121.569 Y95.153 E970.60439
G1 X120.817 Y94.175 E970.66183
G1 X119.847 Y93.427 E970.71887
G1 X118.719 Y92.963 E970.77567
G1 X117.499 Y92.803 E970.83296
G1 X116.277 Y92.963 E970.89035
G1 X115.154 Y93.427 E970.94693
G1 X114.179 Y94.179 E971.00426
G1 X113.427 Y95.154 E971.0616
G1 X112.963 Y96.277 E971.11818
G1 X112.802 Y97.501 E971.17566
G1 X112.963 Y98.719 E971.23287
G1 X113.427 Y99.847 E971.28967
G1 X114.175 Y100.817 E971.3467
G1 X115.153 Y101.569 E971.40415
G1 X116.277 Y102.033 E971.46077
G1 X117.499 Y102.194 E971.51816
G0 F9000 X117.5 Y101.421
;TYPE:SKIN
G1 F1500 X117.495 Y101.422 E971.5184
G1 X116.468 Y101.288 E971.56663
G1 X115.537 Y100.905 E971.6135
G1 X114.719 Y100.277 E971.66152
G1 X114.091 Y99.459 E971.70954
G1 X113.703 Y98.523 E971.75672
G1 X113.57 Y97.499 E971.80481
G1 X113.703 Y96.472 E971.85303
G1 X114.087 Y95.537 E971.90009
G1 X114.719 Y94.719 E971.94823
G1 X115.537 Y94.087 E971.99636
G1 X116.472 Y93.703 E972.04343
G1 X117.497 Y93.571 E972.09155
G1 X118.523 Y93.703 E972.13972
G1 X119.459 Y94.091 E972.1869
G1 X120.277 Y94.719 E972.23492
G1 X120.901 Y95.533 E972.28268
G1 X121.289 Y96.472 E972.32999
G1 X121.422 Y97.499 E972.37821
G1 X121.289 Y98.523 E972.42629
G1 X120.901 Y99.459 E972.47347
G1 X120.277 Y100.277 E972.52138
G1 X119.459 Y100.901 E972.56928
G1 X118.52 Y101.289 E972.61659
G1 X117.5 Y101.421 E972.66449
G0 F9000 X117.465 Y101.684
G0 X118.573 Y101.486
G0 X119.56 Y101.078
G0 X120.335 Y100.487
G0 X121.175 Y99.483
G0 X120.747 Y99.305
G1 F1500 X119.302 Y100.75 E972.75964
G0 F9000 X118.38 Y101.106
G1 F1500 X121.105 Y98.38 E972.93912
G0 F9000 X121.19 Y97.731
G1 F1500 X117.73 Y101.19 E973.16693
G0 F9000 X117.175 Y101.179
G1 F1500 X121.178 Y97.176 E973.43054
G0 F9000 X121.113 Y96.676
G1 F1500 X116.675 Y101.113 E973.72276
G0 F9000 X116.244 Y100.979
G1 F1500 X120.978 Y96.245 E974.0345
G0 F9000 X120.813 Y95.845
G1 F1500 X115.843 Y100.814 E974.36175
G0 F9000 X115.482 Y100.61
G1 F1500 X120.61 Y95.482 E974.69943
G0 F9000 X120.364 Y95.162
G1 F1500 X115.162 Y100.365 E975.04203
G0 F9000 X114.847 Y100.114
G1 F1500 X120.114 Y94.846 E975.3889
G0 F9000 X119.794 Y94.6
G1 F1500 X114.602 Y99.793 E975.73084
G0 F9000 X114.355 Y99.474
G1 F1500 X119.474 Y94.355 E976.06793
G0 F9000 X119.104 Y94.16
G1 F1500 X114.161 Y99.102 E976.3934
G0 F9000 X113.995 Y98.703
G1 F1500 X118.703 Y93.994 E976.70347
G0 F9000 X118.26 Y93.872
G1 F1500 X113.872 Y98.26 E976.99242
G0 F9000 X113.807 Y97.76
G1 F1500 X117.759 Y93.808 E977.25267
G0 F9000 X117.188 Y93.813
G1 F1500 X113.812 Y97.188 E977.47495
G0 F9000 X113.897 Y96.538
G1 F1500 X116.539 Y93.896 E977.64893
G0 F9000 X116.481 Y93.441
G0 X115.222 Y94.006
G0 X115.501 Y94.368
G1 F1500 X114.369 Y95.5 E977.72348
G1 F1500 E971.22348
;MESH:yc1hingeDubel.stl
G0 F9000 X114.008 Y95.22
G0 X113.51 Y96.423
G0 X113.368 Y97.501
G0 X113.51 Y98.573
G0 X113.877 Y99.464
G0 X115.265 Y101.368
G0 X114.847 Y102.379
G0 X116.675 Y112.039
G0 X117.499 Y121.79
;TYPE:WALL-INNER
G1 F1500 E977.72348
G1 X118.615 Y121.643 E977.77589
G1 X119.642 Y121.219 E977.82763
G1 X120.535 Y120.535 E977.88001
G1 X121.219 Y119.642 E977.93238
G1 X121.643 Y118.615 E977.98412
G1 X121.789 Y117.501 E978.03644
G1 X121.643 Y116.381 E978.08903
G1 X121.219 Y115.355 E978.14072
G1 X120.531 Y114.46 E978.19329
G1 X119.645 Y113.777 E978.24538
G1 X118.615 Y113.353 E978.29725
G1 X117.499 Y113.207 E978.34965
G1 X116.381 Y113.353 E978.40216
G1 X115.356 Y113.776 E978.45379
G1 X114.464 Y114.464 E978.50624
G1 X113.777 Y115.356 E978.55867
G1 X113.353 Y116.381 E978.61032
G1 X113.206 Y117.501 E978.66292
G1 X113.353 Y118.615 E978.71524
G1 X113.777 Y119.645 E978.76711
G1 X114.46 Y120.531 E978.8192
G1 X115.355 Y121.219 E978.87176
G1 X116.381 Y121.643 E978.92346
G1 X117.499 Y121.79 E978.97596
G0 F9000 X117.499 Y122.194
;TYPE:WALL-OUTER
G1 F1500 X118.719 Y122.033 E979.03326
G1 X119.843 Y121.569 E979.08989
G1 X120.821 Y120.821 E979.14722
G1 X121.569 Y119.843 E979.20455
G1 X122.033 Y118.719 E979.26117
G1 X122.193 Y117.501 E979.31838
G1 X122.033 Y116.277 E979.37586
G1 X121.569 Y115.153 E979.43248
G1 X120.817 Y114.175 E979.48992
G1 X119.847 Y113.427 E979.54696
G1 X118.719 Y112.963 E979.60376
G1 X117.499 Y112.803 E979.66105
G1 X116.277 Y112.963 E979.71844
G1 X115.154 Y113.427 E979.77502
G1 X114.179 Y114.179 E979.83235
G1 X113.427 Y115.154 E979.88969
G1 X112.963 Y116.277 E979.94627
G1 X112.802 Y117.501 E980.00375
G1 X112.963 Y118.719 E980.06096
G1 X113.427 Y119.847 E980.11776
G1 X114.175 Y120.817 E980.17479
G1 X115.153 Y121.569 E980.23224
G1 X116.277 Y122.033 E980.28886
G1 X117.499 Y122.194 E980.34625
G0 F9000 X117.5 Y121.421
;TYPE:SKIN
G1 F1500 X117.495 Y121.422 E980.34649
G1 X116.468 Y121.288 E980.39472
G1 X115.537 Y120.905 E980.44159
G1 X114.719 Y120.277 E980.48961
G1 X114.091 Y119.459 E980.53763
G1 X113.703 Y118.523 E980.58481
G1 X113.57 Y117.499 E980.6329
G1 X113.703 Y116.472 E980.68112
G1 X114.087 Y115.537 E980.72818
G1 X114.719 Y114.719 E980.77632
G1 X115.537 Y114.087 E980.82445
G1 X116.472 Y113.703 E980.87152
G1 X117.497 Y113.571 E980.91964
G1 X118.523 Y113.703 E980.96781
G1 X119.459 Y114.091 E981.01499
G1 X120.277 Y114.719 E981.06301
G1 X120.901 Y115.533 E981.11077
G1 X121.289 Y116.472 E981.15808
G1 X121.422 Y117.499 E981.2063
G1 X121.289 Y118.523 E981.25438
G1 X120.901 Y119.459 E981.30156
G1 X120.277 Y120.277 E981.34947
G1 X119.459 Y120.901 E981.39737
G1 X118.52 Y121.289 E981.44468
G1 X117.5 Y121.421 E981.49257
G0 F9000 X117.465 Y121.684
G0 X118.573 Y121.486
G0 X119.56 Y121.078
G0 X120.421 Y120.421
G0 X120.793 Y119.932
G0 X121.319 Y119.136
G0 X120.891 Y118.959
G1 F1500 X118.959 Y120.892 E981.61983
G0 F9000 X118.149 Y121.136
G1 F1500 X121.135 Y118.15 E981.81647
G0 F9000 X121.22 Y117.499
G1 F1500 X117.499 Y121.22 E982.0615
G0 F9000 X116.998 Y121.156
G1 F1500 X121.155 Y116.999 E982.33525
G0 F9000 X121.084 Y116.504
G1 F1500 X116.501 Y121.086 E982.63701
G0 F9000 X116.101 Y120.922
G1 F1500 X120.92 Y116.103 E982.95435
G0 F9000 X120.754 Y115.702
G1 F1500 X115.7 Y120.756 E983.28717
G0 F9000 X115.367 Y120.524
G1 F1500 X120.522 Y115.369 E983.62663
G0 F9000 X120.277 Y115.048
G1 F1500 X115.048 Y120.277 E983.97097
G0 F9000 X114.759 Y120
G1 F1500 X120.001 Y114.758 E984.31616
G0 F9000 X119.681 Y114.513
G1 F1500 X114.514 Y119.68 E984.65642
G0 F9000 X114.268 Y119.36
G1 F1500 X119.361 Y114.267 E984.9918
G0 F9000 X118.962 Y114.101
G1 F1500 X114.102 Y118.961 E985.31184
G0 F9000 X113.935 Y118.561
G1 F1500 X118.561 Y113.935 E985.61647
G0 F9000 X118.082 Y113.849
G1 F1500 X113.848 Y118.083 E985.89529
G0 F9000 X113.783 Y117.582
G1 F1500 X117.581 Y113.785 E986.14536
G0 F9000 X116.958 Y113.842
G1 F1500 X113.842 Y116.958 E986.35055
G0 F9000 X114.029 Y116.205
G1 F1500 X116.205 Y114.029 E986.49385
G1 F1500 E979.99385
;MESH:NONMESH
G0 F300 X116.205 Y114.029 Z29.96
G0 F9000 X116.031 Y113.606
G0 X117.5 Y113.033
G0 X117.357 Y111.95
G0 X117.358 Y103.051
G0 X117.5 Y101.79
;TIME_ELAPSED:1433.859735
;LAYER:106
;TYPE:WALL-INNER
;MESH:yc1hingeDubel.stl(1)
G1 F1500 E986.49385
G1 X118.615 Y101.643 E986.54622
G1 X119.642 Y101.219 E986.59795
G1 X120.536 Y100.535 E986.65037
G1 X121.219 Y99.646 E986.70257
G1 X121.643 Y98.612 E986.75461
G1 X121.79 Y97.503 E986.8067
G1 X121.643 Y96.381 E986.85939
G1 X121.219 Y95.355 E986.91108
G1 X120.531 Y94.46 E986.96365
G1 X119.645 Y93.777 E987.01574
G1 X118.615 Y93.353 E987.06761
G1 X117.5 Y93.206 E987.11997
G1 X116.381 Y93.353 E987.17253
G1 X115.356 Y93.776 E987.22416
G1 X114.465 Y94.465 E987.27661
G1 X113.776 Y95.356 E987.32905
G1 X113.353 Y96.381 E987.38069
G1 X113.206 Y97.493 E987.43292
G1 X113.353 Y98.616 E987.48565
G1 X113.777 Y99.645 E987.53748
G1 X114.46 Y100.531 E987.58957
G1 X115.355 Y101.219 E987.64213
G1 X116.381 Y101.643 E987.69383
G1 X117.5 Y101.79 E987.74638
G0 F9000 X117.5 Y102.194
;TYPE:WALL-OUTER
G1 F1500 X118.719 Y102.033 E987.80363
G1 X119.843 Y101.569 E987.86026
G1 X120.821 Y100.821 E987.91759
G1 X121.569 Y99.847 E987.97477
G1 X122.033 Y98.716 E988.0317
G1 X122.194 Y97.503 E988.08867
G1 X122.033 Y96.277 E988.14625
G1 X121.569 Y95.153 E988.20288
G1 X120.817 Y94.175 E988.26032
G1 X119.847 Y93.427 E988.31736
G1 X118.719 Y92.963 E988.37415
G1 X117.5 Y92.802 E988.43141
G1 X116.277 Y92.963 E988.48885
G1 X115.154 Y93.427 E988.54543
G1 X114.179 Y94.179 E988.60276
G1 X113.427 Y95.154 E988.6601
G1 X112.963 Y96.277 E988.71668
G1 X112.802 Y97.493 E988.77379
G1 X112.963 Y98.72 E988.83142
G1 X113.427 Y99.847 E988.88817
G1 X114.175 Y100.817 E988.9452
G1 X115.153 Y101.569 E989.00265
G1 X116.277 Y102.033 E989.05927
G1 X117.5 Y102.194 E989.11671
G0 F9000 X117.499 Y101.422
;TYPE:SKIN
G1 F1500 X116.468 Y101.288 E989.16512
G1 X115.537 Y100.905 E989.212
G1 X114.719 Y100.277 E989.26002
G1 X114.091 Y99.463 E989.30789
G1 X113.703 Y98.52 E989.35537
G1 X113.57 Y97.493 E989.40359
G1 X113.703 Y96.473 E989.45149
G1 X114.091 Y95.538 E989.49863
G1 X114.723 Y94.723 E989.54665
G1 X115.538 Y94.087 E989.59479
G1 X116.472 Y93.703 E989.64181
G1 X117.499 Y93.57 E989.69003
G1 X118.523 Y93.703 E989.73812
G1 X119.459 Y94.091 E989.7853
G1 X120.277 Y94.719 E989.83332
G1 X120.901 Y95.533 E989.88107
G1 X121.289 Y96.472 E989.92838
G1 X121.422 Y97.499 E989.97661
G1 X121.289 Y98.516 E990.02436
G1 X120.901 Y99.463 E990.07202
G1 X120.273 Y100.281 E990.12004
G1 X119.459 Y100.901 E990.16768
G1 X118.52 Y101.289 E990.21499
G1 X117.499 Y101.422 E990.26294
G0 F9000 X117.464 Y101.684
G0 X116.082 Y101.41
G0 X116.258 Y100.985
G1 F1500 X114.008 Y98.734 E990.41114
G0 F9000 X113.837 Y97.998
G1 F1500 X116.994 Y101.154 E990.619
G0 F9000 X117.61 Y101.205
G1 F1500 X113.786 Y97.381 E990.87081
G0 F9000 X113.852 Y96.881
G1 F1500 X118.111 Y101.14 E991.15128
G0 F9000 X118.583 Y101.046
G1 F1500 X113.946 Y96.41 E991.4566
G0 F9000 X114.111 Y96.01
G1 F1500 X118.983 Y100.881 E991.77739
G0 F9000 X119.379 Y100.711
G1 F1500 X114.283 Y95.616 E992.11294
G0 F9000 X114.53 Y95.297
G1 F1500 X119.7 Y100.466 E992.45336
G0 F9000 X120.021 Y100.222
G1 F1500 X114.778 Y94.979 E992.79862
G0 F9000 X115.07 Y94.706
G1 F1500 X120.293 Y99.928 E993.14253
G0 F9000 X120.538 Y99.608
G1 F1500 X115.389 Y94.458 E993.48164
G0 F9000 X115.724 Y94.228
G1 F1500 X120.765 Y99.269 E993.8136
G0 F9000 X120.929 Y98.868
G1 F1500 X116.125 Y94.063 E994.12998
G0 F9000 X116.526 Y93.898
G1 F1500 X121.093 Y98.466 E994.43076
G0 F9000 X121.159 Y97.966
G1 F1500 X117.026 Y93.833 E994.70292
G0 F9000 X117.535 Y93.777
G1 F1500 X121.215 Y97.456 E994.94522
G0 F9000 X121.131 Y96.806
G1 F1500 X118.186 Y93.861 E995.13916
G0 F9000 X119.013 Y94.123
G1 F1500 X120.869 Y95.979 E995.26138
G1 F1500 E988.76138
;MESH:yc1hingeDubel.stl
G0 F9000 X121.296 Y95.803
G0 X121.486 Y96.423
G0 X121.628 Y97.503
G0 X121.486 Y98.57
G0 X121.119 Y99.465
G0 X119.735 Y101.368
G0 X120.154 Y102.378
G0 X118.323 Y112.038
G0 X117.5 Y121.79
;TYPE:WALL-INNER
G1 F1500 E995.26138
G1 X118.615 Y121.643 E995.31375
G1 X119.642 Y121.219 E995.36548
G1 X120.536 Y120.535 E995.4179
G1 X121.219 Y119.646 E995.4701
G1 X121.643 Y118.612 E995.52214
G1 X121.79 Y117.503 E995.57423
G1 X121.643 Y116.381 E995.62692
G1 X121.219 Y115.355 E995.67861
G1 X120.531 Y114.46 E995.73118
G1 X119.645 Y113.777 E995.78327
G1 X118.615 Y113.353 E995.83514
G1 X117.5 Y113.206 E995.88751
G1 X116.381 Y113.353 E995.94006
G1 X115.356 Y113.776 E995.99169
G1 X114.465 Y114.465 E996.04414
G1 X113.776 Y115.356 E996.09658
G1 X113.353 Y116.381 E996.14822
G1 X113.206 Y117.493 E996.20045
G1 X113.353 Y118.616 E996.25318
G1 X113.777 Y119.645 E996.30501
G1 X114.46 Y120.531 E996.3571
G1 X115.355 Y121.219 E996.40966
G1 X116.381 Y121.643 E996.46136
G1 X117.5 Y121.79 E996.51391
G0 F9000 X117.5 Y122.194
;TYPE:WALL-OUTER
G1 F1500 X118.719 Y122.033 E996.57116
G1 X119.843 Y121.569 E996.62779
G1 X120.821 Y120.821 E996.68512
G1 X121.569 Y119.847 E996.7423
G1 X122.033 Y118.716 E996.79923
G1 X122.194 Y117.503 E996.85621
G1 X122.033 Y116.277 E996.91378
G1 X121.569 Y115.153 E996.97041
G1 X120.817 Y114.175 E997.02785
G1 X119.847 Y113.427 E997.08489
G1 X118.719 Y112.963 E997.14168
G1 X117.5 Y112.802 E997.19894
G1 X116.277 Y112.963 E997.25638
G1 X115.154 Y113.427 E997.31296
G1 X114.179 Y114.179 E997.37029
G1 X113.427 Y115.154 E997.42763
G1 X112.963 Y116.277 E997.48421
G1 X112.802 Y117.493 E997.54132
G1 X112.963 Y118.72 E997.59895
G1 X113.427 Y119.847 E997.6557
G1 X114.175 Y120.817 E997.71273
G1 X115.153 Y121.569 E997.77018
G1 X116.277 Y122.033 E997.8268
G1 X117.5 Y122.194 E997.88424
G0 F9000 X117.499 Y121.422
;TYPE:SKIN
G1 F1500 X116.468 Y121.288 E997.93265
G1 X115.537 Y120.905 E997.97953
G1 X114.719 Y120.277 E998.02755
G1 X114.091 Y119.463 E998.07542
G1 X113.703 Y118.52 E998.1229
G1 X113.57 Y117.493 E998.17112
G1 X113.703 Y116.473 E998.21902
G1 X114.091 Y115.538 E998.26616
G1 X114.723 Y114.723 E998.31418
G1 X115.538 Y114.087 E998.36232
G1 X116.472 Y113.703 E998.40934
G1 X117.499 Y113.57 E998.45756
G1 X118.523 Y113.703 E998.50565
G1 X119.459 Y114.091 E998.55283
G1 X120.277 Y114.719 E998.60085
G1 X120.901 Y115.533 E998.64861
G1 X121.289 Y116.472 E998.69591
G1 X121.422 Y117.499 E998.74414
G1 X121.289 Y118.516 E998.79189
G1 X120.901 Y119.463 E998.83955
G1 X120.273 Y120.281 E998.88757
G1 X119.459 Y120.901 E998.93521
G1 X118.52 Y121.289 E998.98252
G1 X117.499 Y121.422 E999.03047
G0 F9000 X117.464 Y121.684
G0 X116.423 Y121.486
G0 X115.437 Y121.078
G0 X114.661 Y120.483
G0 X113.837 Y119.529
G0 X114.263 Y119.354
G1 F1500 X115.64 Y120.731 E999.12115
G0 F9000 X115.464 Y121.155
G0 X116.514 Y121.559
G0 X116.575 Y121.101
G1 F1500 X113.892 Y118.417 E999.29786
G0 F9000 X113.807 Y117.767
G1 F1500 X117.224 Y121.184 E999.52287
G0 F9000 X117.788 Y121.182
G1 F1500 X113.81 Y117.204 E999.78483
G0 F9000 X113.875 Y116.703
G1 F1500 X118.288 Y121.117 E1000.07547
G0 F9000 X118.725 Y120.987
G1 F1500 X114.005 Y116.267 E1000.38629
G0 F9000 X114.17 Y115.867
G1 F1500 X119.126 Y120.823 E1000.71265
G0 F9000 X119.493 Y120.624
G1 F1500 X114.371 Y115.502 E1001.04994
G0 F9000 X114.618 Y115.183
G1 F1500 X119.814 Y120.379 E1001.39211
G0 F9000 X120.135 Y120.135
G1 F1500 X114.865 Y114.865 E1001.73915
G0 F9000 X115.183 Y114.618
G1 F1500 X120.38 Y119.814 E1002.08134
G0 F9000 X120.625 Y119.494
G1 F1500 X115.502 Y114.37 E1002.41874
G0 F9000 X115.867 Y114.169
G1 F1500 X120.823 Y119.126 E1002.74513
G0 F9000 X120.987 Y118.725
G1 F1500 X116.267 Y114.004 E1003.05598
G0 F9000 X116.704 Y113.875
G1 F1500 X121.117 Y118.289 E1003.34662
G0 F9000 X121.183 Y117.788
G1 F1500 X117.204 Y113.81 E1003.60861
G0 F9000 X117.767 Y113.807
G1 F1500 X121.185 Y117.225 E1003.83369
G0 F9000 X121.101 Y116.575
G1 F1500 X118.416 Y113.891 E1004.01047
G0 F9000 X118.476 Y113.436
G0 X119.532 Y113.84
G0 X119.356 Y114.265
G1 F1500 X120.728 Y115.637 E1004.10082
;TIME_ELAPSED:1454.251819
G1 F1500 E997.60082
M140 S0
M107
G91 ;Relative positioning
G1 E-2 F2700 ;Retract a bit
G1 E-2 Z0.2 F2400 ;Retract and raise Z
G1 X5 Y5 F3000 ;Wipe out
G1 Z10 ;Raise Z more
G90 ;Absolute positioning

G1 X0 Y235 ;Present print
M106 S0 ;Turn-off fan
M104 S0 ;Turn-off hotend
M140 S0 ;Turn-off bed

M84 X Y E ;Disable all steppers but Z

M82 ;absolute extrusion mode
M104 S0
;End of Gcode
;SETTING_3 {"global_quality": "[general]\\nversion = 4\\nname = Low Quality #2\\
;SETTING_3 ndefinition = creality_base\\n\\n[metadata]\\ntype = quality_changes\
;SETTING_3 \nquality_type = low\\nsetting_version = 24\\n\\n[values]\\n\\n", "ex
;SETTING_3 truder_quality": ["[general]\\nversion = 4\\nname = Low Quality #2\\n
;SETTING_3 definition = creality_cr6se\\n\\n[metadata]\\ntype = quality_changes\
;SETTING_3 \nquality_type = low\\nsetting_version = 24\\nposition = 0\\n\\n[valu
;SETTING_3 es]\\ninfill_pattern = cross_3d\\nmaterial_print_temperature = 220\\n
;SETTING_3 \\n"]}
